timestamp,open,high,low,close,volume,close_time,quote_volume,trades,taker_buy_base,taker_buy_quote,ignore,date,rsi,rolling_mean,rolling_std,zscore,return,log_return
2020-02-10,25.07,25.907,24.031,25.189,1405091.86,2020-02-10 23:59:59.999,35276132.05283,37889,681570.43,17124784.72072,0,2020-02-10,,,,,,
2020-02-11,25.19,25.864,24.25,25.705,1783061.99,2020-02-11 23:59:59.999,44622788.1933,48228,839241.36,21013932.47279,0,2020-02-11,,,,,0.02048513239906291,0.020278134223920476
2020-02-12,25.705,26.98,25.347,26.451,1311285.47,2020-02-12 23:59:59.999,33885164.31231,43964,594070.81,15360037.39104,0,2020-02-12,,,,,0.029021591130130364,0.028608439265531742
2020-02-13,26.452,27.397,24.58,25.456,1451755.42,2020-02-13 23:59:59.999,37507469.18219,53369,632990.22,16354203.04796,0,2020-02-13,,,,,-0.03761672526558546,-0.038342493177568666
2020-02-14,25.455,26.697,25.043,26.384,1271237.03,2020-02-14 23:59:59.999,32817983.42742,48905,578046.04,14918441.97979,0,2020-02-14,,,,,0.036455059710873705,0.03580629422181207
2020-02-15,26.373,26.6,23.25,24.239,1601280.92,2020-02-15 23:59:59.999,40571935.40173,45517,670389.14,16994292.50519,0,2020-02-15,,,,,-0.08129927228623401,-0.08479485959251669
2020-02-16,24.225,25.302,21.78,23.389,1775025.82,2020-02-16 23:59:59.999,42055798.35577,59544,762628.69,18085622.29304,0,2020-02-16,,,,,-0.035067453277775495,-0.03569707985596942
2020-02-17,23.355,23.623,21.519,23.452,2036473.78,2020-02-17 23:59:59.999,45872599.54061,73281,937048.6,21101331.18952,0,2020-02-17,,,,,0.00269357390226177,0.0026899527332117554
2020-02-18,23.462,24.519,22.726,24.094,1293664.26,2020-02-18 23:59:59.999,30546919.66474,46710,587059.35,13875199.31518,0,2020-02-18,,,,,0.02737506396042977,0.027007067742692285
2020-02-19,24.107,24.392,21.391,22.367,1411342.31,2020-02-19 23:59:59.999,33379978.3509,44960,595106.2,14115267.03162,0,2020-02-19,,,,,-0.07167759608201207,-0.07437618851652782
2020-02-20,22.362,22.723,21.0,22.191,1244980.04,2020-02-20 23:59:59.999,27328018.75877,45338,556666.52,12222099.67247,0,2020-02-20,,,,,-0.007868735190235676,-0.007899857054292877
2020-02-21,22.172,22.933,21.815,22.209,972969.37,2020-02-21 23:59:59.999,21692224.8129,36824,432694.95,9649135.66125,0,2020-02-21,,,,,0.0008111396512100466,0.0008108108552307881
2020-02-22,22.221,22.374,21.51,22.008,736112.42,2020-02-22 23:59:59.999,16187652.61082,29566,304459.08,6695899.64154,0,2020-02-22,,,,,-0.00905038497906252,-0.00909158850679755
2020-02-23,22.007,22.997,21.977,22.868,1007250.63,2020-02-23 23:59:59.999,22824378.55776,32434,478787.67,10848458.91429,0,2020-02-23,38.23857302118172,,,,0.039076699382042834,0.03833252977945138
2020-02-24,22.871,23.288,21.512,22.11,1270055.15,2020-02-24 23:59:59.999,28491561.8528,47389,564632.63,12662112.22312,0,2020-02-24,35.51058823529412,,,,-0.033146755291236674,-0.03370855853236994
2020-02-25,22.111,22.13,20.139,20.34,1444417.18,2020-02-25 23:59:59.999,30267705.10421,52447,639582.8,13396734.67417,0,2020-02-25,27.41813283946462,,,,-0.0800542740841248,-0.083440604248941
2020-02-26,20.345,20.547,17.87,18.729,2294044.51,2020-02-26 23:59:59.999,43683100.68405,69449,1030505.18,19630803.24996,0,2020-02-26,19.703389830508485,,,,-0.07920353982300887,-0.08251626587269716
2020-02-27,18.723,19.635,17.701,19.154,1684886.46,2020-02-27 23:59:59.999,31740165.79434,49213,813093.13,15317946.33747,0,2020-02-27,24.116970593067222,,,,0.02269208179828075,0.022438446351710818
2020-02-28,19.15,19.755,17.92,19.001,1718113.47,2020-02-28 23:59:59.999,32323414.26489,57972,804471.18,15151212.5217,0,2020-02-28,17.615580314062655,,,,-0.0079878876474887,-0.008019961739032615
2020-02-29,19.001,20.3,18.802,19.257,1734548.17,2020-02-29 23:59:59.999,33787883.5182,52757,815330.79,15899056.05056,0,2020-02-29,23.806519453207173,22.72965,2.478460733579357,-1.4011317399347487,0.013472975106573415,0.013383021637355996
2020-03-01,19.25,19.913,18.5,18.9,2131016.51,2020-03-01 23:59:59.999,41112605.97457,56560,1036487.16,20001973.34254,0,2020-03-01,25.108129089497638,22.4152,2.5479901801017055,-1.3795971536513878,-0.01853871319520184,-0.018712708932154196
2020-03-02,18.909,20.051,18.768,19.9,1782168.95,2020-03-02 23:59:59.999,34843412.66647,44847,849233.9,16601746.89022,0,2020-03-02,32.15792646172393,22.12495,2.4833272560269406,-0.8959552127493994,0.05291005291005302,0.051557809664850116
2020-03-03,19.901,20.382,19.33,19.685,1607025.05,2020-03-03 23:59:59.999,31699204.00933,36819,760733.49,15006358.04405,0,2020-03-03,26.86050173191981,21.78665,2.318360134482533,-0.90652438710481,-0.01080402010050252,-0.010862807334745877
2020-03-04,19.684,20.273,19.54,19.969,1399024.21,2020-03-04 23:59:59.999,27811026.36718,32258,693311.58,13782380.12401,0,2020-03-04,35.168233547748656,21.5123,2.181928700171375,-0.7073100050788933,0.014427228854457796,0.014324146665553778
2020-03-05,19.969,21.472,19.965,20.754,1955491.71,2020-03-05 23:59:59.999,40873522.86982,37755,940013.61,19648378.4439,0,2020-03-05,41.734729092373186,21.2308,1.859713577267652,-0.2563835667105933,0.03931093194451396,0.0385579281218321
2020-03-06,20.75,21.77,20.692,21.379,1659669.26,2020-03-06 23:59:59.999,35201703.50768,32558,816250.33,17310788.42564,0,2020-03-06,45.53763440860216,21.0878,1.7210136731466883,0.16920260689595337,0.030114676688831166,0.029670132635184362
2020-03-07,21.379,21.5,19.778,20.269,1393981.18,2020-03-07 23:59:59.999,28857996.7731,31417,621434.35,12878819.46475,0,2020-03-07,41.4830051914977,20.931800000000003,1.6409891946146584,-0.40390272049027404,-0.051920108517704455,-0.05331650656244369
2020-03-08,20.27,20.27,16.715,16.897,2287497.85,2020-03-08 23:59:59.999,42527247.2372,47757,1000422.85,18597404.4368,0,2020-03-08,26.530933102743504,20.60405,1.7613372155388252,-2.1046793125676095,-0.1663624253786571,-0.18195653387731475
2020-03-09,16.886,17.465,15.628,16.589,3446761.01,2020-03-09 23:59:59.999,57190727.58453,72988,1662683.21,27601614.94002,0,2020-03-09,27.503870915165848,20.2288,1.778060611127207,-2.0470618252392074,-0.0182280878262413,-0.018396266268374654
2020-03-10,16.603,17.45,16.289,16.85,2417921.41,2020-03-10 23:59:59.999,40766807.88556,50127,1156257.07,19500495.75619,0,2020-03-10,33.785541720869745,19.952949999999998,1.855163731602302,-1.6726016939324182,0.015733317258424417,0.01561083168823289
2020-03-11,16.868,17.129,15.423,16.591,2157510.13,2020-03-11 23:59:59.999,35400178.71604,45059,1058843.11,17381777.7502,0,2020-03-11,38.63974495217856,19.672949999999997,1.9210312053959986,-1.6043206332843962,-0.015370919881305678,-0.01549027713715247
2020-03-12,16.591,16.628,8.873,9.277,8451829.08,2020-03-12 23:59:59.999,103182679.1723,152925,3823338.32,46764754.39734,0,2020-03-12,19.70059512853551,19.02635,2.9325689523907608,-3.324508360511659,-0.44084142004701354,-0.581322160990084
2020-03-13,9.23,11.708,6.236,10.958,11581062.71,2020-03-13 23:59:59.999,112147222.21236,255894,5833180.2,56592849.3824,0,2020-03-13,27.44152128793405,18.47385,3.35215690618505,-2.2420937355684445,0.1812008192303547,0.16653156444508957
2020-03-14,10.952,11.3,9.875,10.135,2772315.36,2020-03-14 23:59:59.999,29727288.25,65102,1383116.94,14851734.43188,0,2020-03-14,25.20387082744375,17.8372,3.6679519826966556,-2.099863912159883,-0.07510494615805807,-0.07807500321226066
2020-03-15,10.14,11.329,9.971,10.393,2073135.23,2020-03-15 23:59:59.999,21690406.84644,53543,1046374.73,10968188.56521,0,2020-03-15,26.750478272752133,17.25135,3.8792189430212147,-1.7679718780344416,0.025456339417859075,0.02513772270232142
2020-03-16,10.388,10.404,8.38,9.422,4585965.54,2020-03-16 23:59:59.999,42760749.88319,204744,2371466.17,22091783.15698,0,2020-03-16,21.31829628818572,16.70545,4.178373386290775,-1.743130478452923,-0.0934282690272299,-0.09808512232843528
2020-03-17,9.432,10.531,9.326,10.241,2676624.01,2020-03-17 23:59:59.999,27015207.48242,185021,1310598.91,13239521.9557,0,2020-03-17,24.976152623211462,16.28105,4.387838041858293,-1.3765435146831397,0.08692421991084687,0.08335189081545112
2020-03-18,10.237,10.425,9.658,10.392,2128780.82,2020-03-18 23:59:59.999,21568437.4919,171060,1085066.0,11000469.69021,0,2020-03-18,24.443614239205857,15.842950000000002,4.521281647299845,-1.2056205353310305,0.014744653842398092,0.014637008274997743
2020-03-19,10.393,12.699,10.245,12.267,2968162.77,2020-03-19 23:59:59.999,33507998.67024,179687,1554659.72,17536374.20195,0,2020-03-19,28.597367226509306,15.50625,4.524463142040619,-0.7159412947585725,0.18042725173210172,0.16587645068231663
2020-03-20,12.263,13.697,10.307,11.911,3028060.57,2020-03-20 23:59:59.999,37441881.80195,188471,1371506.04,17008103.68306,0,2020-03-20,25.795071070661635,15.13895,4.502070160960442,-0.7169923800812936,-0.02902095051764897,-0.029450387151851064
2020-03-21,11.912,12.439,11.272,12.101,2299755.97,2020-03-21 23:59:59.999,27346669.20401,189455,1158133.83,13778157.15601,0,2020-03-21,28.08777765854707,14.799000000000001,4.459622370135209,-0.6049839596436953,0.015951641339937872,0.015825750917151576
2020-03-22,12.105,12.483,11.02,11.16,2451920.35,2020-03-22 23:59:59.999,29051868.2806,185240,1196679.25,14166834.79128,0,2020-03-22,32.300857654100085,14.362,4.360583869645254,-0.7343053351845041,-0.0777621684158335,-0.08095213686275067
2020-03-23,11.159,12.52,10.765,12.172,2267239.39,2020-03-23 23:59:59.999,26327178.14176,185829,1192538.18,13824211.06412,0,2020-03-23,36.9404529596121,13.986350000000002,4.198487538137344,-0.4321437144969915,0.09068100358422937,0.08680227508155974
2020-03-24,12.174,12.575,11.906,12.404,1739021.07,2020-03-24 23:59:59.999,21313506.46383,165775,947791.57,11620970.21904,0,2020-03-24,36.83212889468073,13.608100000000002,3.965435688546699,-0.3036488533852116,0.019060138021689044,0.01888076920347779
2020-03-25,12.4,12.708,11.96,12.304,1748919.99,2020-03-25 23:59:59.999,21495480.73864,152854,916452.84,11262498.66813,0,2020-03-25,37.1823237457394,13.185599999999999,3.5970425629953042,-0.24509023303462915,-0.00806191551112545,-0.008094588474914358
2020-03-26,12.307,13.267,12.1,13.202,1089249.85,2020-03-26 23:59:59.999,13625239.21797,96923,583687.47,7314206.41729,0,2020-03-26,69.040457941205,12.77675,3.0380125753351575,0.1399763791145881,0.07298439531859557,0.07044392050329089
2020-03-27,13.201,13.386,12.039,12.317,1496285.83,2020-03-27 23:59:59.999,19357036.04925,104808,720061.84,9320180.48905,0,2020-03-27,57.144359163074334,12.379150000000001,2.473828617537436,-0.025123001472053392,-0.06703529768216931,-0.06938791130723178
2020-03-28,12.3,12.348,11.61,12.175,1325113.38,2020-03-28 23:59:59.999,16002677.22643,96726,679393.07,8209128.8231,0,2020-03-28,61.551528878822204,12.143049999999999,2.2336255275601213,0.014304098697735688,-0.011528781359097184,-0.011595752990693731
2020-03-29,12.177,12.228,11.26,11.267,962357.57,2020-03-29 23:59:59.999,11280805.72999,77610,449916.88,5276244.06379,0,2020-03-29,54.609704641350206,11.876949999999999,1.9785346112450357,-0.30828371489350664,-0.07457905544147858,-0.07750656978662478
2020-03-30,11.273,12.424,11.225,12.123,1233496.79,2020-03-30 23:59:59.999,14732997.93602,98416,674275.11,8051573.88262,0,2020-03-30,64.42071542979177,11.640600000000001,1.5991687445932696,0.30165672111274994,0.07597408360699376,0.07322637558241735
2020-03-31,12.128,12.75,12.1,12.536,1326495.93,2020-03-31 23:59:59.999,16573287.8825,92230,710069.54,8871979.4767,0,2020-03-31,62.808349146110054,11.437850000000001,1.1253678357716084,0.9758142760913832,0.03406747504743057,0.03350003028927345
2020-04-01,12.539,12.748,11.96,12.706,1409144.95,2020-04-01 23:59:59.999,17358637.97804,92301,736770.09,9075749.76666,0,2020-04-01,62.887057251058145,11.609300000000001,1.0365334990904271,1.0580458817417557,0.013560944479897863,0.01346981779062177
2020-04-02,12.706,13.755,12.5,13.008,1867018.75,2020-04-02 23:59:59.999,24245784.22024,111168,987908.71,12831542.13883,0,2020-04-02,55.0033760972316,11.7118,1.0695714144114545,1.2118872873142834,0.023768298441681157,0.023490229961113333
2020-04-03,13.015,13.578,12.912,13.359,1364218.69,2020-04-03 23:59:59.999,18072583.66141,96950,690798.08,9154564.87073,0,2020-04-03,59.78378378378378,11.873,1.0623444282389456,1.3987930472449046,0.026983394833948404,0.026625762202220304
2020-04-04,13.361,14.051,13.136,13.781,2264887.58,2020-04-04 23:59:59.999,30979831.27916,118386,1141046.65,15610343.27271,0,2020-04-04,61.0062893081761,12.042399999999999,1.0838303129956415,1.604125645087944,0.03158919080769529,0.03110051688533288
2020-04-05,13.776,13.969,13.411,13.699,1172217.67,2020-04-05 23:59:59.999,16072572.59323,82489,555958.18,7623254.29019,0,2020-04-05,68.74354052856931,12.25625,0.9537258171038148,1.512751331804363,-0.005950221319207638,-0.00596799442375535
2020-04-06,13.696,15.232,13.639,15.189,1945463.95,2020-04-06 23:59:59.999,27936637.4641,107697,973590.54,13988876.3789,0,2020-04-06,70.80402703075437,12.50365,1.0412017487397742,2.5790871012752636,0.1087670632892912,0.10324864418662934
2020-04-07,15.189,15.512,14.25,14.725,2241051.33,2020-04-07 23:59:59.999,33545982.63596,120340,977221.29,14634462.34128,0,2020-04-07,65.50848590137645,12.7203,1.0294225821456409,1.9474023931178714,-0.030548423201000707,-0.031024752118231393
2020-04-08,14.728,15.377,14.567,15.098,1491320.55,2020-04-08 23:59:59.999,22397653.40256,106859,748330.23,11240880.25904,0,2020-04-08,68.01186178442495,12.86185,1.15124085344093,1.9423824244217867,0.025331069609507706,0.025015555179782763
2020-04-09,15.102,15.218,14.611,15.013,1257983.36,2020-04-09 23:59:59.999,18891449.78728,103792,607440.99,9125829.47685,0,2020-04-09,63.0419127178453,13.01695,1.2231100339965253,1.63194638627719,-0.005629884752947456,-0.005645792287265262
2020-04-10,15.012,15.082,13.455,13.708,1903505.01,2020-04-10 23:59:59.999,26776139.88945,123327,895927.17,12589671.43895,0,2020-04-10,59.44587803884286,13.0973,1.2125099717440562,0.5036659608840807,-0.08692466529008192,-0.09093688841780548
2020-04-11,13.708,14.09,13.519,13.804,1163328.91,2020-04-11 23:59:59.999,16101132.66501,97906,529494.58,7334008.73881,0,2020-04-11,61.131611316113144,13.229499999999998,1.1316077291320543,0.5076847614328731,0.007003209804493649,0.006978801223394503
2020-04-12,13.812,14.846,13.639,14.287,1590489.3,2020-04-12 23:59:59.999,22778957.8927,106132,791690.7,11330986.01752,0,2020-04-12,71.90946024376088,13.335249999999998,1.1263944282064626,0.8449526881231617,0.03498985801217036,0.03439162764726404
2020-04-13,14.282,15.075,13.5,15.0,4021749.59,2020-04-13 23:59:59.999,57953460.48156,175872,1949692.18,28157795.27567,0,2020-04-13,71.31426878056007,13.46505,1.1624323172146807,1.3204639764987902,0.049905508504234586,0.04870016821918899
2020-04-14,15.001,15.954,14.763,15.593,4569526.7,2020-04-14 23:59:59.999,70685920.91092,164826,2306264.86,35687349.1563,0,2020-04-14,72.0594602395728,13.629500000000002,1.2207199558154795,1.6084770226340062,0.03953333333333342,0.03877189450053842
2020-04-15,15.589,15.811,14.467,14.544,2880471.05,2020-04-15 23:59:59.999,43931002.14745,128928,1322045.43,20190791.1282,0,2020-04-15,61.76997950819672,13.6966,1.232807937403936,0.6873739000938516,-0.0672737766946706,-0.0696435581676253
2020-04-16,14.544,15.767,14.069,15.737,3098334.13,2020-04-16 23:59:59.999,46939671.6967,153206,1517010.4,22987237.70048,0,2020-04-16,65.68571100126451,13.867600000000001,1.268061280272428,1.4742189743372498,0.0820269526952695,0.0788360901836043
2020-04-17,15.739,15.92,15.139,15.61,2188537.87,2020-04-17 23:59:59.999,34126606.20656,123751,1087716.47,16967364.36351,0,2020-04-17,63.28023598820058,14.039349999999999,1.2593379745764683,1.247202920668084,-0.008070153142276215,-0.008102893091386705
2020-04-18,15.61,16.823,15.6,16.58,2281422.62,2020-04-18 23:59:59.999,36848836.92032,119970,1190995.34,19244337.2223,0,2020-04-18,65.51036240718163,14.305000000000001,1.2028538433329667,1.8913353543405065,0.062139654067905115,0.06028541517980815
2020-04-19,16.579,16.669,15.77,16.035,1830505.32,2020-04-19 23:59:59.999,29643710.95509,123144,855453.33,13853065.18643,0,2020-04-19,62.31288214210416,14.5006,1.1460889742257987,1.3388140314642774,-0.03287092882991549,-0.033423316562030604
2020-04-20,16.03,16.456,14.775,14.928,2594135.67,2020-04-20 23:59:59.999,40625517.83062,146059,1280424.27,20065545.01179,0,2020-04-20,48.56640667911678,14.6202,1.0511600909670915,0.2928193361268284,-0.06903648269410656,-0.07153518904013013
2020-04-21,14.924,15.422,14.666,15.113,2440212.54,2020-04-21 23:59:59.999,36799224.32379,138692,1220952.17,18419750.25977,0,2020-04-21,52.19854941069809,14.740549999999999,0.9537411364007519,0.39051476945364877,0.012392818863879773,0.012316656482995413
2020-04-22,15.103,15.823,14.913,15.697,1604788.72,2020-04-22 23:59:59.999,24765776.58051,96241,809879.16,12501499.26257,0,2020-04-22,53.31488655229661,14.875,0.8836036263058753,0.930281379034822,0.038642228544961243,0.03791431070508625
2020-04-23,15.697,16.463,15.379,16.049,2065896.92,2020-04-23 23:59:59.999,32825762.38781,120185,1033088.53,16416395.31415,0,2020-04-23,55.56869490432165,15.0095,0.8445667528383066,1.2308085731608405,0.022424667133847276,0.022176931045949273
2020-04-24,16.055,16.269,15.658,15.93,1552796.52,2020-04-24 23:59:59.999,24871460.70848,99064,704591.3,11283869.59191,0,2020-04-24,63.68900936421883,15.11695,0.8162741074056526,0.996050214779078,-0.007414792198890852,-0.0074424184170619355
2020-04-25,15.923,16.449,15.74,16.233,1260384.21,2020-04-25 23:59:59.999,20363758.84563,91941,622992.24,10070681.27574,0,2020-04-25,64.59209419680406,15.243650000000002,0.7804753123307222,1.2676249772020547,0.019020715630885254,0.01884208340675088
2020-04-26,16.235,16.43,15.952,16.347,1213378.93,2020-04-26 23:59:59.999,19709369.76134,95361,584193.61,9491522.38109,0,2020-04-26,62.949459391501144,15.30155,0.8182471300220479,1.2776702314517507,0.007022731472925647,0.006998186940363202
2020-04-27,16.348,16.567,16.043,16.414,1340597.08,2020-04-27 23:59:59.999,21847468.91659,100232,699421.82,11404472.79607,0,2020-04-27,59.67432950191573,15.386,0.8424131377991961,1.2203038555234926,0.004098611365999982,0.00409023493844903
2020-04-28,16.402,16.465,16.14,16.335,1016776.69,2020-04-28 23:59:59.999,16581599.91329,84266,496246.43,8094397.34539,0,2020-04-28,55.46070061819253,15.447849999999999,0.8652558657170379,1.0253036531163187,-0.004812964542463827,-0.004824584154486501
2020-04-29,16.335,17.495,16.294,17.333,2061367.45,2020-04-29 23:59:59.999,34824416.46856,115966,1083345.68,18290111.3266,0,2020-04-29,70.68070591724752,15.563849999999999,0.9547736725472276,1.8529522240387177,0.06109580655035196,0.05930215390613976
2020-04-30,17.327,18.137,16.32,16.928,3117440.2,2020-04-30 23:59:59.999,53689140.53733,162944,1475521.5,25412956.216,0,2020-04-30,60.000000000000014,15.72485,0.894973347147898,1.3443417101014243,-0.02336583395834524,-0.023643143283284287
2020-05-01,16.916,17.856,16.909,17.44,1970326.21,2020-05-01 23:59:59.999,34353980.33841,134438,997000.92,17378063.8089,0,2020-05-01,64.43217665615146,15.906649999999999,0.8525385791547614,1.7985696336700947,0.030245746691871522,0.029797362804944758
2020-05-02,17.439,17.568,17.248,17.52,952641.13,2020-05-02 23:59:59.999,16595670.04502,89672,463313.45,8072454.8718,0,2020-05-02,58.62385321100919,16.0683,0.8356099631563569,1.737293790175119,0.004587155963302614,0.004576667027411673
2020-05-03,17.519,17.799,16.771,17.083,1213703.65,2020-05-03 23:59:59.999,20952409.99031,104496,578657.42,9989938.24721,0,2020-05-03,59.80906027704978,16.17245,0.8251967213623798,1.1034338557437566,-0.0249429223744293,-0.025259268543324897
2020-05-04,17.081,17.267,16.25,17.003,1525917.37,2020-05-04 23:59:59.999,25582993.11111,120891,725164.14,12158040.32205,0,2020-05-04,74.04403244495947,16.24295,0.8332778948225215,0.9121206799346111,-0.0046830182052332026,-0.00469401788957174
2020-05-05,16.998,17.294,16.585,16.85,1147397.72,2020-05-05 23:59:59.999,19416037.17006,110941,570260.92,9654459.82848,0,2020-05-05,70.27784263366804,16.35825,0.7401595045023182,0.6643838213367961,-0.008998412044933124,-0.009039142276977895
2020-05-06,16.852,17.139,16.35,16.391,1058713.8,2020-05-06 23:59:59.999,17842637.99182,106001,511355.53,8623664.68308,0,2020-05-06,58.34535834535834,16.390949999999997,0.7255713157301497,6.891121371211364e-05,-0.02724035608308628,-0.027618253091147935
2020-05-07,16.388,17.242,16.024,16.997,1291777.28,2020-05-07 23:59:59.999,21583026.78887,123423,620889.11,10379191.89243,0,2020-05-07,60.743427017225756,16.4603,0.7131784378473457,0.7525465879478527,0.036971508754804594,0.036304454187991504
2020-05-08,16.999,17.4,16.817,17.145,1168733.8,2020-05-08 23:59:59.999,19994367.23245,89902,577936.14,9884798.9305,0,2020-05-08,63.679351497410494,16.488549999999996,0.729180179523813,0.9002576022138918,0.00870741895628635,0.008669728019669204
2020-05-09,17.145,17.495,16.754,16.766,1096794.81,2020-05-09 23:59:59.999,18843001.62145,73859,484181.79,8321396.84874,0,2020-05-09,55.8999335842373,16.525100000000002,0.7235484125219346,0.33294247604018257,-0.022105570137066266,-0.022353559699218106
2020-05-10,16.763,16.795,13.63,15.309,2530265.21,2020-05-10 23:59:59.999,38225172.91294,150942,1168670.68,17613330.8909,0,2020-05-10,41.1433447098976,16.544150000000002,0.6831751162575656,-1.8079551942204166,-0.08690206370034592,-0.09091213546572152
2020-05-11,15.306,15.522,14.014,15.073,1827284.58,2020-05-11 23:59:59.999,27273093.98087,141927,945035.12,14110458.28634,0,2020-05-11,38.878752695306005,16.54215,0.6876293581649785,-2.136543448232929,-0.015415768502188176,-0.015535826921551841
2020-05-12,15.085,16.22,14.966,15.756,1966025.46,2020-05-12 23:59:59.999,30851254.02452,119383,986008.02,15476941.48528,0,2020-05-12,45.63545906829488,16.5451,0.6839293515375625,-1.1537741408904316,0.04531281098653217,0.044316181280267236
2020-05-13,15.756,16.361,15.627,16.177,1107585.56,2020-05-13 23:59:59.999,17737836.91274,88014,546811.85,8761754.43333,0,2020-05-13,40.455746367239115,16.551499999999997,0.6796280329398932,-0.5510367169229446,0.02671997969027662,0.026369235238897434
2020-05-14,16.182,16.693,15.976,16.361,1152546.06,2020-05-14 23:59:59.999,18796855.06859,94333,555573.74,9062724.66177,0,2020-05-14,45.1413881748072,16.57305,0.6655718139115703,-0.31859822722025816,0.011374173208876792,0.011309973653382528
2020-05-15,16.368,16.451,15.542,15.71,1105577.41,2020-05-15 23:59:59.999,17723046.15571,96406,546100.86,8755979.1279,0,2020-05-15,35.52058921995312,16.5469,0.689480193219471,-1.2138129684221448,-0.03978974390318435,-0.04060300173340967
2020-05-16,15.707,16.228,15.577,16.059,738007.81,2020-05-16 23:59:59.999,11825638.75723,74577,345223.95,5532046.6413,0,2020-05-16,38.29889476213359,16.5325,0.6968430692471214,-0.6794930177200063,0.022215149586250815,0.021971987811824155
2020-05-17,16.06,16.522,16.004,16.293,704263.0,2020-05-17 23:59:59.999,11491021.13548,62079,343121.01,5598872.28741,0,2020-05-17,43.46026490066226,16.52645,0.6984494462358904,-0.3342403680869369,0.014571268447599373,0.014466127641463888
2020-05-18,16.294,16.872,16.235,16.638,791209.22,2020-05-18 23:59:59.999,13100507.64018,72961,397413.51,6580851.63526,0,2020-05-18,47.105471847739906,16.5416,0.697363485980447,0.1382349405123652,0.021174737617381867,0.020953668140878238
2020-05-19,16.64,17.25,16.302,17.215,1083398.38,2020-05-19 23:59:59.999,18264651.09554,82969,544922.64,9194614.26491,0,2020-05-19,52.712141477188275,16.5357,0.6907836206267267,0.9833759511895973,0.034679648996273515,0.034091860928791025
2020-05-20,17.211,17.348,16.45,16.887,1036929.85,2020-05-20 23:59:59.999,17621214.91059,79785,512559.59,8714741.58969,0,2020-05-20,53.758714762049124,16.53365,0.6896179930335659,0.5123851227338848,-0.019053151321521855,-0.019237001640487788
2020-05-21,16.891,17.064,15.732,16.097,1410902.92,2020-05-21 23:59:59.999,23113050.37646,105177,637257.63,10444619.25349,0,2020-05-21,43.364789147744034,16.4665,0.6615331872964425,-0.5585509647823917,-0.04678154793628231,-0.047911175925906796
2020-05-22,16.092,16.924,15.935,16.606,1110318.45,2020-05-22 23:59:59.999,18280802.56697,85602,496439.47,8176047.94706,0,2020-05-22,46.227075458490845,16.420800000000003,0.6148480856446623,0.30121261548016015,0.03162079890662861,0.03113115661574653
2020-05-23,16.606,16.866,16.345,16.49,660987.44,2020-05-23 23:59:59.999,10962711.52226,63366,285107.15,4729598.41399,0,2020-05-23,47.99418604651163,16.39115,0.5952187810950479,0.16607338870951024,-0.006985426954113194,-0.007009939268331558
2020-05-24,16.489,16.803,15.929,15.952,833129.55,2020-05-24 23:59:59.999,13724833.74536,75561,353996.53,5834808.83511,0,2020-05-24,55.39339037074317,16.3386,0.5846584608036791,-0.661240751512557,-0.03262583383869,-0.0331699233520249
2020-05-25,15.943,16.426,15.789,16.385,1036864.54,2020-05-25 23:59:59.999,16816518.80161,106691,478959.83,7771536.77123,0,2020-05-25,60.65280935368627,16.315350000000002,0.5723679599512894,0.12168745435353648,0.027143931795386322,0.02678206893129556
2020-05-26,16.385,16.503,15.972,16.219,861433.7,2020-05-26 23:59:59.999,14012882.65542,90601,420734.68,6846651.6618,0,2020-05-26,54.10388229037405,16.30675,0.5724636393876087,-0.15328484459531802,-0.010131217577052154,-0.010182887645225432
2020-05-27,16.214,16.517,16.162,16.481,715038.99,2020-05-27 23:59:59.999,11702866.99513,69645,348693.59,5706685.53633,0,2020-05-27,52.77271068952938,16.28095,0.5509409630229863,0.36310605568759363,0.016153893581601908,0.016024807746490583
2020-05-28,16.481,17.16,16.413,17.092,754792.47,2020-05-28 23:59:59.999,12623258.45483,66965,362041.81,6057580.52369,0,2020-05-28,56.185479776611935,16.2783,0.5466771490221733,1.4884470687231768,0.03707299314361978,0.03640231552973541
2020-05-29,17.09,17.208,16.642,17.016,956578.12,2020-05-29 23:59:59.999,16238398.61107,80318,425667.54,7227398.95725,0,2020-05-29,62.242219722534664,16.2908,0.5610838758949747,1.2924983788622406,-0.004446524689913467,-0.004456439883842507
2020-05-30,17.01,17.8,16.937,17.737,1149486.18,2020-05-30 23:59:59.999,19992151.47925,79467,553036.66,9620862.58715,0,2020-05-30,64.70382053978267,16.4122,0.5988713595280807,2.2121612244805986,0.04237188528443814,0.04149877532551324
2020-05-31,17.738,18.203,16.854,17.089,1550100.17,2020-05-31 23:59:59.999,27265292.77208,114615,635216.83,11187314.93314,0,2020-05-31,56.503267973856204,16.512999999999998,0.5269415227716512,1.0931004202711287,-0.03653379940237922,-0.037217871558677555
2020-06-01,17.098,18.173,16.983,17.956,1316915.19,2020-06-01 23:59:59.999,23044951.95614,99770,646738.07,11336505.58403,0,2020-06-01,59.921710328214374,16.622999999999998,0.586823742927135,2.271550897635576,0.05073439054362461,0.04948933925491394
2020-06-02,17.968,18.228,16.556,17.274,1588636.39,2020-06-02 23:59:59.999,27995999.89312,95276,681347.3,12021674.16905,0,2020-06-02,50.43723136208686,16.67785,0.5941643645533767,1.0033418958878784,-0.03798173312541764,-0.038721840061591815
2020-06-03,17.282,17.621,16.962,17.573,870634.86,2020-06-03 23:59:59.999,15094099.4868,77742,419221.22,7269104.24659,0,2020-06-03,55.10568621613575,16.73845,0.621333326509559,1.3431598859958478,0.017309250897302286,0.01716115235461527
2020-06-04,17.573,17.658,17.05,17.526,925519.02,2020-06-04 23:59:59.999,16152792.99013,77067,436827.08,7625334.75006,0,2020-06-04,61.95815899581588,16.82925,0.5952743617772643,1.1704686859346156,-0.002674557559893098,-0.0026781405790502763
2020-06-05,17.525,17.909,17.44,17.686,1258405.64,2020-06-05 23:59:59.999,22247690.89508,80497,624538.77,11044634.15103,0,2020-06-05,59.598293636686805,16.9106,0.595644666240628,1.3017828311867328,0.009129293620906198,0.009087873519884571
2020-06-06,17.691,17.794,17.5,17.567,713949.46,2020-06-06 23:59:59.999,12594954.00552,53250,335227.56,5916203.51088,0,2020-06-06,59.56653046722333,16.9743,0.5942414979573488,0.9974059402403789,-0.006728485807983686,-0.006751224122297413
2020-06-07,17.567,17.65,16.87,17.415,972665.27,2020-06-07 23:59:59.999,16863876.19842,66649,442452.53,7675047.23427,0,2020-06-07,63.951935914552735,17.01315,0.596492755944776,0.6736879802731474,-0.008652587237433895,-0.008690238213281486
2020-06-08,17.416,17.561,17.25,17.453,484372.68,2020-06-08 23:59:59.999,8431853.93157,41053,230954.02,4020625.73865,0,2020-06-08,61.0148514851485,17.02505,0.6030693837186603,0.709619840690907,0.002182026988228447,0.002179649824734973
2020-06-09,17.453,17.521,17.01,17.383,492253.86,2020-06-09 23:59:59.999,8522583.15338,40375,237963.42,4121394.04528,0,2020-06-09,62.247474747474726,17.04985,0.607277381779455,0.5485960946277922,-0.00401077178708531,-0.0040188365032962714
2020-06-10,17.382,17.59,17.175,17.419,584324.54,2020-06-10 23:59:59.999,10157678.46562,48902,278773.97,4848316.40936,0,2020-06-10,60.362350861688014,17.11595,0.5688351416894972,0.5327554115238207,0.002070988897198589,0.002068847355921516
2020-06-11,17.414,17.536,15.861,16.231,1058267.51,2020-06-11 23:59:59.999,17779382.2075,76855,436354.58,7337611.58387,0,2020-06-11,41.56378600823049,17.097199999999997,0.5922282276994807,-1.4626118099178798,-0.06820138928755948,-0.07063857057239105
2020-06-12,16.234,16.822,16.078,16.643,678208.71,2020-06-12 23:59:59.999,11231908.55147,72248,320727.43,5312057.64858,0,2020-06-12,46.57106085677516,17.104850000000003,0.5849150433136373,-0.7896018494986002,0.02538352535272015,0.02506671368165596
2020-06-13,16.645,16.822,16.49,16.807,439411.15,2020-06-13 23:59:59.999,7313419.56273,49477,210714.11,3507882.11814,0,2020-06-13,40.47521507578861,17.1476,0.5243284828183519,-0.6495927861275455,0.009853992669590639,0.009805758689839884
2020-06-14,16.809,16.819,16.391,16.566,498068.67,2020-06-14 23:59:59.999,8297051.49655,51308,243569.32,4056642.37875,0,2020-06-14,44.15642458100559,17.156650000000003,0.5118875570401079,-1.1538666878627106,-0.014339263402153857,-0.014443064118357087
2020-06-15,16.566,16.606,15.404,16.378,1054648.72,2020-06-15 23:59:59.999,16932572.68462,94985,514586.01,8264683.33094,0,2020-06-15,29.214963119072692,17.1646,0.4975938314051833,-1.580807378135448,-0.011348545213086925,-0.011413431328075752
2020-06-16,16.384,16.65,16.153,16.429,611416.87,2020-06-16 23:59:59.999,10025985.16866,59850,283376.09,4647337.68164,0,2020-06-16,36.650868878356974,17.162,0.5014744575537282,-1.4616896014518677,0.003113933325192164,0.003109095076203095
2020-06-17,16.427,16.66,15.966,16.39,732374.44,2020-06-17 23:59:59.999,11993247.15786,65677,370490.21,6070441.71428,0,2020-06-17,29.638554216867433,17.1269,0.5303672908068074,-1.38941449213244,-0.002373851116927228,-0.002376673168461293
2020-06-18,16.389,16.55,15.878,16.169,658968.53,2020-06-18 23:59:59.999,10727103.61332,61438,302321.89,4924661.11753,0,2020-06-18,27.9636245534264,17.08455,0.571880690077981,-1.6009458194420871,-0.013483831604636953,-0.013575563998060753
2020-06-19,16.168,16.306,15.9,15.966,609887.35,2020-06-19 23:59:59.999,9810736.64498,69539,283681.29,4564151.71357,0,2020-06-19,22.45355541319661,16.996000000000002,0.601863072379917,-1.7113527100560024,-0.012554888985095047,-0.012634367534070526
2020-06-20,15.966,16.151,15.688,16.071,555612.11,2020-06-20 23:59:59.999,8869725.00892,56262,270004.93,4313122.73863,0,2020-06-20,25.933075933075926,16.9451,0.6356804808109703,-1.3750618846827958,0.006576475009395066,0.006554944343325945
2020-06-21,16.076,16.335,15.936,15.982,443718.08,2020-06-21 23:59:59.999,7146338.65582,39539,214162.36,3449981.27404,0,2020-06-21,26.469622331691284,16.8464,0.6235936936312756,-1.3861589827287613,-0.005537925455790016,-0.005553316614662008
2020-06-22,15.982,16.573,15.962,16.514,604840.29,2020-06-22 23:59:59.999,9861333.43883,52945,304616.64,4966068.49333,0,2020-06-22,36.733540548177444,16.8084,0.619306947108376,-0.475370091316739,0.033287448379426765,0.032745417042965685
2020-06-23,16.509,16.568,16.291,16.396,547942.9,2020-06-23 23:59:59.999,8997828.73984,54732,261670.63,4298139.3548,0,2020-06-23,36.241984945637036,16.74955,0.5983958797879733,-0.5908296028463133,-0.0071454523434660855,-0.007171103353145629
2020-06-24,16.396,16.666,15.955,16.037,914643.91,2020-06-24 23:59:59.999,14876948.13576,67865,446564.7,7264325.53657,0,2020-06-24,32.32736572890022,16.6751,0.5892667968709847,-1.0828711262679684,-0.021895584288851078,-0.022138850115419495
2020-06-25,16.037,16.093,15.444,15.925,717234.89,2020-06-25 23:59:59.999,11389102.24071,64785,313669.31,4985485.56416,0,2020-06-25,44.60127028934367,16.58705,0.5611617155976381,-1.179784688794952,-0.0069838498472282184,-0.007008351068444664
2020-06-26,15.92,15.997,15.587,15.778,527797.39,2020-06-26 23:59:59.999,8319398.07827,51109,254614.92,4012993.71089,0,2020-06-26,33.164655507979745,16.4976,0.5388770389966034,-1.3353695702824957,-0.009230769230769265,-0.009273636785329215
2020-06-27,15.778,15.895,14.701,15.139,676888.5,2020-06-27 23:59:59.999,10417815.41433,70321,287683.96,4431931.8196,0,2020-06-27,22.601839684625517,16.3838,0.5741145676970378,-2.1682083508058385,-0.0404994295854989,-0.041342369043156246
2020-06-28,15.133,15.502,14.866,15.386,499658.43,2020-06-28 23:59:59.999,7616667.36504,46640,218488.43,3334659.67809,0,2020-06-28,30.655737704918053,16.280450000000002,0.5573119201269968,-1.6049360648811906,0.016315476583658173,0.016183809407001266
2020-06-29,15.394,15.6,15.203,15.48,593042.75,2020-06-29 23:59:59.999,9141202.72656,55627,288527.03,4448473.74833,0,2020-06-29,34.81055480378893,16.185299999999998,0.5203929790374086,-1.3553218978945851,0.006109450149486717,0.006090863124838302
2020-06-30,15.487,15.562,15.272,15.411,452224.78,2020-06-30 23:59:59.999,6978897.98172,40570,219264.91,3384539.84307,0,2020-06-30,32.88500336247482,16.084899999999998,0.46005090107377883,-1.4648379090815518,-0.004457364341085346,-0.004467328008340637
2020-07-01,15.411,15.892,15.329,15.819,719045.93,2020-07-01 23:59:59.999,11254784.35865,50199,335251.85,5248301.22241,0,2020-07-01,41.45976667663778,16.0643,0.46238285571916066,-0.5305127492637559,0.02647459606774394,0.026130209063202042
2020-07-02,15.819,15.978,15.065,15.375,979124.16,2020-07-02 23:59:59.999,15243632.53649,64105,465146.52,7243621.85087,0,2020-07-02,38.867077958496935,16.000899999999998,0.465776646269834,-1.3437771193822396,-0.02806751374928884,-0.028468935523860865
2020-07-03,15.371,15.498,15.26,15.288,401055.73,2020-07-03 23:59:59.999,6171608.74363,37198,175880.15,2707692.42928,0,2020-07-03,40.173913043478294,15.92495,0.45102637045072297,-1.4122234124880082,-0.005658536585365859,-0.005674606754609658
2020-07-04,15.288,15.638,15.251,15.574,435268.81,2020-07-04 23:59:59.999,6720151.65649,49538,215847.44,3334500.62452,0,2020-07-04,43.156155329110426,15.875350000000001,0.43091631560255306,-0.6993237180602491,0.018707482993197244,0.018534650216822393
2020-07-05,15.574,15.615,15.116,15.502,504443.13,2020-07-05 23:59:59.999,7776179.01366,48606,237427.96,3660302.08543,0,2020-07-05,43.35915882678475,15.831549999999998,0.42155432627343237,-0.7817497756771731,-0.004623089764992927,-0.0046338092954746595
2020-07-06,15.503,16.367,15.463,16.324,1083247.77,2020-07-06 23:59:59.999,17172323.67667,67772,528632.01,8388250.83358,0,2020-07-06,47.56659836065577,15.8263,0.4143137763374585,1.2012634588202187,0.053025416075345166,0.05166736968423963
2020-07-07,16.322,16.9,16.02,16.837,1773432.41,2020-07-07 23:59:59.999,29328518.99159,103562,855860.9,14156068.28895,0,2020-07-07,55.12909979064897,15.848649999999997,0.45625642317019294,2.166216078959896,0.03142612104876252,0.030942428132103374
2020-07-08,16.832,17.47,16.597,17.29,2040324.55,2020-07-08 23:59:59.999,34904030.17604,109893,953047.56,16298008.33438,0,2020-07-08,64.26132483496471,15.9047,0.5557007051318706,2.49288868487446,0.026905030587396794,0.026549454019536466
2020-07-09,17.291,17.53,16.504,16.844,1905706.54,2020-07-09 23:59:59.999,32199988.85267,114778,822436.19,13905513.92525,0,2020-07-09,59.720753120372336,15.948599999999999,0.5941488737769132,1.5070297016774294,-0.025795257374204628,-0.026133789395517675
2020-07-10,16.842,17.37,16.455,17.325,1664970.06,2020-07-10 23:59:59.999,28042853.37205,114208,721580.01,12167477.08835,0,2020-07-10,65.283540802213,16.0113,0.6691752268355236,1.9631629314976042,0.028556162431726317,0.028156034776285477
2020-07-11,17.327,17.695,17.023,17.631,1874795.7,2020-07-11 23:59:59.999,32657860.72588,116099,899052.31,15671548.86568,0,2020-07-11,76.35363790186128,16.09375,0.760703405442936,2.020827025356753,0.017662337662337713,0.017508171222656205
2020-07-12,17.64,18.619,17.611,18.312,3517420.62,2020-07-12 23:59:59.999,64204067.68099,163738,1665568.91,30403320.02789,0,2020-07-12,78.34172801239832,16.18365,0.9054544235673839,2.3505876658203873,0.03862514888548585,0.037897866351642544
2020-07-13,18.313,19.069,17.8,18.419,3628616.74,2020-07-13 23:59:59.999,66971810.91926,178742,1631740.22,30148306.68572,0,2020-07-13,78.39613526570051,16.2848,1.034259898111666,2.063504544550732,0.00584316295325471,0.0058261578867002915
2020-07-14,18.414,18.795,17.7,18.09,2879951.02,2020-07-14 23:59:59.999,52494913.16792,156371,1212215.55,22112274.60948,0,2020-07-14,74.64581416743331,16.387449999999998,1.1076475534354,1.5370864086861344,-0.017861990336066058,-0.018023441129762126
2020-07-15,18.088,18.175,17.412,17.648,2184575.72,2020-07-15 23:59:59.999,38784164.39949,124134,968908.57,17201453.02734,0,2020-07-15,66.72152130188334,16.473599999999998,1.1364179364633584,1.0334226188428945,-0.024433388612493112,-0.024736836896057133
2020-07-16,17.651,17.798,16.426,17.171,2538439.31,2020-07-16 23:59:59.999,43260557.8704,147853,1110116.24,18918224.94283,0,2020-07-16,66.3213376953835,16.54325,1.134227159787601,0.5534605608611536,-0.027028558476881237,-0.027400548179481104
2020-07-17,17.168,17.484,16.95,17.073,1713580.97,2020-07-17 23:59:59.999,29626421.08214,121331,782021.48,13520455.49633,0,2020-07-17,66.18900779974607,16.63995,1.0897767262874274,0.39737497558356283,-0.00570729718711771,-0.005723646042568914
2020-07-18,17.071,17.35,16.816,17.156,1330795.71,2020-07-18 23:59:59.999,22754928.16178,93390,616999.14,10556284.21052,0,2020-07-18,64.8964218455744,16.72845,1.0538631927091944,0.405697820132503,0.004861477186200336,0.004849698365537392
2020-07-19,17.158,18.141,16.871,18.039,3496898.97,2020-07-19 23:59:59.999,62031802.26558,152847,1649800.8,29268910.60783,0,2020-07-19,70.72373795131516,16.8564,1.0496469281068082,1.1266645653248306,0.05146887386337151,0.05018811407090738
2020-07-20,18.041,18.333,17.249,17.493,2566534.66,2020-07-20 23:59:59.999,45981789.49823,127148,1153198.78,20684209.03724,0,2020-07-20,59.99999999999997,16.960500000000003,1.0008616550909655,0.5320415636780469,-0.030267753201397185,-0.0307352798174129
2020-07-21,17.482,17.99,17.404,17.737,1532182.84,2020-07-21 23:59:59.999,27190137.40539,99984,679582.23,12061254.57631,0,2020-07-21,58.07030129124819,17.0564,0.977342013077389,0.6963785357563528,0.013948436517464025,0.013852052315320608
2020-07-22,17.73,18.133,17.448,18.103,1322551.32,2020-07-22 23:59:59.999,23452404.49132,86371,592338.68,10508979.9333,0,2020-07-22,57.40572053197306,17.1928,0.9189501217779104,0.9904781319785038,0.020634831143936605,0.02042481717035764
2020-07-23,18.115,18.788,18.056,18.768,2188672.07,2020-07-23 23:59:59.999,40162647.57468,125788,1008061.87,18508231.56321,0,2020-07-23,66.85353889278204,17.3668,0.8673125218317571,1.6155652832506975,0.036734242943158524,0.03607562151731279
2020-07-24,18.764,19.583,18.248,19.204,3673730.88,2020-07-24 23:59:59.999,69605779.61083,194316,1725439.33,32703807.87945,0,2020-07-24,66.59014656542467,17.5483,0.8520784557402493,1.9431309274937578,0.02323103154305195,0.022965298757574217
2020-07-25,19.206,20.081,19.154,19.84,2662190.38,2020-07-25 23:59:59.999,52443320.07395,153946,1223425.23,24102658.98118,0,2020-07-25,68.42983480727513,17.7652,0.8558882489768668,2.4241482488867283,0.033118100395750805,0.032581511188032736
2020-07-26,19.84,20.34,19.112,19.577,2425776.85,2020-07-26 23:59:59.999,47841716.19864,149319,1049495.28,20706665.07753,0,2020-07-26,61.345291479820624,17.92785,0.8764404849640706,1.8816451639241754,-0.013256048387096708,-0.013344694062321064
2020-07-27,19.58,20.222,18.331,19.792,3493682.1,2020-07-27 23:59:59.999,67367252.44872,203720,1538057.33,29694700.969,0,2020-07-27,62.07988738342425,18.0756,0.9302888855222124,1.845018280570458,0.01098227511876182,0.010922407855726488
2020-07-28,19.789,20.73,19.48,20.184,3005300.19,2020-07-28 23:59:59.999,60489627.53662,193649,1324097.26,26660219.76507,0,2020-07-28,68.2213713887922,18.2203,1.0221940334912483,1.9210638446920771,0.019805982215036266,0.019612395688624426
2020-07-29,20.18,20.435,19.779,19.901,1425583.56,2020-07-29 23:59:59.999,28646227.65032,103935,619227.68,12447396.014,0,2020-07-29,70.16287810989797,18.373150000000003,1.034052338846312,1.4775364288664665,-0.014021006738010322,-0.014120229614580603
2020-07-30,19.906,20.149,19.521,19.978,1221121.31,2020-07-30 23:59:59.999,24240726.43436,90229,552115.4,10967380.59555,0,2020-07-30,77.05802968960863,18.5058,1.0622970443930269,1.3858647237799513,0.0038691523039044995,0.003861686385782116
2020-07-31,19.988,20.88,19.95,20.686,1898997.59,2020-07-31 23:59:59.999,38965489.2456,131944,895036.7,18370089.07529,0,2020-07-31,81.16267034673103,18.658549999999998,1.1462150746558286,1.7688216154448846,0.0354389828811692,0.03482547484565383
2020-08-01,20.683,21.799,20.598,21.646,2430826.19,2020-08-01 23:59:59.999,51334478.15564,143087,1151858.68,24334922.56392,0,2020-08-01,83.63799820197781,18.82525,1.3221066473026868,2.1335268268674015,0.046408198781784815,0.04536353691734281
2020-08-02,21.641,22.25,18.546,20.959,3083866.51,2020-08-02 23:59:59.999,63972380.14784,188945,1360090.28,28272449.52141,0,2020-08-02,72.53782031491198,18.95225,1.4006882471804063,1.4326885401084788,-0.03173796544396201,-0.032252531481932065
2020-08-03,20.961,22.562,20.615,22.064,3221483.44,2020-08-03 23:59:59.999,70583697.69772,177236,1470814.71,32225812.72515,0,2020-08-03,82.47832883330965,19.15095,1.5462433755122877,1.883953099579083,0.05272198101054437,0.05137917265992329
2020-08-04,22.064,22.465,21.439,22.323,2212028.31,2020-08-04 23:59:59.999,48783737.55003,135340,1008447.82,22252527.5692,0,2020-08-04,82.51559841179807,19.384700000000002,1.6565144795782725,1.7737846763331957,0.011738578680203116,0.011670216032287944
2020-08-05,22.324,23.55,22.084,23.236,3451873.87,2020-08-05 23:59:59.999,79708058.08475,175422,1676816.04,38741621.51809,0,2020-08-05,83.77418081326489,19.68795,1.7804434242182332,1.9927900834916432,0.04089952067374458,0.04008526304705221
2020-08-06,23.235,23.274,22.5,22.76,2125780.63,2020-08-06 23:59:59.999,48730781.91462,124477,994306.85,22806361.12866,0,2020-08-06,76.9365721997301,19.9723,1.7949054541879155,1.5531180171611123,-0.020485453606472692,-0.020698190872155874
2020-08-07,22.757,23.0,21.01,22.334,3142139.9,2020-08-07 23:59:59.999,70028435.93058,152893,1409980.21,31425299.00617,0,2020-08-07,71.14864864864863,20.2312,1.7398959920517485,1.2085779894925215,-0.01871704745166969,-0.0188944282345299
2020-08-08,22.334,22.914,21.813,22.909,1839275.06,2020-08-08 23:59:59.999,41150934.14523,120425,890249.6,19933865.03663,0,2020-08-08,70.90884316664395,20.4747,1.7576382209628119,1.3849835369798238,0.025745500134324306,0.025419665427610563
2020-08-09,22.908,22.918,22.0,22.416,1440236.79,2020-08-09 23:59:59.999,32337707.59319,116196,689648.96,15489856.98452,0,2020-08-09,68.75412868278502,20.72085,1.6601024786059235,1.0211116613858136,-0.02151992666637559,-0.021754856856559705
2020-08-10,22.426,22.806,22.0,22.656,1659355.72,2020-08-10 23:59:59.999,37363619.13834,125144,753290.08,16969440.94059,0,2020-08-10,68.85699236239134,20.9668,1.5558798695339242,1.0856879332888423,0.01070663811563155,0.010649727916657928
2020-08-11,22.655,22.792,20.6,21.278,2437916.51,2020-08-11 23:59:59.999,52897963.79101,184621,1108510.06,24031535.2221,0,2020-08-11,56.375291375291354,21.12555,1.4027406435823215,0.10868010469182038,-0.06082274011299438,-0.06275104241713499
2020-08-12,21.289,22.021,20.509,21.503,2215072.53,2020-08-12 23:59:59.999,47621948.02618,154651,1031471.77,22176798.7995,0,2020-08-12,59.3992020652429,21.2623,1.2895605167325963,0.18665273701917473,0.010574302096061805,0.010518785189077494
2020-08-13,21.503,21.896,20.669,21.789,2571288.23,2020-08-13 23:59:59.999,54807056.30651,163369,1184183.49,25254705.30524,0,2020-08-13,60.371091512999655,21.391550000000002,1.1987507302011322,0.3315534998116857,0.013300469701902129,0.013212795008889245
2020-08-14,21.798,23.356,21.273,23.141,3798335.65,2020-08-14 23:59:59.999,85652682.57017,205218,1731615.79,39048735.05776,0,2020-08-14,63.09333333333333,21.5566,1.2011288725282172,1.319092427330505,0.062049658084354364,0.06020068075139375
2020-08-15,23.141,23.82,22.755,23.107,2360235.15,2020-08-15 23:59:59.999,54949767.17121,166150,1084043.1,25246851.75457,0,2020-08-15,58.64599360871109,21.7331,1.1533333794746345,1.1912427269085342,-0.0014692537055441823,-0.0014703341171653354
2020-08-16,23.096,23.833,22.707,23.54,2005272.88,2020-08-16 23:59:59.999,46644081.1158,145212,942865.27,21932293.26718,0,2020-08-16,65.74740695546065,21.9205,1.1254945813425472,1.4389229649317161,0.01873891028692598,0.018565499905761333
2020-08-17,23.54,24.081,22.94,23.503,2257776.71,2020-08-17 23:59:59.999,53003678.0283,136159,1036820.68,24343397.85175,0,2020-08-17,60.095411814227596,22.08645,1.1003853140939053,1.2873217970620012,-0.0015717926932879989,-0.0015730292553393299
2020-08-18,23.504,23.806,22.319,23.016,1861857.37,2020-08-18 23:59:59.999,43214622.353,129291,827523.78,19223012.33606,0,2020-08-18,54.71108089734873,22.2422,0.9896522302515993,0.7818908262382985,-0.020720759052035964,-0.020938446327544574
2020-08-19,23.016,23.279,21.81,22.376,2064063.08,2020-08-19 23:59:59.999,46465019.34461,144000,918721.12,20697783.63507,0,2020-08-19,43.928268850607175,22.362099999999998,0.8339064632640429,0.016668536115664958,-0.027806743135210144,-0.028200670349588036
2020-08-20,22.393,23.35,22.043,23.122,1896105.42,2020-08-20 23:59:59.999,43330483.30482,131926,900765.84,20588770.69304,0,2020-08-20,52.46191512513601,22.4839,0.7498782988977316,0.8509380801364216,0.03333929209867703,0.032795589353471204
2020-08-21,23.127,23.35,21.711,22.123,2267255.76,2020-08-21 23:59:59.999,51246840.87208,150977,1016251.41,22969108.92757,0,2020-08-21,48.66876971608834,22.507749999999998,0.7291244839927924,-0.5276876698654385,-0.04320560505146609,-0.04416675392528031
2020-08-22,22.122,22.274,21.297,22.216,1571139.74,2020-08-22 23:59:59.999,34437428.1967,124302,718305.18,15745994.18501,0,2020-08-22,45.34461910519953,22.5706,0.636946531673097,-0.5567186292208132,0.004203769832301196,0.004194958676648828
2020-08-23,22.217,22.261,21.554,21.853,1251991.61,2020-08-23 23:59:59.999,27392696.34532,107369,580022.22,12691456.64955,0,2020-08-23,46.15069055107343,22.56005,0.6474401801262928,-1.0920700038451094,-0.016339575081022684,-0.01647453811648313
2020-08-24,21.854,23.002,21.68,22.6,1323978.32,2020-08-24 23:59:59.999,29727499.45517,116608,639163.58,14347190.7799,0,2020-08-24,49.641943734015356,22.573900000000002,0.6450607396940213,0.04046130603511828,0.03418294970942215,0.033611694390225
2020-08-25,22.6,22.667,21.0,21.4,1704436.47,2020-08-25 23:59:59.999,37127918.20526,143315,771177.08,16801340.63116,0,2020-08-25,50.798220361161995,22.4821,0.6757874081784103,-1.6012432118509112,-0.053097345132743445,-0.054558984250434484
2020-08-26,21.4,22.531,21.282,22.212,1877357.34,2020-08-26 23:59:59.999,41563734.5286,143355,878462.89,19460620.22345,0,2020-08-26,54.30793535058938,22.4547,0.6750358353059713,-0.35953646800097866,0.03794392523364487,0.03724176135155498
2020-08-27,22.21,23.178,21.834,23.129,2558646.21,2020-08-27 23:59:59.999,57571722.41852,170353,1231123.16,27715424.74636,0,2020-08-27,57.56207674943567,22.49445,0.6907777824573572,0.9186022134971786,0.04128399063569255,0.04045455803400141
2020-08-28,23.129,23.609,22.624,23.095,1990551.98,2020-08-28 23:59:59.999,45932821.05139,144685,943969.34,21784265.89157,0,2020-08-28,49.69504110315567,22.50375,0.6978683238034828,0.8472228640176718,-0.001470015997233065,-0.001471097530793492
2020-08-29,23.098,23.534,22.764,22.952,1333272.92,2020-08-29 23:59:59.999,30946160.54473,129164,637885.16,14810065.2817,0,2020-08-29,48.98706051496538,22.530549999999998,0.704580761871811,0.5981571209528438,-0.006191816410478279,-0.006211065203504864
2020-08-30,22.951,23.9,22.903,23.642,1582433.86,2020-08-30 23:59:59.999,37011134.35735,130053,750176.75,17545257.20583,0,2020-08-30,50.64491654021245,22.57985,0.747036973297537,1.4218171763460439,0.030062739630533075,0.029619712649121333
2020-08-31,23.641,24.019,22.95,23.166,1504888.98,2020-08-31 23:59:59.999,35177709.51372,125055,679005.05,15880932.8386,0,2020-08-31,47.98131065053312,22.67425,0.6910614166474687,0.7115865365275577,-0.020133660434819345,-0.020339104818030855
2020-09-01,23.167,25.672,22.822,24.756,3228209.34,2020-09-01 23:59:59.999,77552825.65801,197808,1490741.46,35835600.31129,0,2020-09-01,59.20634920634922,22.8369,0.7782067037002874,2.466054315485706,0.06863506863506852,0.06638219736696067
2020-09-02,24.756,25.908,23.0,24.756,4638282.25,2020-09-02 23:59:59.999,114475450.48043,266393,2103377.72,51977585.55648,0,2020-09-02,63.50737797956867,22.98525,0.8476345957395741,2.089048758628113,0.0,0.0
2020-09-03,24.759,25.568,19.81,20.424,6460942.13,2020-09-03 23:59:59.999,149240223.5401,349592,2860804.6,66249742.78983,0,2020-09-03,39.117457244272344,22.8494,1.0212954312512095,-2.374827034160521,-0.17498788172564228,-0.1923572039379324
2020-09-04,20.41,21.843,19.077,20.94,4451249.08,2020-09-04 23:59:59.999,92204755.10552,268872,2164512.61,44883374.20305,0,2020-09-04,45.034835893561656,22.74105,1.1041190570337613,-1.6312099574103522,0.02526439482961229,0.02495052550320816
2020-09-05,20.942,21.464,17.89,19.43,3265792.4,2020-09-05 23:59:59.999,63456217.58296,218532,1608807.43,31231604.47618,0,2020-09-05,39.54988747186796,22.53555,1.3107375374593977,-2.3693149171721197,-0.07211079274116527,-0.07484294205304212
2020-09-06,19.415,23.471,18.503,23.137,5373191.2,2020-09-06 23:59:59.999,116760860.79285,288653,2547095.91,55271365.18475,0,2020-09-06,53.85030586541921,22.51725,1.2990220967691812,0.47708965193231895,0.19078744209984566,0.17461480433619644
2020-09-07,23.12,23.564,19.911,22.398,4554593.01,2020-09-07 23:59:59.999,99281167.39276,265474,2190685.28,47767726.13022,0,2020-09-07,49.393975759030354,22.486349999999998,1.2938738763475366,-0.0682833169562096,-0.03194018239183993,-0.032461398565043334
2020-09-08,22.405,23.396,21.25,23.18,4193590.98,2020-09-08 23:59:59.999,94025248.91812,248700,2137168.08,47946123.14508,0,2020-09-08,55.47759724273757,22.52655,1.3027245730229233,0.5016025747358809,0.03491383159210648,0.034318168751103904
2020-09-09,23.177,24.48,22.35,24.417,3386032.27,2020-09-09 23:59:59.999,79809568.23952,213701,1737657.91,40961135.14039,0,2020-09-09,56.61248725484317,22.5913,1.3645921735082107,1.3379088898819747,0.05336496980155325,0.05198977310140861
2020-09-10,24.403,25.577,24.057,24.509,3221589.03,2020-09-10 23:59:59.999,79711834.17402,216248,1620634.89,40124385.82818,0,2020-09-10,54.35386168601717,22.710600000000003,1.4244803817162939,1.2624954496271714,0.0037678666502845015,0.0037607860210750626
2020-09-11,24.512,25.684,23.019,25.365,3076021.8,2020-09-11 23:59:59.999,74167230.29449,221227,1600944.78,38642934.11894,0,2020-09-11,56.80863827234553,22.86805,1.5365570356104812,1.625029167243342,0.034925945571014694,0.034329873984564004
2020-09-12,25.347,28.507,25.325,28.395,5342732.98,2020-09-12 23:59:59.999,143932672.48732,308161,2724378.27,73431593.18603,0,2020-09-12,63.91573349695761,23.19515,1.9498462091851088,2.666800066336078,0.11945594322885866,0.11284280231074255
2020-09-13,28.397,32.36,28.006,31.142,9514711.33,2020-09-13 23:59:59.999,288627963.86454,478365,4759699.14,144512842.34724,0,2020-09-13,67.34986582770426,23.62225,2.629649143597089,2.8596020188890123,0.0967423842225743,0.092344317089837
2020-09-14,31.139,33.302,29.05,30.856,10524610.07,2020-09-14 23:59:59.999,328626618.34839,531838,5297222.05,165633938.90658,0,2020-09-14,67.94716206123974,24.09505,3.0288436646246186,2.232188501164494,-0.009183739001990765,-0.009226169513306156
2020-09-15,30.867,30.899,26.688,27.086,10130811.09,2020-09-15 23:59:59.999,289951438.10129,487163,4833151.71,138396814.57832,0,2020-09-15,54.93560413489239,24.33875,3.0652216864106174,0.8962647015645496,-0.12218045112781961,-0.13031423167274714
2020-09-16,27.088,28.3,25.577,27.816,6869769.43,2020-09-16 23:59:59.999,186794766.93231,356566,3447168.92,93843035.52472,0,2020-09-16,56.287498972630885,24.5731,3.14597043684036,1.0308107037575946,0.02695119249796951,0.026594405472380758
2020-09-17,27.816,28.741,26.055,26.989,4643696.37,2020-09-17 23:59:59.999,125488111.68021,298716,2321977.5,62811980.44748,0,2020-09-17,65.7592779298094,24.7678,3.1700830239833167,0.7006756552416683,-0.02973109002013219,-0.030182019121583796
2020-09-18,26.988,28.824,26.607,27.653,4628880.8,2020-09-18 23:59:59.999,128158883.14605,321221,2322957.58,64391975.946,0,2020-09-18,66.00085808266195,25.00285,3.202477499407352,0.8275311849936291,0.02460261588054391,0.02430484559460711
2020-09-19,27.66,28.054,26.685,27.226,2224710.77,2020-09-19 23:59:59.999,60715927.15836,197892,1131226.46,30889412.57284,0,2020-09-19,69.59384739117323,25.182049999999997,3.2225326011988322,0.6342682147698432,-0.015441362600802755,-0.015561822088302089
2020-09-20,27.226,27.374,25.111,26.324,3280892.1,2020-09-20 23:59:59.999,86220094.1686,243228,1549233.91,40755923.84318,0,2020-09-20,59.32471180291416,25.339949999999998,3.1958077386838237,0.30791902406659766,-0.03313009623154328,-0.03369132849640856
2020-09-21,26.329,26.652,22.2,23.12,6839808.24,2020-09-21 23:59:59.999,164562531.41669,385956,3209655.78,77278719.70194,0,2020-09-21,51.84616958167127,25.25815,3.2322707559042017,-0.6615008956456896,-0.1217140252241301,-0.129783026789696
2020-09-22,23.12,24.594,22.662,24.051,4183191.74,2020-09-22 23:59:59.999,99434903.05201,268247,2086569.96,49657071.84136,0,2020-09-22,52.210323301020146,25.2229,3.241865250941654,-0.36148942330641376,0.04026816608996531,0.039478531924747456
2020-09-23,24.051,24.366,22.435,22.839,3723770.38,2020-09-23 23:59:59.999,87786524.85871,238921,1702680.9,40156412.89233,0,2020-09-23,45.990446183555235,25.34365,3.095378920346611,-0.8091578008548105,-0.050392915055507026,-0.051706974736739006
2020-09-24,22.839,24.679,22.562,24.56,2921696.68,2020-09-24 23:59:59.999,69421492.25839,214359,1473899.11,35046056.79962,0,2020-09-24,50.11967897873938,25.52465,2.925503074596491,-0.3297381596951679,0.07535356188975006,0.07264950228675655
2020-09-25,24.56,25.089,23.726,24.677,2493303.3,2020-09-25 23:59:59.999,60960004.06639,202904,1257348.81,30747256.75562,0,2020-09-25,48.327499027615715,25.787,2.562995759488832,-0.4330869436246666,0.004763843648208477,0.004752532454005052
2020-09-26,24.674,26.444,24.454,26.162,2570949.91,2020-09-26 23:59:59.999,65213602.11351,204154,1314612.53,33371185.53958,0,2020-09-26,44.130789044840455,25.93825,2.4864960735307937,0.08998606608788115,0.060177493212302924,0.058436340533088514
2020-09-27,26.162,26.85,25.466,26.219,2814420.58,2020-09-27 23:59:59.999,73583942.38213,210322,1370596.12,35848581.48913,0,2020-09-27,34.929284271107576,26.1293,2.3428057874895614,0.03828742462520497,0.0021787325128048707,0.0021763625168908507
2020-09-28,26.221,27.67,25.83,26.973,3293265.26,2020-09-28 23:59:59.999,87999340.7899,234950,1632931.2,43674808.35651,0,2020-09-28,38.44414022974822,26.31895,2.242885323933357,0.2916109856445928,0.028757771082039696,0.028352026887819383
2020-09-29,26.973,28.948,26.834,28.822,4414780.77,2020-09-29 23:59:59.999,123765808.40164,277562,2273561.36,63750070.30972,0,2020-09-29,55.83333333333334,26.5392,2.2624835120073508,1.0089797286410374,0.06855003151299455,0.06630261874542437
2020-09-30,28.823,29.549,27.78,29.2,3456590.9,2020-09-30 23:59:59.999,98788798.55969,247478,1853100.37,52996816.80381,0,2020-09-30,54.763215859030836,26.77375,2.2839908718362767,1.062285331311044,0.013114981611269227,0.013029724858066275
2020-10-01,29.2,29.305,26.193,27.455,4434355.39,2020-10-01 23:59:59.999,122785759.07373,286923,2081546.46,57700520.24126,0,2020-10-01,51.5084811601709,26.87825,2.2638671124055483,0.25476318677872917,-0.05976027397260275,-0.06162040854340013
2020-10-02,27.454,28.091,25.57,27.285,5191308.82,2020-10-02 23:59:59.999,139626232.90782,306865,2644979.04,71165466.43907,0,2020-10-02,48.76939539860888,26.822749999999996,2.238186551535314,0.20652880774523372,-0.006191950464396245,-0.006211200092640636
2020-10-03,27.302,28.255,27.005,28.133,2486140.18,2020-10-03 23:59:59.999,68850321.44084,207457,1318098.77,36504242.20423,0,2020-10-03,52.94997723281077,26.6723,2.023392567993265,0.7219063779841169,0.03107934762690112,0.03060616388418199
2020-10-04,28.133,29.13,27.85,28.961,2848752.58,2020-10-04 23:59:59.999,81396896.0783,213753,1494548.98,42729612.57905,0,2020-10-04,58.618210340545126,26.577549999999995,1.8544893317511424,1.2852325215316167,0.029431628336828553,0.029006832785718424
2020-10-05,28.973,29.185,28.069,28.616,2309511.07,2020-10-05 23:59:59.999,66114844.82378,201189,1165468.2,33381192.41322,0,2020-10-05,72.09003215434085,26.65405,1.907370675066888,1.028614954422111,-0.011912572079693318,-0.011984095351379188
2020-10-06,28.616,28.94,27.277,27.687,3309469.96,2020-10-06 23:59:59.999,93065834.93691,244668,1627253.93,45806315.11527,0,2020-10-06,64.61649782923301,26.6476,1.9034486817906016,0.546061477750071,-0.032464355605255735,-0.033003013005167184
2020-10-07,27.685,27.855,26.836,27.667,2141195.2,2020-10-07 23:59:59.999,58645788.08045,210656,1110290.23,30421955.04205,0,2020-10-07,71.46540992352838,26.6815,1.9158460958954269,0.5143941374577896,-0.0007223606746848965,-0.0007226217028689621
2020-10-08,27.664,27.82,26.51,27.669,2264352.22,2020-10-08 23:59:59.999,61698287.52938,214701,1118984.03,30517564.8187,0,2020-10-08,66.3167838774011,26.682299999999998,1.916276408476623,0.5149048413033466,7.228828568317525e-05,7.228567301096138e-05
2020-10-09,27.669,28.49,27.43,28.373,1976557.32,2020-10-09 23:59:59.999,55586179.42403,191766,1007646.03,28336376.12718,0,2020-10-09,68.27170259046868,26.73965,1.9502667368174795,0.8375008244592038,0.02544363728360266,0.02512533581422266
2020-10-10,28.373,29.231,28.077,28.359,1885181.08,2020-10-10 23:59:59.999,54009128.58005,196466,954324.69,27345762.78438,0,2020-10-10,62.709707277565684,26.8414,1.9802941674088588,0.7663507901887752,-0.0004934268494695138,-0.0004935486245571152
2020-10-11,28.359,28.725,27.833,28.501,1513440.09,2020-10-11 23:59:59.999,42924537.83246,215914,728793.06,20673666.97907,0,2020-10-11,63.072868927589376,27.110449999999997,1.8059467694841944,0.769983935017734,0.005007228745724346,0.004994734266986412
2020-10-12,28.502,31.1,28.428,30.638,5798244.2,2020-10-12 23:59:59.999,174459464.21281,382835,2911054.64,87656490.66207,0,2020-10-12,68.12382553654439,27.439799999999998,1.8192158113926276,1.7580102261488977,0.07497982526928881,0.07230189421216093
2020-10-13,30.64,31.701,29.957,30.622,4480813.93,2020-10-13 23:59:59.999,138190027.68376,311162,2296702.77,70871699.08427,0,2020-10-13,60.872191350567775,27.82895,1.6028208513676265,1.7425840184302548,-0.0005222272994321875,-0.0005223637076011041
2020-10-14,30.623,31.335,30.305,30.8,2709570.37,2020-10-14 23:59:59.999,83303054.4765,226370,1394721.71,42888768.49613,0,2020-10-14,59.90344144590246,28.140949999999997,1.5390681211625603,1.7277013040796707,0.0058128143165046,0.005795985096625517
2020-10-15,30.804,31.701,30.332,31.3,3225994.49,2020-10-15 23:59:59.999,100104158.07685,224767,1678748.64,52101874.89585,0,2020-10-15,78.13551880579544,28.4721,1.4652702966023636,1.9299510858558122,0.016233766233766156,0.016103407566578673
2020-10-16,31.299,31.891,29.56,30.026,4453919.08,2020-10-16 23:59:59.999,135915671.42042,270277,2236953.16,68313278.88315,0,2020-10-16,67.26722943177523,28.665300000000002,1.3978337036850323,0.9734348201884523,-0.040702875399361016,-0.041554424555994326
2020-10-17,30.031,30.56,29.666,30.2,1681259.96,2020-10-17 23:59:59.999,50831262.91271,185620,887682.93,26844528.59561,0,2020-10-17,64.22965716646014,28.864349999999995,1.3119560436715252,1.0180600230036454,0.005794977686005343,0.005778251390710639
2020-10-18,30.202,30.95,30.132,30.599,1838350.02,2020-10-18 23:59:59.999,56278918.9338,187100,926645.07,28374608.36817,0,2020-10-18,61.984196663740136,29.045650000000002,1.2871379214937682,1.2068248274413993,0.013211920529801358,0.013125404304954786
2020-10-19,30.6,30.672,29.7,29.899,2176988.84,2020-10-19 23:59:59.999,65566585.07564,188301,994475.49,29959517.18893,0,2020-10-19,58.92335512588678,29.0995,1.2997559892452424,0.6151154575285049,-0.0228765645936142,-0.02314229366448184
2020-10-20,29.899,30.089,28.5,28.831,2639829.66,2020-10-20 23:59:59.999,77200628.40542,233487,1184608.93,34643270.74597,0,2020-10-20,57.80567685589518,29.081049999999998,1.300872803159452,-0.19221710177405307,-0.035720258202615485,-0.03637383788165708
2020-10-21,28.832,30.42,28.651,29.734,3038475.7,2020-10-21 23:59:59.999,90105737.91095,248968,1452831.66,43081419.91633,0,2020-10-21,62.58677383997077,29.195,1.2497524807568214,0.43128540114887026,0.03132045367833247,0.030839975051519336
2020-10-22,29.732,31.28,29.682,30.663,2969500.15,2020-10-22 23:59:59.999,91236980.68623,240025,1457448.76,44777446.43193,0,2020-10-22,66.38214051214706,29.3639,1.205516351479378,1.0776295140300485,0.031243694087576435,0.03076554382388977
2020-10-23,30.658,31.186,30.065,30.63,1900619.78,2020-10-23 23:59:59.999,58321199.15919,210472,899744.85,27622019.3602,0,2020-10-23,63.32821542458956,29.48875,1.2006197467623685,0.9505507493755059,-0.0010762156344781282,-0.00107679517036511
2020-10-24,30.63,30.85,30.407,30.629,927606.27,2020-10-24 23:59:59.999,28407425.2126,182746,452227.28,13851520.25573,0,2020-10-24,63.42559735036668,29.57215,1.2198103077290552,0.8664052052220801,-3.264773098266005e-05,-3.2648263931428955e-05
2020-10-25,30.629,30.99,29.85,30.107,1470943.0,2020-10-25 23:59:59.999,44621956.39088,188414,681082.22,20678270.21083,0,2020-10-25,59.0898800090559,29.6467,1.203754962825186,0.38238679317233,-0.017042671977537727,-0.017189569723839945
2020-10-26,30.104,31.37,29.925,31.022,3277614.79,2020-10-26 23:59:59.999,100829281.59629,269375,1663897.29,51202973.77949,0,2020-10-26,52.52233315817129,29.81345,1.147684372299722,1.053033420310773,0.03039160328162893,0.029938927345646568
2020-10-27,31.021,32.448,30.821,31.423,4314842.52,2020-10-27 23:59:59.999,136505610.77661,299644,2097044.85,66384042.91618,0,2020-10-27,55.008128048017994,30.00125,1.0834748132986718,1.312213244414458,0.012926310360389381,0.012843478652549289
2020-10-28,31.415,31.93,29.75,30.322,2931609.08,2020-10-28 23:59:59.999,90172790.57847,229224,1336088.38,41089619.19371,0,2020-10-28,47.32062780269058,30.1339,0.9351612807706466,0.20114177507968398,-0.035038029468860366,-0.03566658719571845
2020-10-29,30.322,30.423,29.46,29.845,2307279.52,2020-10-29 23:59:59.999,69274701.79915,193915,1060506.51,31866641.53691,0,2020-10-29,41.8230864336293,30.207500000000003,0.8426262516679426,-0.4302025949018928,-0.015731152298661066,-0.01585620003877675
2020-10-30,29.847,30.19,27.451,28.509,3609401.75,2020-10-30 23:59:59.999,103053427.818,261142,1665856.39,47532762.67815,0,2020-10-30,41.533653309521156,30.215000000000003,0.8258069737503458,-2.065858068807921,-0.04476461718880875,-0.045797494723325206
2020-10-31,28.51,28.91,28.12,28.504,1636871.66,2020-10-31 23:59:59.999,46758164.52414,195216,789894.59,22568888.75912,0,2020-10-31,40.35267349260525,30.21515,0.8254794635463742,-2.0729164995197604,-0.00017538321231891363,-0.00017539859375295178
2020-11-01,28.509,28.685,28.105,28.568,1166370.6,2020-11-01 23:59:59.999,33014941.39253,192137,563133.81,15943710.54753,0,2020-11-01,37.989355410999416,30.111650000000004,0.8963953119372738,-1.7220638923957485,0.0022452989054166927,0.002242781988612306
2020-11-02,28.564,29.271,27.773,27.807,2698951.61,2020-11-02 23:59:59.999,77181697.86428,225952,1254084.4,35895929.16731,0,2020-11-02,37.717238139971805,29.9709,1.0239682817867084,-2.1132490512540505,-0.026638196583590124,-0.026999422730342105
2020-11-03,27.806,27.806,25.727,26.878,3416204.58,2020-11-03 23:59:59.999,91018601.6426,261717,1604651.05,42757623.11714,0,2020-11-03,38.343082249015154,29.7748,1.214630747442009,-2.3849223363566323,-0.03340885388571213,-0.03397967943693279
2020-11-04,26.879,26.979,25.937,26.96,2674949.35,2020-11-04 23:59:59.999,70873540.01038,223127,1232417.64,32672910.14515,0,2020-11-04,31.64372683959766,29.557800000000004,1.311614376897477,-1.980612629563347,0.003050822233797268,0.0030461779192339704
2020-11-05,26.962,27.947,26.674,27.721,3049246.3,2020-11-05 23:59:59.999,83560630.13618,236810,1476729.19,40480852.18794,0,2020-11-05,30.089334055224683,29.44255,1.3683506196954767,-1.2581205249741676,0.028227002967359027,0.027835962662982747
2020-11-06,27.723,29.555,27.721,29.052,3610757.42,2020-11-06 23:59:59.999,103885708.91947,269813,1773810.76,51045936.81075,0,2020-11-06,40.91641722311766,29.385150000000003,1.3589506119758048,-0.2451523970511556,0.048014140904007796,0.0468970790368327
2020-11-07,29.054,29.914,26.851,27.788,4232157.28,2020-11-07 23:59:59.999,121480847.56771,311327,1910176.56,54900767.45653,0,2020-11-07,35.72218313398331,29.2446,1.3721009399725737,-1.0615837053716424,-0.04350819220707691,-0.04448305491328721
2020-11-08,27.784,28.74,27.485,28.427,1910190.58,2020-11-08 23:59:59.999,53939729.11646,195733,961331.05,27158472.79302,0,2020-11-08,41.65507649513212,29.171,1.3746281793921151,-0.5412372677599333,0.022995537642147568,0.022735124928839445
2020-11-09,28.421,28.978,27.375,28.1,2500157.58,2020-11-09 23:59:59.999,70566408.43938,216748,1229837.02,34733450.09751,0,2020-11-09,34.58535556024478,29.134449999999998,1.3937298112769338,-0.7422170291760022,-0.011503148415238917,-0.011569821419773845
2020-11-10,28.1,28.539,27.717,28.237,2011956.56,2020-11-10 23:59:59.999,56653622.03376,184975,990102.5,27889154.72553,0,2020-11-10,32.711091816800504,29.0596,1.4000202780486068,-0.5875629181218486,0.004875444839857579,0.004863598347673748
2020-11-11,28.238,28.6,27.811,28.01,1570625.19,2020-11-11 23:59:59.999,44277853.14999,176239,733752.71,20690301.04904,0,2020-11-11,36.139088729016784,28.926949999999998,1.3653595429698628,-0.6715813462624591,-0.008039097637850934,-0.008071585415356632
2020-11-12,28.012,28.188,27.302,27.712,1509464.91,2020-11-12 23:59:59.999,41929883.8983,180941,666570.97,18519789.52913,0,2020-11-12,36.93174856022546,28.781050000000004,1.3292244464150096,-0.8042659784683392,-0.010639057479471692,-0.010696056891992581
2020-11-13,27.712,28.488,27.55,28.227,2001986.93,2020-11-13 23:59:59.999,56150124.08873,203657,977734.77,27429525.41309,0,2020-11-13,48.07901907356948,28.660950000000003,1.2601897716321269,-0.3443528980861155,0.01858400692840645,0.018413434312713615
2020-11-14,28.227,28.233,27.408,27.964,1213580.95,2020-11-14 23:59:59.999,33670851.95792,190204,558264.64,15489665.36494,0,2020-11-14,46.44643327191364,28.553800000000003,1.2212707618231604,-0.4829395891862076,-0.009317320296170384,-0.009360998042999608
2020-11-15,27.959,28.24,27.069,27.681,1611727.73,2020-11-15 23:59:59.999,44855583.79333,207782,736560.52,20520758.4862,0,2020-11-15,44.326467954458224,28.38675,1.0870093630061628,-0.6492584369726326,-0.010120154484336896,-0.010171711385210147
2020-11-16,27.681,28.231,27.48,27.997,1523268.24,2020-11-16 23:59:59.999,42511092.30144,167269,754302.93,21050600.5426,0,2020-11-16,51.288659793814446,28.215449999999997,0.8206677303782026,-0.2661856826018065,0.011415772551569559,0.01135110431332655
2020-11-17,27.99,28.83,27.958,28.554,2544418.5,2020-11-17 23:59:59.999,72512580.62212,200984,1168725.69,33299706.97647,0,2020-11-17,61.971428571428575,28.127049999999997,0.6616242752339457,0.6453058268592623,0.019894988748794473,0.019699669789173237
2020-11-18,28.561,28.84,27.203,28.12,2854413.67,2020-11-18 23:59:59.999,80227340.82021,225592,1252065.97,35193663.76274,0,2020-11-18,57.88900979325356,28.040799999999997,0.524007995117691,0.15114273205357404,-0.015199271555648819,-0.015315964424564123
2020-11-19,28.123,28.388,27.65,28.123,1769669.98,2020-11-19 23:59:59.999,49672010.05929,181782,841875.24,23631641.34424,0,2020-11-19,53.048225659690644,28.021499999999996,0.5128454676450827,0.19791536906054638,0.00010668563300142431,0.0001066799424940065
2020-11-20,28.123,29.339,28.074,28.986,2819396.37,2020-11-20 23:59:59.999,81176230.81665,219031,1351814.66,38911833.7817,0,2020-11-20,49.46131243878551,28.0456,0.5469069390672364,1.7194881483929902,0.030686626604558453,0.030225207915366367
2020-11-21,28.986,30.838,28.339,30.581,4992749.7,2020-11-21 23:59:59.999,148218419.12064,308668,2277614.43,67637988.0719,0,2020-11-21,71.62769087811681,28.14625,0.7825659464391564,3.1112393927676485,0.05502656454840271,0.05356594627775976
2020-11-22,30.587,31.362,28.878,30.045,4664400.13,2020-11-22 23:59:59.999,140573398.75155,315496,2086026.96,62901026.46889,0,2020-11-22,62.73213723638657,28.25815,0.8848285159461575,2.0194308476702987,-0.01752722278538954,-0.017682643292192993
2020-11-23,30.041,31.179,29.821,31.063,4520129.8,2020-11-23 23:59:59.999,137955951.6105,309535,2020565.2,61697036.94658,0,2020-11-23,71.02909865152594,28.467399999999998,1.0250074916285459,2.532274174773178,0.03388250956897987,0.03332114252088454
2020-11-24,31.057,35.328,30.852,33.919,11036062.96,2020-11-24 23:59:59.999,365280262.16111,564216,5027457.1,166410412.80463,0,2020-11-24,79.0966816878329,28.815350000000002,1.5387703660629812,3.316706711124111,0.09194218201719084,0.0879579290502739
2020-11-25,33.927,35.423,30.3,31.285,6090274.8,2020-11-25 23:59:59.999,201330449.8109,396133,2692872.66,89175675.97668,0,2020-11-25,63.45411223399886,28.99355,1.6100822952160998,1.4231881232458683,-0.07765559126153476,-0.08083657990672284
2020-11-26,31.284,31.793,26.409,28.258,9344593.8,2020-11-26 23:59:59.999,268723165.35109,567457,4375769.94,125956557.43259,0,2020-11-26,51.83221476510067,28.95385,1.618332971886397,-0.42997949871149693,-0.09675563369026696,-0.1017621461067108
2020-11-27,28.263,28.75,27.263,28.5,3319292.13,2020-11-27 23:59:59.999,93249138.99602,251236,1600176.35,44958343.54908,0,2020-11-27,50.93320571545772,28.989450000000005,1.5990532881742794,-0.3060873603273316,0.008563946493028496,0.008527483930988742
2020-11-28,28.5,29.722,27.927,29.168,2567869.23,2020-11-28 23:59:59.999,74245584.991,199945,1276784.75,36920277.74832,0,2020-11-28,54.00478978179884,29.0265,1.5939116564041358,0.08877530911545285,0.023438596491228036,0.023168130661702348
2020-11-29,29.165,30.479,28.91,30.138,2572348.98,2020-11-29 23:59:59.999,76134371.95894,206100,1231285.97,36450342.30542,0,2020-11-29,57.8153826579299,29.1284,1.5967053381391423,0.6323020133299151,0.033255622600109724,0.032714616059655456
2020-11-30,30.138,31.696,29.759,31.535,3329955.45,2020-11-30 23:59:59.999,102498110.64329,248562,1532941.38,47171223.18341,0,2020-11-30,60.52976190476191,29.2933,1.6684878152008233,1.3435519154391817,0.04635344083880799,0.045311206119651726
2020-12-01,31.54,32.0,29.164,30.206,4032903.5,2020-12-01 23:59:59.999,123938360.14332,312754,1864225.74,57278492.18828,0,2020-12-01,54.700660141133625,29.403100000000002,1.651764953968279,0.4860861093287348,-0.04214364991279529,-0.04305745997146467
2020-12-02,30.205,30.993,29.504,30.278,2308003.41,2020-12-02 23:59:59.999,69942956.70488,208419,1118245.73,33899037.97441,0,2020-12-02,56.26961069145846,29.531399999999998,1.6126903771745895,0.4629530941382768,0.0023836323909156576,0.002380796045537134
2020-12-03,30.286,30.859,29.884,30.721,1656800.75,2020-12-03 23:59:59.999,50405361.39047,168047,773997.83,23550435.74028,0,2020-12-03,57.359773371104815,29.6561,1.6029138237334328,0.6643526209785162,0.014631085276438416,0.01452508364331022
2020-12-04,30.72,31.16,28.757,29.039,2403792.7,2020-12-04 23:59:59.999,71929179.54771,222357,1110954.83,33256298.44015,0,2020-12-04,50.14348367534787,29.70985,1.5606535498410674,-0.42985196815034027,-0.054750821913349124,-0.056306705731017016
2020-12-05,29.04,30.041,28.682,29.74,1626331.61,2020-12-05 23:59:59.999,47793114.56812,185907,795355.09,23373139.11555,0,2020-12-05,47.60739687055476,29.8128,1.4858960295142682,-0.04899400668282209,0.024139949722786547,0.02385318693002885
2020-12-06,29.73,30.162,29.057,29.499,1398524.3,2020-12-06 23:59:59.999,41305996.87542,162364,696794.06,20587611.06736,0,2020-12-06,48.42013888888888,29.887900000000002,1.4260433631850626,-0.2727126047074728,-0.0081035642232683,-0.008136576565880122
2020-12-07,29.508,29.668,29.09,29.38,1053377.07,2020-12-07 23:59:59.999,30935718.73322,162035,505910.51,14860278.99539,0,2020-12-07,44.86295097979366,29.929199999999998,1.3970448736341021,-0.3931155042796708,-0.0040340350520357005,-0.004042193720397659
2020-12-08,29.384,29.488,27.453,27.687,1961246.58,2020-12-08 23:59:59.999,55669703.74606,207779,861754.07,24465230.43566,0,2020-12-08,29.52424760152452,29.907550000000004,1.429534980518585,-1.5533372951772508,-0.05762423417290663,-0.05935118179418177
2020-12-09,27.682,28.398,26.932,28.152,1476065.49,2020-12-09 23:59:59.999,40946511.95294,165855,706729.42,19623018.82287,0,2020-12-09,37.99524867805962,29.909000000000002,1.427643070533409,-1.23069977101737,0.01679488568642329,0.016655411067734726
2020-12-10,28.145,28.243,27.422,27.7,1036482.54,2020-12-10 23:59:59.999,28796222.02568,151821,529019.47,14694881.48848,0,2020-12-10,47.33626121825473,29.8447,1.498599209086151,-1.4311364819869636,-0.016055697641375488,-0.016185986825991313
2020-12-11,27.699,27.784,26.747,27.356,1219804.25,2020-12-11 23:59:59.999,33171119.06108,171035,598518.95,16276425.80971,0,2020-12-11,44.59152798789713,29.68345,1.5861514321745644,-1.4673567433653778,-0.012418772563176805,-0.012496529957443112
2020-12-12,27.359,28.235,27.283,28.162,1029509.45,2020-12-12 23:59:59.999,28686112.86665,154054,512432.18,14283943.18395,0,2020-12-12,45.3052081388837,29.5893,1.6191040114828774,-0.8815369425789954,0.029463371837987973,0.029037668259270247
2020-12-13,28.163,29.323,28.023,29.182,1386617.61,2020-12-13 23:59:59.999,39963156.70825,162397,684902.55,19731238.74604,0,2020-12-13,45.55927164622815,29.495250000000006,1.583228742159497,-0.1978551750979075,0.036219018535615266,0.03557852934671067
2020-12-14,29.185,30.194,28.69,30.031,2027509.43,2020-12-14 23:59:59.999,59619234.31363,175177,988133.67,29075990.7154,0,2020-12-14,42.63899765074392,29.300849999999997,1.2049740890422074,0.6059466395500447,0.029093276677403912,0.028678100632274505
2020-12-15,30.04,30.335,29.305,29.47,1372204.44,2020-12-15 23:59:59.999,40853888.07639,141562,644307.9,19184296.48015,0,2020-12-15,46.10499576629974,29.2101,1.112473247460687,0.23362359552757034,-0.01868069661349936,-0.018857384724501762
2020-12-16,29.471,30.67,29.035,30.563,2173014.46,2020-12-16 23:59:59.999,64975816.57149,175364,1030672.83,30795799.42415,0,2020-12-16,51.36116152450091,29.325349999999997,1.1279354813108504,1.0972702078328496,0.037088564642008715,0.03641733026986574
2020-12-17,30.564,31.634,29.746,30.237,3996558.39,2020-12-17 23:59:59.999,123043407.103,266832,1806972.53,55653577.57322,0,2020-12-17,47.66228748068005,29.412199999999995,1.127913191881802,0.7312619498881054,-0.010666492163727392,-0.01072378697861865
2020-12-18,30.238,31.26,29.638,31.0,1958227.68,2020-12-18 23:59:59.999,59862269.90047,173779,948169.62,28987518.03402,0,2020-12-18,60.394360224742925,29.503800000000002,1.1802149492002436,1.26773517062623,0.025233984852994773,0.024920864444295785
2020-12-19,31.0,34.356,30.931,33.337,5468744.51,2020-12-19 23:59:59.999,180458344.67921,342101,2566284.7,84545910.20877,0,2020-12-19,66.24808022404918,29.66375,1.4553851317018796,2.5239023815672934,0.07538709677419364,0.07268068678527914
2020-12-20,33.346,35.7,32.6,34.29,6599639.99,2020-12-20 23:59:59.999,226687301.56077,400341,3087517.62,106088259.57008,0,2020-12-20,70.33358798064681,29.801500000000004,1.7436483681003176,2.574200212678292,0.028586855445900783,0.02818587520440351
2020-12-21,34.297,35.695,31.5,32.13,7192550.36,2020-12-21 23:59:59.999,240192067.07971,457065,3364067.87,112441433.21239,0,2020-12-21,59.94790913037189,29.897700000000004,1.81860394982408,1.2274800130154435,-0.06299212598425186,-0.06506359334706177
2020-12-22,32.13,33.858,30.5,33.527,4476925.13,2020-12-22 23:59:59.999,144947357.09639,338242,2193860.5,71064810.33953,0,2020-12-22,71.58805263936125,30.06015,1.9912767201762165,1.7410186966345917,0.04347961406784928,0.04256091123297729
2020-12-23,33.527,34.5,29.8,31.159,5435106.02,2020-12-23 23:59:59.999,177304618.17446,383750,2536525.9,82827451.23857,0,2020-12-23,59.744636723053986,30.08205,2.001310530495866,0.5381223871005982,-0.07062964178125097,-0.07324795629935733
2020-12-24,31.161,32.776,30.354,32.504,3172919.14,2020-12-24 23:59:59.999,100175786.85975,265662,1556346.92,49134318.82231,0,2020-12-24,64.71633378262467,30.2553,2.0555087755384926,1.0939870589513272,0.043165698514072925,0.0422600306240384
2020-12-25,32.525,33.532,31.745,33.231,2648964.1,2020-12-25 23:59:59.999,86602796.28391,235493,1249742.99,40866396.24062,0,2020-12-25,67.58455552229871,30.42985,2.155252000774405,1.2996856047429814,0.022366477971942134,0.02212001651748007
2020-12-26,33.235,34.106,32.578,33.638,2918075.41,2020-12-26 23:59:59.999,97474881.46584,243380,1379610.19,46103708.50842,0,2020-12-26,66.79136514166564,30.6368,2.2574588788001564,1.3294594325435245,0.012247600132406333,0.012173205102335473
2020-12-27,33.641,35.132,31.792,33.676,4249254.43,2020-12-27 23:59:59.999,143677272.94804,348546,1914067.24,64773069.48202,0,2020-12-27,64.66327329678936,30.8516,2.334644127056623,1.2097775276614993,0.0011296747725786371,0.0011290371701764585
2020-12-28,33.68,36.268,33.352,36.026,4737639.14,2020-12-28 23:59:59.999,167494762.90028,345373,2143080.77,75786131.21158,0,2020-12-28,67.81575037147104,31.268549999999998,2.479850132886853,1.9184425449378848,0.06978263451716349,0.06745548252594905
2020-12-29,36.023,39.5,35.372,39.122,7250595.49,2020-12-29 23:59:59.999,275087307.71419,515664,3626998.38,137698646.90579,0,2020-12-29,74.92768595041323,31.817050000000002,2.927098661869087,2.4956282120451148,0.0859379337145394,0.0824440686028009
2020-12-30,39.127,39.355,36.852,38.224,2447370.68,2020-12-30 23:59:59.999,92516921.15966,245472,1116871.08,42248257.4704,0,2020-12-30,69.98695538742498,32.34325,3.089467708794548,1.9034832386367802,-0.022953836715914444,-0.02322137802071407
2020-12-31,38.209,38.28,36.67,37.386,1803543.66,2020-12-31 23:59:59.999,67479827.55992,197958,795634.07,29772069.16551,0,2020-12-31,68.16587894496114,32.84475,3.0511259677457883,1.4883849595220546,-0.021923398911678382,-0.022167287793313627
2021-01-01,37.4,39.082,37.0,37.795,2613623.24,2021-01-01 23:59:59.999,99344291.78495,264595,1190776.25,45260332.45087,0,2021-01-01,67.58267349790407,33.3264,3.0332813290317624,1.4731900919412577,0.010939924035735293,0.010880515954000072
2021-01-02,37.795,39.06,36.79,38.271,2789507.96,2021-01-02 23:59:59.999,105559011.11676,275277,1277245.43,48336493.99729,0,2021-01-02,64.12782041003322,33.78085,3.0604234188477353,1.467166266062153,0.012594258499801558,0.012515610480122643
2021-01-03,38.271,41.906,37.838,41.3,5731756.14,2021-01-03 23:59:59.999,230122378.41895,457600,2615539.56,105040872.29335,0,2021-01-03,67.93940014331048,34.3443,3.3567242976637828,2.0721689907154537,0.079146089728515,0.07617007074272435
2021-01-04,41.301,43.646,38.011,41.142,6603696.97,2021-01-04 23:59:59.999,268002846.34759,530059,3015265.84,122416457.74082,0,2021-01-04,75.69571167883214,34.9279,3.4771623927080655,1.787118143527478,-0.003825665859564009,-0.0038330024367045274
2021-01-05,41.126,41.807,38.844,41.799,4157283.5,2021-01-05 23:59:59.999,167800582.98486,342304,1848682.8,74643313.1373,0,2021-01-05,74.62491069302217,35.4897,3.638751855122582,1.7339187312588682,0.015969082689222702,0.015842918269282
2021-01-06,41.806,42.328,40.53,42.288,3385263.29,2021-01-06 23:59:59.999,140351595.41443,319961,1478139.17,61308880.27595,0,2021-01-06,87.30307702621175,36.09225,3.720034534007807,1.6655087320721615,0.011698844469963277,0.011630942062368888
2021-01-07,42.286,44.928,41.3,43.57,4664178.86,2021-01-07 23:59:59.999,201493806.87513,424033,2128339.86,91981145.54939,0,2021-01-07,87.24922579776496,36.72075,3.8731190460321527,1.7684067849700529,0.03031592886870982,0.02986548226741738
2021-01-08,43.566,43.69,40.054,42.394,4283914.41,2021-01-08 23:59:59.999,180737744.04054,377962,2012381.44,84889828.72207,0,2021-01-08,79.93857413579039,37.17360000000001,3.984539270731333,1.3101640228135647,-0.02699104888684878,-0.027361997338805583
2021-01-09,42.403,44.301,41.52,43.907,3048897.77,2021-01-09 23:59:59.999,130567492.02824,297436,1442074.11,61734508.31043,0,2021-01-09,81.29075507343534,37.65445,4.193062584731342,1.4911654366352878,0.035689012596122005,0.03506691788221498
2021-01-10,43.911,45.2,39.786,42.399,4438160.76,2021-01-10 23:59:59.999,191480239.10162,430353,1994900.66,86106694.30409,0,2021-01-10,74.39454108171601,38.167899999999996,4.108862640682969,1.029749682578028,-0.034345320791673184,-0.03494898361863668
2021-01-11,42.394,42.464,35.13,38.104,7471566.19,2021-01-11 23:59:59.999,286696120.4017,619602,3485925.15,133651754.59216,0,2021-01-11,55.241121872477805,38.396750000000004,3.9615983998354976,-0.07389694018761755,-0.10129955895186216,-0.10680551355556427
2021-01-12,38.114,39.998,37.135,38.275,3873565.39,2021-01-12 23:59:59.999,149031276.43131,354179,1915952.79,73749393.21961,0,2021-01-12,47.49393455234037,38.75255,3.5783626140133786,-0.13345489306473493,0.004487717824900317,0.004477678045188228
2021-01-13,38.274,40.512,37.0,40.192,3655018.8,2021-01-13 23:59:59.999,140899630.97661,331381,1841511.71,71053798.90891,0,2021-01-13,55.49168433977008,39.13695,3.2715783487646326,0.3224896021207606,0.05008491182233832,0.04887102930198601
2021-01-14,40.208,42.039,39.68,41.911,3023256.98,2021-01-14 23:59:59.999,123844764.44994,303629,1386457.57,56791494.16911,0,2021-01-14,62.03521463907655,39.570949999999996,3.012336572985769,0.7768222253068465,0.042769705414012815,0.041880351460367775
2021-01-15,41.912,42.69,38.696,40.88,3622510.35,2021-01-15 23:59:59.999,148351367.44652,338991,1665401.23,68205956.29008,0,2021-01-15,57.94243344832914,39.93305,2.678379802378625,0.35355329336004937,-0.02459974708310464,-0.024907376410652153
2021-01-16,40.882,44.226,40.689,43.171,4005216.95,2021-01-16 23:59:59.999,170702878.35315,364852,1909949.86,81370679.8462,0,2021-01-16,61.53701262007912,40.407799999999995,2.3297452221220047,1.186052437735314,0.056042074363992,0.0545280276380723
2021-01-17,43.169,46.784,41.0,45.857,5321151.21,2021-01-17 23:59:59.999,234148839.87087,447884,2517004.47,110856888.93052,0,2021-01-17,60.90556645766526,40.89935,2.3928371681245317,2.0718710265963183,0.06221769243241981,0.060358885271531056
2021-01-18,45.861,46.967,44.145,45.442,3761963.01,2021-01-18 23:59:59.999,170845051.60955,325137,1719552.55,78131109.08507,0,2021-01-18,60.16548463356974,41.21535,2.557417494167511,1.6527023881080691,-0.009049872429509054,-0.009091071276240975
2021-01-19,45.447,47.4,41.686,42.492,5885999.28,2021-01-19 23:59:59.999,261881385.10176,483938,2759624.64,122637237.0225,0,2021-01-19,51.47805315019408,41.42875,2.471289560554493,0.4302409628442856,-0.06491791734518737,-0.06712096461104466
2021-01-20,42.477,42.802,40.195,42.607,4038131.83,2021-01-20 23:59:59.999,168146125.47692,386922,1883996.55,78500175.75955,0,2021-01-20,50.6914040487234,41.689800000000005,2.2909395130888877,0.40035976277842783,0.00270639179139609,0.0027027361074550686
2021-01-21,42.62,42.714,38.116,38.647,4457043.1,2021-01-21 23:59:59.999,179805196.92555,400757,2091731.69,84417076.85078,0,2021-01-21,40.43966287334447,41.7324,2.2215753395899176,-1.3888342857503704,-0.09294247424132185,-0.09754940666800113
2021-01-22,38.648,41.426,36.81,40.863,4101010.61,2021-01-22 23:59:59.999,162589322.82931,369381,1967015.71,78054022.3853,0,2021-01-22,47.14227050434913,41.862,2.08012127682887,-0.4802604593915652,0.05733950888814143,0.05575585577609346
2021-01-23,40.855,41.799,39.504,40.925,2586537.96,2021-01-23 23:59:59.999,105153492.32686,278699,1279201.76,52027957.16387,0,2021-01-23,44.11509314808968,41.84325,2.0871320003398166,-0.43995779847680716,0.0015172650074639638,0.0015161151238843274
2021-01-24,40.927,42.273,40.28,41.85,1854955.87,2021-01-24 23:59:59.999,76799122.45614,244016,845082.71,34995202.40734,0,2021-01-24,48.89104350987759,41.87865,2.0806060674464826,-0.013770026170865183,0.02260232131948703,0.022350673678285884
2021-01-25,41.85,43.435,40.5,41.826,2542580.91,2021-01-25 23:59:59.999,107571862.48905,292131,1132151.66,47898390.97463,0,2021-01-25,59.08602675519968,41.88,2.080560425513017,-0.02595454538970524,-0.0005734767025089571,-0.0005736412031676541
2021-01-26,41.835,42.556,39.876,41.873,2217988.98,2021-01-26 23:59:59.999,90990712.26302,270774,1092392.25,44814491.75349,0,2021-01-26,58.83682090578642,41.859249999999996,2.078345442008178,0.006615839562607032,0.0011237029598814008,0.001123072078281828
2021-01-27,41.86,42.131,39.71,40.902,2497721.46,2021-01-27 23:59:59.999,102243269.16948,291300,1147205.7,46974249.12763,0,2021-01-27,51.82876571193077,41.725849999999994,2.0481651165707366,-0.4022380780409801,-0.023189167243808595,-0.02346226620189523
2021-01-28,40.907,42.999,40.36,42.452,2241362.92,2021-01-28 23:59:59.999,94475743.39705,267520,1038307.49,43787216.78688,0,2021-01-28,51.40570597100244,41.72875,2.0492017412436887,0.3529423118492227,0.03789545743484424,0.03719506429087282
2021-01-29,42.452,44.1,41.837,42.863,2967302.44,2021-01-29 23:59:59.999,127497250.36969,322487,1425946.46,61258497.69214,0,2021-01-29,55.324061644203404,41.676550000000006,2.003583381292091,0.5921640252550227,0.009681522660887731,0.009634957029940404
2021-01-30,42.869,45.156,42.6,44.744,1953602.31,2021-01-30 23:59:59.999,86077046.95623,243602,1016480.73,44779746.35531,0,2021-01-30,54.31834403997146,41.7938,2.1136765823411165,1.395766989447529,0.04388400251965563,0.04294837458977051
2021-01-31,44.74,45.707,43.374,44.353,1771975.33,2021-01-31 23:59:59.999,78544090.37274,237810,892715.12,39577892.87679,0,2021-01-31,45.27578841563011,42.10625,1.99825352363939,1.124356831313389,-0.008738601823708114,-0.008777007308479296
2021-02-01,44.345,52.578,43.418,51.483,5792782.9,2021-02-01 23:59:59.999,280811230.96805,619431,2942071.11,142639401.28733,0,2021-02-01,63.34555737197897,42.76665,2.718259181225404,3.2065926826266162,0.16075575496584205,0.1490713058774681
2021-02-02,51.461,52.888,49.315,50.914,4571265.54,2021-02-02 23:59:59.999,232664923.88246,463195,2252252.95,114651417.6182,0,2021-02-02,70.79300809796565,43.302749999999996,3.198619371163031,2.379542270211577,-0.011052191985703952,-0.011113721234958551
2021-02-03,50.906,52.694,49.751,52.096,2182777.61,2021-02-03 23:59:59.999,111438021.18047,263064,1087924.76,55566875.29063,0,2021-02-03,72.25479619119096,43.812,3.731725422854607,2.2198846542313664,0.023215618493930945,0.022950235526757998
2021-02-04,52.095,56.948,51.008,55.968,3742663.91,2021-02-04 23:59:59.999,201246849.48788,434329,1906856.31,102551243.5517,0,2021-02-04,90.79176675615848,44.5664,4.544395291831635,2.508936672057097,0.07432432432432456,0.07169192845611669
2021-02-05,55.96,68.8,55.925,67.736,5761391.94,2021-02-05 23:59:59.999,354892927.06439,688401,2888234.65,178107013.09749,0,2021-02-05,93.64909203131602,45.794650000000004,6.871337510764745,3.193170174747833,0.21026300743281867,0.19083769750378446
2021-02-06,67.69,75.538,61.52,72.555,12358167.87,2021-02-06 23:59:59.999,874732752.1915,1134997,5987404.18,424178897.37162,0,2021-02-06,94.49915588069783,47.12955,9.112061379090703,2.790307148099701,0.07114385260422829,0.06872709860308023
2021-02-07,72.548,74.5,64.034,68.269,6571573.68,2021-02-07 23:59:59.999,453573888.24923,680336,3171623.9,219055983.94277,0,2021-02-07,83.95671062440556,48.2709,10.248333661214373,1.9513513768276687,-0.059072427813382955,-0.0608891113424254
2021-02-08,68.259,80.386,67.4,80.146,7926793.81,2021-02-08 23:59:59.999,581712183.32185,866782,3913895.0,287244240.37722,0,2021-02-08,87.7507191551405,50.1536,12.369899039710562,2.4246277114887254,0.17397354582607027,0.16039418778411169
2021-02-09,80.146,116.592,78.785,107.249,17338691.09,2021-02-09 23:59:59.999,1715925644.63717,1799021,8380363.45,829457208.62429,0,2021-02-09,92.01002441845522,53.3857,17.6236649575746,3.0563052650890135,0.33817033913108574,0.2913032623705909
2021-02-10,107.254,148.9,107.25,128.901,27321335.8,2021-02-10 23:59:59.999,3537757054.75824,3423412,13142383.33,1701531105.67539,0,2021-02-10,94.67362500126916,57.8984,24.038696648704192,2.953679271285592,0.2018853322641705,0.18389143411161632
2021-02-11,128.9,133.605,118.0,124.11,7898640.86,2021-02-11 23:59:59.999,988435909.81586,1068228,3744384.56,468825703.39803,0,2021-02-11,90.13388117799708,62.06075,27.84032267446666,2.228754699632399,-0.03716805920822963,-0.037876398725519886
2021-02-12,124.148,141.85,121.0,136.745,7979486.2,2021-02-12 23:59:59.999,1055142000.47924,1037487,3760157.68,497461227.86729,0,2021-02-12,91.19221453894485,66.85175000000001,31.952704700401405,2.187396987370586,0.10180485053581512,0.09694960842091749
2021-02-13,136.728,139.0,124.951,133.5,4435209.64,2021-02-13 23:59:59.999,583667753.63512,666842,2027319.61,266920922.12219,0,2021-02-13,88.48248352410683,71.43424999999999,34.63755720673734,1.7918627930242037,-0.02373030092507955,-0.024016399722043016
2021-02-14,133.5,140.417,128.541,135.844,5327989.9,2021-02-14 23:59:59.999,713957618.34866,716754,2498091.08,334896334.60391,0,2021-02-14,89.00769998209306,76.13515000000001,36.72475518642205,1.6258474616619272,0.01755805243445696,0.017405690696734328
2021-02-15,135.89,140.187,117.189,130.037,5327626.06,2021-02-15 23:59:59.999,688852449.81752,754033,2418462.06,313072897.84458,0,2021-02-15,83.8740836567486,80.54335,37.67472641087407,1.3137096062816962,-0.042747563381525744,-0.04368814319211563
2021-02-16,130.036,134.0,126.2,130.334,3003950.45,2021-02-16 23:59:59.999,390849638.86074,480056,1378784.54,179496676.63952,0,2021-02-16,84.3280485485572,85.01495,38.02774835837506,1.1917363492813569,0.002283965332943616,0.0022813610487652743
2021-02-17,130.327,176.92,127.0,165.556,11845430.36,2021-02-17 23:59:59.999,1813734286.07048,1595247,5764874.36,883296501.32347,0,2021-02-17,87.89123552278284,91.17015,40.64843464361597,1.8299806782764427,0.2702441419736985,0.2392091197697524
2021-02-18,165.638,201.69,163.257,195.549,15260592.33,2021-02-18 23:59:59.999,2864510514.33314,2082367,7299638.58,1370221799.23143,0,2021-02-18,89.69000051183184,98.80445,45.18344037421236,2.141150589657516,0.1811652854623209,0.16650148124336578
2021-02-19,195.571,350.0,195.0,334.094,35904371.35,2021-02-19 23:59:59.999,10019885962.46741,7148391,17313234.68,4829117853.36741,0,2021-02-19,94.00923943215163,113.27195000000002,67.68417033194459,3.26253611320075,0.7084925006008724,0.535611403099644
2021-02-20,334.111,337.0,223.342,252.807,20932443.53,2021-02-20 23:59:59.999,5912072901.33963,5183793,9731045.31,2750022094.45709,0,2021-02-20,73.7746779077988,123.69465,72.39851203783203,1.7833564028571747,-0.243305776218669,-0.27879603874368747
2021-02-21,253.053,309.086,249.001,294.864,14676450.99,2021-02-21 23:59:59.999,4155862705.69895,3394379,7041046.55,1993071836.93636,0,2021-02-21,77.17911504000192,135.8637,79.7073775843802,1.994800290997886,0.16636010869952167,0.15388788132691858
2021-02-22,294.945,295.986,219.0,267.467,15428019.61,2021-02-22 23:59:59.999,4042822266.78488,3666793,7316029.84,1919397855.31843,0,2021-02-22,71.66186759178953,146.69135,82.22890762555535,1.4687736160861384,-0.09291402137934779,-0.09751803884962545
2021-02-23,267.444,270.081,183.5,230.982,19576669.04,2021-02-23 23:59:59.999,4334130731.88721,4528646,9418630.97,2086966690.00844,0,2021-02-23,64.00464508768395,155.63565,81.119436026065,0.9288322711685272,-0.13640935143400867,-0.14665640883226722
2021-02-24,230.99,280.811,213.2,254.183,14890210.61,2021-02-24 23:59:59.999,3754142486.00136,3229809,7197895.46,1814904044.87115,0,2021-02-24,64.1304200710119,165.5464,80.40698305194519,1.1023495302981114,0.10044505632473522,0.09571469463601746
2021-02-25,254.194,265.82,231.0,234.376,9071200.41,2021-02-25 23:59:59.999,2266374310.55284,2084220,4360912.74,1090200697.15883,0,2021-02-25,62.02931563398659,173.8784,78.34558078921881,0.772189055088671,-0.07792417274168606,-0.08112781666156635
2021-02-26,234.409,239.772,208.872,221.6,10146456.87,2021-02-26 23:59:59.999,2289352972.85643,2335477,4946492.57,1116894642.87443,0,2021-02-26,59.254290967864364,181.33065,75.22694424646357,0.5353048751796544,-0.0545107007543435,-0.056052708509111045
2021-02-27,221.594,238.0,218.991,225.36,5396399.16,2021-02-27 23:59:59.999,1230194961.35626,1352282,2630694.53,599933966.34134,0,2021-02-27,60.007015586803725,189.18519999999998,70.87592476671367,0.510396162294439,0.016967509025270777,0.016825168694988433
2021-02-28,225.33,229.294,195.0,210.11,7904773.17,2021-02-28 23:59:59.999,1653869877.94446,1702913,3830519.52,801470409.99261,0,2021-02-28,57.86909494706327,195.6834,66.15305441999448,0.2180791216140676,-0.06766950656727011,-0.07006792046715936
2021-03-01,210.196,260.0,209.052,255.033,11445294.27,2021-03-01 23:59:59.999,2765386971.87072,2331009,5633694.37,1360424487.16647,0,2021-03-01,62.230528375733854,203.0726,63.97286923162295,0.8122255672458571,0.21380705344819373,0.19376174544919414
2021-03-02,255.069,265.584,227.121,239.713,7830293.28,2021-03-02 23:59:59.999,1915270144.56256,1501657,3792603.24,927658778.89129,0,2021-03-02,60.396788733572485,208.6132,61.97841714967366,0.5017843538162017,-0.06007065752275198,-0.06195057412070712
2021-03-03,239.673,255.387,236.054,240.499,6569331.17,2021-03-03 23:59:59.999,1621177389.75132,1240085,3137903.79,774655600.46279,0,2021-03-03,57.62255714654782,214.43265000000002,59.01995787356498,0.4416531447860467,0.003278921043080585,0.0032735571035683664
2021-03-04,240.427,250.311,225.577,229.743,5592589.83,2021-03-04 23:59:59.999,1331429561.70798,1126102,2664887.85,634908273.07196,0,2021-03-04,53.61956176563989,219.08255,56.17189668890454,0.18978262491367365,-0.0447236786847347,-0.04575463866126404
2021-03-05,229.698,231.637,215.7,225.407,5124643.74,2021-03-05 23:59:59.999,1144093957.55844,1072202,2479352.16,553645873.73778,0,2021-03-05,33.92874570075797,223.6779,52.43724999102327,0.03297465065952202,-0.01887326273270562,-0.01905363584767675
2021-03-06,225.409,232.386,219.424,226.349,3351778.24,2021-03-06 23:59:59.999,755801055.06652,737608,1633982.55,368539749.85488,0,2021-03-06,44.86842309422955,228.20315,48.191734157234855,-0.03847444032519106,0.004179107126220494,0.0041703989113123585
2021-03-07,226.382,244.389,224.77,240.269,4499987.45,2021-03-07 23:59:59.999,1058652887.22604,949087,2184949.81,513959578.50826,0,2021-03-07,38.11389930287949,233.71474999999995,42.31949819356654,0.15487541865504534,0.061497952277235646,0.059681073075220394
2021-03-08,240.283,243.394,229.0,240.555,3799282.72,2021-03-08 23:59:59.999,895057867.60379,849480,1824406.65,429870846.52357,0,2021-03-08,43.35663645160654,239.2258,34.62554177968716,0.038387846996224634,0.0011903325023203681,0.001189624618276565
2021-03-09,240.553,298.292,235.82,293.464,12635026.59,2021-03-09 23:59:59.999,3401097400.37638,2587233,6034475.64,1624313838.46186,0,2021-03-09,64.26712091043603,245.6212,32.01657038998496,1.4943137074721038,0.21994554259940546,0.19880622053529304
2021-03-10,293.424,296.5,264.0,278.397,10156146.59,2021-03-10 23:59:59.999,2860535754.97144,2162050,4779256.87,1346814258.57018,0,2021-03-10,55.74232349007295,249.7636,30.521772305580562,0.938130319344683,-0.05134190224354607,-0.05270682162403936
2021-03-11,278.397,316.491,272.434,290.04,12275392.55,2021-03-11 23:59:59.999,3595737902.70377,2614437,5897672.96,1727665867.46572,0,2021-03-11,63.7323978408676,247.5609,25.249833137333365,1.6823517117502123,0.0418215713531398,0.04097069196325656
2021-03-12,290.04,290.954,246.336,263.372,9784609.14,2021-03-12 23:59:59.999,2640348829.36901,2153486,4609454.77,1243715182.85514,0,2021-03-12,59.64417313890454,248.08915000000002,25.474874879658014,0.5999185500299957,-0.09194593849124255,-0.09645136304666495
2021-03-13,263.404,284.933,255.55,276.98,5299618.99,2021-03-13 23:59:59.999,1448083021.93244,1266424,2561675.87,699805108.40937,0,2021-03-13,61.39947176411353,247.19495,24.01887251500631,1.2400686161014076,0.05166836262017216,0.05037781995784462
2021-03-14,276.994,277.71,263.114,263.278,3400635.57,2021-03-14 23:59:59.999,919002613.54001,870552,1604588.95,433766674.72422,0,2021-03-14,61.82215185932956,246.9855,23.85046573637768,0.6831103501324944,-0.04946927575998261,-0.05073479328357595
2021-03-15,263.431,268.158,249.649,254.523,4745146.3,2021-03-15 23:59:59.999,1220857944.82322,1114058,2240412.53,576585884.78432,0,2021-03-15,49.86486343257481,248.16255,23.598664726889226,0.2695258428224816,-0.033253822955203294,-0.03381930294289417
2021-03-16,254.53,259.902,240.0,258.957,4021206.86,2021-03-16 23:59:59.999,1013265927.78932,1021004,1916805.28,483212760.62913,0,2021-03-16,55.41133331833622,248.40125000000003,23.68674661598803,0.44563950343754943,0.01742082247969723,0.017270819562041552
2021-03-17,258.964,272.598,248.624,270.149,3325521.09,2021-03-17 23:59:59.999,857917831.23671,828151,1580633.38,407691517.26424,0,2021-03-17,57.87650490388805,250.1899,23.92141625340025,0.8343611343313744,0.043219530655668636,0.04231163388584742
2021-03-18,270.187,278.239,257.461,261.699,4023547.21,2021-03-18 23:59:59.999,1083023933.05355,1007408,1847532.08,497354780.96139,0,2021-03-18,58.59438874306124,252.19485,23.064131946596664,0.41207490583240614,-0.03127903490296091,-0.031778670276468905
2021-03-19,261.699,269.486,255.001,262.924,2412866.29,2021-03-19 23:59:59.999,638127797.27726,659813,1136434.87,300617252.75822,0,2021-03-19,60.26170535172126,254.07305000000002,22.280014937808463,0.39725960798079085,0.004680950252006877,0.004670028673358529
2021-03-20,262.933,274.848,261.585,264.332,2695399.68,2021-03-20 23:59:59.999,724691118.54619,704035,1262938.08,339655782.97225,0,2021-03-20,60.36274943115781,256.78415,19.811051238812723,0.3809918973513455,0.005355159665911158,0.005340871784944598
2021-03-21,264.305,268.121,257.232,264.852,2342979.86,2021-03-21 23:59:59.999,617711659.78517,623703,1087556.25,286860354.5615,0,2021-03-21,57.235955188470975,257.2751,19.886891095975233,0.38099972305542523,0.0019672230376950317,0.0019652905884124734
2021-03-22,264.852,277.607,253.0,254.967,4184146.94,2021-03-22 23:59:59.999,1113058065.16685,1010608,1930566.87,514161734.93622,0,2021-03-22,54.015245227508274,258.0378,19.46595686293111,-0.15775232738996225,-0.037322731185718716,-0.038037054386941944
2021-03-23,254.99,263.031,252.0,255.654,3094054.4,2021-03-23 23:59:59.999,798087982.96707,805333,1495446.64,385763626.8406,0,2021-03-23,35.14271792776083,258.79554999999993,19.037546490181207,-0.1650186383849527,0.0026944663427030946,0.002690842775860275
2021-03-24,255.605,268.807,240.0,248.468,3981391.25,2021-03-24 23:59:59.999,1024271347.75635,965683,1825119.64,469903594.32431,0,2021-03-24,37.463032933153485,259.7318,17.96372323557207,-0.6270303684981777,-0.02810830262777042,-0.02851090318619496
2021-03-25,248.52,250.084,222.902,233.852,5051270.59,2021-03-25 23:59:59.999,1195801079.20644,1206240,2364696.23,559730527.04033,0,2021-03-25,27.03537797541196,260.15405,17.197334476675532,-1.5294259721280077,-0.05882447639132604,-0.060625627982724944
2021-03-26,233.849,255.192,233.744,255.072,3135255.75,2021-03-26 23:59:59.999,773587100.15819,774600,1453470.84,358600345.04096,0,2021-03-26,46.44959277256861,261.5902,15.322864304177333,-0.42539044075610466,0.09074115252381842,0.08685742161927679
2021-03-27,255.046,276.338,248.788,269.619,3929000.15,2021-03-27 23:59:59.999,1023220527.38542,991526,1805421.68,470790415.79875,0,2021-03-27,46.87635261866975,263.0577,14.559876687954556,0.45064255286091853,0.05703095596537455,0.055463993086856955
2021-03-28,269.605,281.67,261.1,268.799,3872203.57,2021-03-28 23:59:59.999,1050984177.0801,1052281,1824542.66,495456259.47163,0,2021-03-28,52.63042546095571,264.4699,13.60053214090578,0.3183037218800815,-0.0030413286897438274,-0.0030459629283905963
2021-03-29,268.788,278.5,264.52,275.426,2623334.32,2021-03-29 23:59:59.999,716337983.67931,747303,1240152.66,338725932.3846,0,2021-03-29,60.16514778684458,263.56800000000004,12.090937963703514,0.9807345001353215,0.024654109576300653,0.024355101568031914
2021-03-30,275.421,312.811,271.507,312.347,7941174.14,2021-03-30 23:59:59.999,2358752333.65585,1917154,3838904.72,1140459037.55547,0,2021-03-30,69.72964583456513,265.26550000000003,16.02545066449058,2.937920498193776,0.13405052536797535,0.12579575931123047
2021-03-31,312.322,317.89,283.0,302.7,7969896.6,2021-03-31 23:59:59.999,2415262142.06915,1868201,3730788.25,1130994952.28641,0,2021-03-31,62.16777936437922,265.8985,17.258161259318825,2.1324114108696492,-0.03088552155135149,-0.03137253325556843
2021-04-01,302.702,340.0,301.0,335.334,6517964.68,2021-04-01 23:59:59.999,2093682423.10748,1636935,3157740.25,1014922666.657,0,2021-04-01,73.31062471904421,269.4966,23.18690358211587,2.8394218213241973,0.10780971258671967,0.10238483403349637
2021-04-02,335.374,358.418,325.0,338.821,6764633.33,2021-04-02 23:59:59.999,2338213755.15838,1844569,3186542.82,1101972838.12591,0,2021-04-02,73.68746293811056,272.58865,27.884794151491867,2.375213876070753,0.010398587676764048,0.010344894266908537
2021-04-03,338.721,349.8,315.2,322.235,4675679.12,2021-04-03 23:59:59.999,1571363019.52245,1414139,2204836.75,741184127.60871,0,2021-04-03,66.50758625408392,275.53650000000005,29.892745665480035,1.5622017636849972,-0.04895210155214702,-0.050190851303563516
2021-04-04,322.244,352.867,316.116,349.304,4016471.3,2021-04-04 23:59:59.999,1366193753.50748,1205901,1948627.34,662981263.7652,0,2021-04-04,70.91099974248756,280.27555,33.661514492737254,2.050663823069916,0.08400391018976827,0.08066151019708168
2021-04-05,349.277,381.24,335.532,368.763,5689326.56,2021-04-05 23:59:59.999,2061267862.76967,1581988,2764542.86,1001995642.99641,0,2021-04-05,76.90136450029784,285.76585,38.5947459967712,2.1504779434730166,0.05570792203925512,0.05421155804830564
2021-04-06,368.754,413.068,364.5,403.484,7737755.9,2021-04-06 23:59:59.999,3014535196.14841,2136941,3750926.34,1461956890.04883,0,2021-04-06,80.10303820151502,292.4326,46.468042032755356,2.389844614535723,0.09415532469363797,0.08998267261796386
2021-04-07,403.499,414.784,356.777,375.947,11124864.67,2021-04-07 23:59:59.999,4274347011.93321,2951432,5352006.08,2056519968.94112,0,2021-04-07,73.9720411747671,298.145,49.41966912922557,1.5743124422091659,-0.06824805940260326,-0.070688657880214
2021-04-08,375.947,423.468,372.146,418.755,6253328.86,2021-04-08 23:59:59.999,2537454715.69412,1927288,3086404.99,1252900726.17705,0,2021-04-08,81.43721330372716,305.93655,55.486299148599926,2.0332668015550412,0.11386711424748697,0.10783784735884737
2021-04-09,418.77,454.842,405.05,454.84,6426818.58,2021-04-09 23:59:59.999,2786192439.36973,1905145,3157248.67,1369662726.03354,0,2021-04-09,82.33035980164946,315.46195,63.71089818735489,2.1876641825097236,0.08617210540769649,0.08265968539002311
2021-04-10,454.801,489.5,449.895,472.789,8798239.92,2021-04-10 23:59:59.999,4164539354.42506,2840385,4207492.25,1992055209.61538,0,2021-04-10,82.52281094925563,325.8588,71.50672998624914,2.05477442512411,0.0394622284759476,0.03870349141327866
2021-04-11,472.86,529.909,460.8,526.179,6886715.6,2021-04-11 23:59:59.999,3387721672.22694,2306332,3333496.28,1641299344.36137,0,2021-04-11,85.26526361942344,339.4194,82.26266468063093,2.270283861154491,0.11292563913289011,0.10699225886008346
2021-04-12,526.188,640.5,517.2,598.229,23039501.26,2021-04-12 23:59:59.999,13362139662.66084,7025555,11124865.02,6452226450.15066,0,2021-04-12,87.50531552738165,356.54815,98.05306278008503,2.464796541256908,0.1369305882598888,0.12833216476054815
2021-04-13,598.212,605.145,533.5,553.269,10826674.04,2021-04-13 23:59:59.999,6097883444.05825,3748471,5091598.64,2867740853.78611,0,2021-04-13,77.47854610818874,371.78819999999996,103.8841082044391,1.7469544007910647,-0.0751551663326252,-0.07812930292750019
2021-04-14,553.352,593.414,519.061,549.788,9289659.77,2021-04-14 23:59:59.999,5206864683.7642,3164916,4371239.41,2450728551.57076,0,2021-04-14,78.58385622003813,387.585,105.80841836371818,1.5329876630649988,-0.0062916953597617065,-0.006311571488568657
2021-04-15,549.788,558.324,534.205,542.723,3947360.25,2021-04-15 23:59:59.999,2165924618.48792,1520498,1829025.43,1003855679.30599,0,2021-04-15,75.49988073193703,401.96754999999996,106.39646697758904,1.3229334958053467,-0.012850407793549623,-0.012933688513893713
2021-04-16,542.745,549.959,487.556,508.924,9544356.51,2021-04-16 23:59:59.999,4975202491.26112,3389373,4462379.46,2327380898.87052,0,2021-04-16,69.4644119928872,413.93279999999993,104.16185656017848,0.9119576314878741,-0.062276704690974904,-0.0643003678353601
2021-04-17,508.919,548.545,506.0,515.342,5197888.39,2021-04-17 23:59:59.999,2733959524.57189,2069605,2434949.38,1280771136.73416,0,2021-04-17,72.62313403984619,426.25995,100.6099786510031,0.8854196292895428,0.012610920294582328,0.012532064906524086
2021-04-18,515.432,520.684,416.364,482.127,9714866.04,2021-04-18 23:59:59.999,4551574836.63867,3215779,4556958.47,2134616267.54528,0,2021-04-18,65.33976075040943,436.59499999999997,94.74591226066326,0.4805695455729342,-0.06445234426846636,-0.0666231931100572
2021-04-19,482.126,540.909,467.235,504.668,9465769.29,2021-04-19 23:59:59.999,4833438226.52617,3352897,4564452.4,2330723794.64714,0,2021-04-19,65.58475662757816,446.21105000000006,91.163811317566,0.6412297725943815,0.04675324136586423,0.04569322251214373
2021-04-20,504.642,590.656,472.468,587.206,9366053.79,2021-04-20 23:59:59.999,4957928258.63442,3582012,4583021.5,2428194141.70092,0,2021-04-20,68.98597872006218,460.43634999999995,89.77836471191024,1.4120289493664888,0.16354910555057978,0.15147490789803347
2021-04-21,586.959,614.8,535.955,544.359,11208729.53,2021-04-21 23:59:59.999,6502790137.57968,3988429,5441142.51,3158383377.8248,0,2021-04-21,66.87001398388448,470.8875999999999,86.55718563403181,0.8488191877060438,-0.07296757866915526,-0.07576673956094364
2021-04-22,544.404,584.209,480.0,505.65,11147827.55,2021-04-22 23:59:59.999,6048588272.162,4226405,5378822.5,2920548509.16524,0,2021-04-22,58.7764394087834,479.2290499999999,81.02177198264629,0.3260969163406973,-0.07110932307539708,-0.07376422532263088
2021-04-23,505.674,530.486,447.597,526.227,11796134.67,2021-04-23 23:59:59.999,5812742489.11263,4429474,5717556.19,2819447590.86359,0,2021-04-23,57.44329449742357,489.42865,72.6226954284412,0.5067059241316544,0.04069415603678439,0.03988794823011732
2021-04-24,526.228,529.158,483.0,497.13,5350238.99,2021-04-24 23:59:59.999,2708628223.24489,2552114,2600751.51,1316921968.51025,0,2021-04-24,52.48029803112778,496.81995000000006,64.70126854485302,0.0047920235100954185,-0.05529362803504945,-0.05688111726848449
2021-04-25,497.187,518.144,478.548,505.538,3966924.05,2021-04-25 23:59:59.999,1980701482.64678,1928941,1923054.08,960417088.6606,0,2021-04-25,47.68445496460664,503.65869999999995,57.253306407026564,0.03282430514387577,0.016913081085430326,0.016771647421302962
2021-04-26,505.543,550.595,502.01,535.358,4855443.57,2021-04-26 23:59:59.999,2583407899.69884,2261964,2326333.23,1238206453.57618,0,2021-04-26,42.20881095482991,510.25239999999997,52.506249403887,0.4781449881686166,0.05898666371271788,0.057312473256420825
2021-04-27,535.358,579.885,525.797,569.126,4630435.47,2021-04-27 23:59:59.999,2586037846.84077,2083746,2239081.58,1250436728.80252,0,2021-04-27,52.02111740758585,519.91135,43.49438699935918,1.13151726913004,0.06307554944541782,0.06116616874910829
2021-04-28,569.126,580.0,540.0,563.063,3806369.44,2021-04-28 23:59:59.999,2128415418.97699,1714636,1794123.52,1003352451.52615,0,2021-04-28,51.680954250186765,527.12675,37.36849934155099,0.9616722810177593,-0.010653176976627265,-0.010710328324491793
2021-04-29,563.053,616.653,554.066,600.325,7353626.11,2021-04-29 23:59:59.999,4310661450.51723,2953214,3562401.27,2088907811.25442,0,2021-04-29,56.77571742475216,534.4010000000001,36.71082260759539,1.7957647177963385,0.06617731941185978,0.06407965282222568
2021-04-30,600.325,628.95,586.328,623.585,5820798.56,2021-04-30 23:59:59.999,3559168414.64988,2421769,2796717.7,1710351929.88026,0,2021-04-30,63.83047502792367,541.9408,38.81588189957976,2.10337099157559,0.038745679423645596,0.038013907779251406
2021-05-01,623.585,645.5,609.459,620.81,3612502.76,2021-05-01 23:59:59.999,2259984012.1929,1771933,1679641.45,1051178873.71298,0,2021-05-01,62.83440420560747,546.67235,42.395969350716086,1.7486957164890884,-0.004450074969731599,-0.004460006026934352
2021-05-02,620.813,629.67,596.0,622.071,3226654.83,2021-05-02 23:59:59.999,1988875768.89767,1655023,1524127.56,939986725.37393,0,2021-05-02,68.46587460348458,547.8644499999999,44.21799606313575,1.6781979421691977,0.0020312172806495887,0.002029157148075208
2021-05-03,622.072,681.576,622.0,676.967,4826440.19,2021-05-03 23:59:59.999,3157870538.35078,2285486,2299152.98,1504375569.16219,0,2021-05-03,70.94662773140504,554.04935,52.826723618254874,2.3268081300715835,0.08824716149764256,0.0845682931285981
2021-05-04,676.991,679.53,605.0,610.058,6042418.33,2021-05-04 23:59:59.999,3859026403.25555,2790458,2803468.03,1791196429.29338,0,2021-05-04,52.88789137929291,557.06285,54.27017110451349,0.9765060422960877,-0.09883642777269797,-0.10406849264880216
2021-05-05,610.058,657.523,605.0,651.969,3253407.15,2021-05-05 23:59:59.999,2088866292.46737,1714883,1527151.9,980641355.89867,0,2021-05-05,63.631319733681934,562.52515,58.112680718968285,1.5391451382624834,0.0687000252435015,0.06644298016946928
2021-05-06,652.0,655.347,621.0,634.224,2558175.16,2021-05-06 23:59:59.999,1635721032.98309,1526688,1160075.98,742052034.82449,0,2021-05-06,67.20044307455211,568.79015,58.78024500609304,1.1131945774165668,-0.02721755175476137,-0.027594810444064817
2021-05-07,634.22,645.0,612.348,624.628,2400710.68,2021-05-07 23:59:59.999,1506655543.55009,1547943,1111226.54,697644420.34856,0,2021-05-07,63.56241265150743,574.25445,58.629620734049006,0.8591826003531643,-0.015130300966220145,-0.01524593180540644
2021-05-08,624.617,659.182,619.111,646.27,2655923.32,2021-05-08 23:59:59.999,1703524578.63927,1611121,1253061.2,803931130.45906,0,2021-05-08,70.9869524592194,582.4616,56.50470045505769,1.1292582649960508,0.034647822383882865,0.034061100584830646
2021-05-09,646.27,680.0,630.0,662.398,3424033.96,2021-05-09 23:59:59.999,2261320872.62863,1863735,1606953.99,1061853634.88795,0,2021-05-09,71.60391806873147,590.3480999999999,56.081185744559605,1.2847428071185103,0.024955513949278307,0.024649210623425427
2021-05-10,662.375,692.9,585.059,631.543,4579766.04,2021-05-10 23:59:59.999,3013336689.87588,2335910,2105128.92,1386683332.07493,0,2021-05-10,63.20964866743025,592.5649500000001,56.82185782682673,0.6859692993282882,-0.046580756584409966,-0.04770055242560496
2021-05-11,631.525,673.0,621.753,671.2,2466913.9,2021-05-11 23:59:59.999,1608585740.28546,1682451,1154292.27,752837893.09983,0,2021-05-11,63.79527516488269,598.907,58.2196261536751,1.24172903153272,0.06279382401515021,0.06090112383578114
2021-05-12,671.19,685.0,580.0,594.1,2988758.56,2021-05-12 23:59:59.999,1936293778.00073,1752479,1355604.74,879842514.51789,0,2021-05-12,53.518958178853836,603.3295,53.96687170702143,-0.17102158617059907,-0.11486889153754476,-0.12201949979130074
2021-05-13,594.11,633.45,527.0,571.21,6731897.16,2021-05-13 23:59:59.999,3917493276.3091,3468565,3174433.67,1847607791.5197,0,2021-05-13,46.58775271022561,605.57865,51.46369944694798,-0.6678231524227941,-0.038528867194075,-0.03929073748676571
2021-05-14,571.14,616.29,565.98,603.47,2583123.4,2021-05-14 23:59:59.999,1538673875.23383,1607597,1229843.03,732694399.78462,0,2021-05-14,47.69124820659972,610.8956499999999,44.72116053511915,-0.16604332068190863,0.056476602300379986,0.054939411402217066
2021-05-15,603.53,611.54,560.0,563.85,2361014.79,2021-05-15 23:59:59.999,1381755945.65264,1573706,1101025.65,644428739.72911,0,2021-05-15,43.972104048934334,613.81125,39.029480150636786,-1.2800900705613114,-0.06565363646908706,-0.0679080705988502
2021-05-16,563.87,607.33,535.01,564.41,2956627.92,2021-05-16 23:59:59.999,1690630158.79039,1823175,1406982.99,804702892.22233,0,2021-05-16,43.88885238326384,615.26385,36.40855612753832,-1.3967554720341075,0.0009931719428926122,0.0009926790739472817
2021-05-17,564.41,564.41,483.93,512.44,4903573.52,2021-05-17 23:59:59.999,2542276498.336,2558582,2312793.12,1199104105.96066,0,2021-05-17,32.45393447273395,612.4295500000001,41.97082572137714,-2.3823584187687783,-0.09207845360642075,-0.09659730676401089
2021-05-18,512.46,535.0,496.0,508.31,3063472.58,2021-05-18 23:59:59.999,1581393751.00956,1867718,1463897.4,755992134.75689,0,2021-05-18,37.47143307458923,609.6919,46.861152077061405,-2.163452999048792,-0.008059480134259722,-0.008092133307687507
2021-05-19,508.33,516.68,250.0,334.47,12232300.44,2021-05-19 23:59:59.999,4860680772.2038,5287533,5717835.07,2276044011.61559,0,2021-05-19,20.49227406304543,596.39915,77.40828028554691,-3.3837355517237264,-0.3419960260470972,-0.41854430823295574
2021-05-20,334.46,423.0,284.33,391.38,9016040.46,2021-05-20 23:59:59.999,3297036424.07439,3815160,4438820.98,1623187463.20462,0,2021-05-20,28.96208663832087,584.7889,89.574026605402,-2.159207387784619,0.170149789218764,0.1571317655884698
2021-05-21,391.33,415.79,273.89,325.75,8510825.11,2021-05-21 23:59:59.999,2930822281.85531,3670938,4171146.26,1437099579.05316,0,2021-05-21,26.399101694272815,570.0359000000001,106.10253990010152,-2.302356760073812,-0.16768869129746022,-0.18354873903110508
2021-05-22,325.7,335.51,284.74,299.68,6478250.16,2021-05-22 23:59:59.999,2017003029.00531,2840985,3189759.9,993365654.37573,0,2021-05-22,22.821586524889426,553.9163500000001,121.1969023576163,-2.097713267042285,-0.08003069838833454,-0.08341497730917603
2021-05-23,299.63,313.62,211.14,260.61,13121033.09,2021-05-23 23:59:59.999,3299759533.40301,4212459,6480489.63,1628105589.82953,0,2021-05-23,19.587411931052642,533.0985000000001,134.0276068563174,-2.0330774113732994,-0.1303723972237053,-0.13969020175583957
2021-05-24,260.7,350.34,257.43,345.33,9630202.59,2021-05-24 23:59:59.999,2929791445.0202,3386476,4792568.41,1457984568.83043,0,2021-05-24,29.969052121490364,519.8621,139.00677526952265,-1.2555654187473722,0.32508345804075045,0.28147544465514146
2021-05-25,345.28,376.08,307.0,343.43,8856765.25,2021-05-25 23:59:59.999,2977495160.24361,3525048,4393220.7,1477343026.3874,0,2021-05-25,25.78066117900896,504.4351500000001,140.68460900418538,-1.1444403985599458,-0.005501983609880301,-0.00551717527017003
2021-05-26,343.44,388.55,336.37,379.18,6414379.53,2021-05-26 23:59:59.999,2362173490.37126,2902919,3134644.8,1154669153.00026,0,2021-05-26,33.08568910155512,491.68295,139.8575139435527,-0.8044111955644144,0.1040969047549718,0.09902772004898194
2021-05-27,379.15,387.6,340.03,369.71,5718913.42,2021-05-27 23:59:59.999,2089840766.99223,2625852,2793411.95,1020801486.90809,0,2021-05-27,33.79964624537706,478.93705,138.71519758862036,-0.7874194889872729,-0.024974945935967163,-0.025292111838507544
2021-05-28,369.72,373.72,312.46,329.11,7554255.27,2021-05-28 23:59:59.999,2536423803.79676,3260665,3749884.97,1259235289.40157,0,2021-05-28,28.233688753490725,463.0790500000001,136.6929945217133,-0.9800725375046158,-0.10981580157420667,-0.1163268731467906
2021-05-29,329.12,347.54,295.64,304.17,6285913.68,2021-05-29 23:59:59.999,2005398200.09081,2658465,3128984.27,997926049.00361,0,2021-05-29,28.90701150172201,445.16765,132.60987452685762,-1.0632515150404094,-0.07578013430160124,-0.07880528575599592
2021-05-30,304.15,338.31,291.01,325.52,5630651.68,2021-05-30 23:59:59.999,1810503751.54083,2535067,2797405.58,899330974.77652,0,2021-05-30,31.22966920719729,429.8665,127.53110721764267,-0.8182042975752091,0.07019101160535213,0.06783714806083627
2021-05-31,325.52,356.16,307.06,353.12,5617361.52,2021-05-31 23:59:59.999,1878130586.66049,2430665,2786202.83,931202622.27895,0,2021-05-31,36.98323474623353,413.9625,115.07638323145002,-0.5287140444588799,0.08478741705578763,0.08138403881499172
2021-06-01,353.14,364.5,339.1,362.13,4956677.01,2021-06-01 23:59:59.999,1741564228.86819,2313291,2424449.49,852078221.75559,0,2021-06-01,38.15128230068411,402.364,107.39878728120561,-0.3746224796249704,0.02551540552786591,0.025195320872719158
2021-06-02,362.1,418.45,350.38,401.34,6888672.89,2021-06-02 23:59:59.999,2712098414.53735,2778915,3388899.9,1333842250.17534,0,2021-06-02,56.93341351637185,393.8705,99.79051128159466,0.07485180608927951,0.1082760334686439,0.10280568497722631
2021-06-03,401.33,432.18,391.14,428.42,5981632.04,2021-06-03 23:59:59.999,2486658573.4649,2592971,2898725.89,1205171608.10427,0,2021-06-03,54.09372236958445,385.118,87.33913607613874,0.49579148529991274,0.06747396222654123,0.06529507446629854
2021-06-04,428.52,429.71,365.33,390.83,8155115.32,2021-06-04 23:59:59.999,3169638670.54846,3291558,3954362.51,1536329140.09215,0,2021-06-04,57.668017720803086,376.467,76.61423264092551,0.1874716942910112,-0.08774100182064337,-0.0918313399933639
2021-06-05,390.86,426.55,373.48,389.7,7016327.34,2021-06-05 23:59:59.999,2814308174.91223,2980470,3427576.85,1375135767.77923,0,2021-06-05,61.26883981773571,367.7315,62.76582797023739,0.35000733218108965,-0.0028912826548627146,-0.002895470486642701
2021-06-06,389.68,400.22,381.39,393.52,3819571.31,2021-06-06 23:59:59.999,1494629391.00469,1834126,1884212.03,737446316.51449,0,2021-06-06,68.24834555290111,361.7855,53.246612195172716,0.5959909690344015,0.009802412111880932,0.009754680142420822
2021-06-07,393.55,407.23,352.09,358.0,5888482.3,2021-06-07 23:59:59.999,2278544149.5135,2425769,2824910.58,1093673424.85363,0,2021-06-07,52.01130266374575,354.27,40.57746237299143,0.09192294889496899,-0.0902622484244765,-0.09459890608638404
2021-06-08,358.03,366.44,319.13,352.34,9851325.42,2021-06-08 23:59:59.999,3395242741.92649,3209874,4943781.82,1704152943.49407,0,2021-06-08,51.39773475982806,355.1635,40.31441994530334,-0.07003697445804287,-0.01581005586592188,-0.015936367901706206
2021-06-09,352.32,378.18,333.34,375.39,7029124.72,2021-06-09 23:59:59.999,2508616410.66797,2544150,3536850.8,1262346064.73245,0,2021-06-09,49.380779662124624,354.364,39.712446067090035,0.5294561801728047,0.06541976499971613,0.06336886704607902
2021-06-10,375.42,377.47,344.0,351.88,4950899.63,2021-06-10 23:59:59.999,1786512957.08916,2112125,2427618.23,876111742.72312,0,2021-06-10,47.21467179054582,355.6705,39.14733270136722,-0.0968265201850553,-0.06262820000532776,-0.06467527716059944
2021-06-11,351.87,366.5,340.51,345.49,4323389.94,2021-06-11 23:59:59.999,1534048436.7876,2148117,2163393.18,767890646.66928,0,2021-06-11,52.8650388301966,357.96099999999996,36.97903971028309,-0.33724510148737114,-0.018159599863589837,-0.018326509155679977
2021-06-12,345.49,348.76,325.18,343.6,4410296.28,2021-06-12 23:59:59.999,1487364517.01043,2217409,2166788.32,730897965.20647,0,2021-06-12,57.50161713785626,362.1105,29.349251129152567,-0.6306975233727012,-0.005470491186430837,-0.005485509118693448
2021-06-13,343.6,369.24,330.2,365.83,4089294.14,2021-06-13 23:59:59.999,1415928304.1651,2077215,2030568.98,703256452.72969,0,2021-06-13,57.6434449543024,363.1355,29.089181652471495,0.09262893787082777,0.06469732246798587,0.06269055451229316
2021-06-14,365.86,377.36,355.0,369.9,3724321.99,2021-06-14 23:59:59.999,1362050463.06219,2060228,1804585.65,660020057.48988,0,2021-06-14,53.49350433044637,364.459,28.74556989208965,0.1892813404091618,0.011125386108301605,0.011063954216014627
2021-06-15,369.9,379.72,363.0,366.3,3373483.39,2021-06-15 23:59:59.999,1251491779.70179,1869929,1617910.64,600408505.82256,0,2021-06-15,50.88817891373803,363.81499999999994,28.541967899549352,0.08706477453642242,-0.009732360097323478,-0.009780029053639495
2021-06-16,366.36,366.73,343.0,347.24,3353463.43,2021-06-16 23:59:59.999,1190135951.74576,1854942,1611234.05,571905124.9584,0,2021-06-16,37.39515377446412,362.6915,28.739271916023135,-0.537644100558625,-0.052033852033852024,-0.05343648626116145
2021-06-17,347.24,362.34,345.76,352.45,2604926.77,2021-06-17 23:59:59.999,922563341.94761,1643264,1277634.01,452661045.32525,0,2021-06-17,30.29108078659263,363.8585,27.761107454588718,-0.410952625671072,0.015004031793572015,0.014892584696277225
2021-06-18,352.45,356.85,327.0,336.79,3633095.61,2021-06-18 23:59:59.999,1246471325.9048,1902133,1764506.1,605598440.49608,0,2021-06-18,34.18032786885246,365.4895,24.878320825675143,-1.153594738210036,-0.044431834302737894,-0.04544917750390703
2021-06-19,336.79,345.12,331.02,333.77,2454096.95,2021-06-19 23:59:59.999,830131241.42858,1560940,1228189.65,415474986.89604,0,2021-06-19,33.806242399675696,365.902,24.240949173703235,-1.3255256537090156,-0.00896701208468198,-0.009007457703322078
2021-06-20,333.77,340.46,310.0,338.98,4070183.08,2021-06-20 23:59:59.999,1330212756.99949,1910329,2027435.47,662546402.54812,0,2021-06-20,34.33478860294119,365.195,24.83234976269464,-1.0556793960506499,0.015609551487551387,0.015488975577252881
2021-06-21,338.98,342.36,268.0,270.33,8257621.62,2021-06-21 23:59:59.999,2521419739.47302,2925574,4004632.67,1223952622.66829,0,2021-06-21,28.845132956903626,360.605,32.67453402397913,-2.762855009156341,-0.20251932267390416,-0.22629767367485282
2021-06-22,270.31,291.02,225.0,261.92,12127953.13,2021-06-22 23:59:59.999,3142263426.53845,3567501,6045244.91,1566466720.22931,0,2021-06-22,28.467327109925705,353.634,37.96977362947592,-2.415447637243812,-0.031110124662449445,-0.031604321292230717
2021-06-23,261.92,310.83,250.55,295.69,6846050.95,2021-06-23 23:59:59.999,1975489737.81532,2422616,3437134.49,991946070.67277,0,2021-06-23,31.942178720319006,346.9975,35.74475977420677,-1.4353852235712388,0.12893249847281596,0.12127249460491975
2021-06-24,295.68,316.65,281.12,308.53,5626601.08,2021-06-24 23:59:59.999,1693998691.85864,2113094,2781053.82,837560123.52702,0,2021-06-24,39.67906290176658,342.88250000000005,35.16567193862075,-0.976875973249139,0.04342385606547383,0.04250747512231219
2021-06-25,308.52,314.8,275.16,280.75,5858593.97,2021-06-25 23:59:59.999,1708188711.8407,2244043,2868345.77,836380678.06573,0,2021-06-25,36.01123595505617,337.43500000000006,35.96118470327584,-1.5762828857759075,-0.09003986646355289,-0.09435448973150433
2021-06-26,280.74,290.49,263.84,279.38,5221781.82,2021-06-26 23:59:59.999,1434197358.38274,2109102,2599326.75,713988032.8146,0,2021-06-26,36.092342342342334,331.72799999999995,35.647682525988245,-1.4684825573678366,-0.004879786286732024,-0.004891731319147779
2021-06-27,279.4,291.59,269.24,290.7,4111881.49,2021-06-27 23:59:59.999,1147991052.97633,1796351,2064813.29,576651831.72691,0,2021-06-27,32.92267127335545,328.363,36.20918931053662,-1.0401503241896757,0.040518290500393794,0.039718945265425465
2021-06-28,290.7,299.45,283.4,289.82,4282419.76,2021-06-28 23:59:59.999,1245040196.30729,1772448,2107713.24,612922837.8588,0,2021-06-28,31.529661407878947,325.23699999999997,36.72531839996642,-0.9643755736650702,-0.003027175782593705,-0.0030317669470521155
2021-06-29,289.82,315.64,289.08,300.76,4930215.22,2021-06-29 23:59:59.999,1497846093.92412,1880732,2405732.15,730830861.85865,0,2021-06-29,35.37836873103694,321.50550000000004,35.11750912444144,-0.5907452013890525,0.03774756745566221,0.03705256389204813
2021-06-30,300.76,304.76,281.3,303.44,4613417.99,2021-06-30 23:59:59.999,1355749221.01806,1860641,2271262.59,667615849.41152,0,2021-06-30,39.45797631654953,319.0835,34.57865165478728,-0.4524034122607044,0.008910759409495927,0.00887129287081733
2021-07-01,303.5,303.84,280.1,287.38,3582374.05,2021-07-01 23:59:59.999,1035944744.30856,1662429,1741480.99,503627179.35802,0,2021-07-01,35.11597053845098,316.178,34.68425239515033,-0.8302903482511457,-0.05292644344845765,-0.0543785155795829
2021-07-02,287.38,290.57,275.93,286.83,3013603.58,2021-07-02 23:59:59.999,848109313.11239,1493853,1521261.51,428270178.1143,0,2021-07-02,37.72360919992136,313.3395,34.6449261835427,-0.7651769803046297,-0.0019138422993946191,-0.0019156760355962263
2021-07-03,286.84,303.33,282.5,298.07,2700344.69,2021-07-03 23:59:59.999,795207627.20881,1304584,1337558.84,393814153.32835,0,2021-07-03,41.568256967406704,309.9515,32.487634453256,-0.3657237653635696,0.039186974863159474,0.03843865248427148
2021-07-04,298.1,314.88,292.5,307.58,3191271.1,2021-07-04 23:59:59.999,976582649.91378,1311798,1572446.55,481245032.49863,0,2021-07-04,42.73148148148147,306.83549999999997,29.2638574417042,0.02544093858723568,0.031905257154359656,0.0314068577620416
2021-07-05,307.59,307.6,292.11,301.98,3705270.99,2021-07-05 23:59:59.999,1111235822.62551,1485920,1806670.94,541922750.1421,0,2021-07-05,60.346518470088284,303.6195,25.702538984760306,-0.06378747255172339,-0.01820664542558026,-0.01837442599545375
2021-07-06,302.0,322.39,301.68,319.5,4857453.02,2021-07-06 23:59:59.999,1526229265.4525,1902452,2378777.42,747495346.53765,0,2021-07-06,67.76502529927188,302.23249999999996,23.910751352960936,0.7221646758441055,0.05801708722431953,0.056396483801265905
2021-07-07,319.5,339.44,318.04,327.41,4382399.91,2021-07-07 23:59:59.999,1453222436.24197,1815934,2157951.24,715631081.14636,0,2021-07-07,61.64464023494862,300.9805,21.695883304636084,1.2181804091079542,0.02475743348982795,0.024455934330455276
2021-07-08,327.43,328.27,304.1,309.78,4493527.52,2021-07-08 23:59:59.999,1420569018.70639,1849287,2175118.23,687861345.05123,0,2021-07-08,50.443293850627704,299.63,20.13395874478757,0.5041234130186983,-0.05384685867872108,-0.05535084002843215
2021-07-09,309.77,319.36,301.52,316.86,2912055.37,2021-07-09 23:59:59.999,903705946.50515,1457685,1454499.24,451458999.60432,0,2021-07-09,65.0095602294455,298.78450000000004,18.94477499831571,0.9541153168410278,0.022854929304668037,0.022597667827284253
2021-07-10,316.86,321.0,310.3,316.11,2271201.24,2021-07-10 23:59:59.999,714538084.6681,1268993,1109515.07,349157820.72574,0,2021-07-10,65.34636918191694,297.64099999999996,16.979133292615,1.0877469233387231,-0.0023669759515243527,-0.002369781667350887
2021-07-11,316.1,326.72,312.0,321.8,2329832.32,2021-07-11 23:59:59.999,745841388.37634,1274732,1165013.73,372969856.09083,0,2021-07-11,63.635566467906,300.2145,16.516079716763667,1.306938472698878,0.018000063269115074,0.017839980278736803
2021-07-12,321.81,334.0,308.21,315.56,3721832.81,2021-07-12 23:59:59.999,1197083645.66034,1650430,1771609.54,569966866.03392,0,2021-07-12,60.7788944723618,302.8965,14.156995769247517,0.8945047527320903,-0.01939092604101933,-0.01958139633139404
2021-07-13,315.53,318.0,305.11,308.82,2943422.65,2021-07-13 23:59:59.999,915468111.48083,1378184,1418526.63,441261839.10647,0,2021-07-13,53.498263888888886,303.553,14.109579463313027,0.3732924864057761,-0.02135885410064653,-0.02159025533417076
2021-07-14,308.82,313.26,290.0,309.23,3895142.52,2021-07-14 23:59:59.999,1177795370.0919,1618031,1883081.28,569487452.04284,0,2021-07-14,52.56353493314443,303.58799999999997,14.123436513375001,0.39947784624917854,0.001327634220581686,0.001326753693528925
2021-07-15,309.23,323.98,301.11,315.78,5683751.77,2021-07-15 23:59:59.999,1775156093.45912,1988612,2770433.06,865589563.25452,0,2021-07-15,63.730419648037106,305.3395,13.289634454992887,0.7856122781524297,0.02118164473045936,0.02096043200749546
2021-07-16,315.78,323.31,301.68,302.71,3981862.91,2021-07-16 23:59:59.999,1233410183.42814,1636954,1923727.23,596109154.29075,0,2021-07-16,56.848369846472316,306.50600000000003,11.83544515872676,-0.3207314933313769,-0.041389575020583935,-0.04227051710249646
2021-07-17,302.7,306.4,293.7,300.08,3257255.43,2021-07-17 23:59:59.999,977414783.58729,1440828,1604449.47,481669719.95814,0,2021-07-17,50.93636448336905,306.975,11.35212036767012,-0.607375518994356,-0.008688183409864214,-0.008726145717614204
2021-07-18,300.11,308.88,298.32,301.77,2491017.48,2021-07-18 23:59:59.999,757414019.01751,1225313,1225856.95,372853896.88895,0,2021-07-18,47.080695407496734,307.5725,10.697269634422815,-0.5424281333741561,0.005631831511596852,0.005616032040724606
2021-07-19,301.78,303.46,278.0,280.27,3841360.33,2021-07-19 23:59:59.999,1108678460.27639,1602255,1795129.69,518033991.33349,0,2021-07-19,40.59440256476907,306.548,12.252227123002974,-2.1447529282790003,-0.07124631341750343,-0.07391171355562727
2021-07-20,280.25,283.32,253.64,264.19,5353473.1,2021-07-20 23:59:59.999,1420242675.25746,1901774,2649684.88,702928494.18973,0,2021-07-20,25.73484250241293,304.5855,15.491486108248973,-2.607593598040285,-0.05737324722588932,-0.05908488300038834
2021-07-21,264.19,299.0,260.6,293.07,4954440.85,2021-07-21 23:59:59.999,1404509136.95459,1868423,2500986.09,708588053.56496,0,2021-07-21,37.27582629316733,304.87,15.2085422672491,-0.7758797518293894,0.10931526552859672,0.10374294707461977
2021-07-22,293.1,298.45,287.25,293.0,2856903.0,2021-07-22 23:59:59.999,837626238.3067,1343201,1391284.45,408035270.64533,0,2021-07-22,42.85227466348613,305.1785,14.882429157618876,-0.8183139910170748,-0.00023885078650154323,-0.00023887931589358503
2021-07-23,293.01,301.34,281.05,299.27,3498940.29,2021-07-23 23:59:59.999,1020073951.64936,1389938,1751967.59,510996518.76457,0,2021-07-23,42.455177146778745,305.23850000000004,14.854655224611268,-0.4017932365142627,0.021399317406143314,0.021173566938783837
2021-07-24,299.32,307.92,295.4,301.47,2610939.96,2021-07-24 23:59:59.999,786991599.77163,1201433,1266582.1,381860990.43707,0,2021-07-24,43.79766141331978,304.93300000000005,14.866789587249311,-0.2329352937752013,0.00735122130517607,0.00732433277312599
2021-07-25,301.46,303.92,292.2,302.17,2095153.03,2021-07-25 23:59:59.999,626122954.28011,1104892,1007373.18,301132389.57319,0,2021-07-25,41.31646465540122,304.9425,14.864863861857078,-0.18651364894865638,0.0023219557501574783,0.002319264176575936
2021-07-26,302.17,329.05,300.62,303.8,5072279.52,2021-07-26 23:59:59.999,1603715456.89179,1895832,2454733.72,776315056.61285,0,2021-07-26,44.57664637520753,304.15749999999997,14.464801879770711,-0.02471516740923561,0.005394314458748273,0.005379817256119328
2021-07-27,303.79,318.28,297.32,313.24,3421048.69,2021-07-27 23:59:59.999,1054064422.44286,1455417,1660856.46,511810397.15231,0,2021-07-27,51.98884089272859,303.449,13.586279805279077,0.7206534931067452,0.031073074391046784,0.030600079721064488
2021-07-28,313.21,318.73,307.31,313.67,2805883.55,2021-07-28 23:59:59.999,879596028.284,1290106,1334286.4,418464546.4607,0,2021-07-28,51.99748065502969,303.6435,13.708974500015342,0.7313822051378662,0.0013727493295876414,0.0013718079706281402
2021-07-29,313.66,320.53,308.05,317.15,2207945.46,2021-07-29 23:59:59.999,692772852.01239,1049028,1083072.44,340030462.17849,0,2021-07-29,50.63384843157213,303.658,13.723834664360485,0.9831071511694486,0.011094462333025135,0.011033370226541162
2021-07-30,317.12,326.0,306.0,322.78,2709294.99,2021-07-30 23:59:59.999,854499039.68885,1190253,1320234.61,416670250.23905,0,2021-07-30,59.972175295637484,303.9915,14.11774407019565,1.330842938261284,0.017751852435755833,0.017596128527770125
2021-07-31,322.81,338.81,317.34,332.5,2763201.74,2021-07-31 23:59:59.999,907945495.55414,1213121,1403318.8,461143444.77252,0,2021-07-31,65.04827330115114,304.5265,15.003106090686238,1.8645139100473096,0.030113389925026324,0.029668883488232434
2021-08-01,332.5,348.15,328.68,332.57,3004681.91,2021-08-01 23:59:59.999,1020012023.75045,1261978,1475852.52,501161651.14137,0,2021-08-01,64.51460885956645,305.37699999999995,16.103290641159322,1.688661069713037,0.0002105263157894388,0.00021050415823439662
2021-08-02,332.58,338.22,326.36,330.53,2095323.08,2021-08-02 23:59:59.999,695702471.62357,1044816,1023066.02,339736979.88945,0,2021-08-02,79.0050784856879,306.4625,17.051402743653696,1.4114674529611704,-0.006134046967555817,-0.006152937523645924
2021-08-03,330.56,334.7,317.08,323.46,1931080.62,2021-08-03 23:59:59.999,624222550.81931,1018202,923269.3,298441024.3841,0,2021-08-03,88.17467473914722,307.17400000000004,17.464833357650203,0.932502456020636,-0.02138988896620575,-0.02162196803886505
2021-08-04,323.46,337.19,319.67,334.88,1731136.84,2021-08-04 23:59:59.999,567879298.28547,921928,862066.37,282836704.20187,0,2021-08-04,84.74322752202093,308.129,18.454362456724844,1.4495759505499364,0.03530575650775991,0.0346968000060573
2021-08-05,334.87,340.26,323.55,338.11,2361094.05,2021-08-05 23:59:59.999,783124698.53877,1067063,1163135.77,385876544.13435,0,2021-08-05,85.61503237012474,309.899,19.571116177188706,1.441460964443183,0.009645246058289647,0.00959902762696914
2021-08-06,338.08,347.46,330.95,342.28,2191512.01,2021-08-06 23:59:59.999,743134430.52687,1070327,1068429.4,362390637.37849,0,2021-08-06,85.12167238281886,312.00899999999996,20.699119711767217,1.4624293410309275,0.012333264322261783,0.012257829225195239
2021-08-07,342.27,359.99,340.31,356.25,2630137.34,2021-08-07 23:59:59.999,924167277.20465,1217115,1272630.92,447209166.40143,0,2021-08-07,87.52054794520546,314.733,22.762669138652317,1.8239073698743768,0.04081453780530575,0.04000361603300636
2021-08-08,356.25,360.0,337.03,341.99,2301382.72,2021-08-08 23:59:59.999,804202946.42319,1222763,1083939.13,378933305.8348,0,2021-08-08,73.00138632162661,317.81899999999996,22.01604771165957,1.0978809783010794,-0.040028070175438524,-0.04085123471382722
2021-08-09,342.0,357.82,333.35,354.46,2406936.13,2021-08-09 23:59:59.999,840693384.16098,1286848,1159205.33,404872275.24133,0,2021-08-09,76.00616016427104,322.3325,19.558926317264355,1.642600390167714,0.03646305447527687,0.03581400775796045
2021-08-10,354.46,377.34,348.7,372.03,3493320.6,2021-08-10 23:59:59.999,1274046721.87546,1483585,1697535.97,619254963.05596,0,2021-08-10,77.85463849142423,326.2805,21.238363866757908,2.154097193503999,0.04956835750155153,0.04837899155579694
2021-08-11,372.03,409.5,371.17,391.24,3365353.41,2021-08-11 23:59:59.999,1316900222.74977,1508065,1621696.96,634555076.6429,0,2021-08-11,81.20022524334325,331.1925,24.278953388306196,2.4732326406179235,0.05163562078327022,0.05034668623950153
2021-08-12,391.23,406.95,371.77,385.8,3557165.77,2021-08-12 23:59:59.999,1373495245.21786,1551950,1655110.48,639157664.92698,0,2021-08-12,77.18381246535203,335.519,25.943709287203195,1.938080613044845,-0.013904508741437449,-0.014002081950663426
2021-08-13,385.82,411.72,383.0,411.21,2659844.38,2021-08-13 23:59:59.999,1061882549.95651,1248199,1273733.56,508598374.31619,0,2021-08-13,80.27387880862719,341.006,29.696796460223887,2.3640260354018916,0.06586314152410577,0.06378493243977083
2021-08-14,411.26,419.54,400.0,408.9,2675312.05,2021-08-14 23:59:59.999,1092505500.36647,1277638,1222385.38,499316572.08729,0,2021-08-14,77.55337564916329,346.34250000000003,31.861452022780856,1.9634227578602348,-0.005617567666155954,-0.0056334055408028706
2021-08-15,408.9,415.42,396.44,414.4,2007683.55,2021-08-15 23:59:59.999,813110866.27134,1089362,935501.47,379038379.90939,0,2021-08-15,78.39938918581245,351.8725,33.63756622947136,1.858859216313244,0.013450721447786806,0.013361063574676743
2021-08-16,414.4,437.92,411.35,415.83,3266173.81,2021-08-16 23:59:59.999,1384504597.30145,1444625,1542848.91,654155514.98745,0,2021-08-16,79.72954133556394,357.00199999999995,35.22117165330459,1.6702454018016906,0.0034507722007721675,0.003444831948098018
2021-08-17,415.84,436.37,398.66,402.07,3547052.11,2021-08-17 23:59:59.999,1491592090.12571,1581961,1673840.32,704608794.74214,0,2021-08-17,76.17715617715618,361.42199999999997,35.04344831025698,1.159931512450578,-0.03309044561479446,-0.033650320079872544
2021-08-18,402.12,412.48,384.92,396.21,3075110.14,2021-08-18 23:59:59.999,1227379299.14045,1471720,1452560.94,580011441.81105,0,2021-08-18,71.20824400027664,365.375,34.23640175694762,0.900649554789811,-0.014574576566269593,-0.014681829089676123
2021-08-19,396.31,432.3,391.0,431.51,3046364.58,2021-08-19 23:59:59.999,1252913561.62689,1418834,1499627.57,617158043.72296,0,2021-08-19,76.43495980980414,370.81149999999997,35.71737484828078,1.6994110081671272,0.08909416723454733,0.08534631150215574
2021-08-20,431.51,458.83,422.03,455.29,2787681.35,2021-08-20 23:59:59.999,1226095577.45798,1388274,1373550.22,604524154.94103,0,2021-08-20,78.7894227339889,376.95099999999996,39.171594958323006,1.999893036863819,0.055108803967463205,0.05364389333303325
2021-08-21,455.3,460.89,445.0,449.25,2472011.57,2021-08-21 23:59:59.999,1120445453.07305,1287997,1155751.2,523954666.73277,0,2021-08-21,74.68939152596367,382.78499999999997,40.866035504985135,1.6264117421395612,-0.013266269849985801,-0.013355052895343238
2021-08-22,449.26,459.0,438.1,449.22,1886759.17,2021-08-22 23:59:59.999,847161971.92542,1046282,884810.83,397380585.29053,0,2021-08-22,80.79375107690541,388.7195,41.49145929554241,1.4581434595745792,-6.677796327203556e-05,-6.678019301949082e-05
2021-08-23,449.21,510.75,447.23,499.18,5487836.43,2021-08-23 23:59:59.999,2697018873.40144,2157581,2647630.31,1301054067.4949,0,2021-08-23,84.19659735349717,397.5055,45.3687386545541,2.2410695781993923,0.1112149948800143,0.10545400667941741
2021-08-24,499.19,505.23,461.0,472.23,3726404.71,2021-08-24 23:59:59.999,1805189097.6112,1657768,1750532.93,848197580.24904,0,2021-08-24,72.67173499864242,404.37299999999993,45.78362900932085,1.4821236644693552,-0.053988541207580454,-0.05550059711522646
2021-08-25,472.22,507.76,470.02,503.49,3995276.27,2021-08-25 23:59:59.999,1957951630.24666,1858770,1908702.81,935891133.08556,0,2021-08-25,74.08488177487877,412.642,48.06385025206156,1.8901523603199755,0.0661965567625944,0.06409769595335768
2021-08-26,503.49,519.82,471.0,478.14,4464562.6,2021-08-26 23:59:59.999,2184940877.8007,2002871,2078465.8,1017769166.97922,0,2021-08-26,68.25334071321262,419.43500000000006,47.18877001776418,1.2440459875919732,-0.05034856700232382,-0.051660274350485834
2021-08-27,478.24,496.97,467.2,494.95,3079406.89,2021-08-27 23:59:59.999,1488353017.33801,1512003,1462128.36,706969569.71418,0,2021-08-27,67.13595809118442,426.37,47.60423842253375,1.4406280254141663,0.035157066967833606,0.034553170728104536
2021-08-28,495.04,497.56,482.79,486.61,1514514.8,2021-08-28 23:59:59.999,739006873.0843,975384,691010.25,337250107.70938,0,2021-08-28,65.51903183288734,433.601,45.02644414820632,1.1772859483533453,-0.016850186887564345,-0.016993766467179938
2021-08-29,486.61,496.4,476.11,480.06,1795835.56,2021-08-29 23:59:59.999,871469638.84751,1068833,809023.78,392687518.23483,0,2021-08-29,63.05783151698354,439.881,42.0692446606277,0.9550682529273757,-0.013460471424754927,-0.013551884808548785
2021-08-30,480.04,481.6,457.16,460.29,2117647.15,2021-08-30 23:59:59.999,1001075441.28393,1204868,951554.57,450082253.12389,0,2021-08-30,58.24065836298933,444.29400000000004,39.10167803641066,0.40908730272662064,-0.041182352205974215,-0.04205437046486352
2021-08-31,460.28,477.85,451.84,464.44,2649162.43,2021-08-31 23:59:59.999,1233219943.40468,1348971,1232060.97,573653256.01312,0,2021-08-31,61.987315010570825,447.954,37.25665301237045,0.4424981491098003,0.009016055095700581,0.008975653133581408
2021-09-01,464.48,490.73,455.64,489.5,2595281.26,2021-09-01 23:59:59.999,1237587901.11016,1316319,1216756.97,580165064.18492,0,2021-09-01,66.697691068552,453.13899999999995,35.31688993579139,1.029564043326208,0.05395745413831721,0.05255208321175977
2021-09-02,489.5,505.44,478.0,484.08,2643356.52,2021-09-02 23:59:59.999,1299090124.24992,1267619,1203172.45,591493681.0729,0,2021-09-02,60.53633703451317,456.78249999999997,34.51328819226104,0.7909272465705244,-0.011072522982635391,-0.011134279656499099
2021-09-03,484.07,495.05,473.0,488.78,2116484.05,2021-09-03 23:59:59.999,1032614670.72067,1137841,980633.06,478636402.35302,0,2021-09-03,57.26811059507791,460.77650000000006,33.28049820524676,0.8414387256854554,0.009709138985291688,0.009662308175937252
2021-09-04,488.82,511.04,485.55,498.42,2877936.65,2021-09-04 23:59:59.999,1432676576.9014,1387415,1353427.72,673959489.98203,0,2021-09-04,60.506859267490064,464.97749999999996,32.40981412035169,1.0318633694045127,0.019722574573427742,0.01953060458903192
2021-09-05,498.47,506.53,488.87,505.71,2014374.36,2021-09-05 23:59:59.999,1002442721.4091,1108168,940308.27,468135763.67866,0,2021-09-05,61.707772020725386,469.4715,31.453611670287092,1.1521252433542626,0.014626218851570894,0.014520287381290978
2021-09-06,505.7,510.55,487.0,496.29,2232675.48,2021-09-06 23:59:59.999,1115427375.02833,1204506,1005483.07,502541183.4597,0,2021-09-06,49.280055801903245,474.1825,27.653555377201613,0.7994451237263356,-0.018627276502343193,-0.018802949173291863
2021-09-07,496.3,505.88,332.95,418.7,6374268.49,2021-09-07 23:59:59.999,2803786486.46861,2579337,2854129.08,1255039218.50551,0,2021-09-07,39.3515018897951,475.3070000000001,24.605273739372006,-2.3006043582201925,-0.1563400431199501,-0.17000576026193673
2021-09-08,418.68,425.32,381.8,414.84,3459886.66,2021-09-08 23:59:59.999,1413375175.75185,1656226,1667600.24,681623824.45275,0,2021-09-08,30.20763563295378,474.47350000000006,26.38496068337253,-2.260132228947393,-0.009219011225220952,-0.0092617693035642
2021-09-09,414.83,436.64,403.73,421.41,2468629.84,2021-09-09 23:59:59.999,1031981045.16054,1407946,1196274.48,500202176.52265,0,2021-09-09,36.17487936832871,472.7795,28.67007654699378,-1.7917461753476325,0.015837431298814098,0.015713327789394778
2021-09-10,421.41,439.86,393.24,401.38,2411688.31,2021-09-10 23:59:59.999,995586071.66332,1405299,1139917.66,470746215.87206,0,2021-09-10,27.549306588607905,470.38599999999997,32.48251908820722,-2.1244042006905985,-0.04753090814171479,-0.04869762200039115
2021-09-11,401.38,415.25,399.55,404.81,1338390.91,2021-09-11 23:59:59.999,546362090.38253,979027,641143.16,261776437.32885,0,2021-09-11,29.899744446628674,468.16549999999995,35.393105703169745,-1.7900520098841155,0.008545517963027605,0.008509211714903162
2021-09-12,404.9,421.67,397.49,416.43,1441281.72,2021-09-12 23:59:59.999,594253819.00894,1015431,699618.48,288466545.7902,0,2021-09-12,34.744665547830266,464.02799999999996,36.39914062027694,-1.307668235812261,0.02870482448556122,0.028300559029687502
2021-09-13,416.54,419.75,381.36,399.1,2345691.41,2021-09-13 23:59:59.999,934143190.11191,1308404,1112202.14,443116723.0263,0,2021-09-13,35.15598466838097,460.3715,39.104464582233014,-1.5668671251373816,-0.041615637682203444,-0.04250636820043935
2021-09-14,399.05,414.56,395.84,414.28,1429584.31,2021-09-14 23:59:59.999,578172011.16089,989904,690854.25,279436310.52079,0,2021-09-14,38.4498480243161,455.91100000000006,39.01506050637047,-1.0670494793466354,0.038035580055123974,0.03733006166598983
2021-09-15,414.3,436.69,410.14,431.28,1874783.24,2021-09-15 23:59:59.999,797733346.1902,1104368,916010.74,389836167.17135,0,2021-09-15,36.077099674765634,453.5679999999999,39.01692528823008,-0.5712392720685091,0.0410350487592932,0.040215457422735176
2021-09-16,431.28,433.41,416.0,424.49,1659943.17,2021-09-16 23:59:59.999,707294454.01665,1034414,795661.42,339054642.95399,0,2021-09-16,35.84224281301972,450.04499999999996,38.25738201899508,-0.6679756598951726,-0.01574383231311438,-0.01586908279551529
2021-09-17,424.48,426.25,400.0,407.14,1448756.71,2021-09-17 23:59:59.999,598246786.7955,1030180,669811.43,276660085.17922,0,2021-09-17,31.70327207530255,446.0715,38.386527279488405,-1.014196978969828,-0.040872576503569014,-0.041731341708997775
2021-09-18,407.15,420.39,401.8,410.75,1022237.11,2021-09-18 23:59:59.999,422895171.10393,828861,504068.59,208555805.26083,0,2021-09-18,29.80605334684664,442.60600000000005,38.285066815307914,-0.832073773141823,0.008866728889325604,0.008827650278477345
2021-09-19,410.75,419.3,403.17,408.74,1237688.25,2021-09-19 23:59:59.999,509034566.43809,908659,585318.99,240774489.74433,0,2021-09-19,27.107039992445365,440.0285,38.764126426782,-0.8071509120448768,-0.004893487522824036,-0.004905499836987407
2021-09-20,408.77,409.99,353.42,364.15,3409293.39,2021-09-20 23:59:59.999,1285139447.95378,1660488,1594929.19,600983617.54777,0,2021-09-20,23.24667962423065,435.014,41.80733609761458,-1.695013521898214,-0.10909135391691549,-0.11551338641646594
2021-09-21,364.2,375.52,335.72,344.26,2808203.99,2021-09-21 23:59:59.999,1008145433.03332,1458881,1354693.45,486679722.53239,0,2021-09-21,30.333932156821305,427.75200000000007,44.37996532338914,-1.8812993518946735,-0.0546203487573802,-0.05616868482056434
2021-09-22,344.33,379.66,341.89,378.82,1733951.3,2021-09-22 23:59:59.999,629500208.96604,1081453,855780.66,310684821.28084,0,2021-09-22,41.8121476632115,422.48900000000003,43.5826853475692,-1.0019804803614665,0.10038924069017607,0.09566397238523573
2021-09-23,378.83,384.45,369.0,383.36,1424982.96,2021-09-23 23:59:59.999,537898068.18025,852808,682215.45,257574708.93032,0,2021-09-23,41.27013261138897,417.218,41.46683641303281,-0.8165079115936275,0.0119845837073016,0.011913337258434306
2021-09-24,383.31,385.0,333.3,354.98,2616311.23,2021-09-24 23:59:59.999,929185260.24875,1230043,1269414.37,451010123.39123,0,2021-09-24,39.74721583878381,410.046,39.015195474259734,-1.4113987980998264,-0.074029632721202,-0.07691304562682937
2021-09-25,354.94,360.73,343.35,349.39,1471344.26,2021-09-25 23:59:59.999,517025134.04237,770477,713050.2,250595129.54041,0,2021-09-25,37.86990019261075,402.23,34.203167289471025,-1.5448861666172682,-0.015747366048791567,-0.015872673062090933
2021-09-26,349.38,352.54,319.05,343.93,2648997.24,2021-09-26 23:59:59.999,895108547.66277,1083251,1308748.95,442343331.61737,0,2021-09-26,33.69174014756163,394.61199999999997,28.670729911953277,-1.7677261847062302,-0.015627236039955306,-0.01575062850337211
2021-09-27,343.91,357.69,334.63,335.03,1573105.43,2021-09-27 23:59:59.999,546136926.81844,761085,755312.93,262274413.90615,0,2021-09-27,35.019873743278,390.42850000000004,30.982128851288717,-1.7880791944900758,-0.025877358764865077,-0.026218068240427557
2021-09-28,334.99,344.46,329.49,332.87,1480506.68,2021-09-28 23:59:59.999,498668828.01201,780006,733044.51,246990844.89226,0,2021-09-28,29.731613802718726,386.33000000000004,32.94258114707378,-1.622823656753708,-0.006447183834283443,-0.006468056686423252
2021-09-29,332.86,374.98,331.16,366.68,3193601.65,2021-09-29 23:59:59.999,1155275653.98903,1304192,1596431.93,577429888.76856,0,2021-09-29,35.15897812902041,383.5935,32.13852161061163,-0.5262687626059136,0.10157118394568454,0.09673750972568816
2021-09-30,366.68,388.53,365.2,386.87,2342233.68,2021-09-30 23:59:59.999,883863371.83277,1060595,1169373.4,441157815.79684,0,2021-09-30,41.85855263157895,382.86800000000005,31.87859843052543,0.12553876886155158,0.05506163412239551,0.05359918619068673
2021-10-01,386.9,422.99,380.88,421.19,2740779.91,2021-10-01 23:59:59.999,1111445765.94647,1200586,1345870.05,545531267.7321,0,2021-10-01,52.83254707471473,383.687,32.67250962603148,1.147845709719215,0.08871197042934309,0.08499531900331196
2021-10-02,421.25,438.14,410.53,426.63,1849131.26,2021-10-02 23:59:59.999,786504065.27555,953088,872367.0,371101878.53999,0,2021-10-02,53.1780339417227,384.197,33.284388643452395,1.2748619316565781,0.012915786224744208,0.012833088765140978
2021-10-03,426.64,436.99,421.26,430.1,1496837.32,2021-10-03 23:59:59.999,641907191.78407,868423,715198.6,306750199.18816,0,2021-10-03,54.24990051730999,385.74699999999996,34.70635920798444,1.2779502377131031,0.008133511473642274,0.008100612736976005
2021-10-04,430.11,430.38,410.31,426.22,1752180.91,2021-10-04 23:59:59.999,736840252.02886,977631,823826.22,346479202.07985,0,2021-10-04,64.7371670069804,386.344,35.32026366355609,1.1289836446250714,-0.009021157870262697,-0.00906209490051071
2021-10-05,426.19,444.16,423.63,441.86,1693731.82,2021-10-05 23:59:59.999,738030816.60336,937112,826744.04,360290916.76246,0,2021-10-05,73.65028593583406,386.873,36.09934014559452,1.523213437648126,0.03669466472713623,0.03603744493370224
2021-10-06,441.87,442.46,414.5,434.59,2148062.1,2021-10-06 23:59:59.999,926982883.57179,1088848,1010893.86,436335346.6974,0,2021-10-06,65.57386204970678,387.378,36.71860113721174,1.285778829742888,-0.016453175213868687,-0.016590031929338188
2021-10-07,434.6,450.67,422.84,438.26,1996101.31,2021-10-07 23:59:59.999,878429641.71949,1028867,951623.15,418888124.91507,0,2021-10-07,65.405769446627,388.934,38.22845198347162,1.2902955113465346,0.008444741020271929,0.00840928367371338
2021-10-08,438.26,441.63,416.01,419.38,2130795.2,2021-10-08 23:59:59.999,911875641.38033,1098976,992428.45,424928406.79934,0,2021-10-08,69.08940004742706,389.3655,38.5351333167125,0.7788866267392113,-0.04307945055446538,-0.04403491140865787
2021-10-09,419.38,426.15,416.17,422.31,961338.35,2021-10-09 23:59:59.999,406005254.09972,633534,452435.71,191099765.93388,0,2021-10-09,71.96120949283218,390.044,39.01075093382613,0.8271053293676089,0.0069865038866898654,0.006962211349384126
2021-10-10,422.31,422.58,401.33,404.1,1370097.95,2021-10-10 23:59:59.999,568834845.11968,781494,623336.14,258798561.31758,0,2021-10-10,66.82888627845836,392.0415,38.636093607021024,0.3121045342381287,-0.043119982950912794,-0.04407726942355564
2021-10-11,404.11,424.46,399.74,413.36,1406226.85,2021-10-11 23:59:59.999,582833751.66687,803895,676431.81,280410520.06061,0,2021-10-11,71.86400937866355,395.4965,37.20135329669109,0.4801841443114618,0.02291512001979701,0.02265651189450111
2021-10-12,413.36,445.0,392.14,444.72,4640823.04,2021-10-12 23:59:59.999,1964065617.21748,1712761,2232671.55,945282238.83773,0,2021-10-12,76.84442951087217,398.7915,38.540873624462755,1.191682898719976,0.07586607315657057,0.07312598666628488
2021-10-13,444.73,471.77,433.0,470.18,7057279.47,2021-10-13 23:59:59.999,3214234566.04597,2647639,3441835.08,1568114845.93629,0,2021-10-13,75.87758775877587,403.1325,41.48803313512247,1.6160684162016756,0.05724950530670969,0.05567072946466186
2021-10-14,470.17,482.27,460.11,472.05,2477903.86,2021-10-14 23:59:59.999,1171119424.0796,1193870,1179729.92,557753415.01618,0,2021-10-14,73.44489706044259,408.986,42.580926221662985,1.4810387090151247,0.003977200221191968,0.003969312068649614
2021-10-15,472.04,477.4,451.48,474.19,2472831.89,2021-10-15 23:59:59.999,1152086774.7428,1189131,1157737.3,539593884.98542,0,2021-10-15,67.72812416376772,415.226,42.53215296442733,1.386339413603534,0.004533418070119755,0.00452317308196091
2021-10-16,474.18,485.0,455.0,465.01,1725462.12,2021-10-16 23:59:59.999,815090711.86666,965587,797032.54,376722094.92572,0,2021-10-16,62.5244746116695,421.28000000000003,40.41430530992934,1.0820426001299097,-0.0193593285391932,-0.019549174528023353
2021-10-17,465.02,471.23,451.84,470.82,1335988.84,2021-10-17 23:59:59.999,620943063.82237,818144,634651.9,295085828.59746,0,2021-10-17,63.08819748007199,428.06949999999995,36.365258359130216,1.175586313118182,0.012494354960108423,0.012416944634973778
2021-10-18,470.74,487.67,465.55,484.64,2036957.1,2021-10-18 23:59:59.999,969124188.62335,1097997,972202.4,462704015.23303,0,2021-10-18,67.64954682779455,435.658,30.874771100791868,1.5864733001613636,0.029353043626014097,0.028930491911490233
2021-10-19,484.6,497.5,478.21,487.01,1697627.88,2021-10-19 23:59:59.999,828320571.68599,970291,801932.51,391310198.20009,0,2021-10-19,64.8295342573737,441.67449999999997,28.346424906855166,1.5993374878479403,0.004890227797953228,0.004878309473748971
2021-10-20,486.99,506.66,480.0,500.76,1581775.06,2021-10-20 23:59:59.999,783096885.85075,911246,748147.66,370459934.09839,0,2021-10-20,70.84619746707833,447.36899999999997,28.196577601209572,1.8935276740007503,0.028233506498839933,0.02784228763878558
2021-10-21,500.77,505.46,464.62,471.35,3216610.62,2021-10-21 23:59:59.999,1565062775.76099,1577975,1525843.52,742857628.65689,0,2021-10-21,58.96991054486312,449.87700000000007,27.975402560482205,0.7675671495191464,-0.058730729291476935,-0.060526026549302184
2021-10-22,471.31,498.51,471.24,479.79,2057825.78,2021-10-22 23:59:59.999,998464854.41456,1132916,974038.83,472583425.17651,0,2021-10-22,67.35819780472389,452.535,28.175115093399324,0.9673429872300722,0.01790601463880348,0.017747590328729742
2021-10-23,479.77,486.27,473.14,486.17,870750.58,2021-10-23 23:59:59.999,418885462.84393,616902,414384.73,199390497.52503,0,2021-10-23,67.9927871069537,455.3385,28.61145966125028,1.077592697647524,0.01329748431605493,0.01320984880454587
2021-10-24,486.2,487.0,468.19,476.29,862521.13,2021-10-24 23:59:59.999,411646222.22048,625620,402368.31,192058190.2255,0,2021-10-24,71.34157157216343,457.842,28.115761565731006,0.6561444176737309,-0.02032210955015734,-0.020531444560132537
2021-10-25,476.29,489.03,475.32,485.4,833991.56,2021-10-25 23:59:59.999,403735337.84395,598632,387905.45,187786649.30675,0,2021-10-25,71.31613208663748,460.01899999999995,28.496220783594325,0.8906795112498647,0.019127002456486464,0.018946380877198507
2021-10-26,485.41,490.7,473.57,478.48,977459.18,2021-10-26 23:59:59.999,473312299.81459,655584,444209.77,215173235.5954,0,2021-10-26,61.678428116784296,462.2135,28.12239719418232,0.578417973677047,-0.014256283477544263,-0.014358880556199397
2021-10-27,478.5,486.89,429.9,448.65,2213199.66,2021-10-27 23:59:59.999,1015080174.23197,1144979,1023942.04,469516289.33704,0,2021-10-27,42.77080115506009,462.733,27.750121877399238,-0.5074932665960563,-0.062343253636515716,-0.06437133899223495
2021-10-28,448.65,495.05,446.5,492.08,2095795.42,2021-10-28 23:59:59.999,999405759.57091,1123237,1031588.65,491856504.6384,0,2021-10-28,55.2580458864913,466.36800000000005,26.50602247355131,0.9700436957546654,0.09680151565808548,0.09239823115604621
2021-10-29,492.09,534.3,487.32,530.72,2235759.06,2021-10-29 23:59:59.999,1141866446.37453,1320361,1104320.84,564362246.63393,0,2021-10-29,62.4531876459444,471.7885,28.061259542387806,2.1001017403007634,0.07852381726548541,0.07559327029862957
2021-10-30,530.73,541.61,510.45,528.95,1516125.34,2021-10-30 23:59:59.999,797657532.49224,1042129,724867.64,381580248.85111,0,2021-10-30,64.56094006194208,478.03100000000006,26.023854825909037,1.9566278839407618,-0.0033350919505577004,-0.003340665765958687
2021-10-31,528.96,535.39,508.07,524.42,1276264.15,2021-10-31 23:59:59.999,666142963.35148,896097,593462.42,309791462.78839,0,2021-10-31,62.277808319589504,483.584,23.193084586392754,1.7606972392088889,-0.008564136496833519,-0.00860101944518129
2021-11-01,524.44,551.8,511.0,551.12,1733053.9,2021-11-01 23:59:59.999,923536484.13535,1115886,863633.31,460516552.38075,0,2021-11-01,64.37965045855685,488.904,25.859048177215858,2.4059663593812353,0.05091339003089135,0.04965968129733803
2021-11-02,551.11,564.28,537.2,554.59,1246273.32,2021-11-02 23:59:59.999,687216073.79464,892337,608382.26,335615200.33962,0,2021-11-02,64.548350985964,493.1245,29.30145235757352,2.0976946551972904,0.006296269415009492,0.006276530720833687
2021-11-03,554.63,570.0,537.62,568.48,1446943.7,2021-11-03 23:59:59.999,799768280.05351,952345,684130.83,378246982.7512,0,2021-11-03,64.5697074010327,497.946,33.310585230839855,2.117465049359075,0.02504552912962721,0.024737030266942836
2021-11-04,568.48,568.82,543.97,558.86,1128249.32,2021-11-04 23:59:59.999,626348271.28676,809651,547975.01,304229173.75734,0,2021-11-04,70.57993509242273,502.1795,35.444563160399845,1.5991310075821679,-0.016922319166901234,-0.017067137711953353
2021-11-05,558.87,618.32,554.51,606.43,2855138.92,2021-11-05 23:59:59.999,1707542583.16822,1689848,1423619.39,851337122.65188,0,2021-11-05,75.15293556844361,509.2505,41.267189907900594,2.3548853269845487,0.08511970797695301,0.08169031083919907
2021-11-06,606.43,638.0,595.22,637.56,2076726.48,2021-11-06 23:59:59.999,1274224430.74043,1357001,1001570.22,614922434.64885,0,2021-11-06,77.37712032984916,517.5875,49.17902386341043,2.439505516278871,0.05133321240703781,0.050059084850889314
2021-11-07,637.55,669.75,630.0,649.57,2480815.87,2021-11-07 23:59:59.999,1628394563.64675,1570706,1193941.65,783574431.96381,0,2021-11-07,81.09611657454596,525.8340000000001,56.627452278722096,2.185088592560504,0.01883744275048649,0.018662215264172742
2021-11-08,649.56,655.87,632.32,653.56,1716134.79,2021-11-08 23:59:59.999,1104571138.93862,1140697,808200.98,520169015.0682,0,2021-11-08,80.74223034734916,534.1615,62.55371656045961,1.908735508698328,0.006142525055036208,0.006123736647597903
2021-11-09,653.54,656.93,632.66,635.2,1104634.36,2021-11-09 23:59:59.999,711490969.18198,848657,509265.21,328029116.004,0,2021-11-09,77.50052642661613,540.8835,65.90894606436821,1.431012110372518,-0.028092294510067783,-0.028494432229696644
2021-11-10,635.21,662.8,570.0,613.61,2613868.15,2021-11-10 23:59:59.999,1642697291.14653,1580998,1186737.25,746508544.68147,0,2021-11-10,79.80845681243224,547.9965,65.68590934976294,0.9988976425769288,-0.03398929471032752,-0.034580362750618564
2021-11-11,613.61,635.0,605.31,628.21,1174451.1,2021-11-11 23:59:59.999,731407891.42062,895815,553804.83,344906696.57864,0,2021-11-11,77.45995884939687,555.4174999999999,65.95803656991247,1.1036183577545315,0.02379361483678566,0.023514958292834696
2021-11-12,628.17,634.36,602.29,626.27,1311896.73,2021-11-12 23:59:59.999,812453681.91855,930854,624109.15,386618012.28264,0,2021-11-12,72.62395226594685,562.4224999999999,65.65550010030441,0.9724623207874105,-0.0030881393164706727,-0.0030929174582703645
2021-11-13,626.27,654.5,618.67,648.49,1098843.62,2021-11-13 23:59:59.999,701866200.74455,835862,528077.58,337296284.16687,0,2021-11-13,75.8051981694154,571.0325,65.05399141239711,1.1906648357511724,0.035479904833378706,0.034864995420271785
2021-11-14,648.49,659.98,634.0,650.2,1150491.68,2021-11-14 23:59:59.999,745587837.97672,862309,549844.42,356432775.7334,0,2021-11-14,77.48688811188812,579.2725,64.06617884944018,1.107097399498172,0.002636894940554191,0.0026334244326614935
2021-11-15,650.28,659.28,630.0,633.44,1028971.65,2021-11-15 23:59:59.999,663841318.7618,765868,472509.95,304955742.46843,0,2021-11-15,68.80654299552226,587.0205000000001,60.506367692300216,0.7671837158704061,-0.025776684097200797,-0.026114724511984412
2021-11-16,633.45,634.5,568.0,588.76,2893976.59,2021-11-16 23:59:59.999,1731510609.28437,1704547,1380251.47,825720909.8765,0,2021-11-16,56.569385165532346,594.0260000000001,51.00798703196079,-0.10323873390064355,-0.07053548875978788,-0.07314665303343462
2021-11-17,588.73,592.87,554.0,578.41,1792588.04,2021-11-17 23:59:59.999,1027672524.45989,1159818,858701.55,492365323.75827,0,2021-11-17,51.935446146649504,598.3425,45.25524638094518,-0.440446171306066,-0.01757931924723155,-0.017735670555979712
2021-11-18,578.4,588.47,516.36,532.13,2058960.15,2021-11-18 23:59:59.999,1135516860.45534,1261679,976369.07,539015945.79792,0,2021-11-18,45.441522562161055,598.413,45.145322319908985,-1.4682141270429996,-0.08001244791756712,-0.08339513937576866
2021-11-19,532.2,585.72,524.2,580.98,1702090.28,2021-11-19 23:59:59.999,951864949.17176,1113908,834669.49,466630195.19406,0,2021-11-19,45.67867694501988,601.0145,42.34404667967601,-0.47313616838647576,0.0918008757258566,0.08782851245885723
2021-11-20,580.98,604.94,573.3,604.66,1250267.69,2021-11-20 23:59:59.999,734588584.63819,857344,611545.93,359490685.85306,0,2021-11-20,44.26869207720716,605.0264999999999,38.314485961235896,-0.00956557267584836,0.040758718028159224,0.03994998373637353
2021-11-21,604.62,605.43,580.27,584.2,931950.31,2021-11-21 23:59:59.999,550152966.09037,769254,438863.3,259116428.37745,0,2021-11-21,38.937963244999494,606.6805,36.53773456449268,-0.615268030926212,-0.0338371977640326,-0.0344229266342277
2021-11-22,584.25,585.54,554.21,559.79,1335413.88,2021-11-22 23:59:59.999,761127947.19232,979963,644052.56,367037390.56712,0,2021-11-22,35.15780809775555,606.9405,36.16414456846009,-1.3037913812876842,-0.04178363574118471,-0.04268167655452893
2021-11-23,559.78,605.7,558.16,591.6,1587689.7,2021-11-23 23:59:59.999,927092256.47434,1029935,766833.83,447549870.92263,0,2021-11-23,43.38070079553046,608.0965,35.22742341968165,-0.4682857387402149,0.056824880758856056,0.05526901743753294
2021-11-24,591.59,594.95,577.31,590.56,1336008.74,2021-11-24 23:59:59.999,783531278.61779,870099,642902.93,377111624.56196,0,2021-11-24,46.26769001586838,609.6815,33.56965049674703,-0.5696067643555894,-0.0017579445571332952,-0.0017594915549563903
2021-11-25,590.56,647.49,587.67,639.3,1874586.4,2021-11-25 23:59:59.999,1169302527.01775,1206246,935227.19,583292328.26879,0,2021-11-25,51.616948065202806,611.325,34.200776153089706,0.8179638928303281,0.08253183419127619,0.07930258849099281
2021-11-26,639.35,658.94,564.49,587.71,3394718.12,2021-11-26 23:59:59.999,2034537737.78406,1780936,1631548.49,977361709.78948,0,2021-11-26,45.088899077894965,608.8325,34.004110103742335,-0.6211749090200511,-0.0806976380416079,-0.08414019881474745
2021-11-27,587.65,621.16,583.9,600.19,1641391.03,2021-11-27 23:59:59.999,989638267.87612,1038649,785842.26,473857939.23133,0,2021-11-27,43.69188172604745,606.3635,32.65653819842702,-0.18904330772872158,0.02123496282179982,0.021012642796572886
2021-11-28,600.18,612.99,571.8,611.52,1819230.49,2021-11-28 23:59:59.999,1076056016.85498,1189128,878856.57,520048234.97492,0,2021-11-28,45.072109259542366,604.2615,30.756473049973433,0.2359991013340945,0.0188773555040902,0.018701389297401536
2021-11-29,611.45,629.71,602.25,624.25,1384038.91,2021-11-29 23:59:59.999,853791124.39515,960332,661895.53,408445528.31408,0,2021-11-29,48.81703266997914,603.714,30.270366158480446,0.6784192795185812,0.02081698063840931,0.02060326810797448
2021-11-30,624.25,635.4,603.76,622.59,1794704.69,2021-11-30 23:59:59.999,1115552458.9499,1231396,861902.85,535903488.98991,0,2021-11-30,54.89707883384964,604.163,30.49067745359235,0.6043486579806704,-0.002659191029235064,-0.0026627329582039625
2021-12-01,622.65,650.75,619.23,627.45,1794699.14,2021-12-01 23:59:59.999,1141581459.29868,1085015,879832.87,559662628.88724,0,2021-12-01,57.21346199105673,604.125,30.459588499830478,0.7657687168075124,0.0078061003228449,0.007775790354638513
2021-12-02,627.45,630.95,605.5,620.37,1365181.55,2021-12-02 23:59:59.999,847433918.50736,932294,660341.83,410002023.9583,0,2021-12-02,64.67145517424848,603.83,30.26175508876987,0.546564465659097,-0.01128376763088701,-0.011347912322537379
2021-12-03,620.37,628.29,570.77,595.17,1708149.77,2021-12-03 23:59:59.999,1034168949.72726,1102829,800017.61,484525160.34385,0,2021-12-03,52.56072472660337,601.164,28.41240600049381,-0.21096418233274056,-0.04062091977368354,-0.04146899521098954
2021-12-04,595.18,596.29,484.18,568.07,3061320.83,2021-12-04 23:59:59.999,1668132596.41578,1763829,1429335.28,778818840.9871,0,2021-12-04,43.4774858283718,597.0575,26.844040968646393,-1.0798485978268735,-0.0455332089991094,-0.04660242845837472
2021-12-05,568.07,581.63,541.1,557.65,1433343.11,2021-12-05 23:59:59.999,805246947.08321,1058889,691754.01,388489347.72755,0,2021-12-05,45.091514143094834,593.2679999999999,26.787179494362675,-1.3296659324471132,-0.018342809864981602,-0.018513125123869822
2021-12-06,557.64,592.69,533.22,586.8,2328610.59,2021-12-06 23:59:59.999,1298647782.92697,1633389,1146973.84,639733327.81654,0,2021-12-06,54.907518441803845,593.17,26.808116995457766,-0.23761460012574945,0.052272931049941684,0.0509525208282807
2021-12-07,586.77,592.59,571.45,578.34,1243614.83,2021-12-07 23:59:59.999,726054542.37347,1074086,588987.16,343885904.85528,0,2021-12-07,47.36737611181702,593.1665,26.810149938724482,-0.5530181678911339,-0.014417177914110346,-0.014522115244894784
2021-12-08,578.34,607.23,566.42,607.05,1363455.72,2021-12-08 23:59:59.999,796766810.60986,1047599,670861.87,392131674.43372,0,2021-12-08,52.94980501592073,596.9125,22.76140035350815,0.4453812086494699,0.04964207905384366,0.04844922896605239
2021-12-09,607.05,616.68,567.29,569.26,1407982.36,2021-12-09 23:59:59.999,832234951.99653,1013967,675764.28,399606464.74384,0,2021-12-09,36.96008340780459,596.3265,23.33677226475185,-1.1598219193697834,-0.062251873815995284,-0.06427388822634393
2021-12-10,569.27,593.94,550.0,551.94,1399292.18,2021-12-10 23:59:59.999,801979128.60129,1040522,677193.46,388238641.09811,0,2021-12-10,42.36629817747235,593.6905,25.24536236201653,-1.6537888979885125,-0.030425464638302202,-0.03089792704651918
2021-12-11,551.85,572.51,541.41,564.12,1100350.28,2021-12-11 23:59:59.999,612271733.37876,921007,525521.83,292456372.72145,0,2021-12-11,42.292405658361446,592.6865,26.029762979895153,-1.0974552485193272,0.022067616045222227,0.021827650106918492
2021-12-12,564.11,574.41,558.51,569.58,718484.56,2021-12-12 23:59:59.999,406373122.64137,684300,350563.98,198301800.4111,0,2021-12-12,40.807469752761705,593.1759999999999,25.464486188457677,-0.9266238409591505,0.009678791746436932,0.009632252297722665
2021-12-13,569.59,571.65,510.55,520.75,1397026.25,2021-12-13 23:59:59.999,751560587.88195,995388,660598.81,355347759.98362,0,2021-12-13,30.41404889864505,589.6335,30.18575531517164,-2.2819869597690188,-0.08572983601952322,-0.08962916698068081
2021-12-14,520.77,534.9,509.78,527.86,1556236.83,2021-12-14 23:59:59.999,813821402.69027,1160122,780666.72,408332458.19992,0,2021-12-14,32.43594022323579,586.4984999999999,33.19080330373778,-1.7667092737522365,0.013653384541526759,0.013561016891150612
2021-12-15,527.83,546.54,501.5,541.18,1551135.35,2021-12-15 23:59:59.999,817012417.92832,1125241,773367.62,407466880.7621,0,2021-12-15,34.491065329162595,581.5925,32.2125754905888,-1.2545566253094822,0.02523396355094132,0.024920843666547496
2021-12-16,541.21,545.34,524.65,526.0,948522.62,2021-12-16 23:59:59.999,509000515.08843,715853,464611.05,249343728.43436,0,2021-12-16,33.51500541522549,578.5070000000001,34.471992002662354,-1.5231785849783448,-0.0280498170664103,-0.02845072796106958
2021-12-17,526.01,536.04,510.81,525.5,1196478.07,2021-12-17 23:59:59.999,628868708.89036,884611,590503.35,310393845.50052,0,2021-12-17,36.6803043627882,574.7725,36.01074852333067,-1.368272030448835,-0.0009505703422053591,-0.0009510224207040802
2021-12-18,525.51,537.87,516.58,533.68,748482.54,2021-12-18 23:59:59.999,395589074.82677,658349,371518.66,196392828.58419,0,2021-12-18,42.912493302007306,570.8805,36.036507581676716,-1.032300366945524,0.015566127497621318,0.015446218084254167
2021-12-19,533.68,544.82,527.42,529.71,687353.33,2021-12-19 23:59:59.999,368001699.36105,593670,343929.84,184169730.34118,0,2021-12-19,44.084518970189706,566.1535,34.848381110930546,-1.0457731130749457,-0.007438914705441335,-0.007466721418443314
2021-12-20,529.72,534.93,506.0,523.96,892049.82,2021-12-20 23:59:59.999,462766022.1785,761003,428290.07,222218550.9505,0,2021-12-20,35.23218650122203,561.222,33.38972637456688,-1.115972008335552,-0.010854996129957883,-0.010914341453368356
2021-12-21,523.96,536.01,517.17,528.46,784766.17,2021-12-21 23:59:59.999,414496678.43389,620499,386209.89,204022257.40647,0,2021-12-21,38.05555555555553,556.2725,30.244488297348376,-0.919589041367197,0.00858844186579133,0.008551771013021217
2021-12-22,528.51,545.49,527.25,533.74,854668.14,2021-12-22 23:59:59.999,458109670.12975,701036,407900.5,218643670.71618,0,2021-12-22,30.226034417651164,551.941,26.56059465488436,-0.6852632720198887,0.009991295462286498,0.009941712461858071
2021-12-23,533.75,552.46,524.33,548.92,938808.37,2021-12-23 23:59:59.999,504218564.85736,707431,453251.96,243456267.88794,0,2021-12-23,43.751536003932145,549.6285,24.534900442774568,-0.02887723150344889,0.02844081387941677,0.028043882397104727
2021-12-24,548.94,554.46,537.08,542.2,819032.07,2021-12-24 23:59:59.999,447545463.65596,620663,389537.43,212905483.75272,0,2021-12-24,46.79942166140903,548.335,24.19101214131127,-0.2536065859569051,-0.012242221088683114,-0.012317774336867171
2021-12-25,542.21,550.95,539.29,547.5,529846.08,2021-12-25 23:59:59.999,289164731.914,447547,255965.39,139704495.06322,0,2021-12-25,44.280011013215834,547.8275000000001,24.091572205146882,-0.01359396544199525,0.009774990778310455,0.009727524626090604
2021-12-26,547.5,549.0,536.0,546.43,618507.66,2021-12-26 23:59:59.999,336133900.99239,479520,291526.43,158448269.43321,0,2021-12-26,41.7843707857193,545.809,22.277299727702857,0.027875909898888624,-0.001954337899543468,-0.0019562501096655836
2021-12-27,546.5,571.99,543.2,563.79,973552.41,2021-12-27 23:59:59.999,543570069.94651,705674,461769.95,257798707.90391,0,2021-12-27,69.66733686711758,545.0815,21.37848014759391,0.8751089820622984,0.03176985158208745,0.031275630155628856
2021-12-28,563.79,563.98,528.31,534.13,1282144.16,2021-12-28 23:59:59.999,701143879.27229,876503,609883.44,333702728.18235,0,2021-12-28,52.375539895430784,541.4355,15.72413983087992,-0.46460411053157347,-0.05260824065698211,-0.05404258671163456
2021-12-29,534.12,540.55,510.09,514.49,776927.14,2021-12-29 23:59:59.999,409872878.15978,625974,360442.52,190204001.38162,0,2021-12-29,40.34998915322872,538.697,15.388978318401135,-1.5730089093084785,-0.036770074700915534,-0.03746313628573541
2021-12-30,514.49,527.59,508.0,518.41,724739.45,2021-12-30 23:59:59.999,376085142.53798,544138,338980.14,175895240.36775,0,2021-12-30,47.012516728331875,537.0205,15.69372099548794,-1.1858564329868395,0.007619195708371329,0.007590316236220503
2021-12-31,518.4,528.0,506.01,511.56,898734.52,2021-12-31 23:59:59.999,464024529.57423,645189,423781.01,218872886.64135,0,2021-12-31,44.77432898485529,534.3925,15.313033964911478,-1.4910500461449234,-0.013213479678246931,-0.013301554410350401
2022-01-01,511.55,528.16,511.43,527.34,603346.1,2022-01-01 23:59:59.999,313448234.1823,468560,298571.8,155139775.99704,0,2022-01-01,47.751454106965554,532.2805000000001,12.932329734754884,-0.3820270671511519,0.030846821487215736,0.03038062123948973
2022-01-02,527.36,533.9,518.01,530.91,572079.85,2022-01-02 23:59:59.999,300965349.58932,474929,275850.34,145144883.96162,0,2022-01-02,50.42680324370463,532.7885,12.652069635148088,-0.1484737322960556,0.0067698259187620735,0.006747013546594428
2022-01-03,530.92,533.0,510.41,512.24,795766.94,2022-01-03 23:59:59.999,415267551.48635,585878,385180.34,201043428.5433,0,2022-01-03,46.18241042345275,532.0074999999999,13.430471980968607,-1.4718395621547093,-0.03516603567459642,-0.03579925014065651
2022-01-04,512.24,519.85,502.0,506.88,1042411.2,2022-01-04 23:59:59.999,533189808.14222,706472,467444.86,239159387.89266,0,2022-01-04,43.009847110650405,530.2925,14.355644360320515,-1.6308916139433602,-0.010463845072622213,-0.010518976024540405
2022-01-05,506.88,515.92,456.2,473.95,1450747.64,2022-01-05 23:59:59.999,717300047.29104,824190,641193.39,317254745.44743,0,2022-01-05,33.575078292401486,527.6899999999999,19.10662271514636,-2.8126373143590016,-0.06496606691919193,-0.06717245828695574
2022-01-06,474.0,480.96,458.65,472.46,1298011.04,2022-01-06 23:59:59.999,608913792.8733,714771,624753.48,293060146.39293,0,2022-01-06,27.28730988593152,525.038,22.758563824820264,-2.310251226953916,-0.0031437915391918647,-0.0031487436334378
2022-01-07,472.47,473.76,437.08,448.1,1506628.68,2022-01-07 23:59:59.999,678793229.85588,856101,725092.22,326582023.75092,0,2022-01-07,24.698859969885973,520.759,28.395391749922563,-2.5588306947798367,-0.051559920416543115,-0.052936665473515346
2022-01-08,448.1,459.65,415.46,429.59,1252328.01,2022-01-08 23:59:59.999,547408923.31827,751167,591634.11,258603693.13293,0,2022-01-08,20.39965858311993,515.7529999999999,34.83051642937308,-2.4737789970675674,-0.04130774380718605,-0.042185156335778566
2022-01-09,429.6,444.14,426.72,438.33,850190.24,2022-01-09 23:59:59.999,369560684.40417,524889,410270.94,178327644.12383,0,2022-01-09,23.868690775478612,511.47149999999993,38.80482461525929,-1.88485583236571,0.020344980097302123,0.020140785895783865
2022-01-10,438.31,445.21,406.46,424.54,1611421.86,2022-01-10 23:59:59.999,682635903.58876,820184,784593.31,332485210.6887,0,2022-01-10,15.747527918531986,506.2755,43.12709619314296,-1.8952238201698268,-0.03146031528756865,-0.03196582153580481
2022-01-11,424.51,467.4,421.22,462.87,1769764.64,2022-01-11 23:59:59.999,797268995.46072,1041229,884793.28,398607894.52006,0,2022-01-11,33.18863829385674,502.7320000000001,43.65992557314547,-0.9130111761921684,0.09028595656475247,0.08644000730674636
2022-01-12,462.89,488.41,456.26,487.5,1262509.7,2022-01-12 23:59:59.999,597206894.56608,756385,637704.04,301585739.73968,0,2022-01-12,43.77909924860553,499.66100000000006,42.3815094860454,-0.2869411719279184,0.05321148486616112,0.05184405331485765
2022-01-13,487.47,488.5,465.86,474.36,1247882.49,2022-01-13 23:59:59.999,596300109.17622,755670,614481.54,293686097.55608,0,2022-01-13,40.26088879062569,496.26899999999995,41.503402130680996,-0.5278844353775016,-0.026953846153846106,-0.027323763341307365
2022-01-14,474.29,492.28,466.39,489.51,1175474.83,2022-01-14 23:59:59.999,564250421.95832,723468,577217.25,277238153.29248,0,2022-01-14,45.29750479846449,493.36949999999996,39.723413548527375,-0.09715932381503622,0.031937768783202536,0.031438363674494214
2022-01-15,489.5,500.27,484.01,493.75,830556.69,2022-01-15 23:59:59.999,409461167.31918,585258,404684.96,199517370.66634,0,2022-01-15,42.465569063747694,490.73549999999994,37.715703203809575,0.07992692019316684,0.008661722947437278,0.008624425444242908
2022-01-16,493.75,504.87,488.02,497.95,826029.49,2022-01-16 23:59:59.999,409730380.0336,577326,418426.61,207585916.8544,0,2022-01-16,42.627717634427846,487.44350000000003,33.65877914335287,0.31214738821193533,0.008506329113924016,0.008470354162316885
2022-01-17,497.94,498.2,466.47,474.69,1286243.88,2022-01-17 23:59:59.999,615730353.25363,803616,618772.06,296243269.58998,0,2022-01-17,41.77004339630911,484.47149999999993,31.89763368141333,-0.3066528413265838,-0.046711517220604515,-0.04783771097864706
2022-01-18,474.69,479.0,456.8,470.53,1175521.67,2022-01-18 23:59:59.999,548367911.56735,655915,567726.74,264856919.31053,0,2022-01-18,41.99092231084475,482.27349999999996,31.227815413926457,-0.37605896680056633,-0.008763614148180943,-0.008802240450907666
2022-01-19,470.54,472.59,453.3,461.54,1096429.8,2022-01-19 23:59:59.999,509361738.45688,599893,538230.74,250120304.22707,0,2022-01-19,46.94319917237303,479.43,30.34076136157337,-0.5896358297276516,-0.01910611438165466,-0.019290994871660708
2022-01-20,461.53,478.34,438.1,440.05,1851504.99,2022-01-20 23:59:59.999,860227155.74843,1039399,912983.08,424372027.49311,0,2022-01-20,42.73285797569398,475.85450000000003,30.56781735144853,-1.1713135939129569,-0.04656151146162846,-0.047680367256612365
2022-01-21,440.07,444.57,373.11,383.57,2443646.22,2022-01-21 23:59:59.999,1009568353.97922,1405698,1114986.05,461210688.65902,0,2022-01-21,37.35251460154443,468.666,34.47777261092217,-2.468140879061385,-0.12834905124417684,-0.13736622333389045
2022-01-22,383.62,388.98,335.68,358.34,3012172.61,2022-01-22 23:59:59.999,1086900760.68681,1568680,1484080.08,535741229.4562,0,2022-01-22,36.39384333346064,460.0375,39.33266338821266,-2.5855736998089247,-0.06577678129155051,-0.06803987711417853
2022-01-23,358.33,388.97,356.18,383.87,1910787.44,2022-01-23 23:59:59.999,717086344.69971,1088627,946869.58,355339134.00076,0,2022-01-23,40.22683224463428,453.619,40.81186229774912,-1.7090374237552708,0.07124518613607189,0.06882169723114151
2022-01-24,383.86,383.9,336.0,370.93,2416219.8,2022-01-24 23:59:59.999,860098112.41358,1363207,1200409.02,427575121.79221,0,2022-01-24,40.349929798034346,446.8214999999999,42.74968171934341,-1.7752529831271342,-0.03370932867897991,-0.03429058804290943
2022-01-25,370.94,387.9,357.32,384.8,1481220.47,2022-01-25 23:59:59.999,551247870.82334,839918,743696.12,276867923.80031,0,2022-01-25,34.59002802889741,442.36400000000003,44.38853294311493,-1.2968214127231867,0.03739249993260185,0.03671035323156742
2022-01-26,384.8,402.42,366.0,374.75,1779097.73,2022-01-26 23:59:59.999,685222514.44041,981445,868110.88,334394493.10873,0,2022-01-26,26.38545637330877,437.4785,46.24022904184183,-1.3565784880355647,-0.0261174636174637,-0.026464581808844423
2022-01-27,374.78,392.88,359.28,389.36,1635176.05,2022-01-27 23:59:59.999,610373096.73885,929843,793625.54,296333262.91521,0,2022-01-27,32.30641132389677,434.5415000000001,47.381470537152396,-0.9535689687928262,0.038985990660440395,0.03824522854249188
2022-01-28,389.37,396.39,375.26,385.84,1690112.66,2022-01-28 23:59:59.999,652107029.32826,963796,843888.17,325685316.12731,0,2022-01-28,27.322045762786033,432.354,48.61594219789794,-0.9567643430761523,-0.009040476679679554,-0.00908158976448251
2022-01-29,385.83,397.34,380.53,389.04,1114435.13,2022-01-29 23:59:59.999,432614537.74926,721743,552709.24,214634370.45711,0,2022-01-29,26.989847492638347,429.88950000000006,49.537652715675,-0.8246151717050209,0.008293593199253602,0.008259390334813944
2022-01-30,389.04,389.27,372.13,376.84,981385.0,2022-01-30 23:59:59.999,374116904.36609,635624,469852.76,179154385.082,0,2022-01-30,24.28989937587569,427.5045,50.93725216019658,-0.9946453303107371,-0.031359243265474124,-0.03186147191506349
2022-01-31,376.84,385.1,364.77,374.38,1151928.43,2022-01-31 23:59:59.999,432274404.80592,714879,578442.26,217128490.39479,0,2022-01-31,26.642760676198037,423.08000000000004,51.543256948333905,-0.9448374604813217,-0.006527969429996783,-0.006549369807283885
2022-02-01,374.4,388.55,373.6,383.93,1093014.2,2022-02-01 23:59:59.999,418471603.4013,679563,525855.13,201330731.84694,0,2022-02-01,30.328911502816666,417.90150000000006,49.907223533165336,-0.6806930459159812,0.025508841284256567,0.025188919930731694
2022-02-02,383.93,385.97,366.0,366.94,1042518.69,2022-02-02 23:59:59.999,392409862.61649,611361,501270.82,188641333.7955,0,2022-02-02,29.265298965456793,412.5305,49.287794846080544,-0.9249855900912852,-0.04425285859401451,-0.045261897353341234
2022-02-03,367.01,372.35,359.15,372.08,959358.35,2022-02-03 23:59:59.999,350509523.99577,591893,472411.91,172610456.8023,0,2022-02-03,33.9519289795533,406.659,46.553510230021146,-0.7427796492497554,0.01400773968496205,0.013910537965267918
2022-02-04,372.07,399.42,369.09,399.33,1407258.11,2022-02-04 23:59:59.999,539683227.7734,703628,699259.29,268135987.1641,0,2022-02-04,54.31686205763119,401.938,41.80183332670372,-0.062389608121181835,0.07323693829284017,0.07067925781119586
2022-02-05,399.33,430.37,396.14,413.37,1835500.32,2022-02-05 23:59:59.999,764993398.76689,848023,887645.82,369713687.88506,0,2022-02-05,66.05777648088707,397.709,35.35918683572966,0.4429117692314947,0.035158891142663906,0.0345549329468839
2022-02-06,413.37,421.57,406.28,419.64,964364.54,2022-02-06 23:59:59.999,400023720.89809,550859,471444.54,195575464.75339,0,2022-02-06,61.75948451574724,394.9565,30.914601434304924,0.7984414760272311,0.015168009289498574,0.015054125189363386
2022-02-07,419.67,438.58,412.79,433.15,1172317.29,2022-02-07 23:59:59.999,503194999.26586,691254,578001.22,248030259.50095,0,2022-02-07,70.3786191536748,393.0875,26.985439909423068,1.4845968838925818,0.032194261748164976,0.031686887472864404
2022-02-08,433.14,445.48,406.26,407.94,1455518.29,2022-02-08 23:59:59.999,615675365.05302,835786,698313.92,295317671.83794,0,2022-02-08,57.05487804878049,390.40749999999997,22.037371816502144,0.7955803507780925,-0.05820154680826495,-0.05996398356972594
2022-02-09,407.96,427.49,407.22,422.57,1164173.38,2022-02-09 23:59:59.999,486652732.54354,680185,557012.67,232815639.86276,0,2022-02-09,64.18317712658677,389.5335,20.23810951098846,1.632390613464293,0.0358631171250674,0.035235008780684196
2022-02-10,422.56,435.13,409.59,414.36,1689843.5,2022-02-10 23:59:59.999,713706574.03105,939684,825454.41,348732007.87428,0,2022-02-10,57.70748550992724,391.073,20.92018795829385,1.113135314387453,-0.019428733700925238,-0.01961995235720615
2022-02-11,414.37,418.6,392.5,399.81,1228674.22,2022-02-11 23:59:59.999,502188865.90829,815993,585118.76,239100560.41276,0,2022-02-11,54.0326770971653,393.1465,19.512922647901267,0.3414916422433878,-0.0351143932812048,-0.035745726930156034
2022-02-12,399.81,406.99,393.09,403.46,883203.51,2022-02-12 23:59:59.999,353613593.55277,617873,435501.03,174393578.33205,0,2022-02-12,54.15179085569503,394.12600000000003,19.51444172374131,0.47831242790021417,0.009129336434806401,0.009087915946459208
2022-02-13,403.48,407.66,394.38,397.82,735432.63,2022-02-13 23:59:59.999,295439446.61053,503509,364963.9,146645557.47208,0,2022-02-13,56.27767803710354,395.4705,18.743269521837583,0.12535166275353404,-0.013979080949784284,-0.014077708529289888
2022-02-14,397.83,404.42,390.31,403.29,876802.26,2022-02-14 23:59:59.999,348625546.67937,551262,423032.96,168255436.40445,0,2022-02-14,58.49744283110929,396.395,18.644999188433033,0.36980425315746607,0.013749937157508496,0.01365626445735645
2022-02-15,403.29,443.3,402.67,432.08,1891608.21,2022-02-15 23:59:59.999,806624525.2041,1040704,929073.69,396235978.83303,0,2022-02-15,62.71454977554792,399.26149999999996,19.528199117924444,1.6805697136648279,0.0713878350566588,0.06895485015036447
2022-02-16,432.09,433.5,421.91,426.98,1068550.6,2022-02-16 23:59:59.999,457961000.6944,716621,518818.05,222412999.6027,0,2022-02-16,66.91648822269809,401.14250000000004,20.320035452461898,1.2715282933657286,-0.011803369746343217,-0.011873582560457683
2022-02-17,426.98,430.86,399.52,401.98,1194826.95,2022-02-17 23:59:59.999,497142924.43249,743407,563738.39,234722470.68467,0,2022-02-17,57.57652544090818,401.9495,19.998266892009582,0.001525132160937615,-0.05855075179165303,-0.06033483758657219
2022-02-18,402.02,410.96,391.85,398.89,1103745.27,2022-02-18 23:59:59.999,442706677.18745,673256,539463.39,216397589.09358,0,2022-02-18,49.872949872949874,402.442,19.783748141496158,-0.17954130706656876,-0.007686949599482684,-0.007716646480059944
2022-02-19,398.89,406.34,392.57,399.43,782602.83,2022-02-19 23:59:59.999,312916650.45032,516757,381067.88,152383975.1435,0,2022-02-19,45.6344732556683,403.57149999999996,18.868842955346334,-0.21948881602337414,0.001353756674772555,0.001352841172357169
2022-02-20,399.49,399.77,374.61,380.31,1228339.57,2022-02-20 23:59:59.999,470299411.78357,721906,579178.69,221651952.3966,0,2022-02-20,38.600660831256164,403.868,18.427420815040175,-1.2784209052615936,-0.04786821220238846,-0.04905182121115813
2022-02-21,380.31,393.41,354.64,356.35,2066878.13,2022-02-21 23:59:59.999,776896993.3706,1027131,1006658.84,378618550.48431,0,2022-02-21,29.011805859204216,402.48900000000003,20.86829700765821,-2.2109614398850086,-0.06300123583392492,-0.06507331567086524
2022-02-22,356.34,375.35,347.87,373.94,1624665.92,2022-02-22 23:59:59.999,588030967.00704,845346,817954.5,296046011.9687,0,2022-02-22,40.30455115775065,402.839,20.29142232569805,-1.4241978475506318,0.04936158271362423,0.04818196278924838
2022-02-23,373.99,384.21,365.02,365.41,1184214.06,2022-02-23 23:59:59.999,445382538.19139,723171,586944.41,220775028.03026,0,2022-02-23,33.11273930512881,402.5055,20.870129869967514,-1.7774446173131409,-0.022811146173182806,-0.023075345898952004
2022-02-24,365.41,370.77,323.02,360.8,3108326.69,2022-02-24 23:59:59.999,1069943746.64733,1487455,1524424.15,525016655.5683,0,2022-02-24,33.83240763100699,400.579,22.861966784662055,-1.7399640361076663,-0.012615965627651216,-0.012696222649707545
2022-02-25,360.81,377.18,356.41,374.67,1258672.16,2022-02-25 23:59:59.999,460204421.14273,764522,625992.83,228966016.96663,0,2022-02-25,42.37997090203685,398.644,23.354818143718127,-1.0265119536564837,0.038442350332594355,0.037721850354634975
2022-02-26,374.7,392.79,370.05,373.44,910065.37,2022-02-26 23:59:59.999,342691638.68954,627009,459423.98,173159401.56475,0,2022-02-26,40.765350067675655,396.33399999999995,23.45341483384129,-0.9761478301644094,-0.0032828889422692464,-0.003288289444912339
2022-02-27,373.46,381.17,357.87,359.98,1137035.75,2022-02-27 23:59:59.999,419421651.55829,764511,562788.21,207639261.83919,0,2022-02-27,38.89410659779291,392.6755,23.112645997371636,-1.4146151852850646,-0.036043273350471194,-0.03670887474685797
2022-02-28,359.97,397.37,355.52,395.5,1485043.23,2022-02-28 23:59:59.999,555718426.0672,869567,740393.63,277015490.5512,0,2022-02-28,48.05648420737488,392.05350000000004,22.846085527879527,0.15085735347502424,0.09867214845269179,0.09410231285637545
2022-03-01,395.47,429.36,390.97,408.56,2327829.24,2022-03-01 23:59:59.999,947724585.79654,1251209,1162332.55,473325945.24451,0,2022-03-01,43.63222871994802,391.35299999999995,22.06249809303289,0.7799207472989581,0.03302149178255376,0.032487995131679936
2022-03-02,408.61,415.46,403.41,408.95,1153475.22,2022-03-02 23:59:59.999,472652549.35238,841250,549698.94,225269931.09222,0,2022-03-02,44.99083180530088,391.08250000000004,21.7971407770021,0.8197176034597957,0.0009545721558643638,0.0009541168415945
2022-03-03,408.95,412.76,397.11,402.25,962575.97,2022-03-03 23:59:59.999,389953761.26345,726505,471539.67,191091693.2984,0,2022-03-03,50.083503432918896,391.2045,21.855310922659783,0.5053920321283524,-0.01638342095610712,-0.016519113308490534
2022-03-04,402.24,403.27,371.5,374.05,1197130.93,2022-03-04 23:59:59.999,465715350.4713,783188,568810.6,221280240.0775,0,2022-03-04,43.35046578862834,389.734,21.97638670553903,-0.7136751009230694,-0.07010565568676197,-0.07268430755407868
2022-03-05,374.05,387.22,366.62,384.38,865309.88,2022-03-05 23:59:59.999,326382281.52259,627219,432091.28,163126146.24699,0,2022-03-05,46.17184717912193,389.062,21.92153485790008,-0.213579935453868,0.027616628792942022,0.02724216828784461
2022-03-06,384.41,387.0,372.16,374.64,813431.18,2022-03-06 23:59:59.999,308621930.39972,584555,393042.46,149111931.14016,0,2022-03-06,48.485496020086536,387.6295,21.878897661777817,-0.5936999295303862,-0.025339507778760595,-0.025666081730972304
2022-03-07,374.68,385.62,362.36,380.13,1604861.57,2022-03-07 23:59:59.999,602333649.33251,909833,800716.88,300638118.60798,0,2022-03-07,57.04717875770507,385.03200000000004,19.249733449960864,-0.25465287676541876,0.014654067905188972,0.014547734603640271
2022-03-08,380.12,388.8,376.59,380.99,1340264.2,2022-03-08 23:59:59.999,512811342.8593,713882,665741.74,254811048.05728,0,2022-03-08,52.319231528390034,382.73249999999996,16.529784242544252,-0.10541577400115815,0.0022623839212900787,0.002259828584163096
2022-03-09,381.02,402.45,380.71,392.96,1598742.55,2022-03-09 23:59:59.999,630177574.37478,871614,803352.64,316597305.00736,0,2022-03-09,58.86251045486713,382.2815,16.09430931628385,0.6634953877266249,0.03141814745793847,0.0309346974556332
2022-03-10,392.96,394.36,362.76,371.77,1230312.39,2022-03-10 23:59:59.999,461084617.77178,803795,592092.96,221847713.0384,0,2022-03-10,53.1887680948782,380.9255,15.760349473476575,-0.5809198593856058,-0.053924063517915344,-0.05543244202910189
2022-03-11,371.75,379.81,364.44,371.8,921756.69,2022-03-11 23:59:59.999,343069533.43213,643698,454505.83,169160962.52453,0,2022-03-11,49.09274830878169,379.544,15.255837674729293,-0.5076089668171817,8.06950533933648e-05,8.069179772268689e-05
2022-03-12,371.79,379.13,370.65,372.13,562882.47,2022-03-12 23:59:59.999,211422116.6812,479674,268762.98,100984968.6917,0,2022-03-12,49.58351878934317,379.135,15.343618766180922,-0.45654158296997127,0.0008875739644969016,0.0008871803036438705
2022-03-13,372.13,376.99,359.53,361.06,716405.55,2022-03-13 23:59:59.999,264958762.95957,510578,327518.64,121145939.5214,0,2022-03-13,50.34865702479338,379.3705,15.007973836731098,-1.220051433937482,-0.029747668825410467,-0.03019910608247562
2022-03-14,361.06,374.0,359.05,373.27,810016.97,2022-03-14 23:59:59.999,297648061.52073,488614,400919.04,147357421.44913,0,2022-03-14,41.552025537736554,379.337,15.021475188605807,-0.40388842798888286,0.03381709411178191,0.03325786886439853
2022-03-15,373.28,374.71,361.35,371.51,740553.28,2022-03-15 23:59:59.999,272872896.33083,474221,351259.67,129472838.62033,0,2022-03-15,34.59715639810425,379.642,14.783863393643102,-0.550059195182815,-0.004715085594877655,-0.0047262366769731225
2022-03-16,371.51,386.6,367.6,385.25,1087376.63,2022-03-16 23:59:59.999,410184307.31104,636969,544735.36,205536310.40238,0,2022-03-16,41.13156713066906,380.8645,14.140699556498825,0.31013317145151265,0.036984199617776214,0.0363166925042878
2022-03-17,385.24,393.64,381.58,391.74,806632.7,2022-03-17 23:59:59.999,312716491.08049,488541,399654.8,154961168.72199,0,2022-03-17,46.06101491642306,381.71799999999996,14.26177024517346,0.7027178132666766,0.016846203763789758,0.01670588022637199
2022-03-18,391.75,400.3,383.71,396.9,843935.7,2022-03-18 23:59:59.999,330003977.81482,489202,427713.9,167291316.41672,0,2022-03-18,60.35154480384162,382.891,14.507734742826754,0.9656228383226132,0.01317200183795375,0.013086005362422585
2022-03-19,396.91,406.39,394.67,399.71,726942.69,2022-03-19 23:59:59.999,291229787.31945,464088,357359.6,143193378.27855,0,2022-03-19,57.45260087506077,384.8775,13.913367625561245,1.0660611003155076,0.007079868984630977,0.00705492437936723
2022-03-20,399.7,400.87,386.22,390.74,616312.91,2022-03-20 23:59:59.999,242281673.53963,446904,297111.35,116791522.52812,0,2022-03-20,57.88597178683387,384.6395,13.76198558003415,0.44328632409342145,-0.022441269920692397,-0.02269690700489731
2022-03-21,390.74,399.16,385.14,395.81,714847.88,2022-03-21 23:59:59.999,281388117.86291,456987,354809.34,139689274.20752,0,2022-03-21,57.711981113515655,384.002,12.861436278958049,0.9180934184868971,0.012975380048113827,0.012891920971311704
2022-03-22,395.82,410.0,394.78,404.05,920796.38,2022-03-22 23:59:59.999,373067634.96313,508508,454858.31,184275412.83893,0,2022-03-22,60.574101247248734,383.75699999999995,12.399561579677895,1.6365901221264967,0.020818069275662543,0.020604334544655493
2022-03-23,404.04,411.87,397.74,408.36,788232.23,2022-03-23 23:59:59.999,318555006.54753,489080,390158.53,157759305.58668,0,2022-03-23,57.59518642730324,384.0625,12.94255196302465,1.8773345526767145,0.010666996658829309,0.010610505621357982
2022-03-24,408.35,416.55,404.88,414.08,902179.94,2022-03-24 23:59:59.999,370877141.05761,530545,454702.23,186969784.27291,0,2022-03-24,74.62460714701434,386.064,14.33318468302499,1.9546249224835384,0.014007248506219927,0.01391005357166631
2022-03-25,414.09,421.62,405.31,410.15,898707.94,2022-03-25 23:59:59.999,371994899.55073,539257,426554.67,176652933.38964,0,2022-03-25,71.35062910589022,387.3525,15.299567202334751,1.490074830124672,-0.009490919629057237,-0.009536245423722204
2022-03-26,410.16,416.29,407.23,415.64,466483.97,2022-03-26 23:59:59.999,192646083.67081,335399,230359.03,95151501.48711,0,2022-03-26,72.90723386332527,389.40250000000003,16.225359253173735,1.6170674307176163,0.013385346824332567,0.01329655453568708
2022-03-27,415.64,431.72,411.4,430.49,741824.79,2022-03-27 23:59:59.999,311504434.47851,466865,370724.95,155801044.96671,0,2022-03-27,85.15443037974686,391.9205,18.46387695930191,2.088916649792182,0.0357280338754693,0.035104593809830206
2022-03-28,430.48,441.13,427.55,430.43,1045694.35,2022-03-28 23:59:59.999,454889993.99683,602726,513369.97,223343598.72783,0,2022-03-28,83.0023094688222,394.39250000000004,20.155540409781878,1.7879699212882558,-0.00013937605983882495,-0.00013938577358443927
2022-03-29,430.41,442.0,429.49,434.28,860089.24,2022-03-29 23:59:59.999,375023686.02893,497742,407306.98,177609297.62423,0,2022-03-29,85.3873040929079,396.4585,22.031393695309493,1.7167093704131933,0.008944543828264706,0.008904778342959685
2022-03-30,434.27,449.75,425.5,442.17,1053441.85,2022-03-30 23:59:59.999,463276974.59376,598246,522114.53,229607091.64229,0,2022-03-30,84.35538387252537,399.9785,23.45709976127403,1.798666520132004,0.01816800221055548,0.018004936153124953
2022-03-31,442.17,452.7,423.82,428.75,1231302.11,2022-03-31 23:59:59.999,539838601.20659,714276,585017.03,256568492.09686,0,2022-03-31,70.61379079870781,402.826,23.312613798223165,1.1120160194982447,-0.030350317751091205,-0.03082042503662658
2022-04-01,428.71,448.24,413.01,447.66,1117025.02,2022-04-01 23:59:59.999,481954207.23775,673319,537028.4,231928635.9453,0,2022-04-01,74.51700154559506,406.6025,24.179901805334932,1.6980011056513589,0.04410495626822164,0.04316001723132838
2022-04-02,447.66,454.37,435.51,437.3,815505.1,2022-04-02 23:59:59.999,364019364.38308,582090,390300.3,174260446.17499,0,2022-04-02,66.92176105158909,410.4145,22.578839295836854,1.1907387996227625,-0.023142563552696283,-0.023414557292603118
2022-04-03,437.29,455.9,432.01,450.52,735504.22,2022-04-03 23:59:59.999,327314409.24688,513370,372071.18,165641884.88468,0,2022-04-03,75.91918140825527,414.27700000000004,22.497525969241774,1.6109771380884608,0.03023096272581749,0.029783012760620828
2022-04-04,450.48,450.67,433.39,447.51,855867.61,2022-04-04 23:59:59.999,379638980.82418,564330,396159.35,175751565.50349,0,2022-04-04,72.82359173582905,418.07700000000006,21.27916057406203,1.3831842613132461,-0.006681168427594808,-0.006703587345547026
2022-04-05,447.51,460.0,444.01,444.58,938054.31,2022-04-05 23:59:59.999,424394909.87565,652445,456355.84,206539668.52849,0,2022-04-05,68.77257989810096,421.04350000000005,20.586205722583053,1.143314135551478,-0.006547339724252033,-0.006568867571185162
2022-04-06,444.59,444.67,418.04,419.93,1263497.48,2022-04-06 23:59:59.999,545824552.00639,848748,583065.49,251890638.06377,0,2022-04-06,54.50931483358016,422.453,19.40544744462746,-0.1300150386740234,-0.05544558909532593,-0.05704198554244864
2022-04-07,419.87,438.43,416.01,435.78,1094866.9,2022-04-07 23:59:59.999,470976013.28925,759213,537062.88,231040880.46994,0,2022-04-07,57.83846264990608,424.39699999999993,18.64336599944764,0.6105657100942657,0.03774438596909002,0.03704949812581672
2022-04-08,435.75,441.0,418.1,421.27,896736.16,2022-04-08 23:59:59.999,385773197.83691,745953,430720.8,185331233.09553,0,2022-04-08,53.73154362416108,425.475,17.742330144241407,-0.23700381887915942,-0.0332966175593189,-0.03386357056178564
2022-04-09,421.23,427.98,419.5,426.48,466443.41,2022-04-09 23:59:59.999,197614723.39701,443589,223885.02,94858751.41937,0,2022-04-09,53.644432490586354,427.262,15.74741034683074,-0.04965895869712726,0.01236736534763927,0.012291514230159424
2022-04-10,426.48,429.54,416.54,417.75,597495.62,2022-04-10 23:59:59.999,253219814.37262,464473,283145.03,120041704.85864,0,2022-04-10,45.532959326788216,428.35900000000004,14.121315318187781,-0.7512756256023828,-0.02046989307822178,-0.02068230503900255
2022-04-11,417.74,419.43,391.0,394.25,1225224.67,2022-04-11 23:59:59.999,497159750.36306,793444,580221.02,235416789.2384,0,2022-04-11,39.10503493134185,427.869,15.14233135772899,-2.2201997305282934,-0.05625374027528429,-0.057897941632355364
2022-04-12,394.25,416.81,392.1,413.47,1157766.33,2022-04-12 23:59:59.999,472479170.44523,824990,584342.71,238507589.05575,0,2022-04-12,44.26437351854916,428.1245,14.835835518305354,-0.9877771954210718,0.04875079264426141,0.04759973459805063
2022-04-13,413.47,424.49,410.08,423.02,1256009.65,2022-04-13 23:59:59.999,524477423.99614,836900,639676.58,267158662.53832,0,2022-04-13,44.769760201016,428.5715,14.521762353171916,-0.38228831081149367,0.02309720173168528,0.022834498811230022
2022-04-14,423.03,426.87,411.1,414.58,760757.57,2022-04-14 23:59:59.999,317959205.63171,599048,381716.69,159558096.0364,0,2022-04-14,46.0216744342748,428.793,14.257369691714251,-0.9968879468882669,-0.01995177532977166,-0.020153499681063274
2022-04-15,414.58,419.86,412.41,416.94,560730.82,2022-04-15 23:59:59.999,233610557.6811,406757,277057.4,115427357.411,0,2022-04-15,40.491519128389236,428.858,14.197084430110499,-0.8394681357760473,0.0056925080804670625,0.005676366982925845
2022-04-16,416.95,418.89,411.5,417.14,400183.81,2022-04-16 23:59:59.999,166179045.1073,309806,193353.88,80292069.6909,0,2022-04-16,43.34126040428061,428.1905,14.42826884425156,-0.7658922992970626,0.00047968532642572725,0.0004795703141978487
2022-04-17,417.15,418.2,405.28,406.37,488529.64,2022-04-17 23:59:59.999,202106421.04318,354609,229242.64,94884917.8992,0,2022-04-17,35.17760021486605,426.9875,15.213391910449985,-1.3552204611147876,-0.02581866999089033,-0.026157822226603525
2022-04-18,406.37,417.85,395.75,416.67,964721.27,2022-04-18 23:59:59.999,391478212.27594,634304,478138.86,194227960.05339,0,2022-04-18,40.12930482652669,426.10699999999997,15.278576711057873,-0.6176622455395289,0.02534635922927375,0.025030466954351804
2022-04-19,416.7,424.5,414.53,422.16,842773.91,2022-04-19 23:59:59.999,353764468.98814,558395,408579.57,171515712.79564,0,2022-04-19,42.939916866104056,425.1065,14.819620804506508,-0.19882425055733913,0.013175894592843296,0.013089847501175172
2022-04-20,422.15,431.44,414.56,418.03,856260.64,2022-04-20 23:59:59.999,361974656.78431,619057,419574.22,177427136.46797,0,2022-04-20,49.31288876030665,424.5705,14.87466566629643,-0.4397073619489624,-0.009783020655675712,-0.009831188813095283
2022-04-21,418.02,426.0,400.72,404.67,931774.15,2022-04-21 23:59:59.999,388487539.86369,652635,439547.47,183384361.128,0,2022-04-21,38.543124401561485,422.421,14.462939535235654,-1.2273438575023918,-0.03195942874913271,-0.03248128013461913
2022-04-22,404.66,413.87,403.16,406.45,759932.92,2022-04-22 23:59:59.999,310627520.04,548932,370499.39,151476480.9204,0,2022-04-22,43.97756827048115,420.8785,14.437629662206918,-0.9993676481236508,0.004398645810166135,0.004389000042883133
2022-04-23,406.45,408.06,396.0,400.84,510375.51,2022-04-23 23:59:59.999,206059404.52688,433041,223545.81,90303923.93988,0,2022-04-23,39.61438755670769,418.3945,13.298151226862528,-1.3200707151336633,-0.013802435723951345,-0.01389857500245327
2022-04-24,400.84,405.12,396.96,398.63,448935.69,2022-04-24 23:59:59.999,180292041.7505,394461,219020.81,87964499.1125,0,2022-04-24,41.82346903865891,415.95050000000003,12.103579494464267,-1.431022947213409,-0.0055134218141901226,-0.005528676821606014
2022-04-25,398.62,405.83,381.79,404.11,1100960.85,2022-04-25 23:59:59.999,432754128.12008,743589,525220.63,206572134.08847,0,2022-04-25,54.98483316481295,413.927,10.316298346733262,-0.9516010171524981,0.013747083761884493,0.01365344975963353
2022-04-26,404.12,407.51,380.45,385.67,958912.49,2022-04-26 23:59:59.999,377224048.8994,633666,459074.89,180616075.42078,0,2022-04-26,35.833673053403984,412.21399999999994,11.977674143780877,-2.216123070419499,-0.04563114003612878,-0.0467050365975886
2022-04-27,385.65,394.72,383.1,391.21,801963.01,2022-04-27 23:59:59.999,312515384.3369,547223,398839.78,155434745.33751,0,2022-04-27,33.099564339602594,409.98549999999994,11.499007497210695,-1.6327930914519644,0.014364612233256357,0.014262418675571573
2022-04-28,391.22,408.43,388.17,406.8,1282360.05,2022-04-28 23:59:59.999,514363448.48345,749606,635724.72,255002378.41205,0,2022-04-28,46.15840410823623,409.262,11.203041692225742,-0.21976174575057358,0.039850719562383397,0.03907716396826637
2022-04-29,406.8,410.45,389.46,392.69,916921.92,2022-04-29 23:59:59.999,366058363.43524,633393,443651.17,177122986.41895,0,2022-04-29,39.270860985753465,407.5725,11.016108241539898,-1.3509761953754758,-0.034685349065880056,-0.03530116764601983
2022-04-30,392.69,399.85,375.73,376.52,780989.76,2022-04-30 23:59:59.999,304619811.13095,552994,365067.78,142649953.825,0,2022-04-30,34.25337261590944,405.511,12.734988645040817,-2.276484165636814,-0.041177519162698406,-0.04204932984936569
2022-05-01,376.52,391.28,374.9,389.6,750979.93,2022-05-01 23:59:59.999,288542892.86709,613807,378644.05,145495711.24139,0,2022-05-01,43.61337497143729,405.2785,12.99126721868243,-1.206849165372652,0.034739190481249516,0.03414940508936073
2022-05-02,389.55,392.35,381.91,389.32,706575.94,2022-05-02 23:59:59.999,274076890.4366,519593,343265.91,133139002.2779,0,2022-05-02,38.723509524202186,404.071,13.308286654714502,-1.1084071438132455,-0.0007186858316222677,-0.0007189442100872667
2022-05-03,389.32,392.17,379.5,383.52,564647.53,2022-05-03 23:59:59.999,218105901.63216,441774,274836.35,106201204.7003,0,2022-05-03,34.109228491528214,402.096,13.279120690603978,-1.3988878053607874,-0.014897770471591576,-0.015009856872218716
2022-05-04,383.52,402.93,382.4,402.29,840117.47,2022-05-04 23:59:59.999,329754884.73836,591643,436667.01,171334721.25636,0,2022-05-04,44.22258111877847,401.4815,12.95132802578233,0.06242603062717192,0.04894138506466428,0.04778145088888935
2022-05-05,402.3,414.0,370.0,378.06,1978236.02,2022-05-05 23:59:59.999,777688754.61103,1088869,943288.86,371749576.74648,0,2022-05-05,40.95451764225985,399.5375,13.418407966977766,-1.6005997174072661,-0.06023018220686571,-0.06212030839294436
2022-05-06,378.06,383.2,370.32,378.89,1003890.61,2022-05-06 23:59:59.999,379109821.88035,673584,502965.02,189960155.08832,0,2022-05-06,40.57068564390312,397.625,13.503094966859907,-1.3874596932022294,0.0021954187166057793,0.0021930123063436426
2022-05-07,378.89,380.51,359.75,365.3,784221.28,2022-05-07 23:59:59.999,292524347.0293,574592,367597.69,137188063.5605,0,2022-05-07,38.47002335842203,395.57149999999996,15.128278252813788,-2.0009877855313505,-0.03586793000607025,-0.03652699168712588
2022-05-08,365.3,366.92,349.01,355.73,1075905.35,2022-05-08 23:59:59.999,384605212.50591,677482,500427.46,178854373.3805,0,2022-05-08,36.71662125340601,392.52450000000005,16.70950800087762,-2.2020097777904355,-0.026197645770599465,-0.026546917666731448
2022-05-09,355.75,359.19,294.68,295.5,2629604.41,2022-05-09 23:59:59.999,849361599.47464,1331213,1245784.13,402081563.51469,0,2022-05-09,24.885538546917644,386.1915,26.195920187568966,-3.4620467366913434,-0.1693138054142187,-0.1855031792883525
2022-05-10,295.47,332.56,288.37,318.9,2881545.74,2022-05-10 23:59:59.999,911740725.38296,1440143,1438808.39,455229510.55252,0,2022-05-10,34.906641349066405,381.235,29.074691924870045,-2.1439608082890684,0.07918781725888313,0.07620873716985893
2022-05-11,318.9,322.81,260.04,271.26,3559749.91,2022-05-11 23:59:59.999,1043136782.25835,1768558,1754504.34,514330011.56962,0,2022-05-11,27.220935090584547,374.5645,37.49863611203652,-2.754886862854214,-0.14938852304797734,-0.16179980348144304
2022-05-12,271.26,285.05,216.39,268.54,5510005.36,2022-05-12 23:59:59.999,1414274954.6936,2096151,2730623.81,701582604.35986,0,2022-05-12,22.394377445890925,367.669,43.52274516061165,-2.2776366618002837,-0.01002728010027265,-0.01007789189000659
2022-05-13,268.54,313.25,265.03,290.45,2530481.62,2022-05-13 23:59:59.999,756372406.97567,1179382,1269126.39,379432110.13621,0,2022-05-13,30.202927736039044,362.1495,46.02260239616544,-1.5579192889356022,0.08158933492217169,0.07843156579397942
2022-05-14,290.43,299.27,271.68,296.66,1586861.01,2022-05-14 23:59:59.999,453619611.43475,799016,800369.33,228904773.99933,0,2022-05-14,33.916055748006144,357.051,47.396242567037056,-1.2741727345703233,0.021380616285074927,0.02115525745692485
2022-05-15,296.65,312.67,285.26,312.05,1278913.47,2022-05-15 23:59:59.999,381838114.7403,653638,632740.92,189015463.18685,0,2022-05-15,34.525282356227805,352.448,47.05453763005931,-0.8585356914482352,0.0518775702824783,0.05057672948458572
2022-05-16,312.06,312.2,290.0,297.0,1530734.98,2022-05-16 23:59:59.999,456061242.40503,769918,746027.34,222281776.28432,0,2022-05-16,32.603452174568474,348.0145,47.92874189603303,-1.0643822053718954,-0.04822945040858839,-0.049431292577352404
2022-05-17,297.03,310.53,295.78,305.91,1229899.76,2022-05-17 23:59:59.999,373466372.26993,681343,612558.82,186085341.62874,0,2022-05-17,35.544794188861985,343.7495,47.677234385856636,-0.7936597096585158,0.030000000000000027,0.02955880224154443
2022-05-18,305.91,308.44,286.26,287.36,1385025.13,2022-05-18 23:59:59.999,410592299.57163,700667,684449.03,203015657.63977,0,2022-05-18,28.576221899116433,337.77750000000003,46.83699020342228,-1.0764461973544175,-0.060638749959138316,-0.06255515593040925
2022-05-19,287.42,308.93,286.32,306.7,1485233.57,2022-05-19 23:59:59.999,445012009.9057,770084,765855.8,229526000.08133,0,2022-05-19,36.45097592466013,333.478,45.45737374033058,-0.5890793461356987,0.06730233853006662,0.06513428600637089
2022-05-20,306.75,316.4,293.71,301.95,1975481.57,2022-05-20 23:59:59.999,603765001.46243,884775,977700.92,299011959.85617,0,2022-05-20,35.60577714585048,329.7495,44.794531206970994,-0.6206003110414028,-0.01548744701662863,-0.015608630366295671
2022-05-21,301.95,313.98,298.99,312.13,961901.74,2022-05-21 23:59:59.999,295968787.82941,533426,493055.49,151728742.80214,0,2022-05-21,39.92419935569452,325.87600000000003,42.64463616545307,-0.32233831112236894,0.03371419109124019,0.033158326940788324
2022-05-22,312.14,323.6,311.18,319.1,1297813.2,2022-05-22 23:59:59.999,411958710.56029,628428,665225.56,211157574.95309,0,2022-05-22,42.98947368421052,322.36499999999995,39.95192209327378,-0.08172322704217573,0.022330439240060285,0.02208476558949929
2022-05-23,319.06,336.9,315.0,316.92,2154002.89,2022-05-23 23:59:59.999,705119963.54465,1017380,1087263.94,356049089.30432,0,2022-05-23,55.270669291338585,319.03499999999997,37.27204504860049,-0.056744941074258745,-0.006831714196176786,-0.006855157187156705
2022-05-24,316.92,330.45,311.51,328.14,2287314.91,2022-05-24 23:59:59.999,736875311.73118,1032683,1134481.77,365567912.64263,0,2022-05-24,52.418594911527585,315.3275,31.84790861099625,0.4023027118200213,0.035403256342294576,0.03479097048969519
2022-05-25,328.13,337.88,323.6,325.37,1913889.89,2022-05-25 23:59:59.999,630738980.18237,936683,951294.78,313659618.13235,0,2022-05-25,68.5118029421827,312.693,28.375461804721436,0.4467592487918796,-0.008441518863899544,-0.008477350274442876
2022-05-26,325.37,331.83,295.0,302.65,3015380.05,2022-05-26 23:59:59.999,944691302.3544,1296413,1481293.54,464208745.15321,0,2022-05-26,60.26482094492926,308.88100000000003,23.760163454152384,-0.26224567065893256,-0.06982819559270992,-0.07238597397459731
2022-05-27,302.58,309.75,290.2,301.36,2732795.38,2022-05-27 23:59:59.999,820766357.68208,1301039,1355402.66,407249060.39242,0,2022-05-27,53.748368034082326,305.684,19.728963053275372,-0.2191701605565199,-0.004262349248306485,-0.004271458953910474
2022-05-28,301.37,310.67,296.62,307.26,1306482.06,2022-05-28 23:59:59.999,396564672.3194,668540,655053.15,198938530.77306,0,2022-05-28,53.64963503649634,303.2605,15.854307558436568,0.2522658265117201,0.019577913458985963,0.019388731318728338
2022-05-29,307.27,307.95,298.18,305.67,1279213.55,2022-05-29 23:59:59.999,387476542.62615,596798,615828.84,186621657.83439,0,2022-05-29,47.57266778268148,303.769,15.755084693006761,0.12065945928198094,-0.005174770552626384,-0.005188206048210228
2022-05-30,305.67,323.97,303.69,321.57,2026665.34,2022-05-30 23:59:59.999,640733572.3696,893501,1033261.39,326682950.18654,0,2022-05-30,59.287820367430264,303.90250000000003,15.900683823415815,1.1111157354114722,0.052016880950044087,0.05070916071723408
2022-05-31,321.61,324.82,313.18,320.86,1436771.0,2022-05-31 23:59:59.999,459290553.93655,742024,702483.09,224607462.09549,0,2022-05-31,56.024824695736285,306.3825,14.332185301827758,1.0101390468454055,-0.0022079174052305195,-0.0022103584486080014
2022-06-01,320.85,324.6,297.15,300.25,1818491.01,2022-06-01 23:59:59.999,565575778.73641,867173,874223.64,272081730.4872,0,2022-06-01,55.109807341631644,307.96799999999996,11.374245423191121,-0.6785505071187944,-0.06423362214049744,-0.06638942996283684
2022-06-02,300.29,309.12,297.88,308.18,1131724.91,2022-06-02 23:59:59.999,343044281.3923,639126,577923.7,175195850.22836,0,2022-06-02,50.64504881450488,308.85450000000003,10.601744382269656,-0.0636216056225668,0.026411323896752714,0.02606856689361441
2022-06-03,308.18,310.19,293.0,298.36,1259528.89,2022-06-03 23:59:59.999,377632393.30389,667948,604844.17,181428052.78037,0,2022-06-03,48.501544369312974,308.9395,10.505203961026933,-1.0070723080911796,-0.03186449477578035,-0.032383216766744785
2022-06-04,298.36,303.0,294.38,301.21,833671.36,2022-06-04 23:59:59.999,249436734.05501,481806,412526.73,123435687.45581,0,2022-06-04,45.144940423261595,308.3975,10.615335418734935,-0.6770864712682398,0.009552218796085254,0.009506884818859066
2022-06-05,301.24,302.48,294.47,298.95,969504.78,2022-06-05 23:59:59.999,289172964.79901,505668,471080.78,140588077.30394,0,2022-06-05,40.64965197215775,308.495,10.513609475824342,-0.9078708907676657,-0.007503070947179724,-0.007531360578908173
2022-06-06,298.91,312.62,286.8,294.77,2209575.08,2022-06-06 23:59:59.999,664568336.22522,964580,1062380.65,319767139.29301,0,2022-06-06,39.90888382687925,307.938,10.944049380449684,-1.2032109452579007,-0.013982271282823255,-0.014080944097763747
2022-06-07,294.77,295.98,273.2,290.15,3697795.19,2022-06-07 23:59:59.999,1051927742.6668,1449650,1854966.63,527879133.36442,0,2022-06-07,31.58507028599125,308.0775,10.682602124834144,-1.6781959854447306,-0.015673236760864406,-0.01579736059253243
2022-06-08,290.17,294.57,283.73,288.26,1576192.59,2022-06-08 23:59:59.999,456712739.20791,673826,785016.75,227506601.77168,0,2022-06-08,31.856849515987065,307.15549999999996,11.566912645883898,-1.6335819745923266,-0.006513872135102461,-0.006535179981660519
2022-06-09,288.27,293.35,286.06,289.64,967259.86,2022-06-09 23:59:59.999,280119061.90088,503358,476417.68,137983763.45866,0,2022-06-09,41.96218954652168,306.54,12.170271371780114,-1.3886296766715494,0.004787344758204304,0.004775921865663219
2022-06-10,289.64,299.3,282.18,286.07,2288187.72,2022-06-10 23:59:59.999,662050132.0518,948592,1128796.95,326861531.58668,0,2022-06-10,40.8124023554861,305.23699999999997,12.912684950512368,-1.4843543440777154,-0.012325645629056692,-0.012402236403690555
2022-06-11,286.07,290.49,264.9,269.67,2106150.18,2022-06-11 23:59:59.999,583346333.616,951766,1011270.7,280204735.94711,0,2022-06-11,29.94344253548178,302.7655,14.723189183612561,-2.24784858682903,-0.05732862586080323,-0.059037546863511696
2022-06-12,269.67,271.84,250.59,254.55,2478261.99,2022-06-12 23:59:59.999,643341216.85253,1024814,1219410.01,316646014.77297,0,2022-06-12,26.165609847071963,299.64700000000005,17.8422287668334,-2.5275429762356842,-0.056068528201134726,-0.057701708905072605
2022-06-13,254.51,257.76,213.0,222.84,5576953.34,2022-06-13 23:59:59.999,1279125088.78853,2163780,2781191.33,637925716.54708,0,2022-06-13,9.882161722876859,294.382,23.59930543134033,-3.031529898544847,-0.12457277548615209,-0.13304325519573035
2022-06-14,222.81,231.34,203.81,222.98,4321800.76,2022-06-14 23:59:59.999,951963847.12707,1729608,2149355.33,473611418.46715,0,2022-06-14,10.042455911169142,289.2625,27.333631660216938,-2.424943045401159,0.0006282534553938568,0.0006280561868105382
2022-06-15,222.99,234.56,198.14,233.51,5239003.76,2022-06-15 23:59:59.999,1115699642.38724,1966041,2611486.85,556380331.52424,0,2022-06-15,20.31138790035584,285.8055,29.811266057430903,-1.7542193578512768,0.04722396627500225,0.0461428214049585
2022-06-16,233.47,237.2,207.51,210.13,2981163.47,2022-06-16 23:59:59.999,655862178.25157,1190455,1493949.16,328908149.2216,0,2022-06-16,11.654282362143121,281.244,33.99242429532257,-2.0920543760624177,-0.10012419168343967,-0.10549851593880448
2022-06-17,210.13,221.97,207.63,215.64,2285712.78,2022-06-17 23:59:59.999,493749608.31257,912041,1155643.34,249702705.97008,0,2022-06-17,16.52096486967781,276.66299999999995,36.3908278062013,-1.6768785894340426,0.026221862656450767,0.02588396377788857
2022-06-18,215.64,218.99,182.97,196.8,4412622.54,2022-06-18 23:59:59.999,878040902.37303,1505716,2162313.61,430258239.74553,0,2022-06-18,12.585107145416757,271.2195,39.80585350699794,-1.8695617212909876,-0.08736783528102376,-0.09142236596531475
2022-06-19,196.79,216.8,189.53,214.86,3281401.39,2022-06-19 23:59:59.999,666767167.18194,1251626,1680785.99,341463341.21865,0,2022-06-19,22.931822571299804,265.884,39.85333815510035,-1.2802942579471237,0.09176829268292686,0.08779866862024331
2022-06-20,214.86,219.58,204.51,216.37,2715520.8,2022-06-20 23:59:59.999,576871644.07034,1016546,1375537.98,292354085.89376,0,2022-06-20,24.32202279575526,260.65950000000004,39.10905824202941,-1.1324614294190123,0.0070278320767009905,0.007003251960941796
2022-06-21,216.35,228.22,212.94,219.9,2327216.72,2022-06-21 23:59:59.999,515574960.54061,901309,1164275.42,257962428.77479,0,2022-06-21,26.8258890281718,256.642,38.95474656572023,-0.9431969975215438,0.016314646207884698,0.016182992361377307
2022-06-22,219.92,220.8,211.0,214.02,2090339.67,2022-06-22 23:59:59.999,450958104.86775,800648,1036104.81,223533633.47395,0,2022-06-22,26.137824633581886,251.93400000000003,38.078269448728975,-0.9956860054013185,-0.026739427012278272,-0.027103428961860306
2022-06-23,214.03,230.67,213.79,228.65,2633034.09,2022-06-23 23:59:59.999,590044014.51156,915673,1326504.51,297305370.42273,0,2022-06-23,31.93531188910609,248.44850000000002,36.77308401748984,-0.5383965073634713,0.06835809737407716,0.06612298150520901
2022-06-24,228.66,243.4,228.1,240.03,2135351.54,2022-06-24 23:59:59.999,502874470.76207,814512,1095921.69,258140455.40526,0,2022-06-24,36.96636847469143,245.3895,34.63560694079663,-0.15473960104585732,0.04977039142794659,0.04857146542607804
2022-06-25,240.04,242.0,229.33,239.49,1612632.23,2022-06-25 23:59:59.999,381912637.99111,677364,795961.63,188517733.19947,0,2022-06-25,40.61333665090818,242.41650000000004,32.267127198296365,-0.0906960195748243,-0.0022497187851517886,-0.00225225320432502
2022-06-26,239.45,245.46,233.0,233.8,1462174.58,2022-06-26 23:59:59.999,349529933.06443,620473,731013.53,174794303.82923,0,2022-06-26,43.14412211722724,239.368,29.850214245893888,-0.1865313245035051,-0.023758820827591953,-0.024045613287849144
2022-06-27,233.8,240.9,229.9,233.62,1585578.32,2022-06-27 23:59:59.999,372965735.05964,643184,785278.33,184788077.89539,0,2022-06-27,54.4991652754591,236.54149999999998,27.361244638308005,-0.10677511343579886,-0.0007698887938408783,-0.0007701853104179472
2022-06-28,233.62,242.59,225.67,226.8,2205991.91,2022-06-28 23:59:59.999,519333336.47634,821890,1113398.88,262281027.40517,0,2022-06-28,51.51012017710311,233.4685,24.554282995446826,-0.2715819476885786,-0.029192706103929433,-0.02962729187395305
2022-06-29,226.8,229.55,215.21,219.55,1990015.12,2022-06-29 23:59:59.999,439398946.85768,813297,983411.92,217143480.07053,0,2022-06-29,44.334415584415595,229.964,20.83544586059907,-0.4998213174642647,-0.03196649029982368,-0.0324885748458706
2022-06-30,219.57,220.11,205.42,219.42,2338381.16,2022-06-30 23:59:59.999,496360779.75607,899668,1170399.14,248562442.71588,0,2022-06-30,54.64732366183092,226.63150000000002,16.20490805279132,-0.44501949511264505,-0.0005921202459577835,-0.0005922956183817455
2022-07-01,219.43,226.66,213.31,216.65,2399212.5,2022-07-01 23:59:59.999,527426510.26176,940687,1220398.76,268327111.77602,0,2022-07-01,50.519493879230545,223.98049999999998,12.765380186864954,-0.574248466766603,-0.012624191049129485,-0.012704553203426396
2022-07-02,216.69,219.68,213.59,218.14,1293629.91,2022-07-02 23:59:59.999,280029867.8034,537961,655723.42,141961394.81202,0,2022-07-02,63.36088154269971,222.16,10.586675836284423,-0.3797225930184804,0.006877452111700766,0.006853910314678307
2022-07-03,218.15,220.2,213.93,218.97,1381108.61,2022-07-03 23:59:59.999,300262290.3281,516718,693359.7,150801468.99422,0,2022-07-03,53.28117515567618,221.9665,10.608936786325586,-0.28245054715212775,0.0038048959383882863,0.0037976756310538675
2022-07-04,218.95,232.13,214.5,231.4,1806089.9,2022-07-04 23:59:59.999,402840136.85775,690697,951325.81,212285932.87886,0,2022-07-04,60.217539089055066,222.3875,10.816313641388401,0.833232124992555,0.05676576700004565,0.055213080627925556
2022-07-05,231.39,236.43,222.71,230.53,2325401.85,2022-07-05 23:59:59.999,533373210.93007,838937,1173073.45,269218013.53246,0,2022-07-05,57.49753138665538,222.2385,10.674629181255222,0.7767482934732747,-0.003759723422644745,-0.0037668089480715713
2022-07-06,230.55,239.98,228.8,238.36,2122998.63,2022-07-06 23:59:59.999,499965058.2551,795583,1105895.93,260438998.01013,0,2022-07-06,66.70785282811642,223.65,10.854169220769425,1.355239604322039,0.033965210601657025,0.03340113006727353
2022-07-07,238.37,243.71,235.06,241.24,1683314.33,2022-07-07 23:59:59.999,402965664.3461,632903,854825.6,204693299.29213,0,2022-07-07,60.30446881650025,224.93,11.357647087660288,1.4360368722603014,0.012082564188622191,0.012010152704007817
2022-07-08,241.25,249.0,236.8,240.45,2011203.3,2022-07-08 23:59:59.999,485110180.1779,764727,998225.54,240864002.56177,0,2022-07-08,50.4158415841584,227.1125,9.747426583433311,1.3683098698756389,-0.0032747471397779337,-0.003280120859114497
2022-07-09,240.46,244.98,240.43,243.09,932609.22,2022-07-09 23:59:59.999,226394729.7455,420428,471361.44,114434709.0778,0,2022-07-09,53.42205323193917,228.52399999999997,9.9221821665798,1.4680238434909694,0.010979413599500942,0.010919577417071943
2022-07-10,243.1,243.29,231.51,234.57,1275968.45,2022-07-10 23:59:59.999,300848106.69303,520124,615076.21,144964671.6582,0,2022-07-10,50.69456972758432,229.43399999999997,9.577431476321744,0.5362606887554082,-0.03504874737751451,-0.03567769433621126
2022-07-11,234.57,234.88,224.81,225.43,1376849.69,2022-07-11 23:59:59.999,317562760.40648,575186,671122.53,154842234.49074,0,2022-07-11,43.640316819381894,229.7105,9.365172027501245,-0.45706581656269746,-0.038964914524448946,-0.0397443613384909
2022-07-12,225.43,228.17,219.9,220.33,1431523.63,2022-07-12 23:59:59.999,320854153.95206,552614,703183.83,157639157.0623,0,2022-07-12,44.83804052975906,230.02599999999998,8.903676591247834,-1.0889883410108332,-0.022623430776737785,-0.022883266989943956
2022-07-13,220.34,230.9,216.13,230.28,2388838.89,2022-07-13 23:59:59.999,533532139.66839,806217,1209740.98,270330921.86017,0,2022-07-13,58.20712865228697,230.1075,8.897876668619086,0.01938664767161635,0.04515953342713197,0.04416953733151137
2022-07-14,230.29,240.0,226.88,238.46,1931864.91,2022-07-14 23:59:59.999,450080837.01674,711761,993233.37,231549781.04467,0,2022-07-14,62.966494143285225,230.029,8.812243217577755,0.9567370976759607,0.03552197324995654,0.03490562157037702
2022-07-15,238.46,242.6,235.35,238.46,1356107.34,2022-07-15 23:59:59.999,323164806.65198,581235,685356.54,163339732.42266,0,2022-07-15,65.43524416135881,229.97749999999996,8.756877522655989,0.9686671965039971,0.0,0.0
2022-07-16,238.46,251.57,233.71,249.75,1615934.27,2022-07-16 23:59:59.999,392295504.47916,649807,853969.14,207508297.17283,0,2022-07-16,69.64574269732753,230.775,9.788810206689526,1.9384378284332007,0.04734546674494666,0.04625883615067691
2022-07-17,249.71,255.64,246.4,247.63,1551025.94,2022-07-17 23:59:59.999,389811878.26536,650340,772564.36,194170331.43937,0,2022-07-17,67.53119647663323,231.47549999999995,10.480001745151581,1.5414596669770293,-0.008488488488488488,-0.008524720891488034
2022-07-18,247.64,265.63,247.5,263.96,1994212.49,2022-07-18 23:59:59.999,516268258.00476,849014,1014764.85,262726591.93723,0,2022-07-18,69.00980850070059,233.33350000000002,12.67221879585274,2.416822222957763,0.06594516011791773,0.0638618798780459
2022-07-19,263.96,274.77,255.65,268.54,2121950.7,2022-07-19 23:59:59.999,561218736.94199,895646,1073237.22,283979937.08011,0,2022-07-19,71.27028539451595,235.783,14.474349762668947,2.2631068432852297,0.01735111380512211,0.017202302129341287
2022-07-20,268.55,271.88,256.28,258.11,1837624.34,2022-07-20 23:59:59.999,488541735.92014,819030,879584.21,233769471.04516,0,2022-07-20,60.73953235454051,237.71750000000003,14.755071518829157,1.382067174257802,-0.03883965144857382,-0.039614027997941836
2022-07-21,258.11,265.88,250.49,265.49,1468808.37,2022-07-21 23:59:59.999,379182999.11419,686355,748305.88,193209813.1397,0,2022-07-21,62.57128045619491,240.15950000000004,15.121848075218175,1.6750928771405813,0.02859246057882303,0.028191324542610054
2022-07-22,265.45,271.36,261.07,262.28,1325475.63,2022-07-22 23:59:59.999,353308330.33626,665957,657754.38,175363403.16765,0,2022-07-22,61.039749165570946,242.3665,14.959201806368844,1.3311873359126585,-0.01209085087950601,-0.012164539793811786
2022-07-23,262.28,272.71,252.51,258.9,1638795.61,2022-07-23 23:59:59.999,427574482.00308,753815,791766.09,206745175.30918,0,2022-07-23,57.935950205802605,244.363,14.323364828121322,1.014915152580574,-0.01288699100198265,-0.012970748637926752
2022-07-24,258.91,266.22,257.08,261.19,1053232.77,2022-07-24 23:59:59.999,276213969.11304,489673,530450.09,139127461.14434,0,2022-07-24,64.25358749196829,245.85250000000002,14.452741817803915,1.0612173242523544,0.008845113943607652,0.008806225072697287
2022-07-25,261.2,262.59,244.01,244.5,1527082.05,2022-07-25 23:59:59.999,387930080.11373,632912,734527.03,186660196.96402,0,2022-07-25,59.447141583275524,246.55100000000002,14.003844171455759,-0.14645978453406383,-0.06389984302614948,-0.06603280291526238
2022-07-26,244.51,249.56,239.4,249.31,1352071.63,2022-07-26 23:59:59.999,328872958.1395,569868,661288.56,160918695.64827,0,2022-07-26,64.39785373608902,247.0985,13.880258330278252,0.15932700583647336,0.01967280163599172,0.01948179312458856
2022-07-27,249.29,272.1,247.39,271.54,2116504.58,2022-07-27 23:59:59.999,548587506.29427,874142,1116444.66,289380866.08987,0,2022-07-27,68.2695713779667,248.61350000000002,14.828369422708452,1.546124145308244,0.08916609843167156,0.08541235613261994
2022-07-28,271.54,280.93,263.6,277.1,2070397.14,2022-07-28 23:59:59.999,562701468.26947,866873,1041274.84,283067842.30534,0,2022-07-28,67.51586582048957,250.446,15.98586066034947,1.667348450378482,0.020475804669662034,0.02026899369679766
2022-07-29,277.1,302.57,274.77,293.9,3100487.69,2022-07-29 23:59:59.999,898313448.56045,1253174,1596391.81,462603399.72997,0,2022-07-29,71.80959874114868,252.98650000000004,18.581914884880856,2.2017913790622914,0.06062793215445672,0.05886112155593879
2022-07-30,293.9,300.5,284.92,287.76,1937426.74,2022-07-30 23:59:59.999,567355357.60297,931375,944535.31,276696169.47307,0,2022-07-30,65.5842558425584,255.64600000000002,19.586560483618264,1.6395936400808793,-0.02089145968016326,-0.021112774037503113
2022-07-31,287.8,297.26,282.03,283.31,1435179.37,2022-07-31 23:59:59.999,417342964.23725,718656,708024.44,205920471.31505,0,2022-07-31,64.35468297392984,258.54,19.158369340551136,1.2929075308915312,-0.01546427578537668,-0.01558509490348214
2022-08-01,283.32,290.55,277.85,283.12,1372291.85,2022-08-01 23:59:59.999,390474388.72419,683189,656417.2,186787122.77184,0,2022-08-01,58.85888662844462,261.6795,17.652884504105643,1.2145607135770606,-0.0006706434647558712,-0.000670868446678342
2022-08-02,283.12,291.27,274.09,283.66,1897902.05,2022-08-02 23:59:59.999,535400119.42922,876522,943383.64,266235955.67743,0,2022-08-02,57.262247838616716,264.34849999999994,16.663235382738925,1.1589285967840575,0.0019073184515401298,0.001905501829253702
2022-08-03,283.68,305.9,278.07,297.53,2378613.59,2022-08-03 23:59:59.999,701125098.24515,1061444,1226830.27,361899813.64471,0,2022-08-03,68.3280639761949,267.302,17.063255566445473,1.771525948391857,0.04889656631178152,0.04773872237131231
2022-08-04,297.54,313.67,297.13,311.71,3251014.13,2022-08-04 23:59:59.999,990910083.56094,1359160,1664645.83,507528726.94678,0,2022-08-04,70.2116494665034,270.9645,18.358807573637268,2.219397955807837,0.04765905959062944,0.04655820815115025
2022-08-05,311.72,321.34,308.0,315.7,2608972.56,2022-08-05 23:59:59.999,822435197.76965,1143068,1323925.05,417421476.16189,0,2022-08-05,73.20187630298821,274.26200000000006,20.180253923590403,2.05339338924569,0.012800359308331455,0.012719127175021647
2022-08-06,315.7,322.99,312.59,315.14,1674866.78,2022-08-06 23:59:59.999,530925281.80399,800405,850212.66,269604419.63179,0,2022-08-06,75.04007123775602,277.6375,21.115568931841047,1.7760591779958348,-0.0017738359201774356,-0.0017754110300465323
2022-08-07,315.14,326.0,308.21,322.77,2115584.57,2022-08-07 23:59:59.999,673062854.31295,902825,1078271.33,343340097.97689,0,2022-08-07,76.17307038422307,280.57800000000003,23.111190636380623,1.8256091026995014,0.02421146157263432,0.023923010740027936
2022-08-08,322.77,333.99,321.0,324.55,2343153.95,2022-08-08 23:59:59.999,766922027.47309,1002163,1190268.27,389702049.02387,0,2022-08-08,88.96135500827414,283.37850000000003,24.89999244873226,1.653474397021199,0.00551476283421648,0.005499612205550256
2022-08-09,324.54,328.5,312.06,324.3,2054151.89,2022-08-09 23:59:59.999,658808585.42656,931247,1001338.12,321216736.83061,0,2022-08-09,88.19394927167161,286.688,25.74898988309179,1.4607174949685362,-0.0007702973347711861,-0.0007705941662052611
2022-08-10,324.3,336.9,313.47,328.66,3111154.02,2022-08-10 23:59:59.999,1011748028.77658,1359417,1550199.61,504327541.49197,0,2022-08-10,85.56662515566627,289.8465,26.862192424328967,1.4449118443826954,0.013444341658957804,0.013354768439871642
2022-08-11,328.66,334.68,321.65,323.29,1863553.58,2022-08-11 23:59:59.999,613627275.45407,934053,904530.24,297897573.04295,0,2022-08-11,78.82910997378606,292.89700000000005,27.03060158606985,1.1243922893548521,-0.01633907381488464,-0.016474028523947307
2022-08-12,323.29,328.0,317.51,327.88,1635804.27,2022-08-12 23:59:59.999,528300122.29412,756912,809098.9,261300335.33974,0,2022-08-12,75.02209131075112,296.346,26.864687524500646,1.1738085533747944,0.014197779083794604,0.014097934555633239
2022-08-13,327.9,333.0,322.5,324.0,1567750.15,2022-08-13 23:59:59.999,514123434.6738,742829,764493.22,250779953.4851,0,2022-08-13,77.60511882998173,299.4865,26.20170932048869,0.9355687333280751,-0.011833597657679662,-0.011904171992500536
2022-08-14,324.0,330.8,315.43,317.6,1483287.31,2022-08-14 23:59:59.999,479665233.87469,720598,705839.07,228319822.2446,0,2022-08-14,75.36617842876167,303.1415,23.03483066894506,0.6276798908486259,-0.01975308641975304,-0.019950786419348682
2022-08-15,317.59,327.33,313.57,319.31,1833422.31,2022-08-15 23:59:59.999,585024647.00631,830400,892559.13,284841963.77562,0,2022-08-15,76.18289683113878,306.6415,19.466644961375444,0.6507798352071493,0.005384130982367674,0.005369688366580281
2022-08-16,319.29,322.29,311.69,315.94,1456876.1,2022-08-16 23:59:59.999,460981769.57516,690797,707398.23,223870977.1512,0,2022-08-16,72.43536280233528,308.8615,17.70494111078769,0.3998036455307418,-0.01055400707776144,-0.010610095598609915
2022-08-17,315.93,324.16,303.5,306.75,2133079.41,2022-08-17 23:59:59.999,666614955.2183,955562,1020884.11,319271225.07559,0,2022-08-17,56.85399940529292,310.344,16.071457668132314,-0.2236262617999141,-0.029087801481293862,-0.02951923854993025
2022-08-18,306.79,310.4,295.22,297.96,1749054.81,2022-08-18 23:59:59.999,532686557.20917,781266,810177.72,246849128.34161,0,2022-08-18,38.88799094876354,310.54699999999997,15.87728834728336,-0.7927676140084496,-0.028655256723716493,-0.029073834282945382
2022-08-19,297.96,298.15,273.1,278.99,2892940.58,2022-08-19 23:59:59.999,824644439.47484,1168056,1383342.53,394207728.83557,0,2022-08-19,26.11581001951855,310.1085,16.64241356324699,-1.8698309522076713,-0.06366626392804398,-0.06578331042296703
2022-08-20,278.99,288.86,276.55,283.41,1888916.0,2022-08-20 23:59:59.999,536891192.94372,827458,924861.96,262885957.93261,0,2022-08-20,30.343204063932617,310.11350000000004,16.63395141680001,-1.6053611875426026,0.015842861751317328,0.015718673564044282
2022-08-21,283.41,304.31,283.17,301.61,2478139.64,2022-08-21 23:59:59.999,732307391.05697,1074019,1270106.44,375311443.5629,0,2022-08-21,38.40929009640667,311.038,15.532046532035224,-0.6070030746144442,0.06421791750467509,0.062240179633657425
2022-08-22,301.61,305.0,288.54,299.82,2516372.94,2022-08-22 23:59:59.999,745093234.60263,1059180,1271572.98,376554600.36577,0,2022-08-22,36.455252492058264,311.846,14.412852962753108,-0.8343941363364074,-0.005934816484864602,-0.0059524974986415935
2022-08-23,299.82,301.79,293.49,299.14,1806970.07,2022-08-23 23:59:59.999,538119816.92658,849655,896248.7,266905644.19488,0,2022-08-23,36.28434365460094,311.9265,14.332960275629851,-0.8921046144068865,-0.002268027483156576,-0.0022706033529881443
2022-08-24,299.15,300.42,293.87,296.06,1545887.35,2022-08-24 23:59:59.999,459253072.86854,732251,774216.15,230063012.17454,0,2022-08-24,31.977001326846505,311.144,14.766060088118943,-1.0215318040143206,-0.010296182389516573,-0.010349554745834419
2022-08-25,296.06,307.86,295.51,301.0,1567672.11,2022-08-25 23:59:59.999,472601475.4226,725571,781626.53,235686115.49529,0,2022-08-25,37.6180424397289,310.409,14.89265657965769,-0.6317878848325836,0.01668580693102739,0.016548128263529572
2022-08-26,301.01,302.33,276.96,279.3,2266578.32,2022-08-26 23:59:59.999,661501344.81929,1004587,1089460.22,318072429.89614,0,2022-08-26,27.32449589245705,308.617,16.375841352419634,-1.7902591609846192,-0.0720930232558139,-0.0748237917977446
2022-08-27,279.31,284.45,272.8,277.66,1560621.56,2022-08-27 23:59:59.999,436074177.0744,779518,766306.11,214186544.72647,0,2022-08-27,27.908085430968725,306.3615,17.398545394420655,-1.6496494016795171,-0.005871822413175742,-0.0058891293444747125
2022-08-28,277.66,283.9,275.3,276.23,1434558.06,2022-08-28 23:59:59.999,400379426.01247,700046,694274.98,193798869.11232,0,2022-08-28,29.296366730057045,303.9455,18.081428237417185,-1.5328158614509393,-0.00515018367787945,-0.005163491585614475
2022-08-29,276.23,286.56,271.94,285.61,2162177.72,2022-08-29 23:59:59.999,604169358.72278,915761,1096393.43,306476718.7359,0,2022-08-29,34.337237404722075,302.011,17.85742066008353,-0.918441711834731,0.03395720957173376,0.03339339183701377
2022-08-30,285.62,291.94,276.21,281.42,2077155.32,2022-08-30 23:59:59.999,591338373.38784,892003,1040238.54,296247679.02018,0,2022-08-30,34.07749077490776,299.649,17.2613062565903,-1.0560614433823758,-0.014670354679457986,-0.014779028497945912
2022-08-31,281.42,289.92,277.44,278.99,1805983.38,2022-08-31 23:59:59.999,513714860.63336,826696,892056.28,253875423.57941,0,2022-08-31,36.343959071231794,297.43399999999997,16.906669627526405,-1.0909304083147497,-0.008634780754743776,-0.008672276475001172
2022-09-01,278.99,280.21,270.29,278.18,1867546.39,2022-09-01 23:59:59.999,514989677.07904,863498,902217.64,248855048.39236,0,2022-09-01,39.44052957505874,294.94899999999996,15.813264219089557,-1.060438867501919,-0.0029033298684540965,-0.002907552706124389
2022-09-02,278.18,283.5,273.33,277.22,1572494.28,2022-09-02 23:59:59.999,438010788.77205,742357,794273.96,221295343.62432,0,2022-09-02,48.830138797091884,292.61,14.711373330275174,-1.0461293894519172,-0.003451002947731596,-0.003456971393777034
2022-09-03,277.21,278.66,274.0,277.64,696975.84,2022-09-03 23:59:59.999,192755869.41893,390587,349351.64,96626952.42245,0,2022-09-03,45.97348220516396,290.61199999999997,13.82565563305331,-0.9382556852484828,0.0015150422047469636,0.0015138956861758116
2022-09-04,277.64,280.68,274.74,278.98,887989.61,2022-09-04 23:59:59.999,246787700.74855,448272,438433.82,121871988.60495,0,2022-09-04,29.34842124475267,288.5955,12.27369694014439,-0.7834232869600966,0.004826393891370184,0.0048147841927062614
2022-09-05,278.97,282.47,273.03,276.7,1165569.09,2022-09-05 23:59:59.999,321886212.12685,541886,568632.28,157115349.37622,0,2022-09-05,29.08827785817654,286.6335,10.709124134886055,-0.927573522809457,-0.008172628862284093,-0.008206207871208985
2022-09-06,276.7,286.4,260.22,262.24,2492979.44,2022-09-06 23:59:59.999,686124381.14987,1056132,1217050.19,335380269.21805,0,2022-09-06,23.284100781928757,284.408,10.93120525928423,-2.027955698770911,-0.05225876400433671,-0.05367377179736055
2022-09-07,262.23,280.68,257.74,278.95,1724893.13,2022-09-07 23:59:59.999,462570180.29355,753047,882539.86,236861322.80675,0,2022-09-07,39.654129882694384,283.45750000000004,10.50913831660059,-0.42891242499680976,0.06372025625381328,0.06177243929601778
2022-09-08,278.96,282.89,275.21,280.41,1542173.57,2022-09-08 23:59:59.999,430242169.72326,679435,813413.59,226979137.90866,0,2022-09-08,37.00290367377858,283.5285,10.482129290999627,-0.2975063475583774,0.005233912887614434,0.005220263571064562
2022-09-09,280.41,295.95,279.89,293.14,1505091.93,2022-09-09 23:59:59.999,436149831.07631,732019,767478.88,222328399.01088,0,2022-09-09,59.85193621867881,284.015,10.699874322900493,0.8528137550616033,0.045397810349131484,0.0443974927365527
2022-09-10,293.14,298.48,290.23,296.47,1025193.27,2022-09-10 23:59:59.999,301703930.52623,551695,521379.14,153452014.1436,0,2022-09-10,63.07521201167802,283.758,10.30962993871424,1.2330219489512944,0.01135975984171389,0.011295722281091157
2022-09-11,296.47,297.89,289.35,295.07,804809.74,2022-09-11 23:59:59.999,236920506.80816,462526,397643.56,117071499.7823,0,2022-09-11,63.10152990264253,283.52049999999997,9.969232391374588,1.1585144719860967,-0.004722231591729464,-0.004733416553209665
2022-09-12,295.07,300.0,290.56,293.81,1370480.1,2022-09-12 23:59:59.999,404211190.15543,692254,687466.05,202802566.53817,0,2022-09-12,56.428347444339906,283.254,9.593887527706595,1.100283901548237,-0.004270173179245607,-0.00427931640679612
2022-09-13,293.8,298.5,275.16,277.23,1856311.65,2022-09-13 23:59:59.999,531009424.61744,893059,912342.46,261039151.44723,0,2022-09-13,47.24957332283051,282.31250000000006,9.186309536167474,-0.55326896834792,-0.056431026854089295,-0.05808581335218121
2022-09-14,277.22,282.58,273.0,279.14,1280447.11,2022-09-14 23:59:59.999,356973901.01987,610336,624372.09,174118766.66409,0,2022-09-14,50.09914077990745,281.21950000000004,8.079625105266132,-0.25737580307342206,0.006889586264112735,0.006865961512439398
2022-09-15,279.14,280.31,266.4,270.95,1450498.36,2022-09-15 23:59:59.999,396862351.58806,745042,692009.8,189362112.46924,0,2022-09-15,45.64615199325544,280.802,8.393664653494906,-1.1737423886595129,-0.02934011607078879,-0.029779146068374965
2022-09-16,270.94,276.33,268.22,274.76,1107493.71,2022-09-16 23:59:59.999,302783785.77997,600368,548103.98,149855607.66016,0,2022-09-16,48.56776897997203,280.65700000000004,8.47544943689918,-0.695774311899797,0.014061634988005167,0.013963687333557644
2022-09-17,274.75,279.82,274.38,278.76,663363.7,2022-09-17 23:59:59.999,183907662.45655,382098,331368.29,91872667.61995,0,2022-09-17,50.62597809076683,280.7835,8.424625104859858,-0.24018872944657554,0.014558159848595098,0.014453207224637186
2022-09-18,278.77,280.36,262.13,266.19,1178431.27,2022-09-18 23:59:59.999,321996071.42613,589245,558803.64,152740967.70415,0,2022-09-18,43.648823120468755,279.8125,8.942300937240317,-1.5233774948535832,-0.045092552733534186,-0.04614085705496195
2022-09-19,266.18,273.09,256.3,271.8,1711658.62,2022-09-19 23:59:59.999,452846622.34766,815313,860870.31,227936519.53296,0,2022-09-19,47.644683714670265,279.3315,9.108466434532751,-0.8268680632610079,0.02107517186971708,0.020856162201687203
2022-09-20,271.8,273.58,264.92,266.13,1095316.6,2022-09-20 23:59:59.999,294457913.51024,563579,538502.23,144779536.02392,0,2022-09-20,52.042423606006494,278.68850000000003,9.575772759777808,-1.3114868444613592,-0.02086092715231791,-0.021081590516438133
2022-09-21,266.13,276.47,260.0,263.7,1731125.0,2022-09-21 23:59:59.999,463421361.79287,849796,874846.15,234253541.85743,0,2022-09-21,40.58060531192094,277.9645,10.146625301031484,-1.4058368745074186,-0.0091308758877241,-0.009172817841364282
2022-09-22,263.7,276.45,263.23,275.21,1259379.6,2022-09-22 23:59:59.999,338716047.02948,613328,631607.14,169948101.96024,0,2022-09-22,47.14285714285712,277.864,10.164326368522795,-0.2611092859256258,0.043648084945013155,0.042722349249069404
2022-09-23,275.21,277.6,268.1,276.45,1295727.7,2022-09-23 23:59:59.999,353753757.97889,656419,648962.37,177204668.60568,0,2022-09-23,39.50446484718904,277.80449999999996,10.169188486463215,-0.13319646909908545,0.004505650230733016,0.004495530175631576
2022-09-24,276.46,285.31,274.0,274.32,1469625.39,2022-09-24 23:59:59.999,411351747.41841,687811,761247.28,213156925.18136,0,2022-09-24,35.857489464946994,277.5715,10.194192503038426,-0.3189561114360845,-0.00770482908301684,-0.007734664629277092
2022-09-25,274.32,279.86,270.9,274.04,1069732.24,2022-09-25 23:59:59.999,294670378.49722,522782,521113.83,143556509.65843,0,2022-09-25,36.377769141080464,277.43850000000003,10.223471073417503,-0.33242134453107636,-0.0010207057451151469,-0.0010212270199665473
2022-09-26,274.01,276.83,270.53,276.01,1101271.03,2022-09-26 23:59:59.999,301538144.80109,567923,534073.24,146241791.48838,0,2022-09-26,38.57509627727854,278.127,9.590108445660704,-0.22074828579836456,0.007188731572033147,0.00716301581015067
2022-09-27,276.0,286.65,268.0,272.03,1785896.47,2022-09-27 23:59:59.999,497772849.27312,756079,871785.64,243421173.37916,0,2022-09-27,46.018376722817735,277.781,9.683233420362024,-0.5939131848155967,-0.014419767399731942,-0.014524742613153783
2022-09-28,272.03,283.68,266.2,281.47,1536301.46,2022-09-28 23:59:59.999,421126340.7083,701618,781387.0,214294327.65026,0,2022-09-28,51.59961554304547,277.83399999999995,9.701264377690556,0.3747965067689097,0.03470205492041334,0.03411351563280072
2022-09-29,281.47,285.45,276.88,284.04,1469398.95,2022-09-29 23:59:59.999,413818878.36728,690637,757566.55,213370036.82061,0,2022-09-29,59.73813420621933,277.379,9.142947756809136,0.7285396545156102,0.009130635591714897,0.00908920334939689
2022-09-30,284.06,289.76,280.38,284.65,1610532.91,2022-09-30 23:59:59.999,458867081.96956,717012,831892.25,237057186.61975,0,2022-09-30,57.725355413216676,276.788,8.174710424586594,0.9617466052808296,0.0021475848472045644,0.002145282083197958
2022-10-01,284.65,285.3,277.6,282.8,773576.71,2022-10-01 23:59:59.999,218132573.18128,412945,371760.02,104829791.56591,0,2022-10-01,53.265438086000664,276.1745,7.123263943590293,0.9301213674613018,-0.006499209555594465,-0.006520421374673072
2022-10-02,282.81,287.99,279.24,284.63,978480.96,2022-10-02 23:59:59.999,277209661.73129,459302,504685.41,143033953.13689,0,2022-10-02,68.03599374021911,275.7155,6.157357152609312,1.4477802373738,0.0064710042432813975,0.006450157181277156
2022-10-03,284.63,288.99,283.0,286.83,1208709.28,2022-10-03 23:59:59.999,345927435.42525,535052,590238.49,168916511.05396,0,2022-10-03,65.75141479773632,276.1955,6.637129591175205,1.602273973095198,0.007729332818044332,0.007699614561769361
2022-10-04,286.84,298.35,286.0,296.0,1277434.78,2022-10-04 23:59:59.999,373760741.13699,622426,668750.97,195698577.50319,0,2022-10-04,79.16422573716076,277.0385,7.968072655393826,2.3796846263900964,0.031970156538716266,0.0314697485585959
2022-10-05,295.99,296.12,289.19,293.98,917613.59,2022-10-05 23:59:59.999,268678726.92693,503769,459515.09,134550495.8166,0,2022-10-05,79.8031496062993,278.19,8.67464241638607,1.820247941306873,-0.006824324324324227,-0.00684771651021867
2022-10-06,293.98,297.8,278.0,286.76,2296853.58,2022-10-06 23:59:59.999,661370541.13836,914384,1130135.89,325490760.78181,0,2022-10-06,62.41668458396047,278.79,8.838370295095055,0.9017499532038168,-0.02455949384311862,-0.02486610882917016
2022-10-07,286.77,286.77,279.2,282.16,1779227.74,2022-10-07 23:59:59.999,504431296.13382,755139,888567.45,251956212.4645,0,2022-10-07,55.72488470022063,278.96,8.870403183120477,0.360750231296063,-0.016041288882689186,-0.016171343056874756
2022-10-08,282.15,282.59,275.27,276.23,848461.92,2022-10-08 23:59:59.999,237440628.42925,395278,402527.38,112700222.337,0,2022-10-08,51.779392584311566,279.46200000000005,8.380230244265654,-0.38566959448537713,-0.021016444570456483,-0.021240433906754695
2022-10-09,276.24,279.42,275.02,278.2,696640.22,2022-10-09 23:59:59.999,193319999.9467,336792,334366.64,92795233.4107,0,2022-10-09,53.75722543352599,279.78200000000004,8.192343408686742,-0.1931071393226239,0.007131738044383162,0.0071064274683005305
2022-10-10,278.19,279.1,271.14,271.47,1022889.84,2022-10-10 23:59:59.999,281058218.77299,463046,468175.58,128673466.9753,0,2022-10-10,46.224218230206276,280.049,7.801692731274557,-1.0996331559700385,-0.024191229331416153,-0.02448864345819087
2022-10-11,271.47,273.86,267.0,271.4,1091096.9,2022-10-11 23:59:59.999,295474333.83915,505416,525526.94,142326482.60761,0,2022-10-11,49.439601494396015,280.434,7.111934669018079,-1.2702591376935894,-0.00025785537996847463,-0.00025788863038295233
2022-10-12,271.39,272.88,269.18,270.8,750582.36,2022-10-12 23:59:59.999,203538653.7308,361930,369650.16,100244764.168,0,2022-10-12,38.73759763563431,280.2135,7.34690788875526,-1.2812873310155068,-0.002210759027265863,-0.0022132063626486734
2022-10-13,270.8,273.66,255.0,271.4,2116323.33,2022-10-13 23:59:59.999,561185772.66166,861574,1001898.33,265763525.75839,0,2022-10-13,36.07929515418492,279.961,7.566556541404723,-1.1314261584055638,0.0022156573116689504,0.002213206362648661
2022-10-14,271.39,276.65,267.39,269.3,1135601.69,2022-10-14 23:59:59.999,309791008.84093,512868,552729.51,150805104.88158,0,2022-10-14,33.631904457240324,279.71,7.841786853273213,-1.3275035645293989,-0.0077376565954310195,-0.007767747583215463
2022-10-15,269.3,271.32,267.18,267.96,509635.39,2022-10-15 23:59:59.999,137495428.96565,289477,245215.14,66163738.43171,0,2022-10-15,34.00172488141433,279.406,8.18356530200424,-1.3986568906826933,-0.00497586334942457,-0.004988284177486543
2022-10-16,267.96,273.74,267.72,272.31,600305.4,2022-10-16 23:59:59.999,162594558.11531,308798,292237.45,79171329.20551,0,2022-10-16,37.40286298568506,279.221,8.305293112452214,-0.8321199392274629,0.016233766233766378,0.01610340756657889
2022-10-17,272.31,275.82,269.51,275.54,734925.44,2022-10-17 23:59:59.999,200815048.26798,379787,370982.54,101387607.54618,0,2022-10-17,38.69417184057683,279.39649999999995,8.181504349481747,-0.47136808040005673,0.011861481399875196,0.011791685409807467
2022-10-18,275.53,275.9,270.12,272.99,795262.09,2022-10-18 23:59:59.999,217168932.21871,367844,392762.4,107242376.5061,0,2022-10-18,23.435696144077554,278.9725,8.287440005311662,-0.7218755123615564,-0.009254554692603612,-0.009297644139019456
2022-10-19,272.98,273.87,270.2,271.78,630654.29,2022-10-19 23:59:59.999,171513713.9537,316145,307493.43,83631901.2604,0,2022-10-19,23.882352941176407,278.35949999999997,8.346094879425664,-0.788332758619773,-0.00443239679109142,-0.004442248985082305
2022-10-20,271.79,273.29,267.1,268.8,798786.29,2022-10-20 23:59:59.999,216153916.61154,380391,374145.96,101282054.7461,0,2022-10-20,26.529012023000504,277.567,8.468956376366222,-1.035192485400622,-0.010964750901464315,-0.011025306843356803
2022-10-21,268.81,271.08,263.09,269.88,979839.7,2022-10-21 23:59:59.999,262292450.00171,443196,469242.34,125640200.39414,0,2022-10-21,32.32584916522734,276.921,8.541233055290801,-0.824354042843791,0.004017857142857073,0.0040098071102300775
2022-10-22,269.89,271.06,268.12,270.27,375436.96,2022-10-22 23:59:59.999,101190492.8841,228394,193130.53,52061247.3098,0,2022-10-22,39.79452054794511,276.203,8.46229165176473,-0.7011103190661979,0.0014450867052022698,0.0014440435722336239
2022-10-23,270.28,276.64,268.42,275.73,652279.77,2022-10-23 23:59:59.999,177646143.04509,321270,341426.89,93045807.18229,0,2022-10-23,46.22208626491286,275.648,8.084186382884155,0.01014325945943108,0.020202020202020332,0.02000066670666965
2022-10-24,275.74,277.38,271.38,274.02,671641.35,2022-10-24 23:59:59.999,183890596.5774,329296,332772.88,91123349.7395,0,2022-10-24,54.607878568847035,274.549,6.5132164420180905,-0.08121947193207173,-0.006201719073006373,-0.0062210296131653894
2022-10-25,274.03,289.75,271.78,284.04,1622059.68,2022-10-25 23:59:59.999,457365608.77261,628879,835704.6,235618765.62062,0,2022-10-25,66.79957469431156,274.052,5.199154384638926,1.9210816338729768,0.03656667396540403,0.03591397688893032
2022-10-26,284.05,291.95,284.04,290.06,1194211.68,2022-10-26 23:59:59.999,344139024.87931,526697,602302.45,173574640.59482,0,2022-10-26,72.37453531598507,274.217,5.655975973255858,2.801108080181608,0.02119419800028166,0.02097272481821112
2022-10-27,290.04,293.22,284.42,286.67,1220581.89,2022-10-27 23:59:59.999,352045551.47408,531111,599070.74,172849557.19593,0,2022-10-27,66.65939341042986,274.4425,6.06447886853358,2.0162490899991687,-0.011687237123353733,-0.011756069713287045
2022-10-28,286.68,301.08,285.52,297.85,1703353.21,2022-10-28 23:59:59.999,499786166.00156,675921,896693.72,263286489.82406,0,2022-10-28,75.99708614095788,275.52349999999996,8.013557114734013,2.7860910804453822,0.038999546516901074,0.038258275655879664
2022-10-29,297.85,308.42,295.47,304.42,2009675.24,2022-10-29 23:59:59.999,608962719.92708,824672,1002563.64,303807117.12393,0,2022-10-29,80.3126039241769,276.8345,10.294593611751168,2.679610389720627,0.022058082927648215,0.021818322776824387
2022-10-30,304.41,319.3,302.14,313.42,2119755.13,2022-10-30 23:59:59.999,660540263.48056,857661,1067517.84,332773708.88073,0,2022-10-30,81.72557493440343,278.93199999999996,13.049148631214806,2.642931042834586,0.029564417580973723,0.029135817243549262
2022-10-31,313.42,337.88,306.41,325.59,4298471.38,2022-10-31 23:59:59.999,1398540629.54198,1552066,2157650.06,702242739.04282,0,2022-10-31,83.94140783941404,281.6415,16.55729359875377,2.6543287245512075,0.03882968540616405,0.03809477703096312
2022-11-01,325.6,334.25,316.88,323.67,2154109.81,2022-11-01 23:59:59.999,700618026.42696,865808,1056762.29,343917943.24235,0,2022-11-01,84.66484268125856,284.28499999999997,18.803457548786735,2.0945615931438795,-0.005896987008200405,-0.00591444289467476
2022-11-02,323.66,329.63,315.01,319.98,2337902.08,2022-11-02 23:59:59.999,752848072.07933,1101966,1150047.43,370334161.22546,0,2022-11-02,81.88674252447743,286.714,20.141524637832177,1.6516128047980991,-0.011400500509778477,-0.011465984390792572
2022-11-03,319.98,339.0,317.83,329.36,2702424.87,2022-11-03 23:59:59.999,891813699.15344,1196347,1366677.62,451170209.64402,0,2022-11-03,86.93583800927057,289.717,21.816233719040007,1.8171330812889945,0.02931433214575918,0.02889288362108347
2022-11-04,329.35,358.99,327.97,354.36,3226092.61,2022-11-04 23:59:59.999,1119397479.64518,1404679,1673961.21,580662868.17697,0,2022-11-04,89.88668555240795,294.037,25.521008291407828,2.363660530618965,0.07590478503764886,0.07316196808218245
2022-11-05,354.37,361.0,345.83,348.97,1660276.61,2022-11-05 23:59:59.999,587378479.56572,827346,834374.47,295228092.49347,0,2022-11-05,85.48241659152393,297.87,27.74588599185971,1.841714480301408,-0.015210520374760117,-0.015327386921553937
2022-11-06,348.96,356.33,337.42,337.69,1593381.25,2022-11-06 23:59:59.999,557030299.03393,766851,785521.73,274787171.13164,0,2022-11-06,76.54215215901303,300.9775,28.581114462997594,1.2845020458362337,-0.032323695446600076,-0.03285764375093143
2022-11-07,337.69,344.19,326.04,336.81,3006304.57,2022-11-07 23:59:59.999,1006774687.86401,1327263,1477849.02,495045876.01849,0,2022-11-07,77.09034429200106,304.1685,28.853295219083922,1.1312919287780523,-0.0026059403595013464,-0.0026093417325485546
2022-11-08,336.81,399.91,298.17,326.95,12141918.87,2022-11-08 23:59:59.999,4121082021.62405,5190348,6039206.58,2051925470.81108,0,2022-11-08,68.53884040438953,306.927,28.22422962446195,0.7094259176040016,-0.029274665241530884,-0.0297117191315129
2022-11-09,326.97,332.64,260.0,266.52,7429076.14,2022-11-09 23:59:59.999,2207183823.53438,3503967,3614113.6,1074696260.38175,0,2022-11-09,43.082167626660386,306.813,28.390448004467196,-1.4192449514590246,-0.1848294846306775,-0.20435796631294859
2022-11-10,266.53,311.93,262.11,303.84,4331441.11,2022-11-10 23:59:59.999,1247111936.08222,2345284,2157604.14,621468526.47607,0,2022-11-10,54.20688979271818,308.51099999999997,27.049137917961204,-0.1726857252961969,0.14002701485817193,0.13105195936963931
2022-11-11,303.85,305.92,278.14,290.08,2500929.25,2022-11-11 23:59:59.999,728374208.39623,1346446,1236131.26,360068280.44261,0,2022-11-11,48.12000967819984,309.5015,25.913994649297827,-0.7494599062335721,-0.045286993154291744,-0.04634450005743484
2022-11-12,290.08,293.43,271.31,282.67,1831003.82,2022-11-12 23:59:59.999,518347118.33082,1020812,900612.81,255010138.4735,0,2022-11-12,44.758783555834015,309.84849999999994,25.48082277341439,-1.0666256832317371,-0.025544677330391563,-0.025876607499447726
2022-11-13,282.68,286.36,273.0,276.41,1365077.83,2022-11-13 23:59:59.999,381425473.29403,812758,664898.75,185803329.81435,0,2022-11-13,40.96214896214896,309.968,25.30897544141928,-1.3259327734413466,-0.02214596525984358,-0.02239486881796642
2022-11-14,276.4,292.16,267.58,278.85,2899668.01,2022-11-14 23:59:59.999,808361613.63966,1367600,1425026.57,397315476.40113,0,2022-11-14,38.01661368064815,309.7085,25.61358855537109,-1.2047706604363744,0.008827466444774057,0.008788732146436032
2022-11-15,278.85,282.54,272.9,276.83,1941769.22,2022-11-15 23:59:59.999,539588833.83465,946389,938049.43,260721689.01949,0,2022-11-15,37.9971299712997,309.04699999999997,26.309136915961016,-1.2245555642098938,-0.007244038013268894,-0.0072704034620089016
2022-11-16,276.89,280.23,268.22,271.7,1754311.85,2022-11-16 23:59:59.999,479762878.93264,818794,832599.73,227704136.33235,0,2022-11-16,37.71876271876272,308.2985,27.17788018435972,-1.3466282046920512,-0.018531228551818768,-0.01870508294125183
2022-11-17,271.72,273.4,262.93,267.82,1763629.04,2022-11-17 23:59:59.999,472924681.27035,793224,853437.36,228890161.11094,0,2022-11-17,33.895111483303666,306.797,28.578934107773534,-1.3638367285852764,-0.014280456385719509,-0.014383403364881898
2022-11-18,267.82,274.78,267.51,273.89,1279304.52,2022-11-18 23:59:59.999,348071130.58059,601718,631882.31,171931682.03459,0,2022-11-18,26.62522512054842,305.27049999999997,29.51268281781375,-1.0632886272561715,0.02266447614069156,0.0224114528600541
2022-11-19,273.88,274.5,268.83,272.33,869212.92,2022-11-19 23:59:59.999,236080059.99721,390195,422421.63,114745869.8839,0,2022-11-19,27.231134878193686,303.216,30.3342895087327,-1.0181876846368365,-0.005695717258753508,-0.0057119997125699715
2022-11-20,272.33,273.88,261.36,264.11,1227348.13,2022-11-20 23:59:59.999,329921887.37031,571933,570576.91,153406426.7074,0,2022-11-20,27.735415153715806,300.142,31.05420313952979,-1.1602938203921842,-0.030183967980024096,-0.030648883183371656
2022-11-21,264.11,265.08,249.12,253.92,2497180.85,2022-11-21 23:59:59.999,642948841.00459,1049155,1205727.07,310472602.17329,0,2022-11-21,26.256087081065587,296.6545,32.16942033981331,-1.3284199574809001,-0.038582408844799576,-0.039346426253433514
2022-11-22,253.93,267.79,251.99,266.62,1727673.63,2022-11-22 23:59:59.999,448404542.72463,745109,885004.23,229784802.55027,0,2022-11-22,32.99509555217318,293.98650000000004,32.34533095321907,-0.8460726538732931,0.05001575299306871,0.048805166907431995
2022-11-23,266.64,302.16,264.8,298.49,4996679.33,2022-11-23 23:59:59.999,1455542719.77481,1800452,2589842.07,754424123.35845,0,2022-11-23,60.74044211516497,292.443,31.28774555804311,0.1932705566395636,0.11953341834821085,0.11291200774843926
2022-11-24,298.46,303.84,293.45,299.86,2634888.34,2022-11-24 23:59:59.999,785685943.35895,1094303,1330867.57,396951887.22698,0,2022-11-24,48.237065910701645,289.718,27.78898108015586,0.36496480280244636,0.004589768501457314,0.00457926763278683
2022-11-25,299.86,306.61,293.63,300.43,2224501.41,2022-11-25 23:59:59.999,664692361.29733,952289,1132850.05,338601832.83292,0,2022-11-25,55.19109238639784,287.291,24.234015654373337,0.5421718045985049,0.0019008870806376255,0.00189908268106899
2022-11-26,300.43,318.0,299.42,310.95,3043808.81,2022-11-26 23:59:59.999,948176854.00444,1230722,1550899.23,483025457.29064,0,2022-11-26,63.754863813229555,285.954,21.93579204476432,1.1395075203571725,0.03501647638384986,0.03441734580207224
2022-11-27,310.96,316.31,305.94,307.36,1681129.74,2022-11-27 23:59:59.999,525122936.34984,797152,845990.94,264331722.8191,0,2022-11-27,65.45490861879556,284.4815,19.1543858588873,1.1944261835669772,-0.011545264511979347,-0.011612428529651697
2022-11-28,307.34,309.19,286.0,293.16,3108085.64,2022-11-28 23:59:59.999,916151905.4382,1333129,1522881.41,448881492.98996,0,2022-11-28,56.39467333988739,282.79200000000003,16.520440480924506,0.6275861719287394,-0.04619989588755857,-0.04730116396259712
2022-11-29,293.16,304.99,288.51,295.13,2159345.9,2022-11-29 23:59:59.999,644650037.22087,951897,1072040.08,320079596.93944,0,2022-11-29,58.18133047210302,284.22249999999997,16.274125047208955,0.6702357250149485,0.0067198799290488775,0.006697402178253799
2022-11-30,295.14,305.27,292.0,300.11,2627825.67,2022-11-30 23:59:59.999,786388698.17926,1134781,1278845.81,382773744.54669,0,2022-11-30,62.718237980123575,284.036,16.05740766911625,1.0010333131739362,0.016873919967472117,0.016733136881169924
2022-12-01,300.1,301.53,290.12,292.3,3296858.67,2022-12-01 23:59:59.999,975222834.4481,1255000,1656992.21,490228179.69887,0,2022-12-01,60.586403736377804,284.147,16.108977261782165,0.5061153087193593,-0.026023791276531982,-0.026368401999872875
2022-12-02,292.3,294.04,284.38,293.49,2024065.31,2022-12-02 23:59:59.999,586574688.89573,858098,998369.36,289416730.59862,0,2022-12-02,58.8495575221239,284.688,16.237935310791777,0.5420639897579951,0.004071159767362387,0.0040628950202469824
2022-12-03,293.49,294.5,288.98,290.35,1038670.52,2022-12-03 23:59:59.999,302671954.9624,505503,509907.6,148604970.3323,0,2022-12-03,58.02172364672367,285.385,16.16291580649935,0.3071846725826247,-0.010698831306007017,-0.01075647531938827
2022-12-04,290.35,293.09,287.08,291.95,1004041.37,2022-12-04 23:59:59.999,291833966.98729,494274,504191.55,146571594.88923,0,2022-12-04,63.169347209082304,286.04,16.149579756617715,0.365953795025421,0.005510590666436999,0.0054954629114876774
2022-12-05,291.94,297.25,286.01,288.39,1505984.56,2022-12-05 23:59:59.999,440752681.70539,697548,716532.07,209754060.1799,0,2022-12-05,67.39679014837995,286.61800000000005,16.008856627688456,0.11068872944587027,-0.012193868813152986,-0.012268823983712178
2022-12-06,288.4,290.79,286.44,290.21,904184.64,2022-12-06 23:59:59.999,261128272.4862,460562,438453.58,126639482.4191,0,2022-12-06,63.374532259893414,287.5435,15.631633000513073,0.17058358521547065,0.006310898436145518,0.006291068104352899
2022-12-07,290.2,291.0,280.0,284.02,1151685.74,2022-12-07 23:59:59.999,327705738.87431,573960,537927.25,153058282.955,0,2022-12-07,38.42585186370176,288.3535,14.961156117359202,-0.28965007556948896,-0.02132938217153091,-0.021560140633320325
2022-12-08,284.01,291.99,282.29,290.34,1167705.79,2022-12-08 23:59:59.999,335033055.84845,564154,594549.74,170651582.01315,0,2022-12-08,42.94396679513782,289.17600000000004,14.57126024963983,0.0798832757124561,0.022251954087740167,0.02200799181641507
2022-12-09,290.34,292.1,284.5,285.91,984260.54,2022-12-09 23:59:59.999,284477544.97429,483977,489434.07,141489387.7013,0,2022-12-09,39.820527201346025,289.855,14.05210061088822,-0.2807409446629797,-0.015257973410484071,-0.015375574051928242
2022-12-10,285.91,289.85,285.63,288.03,437168.02,2022-12-10 23:59:59.999,125687174.49126,271543,216903.61,62372299.15096,0,2022-12-10,31.786395422758986,291.051,12.698293254549153,-0.23790598779231564,0.007414920779265977,0.007387565396288129
2022-12-11,288.02,291.49,283.17,284.38,796560.71,2022-12-11 23:59:59.999,229724087.77439,394236,390065.43,112528428.343,0,2022-12-11,31.756113051762384,292.57399999999996,9.41188185219011,-0.8706016637993864,-0.012672291080790155,-0.012753269409413676
2022-12-12,284.39,285.74,271.45,276.14,3088891.51,2022-12-12 23:59:59.999,857175291.85444,1113353,1512225.88,419608126.14295,0,2022-12-12,35.07541213609251,293.05,8.19184960796931,-2.0642468806494447,-0.02897531471974124,-0.02940338848022214
2022-12-13,276.14,282.36,255.34,272.34,8174597.75,2022-12-13 23:59:59.999,2198073505.88101,2608979,4063321.29,1092777887.31852,0,2022-12-13,30.637213254035615,291.7425,9.29102842585844,-2.0883048797913184,-0.013761135655826817,-0.013856697791577121
2022-12-14,272.34,278.67,265.0,267.7,3748097.02,2022-12-14 23:59:59.999,1020188374.30246,1231899,1838681.48,500621761.45763,0,2022-12-14,22.303879678687295,290.1345,10.514590601915723,-2.133654162047215,-0.017037526621135335,-0.017184335170122408
2022-12-15,267.7,268.14,256.5,258.85,2561799.65,2022-12-15 23:59:59.999,673477561.049,840623,1250032.32,328712876.0428,0,2022-12-15,21.914357682619553,288.05550000000005,12.326380556803832,-2.369349207207413,-0.033059394844975554,-0.033618207178396295
2022-12-16,258.84,264.77,222.96,230.74,6245544.82,2022-12-16 23:59:59.999,1533708665.59925,1834044,2987686.44,734271311.0822,0,2022-12-16,13.715739562854083,284.045,16.74275915762057,-3.1837643663253625,-0.10859571180220207,-0.11495720784876676
2022-12-17,230.73,245.0,218.93,241.75,6595404.85,2022-12-17 23:59:59.999,1537618502.60629,1779702,3367630.76,785492022.37166,0,2022-12-17,24.242103031587803,280.7645,18.29023883328206,-2.1330776681279184,0.04771604403224394,0.04661259883425995
2022-12-18,241.74,254.2,238.97,250.78,5162521.0,2022-12-18 23:59:59.999,1276176705.83836,1561833,2629509.66,650190261.68568,0,2022-12-18,29.773017588680332,278.64549999999997,19.21038986287775,-1.4505431799615578,0.03735263702171676,0.03667192642898817
2022-12-19,250.77,252.87,236.46,240.23,4377059.47,2022-12-19 23:59:59.999,1076652067.98386,1308142,2183880.81,537251321.99049,0,2022-12-19,27.859507171754288,275.9005,20.602827980377153,-1.7313399905087714,-0.04206874551399642,-0.042979262995288155
2022-12-20,240.24,253.68,239.03,251.09,3425483.64,2022-12-20 23:59:59.999,849956121.24681,964790,1765021.24,437942808.95452,0,2022-12-20,33.39558573853989,273.4495,20.486666902866475,-1.0914171693235017,0.04520667693460445,0.04421464283240091
2022-12-21,251.1,251.35,245.0,246.07,1713273.14,2022-12-21 23:59:59.999,425264419.31632,539750,856137.47,212534250.918,0,2022-12-21,33.73060104604302,271.13800000000003,20.85261806103791,-1.2021512083817603,-0.01999283125572504,-0.02019539229909573
2022-12-22,246.07,248.27,240.0,245.69,2368418.48,2022-12-22 23:59:59.999,578206850.29197,738249,1183784.9,289033754.56882,0,2022-12-22,29.83105971632486,268.748,20.895162774382456,-1.1035089914814726,-0.0015442760190189642,-0.0015454696422445094
2022-12-23,245.7,248.74,243.33,245.95,1547434.48,2022-12-23 23:59:59.999,380523332.4089,490709,771025.14,189640907.3375,0,2022-12-23,31.242959068719458,266.52799999999996,20.83782380797338,-0.9875311447890261,0.0010582441287800837,0.0010576845831844696
2022-12-24,245.95,246.15,243.0,244.31,738879.96,2022-12-24 23:59:59.999,180726575.1778,253005,366324.24,89610750.7029,0,2022-12-24,29.38513768389288,264.146,20.49899365949789,-0.9676572581800527,-0.0066680219556819464,-0.006690352536642095
2022-12-25,244.31,245.74,241.0,243.11,1155002.07,2022-12-25 23:59:59.999,281118285.76595,371785,577079.38,140467487.0635,0,2022-12-25,30.08012356405058,261.88199999999995,20.17840680163149,-0.9303013951766578,-0.004911792394908021,-0.0049238948934105745
2022-12-26,243.11,244.9,241.71,244.26,865906.28,2022-12-26 23:59:59.999,210530628.6914,312119,441072.62,107257594.8098,0,2022-12-26,33.48186528497409,259.5845,19.38350233817991,-0.7905949983979498,0.00473036896877943,0.004719215931646375
2022-12-27,244.26,250.0,242.0,246.52,1613541.3,2022-12-27 23:59:59.999,394852073.6376,501910,813530.41,199135697.17573,0,2022-12-27,36.40480202190397,257.70950000000005,18.696971461752533,-0.5984659078551755,0.009252435928928326,0.009209894351100064
2022-12-28,246.53,247.37,241.28,244.42,1708713.93,2022-12-28 23:59:59.999,416525400.75595,553180,846724.51,206440355.0877,0,2022-12-28,37.40532352304695,255.41349999999997,17.241911994033686,-0.6376033008290568,-0.008518578614311267,-0.008555069084187971
2022-12-29,244.42,246.81,243.14,246.12,1328638.57,2022-12-29 23:59:59.999,326039694.73852,416840,684973.41,168102239.47852,0,2022-12-29,42.53547554825847,253.42400000000004,15.77065476061211,-0.46313866550690624,0.006955240978643307,0.006931164862435061
2022-12-30,246.13,246.54,242.53,245.74,1108524.46,2022-12-30 23:59:59.999,271045015.57425,329350,555162.7,135756228.5806,0,2022-12-30,63.03441084462982,251.3095,13.567771207010361,-0.4104948347833495,-0.0015439622948155707,-0.0015451554328643929
2022-12-31,245.73,248.0,244.73,246.11,821800.63,2022-12-31 23:59:59.999,202317473.75952,247390,409210.99,100755417.00132,0,2022-12-31,54.648187633262275,249.39600000000002,11.139666157687172,-0.2949819100038671,0.0015056563847970494,0.0015045240207141497
2023-01-01,246.11,246.59,243.25,244.36,793153.38,2023-01-01 23:59:59.999,193985583.2792,246426,389385.7,95232307.0192,0,2023-01-01,41.89803129732461,247.80700000000002,9.22631368478111,-0.3736053333722938,-0.007110641583031985,-0.007136042678573045
2023-01-02,244.35,247.88,240.4,245.07,1476135.06,2023-01-02 23:59:59.999,362014330.10557,407787,730789.27,179289452.71912,0,2023-01-02,58.1262592343855,246.4435,7.203116485571498,-0.19068135337686865,0.0029055491897200802,0.002901336240321412
2023-01-03,245.06,246.9,244.02,245.97,917619.33,2023-01-03 23:59:59.999,225254035.322,287346,455078.54,111722283.6716,0,2023-01-03,37.08375378405649,245.35700000000003,5.183925661369319,0.118250152498917,0.0036724201248623523,0.003665693254308482
2023-01-04,245.97,260.9,245.47,258.54,2601842.57,2023-01-04 23:59:59.999,664724650.61011,747686,1357831.2,346679950.40568,0,2023-01-04,72.7804165144319,245.34150000000005,5.141749932451639,2.566927636192293,0.051103793145505616,0.04984084357960567
2023-01-05,258.55,258.9,255.0,256.44,1016972.84,2023-01-05 23:59:59.999,261280295.1172,344953,504175.6,129535357.2114,0,2023-01-05,68.47713991062218,246.6265,4.467795023036573,2.196497366016174,-0.0081225342306801,-0.008155701736745204
2023-01-06,256.43,260.5,253.95,259.69,1642251.62,2023-01-06 23:59:59.999,422647779.1308,519824,841457.11,216585985.2481,0,2023-01-06,71.41521197007481,247.52349999999996,5.181166577588025,2.3482163365733517,0.012673529870534939,0.01259389283984718
2023-01-07,259.69,264.0,259.21,261.11,722545.09,2023-01-07 23:59:59.999,188645181.5799,295305,366210.73,95631192.4095,0,2023-01-07,76.36534839924667,248.04000000000002,5.976700374610952,2.1868253686467884,0.005468058069236559,0.00545316251487877
2023-01-08,261.1,277.0,259.83,274.7,1576056.16,2023-01-08 23:59:59.999,419479859.02601,512241,844643.99,224948859.74784,0,2023-01-08,85.69491525423722,249.76349999999996,8.172638738304006,3.0512177031790433,0.05204702998736166,0.05073781862744576
2023-01-09,274.7,283.55,271.27,272.44,2398756.73,2023-01-09 23:59:59.999,666242323.2157,791760,1195553.96,332166138.12097,0,2023-01-09,81.06261022927686,250.83100000000005,9.621033372635024,2.246016530974951,-0.008227156898434673,-0.008261186728110579
2023-01-10,272.44,278.65,270.07,277.02,1433539.8,2023-01-10 23:59:59.999,394249669.61854,493344,717695.07,197394850.74363,0,2023-01-10,81.9840604026845,252.37849999999997,11.178039690180755,2.204456298508772,0.016811040963147894,0.016671299373834977
2023-01-11,277.01,287.4,273.91,284.74,1506445.25,2023-01-11 23:59:59.999,419577627.44904,525734,768029.14,214001940.24086,0,2023-01-11,87.82363977485927,254.331,13.179546314350292,2.307287312833354,0.0278680239693887,0.027486777438647386
2023-01-12,284.74,288.67,276.51,287.52,2285067.64,2023-01-12 23:59:59.999,650217253.89386,813835,1133197.07,322540323.30672,0,2023-01-12,88.0654652445752,256.40950000000004,14.947581559341405,2.081306589731074,0.009763292828545156,0.009715939849648993
2023-01-13,287.52,296.25,284.63,293.67,1784645.31,2023-01-13 23:59:59.999,515825584.99797,620094,904034.75,261412271.46465,0,2023-01-13,89.84206151288444,258.8775,16.804291705880637,2.070453227601639,0.02138981636060122,0.021164264906199944
2023-01-14,293.67,315.3,293.15,305.25,3307812.49,2023-01-14 23:59:59.999,1011255618.20288,1211788,1656186.72,506332993.86318,0,2023-01-14,91.43778026905828,261.9845,19.295521562474477,2.2422560520023365,0.03943201552763309,0.038674425049365455
2023-01-15,305.26,306.24,292.0,302.2,1490260.82,2023-01-15 23:59:59.999,446253710.98226,606658,715665.03,214338991.52075,0,2023-01-15,89.80181668042937,264.8815,20.786258435234267,1.7953447522206458,-0.009991809991810041,-0.010042063152174915
2023-01-16,302.2,308.19,293.0,299.02,1710474.04,2023-01-16 23:59:59.999,513925445.33329,684248,825969.82,248202179.53478,0,2023-01-16,85.90443231731662,267.5065,21.64277228933334,1.456075015654599,-0.010522832561217776,-0.010578589052857471
2023-01-17,299.01,306.0,294.0,299.28,1351462.88,2023-01-17 23:59:59.999,406983516.96618,595067,656233.46,197639608.33061,0,2023-01-17,85.78332662102292,270.2495,22.03570081169829,1.3174303031282888,0.0008695070563842222,0.0008691292541089729
2023-01-18,299.28,305.48,281.1,286.44,2936274.92,2023-01-18 23:59:59.999,863359895.79327,1207704,1429104.3,420185563.37701,0,2023-01-18,68.65971107544141,272.2655,21.55102207246678,0.6577182257220703,-0.04290296712109054,-0.043850499901151585
2023-01-19,286.44,295.4,285.82,294.4,1188547.72,2023-01-19 23:59:59.999,345037943.16703,489901,591845.09,171819332.46773,0,2023-01-19,73.54254527412553,274.69849999999997,21.141663350126056,0.9318803196193426,0.027789414886189023,0.02741029671598208
2023-01-20,294.39,305.66,286.69,305.24,2112548.65,2023-01-20 23:59:59.999,621709129.85053,778552,1062800.25,312912441.22334,0,2023-01-20,75.81906813286477,277.65500000000003,21.067675039702266,1.3093518837752975,0.03682065217391317,0.03615896556671139
2023-01-21,305.24,310.55,298.16,299.12,2167116.69,2023-01-21 23:59:59.999,658636287.61932,879464,1034349.22,314469017.88879,0,2023-01-21,70.45527930255085,280.393,20.046456597234794,0.9341800586634963,-0.020049796881142723,-0.020253521752574173
2023-01-22,299.13,312.0,298.45,303.19,1788927.68,2023-01-22 23:59:59.999,543671642.93729,712209,867642.3,263788443.01333,0,2023-01-22,67.08238397889437,283.299,18.832279371211385,1.0562184007532878,0.013606579299277888,0.01351484102511268
2023-01-23,303.19,308.24,300.62,305.36,1372118.46,2023-01-23 23:59:59.999,418623200.20999,628940,668259.2,203933961.81937,0,2023-01-23,69.75990396158464,286.2685,17.252482742754665,1.1065943542541807,0.007157228140769911,0.00713173674300344
2023-01-24,305.35,324.08,299.1,300.32,3016081.57,2023-01-24 23:59:59.999,945341133.77586,1253968,1470220.83,461042690.65655,0,2023-01-24,63.9087870105062,288.35749999999996,16.21664443029223,0.7376680207438244,-0.016505108724128914,-0.016642835598775624
2023-01-25,300.31,314.05,292.8,306.84,2146066.87,2023-01-25 23:59:59.999,648194704.42884,906953,1044343.73,315564933.92196,0,2023-01-25,63.38420542635657,290.8775,14.854521861589177,1.0745886100363695,0.021710175812466703,0.021477866252896875
2023-01-26,306.84,309.49,301.3,304.68,1430128.86,2023-01-26 23:59:59.999,437462270.898,572441,696276.83,213000462.22002,0,2023-01-26,60.47107639736394,293.127,13.197135694002382,0.8754172320324338,-0.0070394994133748945,-0.007064393586508028
2023-01-27,304.7,310.73,298.55,308.07,1219829.56,2023-01-27 23:59:59.999,371953761.8991,534383,604247.88,184285007.99208,0,2023-01-27,59.09320535488759,295.475,11.232158484019436,1.1213338930286212,0.011126427727451649,0.011064984373725864
2023-01-28,308.07,313.79,303.51,306.08,990764.68,2023-01-28 23:59:59.999,304531575.5043,450770,481505.83,148041715.37306,0,2023-01-28,50.596350050294575,297.044,10.3331262910591,0.8744691340720903,-0.006459570876748866,-0.0064805241863706755
2023-01-29,306.09,320.71,304.71,317.12,1839919.46,2023-01-29 23:59:59.999,578939091.29425,747190,931357.61,293038098.27785,0,2023-01-29,59.61588038154165,299.278,9.53268703487524,1.871665348366647,0.03606900156821746,0.03543374544968043
2023-01-30,317.13,321.26,300.88,307.18,1797667.17,2023-01-30 23:59:59.999,556563306.22536,860516,871688.73,269978956.37671,0,2023-01-30,54.837562248043646,300.786,8.104943520673299,0.7889012407909832,-0.031344601412714446,-0.031846356154141
2023-01-31,307.17,314.47,305.32,312.15,1203941.2,2023-01-31 23:59:59.999,374680641.70396,610939,598041.66,186137784.02646,0,2023-01-31,57.22627737226278,302.1565,7.547090952262949,1.3241525858388514,0.016179438765544507,0.01604994652027081
2023-02-01,312.15,319.58,305.61,317.2,1643075.51,2023-02-01 23:59:59.999,511884708.43581,814161,811975.44,253037167.87656,0,2023-02-01,68.92690130445483,303.6405,7.434796195815503,1.8237890646729031,0.016178119493833076,0.01604864825293978
2023-02-02,317.21,334.99,316.43,323.72,2683379.58,2023-02-02 23:59:59.999,879483968.27758,1146483,1335412.39,437690796.82416,0,2023-02-02,68.36632422951644,305.143,8.299882751210625,2.238224389048195,0.020554854981084558,0.020346454866808285
2023-02-03,323.71,335.82,318.54,332.38,2443842.28,2023-02-03 23:59:59.999,804098340.65386,1004876,1216679.36,400360882.33447,0,2023-02-03,67.47810407006696,306.4995,10.295410052908622,2.513790112972559,0.026751513653774817,0.02639994807187602
2023-02-04,332.38,334.34,327.1,330.41,1002090.57,2023-02-04 23:59:59.999,331304468.445,505656,486906.45,160982278.0651,0,2023-02-04,71.28861069533272,307.90999999999997,11.533361220922243,1.9508623348398766,-0.005926951080089005,-0.005944585166745028
2023-02-05,330.4,338.18,323.0,327.94,2107857.38,2023-02-05 23:59:59.999,696000859.45732,930578,1038813.18,343093092.8337,0,2023-02-05,67.21379885936848,309.356,12.156221019434037,1.5287645700329022,-0.0074755606670501296,-0.007503642710909878
2023-02-06,327.93,331.62,320.6,324.57,1362741.92,2023-02-06 23:59:59.999,445575367.6669,643735,664728.77,217374700.6177,0,2023-02-06,63.141332603639334,310.6205,12.366468446640484,1.1280099941377821,-0.01027627004939935,-0.010329435454130684
2023-02-07,324.56,333.94,323.26,333.15,1246474.4,2023-02-07 23:59:59.999,410505805.05575,609246,632492.03,208326822.04565,0,2023-02-07,71.42111444603941,312.956,11.963655223862224,1.6879456672841777,0.026434975506054226,0.02609160964095447
2023-02-08,333.16,336.01,323.49,328.28,1269788.51,2023-02-08 23:59:59.999,418338008.22932,598409,625237.41,206043672.4143,0,2023-02-08,64.29714590557482,314.65,11.590738135510483,1.1759389126600865,-0.014618039921957093,-0.014725936247035255
2023-02-09,328.28,329.25,301.41,305.91,2287840.43,2023-02-09 23:59:59.999,723339880.68318,1053128,1079467.48,341464823.58331,0,2023-02-09,50.646076268515614,314.6835,11.563044706927245,-0.7587534444750426,-0.06814304861703413,-0.07057596171726677
2023-02-10,305.91,309.05,302.05,305.52,1208371.41,2023-02-10 23:59:59.999,370146420.03336,597671,584739.24,179135028.68462,0,2023-02-10,48.61698665798893,315.0035,11.192279423060917,-0.8473251642073818,-0.001274884770030571,-0.00127569812698342
2023-02-11,305.5,311.13,304.81,310.22,724516.72,2023-02-11 23:59:59.999,223293925.0369,390407,361579.14,111456843.2012,0,2023-02-11,52.181243414120146,315.355,10.908536734313811,-0.4707322462276149,0.015383608274417426,0.015266480279344016
2023-02-12,310.23,320.7,305.2,312.26,1575199.48,2023-02-12 23:59:59.999,494328529.25662,673815,783078.08,245760794.41375,0,2023-02-12,47.17112922002327,315.7,10.682562771549033,-0.32202010637014755,0.006575978337953536,0.006554450916769298
2023-02-13,312.26,315.91,282.38,294.04,6962657.44,2023-02-13 23:59:59.999,2051581204.71104,2315153,3451642.88,1016853385.29142,0,2023-02-13,43.02399660225101,315.386,11.236372049810765,-1.8997234966387124,-0.058348811887529495,-0.0601203616074872
2023-02-14,294.04,301.53,289.6,296.06,2999906.97,2023-02-14 23:59:59.999,883846675.14513,1104695,1506283.54,443893466.63457,0,2023-02-14,41.18162885015895,314.847,11.906466221948413,-1.5778821062262764,0.006869813630798527,0.006846323979459166
2023-02-15,296.06,317.63,293.8,317.26,2489381.45,2023-02-15 23:59:59.999,758435120.07401,895567,1265296.83,385571890.65051,0,2023-02-15,50.02793816353139,315.476,11.67105434283243,0.15285679833164376,0.07160710666756742,0.06915949049496316
2023-02-16,317.27,328.1,303.81,304.07,3672174.32,2023-02-16 23:59:59.999,1171055567.7278,1401266,1794300.49,572496004.16601,0,2023-02-16,41.38535729943005,315.27599999999995,11.837728889564113,-0.9466342830235729,-0.041574733656937535,-0.04246368892268479
2023-02-17,304.07,317.0,302.5,312.94,2252434.98,2023-02-17 23:59:59.999,698471866.82062,906996,1113551.25,345347527.05067,0,2023-02-17,41.49308594433748,315.619,11.655227379284447,-0.22985394560054503,0.02917091459203469,0.02875354081628676
2023-02-18,312.91,318.85,312.81,316.21,1155808.17,2023-02-18 23:59:59.999,364980589.7069,524224,578709.14,182760837.1348,0,2023-02-18,43.8560055382485,315.5735,11.65083474532283,0.05463127869489997,0.01044928740333595,0.010395070954830214
2023-02-19,316.21,318.65,310.0,311.25,1354109.24,2023-02-19 23:59:59.999,426405822.0161,645878,651076.74,205058004.1558,0,2023-02-19,42.93096145700974,315.777,11.531445839857165,-0.39257869853170646,-0.015685778438379483,-0.01581010204982411
2023-02-20,311.27,319.59,307.17,315.28,1588132.31,2023-02-20 23:59:59.999,501077300.7633,742698,791427.86,249724770.1562,0,2023-02-20,46.08710302417655,315.9335,11.500829844186375,-0.05682198666127992,0.012947791164658495,0.01286468510783074
2023-02-21,315.32,317.28,309.03,311.4,1484155.5,2023-02-21 23:59:59.999,464924793.0157,691900,725397.5,227247279.6842,0,2023-02-21,40.46136303832996,315.6435,11.540271033471432,-0.3677123342850598,-0.012306521187515851,-0.012382873486850285
2023-02-22,311.39,312.84,303.2,312.39,1669340.27,2023-02-22 23:59:59.999,512931846.38424,780829,814542.0,250302920.937,0,2023-02-22,42.785798601652594,315.077,11.400175945072501,-0.23569811667348994,0.0031791907514451268,0.003174147810016365
2023-02-23,312.39,315.0,305.73,308.2,1312730.81,2023-02-23 23:59:59.999,406893555.48201,624383,634192.99,196591540.74256,0,2023-02-23,51.24524197933657,313.868,10.731120312323101,-0.5281834361218696,-0.013412721277889839,-0.013503484323898926
2023-02-24,308.21,311.94,298.19,302.11,1394921.64,2023-02-24 23:59:59.999,426018291.73963,664687,656462.49,200590937.99214,0,2023-02-24,48.25396825396827,312.453,10.291923813803137,-1.0049627442955147,-0.019759896171317237,-0.019957733419256104
2023-02-25,302.1,302.82,295.07,302.18,839195.08,2023-02-25 23:59:59.999,251959540.08947,461424,407737.63,122449321.88447,0,2023-02-25,45.67834874220596,311.165,9.854357037941613,-0.9117794256292553,0.0002317036840886466,0.00023167684493577683
2023-02-26,302.18,309.8,300.51,308.42,728094.86,2023-02-26 23:59:59.999,222102571.42218,387507,373839.9,114054585.47198,0,2023-02-26,48.02509771651925,310.35749999999996,9.346709454734695,-0.20729220367692908,0.020649943742140575,0.02043962411781561
2023-02-27,308.42,309.32,300.24,304.5,1280202.77,2023-02-27 23:59:59.999,389705559.98244,578784,614351.71,186996887.8676,0,2023-02-27,56.307284129281236,308.925,7.724294210623725,-0.5728678736646282,-0.012709940989559687,-0.012791403279558652
2023-02-28,304.51,305.58,299.52,301.18,953580.14,2023-02-28 23:59:59.999,288742349.6856,466312,471378.84,142762488.0849,0,2023-02-28,53.03965803847068,307.57000000000005,6.416582956819369,-0.995857147488279,-0.010903119868637123,-0.010962994491278353
2023-03-01,301.18,306.41,300.24,302.48,953073.81,2023-03-01 23:59:59.999,288825955.6224,486085,472503.1,143210594.7579,0,2023-03-01,38.51057213930349,307.39849999999996,6.508465964431658,-0.7557080311826503,0.00431635566770705,0.004307066924004073
2023-03-02,302.48,303.73,295.53,299.79,1185328.62,2023-03-02 23:59:59.999,354130554.11534,539248,567433.47,169532241.63537,0,2023-03-02,46.023782980304745,307.11199999999997,6.718244288162463,-1.0898680795072158,-0.008893149960327973,-0.008932930040869766
2023-03-03,299.79,300.0,285.0,290.34,1420217.14,2023-03-03 23:59:59.999,411866127.37624,643633,679451.72,197023572.11316,0,2023-03-03,29.22794117647055,306.118,7.6414414456996385,-2.0647936795850708,-0.031522065445812264,-0.03202957950852568
2023-03-04,290.33,291.38,285.51,289.45,761157.86,2023-03-04 23:59:59.999,220107525.6569,367339,377905.97,109296062.3678,0,2023-03-04,24.27912341407152,304.97749999999996,8.34620674946978,-1.8604259954363593,-0.0030653716332574854,-0.0030700795082684845
2023-03-05,289.45,292.63,287.13,288.58,831518.44,2023-03-05 23:59:59.999,241318624.50179,368337,411604.83,119455133.88093,0,2023-03-05,26.35092843730439,304.70449999999994,8.79976882170324,-1.8323776824945015,-0.003005700466401806,-0.003010226655903954
2023-03-06,288.59,289.59,283.09,287.63,1323637.35,2023-03-06 23:59:59.999,378901894.09305,561674,647554.92,185387832.19936,0,2023-03-06,19.175027870680083,304.283,9.415945657830056,-1.7685955935983781,-0.003291981426294277,-0.003297411918478
2023-03-07,287.64,290.51,283.16,289.14,1461067.68,2023-03-07 23:59:59.999,419410053.47825,585603,720309.25,206809705.62496,0,2023-03-07,23.79943502824861,302.877,9.475485878370808,-1.449740960656883,0.005249800090393775,0.005236067929664552
2023-03-08,289.14,294.17,285.0,286.9,1949141.09,2023-03-08 23:59:59.999,562847943.25534,743679,980402.93,283154496.32339,0,2023-03-08,20.855248113423286,302.0185,10.11776097290731,-1.4942535251112758,-0.007747112125613964,-0.007777276892977346
2023-03-09,286.9,291.28,270.82,276.89,2423657.99,2023-03-09 23:59:59.999,686739482.48673,887043,1181828.63,334993643.88978,0,2023-03-09,18.40565085771948,300.216,11.220739444610073,-2.078829128431884,-0.03489020564656675,-0.03551340758315466
2023-03-10,276.9,277.97,264.51,277.04,2501371.11,2023-03-10 23:59:59.999,680731596.41273,946659,1232774.87,335522430.29347,0,2023-03-10,21.256592524650372,298.2575,11.690750673733552,-1.814896287855223,0.0005417313734696894,0.0005415846900021554
2023-03-11,277.03,281.68,270.04,275.82,1887842.16,2023-03-11 23:59:59.999,519701149.61571,752410,952776.84,262308773.14011,0,2023-03-11,20.5540661304737,296.486,12.287502165749181,-1.6818715245158185,-0.004403696217152864,-0.004413421047975003
2023-03-12,275.83,288.77,273.09,288.04,1606932.56,2023-03-12 23:59:59.999,448482042.86813,681688,824120.36,230051841.70898,0,2023-03-12,29.917225068979164,295.12399999999997,11.584224936007743,-0.6115212747622368,0.04430425639910096,0.043350880334474526
2023-03-13,288.04,313.5,285.99,307.93,3755320.09,2023-03-13 23:59:59.999,1131377971.55577,1570351,1866698.38,562317843.9075,0,2023-03-13,52.57082896117523,294.95050000000003,11.351268176293273,1.1434405212192242,0.06905290931815022,0.0667731250352756
2023-03-14,307.93,319.75,302.02,308.67,2639347.69,2023-03-14 23:59:59.999,820596176.49526,1218040,1284546.73,399307728.98137,0,2023-03-14,55.83970060813972,294.7645,11.077647230233337,1.255275575308884,0.0024031435715909932,0.002400260639886909
2023-03-15,308.65,312.91,300.04,306.43,2039781.64,2023-03-15 23:59:59.999,626880882.80509,1032622,997309.83,306491100.52931,0,2023-03-15,53.03519286921775,294.67600000000004,10.971219958054911,1.0713484958771924,-0.007256941069750944,-0.007283400755229699
2023-03-16,306.43,332.32,302.92,329.05,4914848.68,2023-03-16 23:59:59.999,1574826963.51337,2049292,2476570.39,793549607.57737,0,2023-03-16,67.21176470588233,296.023,13.33180806625249,2.477308391770429,0.07381783767907835,0.07122037060152912
2023-03-17,329.05,339.94,325.2,338.63,2854198.5,2023-03-17 23:59:59.999,947707543.13235,1307395,1462394.85,485771207.00855,0,2023-03-17,78.3625044050276,297.8455,16.36431080606531,2.4922833893428322,0.02911411639568451,0.028698350990281618
2023-03-18,338.62,345.77,326.0,330.82,2465286.55,2023-03-18 23:59:59.999,832168806.2001,1160346,1212269.5,409262947.24373,0,2023-03-18,72.47148288973382,298.9655,17.82728880262633,1.7868392862579947,-0.02306352065676398,-0.023333645078334662
2023-03-19,330.82,341.43,329.91,335.81,1610135.34,2023-03-19 23:59:59.999,541397579.52918,811404,792325.17,266423034.53338,0,2023-03-19,74.55547468025371,300.531,19.62316431909891,1.797824215621714,0.015083731334260442,0.014971103016693656
2023-03-20,335.8,338.74,330.44,332.08,1814357.45,2023-03-20 23:59:59.999,608478202.37205,941837,905057.48,303542159.8235,0,2023-03-20,72.4608388074785,302.07599999999996,20.85473653127985,1.4387139322041906,-0.01110747148685276,-0.011169620085985382
2023-03-21,332.08,339.5,326.19,334.52,1639048.98,2023-03-21 23:59:59.999,547531489.09037,896453,830411.89,277454099.97445,0,2023-03-21,72.7172607128554,303.678,22.08190795531487,1.3967090190943696,0.007347627077812557,0.00732076476854168
2023-03-22,334.51,338.4,316.0,321.06,3545949.8,2023-03-22 23:59:59.999,1162717383.55071,1674960,1743981.65,572041086.4714,0,2023-03-22,65.37353735373537,304.7415,22.394782351668002,0.7286741948972144,-0.040236757144565316,-0.041068646962056726
2023-03-23,321.06,331.82,318.82,329.08,1293418.24,2023-03-23 23:59:59.999,421279661.58092,805093,643874.54,209718722.45092,0,2023-03-23,73.91623132618457,306.6785,22.756050965093994,0.9844194862439951,0.024979754563009937,0.024672860749461213
2023-03-24,329.04,329.7,316.55,321.8,1409259.98,2023-03-24 23:59:59.999,454095952.50419,869017,711178.11,229165474.1319,0,2023-03-24,69.25326909841706,308.296,22.616286260351654,0.5970918410098887,-0.022122280296584362,-0.022370647742446667
2023-03-25,321.81,324.82,318.86,322.11,844548.15,2023-03-25 23:59:59.999,272282356.236,534010,412352.24,132960005.7066,0,2023-03-25,70.06849908956907,309.9725,22.318654664927315,0.5438275820035642,0.0009633312616532663,0.0009628675558710501
2023-03-26,322.1,329.14,321.51,328.28,678934.99,2023-03-26 23:59:59.999,221490698.21622,461704,350839.28,114451331.10752,0,2023-03-26,68.41142020497803,312.005,22.025918584098623,0.7389022136742819,0.019154947067771655,0.018973800647356865
2023-03-27,328.28,329.65,305.46,310.2,2562131.5,2023-03-27 23:59:59.999,807724063.20709,1238084,1273261.83,401269763.7342,0,2023-03-27,51.056108681492496,313.058,21.368883329189252,-0.1337458750638627,-0.05507493603021807,-0.05664965201907241
2023-03-28,310.19,315.85,306.62,313.17,1405772.5,2023-03-28 23:59:59.999,436816886.61656,745911,697321.83,216675606.77816,0,2023-03-28,52.0510483135825,314.3715,20.464629633890176,-0.05871105519595048,0.009574468085106425,0.009528923345878326
2023-03-29,313.18,320.0,312.29,313.62,1159167.49,2023-03-29 23:59:59.999,366078719.5846,608282,573616.02,181161760.7586,0,2023-03-29,53.33147993698453,316.20799999999997,18.475399746396395,-0.1400781599058365,0.001436919245138446,0.0014358878645687645
2023-03-30,313.62,321.0,308.5,316.05,1553568.35,2023-03-30 23:59:59.999,489371590.36445,782867,758860.04,239063930.42149,0,2023-03-30,42.590059279525754,318.1585,16.018527521187625,-0.1316288277565519,0.0077482303424527554,0.007718366965422363
2023-03-31,316.04,319.8,312.5,316.74,838917.97,2023-03-31 23:59:59.999,265452809.324,512341,414345.5,131127825.2644,0,2023-03-31,36.11569199543322,320.2045,12.567737507296808,-0.27566616489153306,0.0021831988609397612,0.00218081914527217
2023-04-01,316.73,318.31,312.6,314.72,523993.64,2023-04-01 23:59:59.999,165011843.734,359189,260046.04,81902373.3802,0,2023-04-01,38.97864184008763,321.5385,10.159118421642251,-0.6711704418637677,-0.006377470480520286,-0.006397893422830911
2023-04-02,314.73,315.97,310.36,313.57,470704.21,2023-04-02 23:59:59.999,147555644.8416,344149,227991.22,71468259.5422,0,2023-04-02,33.930635838150266,321.8205,9.834582631001913,-0.8389273149214931,-0.003654041687849663,-0.003660734005824431
2023-04-03,313.57,313.88,297.43,308.47,1643622.69,2023-04-03 23:59:59.999,505220286.91165,855437,784024.27,241086565.60246,0,2023-04-03,33.27192858155023,321.8105,9.84874957330033,-1.3545374365255125,-0.01626431099913883,-0.01639802675063458
2023-04-04,308.47,313.21,307.81,310.73,774570.4,2023-04-04 23:59:59.999,240455579.1529,480138,397076.56,123276596.1378,0,2023-04-04,33.101292797272336,322.02549999999997,9.537330242661417,-1.1843461128643804,0.007326482315946459,0.007299774016967236
2023-04-05,310.72,316.92,310.07,313.85,852810.95,2023-04-05 23:59:59.999,267649315.34056,507728,412856.76,129591231.20946,0,2023-04-05,43.99666944213156,321.26550000000003,9.553714887811,-0.7761902136582485,0.01004087149615418,0.009990796862283519
2023-04-06,313.85,315.33,310.0,312.04,728616.8,2023-04-06 23:59:59.999,227777238.0325,373330,363082.0,113532863.4546,0,2023-04-06,34.17533432392274,319.93600000000004,8.83303750578643,-0.8939167296445224,-0.005767086187669301,-0.005783780043428383
2023-04-07,312.04,312.6,309.12,310.27,445819.24,2023-04-07 23:59:59.999,138536821.1747,290760,210525.9,65416373.4212,0,2023-04-07,38.07159114421681,318.9085,8.694473305054805,-0.9935621971462905,-0.00567234969875674,-0.005688498571298352
2023-04-08,310.26,312.64,309.89,310.37,344159.82,2023-04-08 23:59:59.999,107177367.6623,213865,171007.37,53261305.3716,0,2023-04-08,37.80133000831254,317.6365,7.917897963321423,-0.9177309474889767,0.00032229993231713827,0.000322248004851132
2023-04-09,310.37,313.81,309.28,312.6,426564.42,2023-04-09 23:59:59.999,132694195.8048,258701,214860.78,66844672.4778,0,2023-04-09,32.254413761883285,316.6625,7.214558289698756,-0.563097536518709,0.007184972774430642,0.007159283833711146
2023-04-10,312.62,318.57,311.56,318.5,678310.05,2023-04-10 23:59:59.999,212804359.3986,346647,335591.42,105328627.9484,0,2023-04-10,62.96875,315.8615,5.896480908553178,0.4474702862469594,0.018873960332693507,0.01869805702484177
2023-04-11,318.51,333.75,317.76,322.57,1719678.22,2023-04-11 23:59:59.999,562114510.75848,789737,879533.02,287410978.40026,0,2023-04-11,64.1993957703927,315.937,5.975682387783775,1.1099987532068265,0.012778649921507013,0.012697691934306423
2023-04-12,322.56,323.6,316.74,320.02,933581.09,2023-04-12 23:59:59.999,298322459.91489,490640,446682.7,142737433.4106,0,2023-04-12,59.09090909090905,315.48400000000004,5.222900383955292,0.8684829628255022,-0.007905260873608877,-0.007936673105795952
2023-04-13,320.02,325.04,317.81,324.84,789233.42,2023-04-13 23:59:59.999,254575416.5553,373900,386215.09,124577702.8029,0,2023-04-13,61.691939345570574,315.636,5.4554457582053555,1.68712153102366,0.015061558652584184,0.01494925957348149
2023-04-14,324.83,336.14,323.19,328.82,1614062.15,2023-04-14 23:59:59.999,533779353.40739,751165,779961.36,257990558.77507,0,2023-04-14,64.7749510763209,315.9715,6.0486181762262445,2.124204177823674,0.012252185691417283,0.012177735168520776
2023-04-15,328.81,336.83,327.1,333.33,966653.32,2023-04-15 23:59:59.999,321512303.16135,489823,483008.28,160669863.45215,0,2023-04-15,71.45492275766651,316.224,6.663621111337254,2.5670727243024727,0.013715710723191998,0.013622501681296076
2023-04-16,333.32,351.6,330.0,347.85,1806327.49,2023-04-16 23:59:59.999,619873073.76879,839660,911085.6,312688111.32929,0,2023-04-16,80.20796616143812,318.1065,9.560643710418825,3.111035292277099,0.043560435604356185,0.04263836210562346
2023-04-17,347.86,350.6,337.52,340.25,1547619.9,2023-04-17 23:59:59.999,531954978.49138,698601,754033.99,259200939.3427,0,2023-04-17,76.82309250506407,319.4605,10.677106583699572,1.9471099063241253,-0.021848497915768372,-0.02209071083807498
2023-04-18,340.26,346.72,337.0,343.27,952932.06,2023-04-18 23:59:59.999,326836921.4236,482537,472025.75,161907833.0014,0,2023-04-18,77.11666666666659,320.94300000000004,11.820669274831639,1.8888101410246032,0.008875826598089498,0.008836667988629926
2023-04-19,343.27,343.99,319.63,322.37,1454805.68,2023-04-19 23:59:59.999,479465718.40156,759805,666806.1,219679370.8268,0,2023-04-19,55.47698637181793,321.259,11.767336549677282,0.0944138884198446,-0.060885017624610294,-0.06281735532652946
2023-04-20,322.37,326.82,315.14,317.99,1021030.33,2023-04-20 23:59:59.999,328752521.0663,584532,495368.13,159520865.5398,0,2023-04-20,53.702551337896686,321.3215,11.745370543759492,-0.2836436694430289,-0.013586872227564606,-0.013680018448832492
2023-04-21,317.99,337.1,315.38,321.08,2405048.2,2023-04-21 23:59:59.999,782328423.72618,1120250,1183512.83,385067286.03447,0,2023-04-21,56.61809722052161,321.6395,11.64288103022179,-0.0480551161304236,0.009717286707129125,0.009670377518532575
2023-04-22,321.08,333.96,319.46,331.82,1110423.6,2023-04-22 23:59:59.999,362672321.82167,556504,557858.39,182247487.76197,0,2023-04-22,61.61845953851154,322.552,11.692214053521905,0.7926642428521298,0.03344960757443638,0.03290233995183329
2023-04-23,331.83,331.97,326.8,330.38,890369.08,2023-04-23 23:59:59.999,293419674.50622,481633,444925.47,146628287.3401,0,2023-04-23,59.713723776223766,323.6475,11.323989382104276,0.59453429112532,-0.0043397022482069,-0.004349146088214744
2023-04-24,330.38,333.49,326.21,330.75,1166059.02,2023-04-24 23:59:59.999,385343572.1328,575904,573561.14,189560511.5297,0,2023-04-24,57.12292126991511,324.6485,11.002309936875362,0.5545653626380938,0.0011199225134692625,0.0011192958680703968
2023-04-25,330.75,340.64,327.99,338.04,1301971.6,2023-04-25 23:59:59.999,432615889.86143,587768,678255.39,225471443.33783,0,2023-04-25,58.67055262862908,325.858,11.082068303996266,1.0992532861042832,0.022040816326530654,0.02180142868121652
2023-04-26,338.03,345.07,321.63,330.4,1987007.81,2023-04-26 23:59:59.999,666736985.80807,874806,1008403.52,338469089.3513,0,2023-04-26,55.50371155885471,326.776,10.628340168462191,0.34097516099019637,-0.022600875636019535,-0.022860190029458674
2023-04-27,330.39,335.99,327.0,330.4,1404090.22,2023-04-27 23:59:59.999,466308443.27655,657261,703972.21,233825802.31935,0,2023-04-27,53.10683951721055,327.78249999999997,9.911968244167864,0.26407469591522614,0.0,0.0
2023-04-28,330.39,330.39,317.49,323.81,2947397.01,2023-04-28 23:59:59.999,951202508.73131,1055494,1494523.68,482431068.8653,0,2023-04-28,47.27983494407645,328.4545,9.090912452016928,-0.5108948111110184,-0.019945520581113763,-0.02014711761889391
2023-04-29,323.81,324.58,320.56,321.74,597076.19,2023-04-29 23:59:59.999,192663893.6226,308056,291395.28,94031171.7764,0,2023-04-29,43.53597322922478,328.91150000000005,8.459785536022832,-0.8477165253732364,-0.00639263765788578,-0.006413158065767194
2023-04-30,321.74,337.78,320.28,336.84,1967046.77,2023-04-30 23:59:59.999,651136001.33667,825666,1007386.11,333386035.27217,0,2023-04-30,43.898924969522305,329.8285,8.263538986334002,0.8484863460552879,0.046932305588363255,0.04586427419962957
2023-05-01,336.85,338.34,325.34,328.19,2135730.73,2023-05-01 23:59:59.999,709545466.50162,858086,1072312.21,356242031.7341,0,2023-05-01,43.39395267309377,330.10949999999997,8.097612042398007,-0.23704519183553463,-0.025679847999049876,-0.026015331196078746
2023-05-02,328.19,328.19,320.6,321.59,1421914.46,2023-05-02 23:59:59.999,460467900.8072,597955,714215.41,231286021.784,0,2023-05-02,38.57263335441703,330.188,8.001696267517941,-1.0745221653691988,-0.020110301959231025,-0.020315266671709378
2023-05-03,321.6,327.36,320.39,325.74,1584526.65,2023-05-03 23:59:59.999,512622508.6842,665762,774919.31,250686564.6219,0,2023-05-03,52.15721418512355,330.233,7.9725146927448,-0.5635612066151153,0.012904630119095817,0.01282207485141151
2023-05-04,325.75,327.34,323.04,323.69,636892.93,2023-05-04 23:59:59.999,207137044.1115,336475,305503.86,99371138.2836,0,2023-05-04,53.76088677751385,329.97650000000004,8.101842724098688,-0.7759345884734395,-0.0062933628046908385,-0.006313249492385608
2023-05-05,323.68,328.8,322.0,326.33,985236.22,2023-05-05 23:59:59.999,321208737.6193,471013,491338.44,160187905.2275,0,2023-05-05,53.48466746316209,329.6265,8.10054661896527,-0.4069478462456054,0.008155951682164986,0.008122871652606615
2023-05-06,326.34,328.28,318.96,321.75,920259.91,2023-05-06 23:59:59.999,297368781.32689,446307,427250.19,138088525.7854,0,2023-05-06,42.72083273095273,328.3215,7.043627410998721,-0.9329709844871305,-0.014034872674899557,-0.014134292829399627
2023-05-07,321.76,325.15,320.44,320.97,623848.75,2023-05-07 23:59:59.999,201582972.2133,319104,303912.38,98216851.0008,0,2023-05-07,43.1323894321997,327.35749999999996,6.632498040924246,-0.9630609704801099,-0.002424242424242329,-0.0024271856576110772
2023-05-08,320.97,321.96,310.0,313.55,1260634.77,2023-05-08 23:59:59.999,398012839.84086,609974,600569.88,189630694.8022,0,2023-05-08,38.61831656961356,325.87149999999997,6.194590403154907,-1.9890742079935768,-0.023117425304545636,-0.02338882382959508
2023-05-09,313.55,315.29,311.0,311.91,738223.24,2023-05-09 23:59:59.999,231297036.4174,359323,357284.25,111934938.8613,0,2023-05-09,31.31168645401229,325.34849999999994,6.906436566879535,-1.9457935897718237,-0.005230425769414682,-0.005244152331041215
2023-05-10,311.91,316.56,306.4,314.16,1219255.88,2023-05-10 23:59:59.999,381512478.666,592775,596890.97,186812878.89356,0,2023-05-10,37.414755114693136,325.157,7.169305992964113,-1.5339002144408824,0.007213619313263475,0.007187725611765681
2023-05-11,314.16,314.26,303.99,307.27,1002322.89,2023-05-11 23:59:59.999,310018102.88634,495286,478372.66,147989666.6763,0,2023-05-11,33.80478924520375,324.4665,8.17688351066986,-2.1030628573295225,-0.021931499872676508,-0.02217557037009501
2023-05-12,307.27,308.92,301.0,308.32,985004.06,2023-05-12 23:59:59.999,300475303.2645,505671,476495.97,145385395.11992,0,2023-05-12,38.241991802034306,323.2915,8.734053303303996,-1.7141525795745303,0.003417190093403244,0.0034113647663969672
2023-05-13,308.31,311.76,307.26,310.62,570630.59,2023-05-13 23:59:59.999,176764869.9274,342448,293221.15,90838645.7755,0,2023-05-13,41.58850226928896,322.3035,9.0034708365692,-1.2976662236240457,0.007459782044628938,0.007432095475808706
2023-05-14,310.61,314.84,309.41,311.92,582741.14,2023-05-14 23:59:59.999,181871446.93706,318421,286423.05,89389115.76196,0,2023-05-14,26.175908221797386,321.36199999999997,9.058094722384267,-1.0423825638152118,0.0041851780310346864,0.004176444532476883
2023-05-15,311.91,316.4,310.3,313.25,639240.95,2023-05-15 23:59:59.999,200841932.1765,341128,314588.92,98857771.5722,0,2023-05-15,33.39261894175192,320.1225,8.321987917223762,-0.8258243184631644,0.0042639138240574415,0.004254849101835786
2023-05-16,313.26,313.86,309.12,311.23,580865.4,2023-05-16 23:59:59.999,180759132.1257,328926,283910.04,88354208.297,0,2023-05-16,37.17821782178224,319.164,8.178692727845949,-0.9700816822457609,-0.006448523543495566,-0.00646940508994399
2023-05-17,311.22,314.41,306.72,314.29,776917.21,2023-05-17 23:59:59.999,241488296.6575,408533,386205.57,120055476.859,0,2023-05-17,35.4362757568049,318.3585,7.7983157931826295,-0.5217152149130326,0.009831957073547004,0.00978393787552238
2023-05-18,314.29,315.18,305.94,309.14,817772.38,2023-05-18 23:59:59.999,254576741.13954,419897,402459.15,125336079.1689,0,2023-05-18,32.846026880452726,317.62500000000006,7.947069304214514,-1.0676891914734252,-0.016386140188997533,-0.016521877837583524
2023-05-19,309.15,311.42,307.0,308.74,499527.64,2023-05-19 23:59:59.999,154412991.263,267474,238413.07,73701672.2161,0,2023-05-19,28.105551406522324,316.975,8.122490867609967,-1.0138515554186338,-0.0012939121433653833,-0.0012947499704771882
2023-05-20,308.73,312.09,307.69,310.7,331677.57,2023-05-20 23:59:59.999,102714381.8147,188562,172007.82,53274006.2085,0,2023-05-20,35.286284953395466,315.668,6.743865516521592,-0.7366694943469831,0.006348383753319808,0.006328317645306345
2023-05-21,310.69,311.69,305.55,306.36,434289.36,2023-05-21 23:59:59.999,134327122.30281,234192,202308.81,62592020.978,0,2023-05-21,32.23060082704937,314.5765,6.366547668099902,-1.2905738601737686,-0.01396845831992266,-0.014066935357608855
2023-05-22,306.35,311.43,304.22,309.17,645377.18,2023-05-22 23:59:59.999,199123884.017,337947,333113.86,102816149.3242,0,2023-05-22,44.00000000000001,313.9555,6.251121562498481,-0.7655426233764142,0.009172215693954877,0.009130406385125028
2023-05-23,309.17,315.64,309.15,313.5,681245.39,2023-05-23 23:59:59.999,213608333.97726,350882,351405.09,110169766.46606,0,2023-05-23,52.02857871906095,313.3435,5.602142705643473,0.027935739630898637,0.014005239835689132,0.013908072646457671
2023-05-24,313.5,313.62,303.66,305.9,873056.05,2023-05-24 23:59:59.999,268482628.20364,424265,395417.14,121592761.5974,0,2023-05-24,40.727436012572916,312.45400000000006,5.275701400080586,-1.2422992703681022,-0.024242424242424288,-0.02454110891611766
2023-05-25,305.9,307.03,302.13,304.71,618346.03,2023-05-25 23:59:59.999,188481244.35425,316360,303106.45,92403366.15901,0,2023-05-25,46.70442842430484,311.373,4.430055363758599,-1.5040444086791076,-0.0038901601830663157,-0.003897746537338251
2023-05-26,304.72,308.54,301.25,306.81,960900.6,2023-05-26 23:59:59.999,293450644.58075,439974,467044.09,142675397.01101,0,2023-05-26,48.10729506141891,310.626,3.8034685000965593,-1.0032947558006846,0.00689179875947632,0.006868158866511731
2023-05-27,306.8,307.9,304.01,307.55,374284.63,2023-05-27 23:59:59.999,114499702.1077,225406,182269.44,55758363.3743,0,2023-05-27,45.995303939473004,309.95500000000004,2.976395736220693,-0.8080242726909028,0.002411916169616335,0.0024090121683461277
2023-05-28,307.56,314.95,306.86,314.36,682110.15,2023-05-28 23:59:59.999,211338131.88966,339946,352737.06,109330894.89936,0,2023-05-28,52.78284671532846,309.9955,3.032862943033273,1.4390693156859014,0.022142741017720624,0.02190115034359683
2023-05-29,314.36,317.72,310.65,311.98,1070544.69,2023-05-29 23:59:59.999,336833256.4872,500797,539448.25,169757406.8823,0,2023-05-29,48.58543105368681,309.999,3.0352280759985275,0.6526692394766038,-0.0075709377783432785,-0.007599742807251533
2023-05-30,311.97,314.53,310.87,311.54,654718.93,2023-05-30 23:59:59.999,204658941.0591,328742,321139.62,100393944.2365,0,2023-05-30,50.35788501500809,309.868,2.899701617982312,0.5766110518514131,-0.0014103468171036138,-0.001411342292262773
2023-05-31,311.53,311.95,305.09,306.9,852712.31,2023-05-31 23:59:59.999,262063926.33514,391160,409257.99,125780338.0812,0,2023-05-31,41.768768099799466,309.8495,2.918269990334524,-1.0107015491263358,-0.014893753611093463,-0.015005779272769502
2023-06-01,306.89,307.86,303.2,305.12,594443.01,2023-06-01 23:59:59.999,181329209.2254,306345,289658.5,88366178.3696,0,2023-06-01,45.158959537572265,309.6895,3.089255531108825,-1.4791589604631628,-0.005799934832192766,-0.005816819773581421
2023-06-02,305.11,308.63,303.22,307.39,664082.25,2023-06-02 23:59:59.999,203778518.4557,331392,331646.45,101767336.4512,0,2023-06-02,48.444342014288985,309.528,3.1223027938503765,-0.6847510126855713,0.007439695857367479,0.007412157818885951
2023-06-03,307.38,308.45,305.1,306.73,376272.5,2023-06-03 23:59:59.999,115432390.2707,209206,180855.81,55474838.9678,0,2023-06-03,45.28391541933954,309.2685,3.1287045830605065,-0.8113581620150383,-0.002147109535118097,-0.0021494178795667925
2023-06-04,306.74,307.82,304.65,305.23,451668.85,2023-06-04 23:59:59.999,138472304.0791,239241,218795.83,67080088.3735,0,2023-06-04,48.56050955414013,308.8675,3.1054127193556726,-1.1713418887376479,-0.004890294395722639,-0.004902291012667326
2023-06-05,305.23,305.23,271.51,277.0,3755220.36,2023-06-05 23:59:59.999,1073012344.60043,1563829,1779010.79,507904693.36536,0,2023-06-05,25.12757074377609,307.156,7.727598115275788,-3.902376851144487,-0.09248763227729917,-0.09704808459142233
2023-06-06,277.01,285.87,273.04,281.18,2505579.11,2023-06-06 23:59:59.999,698614142.27014,931711,1240818.75,346020909.80696,0,2023-06-06,24.95350278983264,305.5005,9.469187413014206,-2.5683830025979333,0.015090252707581353,0.01497752746442296
2023-06-07,281.18,281.81,253.39,259.22,4030499.22,2023-06-07 23:59:59.999,1065680231.08267,1471780,1963415.01,518919759.71122,0,2023-06-07,20.410750507099436,303.0045,13.969295455603161,-3.134338459599104,-0.07809943808236708,-0.08131791165653224
2023-06-08,259.21,267.75,257.04,261.96,2265428.31,2023-06-08 23:59:59.999,595470194.87231,872471,1140980.62,299937306.60641,0,2023-06-08,23.42409548675866,300.66549999999995,16.622780334596325,-2.3284612574374077,0.010570172054625182,0.010514698354623599
2023-06-09,261.96,264.77,255.47,260.78,2231023.56,2023-06-09 23:59:59.999,581547307.337,852002,1114587.03,290583861.55667,0,2023-06-09,21.053955477298416,298.1695,18.65980946339292,-2.003745004650305,-0.0045045045045045695,-0.0045146803545266945
2023-06-10,260.77,260.93,225.0,238.74,5086626.1,2023-06-10 23:59:59.999,1222258345.13172,1784945,2445267.65,587344811.17196,0,2023-06-10,15.871441325265309,294.7885,22.770871576819587,-2.4614121515250447,-0.08451568371807638,-0.08830204632843376
2023-06-11,238.75,239.11,232.91,235.19,1724882.28,2023-06-11 23:59:59.999,407379656.24391,636216,855143.17,201994018.6021,0,2023-06-11,9.420809841107072,291.0895,26.080080011775806,-2.143379160445826,-0.01486973276367598,-0.014981395553096705
2023-06-12,235.19,239.47,220.0,231.23,6906042.49,2023-06-12 23:59:59.999,1584794977.91295,2099472,3460558.18,794461237.07702,0,2023-06-12,9.270654695853878,286.976,28.71433942163066,-1.9413993538714758,-0.016837450571878132,-0.016980811947919394
2023-06-13,231.23,248.5,228.43,243.92,5075774.55,2023-06-13 23:59:59.999,1211116649.86426,1698574,2575009.31,614611497.66853,0,2023-06-13,19.64446040581788,283.877,29.885199487716346,-1.3370163386870972,0.05488042209055921,0.053427416514123104
2023-06-14,243.92,252.97,232.32,237.78,5234509.5,2023-06-14 23:59:59.999,1284609479.37622,1768768,2596689.16,637515530.81992,0,2023-06-14,19.383416017009182,280.53049999999996,31.150159326272604,-1.3724006850887411,-0.025172187602492513,-0.025494426249600587
2023-06-15,237.78,240.75,230.3,236.33,3049489.21,2023-06-15 23:59:59.999,717465210.44274,1091181,1519919.62,357616534.43009,0,2023-06-15,19.440248778320722,277.0065,31.995901591981024,-1.2713034475076195,-0.006098073849777008,-0.006116743038203763
2023-06-16,236.34,244.0,231.77,239.17,2850142.16,2023-06-16 23:59:59.999,676806904.75065,990120,1419881.03,337250447.20552,0,2023-06-16,19.84618104667605,273.5875,32.21304147063708,-1.068433728351057,0.012017094740405243,0.011945462758578529
2023-06-17,239.16,249.82,237.12,244.44,2121252.56,2023-06-17 23:59:59.999,519241620.07054,777213,1070024.43,261904167.31729,0,2023-06-17,23.54540049265266,270.0915,31.337433857751844,-0.8185577707619052,0.022034536104026392,0.021795283875941297
2023-06-18,244.44,248.77,242.11,244.01,1704558.3,2023-06-18 23:59:59.999,418745497.10372,587304,846981.48,208087780.91042,0,2023-06-18,23.76135779187379,266.693,30.22134364283681,-0.7505622605028156,-0.0017591228931435055,-0.0017606719667605678
2023-06-19,244.01,245.25,237.35,243.02,1864754.51,2023-06-19 23:59:59.999,451590061.95823,663150,916699.49,221997899.53695,0,2023-06-19,30.999776336390042,263.267,28.71609728283716,-0.7050749201947116,-0.004057210770050279,-0.004065463579488358
2023-06-20,243.03,248.26,238.4,247.93,2078879.73,2023-06-20 23:59:59.999,504099557.23445,746663,1042486.31,252850479.13887,0,2023-06-20,31.55851358846364,260.3185,26.97482496405802,-0.45926155281847925,0.020204098428112882,0.02000270377769544
2023-06-21,247.94,254.95,245.15,248.94,3198906.1,2023-06-21 23:59:59.999,798217823.9049,1128352,1572026.91,392307730.9453,0,2023-06-21,42.572254335260084,257.5095,24.91001562993614,-0.34401825062291114,0.004073730488444172,0.004065455314670219
2023-06-22,248.94,257.19,239.24,240.91,3018282.56,2023-06-22 23:59:59.999,749660617.079,1031526,1467330.3,364618463.93828,0,2023-06-22,35.87058665592697,254.1855,22.19076182249267,-0.5982444454225037,-0.032256768699284954,-0.032788483813148465
2023-06-23,240.92,250.0,239.71,244.53,2272927.19,2023-06-23 23:59:59.999,555692858.50378,815493,1112670.34,272030342.39796,0,2023-06-23,39.43845053945146,251.07549999999998,18.489015935484158,-0.35402100484092497,0.015026358391100336,0.014914581014792625
2023-06-24,244.53,248.82,229.0,236.33,2612315.18,2023-06-24 23:59:59.999,626149231.17524,881503,1258213.85,301573815.98332,0,2023-06-24,48.09003011570773,247.63049999999998,13.654360967122175,-0.8276110487491888,-0.03353371774424396,-0.034108867382280875
2023-06-25,236.33,242.28,234.95,238.97,1873286.83,2023-06-25 23:59:59.999,447635461.27308,731026,934245.18,223283188.80698,0,2023-06-25,53.03956256030878,245.72899999999998,11.882124079094163,-0.5688376888684418,0.011170820462911957,0.01110888764809086
2023-06-26,238.96,241.5,233.61,236.15,1971264.29,2023-06-26 23:59:59.999,467098899.6216,747258,963941.51,228427576.70648,0,2023-06-26,54.03014416775886,243.47750000000002,8.633202049702147,-0.84875808046828,-0.011800644432355512,-0.01187082469815958
2023-06-27,236.16,241.1,234.54,237.45,1257834.49,2023-06-27 23:59:59.999,299915538.12158,514246,614233.53,146447919.82858,0,2023-06-27,43.48439073514601,242.38899999999998,7.88375805387444,-0.6264778759379535,0.005504975651069222,0.005489878653004713
2023-06-28,237.46,237.58,221.2,230.52,2245899.76,2023-06-28 23:59:59.999,521618730.67211,820079,1084978.41,252043990.08112,0,2023-06-28,42.80333068992862,240.817,6.841608844295348,-1.5050553509187847,-0.029185091598231128,-0.029619448426665175
2023-06-29,230.51,236.84,230.36,233.12,1300936.3,2023-06-29 23:59:59.999,304015451.13205,527581,628824.31,146960711.80921,0,2023-06-29,46.88893196355881,239.43399999999997,5.190138827817579,-1.2165377862647582,0.011278847822314697,0.011215715878429042
2023-06-30,233.12,241.98,230.3,240.45,2510590.42,2023-06-30 23:59:59.999,596913195.17263,957532,1241049.54,295120965.55408,0,2023-06-30,51.14122681883024,239.51950000000002,5.192188946101629,0.17921150590996876,0.031443033630748074,0.030958825276776913
2023-07-01,240.45,249.54,240.21,247.99,1780078.63,2023-07-01 23:59:59.999,435755498.35377,680187,900634.13,220509519.01777,0,2023-07-01,53.04198800342761,240.15950000000004,5.414553949595008,1.4461948431755252,0.03135787065918083,0.030876255047688376
2023-07-02,248.0,248.75,242.83,246.77,1518525.66,2023-07-02 23:59:59.999,372695612.43147,579450,733625.61,180079432.28782,0,2023-07-02,52.33344606019617,240.93649999999997,5.1754412727626,1.1271502645968925,-0.0049195532077905835,-0.004931694044367408
2023-07-03,246.78,257.68,245.1,246.62,2005610.96,2023-07-03 23:59:59.999,499170563.14755,745487,981842.47,244431315.85318,0,2023-07-03,53.087478559176674,241.07149999999996,5.291279096123943,1.0486122351898859,-0.0006078534667909308,-0.0006080382846080379
2023-07-04,246.63,246.97,240.15,242.53,1355949.47,2023-07-04 23:59:59.999,331364048.39175,479170,669025.67,163523778.5409,0,2023-07-04,45.302713987473894,241.30900000000003,5.242137872383658,0.2329202378350978,-0.01658421863595816,-0.01672327637625712
2023-07-05,242.54,244.0,235.0,238.85,1488816.87,2023-07-05 23:59:59.999,356858946.87687,521032,711660.2,170586129.68128,0,2023-07-05,41.612635078969234,241.435,5.145559659543521,-0.5023748962283593,-0.015173380612707787,-0.01528967423015651
2023-07-06,238.84,244.44,231.1,231.92,2085629.96,2023-07-06 23:59:59.999,496653730.25647,712300,986485.7,234989578.99353,0,2023-07-06,42.38780694326841,241.0725,5.5527886544959815,-1.6482709084541527,-0.02901402553904131,-0.02944325522257087
2023-07-07,231.93,236.13,230.51,235.43,1356610.54,2023-07-07 23:59:59.999,317310576.65031,447951,687267.84,160753096.75461,0,2023-07-07,42.280285035629454,240.622,5.630156209801005,-0.922176899987561,0.015134529147982079,0.015021144743458711
2023-07-08,235.44,237.47,233.53,236.13,789956.21,2023-07-08 23:59:59.999,186399353.9131,282868,385331.63,90933072.2607,0,2023-07-08,49.805598755832015,240.228,5.656246291017937,-0.7245087623761356,0.0029732829291084784,0.002968871465609766
2023-07-09,236.13,236.99,232.58,233.91,725965.91,2023-07-09 23:59:59.999,170438016.0208,262380,358083.93,84086666.6649,0,2023-07-09,45.04116032928263,239.77249999999998,5.784924031655123,-1.0134100236961392,-0.009401600813111366,-0.009446074832850147
2023-07-10,233.91,246.3,231.0,245.97,3648725.07,2023-07-10 23:59:59.999,881325579.63641,1071008,1856059.33,448294430.75439,0,2023-07-10,58.1480252240292,239.67450000000002,5.654591497127712,1.113343024548779,0.05155829165063497,0.050273151286577854
2023-07-11,245.97,249.44,244.18,248.34,1925877.89,2023-07-11 23:59:59.999,475218947.79122,607807,956668.05,236126264.62962,0,2023-07-11,58.8781999021686,239.64450000000002,5.604214086355438,1.5516002540250715,0.009635321380656148,0.00958919771249998
2023-07-12,248.33,250.07,242.12,243.7,1827922.1,2023-07-12 23:59:59.999,450489570.87266,631108,904482.5,222939572.38379,0,2023-07-12,61.161924119241164,239.78400000000002,5.671690920186525,0.6904466507619887,-0.018684062172827587,-0.018860814357535508
2023-07-13,243.69,259.02,242.41,255.99,2956153.81,2023-07-13 23:59:59.999,740952661.79656,956503,1509160.35,378410755.6161,0,2023-07-13,66.6375672923032,240.35700000000003,6.667820680774975,2.34454415444523,0.05043085761181798,0.04920042058544278
2023-07-14,255.99,261.38,241.04,247.89,3055424.75,2023-07-14 23:59:59.999,773137448.21209,1057897,1492916.56,377740125.23058,0,2023-07-14,55.3525179856115,240.93500000000003,6.800094813535895,1.0227798568566595,-0.03164186101019584,-0.0321532818354006
2023-07-15,247.89,252.0,246.51,250.79,1134172.85,2023-07-15 23:59:59.999,283272494.32709,424830,549320.45,137222504.22679,0,2023-07-15,52.158495220474855,241.526,7.126151541250674,1.300000420475777,0.011698737343176502,0.011630836174343977
2023-07-16,250.78,251.7,241.12,241.91,1387170.22,2023-07-16 23:59:59.999,342203937.62817,497644,677379.71,167128844.854,0,2023-07-16,46.64920022062879,241.814,7.012942471221325,0.013688975832035445,-0.03540811037122693,-0.03605017939756949
2023-07-17,241.9,244.98,238.0,244.03,2391936.14,2023-07-17 23:59:59.999,579708082.88483,792425,1194365.4,289476796.50675,0,2023-07-17,48.26151161229696,242.14299999999997,6.951513352798418,0.2714516831418289,0.008763589764788637,0.008725412397064456
2023-07-18,244.03,246.5,237.0,240.48,2459009.48,2023-07-18 23:59:59.999,594173699.48215,785457,1219690.27,294726265.90652,0,2023-07-18,48.61392832995267,242.64100000000002,6.4107581454458,-0.33708961576334046,-0.01454739171413355,-0.014654242550377141
2023-07-19,240.47,244.3,239.85,241.05,1359015.04,2023-07-19 23:59:59.999,329055335.43185,508200,674827.72,163406123.55395,0,2023-07-19,51.552795031055915,243.0375,6.0244946282420155,-0.329903190664799,0.002370259481037973,0.0023674548469669733
2023-07-20,241.06,245.26,240.49,242.93,1337104.92,2023-07-20 23:59:59.999,324671366.9977,529413,663578.87,161147432.9071,0,2023-07-20,58.36753305973552,243.1615,5.993878697596976,-0.03862273690870555,0.007799211781787996,0.007768955146360819
2023-07-21,242.94,245.66,242.21,243.88,951563.51,2023-07-21 23:59:59.999,232355760.1345,370928,476056.45,116250019.7282,0,2023-07-21,56.68195476830617,242.956,5.889161677400164,0.15689839243943404,0.003910591528423879,0.003902965041623286
2023-07-22,243.89,245.08,240.18,241.23,612751.51,2023-07-22 23:59:59.999,148814637.0944,281418,298140.8,72411919.3993,0,2023-07-22,53.91224301933107,242.679,5.830320836114545,-0.24852834702072038,-0.010865999671969884,-0.010925465811448043
2023-07-23,241.22,244.12,240.56,242.54,567029.35,2023-07-23 23:59:59.999,137549718.7621,254647,280411.09,68021432.8888,0,2023-07-23,56.713863388828365,242.475,5.756075508760895,0.011292416143788604,0.005430502010529414,0.00541581000047842
2023-07-24,242.54,243.28,235.16,239.02,1265213.7,2023-07-24 23:59:59.999,302490310.63868,481144,603855.92,144412159.36468,0,2023-07-24,43.764579221245306,242.2995,5.807588932588529,-0.5646921705490375,-0.014513070009070539,-0.01461941478991069
2023-07-25,239.03,240.0,236.21,237.86,831381.3,2023-07-25 23:59:59.999,197836775.87248,315190,401707.39,95608676.50598,0,2023-07-25,40.388848129126956,242.25,5.8426508042540855,-0.7513712777090134,-0.004853150363986258,-0.004864965139635637
2023-07-26,237.86,240.65,236.45,239.05,896825.78,2023-07-26 23:59:59.999,213640343.1757,318999,442687.17,105475698.2075,0,2023-07-26,45.4474251028001,242.6065,5.378241030146092,-0.6612756810386746,0.005002942907592622,0.004990469773013026
2023-07-27,239.05,244.84,238.5,240.88,863978.59,2023-07-27 23:59:59.999,208642178.65725,348175,446918.85,107953222.72535,0,2023-07-27,31.39620783058359,242.879,5.127724333610941,-0.3898415495733758,0.007655302238025463,0.007626149101365961
2023-07-28,240.88,243.11,239.84,241.93,642988.69,2023-07-28 23:59:59.999,155351954.673,258851,320970.89,77557810.9574,0,2023-07-28,41.120381406436266,243.169,4.884169810340714,-0.2536766836764779,0.004359016937894422,0.004349543942217769
2023-07-29,241.93,243.08,241.22,242.64,287503.85,2023-07-29 23:59:59.999,69582473.1359,151844,146519.23,35463227.1433,0,2023-07-29,37.00988205291679,243.60549999999998,4.376896851884298,-0.22059007389775115,0.002934733187285543,0.002930435264629507
2023-07-30,242.65,244.06,240.39,242.72,865723.61,2023-07-30 23:59:59.999,210046969.5134,268181,459605.63,111536161.1,0,2023-07-30,51.794417368187865,243.44299999999998,4.344702884812407,-0.16640953804398112,0.0003297065611607142,0.0003296522198965974
2023-07-31,242.71,244.71,240.57,241.04,789062.07,2023-07-31 23:59:59.999,191622120.9413,316227,393732.69,95632263.2367,0,2023-07-31,43.244464527790306,243.07799999999997,4.216394818154381,-0.4833513197637561,-0.006921555702043558,-0.0069456207781763745
2023-08-01,241.04,248.47,237.0,247.87,2235032.68,2023-08-01 23:59:59.999,545587057.64992,724794,1129073.35,275636352.58699,0,2023-08-01,64.54151908697366,243.2865,4.349764996608178,1.0537350876597005,0.02833554596747434,0.027941520357079936
2023-08-02,247.87,248.83,234.8,240.64,2066573.85,2023-08-02 23:59:59.999,500290431.48082,688774,993071.64,240442494.68418,0,2023-08-02,49.36077330838786,242.519,3.1898901151556425,-0.5890485039194957,-0.029168515754226076,-0.02960237441765074
2023-08-03,240.64,242.0,238.26,241.01,842852.71,2023-08-03 23:59:59.999,202679649.8995,357761,417374.87,100365419.9503,0,2023-08-03,46.85863874345548,242.175,2.941493533891307,-0.3960573044193777,0.0015375664893617635,0.0015363856442707556
2023-08-04,241.0,243.47,240.11,241.73,753107.58,2023-08-04 23:59:59.999,182311402.64135,346952,371508.72,89946747.28605,0,2023-08-04,46.4556544675239,241.72199999999998,2.1308624395391074,0.0037543484044611198,0.002987427907555684,0.0029829744122637316
2023-08-05,241.72,243.37,239.95,243.34,488150.25,2023-08-05 23:59:59.999,117981251.6434,232281,249178.96,60234172.6874,0,2023-08-05,53.60191191532948,241.7935,2.1612770955171925,0.7155491552692054,0.006660323501427312,0.006638241541293665
2023-08-06,243.34,245.59,242.77,243.26,634042.37,2023-08-06 23:59:59.999,154818517.1493,279206,324956.23,79352139.4269,0,2023-08-06,51.28296507483962,241.75500000000002,2.12590909332473,0.7079324345173588,-0.00032875811621602136,-0.0003288121690126987
2023-08-07,243.26,245.09,239.37,241.96,948728.34,2023-08-07 23:59:59.999,229747850.0069,379058,450777.94,109164868.2973,0,2023-08-07,55.68885448916408,241.829,2.1048462875311515,0.06223732382551067,-0.005344076296966094,-0.005358406951576734
2023-08-08,241.96,248.58,241.38,245.24,993139.46,2023-08-08 23:59:59.999,242984006.2997,394307,533332.18,130502780.0614,0,2023-08-08,63.19742489270384,242.03850000000003,2.228138885737248,1.436849390535486,0.013555959662754136,0.013464899655773651
2023-08-09,245.24,245.58,242.71,243.9,704680.2,2023-08-09 23:59:59.999,172107192.7947,314761,328693.54,80284958.5479,0,2023-08-09,58.626823194592646,242.087,2.2589100770592574,0.8025994564423985,-0.005464035230794306,-0.0054790176726125656
2023-08-10,243.9,243.99,240.34,241.33,695204.1,2023-08-10 23:59:59.999,168321246.5413,325777,318935.75,77217136.4776,0,2023-08-10,50.77989601386485,241.9595,2.224077514132767,-0.28303869626838946,-0.010537105371053679,-0.010593013754352712
2023-08-11,241.33,242.0,237.95,239.76,835463.1,2023-08-11 23:59:59.999,200315438.9823,327902,398015.03,95436270.3225,0,2023-08-11,46.30575417092269,241.88600000000002,2.2732017761708962,-0.9352447381864984,-0.006505614718435471,-0.006526868459114219
2023-08-12,239.75,241.23,239.33,240.18,350181.45,2023-08-12 23:59:59.999,84153516.769,179437,168611.9,40521590.5218,0,2023-08-12,45.77028885832192,241.76800000000003,2.298577592069723,-0.6908620381051088,0.0017517517517517955,0.001750219224129523
2023-08-13,240.17,241.75,239.57,239.92,327318.7,2023-08-13 23:59:59.999,78707030.459,170815,160689.99,38644998.946,0,2023-08-13,45.21531100478468,241.81300000000002,2.2502493427751395,-0.8412401079364256,-0.0010825214422517382,-0.0010831077917836946
2023-08-14,239.91,241.4,239.5,240.35,424722.63,2023-08-14 23:59:59.999,102145183.2249,209050,208640.01,50179784.5939,0,2023-08-14,48.76829703677259,241.9375,2.082672561733418,-0.7622417604996544,0.0017922640880294605,0.00179065989921617
2023-08-15,240.34,240.67,232.21,236.73,859103.7,2023-08-15 23:59:59.999,204166639.3223,366798,399588.69,94968548.6267,0,2023-08-15,27.540322580645224,241.82150000000001,2.304734885867283,-2.2091477988298287,-0.01506136883711251,-0.015175943138916344
2023-08-16,236.72,237.31,230.1,231.96,1096799.22,2023-08-16 23:59:59.999,256346750.0666,410104,529610.21,123784222.6725,0,2023-08-16,30.572963294539036,241.37550000000002,3.1896930638386665,-2.9518514200450485,-0.020149537447725185,-0.02035530819281341
2023-08-17,231.96,232.32,204.43,217.89,2301238.87,2023-08-17 23:59:59.999,513950281.0837,831484,1102372.27,246226406.4081,0,2023-08-17,17.924528301886852,240.17349999999996,6.1373483687494055,-3.6308025324853177,-0.06065700982928102,-0.06257459472205344
2023-08-18,217.88,220.24,213.23,215.97,1678659.12,2023-08-18 23:59:59.999,364491082.8676,536268,818039.2,177611423.3445,0,2023-08-18,15.41353383458653,238.84,8.142918137182757,-2.808575453505964,-0.008811785763458535,-0.008850839136865182
2023-08-19,215.97,219.1,213.14,216.8,811986.85,2023-08-19 23:59:59.999,175434775.1382,304342,409432.78,88474214.3225,0,2023-08-19,13.603949533735673,237.544,9.450564115683505,-2.1950012450129495,0.0038431263601426124,0.0038357604161699133
2023-08-20,216.8,218.0,215.23,216.41,459976.08,2023-08-20 23:59:59.999,99550677.9298,213962,217172.4,47007824.9476,0,2023-08-20,13.489257546913322,236.3125,10.515758037566306,-1.8926357880145843,-0.0017988929889299898,-0.0018005129399600132
2023-08-21,216.41,216.72,205.3,210.22,2198456.84,2023-08-21 23:59:59.999,462733360.5198,710782,1070726.19,225352409.1197,0,2023-08-21,11.905904944791232,234.43,11.647020852398809,-2.0786431403197616,-0.028603114458666368,-0.029020155230322846
2023-08-22,210.22,213.17,202.64,210.84,2586539.61,2023-08-22 23:59:59.999,536926377.0969,806026,1279262.18,265612847.4126,0,2023-08-22,5.897435897435983,232.94,12.67183117242821,-1.7440257607034655,0.0029492912187232267,0.0029449505917977866
2023-08-23,210.84,218.84,210.63,216.53,2128683.63,2023-08-23 23:59:59.999,457717817.6589,711151,1081576.42,232607346.1126,0,2023-08-23,18.431372549019656,231.71599999999998,13.02857281029067,-1.1655919816486158,0.026987288939480214,0.026629553985192258
2023-08-24,216.53,221.2,215.4,219.06,1475519.76,2023-08-24 23:59:59.999,322188638.3685,498642,785014.99,171431166.124,0,2023-08-24,24.290002308935613,230.58249999999998,13.097464951556539,-0.8797503977004812,0.011684293169537785,0.011616558923402218
2023-08-25,219.07,219.63,213.44,218.36,1235788.8,2023-08-25 23:59:59.999,267674493.7317,466338,617283.45,133739748.7728,0,2023-08-25,24.78793590951939,229.33350000000002,13.007616908216963,-0.8436210935046832,-0.003195471560303087,-0.003200587982043615
2023-08-26,218.37,219.41,216.02,216.34,433747.88,2023-08-26 23:59:59.999,94193507.1957,207248,216179.18,46953516.9791,0,2023-08-26,22.93369663941874,227.9875,12.882900080068637,-0.9041054364785505,-0.009250778530866532,-0.00929383271141342
2023-08-27,216.35,219.84,215.79,218.35,570805.87,2023-08-27 23:59:59.999,124376004.0719,228717,303412.82,66120038.8315,0,2023-08-27,26.446822450316674,226.80699999999996,12.614094497796671,-0.670440514099301,0.009290930942035702,0.00924803572942647
2023-08-28,218.34,219.52,215.08,218.75,849659.49,2023-08-28 23:59:59.999,184848810.7376,351536,437872.6,95275378.3241,0,2023-08-28,26.398601398601414,225.4825,11.949996641680775,-0.563389279668706,0.0018319212273871788,0.001830245306153803
2023-08-29,218.75,239.0,216.88,226.87,1930897.7,2023-08-29 23:59:59.999,438905742.9664,727753,992951.7,225712785.4427,0,2023-08-29,40.19100676482294,224.631,11.148438125177702,0.20083530758837265,0.03712000000000004,0.036447640971045546
2023-08-30,226.87,227.22,221.64,223.83,763215.31,2023-08-30 23:59:59.999,171038868.4519,309938,377374.87,84572754.2418,0,2023-08-30,41.62373789408615,223.756,10.432586296860379,0.0070931596340863354,-0.013399744346982767,-0.013490331057236548
2023-08-31,223.83,226.02,213.91,216.58,1076654.67,2023-08-31 23:59:59.999,236908498.8473,440749,521877.5,114893972.3653,0,2023-08-31,48.42963318149128,222.59700000000004,9.8313130781923,-0.6120240452261521,-0.032390653621051646,-0.03292684095129927
2023-09-01,216.58,218.4,211.11,213.65,1178020.9,2023-09-01 23:59:59.999,252192015.9567,433924,573336.36,122729794.9917,0,2023-09-01,47.28464419475657,221.2705,9.096368549525616,-0.8377518961011544,-0.013528488318404364,-0.013620832110199491
2023-09-02,213.66,215.97,213.0,214.33,527842.92,2023-09-02 23:59:59.999,113193798.803,228639,263095.34,56430212.4909,0,2023-09-02,47.098895936105244,219.99099999999999,8.077775814206769,-0.700811724688336,0.0031827755675168934,0.003177721259007075
2023-09-03,214.33,215.18,213.13,214.35,387336.71,2023-09-03 23:59:59.999,82944961.0659,174178,197009.28,42188104.6513,0,2023-09-03,47.55924170616113,218.69100000000003,6.5826357702311515,-0.6594622809956263,9.331404842982671e-05,9.330969494483497e-05
2023-09-04,214.35,216.69,213.04,215.19,810363.4,2023-09-04 23:59:59.999,174249548.0614,295677,403827.82,86846084.3734,0,2023-09-04,56.74355495251018,217.61399999999998,5.062471208427218,-0.47881753795752524,0.003918824352694195,0.003911165762466644
2023-09-05,215.19,216.06,213.44,214.51,627176.58,2023-09-05 23:59:59.999,134723500.1681,240798,320934.25,68940174.0329,0,2023-09-05,54.971552424817105,216.7415,3.808202055307232,-0.5859720591479964,-0.0031599981411776223,-0.003165001478441695
2023-09-06,214.5,219.81,211.58,215.22,855131.91,2023-09-06 23:59:59.999,183614563.3408,336637,425231.03,91343861.5346,0,2023-09-06,47.948637644848105,216.60800000000003,3.8126183846114663,-0.36405426926604956,0.003309869003776056,0.0033044034442351075
2023-09-07,215.21,217.9,213.53,217.11,707029.46,2023-09-07 23:59:59.999,152286031.5717,288375,335916.79,72372051.8324,0,2023-09-07,46.883988494726765,216.66500000000002,3.8110994406703087,0.11676420595357782,0.008781711736827402,0.008743376773899775
2023-09-08,217.12,218.9,213.33,214.62,717857.59,2023-09-08 23:59:59.999,154711587.1625,292092,347983.64,75032546.7736,0,2023-09-08,44.34703748488512,216.55599999999998,3.8381141201518156,-0.5044143919106294,-0.011468840679839776,-0.011535115047164706
2023-09-09,214.63,215.48,214.14,214.2,291152.93,2023-09-09 23:59:59.999,62572043.7086,147857,142102.12,30541058.5728,0,2023-09-09,46.60101651842438,216.44549999999998,3.874182392432588,-0.5796061652611171,-0.00195694716242667,-0.001958864485333034
2023-09-10,214.21,214.24,210.81,212.28,799731.29,2023-09-10 23:59:59.999,170027095.7965,302037,378290.38,80437269.4813,0,2023-09-10,40.33131570563876,216.54850000000002,3.7244487757947815,-1.1460756361427302,-0.008963585434173638,-0.009004000053954143
2023-09-11,212.28,212.68,203.75,206.08,1492870.36,2023-09-11 23:59:59.999,310072696.4165,504342,713192.27,148108129.4263,0,2023-09-11,32.96585103522456,216.3105,4.226660340136979,-2.4204689226739298,-0.029206708121349068,-0.029641715043705327
2023-09-12,206.08,214.89,204.94,210.73,1646456.07,2023-09-12 23:59:59.999,347056540.2687,579104,847366.51,178610546.8128,0,2023-09-12,26.067615658362968,216.0205,4.405978563789214,-1.2007548206158525,0.022564052795031042,0.022313250293132664
2023-09-13,210.74,213.38,209.28,212.63,892685.01,2023-09-13 23:59:59.999,188754630.3063,369404,450445.46,95251136.6235,0,2023-09-13,32.81154082259053,215.699,4.407111358432143,-0.6963745071084004,0.009016276752242147,0.008975872809488545
2023-09-14,212.63,215.49,209.59,212.04,893183.79,2023-09-14 23:59:59.999,189914085.4915,393612,446968.98,95060946.9816,0,2023-09-14,41.24228395061725,215.38299999999998,4.432773991809491,-0.7541553000845307,-0.002774773079998183,-0.002778629899004798
2023-09-15,212.05,214.9,210.79,214.0,674322.35,2023-09-15 23:59:59.999,143297977.8645,323263,338978.24,72047176.6334,0,2023-09-15,50.70140280561122,215.266,4.437064463351409,-0.28532377892111,0.009243538954914143,0.00920107890224612
2023-09-16,214.01,215.83,213.17,214.74,579713.99,2023-09-16 23:59:59.999,124332685.1949,268655,284104.1,60947829.1461,0,2023-09-16,50.81967213114754,215.0855,4.378039064688129,-0.07891660967273686,0.0034579439252337973,0.0034519789841381066
2023-09-17,214.74,216.91,213.1,216.31,656273.54,2023-09-17 23:59:59.999,141345561.719,270091,337558.06,72707699.6571,0,2023-09-17,53.68975903614459,214.96349999999998,4.303917768405671,0.3128544903632797,0.007311166992642226,0.007284569969420737
2023-09-18,216.3,221.46,215.0,215.99,1514483.11,2023-09-18 23:59:59.999,329931484.1221,571346,771097.67,168029956.5316,0,2023-09-18,51.53609831029188,214.41950000000003,3.287301684926791,0.47774745080476444,-0.00147935832832502,-0.0014804536592480403
2023-09-19,215.98,219.99,215.31,217.22,769627.28,2023-09-19 23:59:59.999,167419471.9761,329322,380366.34,82746120.0499,0,2023-09-19,55.09590071455436,214.089,2.5383519310009275,1.233477502375086,0.005694708088337386,0.0056785545357278516
2023-09-20,217.21,219.04,212.78,214.39,832763.76,2023-09-20 23:59:59.999,179472556.8448,382045,408563.45,88072681.4323,0,2023-09-20,48.55451062347611,213.9795,2.471597554818378,0.16608690973970064,-0.013028266273823808,-0.01311387853405004
2023-09-21,214.4,215.29,209.2,210.91,976988.61,2023-09-21 23:59:59.999,206829608.9276,405536,467678.98,99026607.0777,0,2023-09-21,39.76897689768974,213.84250000000003,2.564996921991492,-1.1432762257364455,-0.016232100377816083,-0.016365284120316768
2023-09-22,210.9,212.34,209.7,211.15,542359.64,2023-09-22 23:59:59.999,114448109.6745,238164,272230.22,57450948.8036,0,2023-09-22,43.81461675579323,213.6835,2.6309019364657,-0.9629777396429515,0.001137926129628708,0.0011372791824293656
2023-09-23,211.16,211.79,209.94,210.52,263789.79,2023-09-23 23:59:59.999,55588728.8432,141638,123998.77,26131823.7016,0,2023-09-23,43.48903043170562,213.49200000000002,2.7177905111425003,-1.0935353507988532,-0.00298366090457014,-0.0029881208943743
2023-09-24,210.53,211.36,206.0,208.34,452883.06,2023-09-24 23:59:59.999,94992754.2783,207549,214377.28,44990816.7973,0,2023-09-24,43.09256661991584,213.1495,2.916875536260333,-1.6488533501728182,-0.010355310659319827,-0.01040929992927553
2023-09-25,208.34,210.69,206.52,210.06,696868.51,2023-09-25 23:59:59.999,145677512.8635,284283,358248.29,74910615.1974,0,2023-09-25,58.277870216306134,212.927,2.976743363464172,-0.9631330786485844,0.00825573581645389,0.008221843638326596
2023-09-26,210.07,214.0,209.82,212.68,832483.65,2023-09-26 23:59:59.999,176493972.9796,315020,437371.14,92724941.8952,0,2023-09-26,54.42980463425719,212.8,2.9275425295721806,-0.040990010832580755,0.012472626868513803,0.012395484441508469
2023-09-27,212.67,216.13,210.52,212.15,913447.87,2023-09-27 23:59:59.999,194724837.9218,383757,454286.18,96858131.5907,0,2023-09-27,48.837209302325604,212.552,2.747783029688208,-0.14629976080957233,-0.0024920067707353555,-0.00249511698780385
2023-09-28,212.14,217.2,211.62,215.06,845149.15,2023-09-28 23:59:59.999,181080241.5122,362960,427550.68,91615387.5644,0,2023-09-28,56.576655052264826,212.574,2.766906689947126,0.8984762691970274,0.013716709875088329,0.013623487314046325
2023-09-29,215.07,217.62,214.46,215.21,624880.3,2023-09-29 23:59:59.999,134903211.6496,293817,302090.1,65204280.5036,0,2023-09-29,52.860520094562666,212.62450000000004,2.8070709119219894,0.9210668633339537,0.0006974797730865401,0.0006972366471133383
2023-09-30,215.22,216.59,214.1,214.69,415539.66,2023-09-30 23:59:59.999,89423206.9227,201942,194466.78,41856075.8057,0,2023-09-30,49.880554228380284,212.74499999999998,2.843001564198065,0.6841360991472597,-0.0024162445982993663,-0.002419168428020176
2023-10-01,214.68,219.93,213.13,218.29,845811.45,2023-10-01 23:59:59.999,182868033.6908,356320,413378.08,89390951.7977,0,2023-10-01,54.31184668989545,213.35550000000003,2.640186346958543,1.868996862923873,0.016768363687176935,0.01662932680479771
2023-10-02,218.29,221.73,213.19,214.7,1271741.29,2023-10-02 23:59:59.999,276872745.3289,501294,632565.43,137767550.6569,0,2023-10-02,47.54098360655734,213.554,2.5809777827575395,0.4440177701861463,-0.016446012185624692,-0.016582749101535826
2023-10-03,214.7,215.92,212.34,213.46,717473.92,2023-10-03 23:59:59.999,153676587.7751,320927,338934.58,72605830.6611,0,2023-10-03,42.83536585365855,213.5955,2.5719958969709755,-0.05268282121272302,-0.005775500698649183,-0.00579224339891635
2023-10-04,213.46,213.83,210.79,213.45,716411.88,2023-10-04 23:59:59.999,152148184.8262,332030,351176.78,74587177.6099,0,2023-10-04,47.99316823228011,213.666,2.5463108503612335,-0.0848286060475944,-4.6847184484333226e-05,-4.684828184795268e-05
2023-10-05,213.45,214.09,210.27,210.8,599115.09,2023-10-05 23:59:59.999,127002686.5129,286475,294865.83,62505965.658,0,2023-10-05,49.756529437804375,213.506,2.6235841292988713,-1.031413465945589,-0.012415085500117051,-0.012492796536763733
2023-10-06,210.79,214.69,210.25,213.42,610055.16,2023-10-06 23:59:59.999,129570274.8008,293412,308980.69,65637072.0377,0,2023-10-06,54.54545454545451,213.44,2.6074609548135355,-0.007670297023274302,0.012428842504743631,0.01235223852121137
2023-10-07,213.43,213.99,211.63,212.33,291054.39,2023-10-07 23:59:59.999,61989561.6486,163883,139588.16,29726110.868,0,2023-10-07,53.5587888320881,213.24099999999999,2.5275469695948325,-0.3604285146661416,-0.0051073001593101575,-0.005120386994716321
2023-10-08,212.34,213.0,208.73,211.42,550912.91,2023-10-08 23:59:59.999,116328042.4309,264961,260066.86,54930893.7967,0,2023-10-08,56.374172185430446,213.0125,2.4719071583084835,-0.6442394062606068,-0.0042857815664297805,-0.0042949918531855775
2023-10-09,211.43,212.31,201.43,205.83,1363022.86,2023-10-09 23:59:59.999,282156038.0831,524246,642032.83,132947007.8078,0,2023-10-09,42.45451302176241,212.44299999999998,2.748155553578292,-2.40634122453126,-0.02644026109166575,-0.02679609096960769
2023-10-10,205.83,215.0,205.56,208.59,1507507.66,2023-10-10 23:59:59.999,314211509.4966,606661,771386.07,160811750.376,0,2023-10-10,42.7405040823571,212.15299999999996,2.8364880062887834,-1.2561308181456876,0.013409124034397202,0.01332001740812688
2023-10-11,208.58,208.88,204.16,206.61,1081048.84,2023-10-11 23:59:59.999,222968664.7856,435299,522827.87,107830816.7033,0,2023-10-11,40.64821066846724,211.93800000000002,3.08752089263392,-1.7256563389453736,-0.009492305479649077,-0.009537644554319586
2023-10-12,206.61,207.47,202.57,205.29,895955.8,2023-10-12 23:59:59.999,183877944.5559,409386,439632.25,90251949.5301,0,2023-10-12,32.57224402425966,211.64499999999998,3.4257607682670055,-1.8550624021579891,-0.006388848555249127,-0.006409344592200629
2023-10-13,205.28,208.43,204.4,206.05,637209.5,2023-10-13 23:59:59.999,131325504.273,317925,316712.97,65280812.3359,0,2023-10-13,34.00837988826814,211.4215,3.6420082299000556,-1.4748731087154636,0.0037020799844122987,0.0036952441523103153
2023-10-14,206.06,207.14,205.76,206.6,257532.42,2023-10-14 23:59:59.999,53166488.2724,157513,128177.84,26463035.1495,0,2023-10-14,35.891175444715685,211.3345,3.7389844877039833,-1.2662529132094194,0.002669255035185447,0.0026656989007116283
2023-10-15,206.6,212.0,206.36,209.87,685642.77,2023-10-15 23:59:59.999,143139985.4183,336005,349754.38,73021545.4518,0,2023-10-15,35.144671841919546,211.325,3.74263276308149,-0.38876376393445894,0.015827686350435632,0.015703734723791708
2023-10-16,209.87,220.14,209.66,214.75,1423734.84,2023-10-16 23:59:59.999,304575088.4086,652797,724091.64,154935695.8611,0,2023-10-16,50.08437394532571,211.42849999999999,3.8100908608210906,0.8717639870888059,0.023252489636441664,0.022986269455034937
2023-10-17,214.75,215.14,208.75,211.55,850586.0,2023-10-17 23:59:59.999,180566532.2805,415116,406378.3,86269480.5262,0,2023-10-17,46.97689142133587,211.3985,3.8064713248177324,0.039800641347863826,-0.014901047729918404,-0.015013183698288163
2023-10-18,211.54,214.08,210.0,210.37,509110.37,2023-10-18 23:59:59.999,108003659.7245,272390,246393.63,52278052.0872,0,2023-10-18,45.299145299145316,211.164,3.712331371229776,-0.2138817687864314,-0.00557787757031436,-0.005593492020138612
2023-10-19,210.37,211.59,208.1,211.32,558544.3,2023-10-19 23:59:59.999,117438570.2664,269176,280768.72,59043296.7361,0,2023-10-19,50.837089504185414,210.9695,3.5890498301779385,0.09765815928574202,0.004515853020867988,0.004505687150177191
2023-10-20,211.33,216.8,210.63,212.17,856401.02,2023-10-20 23:59:59.999,182933763.5628,386595,434320.29,92781428.1606,0,2023-10-20,47.86616592693752,210.8435,3.4945510590850555,0.3795909624932727,0.004022335794056309,0.004014267828909909
2023-10-21,212.17,215.99,211.49,214.32,578895.49,2023-10-21 23:59:59.999,123732449.2219,268254,294015.28,62846042.0311,0,2023-10-21,53.2784184514003,210.64499999999998,3.1445315941578746,1.168695524264306,0.010133383607484614,0.010082385111328258
2023-10-22,214.33,218.82,213.68,217.95,660305.78,2023-10-22 23:59:59.999,142306495.0086,321960,333823.23,71965095.2666,0,2023-10-22,59.872996673722426,210.80750000000003,3.4356135971268493,2.078959055806834,0.016937290033594676,0.016795453448048354
2023-10-23,217.95,231.73,217.05,228.8,1803856.5,2023-10-23 23:59:59.999,401027752.9097,793275,904115.81,201032529.7185,0,2023-10-23,79.96347508478996,211.5745,5.2775288026167875,3.26393292092674,0.04978206010552899,0.04858258082124142
2023-10-24,228.81,238.46,221.49,225.32,2111174.48,2023-10-24 23:59:59.999,483726807.2749,911672,1026005.03,235145844.0861,0,2023-10-24,71.42125480153646,212.16799999999998,6.10250302393933,2.15518123438963,-0.015209790209790297,-0.015326645479129705
2023-10-25,225.33,229.32,221.63,222.29,1205240.83,2023-10-25 23:59:59.999,271879916.5541,586630,582326.24,131398052.1113,0,2023-10-25,69.55112219451367,212.7425,6.495151126585943,1.4699427024754161,-0.013447541274631658,-0.013538778323694885
2023-10-26,222.28,228.49,218.6,223.32,1475859.55,2023-10-26 23:59:59.999,330580173.7916,676289,698509.98,156490821.9773,0,2023-10-26,72.6450640542577,213.2375,6.9132853603031466,1.4584238136465215,0.004633586756039421,0.0046228847393413545
2023-10-27,223.33,233.0,220.01,224.18,1883700.29,2023-10-27 23:59:59.999,425550042.4829,826771,919490.11,207743433.0253,0,2023-10-27,72.71360561262838,213.83,7.326844657209445,1.4126135443332806,0.0038509761776823748,0.003843580150789724
2023-10-28,224.18,228.71,224.13,225.8,606598.81,2023-10-28 23:59:59.999,137472542.4069,291511,294274.07,66704582.8893,0,2023-10-28,73.42606149341141,214.54900000000004,7.770063943334871,1.4479932317225057,0.007226335980015985,0.007200351122612271
2023-10-29,225.81,228.29,223.6,227.2,465688.44,2023-10-29 23:59:59.999,105347165.6482,269788,227666.5,51506057.4306,0,2023-10-29,72.1554589619023,215.6175,7.974620845587876,1.4524201494053777,0.006200177147918318,0.006181035131434449
2023-10-30,227.2,229.39,224.61,228.1,742118.21,2023-10-30 23:59:59.999,168791706.887,396242,358831.56,81634112.1593,0,2023-10-30,69.00085397096497,216.593,8.257985035189535,1.3934391926075826,0.003961267605633756,0.003953442443346016
2023-10-31,228.11,229.49,223.37,226.35,804827.05,2023-10-31 23:59:59.999,182295129.3823,431129,390442.65,88439225.1028,0,2023-10-31,71.97149643705458,217.58,8.181324690019515,1.0719535444790007,-0.00767207365190703,-0.007701655408374722
2023-11-01,226.35,230.15,222.42,228.15,945051.54,2023-11-01 23:59:59.999,213420937.5511,518404,461380.8,104198751.112,0,2023-11-01,75.91836734693875,218.723,7.968025641957687,1.1831036223527822,0.007952286282306265,0.007920833491444058
2023-11-02,228.15,233.97,227.7,232.03,1439237.93,2023-11-02 23:59:59.999,331992103.0919,705501,711595.45,164160486.4285,0,2023-11-02,77.81359118990059,220.02200000000002,7.910760559573246,1.5179324300832795,0.017006355467893863,0.016863366277863955
2023-11-03,232.02,232.63,225.54,230.4,959756.38,2023-11-03 23:59:59.999,219806012.829,572205,447111.87,102425244.1905,0,2023-11-03,73.98053143909496,221.212,7.568123315964167,1.2140394145823297,-0.007024953669784062,-0.00704974482953938
2023-11-04,230.39,238.77,229.51,237.36,835599.55,2023-11-04 23:59:59.999,196061796.9205,502991,447805.83,105077556.661,0,2023-11-04,76.90331620737972,222.58649999999997,7.8893174108952975,1.872595464291696,0.030208333333333393,0.02976104716083025
2023-11-05,237.35,245.64,236.34,244.0,1294305.17,2023-11-05 23:59:59.999,313487660.5823,716234,629539.34,152488485.238,0,2023-11-05,78.4202487453633,224.04899999999998,8.993958147402571,2.2182669379845636,0.027974384900572913,0.027590249310635445
2023-11-06,244.0,256.0,241.58,255.27,1734899.25,2023-11-06 23:59:59.999,433422805.1281,945851,892693.26,223052203.0729,0,2023-11-06,78.6162162162162,226.23499999999999,10.906029959294353,2.6622886704300472,0.04618852459016387,0.04515358323637373
2023-11-07,255.28,255.69,242.21,246.39,1609174.86,2023-11-07 23:59:59.999,399058420.5535,879553,758861.94,188244250.4991,0,2023-11-07,70.39690222652467,228.036,11.120256717946399,1.6505014646271094,-0.034786696439064624,-0.03540616210936515
2023-11-08,246.38,249.67,244.15,246.78,1040251.6,2023-11-08 23:59:59.999,256341323.7315,569589,499217.77,123046494.7837,0,2023-11-08,74.9846970006121,229.80900000000003,11.141634529967035,1.523205590198998,0.0015828564470961037,0.0015816050501771316
2023-11-09,246.78,256.36,238.9,251.84,2330828.07,2023-11-09 23:59:59.999,580309853.9953,1263797,1116456.53,278048973.5692,0,2023-11-09,76.88536953242834,231.79250000000002,11.365065528761574,1.763958153102221,0.02050409271415843,0.020296713758650758
2023-11-10,251.85,258.31,248.05,251.14,1489276.24,2023-11-10 23:59:59.999,376494783.5043,903196,716498.21,181206026.5726,0,2023-11-10,75.49167927382749,233.6335,11.367963885151262,1.539985539791064,-0.0027795425667090923,-0.002783412668220662
2023-11-11,251.13,255.38,246.03,251.66,1109684.69,2023-11-11 23:59:59.999,278336021.9309,692923,533508.8,133832832.5171,0,2023-11-11,74.97103128621086,235.31899999999996,11.419156987937491,1.4310163190909524,0.0020705582543600887,0.0020684176030040012
2023-11-12,251.65,252.11,243.0,247.68,858886.45,2023-11-12 23:59:59.999,213426069.3469,589973,401820.1,99879698.0729,0,2023-11-12,68.83738042678439,236.263,11.630314337038474,0.9816587642554818,-0.015814988476515857,-0.015941379762459473
2023-11-13,247.69,250.37,240.22,241.16,1107331.59,2023-11-13 23:59:59.999,271901909.1533,770845,525814.5,129129751.8252,0,2023-11-13,60.88696232077358,237.05499999999998,11.382595439825943,0.36063831150822223,-0.026324289405684764,-0.02667697678015749
2023-11-14,241.16,249.77,233.0,242.4,1522251.72,2023-11-14 23:59:59.999,370120765.8896,905119,729047.57,177291829.6586,0,2023-11-14,63.49419875567512,238.0605,10.887098339894758,0.39859105378871446,0.005141814562945823,0.005128640573954631
2023-11-15,242.4,254.8,242.24,254.02,1379068.8,2023-11-15 23:59:59.999,344514595.4318,731495,688110.13,171928021.9843,0,2023-11-15,68.66791744840523,239.5955,10.863623741130771,1.3277797854308426,0.04793729372937294,0.04682374988101404
2023-11-16,254.02,256.12,240.1,242.82,1639285.16,2023-11-16 23:59:59.999,407867073.9734,917381,799138.57,198843695.9464,0,2023-11-16,57.04216159770263,240.5275,10.253973235027132,0.22357187281988491,-0.04409101645539726,-0.04509257596034426
2023-11-17,242.81,246.04,238.45,244.97,1104324.17,2023-11-17 23:59:59.999,268767495.092,689639,538219.15,130981666.8376,0,2023-11-17,59.44509270063527,241.48599999999996,9.68503316296924,0.35973031185077653,0.00885429536282012,0.00881532595181752
2023-11-18,244.96,245.38,238.57,244.91,660615.55,2023-11-18 23:59:59.999,160591922.0892,418536,319731.82,77723727.8379,0,2023-11-18,55.37519578527692,242.37149999999997,9.102195382921067,0.27888876179950495,-0.00024492795036124004,-0.00024495795011029216
2023-11-19,244.91,247.05,242.0,246.55,637888.6,2023-11-19 23:59:59.999,155762721.7102,375675,298191.21,72825509.1709,0,2023-11-19,51.95462210639277,243.294,8.494311656968732,0.38331534460815064,0.00669633743007636,0.006674016552598643
2023-11-20,246.55,269.34,233.46,253.27,3373122.52,2023-11-20 23:59:59.999,853075679.5452,1674524,1676882.28,424079202.5393,0,2023-11-20,48.3520105471325,244.64000000000001,7.770051818524869,1.110674703536068,0.027256134658284248,0.02689130068692257
2023-11-21,253.26,272.42,224.0,225.66,9702082.76,2023-11-21 23:59:59.999,2429908276.2316,4645058,4698481.13,1177672007.017,0,2023-11-21,36.9474877219494,244.51550000000003,8.0626190566115,-2.338632132760653,-0.10901409562917053,-0.11542667164675782
2023-11-22,225.66,238.49,224.62,236.38,3584881.97,2023-11-22 23:59:59.999,836887321.5758,1555300,1780857.0,415704009.8532,0,2023-11-22,44.20548250501449,244.733,7.761115017521228,-1.0762628799009628,0.0475050961623682,0.046411237873794545
2023-11-23,236.39,239.42,230.3,233.89,1573333.64,2023-11-23 23:59:59.999,368851507.4504,797491,776236.17,182002484.748,0,2023-11-23,39.70402661466101,244.90749999999997,7.455093543091649,-1.4778486596200369,-0.010533886115576707,-0.010589760221292027
2023-11-24,233.88,237.0,231.58,232.86,1240754.31,2023-11-24 23:59:59.999,291055644.8724,677678,600928.74,140967092.7731,0,2023-11-24,39.55428571428573,244.68250000000003,7.756677852998241,-1.52417055652636,-0.004403779554491338,-0.004413504753932575
2023-11-25,232.86,235.85,232.25,234.45,652469.49,2023-11-25 23:59:59.999,152745519.8673,378542,320516.61,75028854.76,0,2023-11-25,40.284520718076095,244.205,8.08778513688729,-1.2061398559549752,0.006828137078072505,0.006804930926725214
2023-11-26,234.44,234.5,227.76,231.92,993331.96,2023-11-26 23:59:59.999,230484484.3509,500754,470807.98,109253939.8978,0,2023-11-26,40.95500459136822,243.0375,8.091772868617428,-1.3739263546456364,-0.010791213478353545,-0.010849860922195203
2023-11-27,231.91,233.1,222.5,227.42,1442608.02,2023-11-27 23:59:59.999,327934200.8705,764958,692070.88,157386036.2979,0,2023-11-27,41.927144535840185,242.089,8.762158409855145,-1.6741308834934105,-0.019403242497412876,-0.01959395641682325
2023-11-28,227.41,231.95,224.37,229.69,1077045.65,2023-11-28 23:59:59.999,246147739.9644,574297,525477.86,120092179.0756,0,2023-11-28,42.62161848368745,241.23449999999997,9.10713801883606,-1.2676320459976314,0.00998153196728535,0.009932045505086532
2023-11-29,229.7,231.45,226.32,227.43,789061.15,2023-11-29 23:59:59.999,180548539.4703,457662,392013.01,89711189.117,0,2023-11-29,32.682037254135736,240.01399999999998,9.245637605716025,-1.3610743289592098,-0.009839348687361138,-0.009888074965340832
2023-11-30,227.43,229.37,226.16,227.67,701197.25,2023-11-30 23:59:59.999,159737118.4234,414816,343861.48,78347057.238,0,2023-11-30,38.489591247530754,238.84050000000002,9.248609838605622,-1.2078031395996445,0.00105526975333059,0.0010547133476087919
2023-12-01,227.66,230.14,227.16,228.64,812707.35,2023-12-01 23:59:59.999,185946956.8952,467761,395442.16,90477998.2362,0,2023-12-01,37.366548042704615,237.6895,8.99828490964639,-1.0056916502275595,0.004260552554135266,0.004251502097626035
2023-12-02,228.64,230.57,226.41,229.24,827934.05,2023-12-02 23:59:59.999,189234646.5774,400893,396805.94,90698375.2728,0,2023-12-02,37.97759705385914,236.7675,8.864464168768317,-0.849177102720008,0.002624212736179299,0.002620775501979589
2023-12-03,229.23,232.04,226.08,228.23,1218955.01,2023-12-03 23:59:59.999,278161504.3573,578895,587416.23,134081034.2217,0,2023-12-03,35.807251317012685,236.121,8.99775229238751,-0.8769968035990665,-0.0044058628511604025,-0.004415597267750874
2023-12-04,228.24,237.59,223.03,233.66,2912390.62,2023-12-04 23:59:59.999,672411220.5524,1248212,1406967.14,324998766.9551,0,2023-12-04,34.498023715415016,235.68399999999997,8.888320781517915,-0.2277145537105965,0.02379178898479606,0.023513174873216455
2023-12-05,233.65,235.19,227.96,231.43,1647883.45,2023-12-05 23:59:59.999,381166127.0082,760732,799656.55,184961072.8071,0,2023-12-05,57.61816741484026,234.55450000000002,7.80490700908234,-0.4003250770783205,-0.009543781562954656,-0.009589615297431527
2023-12-06,231.44,235.15,228.56,229.6,1894332.97,2023-12-06 23:59:59.999,438302071.2918,875326,923385.38,213674168.1507,0,2023-12-06,38.30227743271221,233.8935,7.625804720221125,-0.5630225474585057,-0.007907358596551894,-0.0079387875461594
2023-12-07,229.6,235.0,228.37,232.81,1671999.13,2023-12-07 23:59:59.999,387838250.4159,786814,795997.49,184665007.6418,0,2023-12-07,48.18181818181821,233.2855,7.16716524373094,-0.06634422171526279,0.013980836236933802,0.013884005815778273
2023-12-08,232.81,240.22,231.0,239.1,1845001.66,2023-12-08 23:59:59.999,434449875.0302,845767,891117.35,209922877.2791,0,2023-12-08,58.9244851258581,232.99500000000003,6.778404174823128,0.9006544671200964,0.027017739787809747,0.02665920420308937
2023-12-09,239.09,245.92,236.21,237.87,2073301.81,2023-12-09 23:59:59.999,500714420.3997,918583,1016166.81,245450356.9171,0,2023-12-09,54.94219653179193,232.561,6.10973761167973,0.8689407528485354,-0.005144291091593423,-0.005157568511861779
2023-12-10,237.86,241.51,236.76,239.96,996496.08,2023-12-10 23:59:59.999,238841210.2179,480908,480981.47,115283854.1634,0,2023-12-10,61.768149882904,231.8955,4.143947361659324,1.9460913221568563,0.008786311851010975,0.00874793683247505
2023-12-11,239.96,248.41,225.58,246.63,4361370.04,2023-12-11 23:59:59.999,1043612169.7213,1856157,2113692.77,505988201.8737,0,2023-12-11,76.43820533993946,232.94400000000002,5.039374856738985,2.7158130500449187,0.027796299383230583,0.027416995047259432
2023-12-12,246.63,257.13,245.65,253.64,3758584.38,2023-12-12 23:59:59.999,948267557.5168,1565545,1810777.11,456850839.2446,0,2023-12-12,79.15753591429267,233.80699999999996,6.821535635061956,2.907409865025193,0.028423143980861987,0.028026700999679105
2023-12-13,253.64,255.95,244.16,251.86,2147289.19,2023-12-13 23:59:59.999,536436456.4646,1024251,1036126.29,258879721.4965,0,2023-12-13,80.09361911800939,234.70550000000003,7.926941053966194,2.1640756356346107,-0.007017820533038899,-0.007042561254130468
2023-12-14,251.86,254.19,245.5,253.07,1571194.6,2023-12-14 23:59:59.999,394190629.4132,779921,750485.77,188332353.4326,0,2023-12-14,80.55822906641004,235.71599999999998,8.90688166823863,1.9483811109653864,0.004804256332883172,0.00479275272290813
2023-12-15,253.08,253.29,242.1,244.55,1147137.16,2023-12-15 23:59:59.999,284494608.0063,660174,542976.74,134707491.6243,0,2023-12-15,66.19833027896563,236.221,9.11521163535275,0.9137472977255435,-0.03366657446556287,-0.03424634331524244
2023-12-16,244.55,248.42,242.42,244.16,727608.81,2023-12-16 23:59:59.999,178893295.2292,447597,361884.5,88986514.7287,0,2023-12-16,65.25562372188139,236.833,9.22152179468789,0.7945543222834173,-0.0015947658965447253,-0.0015960388892740623
2023-12-17,244.16,244.37,238.71,238.97,814485.93,2023-12-17 23:59:59.999,196831681.0149,500903,398331.04,96259662.3605,0,2023-12-17,60.11680482290884,237.4105,8.95892643647196,0.17407219615636438,-0.02125655307994756,-0.021485727055806453
2023-12-18,238.97,241.88,232.01,241.86,1465287.95,2023-12-18 23:59:59.999,347376525.8334,770702,723857.76,171656221.9934,0,2023-12-18,58.11238622872974,238.019,8.819151946304867,0.4355294050250883,0.012093568230321816,0.012021025316843719
2023-12-19,241.85,254.41,241.51,252.35,2400521.24,2023-12-19 23:59:59.999,600097628.3619,1230213,1164639.74,291062714.3397,0,2023-12-19,67.78911564625852,239.26500000000001,9.002840779701078,1.4534301250226533,0.04337219879268983,0.04245796642914182
2023-12-20,252.35,261.45,250.24,259.97,2018595.16,2023-12-20 23:59:59.999,517186126.3608,984463,1008508.47,258372471.7376,0,2023-12-20,73.50983124322656,240.88000000000002,9.684660143993396,1.9711584832266904,0.030196156132356045,0.02974922695655507
2023-12-21,259.97,274.65,256.2,271.91,2075590.66,2023-12-21 23:59:59.999,555841905.2274,1082125,1046136.62,280205335.5263,0,2023-12-21,76.6639388979815,243.04350000000005,11.474201852734382,2.51577411400697,0.04592837635111735,0.044904889446585695
2023-12-22,271.91,276.03,264.7,271.07,1675695.24,2023-12-22 23:59:59.999,452742910.1498,883584,822547.31,222325105.5914,0,2023-12-22,73.55237954913807,245.135,12.584345956675705,2.0608937555663815,-0.0030892574748998536,-0.003094039081054038
2023-12-23,271.07,271.97,265.36,270.75,724021.58,2023-12-23 23:59:59.999,194349985.0011,421168,350905.76,94195236.7224,0,2023-12-23,74.55197132616487,247.26100000000002,13.15674967857471,1.785319366397231,-0.0011805068801415963,-0.0011812042272580305
2023-12-24,270.76,272.18,260.53,264.02,1046557.59,2023-12-24 23:59:59.999,280107090.1154,610028,498655.27,133467436.0803,0,2023-12-24,66.80167597765362,248.779,13.255965052500018,1.1497465435099046,-0.02485687903970457,-0.025171028028486524
2023-12-25,264.0,268.15,261.11,266.56,830507.12,2023-12-25 23:59:59.999,220166336.7386,510325,398977.21,105768769.8098,0,2023-12-25,64.76952719727285,250.5355,13.163270060423212,1.2173646765919794,0.00962048329671994,0.009574501125864346
2023-12-26,266.56,302.9,263.82,297.51,5142935.23,2023-12-26 23:59:59.999,1477282597.5085,2203303,2538936.13,728699486.9485,0,2023-12-26,73.99628049447543,253.93099999999998,15.943786085377496,2.7332905601366266,0.11610894357743096,0.10984847888766552
2023-12-27,297.5,324.13,285.0,323.76,3928291.07,2023-12-27 23:59:59.999,1194848166.31246,1926773,1944599.88,591698498.1632,0,2023-12-27,81.02347255781841,258.47850000000005,21.577619320160554,3.025426439839249,0.08823232832509831,0.08455466270146672
2023-12-28,323.75,337.73,319.2,322.21,4582442.88,2023-12-28 23:59:59.999,1502213759.88456,2296793,2274192.23,745615206.82462,0,2023-12-28,79.74531061779382,262.634,25.32638906669008,2.3523290210508474,-0.004787496911292322,-0.004798993683146765
2023-12-29,322.2,325.25,306.46,313.29,2408793.98,2023-12-29 23:59:59.999,761195072.50323,1404059,1175922.1,371574479.11809,0,2023-12-29,79.47178871548618,266.40500000000003,27.004346141423095,1.7362020081679048,-0.027683808696191803,-0.028074227724896334
2023-12-30,313.29,320.48,311.84,316.71,1141399.89,2023-12-30 23:59:59.999,360847685.38071,733276,555588.01,175672040.71485,0,2023-12-30,80.3175929795236,270.2425,28.46252048515574,1.6325855619228977,0.010916403332375646,0.010857249510146145
2023-12-31,316.69,324.79,306.38,311.33,1294462.46,2023-12-31 23:59:59.999,411337028.18418,797800,621862.5,197689552.14689,0,2023-12-31,80.19025367156208,273.4775,29.301979792094958,1.2918069109518584,-0.01698714912696153,-0.017133085804412286
2024-01-01,311.33,315.37,306.65,313.53,893204.63,2024-01-01 23:59:59.999,277686078.85665,608943,444832.66,138312342.08772,0,2024-01-01,80.0755350398657,276.47200000000004,30.214017416102767,1.2265168014449355,0.007066456814312838,0.007041606409221226
2024-01-02,313.53,321.14,304.9,311.88,1412989.05,2024-01-02 23:59:59.999,444402744.93758,883681,671084.42,211092865.36129,0,2024-01-02,76.98304777445382,279.473,30.618798852296816,1.0584020671852392,-0.005262654291455338,-0.0052765508331227865
2024-01-03,311.88,334.3,285.38,315.6,4187171.99,2024-01-03 23:59:59.999,1324315253.95675,2180171,2023125.41,640232120.12216,0,2024-01-03,76.13946057701344,282.5995,30.971334535248317,1.0655175340424012,0.011927664486341083,0.011857090530320157
2024-01-04,315.6,324.15,310.58,323.02,1605932.56,2024-01-04 23:59:59.999,511840520.54259,935708,791794.93,252365485.12559,0,2024-01-04,75.08096967317695,286.523,30.867648726365246,1.1823705888173617,0.023510773130544838,0.023238651838647775
2024-01-05,323.02,326.6,308.0,317.14,1720089.71,2024-01-05 23:59:59.999,546933961.55196,1094522,830960.59,264232938.4874,0,2024-01-05,71.5421303656598,290.17199999999997,29.8944598986356,0.9021069486266535,-0.018203207231750396,-0.018370924048945695
2024-01-06,317.13,317.14,300.02,307.2,1356866.81,2024-01-06 23:59:59.999,415005225.71703,849346,660374.67,201982836.9908,0,2024-01-06,65.63706563706565,293.5835,27.544640566668004,0.49434299086398,-0.03134262470833071,-0.031844315487904354
2024-01-07,307.2,309.41,299.2,302.06,841739.14,2024-01-07 23:59:59.999,256954048.8626,553410,405180.97,123709843.3196,0,2024-01-07,66.54488517745305,296.5935,24.74157576459842,0.22094389023603578,-0.016731770833333326,-0.01687332813532156
2024-01-08,302.06,307.81,289.17,303.84,1751017.33,2024-01-08 23:59:59.999,523876470.10183,1022991,867904.12,259681876.68313,0,2024-01-08,66.32224168126095,299.168,22.47013142630395,0.2079204572221967,0.005892868966430376,0.00587557392578008
2024-01-09,303.85,306.9,295.85,301.37,1643131.47,2024-01-09 23:59:59.999,495120851.61103,1081476,827622.68,249371090.35123,0,2024-01-09,52.251516565562305,301.23799999999994,20.488632175444085,0.006442596990845768,-0.008129278567667098,-0.008162501326562635
2024-01-10,301.37,310.42,289.02,305.99,1432577.58,2024-01-10 23:59:59.999,428140255.21433,1061103,690312.11,206411210.58933,0,2024-01-10,36.13668278982678,302.94199999999995,19.30404173659021,0.15789439546344688,0.015329993031821365,0.01521367594241139
2024-01-11,305.99,317.0,301.4,308.51,1926277.05,2024-01-11 23:59:59.999,596331944.82779,1228485,929306.07,287773197.14616,0,2024-01-11,39.47125730095294,304.81399999999996,17.807989159204325,0.20754729615778622,0.008235563253701006,0.008201836051125145
2024-01-12,308.5,313.35,288.48,296.81,1609467.98,2024-01-12 23:59:59.999,490664394.8399,1111360,751749.24,229194280.6776,0,2024-01-12,37.85377358490562,306.117,16.051097388279324,-0.5798357442398975,-0.03792421639493049,-0.03866205428293932
2024-01-13,296.82,303.27,290.96,302.35,729110.34,2024-01-13 23:59:59.999,218016535.5021,502443,351484.45,105079700.0295,0,2024-01-13,39.736992567181254,308.03349999999995,12.698301285051016,-0.44757955197446636,0.018665139314713253,0.018493083271211706
2024-01-14,302.36,306.89,298.89,299.67,728241.82,2024-01-14 23:59:59.999,221288486.55653,546468,349828.3,106322627.39013,0,2024-01-14,41.332143919119844,309.68899999999996,8.456618647366481,-1.1847524900652835,-0.008863899454274904,-0.008903417507053915
2024-01-15,299.67,322.23,299.58,317.14,2438420.66,2024-01-15 23:59:59.999,769327364.80349,1380088,1194144.65,376749419.15117,0,2024-01-15,52.18708348479342,310.6705,8.100344680752162,0.7986697177680164,0.058297460539927126,0.056661447549253285
2024-01-16,317.14,318.87,312.63,315.05,1168273.94,2024-01-16 23:59:59.999,369348908.1844,730673,586094.74,185310131.929,0,2024-01-16,51.91032903459083,310.235,7.576792475061348,0.6354931873676548,-0.0065901494608058275,-0.006611960373356823
2024-01-17,315.04,316.16,306.17,309.25,1504606.87,2024-01-17 23:59:59.999,468761186.48953,842341,727250.1,226586982.568,0,2024-01-17,46.26690182245736,309.587,7.033451724261173,-0.04791388541667842,-0.018409776225995933,-0.01858134511546728
2024-01-18,309.25,315.0,305.55,312.73,1409050.09,2024-01-18 23:59:59.999,438124662.28406,813143,693205.66,215537250.34806,0,2024-01-18,43.65676242140305,309.55899999999997,7.019034196543653,0.4517715559159875,0.011253031527890034,0.011190187188681656
2024-01-19,312.73,315.75,304.54,314.39,1312335.16,2024-01-19 23:59:59.999,408138710.69639,823249,637834.48,198356662.66056,0,2024-01-19,48.211731044349065,309.443,6.9130030796004,0.7156079554771383,0.005308093243372669,0.005294054972155102
2024-01-20,314.4,317.14,311.88,317.03,645245.87,2024-01-20 23:59:59.999,202788905.0967,404640,327835.02,103061492.2577,0,2024-01-20,57.06279637879006,309.72799999999995,7.109592926361226,1.0270630225431585,0.008397213651833768,0.008362153190001597
2024-01-21,317.03,321.58,316.04,318.41,694838.94,2024-01-21 23:59:59.999,221350642.61899,413835,351994.85,112147821.31859,0,2024-01-21,62.41835029621756,309.972,7.327350063084709,1.1515759350042256,0.00435290035643332,0.004343453888777593
2024-01-22,318.41,320.0,303.3,305.8,1369031.98,2024-01-22 23:59:59.999,427623512.72229,891529,663843.08,207362199.4172,0,2024-01-22,51.27837203235066,309.668,7.370024351858444,-0.5248286593550577,-0.03960302754310485,-0.04040856701725135
2024-01-23,305.8,311.2,290.1,298.52,1587110.53,2024-01-23 23:59:59.999,473927369.8848,987652,774727.2,231322112.9206,0,2024-01-23,48.25088989812199,308.814,7.631413195996942,-1.3488982624345067,-0.023806409417920338,-0.02409436123177538
2024-01-24,298.53,300.45,289.94,292.91,1301183.12,2024-01-24 23:59:59.999,382747015.2446,757600,646983.63,190348150.5855,0,2024-01-24,42.06888188212467,307.3085,7.651374334728138,-1.8818187909912985,-0.018792710706150184,-0.018971537667132186
2024-01-25,292.92,296.4,287.46,292.08,1421956.81,2024-01-25 23:59:59.999,415141589.9389,813967,697058.6,203523187.8047,0,2024-01-25,39.829144484338244,306.05550000000005,8.00057792317962,-1.7468113096567244,-0.002833634904919724,-0.002837657248673034
2024-01-26,292.09,303.96,290.68,302.07,966165.46,2024-01-26 23:59:59.999,289190389.8354,581723,479142.72,143396437.9718,0,2024-01-26,53.32658740197318,305.799,8.044069996268574,-0.4635713018073894,0.03420295809367291,0.03363104124825174
2024-01-27,302.08,307.73,301.88,305.68,557398.07,2024-01-27 23:59:59.999,169842053.67923,373668,288088.72,87796204.16673,0,2024-01-27,52.15869311551924,305.98,7.996094441375439,-0.03751831624795157,0.011950872314364203,0.011880024543011276
2024-01-28,305.68,308.99,303.11,305.24,666650.45,2024-01-28 23:59:59.999,204142871.5346,465756,327463.52,100294438.7333,0,2024-01-28,53.71878755508077,306.05,7.982490707438548,-0.10147208805958237,-0.0014394137660298512,-0.0014404507172120914
2024-01-29,305.25,311.0,304.42,310.67,658865.79,2024-01-29 23:59:59.999,202949291.0058,422015,320107.41,98594246.5552,0,2024-01-29,44.85282418456646,306.515,7.966378362225447,0.5215669920602805,0.017789280566111954,0.01763290315222111
2024-01-30,310.68,313.13,306.33,307.59,614069.47,2024-01-30 23:59:59.999,190335371.2822,388676,309042.84,95811672.4711,0,2024-01-30,44.15726817042605,306.595,7.968862099290116,0.12486098863331874,-0.009914056716129771,-0.009963528223544061
2024-01-31,307.59,308.06,298.46,300.53,883196.04,2024-01-31 23:59:59.999,268367357.6507,535635,428864.54,130342236.4126,0,2024-01-31,43.30261136712749,306.196,8.067105004740004,-0.7023585284523843,-0.022952631750056907,-0.023220144747241645
2024-02-01,300.53,302.12,296.39,300.14,729061.38,2024-02-01 23:59:59.999,218148518.6478,466881,345365.17,103367327.3653,0,2024-02-01,39.848411546524744,306.3625,7.895732274938263,-0.7880839652771381,-0.0012977073836222264,-0.001298550135024359
2024-02-02,300.14,305.28,299.7,301.27,588363.33,2024-02-02 23:59:59.999,177803252.9335,373190,296135.99,89505295.2387,0,2024-02-02,39.329863370201714,306.3085,7.928244827970341,-0.6355126650761961,0.0037649097088026107,0.003757840174793782
2024-02-03,301.28,303.74,299.52,299.66,359716.63,2024-02-03 23:59:59.999,108449400.5851,254879,172412.68,51979329.6086,0,2024-02-03,35.632754342431824,306.308,7.928685827233621,-0.8384743884245324,-0.005344043548975885,-0.005358374027639029
2024-02-04,299.67,307.8,297.91,304.72,853662.19,2024-02-04 23:59:59.999,259255710.03023,502712,424500.51,128863880.71303,0,2024-02-04,39.32636831436147,305.687,7.511022847131491,-0.12874411643805453,0.016885803911099284,0.01674482355535053
2024-02-05,304.72,306.94,299.34,301.13,943266.7,2024-02-05 23:59:59.999,285896536.3493,525838,457032.45,138526943.2289,0,2024-02-05,45.76301941571401,304.991,7.237715472630895,-0.5334556207134963,-0.011781307429771681,-0.011851256972998736
2024-02-06,301.13,303.65,300.74,302.77,517638.95,2024-02-06 23:59:59.999,156554307.729,345825,253076.56,76548651.2907,0,2024-02-06,54.29553264604811,304.66700000000003,7.181849270694155,-0.26413809709719727,0.00544615282436145,0.005431376160436289
2024-02-07,302.77,308.79,300.7,307.41,682532.21,2024-02-07 23:59:59.999,207931561.27173,431936,355203.32,108223059.27463,0,2024-02-07,64.94845360824738,304.401,6.9626718253102595,0.43216168670507926,0.01532516431614761,0.01520892012194991
2024-02-08,307.41,320.33,307.4,318.54,1440848.95,2024-02-08 23:59:59.999,453618577.53695,792329,698434.08,219874422.09615,0,2024-02-08,72.5,304.6085,7.328269900627548,1.9010626230902086,0.03620571874695022,0.03556569434389878
2024-02-09,318.54,325.82,317.08,323.78,1151659.48,2024-02-09 23:59:59.999,371039095.0622,658678,580738.44,187097037.3815,0,2024-02-09,70.08325624421829,304.946,8.050308526263054,2.3395376635015346,0.0164500533684937,0.0163162169897246
2024-02-10,323.78,324.8,318.49,322.59,524957.56,2024-02-10 23:59:59.999,168983307.125,327308,252168.69,81179116.6298,0,2024-02-10,66.37613790431917,305.15500000000003,8.461988381463554,2.0603904441883025,-0.0036753351040830218,-0.003682105742815152
2024-02-11,322.58,324.24,319.61,320.43,420924.57,2024-02-11 23:59:59.999,135529036.8617,299717,211033.0,67949206.5388,0,2024-02-11,64.23617619493909,305.88649999999996,9.126904862439755,1.5934755778874594,-0.006695805821631096,-0.006718323300830763
2024-02-12,320.43,330.54,315.22,327.66,1073787.11,2024-02-12 23:59:59.999,346334415.83242,648867,531906.66,171582901.90132,0,2024-02-12,65.40344514959205,307.3435,10.15685004784194,2.000275666599679,0.022563430390412975,0.02231264162240364
2024-02-13,327.66,328.99,317.69,324.3,841424.0,2024-02-13 23:59:59.999,272446531.96609,546332,413429.83,133829390.0305,0,2024-02-13,65.07306512718749,308.913,10.234104028334515,1.50350240308277,-0.01025453213697125,-0.010307472078845045
2024-02-14,324.3,334.42,323.02,333.47,836892.37,2024-02-14 23:59:59.999,276683733.48377,499304,418494.36,138325672.97047,0,2024-02-14,78.62356621480716,310.98249999999996,10.819185140521645,2.0784837035255537,0.028276287388220744,0.027883892973721642
2024-02-15,333.47,366.4,332.9,353.89,2307886.78,2024-02-15 23:59:59.999,809761320.21984,1166713,1182571.83,414718471.7454,0,2024-02-15,84.64612607967001,313.5735,14.23745219481453,2.831721536152639,0.06123489369358559,0.05943322409554686
2024-02-16,353.9,367.11,350.65,360.25,1612624.31,2024-02-16 23:59:59.999,578276908.53326,955856,803703.19,288184796.93761,0,2024-02-16,85.61594202898554,316.302,17.500210404739818,2.5112840922242254,0.01797168611715505,0.017812104497090604
2024-02-17,360.24,363.3,348.0,352.41,1101306.98,2024-02-17 23:59:59.999,391322299.18674,658451,521604.69,185335348.8226,0,2024-02-17,79.62484555767719,318.6605,19.0415878580947,1.7724099613705735,-0.021762664816099897,-0.022002964375727133
2024-02-18,352.42,357.8,348.71,349.87,809089.19,2024-02-18 23:59:59.999,285303656.8862,520091,406212.92,143237472.5076,0,2024-02-18,76.0952491041498,320.6205,20.16042514040208,1.4508374598402274,-0.007207513975199364,-0.007233613588550788
2024-02-19,349.87,356.5,349.25,351.83,1085141.9,2024-02-19 23:59:59.999,382895403.6492,701800,550145.17,194125880.4306,0,2024-02-19,79.86569274269559,322.8325,21.062303786365145,1.3767487305340156,0.005602080772858509,0.0055864474771800095
2024-02-20,351.83,361.69,344.93,354.86,1593378.17,2024-02-20 23:59:59.999,565044575.53387,974099,774221.49,274629025.53628,0,2024-02-20,80.19010084618063,325.54900000000004,21.53279503698787,1.3612259787756829,0.008612113804962629,0.008575241102899827
2024-02-21,354.87,378.87,351.2,378.69,2592601.68,2024-02-21 23:59:59.999,947453567.92943,1471248,1269684.01,464288758.04903,0,2024-02-21,83.79480371704913,329.4765,23.70810149671681,2.075809402402604,0.06715324353266072,0.06499458293744659
2024-02-22,378.68,387.21,373.17,382.33,2027407.16,2024-02-22 23:59:59.999,770824495.05655,1173198,1004674.83,382006772.25922,0,2024-02-22,82.55588445442484,333.5295,25.49381462133628,1.9142094160815735,0.009612083762444268,0.009566181594560475
2024-02-23,382.33,385.38,368.64,375.29,1312326.52,2024-02-23 23:59:59.999,494255214.61523,910334,652386.26,245670019.4942,0,2024-02-23,75.81437305803352,337.31100000000004,25.812643352469898,1.471333233152425,-0.018413412497057413,-0.018585049591845156
2024-02-24,375.29,382.77,371.25,381.27,573372.47,2024-02-24 23:59:59.999,217249168.96166,454157,281934.38,106812263.73206,0,2024-02-24,78.06044376434586,341.1385,26.394560698625003,1.5204458395130844,0.01593434410722372,0.01580872512649358
2024-02-25,381.27,391.03,377.53,388.28,864379.16,2024-02-25 23:59:59.999,332136224.06779,620450,440524.39,169271856.17009,0,2024-02-25,81.00722054656796,345.496,26.634631867862772,1.6063296918183794,0.01838592073858414,0.018218943281936743
2024-02-26,388.28,405.0,381.6,401.46,1737603.36,2024-02-26 23:59:59.999,682534748.46657,1163667,879268.92,345645599.28767,0,2024-02-26,81.9868238557559,350.4305,27.432348456554895,1.8601943643584262,0.03394457607911816,0.033381173178755025
2024-02-27,401.46,403.69,389.01,394.27,1235404.5,2024-02-27 23:59:59.999,490950907.12992,872860,600690.87,238748105.9326,0,2024-02-27,79.35229465559193,354.77349999999996,27.13712397494136,1.4554416317835086,-0.017909629851043718,-0.018071948233596497
2024-02-28,394.27,426.92,393.69,414.58,2430780.38,2024-02-28 23:59:59.999,994820932.98066,1589680,1199944.19,491133859.87214,0,2024-02-28,81.11716412184457,359.5755,28.832376990017845,1.9077337959004663,0.051512922616480994,0.050230005782181016
2024-02-29,414.59,419.98,390.93,399.62,1854342.41,2024-02-29 23:59:59.999,759668706.686,1319008,879271.21,360364488.16615,0,2024-02-29,68.31104348522466,363.3675,28.863993390961518,1.2559765902438198,-0.036084712238892314,-0.03675186399937862
2024-03-01,399.62,408.9,399.28,407.65,835071.3,2024-03-01 23:59:59.999,338858728.48718,704294,405277.57,164452328.14888,0,2024-03-01,68.72925557136085,367.6205,28.805927108474513,1.3896272058615176,0.020094089384915526,0.019894867536933123
2024-03-02,407.66,415.6,406.29,411.17,784123.67,2024-03-02 23:59:59.999,321344292.60389,638067,382547.0,156788775.57531,0,2024-03-02,74.03861888397972,372.15749999999997,28.119833396785474,1.387365972248604,0.008634858334355622,0.008597791172086283
2024-03-03,411.17,417.19,401.0,414.73,1083638.95,2024-03-03 23:59:59.999,445952486.14661,787817,520488.83,214216177.01311,0,2024-03-03,76.31450827653362,376.51099999999997,27.60349575496851,1.384571010109138,0.00865821922805643,0.008620951806464784
2024-03-04,414.73,424.44,410.77,418.87,1288721.56,2024-03-04 23:59:59.999,538037350.91779,1006757,634570.67,264965915.29798,0,2024-03-04,76.72619996810718,381.2395,26.25605563734625,1.4332122280573965,0.009982398186772157,0.009932903163457431
2024-03-05,418.87,428.06,352.01,394.19,3018377.59,2024-03-05 23:59:59.999,1218424643.26694,2310553,1422186.92,574692861.37987,0,2024-03-05,63.371183790031964,384.2755,23.841221594228674,0.4158553688540864,-0.058920428772650246,-0.060727582687664323
2024-03-06,394.19,434.92,385.82,429.64,2385420.25,2024-03-06 23:59:59.999,992869530.40019,1824480,1145310.49,476302472.04558,0,2024-03-06,66.05331148780641,388.063,24.759293013456183,1.6792482716450639,0.08993125142697678,0.0861146221665823
2024-03-07,429.64,477.12,423.33,474.55,2250851.2,2024-03-07 23:59:59.999,1009664394.52622,1704603,1120858.24,502894882.39379,0,2024-03-07,73.05961192238449,393.77799999999996,30.52233256589411,2.646324615775116,0.10452937342891722,0.09941933784665494
2024-03-08,474.55,489.87,462.0,485.29,2102162.4,2024-03-08 23:59:59.999,1001092367.13444,1850505,1034182.74,492458520.0189,0,2024-03-08,77.00579397034272,400.42199999999997,35.15448831118091,2.414144084498244,0.02263196712675164,0.022379663811527988
2024-03-09,485.3,494.34,479.27,488.05,1126548.51,2024-03-09 23:59:59.999,548065929.56929,875389,563936.7,274378607.51598,0,2024-03-09,76.63639992017562,407.331,38.14749697245,2.115971070350828,0.005687320983329469,0.00567120923294481
2024-03-10,488.06,538.56,484.33,529.09,2503182.23,2024-03-10 23:59:59.999,1298571926.6626,2231994,1257177.58,651882997.82974,0,2024-03-10,80.027295602849,416.1940000000001,44.61722388683963,2.5303232735037993,0.0840897449031861,0.08074069009160427
2024-03-11,529.09,534.48,504.57,523.06,1971317.4,2024-03-11 23:59:59.999,1026885643.91949,1961161,1003763.24,522982472.21216,0,2024-03-11,76.74643674115782,424.604,48.15936105101564,2.0443792826841007,-0.01139692679884341,-0.011462369474461357
2024-03-12,523.06,548.87,518.74,537.69,3016700.42,2024-03-12 23:59:59.999,1613950320.30208,3065479,1481062.71,792559584.09651,0,2024-03-12,80.54608962344521,432.554,53.05580730156741,1.9816115397587037,0.02797002255955361,0.02758600567349868
2024-03-13,537.7,634.68,532.1,631.02,3648058.4,2024-03-13 23:59:59.999,2132190513.01862,3860552,1848633.07,1080769616.14776,0,2024-03-13,85.16147897849112,444.98850000000004,67.76795635223135,2.745124835004333,0.17357585225687644,0.16005537184837623
2024-03-14,631.01,632.0,565.55,603.75,3337861.74,2024-03-14 23:59:59.999,2008262143.3721,3840431,1625632.85,978473025.72102,0,2024-03-14,81.88634446561903,456.4115,74.33744422174551,1.982022674340207,-0.04321574593515254,-0.04417735279320954
2024-03-15,603.76,636.12,542.0,633.01,4160358.79,2024-03-15 23:59:59.999,2443345061.69663,6841093,2023639.92,1189726795.55261,0,2024-03-15,83.01300832063751,468.99850000000004,81.87512650211268,2.00319079807184,0.04846376811594211,0.047326014840919715
2024-03-16,633.02,646.09,567.06,576.84,2795252.45,2024-03-16 23:59:59.999,1687160434.77395,3069228,1360782.03,821358656.8397,0,2024-03-16,71.025712617712,478.42650000000003,82.94061275997507,1.1865538091067942,-0.08873477512203587,-0.09292128811383231
2024-03-17,576.84,590.75,548.56,571.5,2104298.28,2024-03-17 23:59:59.999,1208296871.64063,2226841,1025398.26,589049824.7624,0,2024-03-17,69.80669614655716,486.9285000000001,83.34990097395789,1.0146562744738437,-0.009257333055960104,-0.009300448459004337
2024-03-18,571.5,587.63,540.23,555.66,2510937.07,2024-03-18 23:59:59.999,1408855914.40425,2722976,1226841.03,688468978.18842,0,2024-03-18,66.78610872499692,494.99800000000005,81.70324953919119,0.7424674090949313,-0.027716535433070955,-0.028107886824632815
2024-03-19,555.66,560.97,498.0,507.96,3172340.45,2024-03-19 23:59:59.999,1657320283.14778,3049575,1535001.39,802038033.11873,0,2024-03-19,63.21462587404464,499.66700000000003,79.50437466282291,0.10430872559114467,-0.08584386135406541,-0.08975389208939996
2024-03-20,507.97,559.47,500.29,556.99,2303872.52,2024-03-20 23:59:59.999,1211697793.49523,2269686,1129814.16,594278236.63401,0,2024-03-20,64.33960139623916,507.53549999999996,76.82386707507405,0.6437387479033303,0.09652334829514131,0.0921445821239241
2024-03-21,557.0,571.59,541.11,554.13,1616245.11,2024-03-21 23:59:59.999,899501131.90979,1713905,788012.46,438596623.1048,0,2024-03-21,59.89800995024875,514.8595,73.71971788470331,0.5327000852257536,-0.005134742095908362,-0.005147970185418619
2024-03-22,554.14,587.86,534.5,554.31,2244398.96,2024-03-22 23:59:59.999,1262903785.51226,2223368,1095294.72,616045111.58226,0,2024-03-22,58.81616595135907,522.0165,69.97658099039656,0.46149010916140487,0.00032483352281942324,0.00032478077583300005
2024-03-23,554.32,568.02,543.7,552.15,1062709.89,2024-03-23 23:59:59.999,591955443.37641,1116071,520339.94,289879734.71682,0,2024-03-23,58.20028656227612,528.8875,65.4905126817318,0.3552041211381274,-0.003896736483195218,-0.0039043485420313445
2024-03-24,552.15,573.78,549.27,568.36,800451.1,2024-03-24 23:59:59.999,448013347.87849,2558006,401714.63,224814147.14241,0,2024-03-24,55.364607524384574,536.362,60.62308172548672,0.5278187629077207,0.029357964321289565,0.02893527227673478
2024-03-25,568.36,598.59,565.47,587.48,1309709.17,2024-03-25 23:59:59.999,766520056.69503,1410311,646332.78,378381394.27435,0,2024-03-25,58.49643893431813,546.0265,51.48332579072583,0.8051830250536645,0.03364065029206831,0.033087182115787026
2024-03-26,587.47,597.99,572.0,580.56,932471.04,2024-03-26 23:59:59.999,545422534.41168,1092795,454667.3,265972833.78814,0,2024-03-26,55.771560892861935,553.5725,44.05022658105696,0.6126529213269805,-0.01177912439572426,-0.01184904791578032
2024-03-27,580.57,586.28,562.7,574.8,926447.35,2024-03-27 23:59:59.999,532902130.62804,1087019,449238.14,258453527.19648,0,2024-03-27,40.09583538862659,558.585,40.112719402891436,0.40423586935447453,-0.009921455146754798,-0.009971000765011586
2024-03-28,574.81,592.28,574.6,583.83,918682.34,2024-03-28 23:59:59.999,537741492.57541,1023621,457174.12,267553923.19733,0,2024-03-28,46.24971759921682,563.512,36.52772654184995,0.5562350007390054,0.015709812108559706,0.01558769035631376
2024-03-29,583.83,621.06,582.72,612.35,1835058.01,2024-03-29 23:59:59.999,1118353390.73304,1606368,884242.76,538637911.63906,0,2024-03-29,46.09953179278056,569.7270000000001,33.45801266631574,1.2739250362861856,0.04884983642498675,0.04769416990611296
2024-03-30,612.34,612.83,596.23,600.25,784066.42,2024-03-30 23:59:59.999,473840167.53576,822284,386721.81,233743501.48718,0,2024-03-30,55.30189790279476,573.2850000000001,32.683839641092014,0.8250254650649418,-0.01975994121009228,-0.019957779365933764
2024-03-31,600.26,608.12,600.01,606.03,478045.71,2024-03-31 23:59:59.999,289028897.7167,520285,238880.87,144422092.0044,0,2024-03-31,57.80480086795352,577.4335,31.205530426687897,0.9163920500304463,0.009629321116201517,0.009583254693117212
2024-04-01,606.04,607.02,568.06,576.42,1300070.69,2024-04-01 23:59:59.999,759167051.97527,1362589,626406.99,365805051.21938,0,2024-04-01,54.417397225295765,579.37,29.77847880601733,-0.0990648319955128,-0.04885896737785256,-0.05009292814477771
2024-04-02,576.41,578.64,546.85,551.83,1368777.65,2024-04-02 23:59:59.999,765374084.39739,1711941,673349.11,376602064.64325,0,2024-04-02,60.353046679567676,575.4105,27.744676582808157,-0.8499107902599033,-0.04265986606987948,-0.043596533819911215
2024-04-03,551.84,568.4,539.33,562.13,968906.75,2024-04-03 23:59:59.999,539377339.44273,1245658,464055.4,258339827.27736,0,2024-04-03,51.484347926533445,573.3295,27.05959086224302,-0.41388282834782336,0.018665168620770833,0.01849311204029001
2024-04-04,562.13,597.19,561.21,584.34,1463045.88,2024-04-04 23:59:59.999,852880356.58294,1654321,698851.23,407396291.30116,0,2024-04-04,57.84716089147489,570.896,23.343249086087766,0.5759266822891634,0.03951043352961059,0.03874986533108201
2024-04-05,584.31,590.0,564.1,577.66,1063642.3,2024-04-05 23:59:59.999,614548772.77977,1374469,526540.3,304228498.63858,0,2024-04-05,55.867129001457364,570.937,23.354955768482395,0.28786181685142265,-0.011431700722182359,-0.0114975449011609
2024-04-06,577.66,590.87,574.52,585.01,436905.76,2024-04-06 23:59:59.999,254438478.39718,1024550,224840.05,130943422.29895,0,2024-04-06,58.04682143206974,571.6125,23.566514574941476,0.5684973039774723,0.012723747533150975,0.012643480802847407
2024-04-07,585.01,590.15,577.44,583.45,425587.31,2024-04-07 23:59:59.999,248991603.55766,555822,209777.7,122727639.6398,0,2024-04-07,53.980900121352825,573.002,23.395075415236796,0.44658971234585104,-0.0026666210834002113,-0.002670182850733079
2024-04-08,583.45,601.02,577.21,586.72,794638.41,2024-04-08 23:59:59.999,469102260.0067,1184569,412789.66,243712262.23391,0,2024-04-08,49.781206817134965,576.9399999999999,17.839675474992525,0.5482162505539739,0.005604593367040778,0.005588946070899469
2024-04-09,586.73,590.87,571.5,580.82,909066.1,2024-04-09 23:59:59.999,527921030.42794,1025532,439462.16,255280610.95912,0,2024-04-09,50.07529248233526,578.1315000000001,17.222208512645913,0.1561065758799672,-0.010055904008726468,-0.010106806143601562
2024-04-10,580.82,611.47,573.56,610.03,1592012.2,2024-04-10 23:59:59.999,943319426.7472,1530751,803330.13,476240421.85973,0,2024-04-10,58.982203865177716,580.9264999999999,17.65262266932857,1.6486785303901264,0.05029096794187504,0.04906723810649857
2024-04-11,610.04,618.55,592.3,604.85,1202258.85,2024-04-11 23:59:59.999,727127382.74191,1237619,591796.18,357949390.08346,0,2024-04-11,55.46655570581504,583.4535,17.254851118039234,1.2400280856454857,-0.008491385669557205,-0.00852764288005584
2024-04-12,604.85,632.0,563.33,595.2,2609470.73,2024-04-12 23:59:59.999,1581527883.64085,2648539,1274193.01,772190093.69281,0,2024-04-12,45.0545014129996,585.606,15.765174611362804,0.6085565327697127,-0.015954368851781364,-0.01608300988697506
2024-04-13,595.19,599.48,489.0,553.33,3347671.68,2024-04-13 23:59:59.999,1870567022.64119,3231795,1631294.74,912095639.14874,0,2024-04-13,38.452451269935025,584.8545,16.94463817539864,-1.8604410240974851,-0.0703461021505376,-0.07294291495093333
2024-04-14,553.34,569.99,535.74,566.0,1768433.67,2024-04-14 23:59:59.999,976391571.15611,2024297,860289.77,475096814.93094,0,2024-04-14,40.47131635324922,583.7805000000001,17.44287502709811,-1.0193560392066934,0.022897728299567932,0.02263950963523406
2024-04-15,566.01,585.0,543.62,552.18,1439954.25,2024-04-15 23:59:59.999,814037781.91483,1727816,709991.63,401439919.5669,0,2024-04-15,43.760938947801904,582.3615000000001,18.818765347677797,-1.6037980942104944,-0.0244169611307421,-0.024719998124362465
2024-04-16,552.19,553.37,522.23,537.52,1373098.8,2024-04-16 23:59:59.999,740399866.10443,1772063,686373.84,370100006.81491,0,2024-04-16,46.11837465415286,580.4975,21.291048990260897,-2.0185712793981656,-0.026549313629613436,-0.026908111466925892
2024-04-17,537.51,547.4,512.24,533.94,1333946.84,2024-04-17 23:59:59.999,710843032.75571,1575652,654727.59,349044169.80014,0,2024-04-17,42.06407296886437,578.0029999999999,23.669780000320575,-1.8615720128958995,-0.006660217294240045,-0.0066824955150684906
2024-04-18,533.95,555.55,526.73,551.95,1251213.65,2024-04-18 23:59:59.999,682874507.08511,1434842,627277.9,342366550.79848,0,2024-04-18,40.66086154201026,574.983,22.89742070053416,-1.0059211603454785,0.03373038169082676,0.0331739893675349
2024-04-19,551.95,563.94,523.42,553.77,1222202.0,2024-04-19 23:59:59.999,671271739.8455,1365962,603891.21,331691782.8908,0,2024-04-19,42.913082171462456,572.659,22.554140919839526,-0.8374958756857145,0.0032974001268228914,0.003291975624257432
2024-04-20,553.77,574.0,548.2,570.37,574665.75,2024-04-20 23:59:59.999,322896613.4522,773161,288317.6,162039107.0236,0,2024-04-20,45.883014623172095,570.876,21.14253667000487,-0.023932795193768737,0.029976343969517982,0.02953583495791291
2024-04-21,570.37,582.41,565.92,579.31,673717.51,2024-04-21 23:59:59.999,387479987.7266,823837,340851.9,196049009.1598,0,2024-04-21,48.8821687007236,571.0205,21.192239263475575,0.39115734288102216,0.015674036151971382,0.015552467120072458
2024-04-22,579.31,608.69,578.06,604.37,1211896.39,2024-04-22 23:59:59.999,723429227.5984,1329133,635319.91,379304360.194,0,2024-04-22,54.26390298110837,573.6475,21.931712649431784,1.4008253933965316,0.04325835908235676,0.042348852997426384
2024-04-23,604.37,619.4,598.5,605.74,1246282.02,2024-04-23 23:59:59.999,755930919.3298,1259755,606601.98,368012149.1992,0,2024-04-23,56.15491009681881,575.828,22.874007910620897,1.3076851296405843,0.002266823303605392,0.002264257935752806
2024-04-24,605.74,617.77,592.29,608.47,1455249.49,2024-04-24 23:59:59.999,880591301.3869,1517932,744396.72,450464585.7128,0,2024-04-24,49.556717435780875,577.0345,23.957327958166598,1.31214549698078,0.004506884141711076,0.004496758551221025
2024-04-25,608.46,617.31,600.36,612.55,1144327.71,2024-04-25 23:59:59.999,696524576.7132,1246085,576226.93,350776421.1803,0,2024-04-25,52.20176140912729,578.779,25.241164770029677,1.337933502977575,0.006705342909264056,0.006682962089175565
2024-04-26,612.57,614.36,596.12,597.47,808951.52,2024-04-26 23:59:59.999,489051186.0931,917917,394466.4,238538910.7343,0,2024-04-26,50.629541294580946,579.4019999999999,25.554870912779855,0.7070276371838132,-0.024618398498081673,-0.024926498400058967
2024-04-27,597.48,598.99,583.01,595.74,776506.81,2024-04-27 23:59:59.999,459224063.5579,923002,384165.72,227208712.3227,0,2024-04-27,65.13021762397432,580.0165,25.803884708567708,0.609346235172852,-0.0028955428724455334,-0.002899743066562801
2024-04-28,595.74,607.0,595.6,599.64,598081.7,2024-04-28 23:59:59.999,359805573.879,716109,305738.88,183945752.8961,0,2024-04-28,62.80255746688995,580.6625000000001,26.140075479100215,0.7259925479240845,0.006546480008057243,0.006525144870556252
2024-04-29,599.65,602.0,578.09,592.62,841333.54,2024-04-29 23:59:59.999,495623897.2548,1026001,413473.33,243534376.5875,0,2024-04-29,66.23053459624344,581.2524999999999,26.276627973010644,0.43260878114482176,-0.011707024214528738,-0.011776090996023033
2024-04-30,592.61,604.28,555.0,577.72,1915319.57,2024-04-30 23:59:59.999,1104525902.9326,1917318,965723.26,556752352.2155,0,2024-04-30,66.10318859157192,579.6370000000001,25.392601098090314,-0.0754944321219696,-0.02514258715534401,-0.025464061915124903
2024-05-01,577.72,579.92,535.91,561.45,1471623.48,2024-05-01 23:59:59.999,816555750.4269,1647838,715673.01,397031328.2763,0,2024-05-01,60.002908879354244,577.467,24.975559864129785,-0.6413069451549616,-0.028162431627778095,-0.02856659921441825
2024-05-02,561.46,565.73,541.01,560.21,899221.56,2024-05-02 23:59:59.999,500051351.0798,985060,452503.69,251714813.1618,0,2024-05-02,53.4205731323505,575.7175,24.893375757003238,-0.6229568922823664,-0.0022085671030367404,-0.0022110095842795253
2024-05-03,560.21,589.83,558.57,586.65,822717.1,2024-05-03 23:59:59.999,469906420.6459,900358,415243.06,237235360.3564,0,2024-05-03,61.30985140341223,577.3835,24.42683086388912,0.37935743902410535,0.04719658699416285,0.04611667643536466
2024-05-04,586.66,593.11,582.0,584.78,501154.02,2024-05-04 23:59:59.999,294361566.2084,590539,245091.82,143941374.2513,0,2024-05-04,55.5155783510679,578.3225,24.326962489135095,0.2654462102650107,-0.003187590556549935,-0.0031926817452902685
2024-05-05,584.79,594.82,577.0,591.56,476732.94,2024-05-05 23:59:59.999,279799352.8049,591665,234772.05,137816441.0583,0,2024-05-05,54.767650035027636,580.2915,23.68486398193008,0.47576798450677166,0.011594103765518504,0.011527407174225596
2024-05-06,591.57,602.25,582.54,587.81,705410.05,2024-05-06 23:59:59.999,417004330.601,831482,346217.45,204711880.4598,0,2024-05-06,42.2732362821948,582.806,21.47110087145069,0.23305744917129678,-0.0063391710054770956,-0.006359348869147765
2024-05-07,587.82,600.3,575.33,575.86,713300.34,2024-05-07 23:59:59.999,419924120.0865,893239,348607.34,205284581.0633,0,2024-05-07,37.311024290810224,584.902,18.25499487524375,-0.49531649073548684,-0.020329698371922778,-0.02053919083187347
2024-05-08,575.87,589.88,573.63,588.22,789760.66,2024-05-08 23:59:59.999,460887901.656,935990,391811.47,228665085.3477,0,2024-05-08,42.0507183795242,586.7155,16.529162577903353,0.09102094512708496,0.0214635501684437,0.021236451984413762
2024-05-09,588.22,609.0,586.19,596.42,1224153.38,2024-05-09 23:59:59.999,730187681.0194,1161079,637804.84,380489736.1963,0,2024-05-09,43.86645372271654,588.8480000000001,14.705658273726122,0.5149038457889648,0.013940362449423649,0.013844089286929179
2024-05-10,596.43,596.54,581.06,585.26,682770.88,2024-05-10 23:59:59.999,402367207.3508,798974,328902.58,193809944.8751,0,2024-05-10,45.214392098455725,589.5925,14.08474907761588,-0.3076022140064523,-0.01871164615539378,-0.01888892392876702
2024-05-11,585.27,594.43,581.2,592.03,522583.4,2024-05-11 23:59:59.999,307468948.6458,579191,257384.72,151437875.5844,0,2024-05-11,48.601161300052766,590.2284999999999,13.881727207506056,0.1297749172758513,0.011567508457779319,0.011501116335589635
2024-05-12,592.03,598.74,587.02,594.25,447566.7,2024-05-12 23:59:59.999,265552420.4952,487117,223879.24,132826272.7595,0,2024-05-12,47.94164820896662,589.7225,13.518825811298992,0.3349033461335053,0.0037498099758459524,0.003742796964590756
2024-05-13,594.26,598.15,584.48,591.29,818586.96,2024-05-13 23:59:59.999,485042527.113,910759,408410.3,242048483.0332,0,2024-05-13,49.47584141246944,589.0,12.99366444810415,0.1762397366151846,-0.0049810685738326255,-0.0049935154455847735
2024-05-14,591.3,592.6,559.73,566.59,1086396.34,2024-05-14 23:59:59.999,624599611.085,1137611,527234.32,303007534.917,0,2024-05-14,45.92814809394892,586.9060000000001,13.065223989476122,-1.5549676007364528,-0.04177307243484574,-0.0426706526892425
2024-05-15,566.58,586.4,560.5,580.81,883654.09,2024-05-15 23:59:59.999,507399064.8349,933474,446124.94,256220383.6992,0,2024-05-15,57.19061060763629,585.319,11.635871441837407,-0.3875085783250974,0.025097513192961163,0.02478774288774241
2024-05-16,580.82,585.97,564.65,568.48,754853.18,2024-05-16 23:59:59.999,434911090.0597,779477,370105.66,213297298.1295,0,2024-05-16,52.837828563585205,583.8695,11.84629787830313,-1.299097841207113,-0.0212289733303489,-0.02145754872050157
2024-05-17,568.48,584.56,567.85,580.52,553210.15,2024-05-17 23:59:59.999,319279461.6885,610940,270536.45,156111672.3538,0,2024-05-17,47.665828954382754,583.1085,11.528200332019354,-0.22453634786433738,0.021179285111173618,0.020958121329445106
2024-05-18,580.53,581.78,574.01,580.27,361660.36,2024-05-18 23:59:59.999,209173068.518,403768,183881.75,106365542.191,0,2024-05-18,48.26123833757421,582.14,10.860588818020672,-0.1721821930038605,-0.00043064838420725504,-0.0004307411398536673
2024-05-19,580.27,581.79,571.0,574.31,350633.16,2024-05-19 23:59:59.999,202489415.8691,440366,161432.97,93227221.6019,0,2024-05-19,43.307208815084955,581.2245,10.701232331908388,-0.6461405364859509,-0.010271080703810331,-0.01032419224147692
2024-05-20,574.32,602.25,568.0,599.71,1033376.2,2024-05-20 23:59:59.999,601304667.0817,1019488,514399.7,299558194.958,0,2024-05-20,53.95296306138723,582.3240000000001,11.42726490278085,1.5214489335736887,0.04422698542598957,0.04327688481877506
2024-05-21,599.72,632.89,593.4,619.02,1934809.54,2024-05-21 23:59:59.999,1190934399.0791,1823214,967272.7,595520062.5627,0,2024-05-21,63.6686090701799,585.2025,13.030778493947938,2.5952018151261123,0.03219889613313098,0.031691377300733015
2024-05-22,619.02,626.91,610.27,615.24,946578.06,2024-05-22 23:59:59.999,585438953.5772,1057605,473595.77,292902200.8446,0,2024-05-22,59.048894842598806,587.954,13.283218300604071,2.0541708630023185,-0.0061064262867112085,-0.006125146756729962
2024-05-23,615.24,617.68,577.73,599.66,1254197.8,2024-05-23 23:59:59.999,753173053.9192,1306207,597709.18,358969610.2487,0,2024-05-23,51.033954557058976,588.6045,13.532224493308352,0.8169758050841421,-0.025323451010987652,-0.025649607650365558
2024-05-24,599.67,605.64,588.58,600.55,589332.89,2024-05-24 23:59:59.999,352222660.3831,702233,282547.05,168886441.9301,0,2024-05-24,55.22163786626595,589.393,13.755256258510672,0.8111081168042108,0.0014841743654736561,0.0014830740672551544
2024-05-25,600.55,607.0,599.59,602.48,273086.25,2024-05-25 23:59:59.999,164566345.1152,384328,135001.23,81361018.6378,0,2024-05-25,53.69075369075371,589.939,14.059171533592693,0.8920155764537653,0.0032137207559737035,0.0032085677925969888
2024-05-26,602.47,605.53,598.2,600.65,297627.05,2024-05-26 23:59:59.999,179172106.4494,384119,149021.64,89721411.5408,0,2024-05-26,52.266610001416616,590.5809999999999,14.248721789411071,0.7066598779044759,-0.003037445226397595,-0.0030420676257122002
2024-05-27,600.65,615.29,599.89,604.13,512483.1,2024-05-27 23:59:59.999,310812445.7399,599758,256058.15,155325533.3969,0,2024-05-27,54.53069865913905,591.9945,14.113083319740493,0.8598758843169022,0.005793723466244849,0.0057770043964719305
2024-05-28,604.13,606.3,593.71,601.91,573286.98,2024-05-28 23:59:59.999,344119974.5415,703882,272224.03,163408539.2764,0,2024-05-28,64.81295084717327,592.679,14.251690167557136,0.6477126496205796,-0.003674705775247089,-0.0036814740926519587
2024-05-29,601.91,603.99,593.33,595.77,403274.71,2024-05-29 23:59:59.999,241446258.5172,518028,194164.0,116243660.2054,0,2024-05-29,56.73025013496491,592.6465000000001,14.243448826536005,0.2192937987168347,-0.01020086059377645,-0.010253245927021176
2024-05-30,595.76,602.89,586.5,595.34,489198.91,2024-05-30 23:59:59.999,291002530.4837,638911,235514.82,140137383.3703,0,2024-05-30,63.5328496573962,593.1505,14.14633129864396,0.15477511121275292,-0.0007217550396964034,-0.0007220156302609803
2024-05-31,595.35,599.37,590.17,594.03,386498.74,2024-05-31 23:59:59.999,229668398.7607,538171,185836.02,110437957.2425,0,2024-05-31,57.631905999322086,593.2505,14.145062547551774,0.05510756826839909,-0.0022004232875332264,-0.0022028477761090693
2024-06-01,594.03,609.0,593.46,602.39,348182.01,2024-06-01 23:59:59.999,209101036.9922,419218,188505.54,113247349.6297,0,2024-06-01,61.446905402608124,593.6575,14.291682481722146,0.6110197320132243,0.01407336329815001,0.013975252944480867
2024-06-02,602.4,606.38,596.31,603.4,429604.02,2024-06-02 23:59:59.999,258300311.0698,529491,201403.85,121095849.9909,0,2024-06-02,65.86669575651793,594.263,14.441843846430464,0.6326754462352328,0.0016766546589419562,0.0016752506426671546
2024-06-03,603.4,639.6,601.69,626.86,1628930.68,2024-06-03 23:59:59.999,1018385640.6803,1531998,829052.05,518247389.7801,0,2024-06-03,65.12871949180872,597.2764999999999,14.650159070465913,2.0193296098497067,0.03887968180311563,0.03814290348960096
2024-06-04,626.86,689.75,625.18,686.16,2134571.69,2024-06-04 23:59:59.999,1396048537.2388,1927676,1133791.19,741907443.1968,0,2024-06-04,75.8788159111933,602.544,24.227122556525735,3.4513384660068707,0.09459847493858264,0.0903876064676042
2024-06-05,686.15,718.97,685.24,699.32,1915876.8,2024-06-05 23:59:59.999,1342205866.3405,1826592,977835.68,685111971.8839,0,2024-06-05,80.2228612508986,609.086,31.20509293791122,2.8916433666625716,0.01917920018654562,0.018997597647282295
2024-06-06,699.33,723.2,691.77,711.29,1511948.0,2024-06-06 23:59:59.999,1068203562.3879,1457295,738640.04,522047871.6948,0,2024-06-06,91.19492213447484,615.6245,37.88903486360238,2.5248861667864704,0.01711662758107857,0.0169717885455554
2024-06-07,711.28,712.15,657.42,684.0,1600513.18,2024-06-07 23:59:59.999,1105775735.5016,1477357,762027.69,526832940.4668,0,2024-06-07,75.77367348199394,620.8109999999999,39.843954160681044,1.5859118737355762,-0.03836691082399579,-0.03912230525245323
2024-06-08,683.99,695.12,677.67,682.61,748875.4,2024-06-08 23:59:59.999,513277152.0209,741967,358680.77,245828288.2768,0,2024-06-08,74.83111248837929,626.226,40.54471338113601,1.390662192379277,-0.0020321637426899963,-0.0020342313891008167
2024-06-09,682.6,684.81,670.15,673.16,545797.24,2024-06-09 23:59:59.999,369901997.492,567822,266451.55,180563768.5708,0,2024-06-09,71.45647156299935,629.8985,41.33531614479392,1.046598986891954,-0.013843922591230795,-0.013940643388577098
2024-06-10,673.17,674.93,613.48,625.0,2014200.69,2024-06-10 23:59:59.999,1292284606.4437,1823291,928301.24,595814218.1919,0,2024-06-10,54.88415633044699,630.1975,41.27406754024102,-0.1259265274723064,-0.07154316952878959,-0.07423139310847106
2024-06-11,624.99,629.42,594.0,602.18,1690943.49,2024-06-11 23:59:59.999,1034990909.1823,1724756,796296.68,487417421.4198,0,2024-06-11,50.057630736392746,629.5445,41.62498597756118,-0.657405626869194,-0.0365120000000001,-0.03719524579790619
2024-06-12,602.18,634.44,590.88,619.28,1358132.54,2024-06-12 23:59:59.999,837619653.3445,1431950,673542.92,415447821.7863,0,2024-06-12,54.79385016924269,630.5255,41.11164458873012,-0.27353563965871375,0.028396824869640458,0.028001108957962713
2024-06-13,619.29,619.78,595.44,599.7,837892.82,2024-06-13 23:59:59.999,507332931.3415,958101,400919.48,242796673.6294,0,2024-06-13,50.82463307610834,630.483,41.144689380418406,-0.7481645982397466,-0.0316173620979201,-0.03212798272199384
2024-06-14,599.71,612.16,590.0,603.11,804730.26,2024-06-14 23:59:59.999,484000763.5439,910283,391632.26,235583611.2754,0,2024-06-14,51.70382046085717,630.5145,41.122357278717416,-0.6664136448759223,0.00568617642154412,0.005670071143189898
2024-06-15,603.1,609.59,601.18,607.99,357943.9,2024-06-15 23:59:59.999,217045720.2261,440641,178193.01,108050902.8891,0,2024-06-15,51.064719750551376,630.8815000000001,40.87380325304964,-0.5600530946014207,0.00809139294656025,0.008058833144832475
2024-06-16,607.99,611.92,601.03,610.65,334480.17,2024-06-16 23:59:59.999,203197847.5723,398556,167351.89,101676870.0842,0,2024-06-16,51.36983713108869,631.2075,40.67472600432493,-0.505412132286131,0.004375071958420351,0.004365529154611006
2024-06-17,610.66,612.53,591.0,603.96,748479.01,2024-06-17 23:59:59.999,450875844.3131,823494,364499.88,219561334.804,0,2024-06-17,45.38045670943274,631.31,40.599524238858315,-0.6736532142370003,-0.010955539179562712,-0.011015993040828545
2024-06-18,603.97,604.8,574.0,588.5,1159675.55,2024-06-18 23:59:59.999,679954872.3557,1231595,563736.94,330538292.8939,0,2024-06-18,26.066071953730017,630.9464999999999,40.96536910676164,-1.0361556828495362,-0.025597721703424114,-0.025931043875937577
2024-06-19,588.51,605.95,586.51,598.92,766860.38,2024-06-19 23:59:59.999,458331811.9983,802707,377459.01,225587480.7229,0,2024-06-19,25.059618441971324,631.1254999999999,40.80911978506973,-0.789174090733084,0.017706032285471407,0.017551106569186646
2024-06-20,598.92,607.68,584.01,587.32,699632.26,2024-06-20 23:59:59.999,418149203.309,745844,332857.05,199009954.6634,0,2024-06-20,19.147877158926875,630.7900000000001,41.15624618451724,-1.0562187767346287,-0.01936819608628848,-0.019558217174781192
2024-06-21,587.31,589.25,577.5,586.11,596098.92,2024-06-21 23:59:59.999,348133441.4861,732621,287157.74,167706202.3774,0,2024-06-21,22.004232683177918,629.9759999999999,41.90175594864175,-1.0468773684273676,-0.002060205680038174,-0.0020623308230830516
2024-06-22,586.12,591.34,580.7,590.98,272469.9,2024-06-22 23:59:59.999,159698905.0768,353083,141908.14,83179200.0073,0,2024-06-22,24.305983960518176,629.3549999999999,42.40536044814885,-0.9049563450102709,0.008309020491034103,0.008274690614280081
2024-06-23,590.98,593.0,575.52,577.4,411188.37,2024-06-23 23:59:59.999,241168991.5934,447812,197158.72,115691816.6013,0,2024-06-23,23.75575531681646,626.8820000000001,43.97179701390603,-1.125312208285494,-0.022978781007817584,-0.023246908657099226
2024-06-24,577.41,581.91,550.55,567.95,1102456.62,2024-06-24 23:59:59.999,623736699.04,1191143,533009.11,301568757.5594,0,2024-06-24,30.153760523203218,620.9715,43.52692987045978,-1.2181309400363614,-0.016366470384482024,-0.016501880551403975
2024-06-25,567.95,579.93,566.5,577.94,529481.38,2024-06-25 23:59:59.999,303855632.1737,624440,263940.57,151474418.7768,0,2024-06-25,40.74102368220018,614.9024999999999,40.375765383007824,-0.9154625218709925,0.017589576547231367,0.01743667037833384
2024-06-26,577.94,584.5,567.17,573.09,471280.61,2024-06-26 23:59:59.999,271087235.9427,568447,240355.39,138289267.3746,0,2024-06-26,30.535187526337964,607.9925000000001,34.39447566949465,-1.0147705211554063,-0.008391874589057768,-0.008427284612094332
2024-06-27,573.09,584.65,566.18,581.75,454476.6,2024-06-27 23:59:59.999,261687280.9086,558486,221662.11,127663237.9788,0,2024-06-27,41.66898728302233,602.88,29.793495227905588,-0.7092152108494114,0.015111064579734323,0.014998029738730916
2024-06-28,581.75,585.33,566.01,567.7,476506.29,2024-06-28 23:59:59.999,274348994.1161,571245,224932.81,129512734.4348,0,2024-06-28,35.042662836867436,597.1345,24.155133370742814,-1.2185608561222692,-0.02415126772668663,-0.02444769200572048
2024-06-29,567.7,574.16,567.07,570.4,237895.61,2024-06-29 23:59:59.999,135857764.7507,324094,112180.3,64062511.2523,0,2024-06-29,33.823909114381564,591.9965,17.002809140982354,-1.270172465086686,0.004756033116082303,0.004744758923405505
2024-06-30,570.39,585.3,568.5,582.63,357709.19,2024-06-30 23:59:59.999,206355869.7354,486588,179638.82,103654953.9314,0,2024-06-30,38.859732824427475,589.8779999999999,15.22040583179918,-0.4762028082626466,0.02144109396914451,0.021214467405383568
2024-07-01,582.64,588.5,576.6,577.17,372766.36,2024-07-01 23:59:59.999,217012514.9937,478194,179432.56,104454204.6235,0,2024-07-01,39.243555769694005,588.6274999999999,15.183844210227274,-0.7545849286495336,-0.00937129910921175,-0.009415486008478836
2024-07-02,577.18,582.26,574.2,580.3,349957.83,2024-07-02 23:59:59.999,202442070.0471,453062,183224.71,105993409.3678,0,2024-07-02,46.345811051693374,586.6785000000001,13.444296100280802,-0.47443911919396964,0.005423012284075712,0.005408360699571622
2024-07-03,580.31,581.29,550.05,556.91,703526.99,2024-07-03 23:59:59.999,395612764.4895,795420,336941.79,189457643.6569,0,2024-07-03,33.2188224015339,584.539,14.616659169030328,-1.8902404222806362,-0.04030673789419259,-0.04114156421699572
2024-07-04,556.92,558.68,511.23,513.22,1266395.75,2024-07-04 23:59:59.999,670543555.8711,1340557,604221.19,319828208.4011,0,2024-07-04,26.440289965661947,580.0445,21.02228754016747,-3.1787454087628566,-0.07845073710294292,-0.0816990438361007
2024-07-05,513.21,515.83,452.63,497.54,2142933.47,2024-07-05 23:59:59.999,1033854210.8142,1850151,1033804.4,498869919.4816,0,2024-07-05,24.212426483433276,574.522,26.962816813655227,-2.8551171241504987,-0.03055219983632751,-0.031028647766836656
2024-07-06,497.53,530.8,495.75,526.15,678190.05,2024-07-06 23:59:59.999,347879922.734,829296,338234.78,173494645.4366,0,2024-07-06,33.41689261779298,570.297,27.616244094647257,-1.5985881298230877,0.057502914338545486,0.0559103878101917
2024-07-07,526.15,526.8,488.3,490.64,885679.11,2024-07-07 23:59:59.999,448478256.5842,1007577,429123.61,217150655.59,0,2024-07-07,30.04599816007358,564.6310000000001,31.673042480955118,-2.33608754335775,-0.06749025943172093,-0.06987568186909283
2024-07-08,490.64,524.23,470.03,510.28,1532917.83,2024-07-08 23:59:59.999,767457339.0892,1603736,762428.06,381609855.9487,0,2024-07-08,37.330286919460406,560.72,33.35521295958586,-1.5122074040155167,0.040029349421164095,0.039248933352360904
2024-07-09,510.28,521.16,506.25,516.67,518102.22,2024-07-09 23:59:59.999,266769085.379,739479,256678.54,132192748.541,0,2024-07-09,36.323050136166756,556.6075000000001,33.467772223916334,-1.193312173060042,0.0125225366465469,0.012444778167184898
2024-07-10,516.67,529.55,511.13,524.68,530949.22,2024-07-10 23:59:59.999,277733243.3483,688672,266574.58,139428807.1478,0,2024-07-10,39.34404578472372,553.4754999999999,33.373218773683604,-0.8628325662943424,0.01550312578628521,0.015384180109670631
2024-07-11,524.69,547.0,520.26,524.87,784323.57,2024-07-11 23:59:59.999,417053419.4381,878170,398182.65,211845285.461,0,2024-07-11,36.994695445399664,550.4135,33.02902236949438,-0.7733653062523578,0.0003621254860106671,0.00036205993440165254
2024-07-12,524.86,537.6,516.92,534.09,512739.3,2024-07-12 23:59:59.999,269849868.9164,709842,249910.27,131519299.6139,0,2024-07-12,42.1416880991349,547.5690000000001,31.77751785544259,-0.42416780509153174,0.017566254501114598,0.017413751203534555
2024-07-13,534.09,539.7,527.27,532.46,367342.22,2024-07-13 23:59:59.999,195985801.898,477357,176002.8,93898411.8354,0,2024-07-13,41.084688410564915,545.3219999999999,31.139596826655463,-0.4130432411054851,-0.0030519200883746267,-0.0030565866936438195
2024-07-14,532.45,547.66,531.26,544.76,379151.41,2024-07-14 23:59:59.999,203787463.019,523102,184220.31,99048441.1982,0,2024-07-14,41.104063894761566,544.1625,30.681055336791783,0.019474558271907434,0.023100326785110425,0.02283755330951926
2024-07-15,544.74,586.66,543.76,585.1,766189.04,2024-07-15 23:59:59.999,433485693.332,936678,382706.35,216547420.8981,0,2024-07-15,51.60053283817061,544.5205,31.134354096405037,1.3033673309665867,0.07405095822013363,0.0714374420934338
2024-07-16,585.1,587.57,554.65,576.05,807167.68,2024-07-16 23:59:59.999,461037089.6914,976244,384793.38,219776875.671,0,2024-07-16,49.16223142124976,544.6685,31.283985355724344,1.003117078695914,-0.015467441462997944,-0.015588310310128011
2024-07-17,576.05,584.02,564.12,568.79,490550.94,2024-07-17 23:59:59.999,282421461.0427,656852,234670.94,135118997.8511,0,2024-07-17,52.500842034355,544.0205,30.602268659457167,0.8094007759893761,-0.012603072649943536,-0.012683165021588002
2024-07-18,568.8,579.6,561.46,571.96,435567.36,2024-07-18 23:59:59.999,248771578.1593,556563,219463.99,125371699.5524,0,2024-07-18,64.90862944162436,544.2334999999999,30.790008337468574,0.9005031663554157,0.005573234409887773,0.00555776140217208
2024-07-19,571.96,599.33,565.0,593.59,888430.9,2024-07-19 23:59:59.999,519471623.5504,893073,445533.9,260466229.2354,0,2024-07-19,73.66346390736634,545.3929999999999,32.23022218517269,1.4953976960845414,0.03781732988320852,0.03711978648543659
2024-07-20,593.58,598.22,586.68,593.2,333812.07,2024-07-20 23:59:59.999,197795080.2355,440092,162021.54,96017939.5577,0,2024-07-20,69.1867452641218,545.9215,32.951548206584505,1.4347884264373543,-0.000657019154635341,-0.0006572350863061293
2024-07-21,593.2,603.97,580.79,602.47,545788.96,2024-07-21 23:59:59.999,325432867.0955,677318,268208.25,159972272.5135,0,2024-07-21,87.65573439288839,547.1865,34.655861245748184,1.5952135659817879,0.015627107215104408,0.015506261330223361
2024-07-22,602.47,606.02,585.76,587.31,473933.97,2024-07-22 23:59:59.999,282332105.2345,644599,226564.61,135017629.1601,0,2024-07-22,76.74467050899239,547.537,35.0416894720128,1.135019475352806,-0.0251630786595185,-0.025485082137439708
2024-07-23,587.31,593.59,577.01,582.19,565009.32,2024-07-23 23:59:59.999,329834530.4771,771376,275481.19,160817201.5624,0,2024-07-23,72.95081967213116,548.8009999999999,35.84432964038755,0.9315001936144208,-0.008717712962489799,-0.008755934520651333
2024-07-24,582.19,589.01,570.0,574.78,382932.41,2024-07-24 23:59:59.999,222929148.5193,519160,182013.5,106009256.4657,0,2024-07-24,67.6234698184888,551.879,35.26659563055064,0.6493680376724921,-0.012727803637987756,-0.012809496047593648
2024-07-25,574.78,576.18,553.08,570.94,752645.18,2024-07-25 23:59:59.999,424204838.2782,879953,370293.76,208739884.7946,0,2024-07-25,65.80012346525825,555.549,33.064641139509924,0.4654821425419589,-0.00668081700824652,-0.006703233562577294
2024-07-26,570.93,583.1,570.4,581.04,377831.76,2024-07-26 23:59:59.999,218307427.4184,499247,190913.28,110326469.8685,0,2024-07-26,66.00531806095314,558.2935,32.772729079467254,0.6940679229015166,0.017690125056923467,0.017535475972173992
2024-07-27,581.04,593.02,573.04,581.91,490613.36,2024-07-27 23:59:59.999,286472345.672,585702,242355.44,141526579.8537,0,2024-07-27,66.9453772873689,562.857,28.992935636849307,0.6571600833612758,0.001497315159025181,0.001496195300397287
2024-07-28,581.92,585.34,574.79,584.21,237478.19,2024-07-28 23:59:59.999,137949198.4465,359105,118483.57,68832980.9957,0,2024-07-28,64.51328084761977,566.5535,26.5464275076976,0.6651177449349913,0.003952501245897189,0.003944710634368345
2024-07-29,584.21,597.64,572.62,574.46,536206.75,2024-07-29 23:59:59.999,314183200.3819,662871,251172.25,147250062.2569,0,2024-07-29,44.94872768704901,569.443,23.837948980131365,0.21046273755270054,-0.01668920422450826,-0.01683003812938552
2024-07-30,574.46,588.52,566.83,588.34,403873.86,2024-07-30 23:59:59.999,232006671.186,572649,195600.12,112396193.8391,0,2024-07-30,55.578756241488904,572.626,21.700653737433488,0.724125650320548,0.02416182153674762,0.023874542976553628
2024-07-31,588.32,593.34,575.17,576.79,547231.94,2024-07-31 23:59:59.999,320183626.3961,670132,273274.16,159907661.9963,0,2024-07-31,53.495281370150295,575.222,18.56619468990811,0.08445457058857031,-0.019631505592004772,-0.019826763291295367
2024-08-01,576.79,578.4,553.74,575.37,686430.82,2024-08-01 23:59:59.999,388922684.8739,883763,333634.94,189086789.6328,0,2024-08-01,51.513000266217034,577.286,15.848537505178555,-0.12089443580354853,-0.0024619012118795025,-0.002464936673696224
2024-08-02,575.38,577.97,540.71,543.15,822269.4,2024-08-02 23:59:59.999,461429157.2574,967162,399652.24,224360161.5773,0,2024-08-02,29.54250486696948,577.8205,14.368329747652067,-2.4129805348924136,-0.0559987486313156,-0.057627787235095054
2024-08-03,543.15,545.5,521.36,529.64,731950.23,2024-08-03 23:59:59.999,390674462.9418,905018,352127.89,187967057.6215,0,2024-08-03,26.700879765395868,577.0645000000001,16.446823873524494,-2.8835050684978962,-0.024873423547822848,-0.02518799440820377
2024-08-04,529.7,532.32,486.14,496.92,973439.86,2024-08-04 23:59:59.999,494641297.4194,1185516,469769.8,238700461.5648,0,2024-08-04,16.98467313106036,572.6555000000001,24.180514442100254,-3.1320880364785935,-0.06177781134355409,-0.06376848312607986
2024-08-05,496.92,500.01,397.29,464.2,4117190.59,2024-08-05 23:59:59.999,1826250486.4208,4060161,2010666.96,891734358.3285,0,2024-08-05,15.303534186348003,567.063,34.20895544491198,-3.00690268563284,-0.06584560895113911,-0.06811355350513963
2024-08-06,464.21,496.0,463.44,484.78,1242996.3,2024-08-06 23:59:59.999,600915654.7222,1771246,615381.32,297558644.9108,0,2024-08-06,24.747239072950663,562.8625,38.83123103827319,-2.0108170128070264,0.044334338647134874,0.04337968593838067
2024-08-07,484.77,497.43,468.06,474.99,1021467.37,2024-08-07 23:59:59.999,493733405.3173,1541876,510512.75,246719956.4527,0,2024-08-07,24.445582586427648,558.014,43.41845246824455,-1.9121823851442472,-0.02019472750526008,-0.020401428597264775
2024-08-08,474.99,521.74,467.4,517.05,835448.54,2024-08-08 23:59:59.999,413532459.8364,1205824,435604.6,215643675.6462,0,2024-08-08,38.458902642737804,554.1870000000001,43.49080799433783,-0.8539045769127841,0.08854923261542336,0.08484583044953145
2024-08-09,517.04,518.32,498.53,508.87,518058.62,2024-08-09 23:59:59.999,263260197.7811,888484,254317.09,129254887.5955,0,2024-08-09,34.41589289570288,549.9705,43.597196973517875,-0.9427326262503889,-0.015820520259162474,-0.0159470004517893
2024-08-10,508.88,525.71,507.21,523.29,330596.47,2024-08-10 23:59:59.999,170450409.8496,627569,171227.75,88300270.8577,0,2024-08-10,38.04161566707466,546.0115000000001,42.14996663231895,-0.5390632974446568,0.028337296362528575,0.027943222518958293
2024-08-11,523.3,536.7,502.3,503.68,672804.37,2024-08-11 23:59:59.999,350484160.8328,1050467,319483.71,166431529.8477,0,2024-08-11,34.65569147517242,541.8299999999999,41.98525116978343,-0.9086524181009611,-0.03747444055877225,-0.03819465790916929
2024-08-12,503.67,524.18,499.41,518.48,923988.72,2024-08-12 23:59:59.999,472971554.1135,1420351,459395.5,235229287.2336,0,2024-08-12,39.53488372093023,538.6445000000001,41.170895248058855,-0.48977560187863084,0.02938373570520958,0.02896030833047676
2024-08-13,518.49,527.77,513.0,524.24,727182.02,2024-08-13 23:59:59.999,378238050.9246,1072312,355484.77,184922870.0646,0,2024-08-13,37.64170586874372,536.1175000000001,40.379652493881494,-0.2941456715557368,0.011109396698040452,0.011048140611780903
2024-08-14,524.24,531.72,515.09,523.18,564224.07,2024-08-14 23:59:59.999,296143950.7364,913106,273170.52,143356672.1347,0,2024-08-14,39.22845087402049,533.7295,39.616936765536515,-0.2662876249729959,-0.0020219746680910644,-0.0020240216185904002
2024-08-15,523.19,533.97,509.88,518.87,681716.27,2024-08-15 23:59:59.999,355664792.8713,936138,338608.97,176648474.6035,0,2024-08-15,38.778104393421785,530.621,38.12016856703613,-0.3082620156659403,-0.00823808249550817,-0.008272203018110224
2024-08-16,518.86,524.32,509.63,519.47,530352.51,2024-08-16 23:59:59.999,274675156.6489,801540,264552.77,137013064.7809,0,2024-08-16,44.62111575504271,527.499,36.20747478804081,-0.22174979191456742,0.0011563590109275879,0.0011556909428146345
2024-08-17,519.47,547.9,518.2,541.81,479487.5,2024-08-17 23:59:59.999,255976020.3846,703293,246081.21,131435587.6317,0,2024-08-17,52.65778554269491,525.379,33.87859328777075,0.4849965245142298,0.04300537085875966,0.04210632543851197
2024-08-18,541.81,542.58,530.86,531.28,344039.78,2024-08-18 23:59:59.999,184967870.1719,595398,167346.37,89983154.3462,0,2024-08-18,58.30915070613272,523.22,31.904523850161894,0.2526287506390429,-0.019434857237777048,-0.01962619724340941
2024-08-19,531.27,561.18,529.0,558.77,710343.66,2024-08-19 23:59:59.999,386393973.9293,951909,361728.58,196822345.6789,0,2024-08-19,73.46300798888507,521.7415,29.30739358394897,1.2634525105050531,0.05174296039753057,0.05044875023816912
2024-08-20,558.76,574.88,558.27,569.37,886997.11,2024-08-20 23:59:59.999,503114257.4217,1113664,444706.58,252286886.8906,0,2024-08-20,72.08039676324724,521.3705,28.612590985351517,1.677565657181267,0.01897023820176469,0.018792546946310797
2024-08-21,569.38,574.76,545.85,569.79,794680.46,2024-08-21 23:59:59.999,445457368.9253,1082011,397119.85,222608498.6004,0,2024-08-21,76.01822373476784,521.0915,28.080590838555842,1.7342405749217662,0.0007376574108224343,0.0007373854753165071
2024-08-22,569.79,589.5,559.03,582.8,869224.83,2024-08-22 23:59:59.999,502804485.3626,1113450,441668.03,255500283.7674,0,2024-08-22,71.46868673675965,523.074,30.970807545175266,1.9284611779296117,0.022832973551659475,0.022576202428795315
2024-08-23,582.8,597.87,573.82,591.29,793292.06,2024-08-23 23:59:59.999,462982119.8413,1013261,401950.8,234675877.3529,0,2024-08-23,76.85740354535977,526.1564999999999,34.52299131319327,1.8866702311253274,0.014567604667124145,0.014462516473668747
2024-08-24,591.28,591.98,575.03,580.43,670430.23,2024-08-24 23:59:59.999,390015094.8888,878096,316549.9,184156957.4804,0,2024-08-24,69.06191619962638,530.332,35.826368942152776,1.3983554984567634,-0.01836662213127238,-0.018537382629793826
2024-08-25,580.43,583.8,568.0,573.48,501059.19,2024-08-25 23:59:59.999,288307203.0388,756263,235097.57,135284750.6759,0,2024-08-25,75.43361026089494,535.796,33.465023437680806,1.1260712268788882,-0.011973881432730815,-0.012046145786857598
2024-08-26,573.49,575.21,546.41,548.03,620064.68,2024-08-26 23:59:59.999,347604093.996,937380,296501.51,166216916.8905,0,2024-08-26,59.991884763643725,538.9585,31.309371772518794,0.28973752861954105,-0.044378182325451654,-0.045393032402931056
2024-08-27,548.03,558.21,520.52,533.17,826002.36,2024-08-27 23:59:59.999,450138391.5572,1036474,394285.45,214905243.2646,0,2024-08-27,52.84449257819965,541.8675000000001,27.52754656225601,-0.315956236068112,-0.027115303906720456,-0.027489707319480985
2024-08-28,533.17,546.76,522.01,537.05,980619.06,2024-08-28 23:59:59.999,525882526.0958,1099291,480938.61,257924989.2871,0,2024-08-28,54.340071343638535,542.8675,26.935449714384248,-0.21597931579710344,0.007277228651274337,0.007250877388400729
2024-08-29,537.05,545.35,530.42,536.31,529104.17,2024-08-29 23:59:59.999,285765332.7513,755394,260107.49,140492951.9266,0,2024-08-29,55.581871719370106,544.2394999999999,25.786954775220817,-0.30750044234069746,-0.001377897774881287,-0.0013788479489490837
2024-08-30,536.3,543.24,521.57,535.01,586255.2,2024-08-30 23:59:59.999,312270580.9246,836228,280599.46,149488092.0645,0,2024-08-30,54.9515676777976,544.8254999999999,25.41633115166042,-0.3861887044762829,-0.0024239712106802758,-0.002426913785000776
2024-08-31,535.01,541.22,531.0,532.83,232622.95,2024-08-31 23:59:59.999,124640596.2346,410176,116173.81,62252224.4074,0,2024-08-31,46.716876279613956,546.283,23.711269383772244,-0.5673673468197815,-0.004074690192706565,-0.004083014362760788
2024-09-01,532.84,533.14,507.0,512.05,624154.08,2024-09-01 23:59:59.999,323611826.144,938932,300033.21,155554524.8588,0,2024-09-01,43.459628596694095,545.9615,24.14766617796523,-1.4043386118590757,-0.03899930559465514,-0.0397801474258987
2024-09-02,512.06,530.6,501.7,526.41,676551.5,2024-09-02 23:59:59.999,348376823.0598,962391,348442.66,179471740.111,0,2024-09-02,37.914550343591266,546.0699999999999,24.049606627712425,-0.81747698847372,0.02804413631481295,0.027658100269707123
2024-09-03,526.42,538.54,518.0,518.85,612693.39,2024-09-03 23:59:59.999,324515503.2834,863298,305924.88,162037832.3784,0,2024-09-03,30.693977376948936,545.8534999999999,24.284852171679784,-1.111948296374253,-0.014361429304154405,-0.01446555273986623
2024-09-04,518.85,523.83,495.52,507.71,1119216.92,2024-09-04 23:59:59.999,567285286.318,1333542,544101.51,275813160.9108,0,2024-09-04,28.072901949703322,545.2955,25.0535394022339,-1.5002071921482143,-0.02147055989206903,-0.021704405620653126
2024-09-05,507.72,512.71,496.57,502.48,629263.51,2024-09-05 23:59:59.999,317195103.683,829384,308801.22,155680762.7187,0,2024-09-05,19.98056510689193,544.4459999999999,26.23546663343386,-1.5995903784123822,-0.01030115617183025,-0.010354580284508872
2024-09-06,502.49,510.19,471.0,487.04,1309923.89,2024-09-06 23:59:59.999,647034337.9533,1316075,630479.49,311528703.1274,0,2024-09-06,12.960989128117689,541.7075,29.214458546381202,-1.8712480983759883,-0.030727591147906352,-0.03120958291285896
2024-09-07,487.05,499.34,482.88,493.37,428792.71,2024-09-07 23:59:59.999,211073419.9552,567612,213098.3,104898200.287,0,2024-09-07,18.039647577092524,539.8119999999999,31.095887289416847,-1.4935094010263514,0.012996879106438763,0.012913144419193182
2024-09-08,493.36,507.0,490.67,503.03,517650.56,2024-09-08 23:59:59.999,258450771.0947,577950,261920.02,130809007.3729,0,2024-09-08,24.641854438125378,537.025,31.797295730766074,-1.0691160747707076,0.01957962583862005,0.019390410815874674
2024-09-09,503.02,527.61,501.73,518.91,665279.55,2024-09-09 23:59:59.999,340244646.6656,759645,347379.87,177702860.2034,0,2024-09-09,38.742848306788304,534.502,31.089798563791906,-0.501514989491083,0.03156869371608062,0.031080647255607406
2024-09-10,518.91,524.46,513.59,517.22,486518.17,2024-09-10 23:59:59.999,252289018.717,614290,232681.09,120670246.7413,0,2024-09-10,43.135060686924355,531.8735,30.157638689328763,-0.48589679553343573,-0.0032568268100440223,-0.003262141813647596
2024-09-11,517.23,535.92,506.46,530.37,748293.93,2024-09-11 23:59:59.999,388808427.7225,883616,365311.85,189843549.9054,0,2024-09-11,47.3373724489796,529.252,27.674315586084493,0.04039846971182973,0.025424384207880513,0.025106560275747286
2024-09-12,530.32,548.87,530.06,544.58,822376.65,2024-09-12 23:59:59.999,445748371.9367,870397,413376.72,224055133.9223,0,2024-09-12,52.97674753437481,526.9165,23.873162706936817,0.7398893986873185,0.026792616475290965,0.02643997917801938
2024-09-13,544.57,559.61,538.43,556.02,706805.82,2024-09-13 23:59:59.999,388029874.5127,825034,363499.11,199560514.8328,0,2024-09-13,57.0479704797048,525.696,21.499273769871312,1.4104662475853231,0.02100701458004317,0.020789409462594256
2024-09-14,556.03,559.14,547.13,553.21,292297.45,2024-09-14 23:59:59.999,161573160.196,430936,139893.15,77330648.6566,0,2024-09-14,56.80785676109032,524.6825,19.514262766399483,1.4618794643433795,-0.005053775044063014,-0.005066588554457621
2024-09-15,553.22,561.92,551.48,553.12,487091.39,2024-09-15 23:59:59.999,271176046.8542,580731,241568.38,134485460.0613,0,2024-09-15,65.91983874718974,524.937,19.86482320719034,1.4187390295927111,-0.00016268686393960952,-0.00016270009888291252
2024-09-16,553.11,555.09,526.5,533.37,786358.51,2024-09-16 23:59:59.999,425920101.2541,890397,396837.22,215006895.8051,0,2024-09-16,52.58967108200627,524.9469999999999,19.869235701675024,0.42392169112423567,-0.035706537460225674,-0.036359608976724474
2024-09-17,533.37,552.29,528.58,546.02,627341.96,2024-09-17 23:59:59.999,340283555.3297,714392,309139.78,167667101.4744,0,2024-09-17,59.7404459740446,525.3955,20.25431688230236,1.0182767515611009,0.023717119448037893,0.02344023791408164
2024-09-18,546.02,559.63,536.4,559.32,600755.65,2024-09-18 23:59:59.999,327752657.8254,791440,304697.43,166312938.3495,0,2024-09-18,68.22000988491143,526.546,21.52083700192578,1.5228961585958407,0.02435808212153412,0.024066155061978324
2024-09-19,559.32,571.74,552.77,566.85,701589.82,2024-09-19 23:59:59.999,394559303.0089,812658,351109.24,197473899.0865,0,2024-09-19,72.36156464948242,528.138,23.285262924733907,1.6625107530514334,0.013462776228277074,0.01337295829095766
2024-09-20,566.85,577.0,558.78,568.83,600284.62,2024-09-20 23:59:59.999,341619771.3352,756433,297962.51,169602756.7652,0,2024-09-20,81.34437035333798,529.938,24.99567322558661,1.5559492896630038,0.0034929875628473273,0.0034869012506143554
2024-09-21,568.83,590.8,566.31,588.98,621688.02,2024-09-21 23:59:59.999,361133808.419,729960,319177.99,185429198.9995,0,2024-09-21,83.13119412294688,533.7845,27.853900695372708,1.9816075530551998,0.035423588769931236,0.034810607503466096
2024-09-22,588.98,595.08,576.07,588.65,603632.17,2024-09-22 23:59:59.999,352766472.4415,701915,300737.38,175802963.3672,0,2024-09-22,81.72050978067577,536.8965000000001,30.35154106466956,1.7051358245609187,-0.0005602906720093559,-0.0005604476934824434
2024-09-23,588.65,616.69,583.0,604.97,1001981.15,2024-09-23 23:59:59.999,602003443.0691,1092027,510518.0,306838967.4399,0,2024-09-23,81.77991137370756,541.2025,33.5924469698381,1.8982689786562865,0.02772445425974701,0.02734709050031142
2024-09-24,604.97,613.9,598.51,606.07,779965.63,2024-09-24 23:59:59.999,472359279.8477,849883,369695.89,223951977.1314,0,2024-09-24,82.95378681106743,546.1205,35.57268903246342,1.685267592373759,0.0018182719804287206,0.0018166209250068952
2024-09-25,606.06,608.34,583.98,587.49,680076.99,2024-09-25 23:59:59.999,405210752.15,827761,314924.78,187671227.5671,0,2024-09-25,70.36508841985167,550.371,35.1601712318496,1.055711582154527,-0.030656524823865272,-0.031136266352669386
2024-09-26,587.49,609.5,581.15,596.47,846740.13,2024-09-26 23:59:59.999,504587654.8512,931646,407012.34,242449185.0782,0,2024-09-26,69.21709502999775,555.8425,33.248720731233,1.2219267119602475,0.015285366559430802,0.015169722298323196
2024-09-27,596.46,615.0,596.1,607.33,916976.25,2024-09-27 23:59:59.999,556740013.384,1002878,446810.08,271325736.5598,0,2024-09-27,69.08428178234024,561.5405000000001,31.708272617233483,1.4440868650508993,0.01820711854745416,0.01804335376735011
2024-09-28,607.33,619.06,594.81,601.12,696744.41,2024-09-28 23:59:59.999,421626319.157,817383,327438.45,198266851.0418,0,2024-09-28,67.38010592759193,566.4449999999999,29.704556003562963,1.1673293482602776,-0.010225083562478421,-0.010277718836869305
2024-09-29,601.12,603.13,592.67,595.76,408189.42,2024-09-29 23:59:59.999,243999628.3419,570762,189757.25,113448783.2084,0,2024-09-29,64.89867225716279,570.2875,28.162450901685897,0.90448448854553,-0.008916688847484755,-0.008956680423268729
2024-09-30,595.77,595.95,563.4,567.65,908496.44,2024-09-30 23:59:59.999,524729145.3373,1140617,421354.8,243284679.8015,0,2024-09-30,61.316519212993505,572.809,25.270105887774747,-0.2041542691950424,-0.04718342956895394,-0.048332869791847435
2024-10-01,567.65,583.2,536.11,546.98,1191369.02,2024-10-01 23:59:59.999,665813107.8473,1442524,568672.93,317939356.3472,0,2024-10-01,50.30097817908202,573.6395,24.0451994278841,-1.1087244287557956,-0.036413282832731375,-0.03709279292830476
2024-10-02,546.97,558.15,534.4,542.38,764710.26,2024-10-02 23:59:59.999,417749254.1051,1078131,370593.87,202502165.8276,0,2024-10-02,44.382544103992565,573.5295,24.189733027624975,-1.2877157414026386,-0.008409813887162332,-0.008445375892225838
2024-10-03,542.38,550.55,533.4,544.64,752844.67,2024-10-03 23:59:59.999,407894183.3287,1059943,368087.64,199433103.4966,0,2024-10-03,42.36822211531853,572.9604999999999,24.75061497907691,-1.1442341947438817,0.004166820310483432,0.004158163154942541
2024-10-04,544.64,557.97,541.6,555.27,511855.19,2024-10-04 23:59:59.999,282212792.5055,727995,257872.48,142204113.6472,0,2024-10-04,45.60197197716656,573.0635,24.66824642820212,-0.7213119121291681,0.019517479435957608,0.019329455991780296
2024-10-05,555.28,565.08,551.61,563.13,353572.45,2024-10-05 23:59:59.999,198249439.2877,499983,171750.66,96304764.5438,0,2024-10-05,40.88954676816804,573.5640000000001,24.341697471414683,-0.42864718092290394,0.014155275811767343,0.01405602540975659
2024-10-06,563.14,571.85,561.06,570.26,320618.82,2024-10-06 23:59:59.999,181284801.9154,465711,162099.66,91674738.1343,0,2024-10-06,43.815161095042725,575.4085,22.46068103083312,-0.22922279128279144,0.012661374815761794,0.012581889832596217
2024-10-07,570.26,581.95,563.32,564.33,629610.37,2024-10-07 23:59:59.999,360940545.5334,839437,299826.09,171911247.2143,0,2024-10-07,35.30517789991323,576.3240000000001,21.554640579854794,-0.5564463000700532,-0.010398765475397087,-0.010453210406048803
2024-10-08,564.34,586.8,559.04,579.92,796198.26,2024-10-08 23:59:59.999,457345876.2322,949789,402378.03,231119958.508,0,2024-10-08,41.44138247038028,577.354,21.188409542666896,0.1211039457601944,0.027625680009923048,0.027250976219583185
2024-10-09,579.91,584.91,565.85,570.35,704186.69,2024-10-09 23:59:59.999,406893971.8769,875021,357257.81,206435062.0263,0,2024-10-09,44.03867557039511,577.529,21.111402232228343,-0.34005320542093703,-0.016502276176024178,-0.01663995551871534
2024-10-10,570.35,572.5,551.27,563.63,500451.9,2024-10-10 23:59:59.999,282323195.7494,745954,247478.72,139601612.4152,0,2024-10-10,38.39575971731447,577.269,21.255701872807503,-0.6416631208705667,-0.011782238976067338,-0.01185219962541133
2024-10-11,563.62,577.48,560.24,573.77,467181.18,2024-10-11 23:59:59.999,265410047.1925,635436,232464.5,132098484.0622,0,2024-10-11,38.08069328029546,576.5085,21.086065060538203,-0.12987250073153983,0.017990525699483673,0.0178306113065194
2024-10-12,573.76,579.17,573.57,576.51,257221.07,2024-10-12 23:59:59.999,148377918.6887,403544,126459.89,72952983.7154,0,2024-10-12,41.038525963149056,575.9014999999999,20.891997529912754,0.029125984680440954,0.00477543266465652,0.00476406645743039
2024-10-13,576.51,578.45,564.95,572.21,296407.28,2024-10-13 23:59:59.999,169446158.521,444893,146591.8,83807802.6859,0,2024-10-13,41.357798165137616,574.2635,19.74578470006844,-0.10399687990079563,-0.007458673743733768,-0.007486628742295335
2024-10-14,572.21,592.31,569.43,589.31,557829.74,2024-10-14 23:59:59.999,325043505.3828,750648,281869.47,164266694.3024,0,2024-10-14,58.647396997764304,573.4255,18.650134887345782,0.8517096576485143,0.029884133447510397,0.029446304115333895
2024-10-15,589.31,600.34,577.73,594.89,896222.99,2024-10-15 23:59:59.999,528634217.5307,1137502,442476.21,261053708.8324,0,2024-10-15,71.74761688606449,573.7955,19.01370654499934,1.1094364978272977,0.00946870068385075,0.009424153519270893
2024-10-16,594.89,605.84,590.06,601.13,616248.22,2024-10-16 23:59:59.999,368068193.4976,864843,314254.79,187738144.7038,0,2024-10-16,76.27694784864484,574.0285,19.332078406801468,1.4018927209846748,0.010489334162618213,0.010434702796055035
2024-10-17,601.12,606.68,584.56,592.83,509893.35,2024-10-17 23:59:59.999,303360703.096,761789,245814.08,146281205.953,0,2024-10-17,70.44895187982694,573.3035,18.25960432932653,1.0693824273420196,-0.013807329529386236,-0.013903537311988868
2024-10-18,592.84,602.54,591.81,599.03,377325.83,2024-10-18 23:59:59.999,225590384.7514,554222,187560.49,112137594.5188,0,2024-10-18,69.29453262786602,573.1990000000001,18.09729055034372,1.4273407352411271,0.01045831013950016,0.010404000344947052
2024-10-19,599.03,601.3,595.21,597.94,167010.84,2024-10-19 23:59:59.999,99857812.3666,300533,81964.2,49010128.7078,0,2024-10-19,66.3227984619714,573.308,18.246279101587646,1.349973869349438,-0.0018196083668595708,-0.0018212658651342774
2024-10-20,597.93,607.65,593.04,606.28,310300.73,2024-10-20 23:59:59.999,185993342.1754,418866,159594.57,95694027.1981,0,2024-10-20,66.70066765578642,575.2394999999999,19.60952144536413,1.5829300111420272,0.013947887747934429,0.013851511094822274
2024-10-21,606.29,612.46,591.43,598.74,709739.21,2024-10-21 23:59:59.999,428184701.8777,829933,342309.99,206557495.8181,0,2024-10-21,65.7195066240293,577.8275,19.09236906670723,1.095332901167655,-0.01243649798772839,-0.012514478439179947
2024-10-22,598.73,600.0,586.85,593.81,543231.92,2024-10-22 23:59:59.999,322944993.5081,693605,267596.45,159102188.6669,0,2024-10-22,57.030063771636826,580.399,17.460504876054785,0.7680763010691459,-0.008233957978421413,-0.008268044249319541
2024-10-23,593.82,594.49,572.82,584.95,550100.83,2024-10-23 23:59:59.999,320719265.098,751032,269356.07,157074892.6385,0,2024-10-23,57.4429037520392,582.4145000000001,15.3095706134706,0.16561535682581574,-0.014920597497515842,-0.015033029381345965
2024-10-24,584.94,598.23,583.23,594.65,413422.81,2024-10-24 23:59:59.999,244392917.9279,580900,202992.06,120011538.5529,0,2024-10-24,65.34731842469827,584.3835,14.120944606483414,0.727040597219413,0.016582613898623588,0.0164466236796436
2024-10-25,594.64,597.96,564.74,574.64,648192.73,2024-10-25 23:59:59.999,379307966.8436,861163,308472.47,180530739.0569,0,2024-10-25,50.39213918687461,584.9590000000001,13.426644719418157,-0.7685464399811159,-0.03365004624569068,-0.034229239406708106
2024-10-26,574.64,587.1,570.23,583.4,300498.42,2024-10-26 23:59:59.999,174358500.8383,504525,146845.09,85233716.339,0,2024-10-26,52.94570329200514,585.616,12.983710198812355,-0.17067540526302796,0.01524432688291788,0.015129299667074759
2024-10-27,583.39,590.94,581.74,589.34,199111.3,2024-10-27 23:59:59.999,116727018.8626,339300,103765.93,60837920.1874,0,2024-10-27,57.222362762458914,586.8665,11.992228305751738,0.20625858155266383,0.010181693520740609,0.010130209249070054
2024-10-28,589.32,605.0,585.37,601.37,435205.47,2024-10-28 23:59:59.999,258669065.3755,597874,219091.28,130248861.6167,0,2024-10-28,55.31183932346727,587.939,12.293664992499261,1.0925139092528307,0.020412665015101528,0.02020711902258736
2024-10-29,601.37,612.78,600.18,606.71,604989.24,2024-10-29 23:59:59.999,367262933.3305,766848,309653.67,188025388.2489,0,2024-10-29,55.21716101694919,589.7570000000001,12.24406369592675,1.3845893341472695,0.008879724628764407,0.008840531717982615
2024-10-30,606.7,607.2,594.5,595.9,469572.06,2024-10-30 23:59:59.999,281749005.1639,637217,226573.68,135963516.6883,0,2024-10-30,47.78107764106914,591.3705,10.64121455030884,0.4256562987792145,-0.01781740864663528,-0.01797804967032791
2024-10-31,595.9,596.88,571.14,576.71,758011.55,2024-10-31 23:59:59.999,441726334.6996,867483,362928.87,211528954.1769,0,2024-10-31,43.739319558800666,591.5174999999999,10.402919567446315,-1.4233984896256198,-0.03220338983050841,-0.03273332724375485
2024-11-01,576.7,585.46,567.52,572.93,751040.96,2024-11-01 23:59:59.999,432870462.9714,884803,368960.9,212690413.486,0,2024-11-01,39.66909436352119,591.3385000000001,10.701262234965272,-1.720217633752796,-0.006554420766069713,-0.006575995305939668
2024-11-02,572.93,576.94,562.06,568.58,394008.29,2024-11-02 23:59:59.999,224364478.8047,505949,188456.6,107343976.7789,0,2024-11-02,38.67109121778049,591.1569999999999,11.067292304254424,-2.0399750344825502,-0.007592550573368273,-0.007621520716816387
2024-11-03,568.59,569.3,546.69,557.78,617173.36,2024-11-03 23:59:59.999,343945397.161,819298,298252.02,166223953.5735,0,2024-11-03,31.63435322629506,589.5805,13.353729806210659,-2.381394596228091,-0.018994688522283698,-0.019177405081058113
2024-11-04,557.79,564.71,543.22,552.51,572110.01,2024-11-04 23:59:59.999,318190968.4354,876382,281621.57,156648565.6126,0,2024-11-04,32.187716729598506,587.4615000000001,15.634556622747747,-2.2355286973182777,-0.00944816952920502,-0.009493086629739751
2024-11-05,552.5,571.97,550.99,563.3,501056.33,2024-11-05 23:59:59.999,281813518.9004,692473,252178.51,141842108.1815,0,2024-11-05,38.75248838752487,585.5699999999999,16.17298364558708,-1.3769877276835383,0.01952905829758733,0.019340813125043883
2024-11-06,563.29,595.35,563.13,592.61,1270365.56,2024-11-06 23:59:59.999,740142020.4724,1470583,625263.83,364321237.5428,0,2024-11-06,52.45386981035366,585.559,16.16785989810147,0.43611214127529746,0.052032664654713345,0.05072416388548411
2024-11-07,592.61,611.98,587.18,598.74,908960.25,2024-11-07 23:59:59.999,544682957.6741,1078243,437839.14,262458614.8196,0,2024-11-07,51.34089567897189,585.5445,16.155267830792457,0.8167924009807497,0.010344071142910138,0.01029093733812377
2024-11-08,598.74,606.55,588.12,598.17,669440.09,2024-11-08 23:59:59.999,399804068.0138,827234,318039.33,189977383.7097,0,2024-11-08,58.84121139250016,585.556,16.164635017951532,0.7803454879118225,-0.0009519991983165665,-0.0009524526373586096
2024-11-09,598.18,638.73,597.94,625.06,1721816.07,2024-11-09 23:59:59.999,1073985342.7575,1552265,870913.55,543047055.9277,0,2024-11-09,63.776455026455,586.495,17.885690399116864,2.156192975469605,0.044953775682498254,0.0439726506417787
2024-11-10,625.07,644.99,612.02,627.84,1792633.45,2024-11-10 23:59:59.999,1133360716.6781,1919879,857917.25,542515907.1876,0,2024-11-10,63.003242366927836,587.95,19.993668734729958,1.9951315853657787,0.004447573032988927,0.004437711808247276
2024-11-11,627.84,666.51,613.34,660.53,2200989.49,2024-11-11 23:59:59.999,1391033367.1994,2232340,1080751.71,683498208.5955,0,2024-11-11,67.5340841730883,591.2860000000001,25.75811357101459,2.688240340624931,0.05206740570846069,0.05075718613023363
2024-11-12,660.53,668.5,612.56,625.78,2652803.99,2024-11-12 23:59:59.999,1691514772.1597,2854243,1259602.52,803149315.7802,0,2024-11-12,54.81298268638633,593.3275,26.825424482842024,1.2097665041892303,-0.05260926831483803,-0.05404367143545989
2024-11-13,625.85,639.22,598.81,621.19,2225893.76,2024-11-13 23:59:59.999,1375108586.1751,2370449,1056608.28,652985026.0876,0,2024-11-13,56.589712856323956,594.6545,27.541180549371614,0.9634844792666489,-0.00733484611205204,-0.00736187836183786
2024-11-14,621.19,661.3,610.8,622.64,2407430.71,2024-11-14 23:59:59.999,1527719648.9657,2242128,1161852.15,737585113.7672,0,2024-11-14,63.18690783807062,597.0545,27.795516388731656,0.9204901841784967,0.0023342294628052596,0.002331509381253396
2024-11-15,622.64,628.69,603.63,619.73,1364213.2,2024-11-15 23:59:59.999,841244802.4193,1473961,665210.51,410300642.1571,0,2024-11-15,63.50415512465377,598.871,28.042226974416216,0.7438424922182658,-0.004673647693691274,-0.004684603333602346
2024-11-16,619.73,634.33,617.51,623.19,964164.6,2024-11-16 23:59:59.999,603164131.1128,1034844,467259.18,292352317.7073,0,2024-11-16,65.83908579383956,600.5635,28.455178101532677,0.7951628318496221,0.005583076501056938,0.005567548897172691
2024-11-17,623.19,648.3,605.2,618.99,1556278.02,2024-11-17 23:59:59.999,975134168.4418,1621343,743767.75,466113231.8216,0,2024-11-17,68.46010012666628,601.4445,28.752673372281496,0.6102215182854784,-0.006739517643094439,-0.006762330749454722
2024-11-18,618.99,635.0,612.31,619.46,1170979.71,2024-11-18 23:59:59.999,728153004.457,1346632,569406.31,354147033.3205,0,2024-11-18,70.79321696999816,602.082,29.01570620054361,0.598917009976978,0.0007593014426727773,0.0007590133191715234
2024-11-19,619.46,621.97,605.47,615.93,864160.24,2024-11-19 23:59:59.999,532230502.9563,1006101,397605.08,244933897.9854,0,2024-11-19,67.11767384375202,603.0835,29.13652334045535,0.4409070996525842,-0.005698511606883505,-0.0057148100716371735
2024-11-20,616.0,621.08,600.25,605.78,918068.84,2024-11-20 23:59:59.999,561323262.5501,1114428,420576.35,257217967.741,0,2024-11-20,54.89336404845061,604.537,28.469059123351858,0.043661435898328035,-0.016479145357426894,-0.01661643686073054
2024-11-21,605.84,630.0,593.26,622.33,1510849.37,2024-11-21 23:59:59.999,929490780.1216,1527078,717020.44,441156622.4509,0,2024-11-21,58.13504379612388,607.007,27.715499767619388,0.5528675336355393,0.027320149229093094,0.026953614820821207
2024-11-22,622.32,640.57,615.56,633.51,1373467.5,2024-11-22 23:59:59.999,862845219.8577,1445815,669160.52,420537528.0624,0,2024-11-22,61.3560411311054,610.2535,26.763888725993098,0.8689507058596174,0.01796474539231596,0.017805286283386387
2024-11-23,633.51,681.45,631.66,651.13,2414541.09,2024-11-23 23:59:59.999,1591002908.2945,2378628,1151431.38,758465918.9567,0,2024-11-23,58.9079477892435,614.921,25.22688413495425,1.4353338211051172,0.027813294186358473,0.027433530096698237
2024-11-24,651.13,688.34,637.47,660.22,2227498.61,2024-11-24 23:59:59.999,1470075828.0154,2341644,1089865.3,719472834.9622,0,2024-11-24,60.60665618448637,620.3064999999999,22.557893069552623,1.7693806720749605,0.013960345860273726,0.013863797757633724
2024-11-25,660.22,677.19,627.0,636.59,1953524.49,2024-11-25 23:59:59.999,1275736417.2691,2151005,925605.58,604792090.0288,0,2024-11-25,41.66318428750525,623.971,18.374972080193967,0.68674934279774,-0.03579109993638485,-0.036447306537124885
2024-11-26,636.59,646.13,599.92,613.94,1762903.8,2024-11-26 23:59:59.999,1096491608.9239,1990523,820189.92,510537255.6174,0,2024-11-26,45.497414055369674,625.0375,17.0286331234534,-0.6516964643929918,-0.035580200757159175,-0.03622860277092858
2024-11-27,613.94,647.14,608.22,644.69,1236808.83,2024-11-27 23:59:59.999,777345136.9995,1375047,609618.1,383197142.7373,0,2024-11-27,57.45369195635626,627.335,16.381319110194497,1.059438491079731,0.050086327654168095,0.04887237760330845
2024-11-28,644.69,664.45,640.26,654.33,1592016.08,2024-11-28 23:59:59.999,1040350013.1649,1717480,768147.1,502045936.4175,0,2024-11-28,59.554965928963405,630.143,15.925881319099167,1.518722858432561,0.014952923110332028,0.01484223024602416
2024-11-29,654.32,664.4,648.9,655.13,862695.08,2024-11-29 23:59:59.999,566163784.6265,1056808,433048.36,284174524.9468,0,2024-11-29,60.811140972391875,631.6465000000001,16.81531766451224,1.3965540508081218,0.0012226246695092868,0.0012218778726076065
2024-11-30,655.12,677.89,648.38,653.88,1216604.53,2024-11-30 23:59:59.999,805095221.4351,1300630,583712.12,386338288.6089,0,2024-11-30,59.50095969289824,632.9485000000001,17.499290594660003,1.1961342025137447,-0.0019080182559186865,-0.0019098408414711476
2024-12-01,653.87,664.91,645.53,656.63,809558.93,2024-12-01 23:59:59.999,530806699.2918,1035872,387653.68,254244929.6999,0,2024-12-01,61.758090715981496,632.7535,17.1948463132826,1.388584670370444,0.004205664647947582,0.004196845558490604
2024-12-02,656.59,667.94,629.0,648.28,1762935.75,2024-12-02 23:59:59.999,1136482845.2421,2018891,831546.06,536029029.4949,0,2024-12-02,58.58044539716563,633.8785,17.44875512828595,0.8253597402289095,-0.012716446095974887,-0.0127979921515791
2024-12-03,648.28,749.96,622.5,735.67,3260151.11,2024-12-03 23:59:59.999,2206070425.3628,3165314,1648155.31,1117721524.8249,0,2024-12-03,73.77680698967436,639.6025000000001,28.40491986204165,3.3820725587885843,0.1348028629604492,0.12645894682605038
2024-12-04,735.66,794.0,721.67,740.46,4463089.8,2024-12-04 23:59:59.999,3378729087.6025,4375300,2191882.14,1659918767.4605,0,2024-12-04,77.32510956013635,645.4935,35.92417545111802,2.643526227323458,0.0065110715402287855,0.0064899660771781135
2024-12-05,740.46,740.64,690.0,717.76,3019231.34,2024-12-05 23:59:59.999,2172190779.9282,2777272,1448619.43,1042199405.174,0,2024-12-05,68.89029652797021,650.395,38.79675535810192,1.7363565426594931,-0.030656618858547424,-0.031136363361303706
2024-12-06,717.77,746.76,705.6,730.75,1798283.23,2024-12-06 23:59:59.999,1309278186.2739,1879621,858326.0,624821588.9639,0,2024-12-06,69.11163522012578,655.773,42.1382015827944,1.7793118164448218,0.01809797146678549,0.017936152659511758
2024-12-07,730.83,761.69,730.35,750.33,1076862.23,2024-12-07 23:59:59.999,805062211.7577,1376369,539812.13,403626136.3987,0,2024-12-07,69.34779216726479,662.34,46.14762353464582,1.9067070687603358,0.02679438932603495,0.026441705767386157
2024-12-08,750.34,757.93,728.0,742.51,919886.82,2024-12-08 23:59:59.999,683033070.7574,1110027,448761.19,333186635.3202,0,2024-12-08,66.12960131718216,668.4925000000001,48.28311755458789,1.532989246527366,-0.01042208095104824,-0.010476771159111642
2024-12-09,742.51,743.04,633.0,689.54,2831482.52,2024-12-09 23:59:59.999,1989462233.7423,2923153,1295539.4,911854204.7654,0,2024-12-09,59.30808986393838,672.173,46.84980964967966,0.3706952094333367,-0.07133910654401965,-0.07401162999602852
2024-12-10,689.54,705.0,649.47,677.22,2357344.39,2024-12-10 23:59:59.999,1601040103.8746,2755383,1125149.05,764330712.3413,0,2024-12-10,61.543232396935416,675.7450000000001,44.16800860590422,0.033395211750677306,-0.017866983786292256,-0.018028525408011333
2024-12-11,677.22,713.45,659.1,711.69,1264267.41,2024-12-11 23:59:59.999,871494115.2304,1574987,610375.99,420827659.5311,0,2024-12-11,62.058167158591885,680.213,42.984126213248864,0.7322935877267649,0.05089926464073713,0.049646240146793016
2024-12-12,711.7,726.15,699.68,706.18,1344197.82,2024-12-12 23:59:59.999,961754768.157,1604742,646052.85,462254024.4798,0,2024-12-12,59.47239577624317,683.8465,41.885894783839056,0.5331985890538251,-0.007742134918293231,-0.007772260838200792
2024-12-13,706.19,730.24,697.0,725.73,1169147.32,2024-12-13 23:59:59.999,834857054.5774,1448886,571838.21,408419678.9069,0,2024-12-13,62.07085214061003,687.5765,42.13995207389559,0.9053997008134931,0.027684159845931644,0.027307882321904457
2024-12-14,725.73,731.92,704.65,715.57,789047.19,2024-12-14 23:59:59.999,567016462.6381,1136106,371906.14,267118526.8493,0,2024-12-14,60.23560643769703,690.344,42.066246301464666,0.5996731873630873,-0.013999696856957788,-0.014098616932244424
2024-12-15,715.58,724.65,702.52,719.53,651547.88,2024-12-15 23:59:59.999,465834350.7317,1019280,314936.61,225194327.9546,0,2024-12-15,60.39463246959279,694.491,40.54898946110193,0.6174999755300817,0.00553404977849814,0.005518793186301483
2024-12-16,719.53,731.0,704.51,721.09,953893.18,2024-12-16 23:59:59.999,684406891.5998,1366344,469514.79,337030811.7652,0,2024-12-16,62.30855056293742,699.8485,36.19041560749046,0.5869371667454313,0.002168081942379052,0.002165735044290692
2024-12-17,721.1,737.99,712.61,717.85,1170667.08,2024-12-17 23:59:59.999,848222612.6711,1536555,562091.72,407430973.4296,0,2024-12-17,45.78962290898783,703.5065,33.949770989860205,0.4224918042682539,-0.004493197797778348,-0.0045033225507316735
2024-12-18,717.85,722.68,680.0,686.45,1647695.33,2024-12-18 23:59:59.999,1164934721.474,2070110,773864.19,547164577.7445,0,2024-12-18,38.66431599714563,705.1125,32.2165071900589,-0.5792837780303703,-0.04374172877342064,-0.04472724423008901
2024-12-19,686.51,705.17,647.59,665.48,1950849.16,2024-12-19 23:59:59.999,1323995612.1995,2616325,938268.11,636928585.8701,0,2024-12-19,38.94714587737845,705.63,31.445267403952307,-1.2768217068796046,-0.030548474033068707,-0.03102480455207187
2024-12-20,665.49,679.69,617.54,678.32,1981883.41,2024-12-20 23:59:59.999,1295012276.0767,2891436,962859.48,629504294.8162,0,2024-12-20,38.9083985614555,706.852,29.75797099762588,-0.9588019291461853,0.01929434393219931,0.019110568204205494
2024-12-21,678.32,693.5,649.64,663.73,1132081.79,2024-12-21 23:59:59.999,760541618.1451,1712076,555726.37,373521808.8232,0,2024-12-21,31.284578146611352,707.207,29.163727489013453,-1.4907902296226918,-0.021509022290364443,-0.0217437127203136
2024-12-22,663.74,669.89,639.2,649.77,877120.24,2024-12-22 23:59:59.999,576282582.2825,1346411,425194.32,279393212.1313,0,2024-12-22,30.475789473684216,707.2814999999999,29.006753891406003,-1.9826934173781927,-0.021032648818043564,-0.02125698615791966
2024-12-23,649.78,698.38,638.03,693.9,1469394.26,2024-12-23 23:59:59.999,986791023.3182,1971243,759789.69,510427285.1224,0,2024-12-23,50.953380565031054,705.193,28.35151961026653,-0.39832080097430245,0.06791633962786836,0.06570940378798881
2024-12-24,693.89,699.27,682.56,696.63,789412.76,2024-12-24 23:59:59.999,545803226.207,1196619,391254.14,270569220.4556,0,2024-12-24,54.43009083854475,703.0015000000001,27.15053053180893,-0.2346731306975892,0.003934284479031547,0.003926565421206275
2024-12-25,696.63,713.21,695.51,702.13,675845.66,2024-12-25 23:59:59.999,475707715.2256,974291,332858.39,234329922.5167,0,2024-12-25,47.48553392951077,702.22,26.927393799677255,-0.0033423212312923708,0.007895152376440784,0.007864148739626932
2024-12-26,702.13,720.24,681.65,688.75,1161285.23,2024-12-26 23:59:59.999,810080019.6632,1581661,579257.03,404176223.1184,0,2024-12-26,45.59781785118959,700.12,26.213582457648602,-0.4337446061929801,-0.0190563001153633,-0.019240211599212298
2024-12-27,688.76,710.93,685.18,691.49,984985.66,2024-12-27 23:59:59.999,684767629.7563,1369059,496420.7,344976142.2125,0,2024-12-27,40.549790240671236,697.178,23.4366017385927,-0.24269730157310496,0.0039782214156081075,0.003970329217143187
2024-12-28,691.49,731.25,690.94,722.14,845595.15,2024-12-28 23:59:59.999,604270071.3529,1218272,428452.62,306233580.3372,0,2024-12-28,51.62906025291345,696.1595,21.74441984681255,1.1948122866937934,0.04432457446962346,0.04337033622843026
2024-12-29,722.14,724.58,689.67,694.48,694884.28,2024-12-29 23:59:59.999,491340515.4379,960925,331614.74,234478428.2317,0,2024-12-29,44.44197914355448,696.4065,21.693267030912068,-0.08880635624200102,-0.03830282216744674,-0.03905566182914512
2024-12-30,694.48,712.16,687.0,704.76,837145.02,2024-12-30 23:59:59.999,584849339.9303,1286721,411294.91,287320540.7875,0,2024-12-30,46.51172726107574,697.7835,21.281441699054387,0.3278208355738408,0.014802442114963732,0.014693955238875905
2024-12-31,704.75,714.59,698.0,702.12,644109.91,2024-12-31 23:59:59.999,454488048.9456,1014434,324478.29,228930766.3523,0,2024-12-31,46.63125883411145,697.305,21.058728281709715,0.228646285549069,-0.0037459560701514905,-0.003752989734283329
2025-01-01,702.13,710.93,700.02,707.43,386029.63,2025-01-01 23:59:59.999,272686873.5598,724799,190943.37,134886985.4395,0,2025-01-01,55.05834699585301,697.3675000000001,21.08828881158392,0.47716057428388864,0.0075628097761064605,0.00753435510504116
2025-01-02,707.42,715.99,698.04,706.11,733190.03,2025-01-02 23:59:59.999,518266225.2649,1052305,365187.4,258148128.2478,0,2025-01-02,60.82139242529165,696.3865,20.13422754130345,0.4829338488428833,-0.0018659089945294305,-0.0018676519712120777
2025-01-03,706.11,716.32,696.46,715.22,670878.57,2025-01-03 23:59:59.999,474509667.5181,950376,322434.41,228129090.4467,0,2025-01-03,60.027173913043484,696.3689999999999,20.116820900894517,0.9370764939882664,0.012901672543937925,0.012819154952155588
2025-01-04,715.23,721.97,707.61,713.38,503706.97,2025-01-04 23:59:59.999,360334325.1646,771159,234540.23,167812535.9351,0,2025-01-04,64.4963503649635,696.0615,19.788479177507945,0.8751809497156603,-0.0025726349934286352,-0.002575949905426286
2025-01-05,713.38,714.0,702.48,709.28,359292.44,2025-01-05 23:59:59.999,254537416.6637,620232,173212.86,122708504.7673,0,2025-01-05,68.43670611562055,695.471,19.168811538283798,0.7203889491229409,-0.005747287560626924,-0.005763866771960233
2025-01-06,709.28,746.0,706.06,729.81,1042671.32,2025-01-06 23:59:59.999,757053660.9193,1289293,524991.88,381058816.841,0,2025-01-06,63.030698889614634,696.0690000000001,20.069115549723133,1.6812400086293464,0.02894484547710352,0.028533855295941896
2025-01-07,729.82,732.98,689.5,697.16,1153759.51,2025-01-07 23:59:59.999,821817738.5727,1593843,555455.32,395639365.5385,0,2025-01-07,50.15801085206606,696.6045,19.941425403065743,0.027856584410186496,-0.044737671448733196,-0.04576928663920442
2025-01-08,697.16,706.82,673.76,695.49,1067127.2,2025-01-08 23:59:59.999,739225530.3476,1649816,502220.59,347954715.5876,0,2025-01-08,47.97412741030023,698.105,18.55720331131878,-0.14091563023427223,-0.0023954328991909746,-0.002398306538569016
2025-01-09,695.49,701.32,673.7,684.89,935599.52,2025-01-09 23:59:59.999,645993838.8229,1374604,462270.39,319204105.1712,0,2025-01-09,48.80198634388578,698.4335,18.244044240900593,-0.7423518503445286,-0.015241053070497057,-0.015358391689274014
2025-01-10,684.89,700.84,682.6,693.04,666606.83,2025-01-10 23:59:59.999,461506961.5319,1061779,336197.67,232771701.8363,0,2025-01-10,50.465437511260575,699.8990000000001,16.392971825265356,-0.4184110162032273,0.011899721123100004,0.011829476156247003
2025-01-11,693.03,701.28,690.2,696.42,268116.54,2025-01-11 23:59:59.999,186470435.2612,551516,132965.04,92475512.0865,0,2025-01-11,40.76414823326628,702.2315000000001,11.462149736403822,-0.5070165835945064,0.004877063372965562,0.004865209026701509
2025-01-12,696.42,698.56,689.46,692.96,269598.8,2025-01-12 23:59:59.999,186999835.2723,510884,137751.26,95551715.705,0,2025-01-12,49.3393602225313,702.1845000000001,11.49997550344095,-0.8021321434328219,-0.004968266276097699,-0.004980649142269689
2025-01-13,692.96,700.0,656.84,688.41,1120301.56,2025-01-13 23:59:59.999,756225067.7726,1620326,523650.2,353611869.1596,0,2025-01-13,42.52126978318541,701.7735,11.850483567781811,-1.1276755014733497,-0.006566035557608041,-0.006587686796322592
2025-01-14,688.4,700.19,686.0,698.84,484950.57,2025-01-14 23:59:59.999,336602044.5049,763618,246043.46,170773840.0735,0,2025-01-14,48.59948761742102,701.609,11.868096065136934,-0.23331459273691485,0.015150854868465125,0.015037226936249854
2025-01-15,698.88,714.73,688.43,714.38,766138.28,2025-01-15 23:59:59.999,537250594.0501,1020915,385968.32,270695504.4265,0,2025-01-15,52.729129034791505,702.8905,11.790009363451363,0.9745115246148225,0.0222368496365406,0.021993216043446957
2025-01-16,714.37,717.75,700.62,708.05,676602.38,2025-01-16 23:59:59.999,480555660.464,981082,328776.02,233519061.66,0,2025-01-16,50.73296055614325,703.7185000000001,11.525759376775419,0.37581037903046377,-0.008860830370391204,-0.00890032098062302
2025-01-17,708.06,730.61,708.05,722.09,649554.16,2025-01-17 23:59:59.999,468659968.2891,1002812,331683.1,239257254.585,0,2025-01-17,52.502367596707224,703.716,11.521558008714305,1.594749597762984,0.019829108113833982,0.019635072194739037
2025-01-18,722.09,723.63,694.88,709.91,760807.1,2025-01-18 23:59:59.999,536334516.9492,1193542,354023.23,249556153.9021,0,2025-01-18,48.824605379039355,704.4875,11.386366212585955,0.4762274371613164,-0.016867703471866502,-0.017011583426625114
2025-01-19,709.91,715.26,676.01,683.39,1337593.72,2025-01-19 23:59:59.999,929393427.1269,1910757,641061.54,445583595.9472,0,2025-01-19,42.38663765217904,703.419,12.323562753853603,-1.6252605192225673,-0.03735684805116135,-0.0380724945818085
2025-01-20,683.39,709.99,670.0,682.84,1409715.47,2025-01-20 23:59:59.999,971140451.5278,2117243,677500.26,466799532.0185,0,2025-01-20,34.34855048317232,702.455,13.156458690086545,-1.4909027164566713,-0.0008048113083304331,-0.0008051353428208547
2025-01-21,682.83,697.66,675.31,692.54,665320.65,2025-01-21 23:59:59.999,457248862.6754,1123788,333362.92,229137926.9805,0,2025-01-21,48.1825334382376,701.7105,13.28082649420639,-0.690506724412113,0.0142053775408586,0.014105426613648643
2025-01-22,692.55,704.23,690.15,695.95,471791.73,2025-01-22 23:59:59.999,328783702.9799,762468,232278.05,161879885.9701,0,2025-01-22,50.178515988823364,701.2025,13.297987926582293,-0.394984566762942,0.004923903312444189,0.004911820547208791
2025-01-23,695.96,698.11,680.2,690.12,691722.65,2025-01-23 23:59:59.999,475515231.0343,1041283,330533.89,227214127.3427,0,2025-01-23,52.107681147739186,699.9475,13.08821119821988,-0.7508665509108394,-0.008377038580357876,-0.008412323159746509
2025-01-24,690.13,691.74,678.66,680.46,499177.46,2025-01-24 23:59:59.999,342248602.4698,745477,236327.68,162067355.2336,0,2025-01-24,44.99124064341459,698.3014999999999,13.376862300284827,-1.3337582162014177,-0.013997565640758047,-0.014096455458368944
2025-01-25,680.46,690.08,677.61,686.74,282447.72,2025-01-25 23:59:59.999,193444616.04,514378,133770.06,91626544.6641,0,2025-01-25,46.232876712328796,697.1745,13.35271842028071,-0.7814513623047401,0.009229050936131467,0.009186723474428586
2025-01-26,686.74,691.36,664.14,666.64,422167.65,2025-01-26 23:59:59.999,286995358.2591,607821,187044.32,127229979.0952,0,2025-01-26,40.9316427783903,694.016,12.681034492116163,-2.158814410371624,-0.029268718874683297,-0.029705593455771336
2025-01-27,666.64,680.96,635.98,680.16,1185299.07,2025-01-27 23:59:59.999,780522340.8616,1796774,574883.34,378801031.3583,0,2025-01-27,47.322993056006226,693.1659999999999,13.024305375991414,-0.9985945218986353,0.020280811232449292,0.020077894536528654
2025-01-28,680.17,683.25,659.13,661.08,572884.54,2025-01-28 23:59:59.999,385517770.7815,870910,275272.71,185283321.8411,0,2025-01-28,38.3986727295072,691.4455,14.846452872504374,-2.045303363757473,-0.02805222300635135,-0.028453203337854425
2025-01-29,661.07,679.35,659.22,667.94,593069.9,2025-01-29 23:59:59.999,397435594.5457,958103,304503.2,204097129.4682,0,2025-01-29,34.92795014929251,690.5980000000001,15.699639486330673,-1.443217853488154,0.010376958915713663,0.010323487870648762
2025-01-30,667.93,683.21,665.8,677.87,397838.75,2025-01-30 23:59:59.999,269716636.9467,603639,199013.45,134931610.5149,0,2025-01-30,40.42877077254853,689.8394999999999,15.940063882547578,-0.7509066518299883,0.014866604784860904,0.01475717999959889
2025-01-31,677.88,689.53,673.71,677.79,430789.41,2025-01-31 23:59:59.999,293171027.8769,699146,209995.7,142927365.8064,0,2025-01-31,34.58594293667359,688.908,16.079016597341678,-0.6914601979973188,-0.00011801672887135073,-0.00011802369339345628
2025-02-01,677.79,681.86,650.43,652.83,399478.23,2025-02-01 23:59:59.999,266441233.0392,688691,187033.57,124780221.7085,0,2025-02-01,31.761247443762784,686.9015,17.942661973212044,-1.8989099862031582,-0.0368255654406231,-0.037520746973168644
2025-02-02,652.83,663.05,598.71,617.69,1265885.54,2025-02-02 23:59:59.999,800756558.0397,2012799,597661.66,378134913.4244,0,2025-02-02,30.10296789824349,683.3655,23.680697774896487,-2.7733768921970468,-0.053827183187047156,-0.05533004499405654
2025-02-03,617.69,618.74,499.04,616.76,2732005.03,2025-02-03 23:59:59.999,1561953996.1096,3823260,1312710.88,750866399.229,0,2025-02-03,30.03384094754651,679.2615,27.639321393731265,-2.2613254178583273,-0.0015056096099986815,-0.0015067441791026379
2025-02-04,616.76,618.74,558.05,572.81,1398666.18,2025-02-04 23:59:59.999,814215201.8097,2144609,680156.37,395988027.6107,0,2025-02-04,20.02703649927402,672.1830000000001,35.25188999786723,-2.8189410555295704,-0.07125948505091129,-0.07392589570854836
2025-02-05,572.81,579.9,560.93,569.42,621616.61,2025-02-05 23:59:59.999,354976770.0702,1107467,290306.52,165765087.4513,0,2025-02-05,18.321566271093047,665.2515,40.99043396427511,-2.3378991323566174,-0.005918192768980979,-0.0059357746748650965
2025-02-06,569.42,589.27,568.76,571.47,781955.21,2025-02-06 23:59:59.999,452501070.6922,1263764,389565.74,225460463.5221,0,2025-02-06,19.721329046087874,657.7205,43.74214714185356,-1.9717939249825576,0.0036001545432196025,0.003593689498978022
2025-02-07,571.5,589.76,570.06,577.42,602114.26,2025-02-07 23:59:59.999,349855437.2029,1036910,295949.21,171967647.015,0,2025-02-07,23.197378004369966,651.096,45.42250756711704,-1.6220152507242183,0.010411745148476648,0.0103579162427952
2025-02-08,577.42,633.0,573.36,612.27,1113824.17,2025-02-08 23:59:59.999,675008948.3249,1368010,560632.09,339754268.5281,0,2025-02-08,33.13555867566464,647.5400000000001,45.54496494212644,-0.7743995421846818,0.06035468116795406,0.05860345703167717
2025-02-09,612.27,646.87,602.25,615.36,1749522.15,2025-02-09 23:59:59.999,1096637256.0072,1902438,901481.21,565306664.6176,0,2025-02-09,37.41780351359309,644.1659999999999,45.29105737223742,-0.6360195957283495,0.0050467930814837025,0.005034100707226164
2025-02-10,615.36,622.28,596.0,618.38,1048117.61,2025-02-10 23:59:59.999,637077872.7479,1408747,520752.52,316653982.0727,0,2025-02-10,34.01800496688742,640.458,44.14343029144072,-0.5001423734910976,0.004907696307852261,0.004895692823278746
2025-02-11,618.39,646.55,614.79,641.58,1370541.01,2025-02-11 23:59:59.999,869516709.1868,1722714,695336.55,441230551.8479,0,2025-02-11,45.060790273556236,637.7395,42.17650773831966,0.09105779984981346,0.03751738413273409,0.036830728772926695
2025-02-12,641.57,706.0,626.29,696.76,2203474.88,2025-02-12 23:59:59.999,1461721314.2381,2519823,1132759.51,751216465.229,0,2025-02-12,55.864398502360395,638.0715,42.63418226766075,1.3765597667981284,0.08600642164655992,0.08250713461264057
2025-02-13,696.77,730.95,659.3,664.35,4325158.66,2025-02-13 23:59:59.999,3019028156.4533,4397221,2135911.11,1491918005.351,0,2025-02-13,47.479492915734525,637.266,41.93766958865087,0.6458155702416404,-0.04651529938572818,-0.047631899571944004
2025-02-14,664.35,684.37,651.05,659.42,1534439.55,2025-02-14 23:59:59.999,1025785509.9836,1876749,764496.8,511206137.0743,0,2025-02-14,46.63614722578283,635.9,40.667068275273955,0.578354944123189,-0.007420787235643989,-0.007448458256070785
2025-02-15,659.41,671.23,653.24,661.76,754031.73,2025-02-15 23:59:59.999,498327679.6604,1054207,368513.67,243587591.6888,0,2025-02-15,51.782933354630025,635.656,40.48716474976006,0.6447475431125302,0.003548572988383736,0.003542291658708699
2025-02-16,661.77,684.5,653.01,672.65,1053630.87,2025-02-16 23:59:59.999,704937510.6778,1383664,516951.54,345992110.5381,0,2025-02-16,62.149615350605686,635.2805,40.08552022010338,0.9322443564361864,0.016456117021276473,0.016322182491596855
2025-02-17,672.65,681.85,657.04,667.12,994878.77,2025-02-17 23:59:59.999,667024347.6393,1343705,487962.05,327216236.6927,0,2025-02-17,60.910824161539125,635.5825,40.312232161499495,0.7823307792447215,-0.00822121459897418,-0.008255195152821967
2025-02-18,667.12,667.91,629.74,648.04,1130250.46,2025-02-18 23:59:59.999,733294974.8494,1554651,540999.77,351193211.0682,0,2025-02-18,68.2676897673741,634.5875,39.71266944533203,0.3387458004685011,-0.028600551624895165,-0.029017516936512566
2025-02-19,648.06,664.41,637.28,653.11,968492.19,2025-02-19 23:59:59.999,631677939.5789,1306584,467444.94,304931589.0666,0,2025-02-19,70.15752203863384,633.3495,38.66446858960186,0.5110764668653489,0.007823591136349783,0.007793145540047258
2025-02-20,653.11,658.94,645.37,655.94,663019.31,2025-02-20 23:59:59.999,431860562.0119,980886,320922.45,209065566.4219,0,2025-02-20,70.26923261505974,632.257,37.63773513797428,0.6292355242200889,0.004333113870557792,0.0043237529641571935
2025-02-21,655.95,667.71,633.95,647.11,1008333.87,2025-02-21 23:59:59.999,659007810.2484,1390544,495305.47,323662422.2643,0,2025-02-21,66.49467455621301,631.971,37.4946384798861,0.4037643944245865,-0.013461597097295552,-0.013553025840560411
2025-02-22,647.1,679.72,644.75,668.13,987820.11,2025-02-22 23:59:59.999,656632108.0977,1195383,507185.55,337228210.1549,0,2025-02-22,64.1475027859386,634.493,38.17372134143011,0.8811559056332703,0.03248288544451472,0.031966469875006294
2025-02-23,668.13,670.72,648.03,657.65,508907.82,2025-02-23 23:59:59.999,335233345.5686,808137,251642.07,165774226.3509,0,2025-02-23,60.32420291977929,636.5375,38.2688651620349,0.5516886876735732,-0.015685570173469277,-0.01580989046608021
2025-02-24,657.65,658.79,610.0,614.06,1004855.69,2025-02-24 23:59:59.999,637083772.033,1608765,467893.98,296641596.3033,0,2025-02-24,49.11973265954844,638.6,35.677340885106936,-0.6878315309155789,-0.06628145670189312,-0.06858023167221378
2025-02-25,614.06,627.6,585.71,622.87,1618939.43,2025-02-25 23:59:59.999,983922049.6105,2409101,779829.05,474098583.2172,0,2025-02-25,45.95004112732152,641.2725,32.038870943220616,-0.5743804153589869,0.01434713220206496,0.014245186033980398
2025-02-26,622.87,631.47,593.79,611.5,1076407.39,2025-02-26 23:59:59.999,661924418.579,1531954,529994.76,326064562.5525,0,2025-02-26,27.225130890052398,643.274,28.504098024864643,-1.114716907452499,-0.018254210348868982,-0.018422874149327237
2025-02-27,611.51,619.46,595.3,605.19,779582.76,2025-02-27 23:59:59.999,475216542.7269,1103545,385253.92,234920104.1752,0,2025-02-27,31.636453935932494,644.6625,25.662046083878398,-1.538166515288026,-0.010318887980376057,-0.01037249681285796
2025-02-28,605.19,606.23,559.56,587.82,1457088.77,2025-02-28 23:59:59.999,844004621.1249,2129790,709395.22,410950212.6335,0,2025-02-28,29.368372521899545,643.4399999999999,27.78126706974623,-2.002068511143252,-0.028701730035195605,-0.02912167972976316
2025-03-01,587.83,608.99,586.13,607.28,689431.77,2025-03-01 23:59:59.999,412102694.053,979705,349421.06,208914353.4759,0,2025-03-01,35.71128829206883,643.0360000000001,28.26563105518667,-1.2649991762147108,0.03310537239290934,0.032569191123906806
2025-03-02,607.27,634.5,601.41,623.53,1012920.92,2025-03-02 23:59:59.999,626682740.6214,1407510,514026.07,318149320.1841,0,2025-03-02,37.469387755102055,643.2935,28.05184265925348,-0.7045348229015759,0.0267586615729154,0.02640690973121118
2025-03-03,623.54,623.89,567.0,575.72,1148525.19,2025-03-03 23:59:59.999,684049761.5122,1718631,536853.35,319653373.4707,0,2025-03-03,30.82088299479605,640.0005,31.869451215702234,-2.0169942546211352,-0.07667634275816715,-0.0797754480452538
2025-03-04,575.73,588.28,545.51,583.8,1258457.38,2025-03-04 23:59:59.999,714488193.9161,1922861,615240.21,349495089.1399,0,2025-03-04,35.867652235128475,634.3525,31.285135006404353,-1.6158632522970238,0.014034600152851961,0.013937027025544273
2025-03-05,583.8,605.48,580.4,597.93,626071.29,2025-03-05 23:59:59.999,371840975.2731,973377,312736.42,185730028.6285,0,2025-03-05,38.32614030633831,631.0315,31.458076910314283,-1.0522416896103075,0.02420349434737923,0.023915231822741568
2025-03-06,597.92,611.82,589.09,596.27,621313.39,2025-03-06 23:59:59.999,373527483.4695,876489,309827.06,186221580.3542,0,2025-03-06,37.31343283582086,627.874,31.627486613295435,-0.999257398680377,-0.0027762447109193067,-0.002780105625818822
2025-03-07,596.28,610.36,577.04,594.53,855436.53,2025-03-07 23:59:59.999,510595641.9886,1280053,424360.17,253290399.9934,0,2025-03-07,38.473342686776554,624.5125,31.408369631281715,-0.9546022398481478,-0.00291814111057076,-0.0029224071857022102
2025-03-08,594.53,602.48,589.89,592.8,343925.42,2025-03-08 23:59:59.999,205256100.9795,581410,173250.23,103392828.9082,0,2025-03-08,31.96034292830113,620.5200000000001,30.011305413661105,-0.9236519244305192,-0.002909861571325334,-0.002914103449357894
2025-03-09,592.8,592.81,549.67,554.4,763865.28,2025-03-09 23:59:59.999,434201710.5814,1102726,371498.4,211252205.7098,0,2025-03-09,28.190612986354594,614.884,31.353582083617262,-1.9290937743156267,-0.06477732793522262,-0.0669706261061836
2025-03-10,554.41,573.33,522.71,531.25,1103583.35,2025-03-10 23:59:59.999,605340762.6773,1637796,540463.63,296504374.5493,0,2025-03-10,30.854949831229476,609.0445,35.46030063028076,-2.193847728791351,-0.04175685425685427,-0.0426537276370669
2025-03-11,531.29,565.24,506.47,551.47,1581408.32,2025-03-11 23:59:59.999,861241450.2498,2102420,782938.92,426438927.8189,0,2025-03-11,34.320098383696404,603.9625,36.090344076036615,-1.4544749113338071,0.038061176470588265,0.03735471987653337
2025-03-12,551.48,575.0,544.0,569.75,1127972.21,2025-03-12 23:59:59.999,630859456.3517,1406817,559449.32,312972984.9752,0,2025-03-12,41.10149622746066,599.653,34.67529426885886,-0.8623719172545066,0.03314776869095315,0.032610228010633596
2025-03-13,569.76,620.0,567.72,579.45,2015132.17,2025-03-13 23:59:59.999,1184011209.6303,2307900,989687.66,581846127.6161,0,2025-03-13,44.59198251953945,596.27,33.06472536039363,-0.5086992199895198,0.017025010969723642,0.016881709654606444
2025-03-14,579.45,589.44,576.32,587.56,582512.48,2025-03-14 23:59:59.999,339454221.4791,939798,290291.16,169180508.7978,0,2025-03-14,49.9431619447359,592.2415,28.43244389870447,-0.16465345070858795,0.013996030718784969,0.01389899068281402
2025-03-15,587.55,619.65,587.41,619.62,645885.01,2025-03-15 23:59:59.999,390021081.5758,935262,325687.14,196683667.3762,0,2025-03-15,52.55677109232555,590.34,24.87724578596019,1.1769791660990274,0.054564640206957726,0.05312801844815364
2025-03-16,619.61,622.93,592.9,602.14,826155.33,2025-03-16 23:59:59.999,499131235.435,1148565,408819.19,247002447.3887,0,2025-03-16,45.590599876314165,589.744,24.417602666935483,0.5076665456918794,-0.02821083890126208,-0.02861641050046407
2025-03-17,602.14,643.59,602.01,631.39,1691378.7,2025-03-17 23:59:59.999,1063012706.8284,1935960,849206.21,533722685.7985,0,2025-03-17,62.42689405777044,590.17,25.0909870586887,1.6428209820357007,0.04857674295014447,0.047433761766852225
2025-03-18,631.38,643.37,619.94,627.42,1295724.68,2025-03-18 23:59:59.999,818537020.9818,1582666,652862.34,412446113.1967,0,2025-03-18,59.919046752774236,590.966,26.03794425550856,1.4000337216440495,-0.006287714407893774,-0.006307565339203492
2025-03-19,627.41,627.8,604.28,618.02,1343612.78,2025-03-19 23:59:59.999,825906328.065,1504954,672032.11,413177661.5964,0,2025-03-19,54.668835696026036,591.6075,26.559647444361207,0.9944597365356811,-0.014981989735743162,-0.015095353444967747
2025-03-20,618.02,637.3,616.02,629.92,1587667.77,2025-03-20 23:59:59.999,995634219.2181,1703026,791517.6,496473103.8257,0,2025-03-20,57.46483872398953,593.7125,27.8792174765651,1.2987272698896777,0.01925504028995828,0.019072007801842813
2025-03-21,629.91,637.01,624.09,634.64,726490.52,2025-03-21 23:59:59.999,459260311.055,960663,362007.92,228881698.1544,0,2025-03-21,58.781801462538866,595.0804999999999,29.219063077135417,1.353893514503423,0.007493014986029944,0.007465081798320077
2025-03-22,634.63,635.5,623.22,626.5,466860.98,2025-03-22 23:59:59.999,293349093.6401,665188,244109.54,153400342.7822,0,2025-03-22,57.17693159553626,595.229,29.378374771434892,1.0644223937944075,-0.012826169166771706,-0.012909134657624494
2025-03-23,626.5,628.7,618.31,623.25,416574.83,2025-03-23 23:59:59.999,259318310.2483,604549,206861.96,128776955.4556,0,2025-03-23,67.24440214396634,597.6054999999999,29.638443647439903,0.8652444880389398,-0.0051875498802873565,-0.005201051932455774
2025-03-24,623.25,639.23,617.0,636.58,975464.26,2025-03-24 23:59:59.999,613336106.1638,1012704,478324.05,300747005.3252,0,2025-03-24,77.74616721985143,600.2445,30.67610324443987,1.1844887765067076,0.02138788608102704,0.021162375048510706
2025-03-25,636.58,644.67,626.75,629.53,1155894.36,2025-03-25 23:59:59.999,735443246.6479,1139804,595866.31,379189859.8237,0,2025-03-25,72.09578804347824,601.8245,31.356858139309875,0.8835547195740125,-0.011074805994533365,-0.011136588232796436
2025-03-26,629.53,633.86,615.0,617.72,619218.77,2025-03-26 23:59:59.999,387207344.5444,724436,290748.67,181887481.6826,0,2025-03-26,64.09472880061116,602.8969999999999,31.523264441567896,0.470224142790677,-0.01876002732197024,-0.018938228864581106
2025-03-27,617.73,642.0,616.73,636.66,1590895.35,2025-03-27 23:59:59.999,1007940817.2615,1466421,806956.78,511161566.078,0,2025-03-27,65.94392731731787,605.0035,32.331990394888045,0.9791076767425086,0.030661140970018597,0.030200480758753544
2025-03-28,636.66,636.81,615.31,619.24,805805.88,2025-03-28 23:59:59.999,505842517.0951,1020487,389166.68,244364697.9876,0,2025-03-28,58.393387028401875,606.3254999999999,32.347287606949635,0.3992452213280931,-0.027361543052806803,-0.027742841441289173
2025-03-29,619.23,623.21,596.39,602.59,827440.62,2025-03-29 23:59:59.999,502028218.577,1023483,388491.13,235713224.7888,0,2025-03-29,45.086838612890205,608.7349999999999,29.984360748131618,-0.20494017036473838,-0.02688779794586904,-0.027255887869815358
2025-03-30,602.6,612.8,593.01,601.95,563384.55,2025-03-30 23:59:59.999,340353450.9618,825824,281727.02,170218286.3247,0,2025-03-30,49.93928548603568,612.27,23.923521127926005,-0.4313746268710155,-0.001062082012645349,-0.0010626464214137988
2025-03-31,601.96,609.0,586.48,604.63,854268.82,2025-03-31 23:59:59.999,512375139.7763,1094507,427941.93,256775124.0549,0,2025-03-31,39.69976905311778,614.928,19.323823202418655,-0.5329173162126146,0.0044521970263309285,0.004442315316506798
2025-04-01,604.62,618.05,604.23,610.93,1408845.71,2025-04-01 23:59:59.999,862087297.9167,1247181,719609.55,440320843.2657,0,2025-04-01,43.76465249943279,616.987,16.19768570215236,-0.37394230949889085,0.01041959545507165,0.010365685626055754
2025-04-02,610.94,612.04,583.98,590.08,1261896.27,2025-04-02 23:59:59.999,759040342.0336,1457056,614570.32,369860351.0571,0,2025-04-02,40.277004454342986,617.5184999999999,15.033726741473396,-1.8251296216729507,-0.03412829620414759,-0.03472426539542367
2025-04-03,590.09,609.72,578.24,592.43,1459211.71,2025-04-03 23:59:59.999,869503886.366,1490576,744314.26,443635114.53,0,2025-04-03,36.02475210616563,617.762,14.554762505083984,-1.7404612401714914,0.003982510845986775,0.003974601641707828
2025-04-04,592.42,600.45,584.8,597.84,745865.93,2025-04-04 23:59:59.999,442618369.8534,1042795,382875.24,227190423.016,0,2025-04-04,36.35217326806111,616.673,15.208544378266769,-1.2383170625396998,0.009131880559728689,0.009090437052152433
2025-04-05,597.85,599.25,588.88,593.11,285833.34,2025-04-05 23:59:59.999,170001909.6835,471281,134314.57,79882723.7829,0,2025-04-05,37.29548740582907,616.2215,15.78578050186548,-1.464070781756327,-0.007911815870467076,-0.007943280356348704
2025-04-06,593.11,593.93,544.0,555.35,1017294.88,2025-04-06 23:59:59.999,577653369.6766,1200236,467385.46,265398901.6475,0,2025-04-06,29.538331726133052,612.4195,20.417714825235453,-2.7950973205612804,-0.06366441300939119,-0.06578133365255702
2025-04-07,555.35,567.97,509.59,554.63,1954449.46,2025-04-07 23:59:59.999,1068127558.1847,2394969,964991.49,527730465.5891,0,2025-04-07,23.273106777118187,608.78,23.808966245610595,-2.2743532600867558,-0.0012964796974881398,-0.0012973208543983128
2025-04-08,554.63,565.68,547.43,553.72,820262.08,2025-04-08 23:59:59.999,457681354.2504,1189572,425129.65,237184405.9176,0,2025-04-08,24.244071481959594,605.5649999999999,26.665542618861057,-1.9442694544430135,-0.0016407334619475966,-0.001642080939196548
2025-04-09,553.73,585.86,534.4,582.12,1295600.09,2025-04-09 23:59:59.999,728402746.8663,1631187,647145.72,363775407.0419,0,2025-04-09,39.13043478260866,603.175,26.509414514378236,-0.7942461342773184,0.05128946037708593,0.05001746822559129
2025-04-10,582.13,583.44,565.98,577.79,1079915.33,2025-04-10 23:59:59.999,621817513.5821,1165786,560082.85,322479956.0853,0,2025-04-10,30.26483405967143,600.3325,26.000999955474573,-0.8669858866429343,-0.007438328866900323,-0.007466131189411769
2025-04-11,577.8,589.9,575.53,585.84,516951.57,2025-04-11 23:59:59.999,301341919.1747,730647,269500.51,157102636.6767,0,2025-04-11,38.05265417083989,598.2995,25.430628751263303,-0.4899406979617439,0.013932397583897416,0.013836233897100732
2025-04-12,585.84,599.99,583.56,597.11,464684.15,2025-04-12 23:59:59.999,275197495.7048,660019,240166.85,142206569.0074,0,2025-04-12,47.96130952380952,596.9925000000001,24.743253386696306,0.004748769216546364,0.019237334425781683,0.019054636273357687
2025-04-13,597.11,598.46,579.17,584.06,442529.13,2025-04-13 23:59:59.999,260108416.3955,703788,217994.27,128133103.7248,0,2025-04-13,43.90709079762956,594.3665,23.049723203049396,-0.44714202896096017,-0.021855269548324507,-0.022097633749281923
2025-04-14,584.06,592.8,582.83,584.09,454731.12,2025-04-14 23:59:59.999,267332711.1858,668112,215863.87,126920923.0526,0,2025-04-14,42.87597114317427,592.0944999999999,21.594833805926925,-0.3706673583106241,5.13645858304379e-05,5.136326671526948e-05
2025-04-15,584.09,591.11,578.95,579.11,414127.89,2025-04-15 23:59:59.999,242592468.1821,582296,206491.2,120948826.5391,0,2025-04-15,38.861663399607984,590.164,20.897990938448853,-0.5289503681266527,-0.008526083309079113,-0.008562638286200519
2025-04-16,579.11,586.53,575.62,582.68,461405.32,2025-04-16 23:59:59.999,268183421.6824,717286,230836.9,134165565.2989,0,2025-04-16,47.0532016565785,587.465,17.838802620907288,-0.26823549212837894,0.006164631935210885,0.006145708323342108
2025-04-17,582.68,593.0,580.62,590.36,405995.01,2025-04-17 23:59:59.999,238311561.1137,611332,203431.1,119425169.7273,0,2025-04-17,49.2092596837039,586.021,16.227433529294835,0.26738670610894855,0.013180476419303977,0.013094369732828235
2025-04-18,590.36,595.5,586.14,591.53,453578.76,2025-04-18 23:59:59.999,268027157.7627,590341,239121.38,141304414.254,0,2025-04-18,47.50888274772995,585.4680000000001,15.816319886027639,0.3832749997270323,0.001981841588183375,0.0019798803309829336
2025-04-19,591.52,593.97,587.15,591.56,315265.34,2025-04-19 23:59:59.999,186186529.3804,468238,167244.97,98783917.6568,0,2025-04-19,49.364493644936424,584.9485,15.4119264395875,0.42898595616298146,5.071594001981872e-05,5.071465401001328e-05
2025-04-20,591.57,595.0,587.0,592.42,343875.49,2025-04-20 23:59:59.999,203273308.7823,488843,169879.71,100405638.1595,0,2025-04-20,71.79306290417392,584.338,14.821800657718624,0.5452778772727049,0.0014537832172560883,0.0014527274975026114
2025-04-21,592.43,608.49,592.28,596.88,579113.18,2025-04-21 23:59:59.999,347483493.2061,766151,306999.54,184152188.6728,0,2025-04-21,73.79209370424593,583.6355000000001,13.792306961349603,0.9602817017570137,0.007528442658924384,0.007500245367187969
2025-04-22,596.88,620.26,594.34,618.27,651271.21,2025-04-22 23:59:59.999,395169743.5073,844488,351260.17,213248400.2565,0,2025-04-22,79.53692687837459,585.045,15.782418766005826,2.105190623351361,0.03583634901487742,0.03520916708826793
2025-04-23,618.27,619.94,601.12,605.45,823596.78,2025-04-23 23:59:59.999,502857032.4126,1083895,402610.52,245821817.4141,0,2025-04-23,62.45063507311345,585.696,16.36099321397333,1.2073839125566561,-0.020735277467772928,-0.020953272051151443
2025-04-24,605.45,606.79,592.52,601.26,556519.27,2025-04-24 23:59:59.999,333852957.3584,886032,265452.52,159234718.6999,0,2025-04-24,62.54409406734365,585.867,16.511776371659174,0.9322437303850958,-0.0069204723759188624,-0.006944529902082921
2025-04-25,601.26,609.91,596.67,599.57,582777.65,2025-04-25 23:59:59.999,352413197.7707,900746,288050.34,174187873.3685,0,2025-04-25,57.87360935887143,586.1899999999999,16.722756320286553,0.8001073354019211,-0.002810764062136095,-0.00281472167713024
2025-04-26,599.56,609.56,598.93,607.18,360399.89,2025-04-26 23:59:59.999,217794125.03,661594,179315.91,108357675.8806,0,2025-04-26,56.02777445229255,588.7815,15.67518665213514,1.1737340299864187,0.012692429574528319,0.012612555841371218
2025-04-27,607.17,608.68,595.86,603.63,412719.88,2025-04-27 23:59:59.999,248319635.5366,689419,197194.28,118669668.1733,0,2025-04-27,63.21761448061603,591.2315,13.769954047636642,0.9004024237922557,-0.005846701142988797,-0.005863860014668137
2025-04-28,603.62,608.16,598.01,605.99,473275.38,2025-04-28 23:59:59.999,285678032.338,701308,236243.62,142612497.2811,0,2025-04-28,64.33996856993193,593.845,10.946554612986263,1.109481515361186,0.003909679770720542,0.0039020568351305334
2025-04-29,605.98,610.8,597.53,600.67,542226.12,2025-04-29 23:59:59.999,327656294.5953,734206,271729.04,164193600.4384,0,2025-04-29,64.05475880052151,594.7724999999999,10.683518972320766,0.55201848897161,-0.008779022756151167,-0.00881778540865291
2025-04-30,600.67,604.42,591.0,599.21,500454.61,2025-04-30 23:59:59.999,299749123.5437,676808,244394.4,146343068.9006,0,2025-04-30,61.080573803459,595.8435000000001,9.939181516145611,0.3387099827617892,-0.002430619141957968,-0.0024335778920333475
2025-05-01,599.21,605.5,597.64,599.14,443178.23,2025-05-01 23:59:59.999,266598061.585,579372,218730.99,131575334.8022,0,2025-05-01,56.55419528217378,596.5085,9.676100930172963,0.2719587175650638,-0.00011682048029915126,-0.00011682730434292381
2025-05-02,599.14,603.5,595.0,600.6,408496.64,2025-05-02 23:59:59.999,244789101.4216,601167,197625.84,118436448.3969,0,2025-05-02,56.741489519845445,596.683,9.718894294936959,0.4030293859704374,0.002436826117435009,0.002433861871263406
2025-05-03,600.61,601.11,595.0,599.07,301085.05,2025-05-03 23:59:59.999,180015957.6449,461486,145363.97,86913775.8065,0,2025-05-03,55.46022975134515,597.4335,9.261618180218944,0.17669698406433143,-0.002547452547452478,-0.002550702825819923
2025-05-04,599.07,600.25,584.16,585.65,473877.0,2025-05-04 23:59:59.999,280427251.0989,626269,226592.4,134123566.4496,0,2025-05-04,45.8379441780401,597.5115,9.149213526761079,-1.2964502320670046,-0.02240138881933673,-0.022656111207526346
2025-05-05,585.65,599.78,583.02,597.19,582464.68,2025-05-05 23:59:59.999,345704243.1092,771524,288972.25,171550861.3271,0,2025-05-05,50.175319533989395,598.4155,8.064209084483894,-0.15196778594913238,0.019704601724579662,0.01951297919984674
2025-05-06,597.18,603.27,592.95,602.56,523941.52,2025-05-06 23:59:59.999,313284087.3244,730346,261084.47,156113301.3778,0,2025-05-06,39.14905373670391,599.4095,7.201637587920631,0.4374699450697611,0.008992113062844087,0.008951924753057096
2025-05-07,602.56,609.29,597.0,602.51,579658.26,2025-05-07 23:59:59.999,349723761.2308,712317,298591.89,180138663.5441,0,2025-05-07,47.534384434753385,600.017,6.90440980368548,0.36107358498176173,-8.29792883695335e-05,-8.298273134114753e-05
2025-05-08,602.51,629.55,600.66,629.29,982144.78,2025-05-08 23:59:59.999,605319463.1116,1092380,507041.42,312490503.8779,0,2025-05-08,67.04780440335728,601.905,9.231910049295884,2.966341727093478,0.04444739506398232,0.04348793699700802
2025-05-09,629.29,671.3,622.78,666.72,1139785.83,2025-05-09 23:59:59.999,727344991.6634,1499551,576900.89,368276556.6191,0,2025-05-09,78.46545146248411,605.663,16.90663062078849,3.6114233148812027,0.05947973112555438,0.05777796793968911
2025-05-10,666.72,679.29,648.67,664.1,1097006.8,2025-05-10 23:59:59.999,725447098.4515,1505637,552414.74,365312962.9867,0,2025-05-10,75.19475920679889,609.2470000000001,21.043130920749434,2.606693852097481,-0.003929685625149948,-0.0039374271274752945
2025-05-11,664.1,668.7,648.22,651.36,722042.79,2025-05-11 23:59:59.999,475023197.6615,1067469,334306.93,219913742.1619,0,2025-05-11,69.53745395006139,611.971,22.809984402044165,1.726831518414808,-0.01918385785273302,-0.01937025579199929
2025-05-12,651.37,693.55,647.13,660.5,1473081.24,2025-05-12 23:59:59.999,987147532.8069,1898497,726892.46,487270954.0163,0,2025-05-12,71.13937795703093,614.0825000000001,25.24806420407488,1.8384577773890647,0.01403217882584129,0.01393463920771128
2025-05-13,660.5,671.84,640.88,664.62,902555.38,2025-05-13 23:59:59.999,591498583.304,1267480,437041.72,286462896.7215,0,2025-05-13,75.03327331089017,617.0409999999999,27.545459631602803,1.7272901101063078,0.006237698713096096,0.006218324794516419
2025-05-14,664.62,666.87,647.2,652.8,632708.75,2025-05-14 23:59:59.999,415449838.9331,922478,302397.54,198563462.6594,0,2025-05-14,69.4040118763125,619.618,28.389343923760116,1.1688188388259524,-0.01778459871806448,-0.01794464510699924
2025-05-15,652.79,661.57,642.39,652.17,751530.05,2025-05-15 23:59:59.999,489693785.7592,1165960,367978.08,239789335.7871,0,2025-05-15,69.12369275153262,622.2479999999999,28.86676701494701,1.0365552881106022,-0.0009650735294117752,-0.0009655395126999087
2025-05-16,652.17,660.19,643.57,646.39,533835.5,2025-05-16 23:59:59.999,348561972.2575,849419,272642.47,178007546.5626,0,2025-05-16,66.01384905924319,624.2085,29.119928837942254,0.761729196642071,-0.0088627198429857,-0.008902227347007689
2025-05-17,646.39,646.61,634.32,639.42,445344.93,2025-05-17 23:59:59.999,285390202.0165,840921,211634.6,135620648.8637,0,2025-05-17,63.59409743278751,625.998,28.887534845919234,0.4646294698246277,-0.010782963845356597,-0.010841521329269918
2025-05-18,639.42,654.97,633.82,651.32,519529.99,2025-05-18 23:59:59.999,335289808.2831,888465,258442.27,166803694.923,0,2025-05-18,72.3534617741167,628.2645,29.01310674325074,0.7946580903599165,0.01861061587063295,0.018439557435099885
2025-05-19,651.32,653.47,633.16,649.96,522324.4,2025-05-19 23:59:59.999,335830567.7258,938050,251634.72,161816023.9362,0,2025-05-19,69.2999780557384,630.729,28.63675406114372,0.6715495743316074,-0.00208806730946387,-0.002090250361443989
2025-05-20,649.96,654.14,640.22,650.37,421053.04,2025-05-20 23:59:59.999,272646219.4591,770795,211413.91,136903870.712,0,2025-05-20,68.14421252371918,633.287,27.949827435688388,0.6112023424583704,0.0006308080497261503,0.0006306091739589122
2025-05-21,650.37,678.38,648.85,673.58,1031763.44,2025-05-21 23:59:59.999,682841337.2928,1348744,506775.92,335445937.4999,0,2025-05-21,72.93912594409656,637.009,28.11920750175727,1.3005700817746935,0.03568737795408783,0.03506533956738853
2025-05-22,673.59,689.99,673.35,686.49,755685.58,2025-05-22 23:59:59.999,516125627.8273,1010406,379252.76,259050699.8026,0,2025-05-22,70.27793533749289,641.3035,28.816119625371925,1.5680980155362194,0.019166246028682554,0.018984887183619435
2025-05-23,686.49,691.66,653.6,656.85,873638.58,2025-05-23 23:59:59.999,588930293.9164,1200769,411627.3,277410345.3651,0,2025-05-23,46.296435272045024,644.1925,27.210780540664032,0.46516489966484226,-0.04317615697242494,-0.044135976544025186
2025-05-24,656.85,677.27,655.31,667.89,451825.83,2025-05-24 23:59:59.999,302793439.2802,713043,226073.31,151515951.6104,0,2025-05-24,51.33761558551562,648.3045,23.912429376473472,0.8190510337385231,0.016807490294587835,0.01666780740274454
2025-05-25,667.89,671.54,656.49,669.13,444723.84,2025-05-25 23:59:59.999,295165174.0298,712886,212057.29,140786176.8197,0,2025-05-25,56.82568948298377,651.9015,21.059467748325076,0.8180881020305072,0.0018565931515668321,0.0018548718127229112
2025-05-26,669.12,677.5,667.98,673.91,343148.74,2025-05-26 23:59:59.999,230963959.5148,563345,171349.73,115321037.0753,0,2025-05-26,55.329465066369906,655.469,18.09590209501131,1.01907050022578,0.0071436043818091655,0.0071182097079737295
2025-05-27,673.92,698.0,666.12,687.14,736636.18,2025-05-27 23:59:59.999,504345330.223,1016953,381934.49,261460509.5188,0,2025-05-27,58.345686332641556,659.7005,14.621643105545262,1.8766358747734389,0.01963170156252314,0.01944148519273269
2025-05-28,687.14,689.05,679.71,686.8,555762.12,2025-05-28 23:59:59.999,380356661.709,786214,282807.31,193534522.7246,0,2025-05-28,63.77187297472456,662.576,13.966634828108816,1.7344192282630215,-0.0004948045522019662,-0.000494927008370652
2025-05-29,686.79,691.21,673.1,674.7,683667.55,2025-05-29 23:59:59.999,466281679.5616,896118,341084.5,232684833.3823,0,2025-05-29,58.35001111852349,662.975,14.203234435217357,0.825516191644878,-0.0176179382644146,-0.0177749813899407
2025-05-30,674.7,678.28,652.74,655.0,597296.63,2025-05-30 23:59:59.999,398320942.2931,973629,287491.1,191767630.3343,0,2025-05-30,52.892561983471076,662.52,14.31065116767209,-0.5254827269487038,-0.02919816214613913,-0.029632911998127877
2025-05-31,655.0,661.46,645.11,657.92,409036.67,2025-05-31 23:59:59.999,267437753.2098,751644,195277.86,127628831.5401,0,2025-05-31,56.38900400607819,662.848,14.115245061938728,-0.3491260674806263,0.004458015267175597,0.0044481077514390115
2025-06-01,657.92,662.44,647.12,660.66,361412.11,2025-06-01 23:59:59.999,236358144.5682,628080,189145.07,123686301.9243,0,2025-06-01,53.44344491962834,662.856,14.113889538161612,-0.15559141185442946,0.004164640077821025,0.00415599196686387
2025-06-02,660.65,667.24,649.61,665.93,434626.8,2025-06-02 23:59:59.999,285845661.4828,699227,221883.58,145913752.3603,0,2025-06-02,55.72278363076039,662.9215,14.125541731601572,0.21298298197437027,0.007976871613235126,0.007945224557800522
2025-06-03,665.93,673.76,656.66,661.33,449486.17,2025-06-03 23:59:59.999,299302662.1727,650835,212814.82,141694939.8952,0,2025-06-03,53.81296966323409,663.348,13.93129328642076,-0.14485374462447928,-0.006907632934392338,-0.006931601069929943
2025-06-04,661.33,671.83,660.64,662.93,396008.48,2025-06-04 23:59:59.999,264299735.7331,590242,202626.79,135252784.5488,0,2025-06-04,45.6391777905167,663.8860000000001,13.682443379849992,-0.06987056137999616,0.002419367033099862,0.002416445076587322
2025-06-05,662.93,670.74,622.05,632.9,880284.36,2025-06-05 23:59:59.999,572076168.9043,1137886,409745.78,266554577.868,0,2025-06-05,30.754866048983644,663.2115,14.871199744566606,-2.0382686347195853,-0.045298900336385395,-0.046356972136753
2025-06-06,632.9,651.12,628.56,642.25,518637.65,2025-06-06 23:59:59.999,333135202.4732,757483,256800.85,164956828.4869,0,2025-06-06,43.86245165629727,663.353,14.644646264461958,-1.4410044202440333,0.014773265918786471,0.01466520420873322
2025-06-07,642.26,653.54,639.13,650.41,288186.53,2025-06-07 23:59:59.999,186749646.4818,484110,142889.53,92575844.0441,0,2025-06-07,42.46941237291053,663.3075,14.6853567865429,-0.8782558154677462,0.01270533281432451,0.012625297279162822
2025-06-08,650.41,656.19,646.21,651.64,242049.05,2025-06-08 23:59:59.999,157566159.512,383235,120331.57,78318330.6879,0,2025-06-08,42.464454976303294,663.3915,14.609600403435476,-0.8043683383179034,0.0018911148352578344,0.0018893289288127429
2025-06-09,651.65,667.76,647.52,665.61,401145.08,2025-06-09 23:59:59.999,263397483.2052,576179,208576.2,136921355.6964,0,2025-06-09,46.68636218460557,664.1535,14.288599531782122,0.10193441258958329,0.021438217420661765,0.02121165123463211
2025-06-10,665.61,674.59,656.77,673.66,596903.36,2025-06-10 23:59:59.999,396836026.8275,846218,299041.85,198761957.5011,0,2025-06-10,44.38614026320171,664.1575,14.29138823320799,0.6649109131273606,0.012094169258274334,0.012021619162899979
2025-06-11,673.67,674.43,662.06,667.58,479501.21,2025-06-11 23:59:59.999,320782774.0768,734454,248246.57,166076003.8414,0,2025-06-11,42.360890302066785,663.212,13.329281814295298,0.32769957608034733,-0.009025324347593622,-0.009066299315289916
2025-06-12,667.59,670.24,651.42,654.41,472428.82,2025-06-12 23:59:59.999,313120763.7375,784639,229936.4,152387716.1084,0,2025-06-12,42.00362575865055,663.0899999999999,13.401547043479239,-0.6476864179813746,-0.019727972677431982,-0.01992516693483519
2025-06-13,654.41,659.7,637.55,655.04,656867.84,2025-06-13 23:59:59.999,426766011.9347,1009261,318211.19,206769491.6463,0,2025-06-13,50.01855287569571,662.4475,13.467180721280794,-0.5500408848226652,0.0009626992252562694,0.0009622361275491522
2025-06-14,655.03,655.05,638.37,645.23,294994.11,2025-06-14 23:59:59.999,190647010.4307,509497,142554.32,92122450.3818,0,2025-06-14,44.46769552707299,661.2524999999999,13.896535302791756,-1.1529852334330464,-0.014976184660478675,-0.015089460092665216
2025-06-15,645.23,651.76,642.36,647.92,247482.81,2025-06-15 23:59:59.999,160255386.9463,462179,124641.21,80720244.3509,0,2025-06-15,44.443475226796906,659.953,13.865765148688135,-0.867820842987412,0.004169055995536297,0.004160389560474845
2025-06-16,647.93,659.62,646.0,650.74,344752.07,2025-06-16 23:59:59.999,225703836.7312,548026,175161.77,114662153.4409,0,2025-06-16,43.230234423745436,658.133,12.423296918147845,-0.5950916289540177,0.004352389183849947,0.004342944931504433
2025-06-17,650.74,659.25,640.0,648.04,548283.83,2025-06-17 23:59:59.999,357357792.9803,785297,270438.19,176244619.2425,0,2025-06-17,43.97497506573575,656.195,10.606310683572014,-0.7688818707367555,-0.004149122537419059,-0.0041577540300214615
2025-06-18,648.04,654.19,636.69,644.33,498276.26,2025-06-18 23:59:59.999,321310024.2651,739343,249035.59,160577299.4047,0,2025-06-18,41.725978647686865,654.6765,9.972617919009663,-1.0374908658916573,-0.005724955249675867,-0.0057414056211201195
2025-06-19,644.33,646.43,638.24,644.51,267450.95,2025-06-19 23:59:59.999,171917373.8018,463855,135017.16,86794846.917,0,2025-06-19,57.032101756511224,654.152,10.227311526167922,-0.9427697567762288,0.0002793599553023718,0.0002793209415758047
2025-06-20,644.52,654.0,637.88,641.68,459301.24,2025-06-20 23:59:59.999,296157545.2041,607893,226653.24,146163046.9502,0,2025-06-20,49.62514796790737,653.3399999999999,10.551942200902097,-1.1050098434962183,-0.004390932646506696,-0.004400601104004021
2025-06-21,641.69,644.96,620.91,628.75,463181.21,2025-06-21 23:59:59.999,294067748.6591,665015,215339.64,136684430.7044,0,2025-06-21,36.59653465346533,651.7445,11.733217566990295,-1.959777858776923,-0.02015023064455801,-0.020356015644720123
2025-06-22,628.75,635.41,600.91,615.72,771802.31,2025-06-22 23:59:59.999,476561777.909,1115391,372776.21,230260194.8884,0,2025-06-22,30.604751619870385,649.234,13.738504247115227,-2.4394213079664175,-0.020723658051689853,-0.020941406672075214
2025-06-23,615.72,642.56,614.86,640.02,702895.58,2025-06-23 23:59:59.999,439378962.987,995852,360266.99,225264407.8803,0,2025-06-23,37.56922180122408,648.1685,13.576415802901064,-0.6001952296024116,0.03946599103488602,0.03870711112357275
2025-06-24,640.02,643.9,635.75,643.3,366832.98,2025-06-24 23:59:59.999,234720882.1975,571977,178697.12,114354417.0634,0,2025-06-24,34.53545232273835,647.187,13.156138891291086,-0.29545142629750726,0.00512483984875467,0.0051117525515081514
2025-06-25,643.29,653.09,641.41,646.1,556507.34,2025-06-25 23:59:59.999,359553064.6847,674902,277580.61,179335815.9684,0,2025-06-25,38.68043844856659,647.847,12.725744771942773,-0.13728076676908332,0.0043525571273124175,0.0043431121471652285
2025-06-26,646.1,649.94,640.73,642.05,312360.97,2025-06-26 23:59:59.999,201627218.5995,515810,151681.51,97916158.7183,0,2025-06-26,42.79384328358207,647.837,12.730452135708934,-0.4545792983870143,-0.006268379507816224,-0.006288108286836913
2025-06-27,642.05,648.45,638.58,645.56,260803.54,2025-06-27 23:59:59.999,168134955.2443,421630,127941.93,82486544.1293,0,2025-06-27,44.65252707581226,647.5944999999999,12.725052155847882,-0.15988146650267457,0.0054668639514057205,0.005451974890338799
2025-06-28,645.57,648.99,644.0,648.38,130000.31,2025-06-28 23:59:59.999,84006091.7152,264391,69940.44,45196545.2713,0,2025-06-28,51.928965094917324,647.4315,12.691339058818427,0.07473600662657526,0.004368300390358737,0.004358787060867371
2025-06-29,648.37,656.06,646.46,654.96,204184.44,2025-06-29 23:59:59.999,132750001.2222,357554,105479.87,68593307.6048,0,2025-06-29,54.115033902267996,646.899,12.098022848495944,0.666307222341062,0.010148369783151923,0.010097220839703701
2025-06-30,654.96,660.0,651.19,656.99,311402.68,2025-06-30 23:59:59.999,204031535.5557,506108,152792.33,100111371.7161,0,2025-06-30,53.687315634218294,646.0654999999999,10.644157515329585,1.0263376865916114,0.003099425919140142,0.0030946326004295914
2025-07-01,656.99,659.2,643.65,646.11,291724.16,2025-07-01 23:59:59.999,189716681.8595,473313,139013.25,90393862.2711,0,2025-07-01,48.96158398794794,644.992,9.366075176462237,0.1193669684404929,-0.01656037382608566,-0.016699029744011273
2025-07-02,646.12,664.88,643.5,659.97,382879.99,2025-07-02 23:59:59.999,251987600.2254,561589,207895.91,136847212.5353,0,2025-07-02,57.58634070624756,645.27,9.735556102873433,1.5099291550136889,0.02145145563448958,0.021224611517316593
2025-07-03,659.96,665.0,656.56,663.9,307349.05,2025-07-03 23:59:59.999,203221196.9954,528793,157446.22,104112014.8728,0,2025-07-03,59.07516615182999,645.713,10.383537121738144,1.751522606099723,0.0059548161280056355,0.005937156283185957
2025-07-04,663.9,664.4,650.08,653.39,287088.14,2025-07-04 23:59:59.999,188473224.4027,498467,138655.69,91042408.6158,0,2025-07-04,55.11309055977646,646.121,10.522939303235036,0.6907765777728394,-0.015830697394185855,-0.015957341236018954
2025-07-05,653.38,656.76,651.72,655.99,151159.11,2025-07-05 23:59:59.999,98945860.5766,300244,74453.41,48737080.9204,0,2025-07-05,63.07352658859666,646.5245,10.747869544122006,0.8806861640013753,0.003979246697990435,0.0039713504363658135
2025-07-06,656.0,664.89,653.22,663.12,285320.92,2025-07-06 23:59:59.999,188388629.3189,407785,146233.96,96556815.2443,0,2025-07-06,74.1147741147741,647.1435,11.343429016074964,1.4084365474813145,0.010869068126038606,0.01081042435781033
2025-07-07,663.12,663.2,656.5,661.04,240143.07,2025-07-07 23:59:59.999,158667964.046,402066,122502.99,80938858.6546,0,2025-07-07,63.81803839074411,647.7935,11.762234962642887,1.1261890314273724,-0.003136687175775199,-0.0031416168903419437
2025-07-08,661.05,662.64,657.24,660.52,262127.28,2025-07-08 23:59:59.999,172981340.612,408104,136874.22,90318086.9513,0,2025-07-08,61.74624829467939,648.603,12.064553168622856,0.9877696946948207,-0.0007866392351445484,-0.0007869487981412619
2025-07-09,660.52,671.94,658.41,668.88,369372.61,2025-07-09 23:59:59.999,245361947.3828,492907,192777.89,128074540.5968,0,2025-07-09,64.44331727111333,649.8214999999999,12.835445689701249,1.4848335196721705,0.0126566947253679,0.012577268247014883
2025-07-10,668.89,688.13,667.12,686.3,523184.88,2025-07-10 23:59:59.999,353542616.0569,610078,271262.99,183311921.8439,0,2025-07-10,73.98894069174888,652.0525,15.035176954505085,2.277824870543885,0.026043535462265233,0.025710178072786475
2025-07-11,686.3,697.78,683.01,690.4,686984.04,2025-07-11 23:59:59.999,474213336.1737,864131,333737.24,230394194.1102,0,2025-07-11,74.15427709545358,655.135,16.274879739247833,2.1668362878870533,0.005974063820486597,0.00595628985462914
2025-07-12,690.4,697.38,679.47,686.1,373521.41,2025-07-12 23:59:59.999,257258216.1861,599527,177094.59,121991258.1262,0,2025-07-12,70.00000000000003,658.654,14.850455034695843,1.848158856807862,-0.006228273464658152,-0.006247750072373025
2025-07-13,686.1,694.47,685.3,692.33,256169.77,2025-07-13 23:59:59.999,176975050.4151,423622,124054.1,85698512.723,0,2025-07-13,69.888238424694,661.2695000000001,15.96083115995164,1.9460452709966543,0.009080308992858166,0.009039330863072105
2025-07-14,692.33,708.0,686.01,689.11,697502.14,2025-07-14 23:59:59.999,487195509.1551,870788,344898.38,240908262.0838,0,2025-07-14,66.88038679840236,663.56,16.52347166276441,1.5462852190788035,-0.004650961246804308,-0.004661810620144555
2025-07-15,689.1,693.54,675.0,690.37,543593.97,2025-07-15 23:59:59.999,371190744.9191,789443,262863.76,179521368.8077,0,2025-07-15,75.87698783910196,665.7735,17.019199769383675,1.4452207115076785,0.0018284453860777372,0.0018267758146497913
2025-07-16,690.37,715.99,685.43,709.13,636689.7,2025-07-16 23:59:59.999,446629640.8687,814517,320340.3,224730145.3867,0,2025-07-16,77.1842512718425,669.1274999999999,18.63133378706265,2.14705508779931,0.02717383432072662,0.02681118081051466
2025-07-17,709.13,728.4,707.08,721.11,1062916.76,2025-07-17 23:59:59.999,763266406.8725,1240569,540797.31,388357446.7717,0,2025-07-17,79.04945668731594,672.905,21.097229177029835,2.2848972059555814,0.016893940462256563,0.01675282496374279
2025-07-18,721.1,766.26,718.91,730.39,1413209.2,2025-07-18 23:59:59.999,1046980638.2837,1657987,697578.17,516816790.6975,0,2025-07-18,89.59276018099547,677.0055,23.867546888493916,2.2366982350304143,0.012869049104852204,0.012786946530205458
2025-07-19,730.39,742.94,718.95,733.43,565705.53,2025-07-19 23:59:59.999,414300782.5972,812932,268058.41,196342222.4794,0,2025-07-19,89.63963963963963,680.929,26.37121554791275,1.990844900744644,0.004162159941948795,0.004153522113977172
2025-07-20,733.43,762.04,731.67,757.31,698636.07,2025-07-20 23:59:59.999,523447640.8821,871688,356541.22,267153511.1175,0,2025-07-20,91.15616534125665,685.9449999999999,30.75467914764353,2.3204599097717495,0.03255934445004982,0.03204052066628134
2025-07-21,757.32,782.76,746.29,766.51,952173.7,2025-07-21 23:59:59.999,729467661.2871,1188121,472378.81,362060970.1283,0,2025-07-21,93.38543809132047,691.9649999999999,34.1438439392552,2.1832632591872776,0.012148261610172906,0.012075063702038742
2025-07-22,766.52,789.48,745.0,787.6,1005296.57,2025-07-22 23:59:59.999,768618588.919,1226574,502255.05,384300502.4555,0,2025-07-22,94.70869687587955,698.3465,39.37548118671172,2.2667278547473586,0.027514318143272876,0.027142602223788018
2025-07-23,787.6,810.55,752.5,776.92,2174747.27,2025-07-23 23:59:59.999,1711879462.6428,2011391,1068883.91,841780346.0011,0,2025-07-23,87.39961229576292,703.9975,42.18174921818877,1.728768990181086,-0.013560182833925905,-0.01365296180103844
2025-07-24,776.88,786.93,742.61,771.15,1153929.43,2025-07-24 23:59:59.999,886952287.7546,1360600,562048.27,432131660.9924,0,2025-07-24,81.94894193839896,709.8855,42.95754801332036,1.4261638020168883,-0.0074267620861864225,-0.007454477794308678
2025-07-25,771.16,786.5,752.26,785.98,862077.9,2025-07-25 23:59:59.999,661954107.5462,1167666,437401.67,336020748.3427,0,2025-07-25,83.29849498327758,716.385,44.190047522049205,1.5749021307405178,0.01923101860857157,0.019048439643225334
2025-07-26,785.98,799.0,778.81,793.61,403647.62,2025-07-26 23:59:59.999,317546794.1377,570799,203705.45,160299010.734,0,2025-07-26,86.60537963908746,722.9095,45.524778732962666,1.5530113922071331,0.00970762614824805,0.009660809884876428
2025-07-27,793.57,848.0,791.16,844.8,1093029.43,2025-07-27 23:59:59.999,894441073.0569,1167215,587109.17,480586206.3484,0,2025-07-27,89.74506021583855,732.0975000000001,50.63734640872123,2.2256794242399165,0.06450271543957342,0.06250775625427171
2025-07-28,844.71,861.76,821.0,824.48,1679579.1,2025-07-28 23:59:59.999,1416705718.916,1686366,837724.37,706842309.8257,0,2025-07-28,82.39911923794936,740.2955,51.70041224258966,1.6283139021210886,-0.024053030303030187,-0.024347028372082767
2025-07-29,824.48,835.67,800.61,805.82,1312874.32,2025-07-29 23:59:59.999,1075229358.1071,1465168,637073.3,521915893.3726,0,2025-07-29,75.50704785471257,747.1425,50.804775042375496,1.1549603349499726,-0.022632447118183574,-0.02289249207607558
2025-07-30,805.82,812.28,765.79,794.07,1163545.13,2025-07-30 23:59:59.999,920807585.8055,1363708,549394.61,434877983.7167,0,2025-07-30,69.36616507067944,752.531,49.71552758604739,0.835533725919022,-0.014581420168275794,-0.01468877393360582
2025-07-31,794.08,815.0,782.01,783.68,1043932.17,2025-07-31 23:59:59.999,835235471.6306,1228528,507754.0,406277103.3362,0,2025-07-31,64.37003353084376,757.1949999999999,47.92317377023035,0.5526553839481385,-0.013084488773030256,-0.013170844806429986
2025-08-01,783.67,795.88,745.0,757.64,1271585.32,2025-08-01 23:59:59.999,978358648.9532,1670439,623872.1,480019689.3347,0,2025-08-01,55.810977950270825,760.7719999999999,44.912652958722674,-0.06973535949609651,-0.03322784810126578,-0.033792434975262055
2025-08-02,757.64,770.47,732.82,736.97,726171.5,2025-08-02 23:59:59.999,544793276.2116,1045574,347797.5,260958671.9007,0,2025-08-02,50.702102340341156,763.004,42.36953528186495,-0.6144509215597437,-0.027282086479066492,-0.02766115299079167
2025-08-03,736.97,755.68,730.43,751.41,408193.71,2025-08-03 23:59:59.999,304844640.8956,689400,210324.6,157080898.2288,0,2025-08-03,48.784307261188495,766.119,38.789856229651136,-0.3791970744340227,0.019593741943362497,0.019404255744379234
2025-08-04,751.4,770.0,750.56,768.89,484047.2,2025-08-04 23:59:59.999,368238123.4518,685042,243507.48,185263153.357,0,2025-08-04,50.474216944289466,770.045,34.45050140955363,-0.03352636254169799,0.02326293235384136,0.022996474819028365
2025-08-05,768.89,770.04,745.41,755.57,523867.46,2025-08-05 23:59:59.999,396145526.2799,842228,248198.51,187645991.7817,0,2025-08-05,43.41407245959617,772.367,31.57360541573635,-0.5319949932492744,-0.01732367438775373,-0.017475485068859264
2025-08-06,755.56,775.39,746.39,769.94,492368.17,2025-08-06 23:59:59.999,375572955.6254,812440,244072.97,186211629.8901,0,2025-08-06,48.586243214777625,774.8085,29.20017164245149,-0.16672847199713217,0.01901875405323139,0.018840158441427054
2025-08-07,769.94,788.99,764.78,788.99,552539.95,2025-08-07 23:59:59.999,428060533.0196,830342,265582.87,205807107.407,0,2025-08-07,53.428922887675874,777.7385,27.39262699016522,0.41074921379536156,0.0247421877029379,0.02444105676060097
2025-08-08,788.99,799.0,781.1,793.71,556718.36,2025-08-08 23:59:59.999,439509213.2365,925693,259196.63,204654893.5033,0,2025-08-08,51.54581450225974,780.7525,25.512562411305634,0.5078870476082793,0.005982331841975164,0.005964508741983198
2025-08-09,793.72,819.86,792.89,799.16,614720.66,2025-08-09 23:59:59.999,496416264.9633,875928,295524.63,238640755.1409,0,2025-08-09,51.11962880774661,782.845,25.203007443791883,0.6473433790148216,0.006866487760013085,0.006843020795439344
2025-08-10,799.17,816.04,794.02,807.65,467219.66,2025-08-10 23:59:59.999,375977895.7249,841683,228633.14,183953421.0004,0,2025-08-10,40.94564952473799,784.902,25.476997798865924,0.8928838546672297,0.010623654837579544,0.010567620328018976
2025-08-11,807.65,828.22,791.1,805.26,950416.12,2025-08-11 23:59:59.999,769288960.3034,1360958,459318.89,371998708.8752,0,2025-08-11,44.86700138874051,785.7850000000001,25.87830436569259,0.7525608990756877,-0.0029592026248993486,-0.002963589721997455
2025-08-12,805.25,840.66,797.7,833.05,790002.06,2025-08-12 23:59:59.999,646512163.3567,1054315,408382.79,334415427.9358,0,2025-08-12,56.93404634581103,788.5915,27.83590000721839,1.5971640934358509,0.03451059285199798,0.03392845773730807
2025-08-13,833.05,860.0,828.83,848.3,1096958.53,2025-08-13 23:59:59.999,928505659.4047,1284530,535463.3,453331554.304,0,2025-08-13,63.5676757568176,792.449,30.509016941523992,1.8306391224289025,0.018306224116199532,0.018140682438611333
2025-08-14,848.29,870.15,821.0,840.8,1665514.57,2025-08-14 23:59:59.999,1412668513.5884,1858654,811108.43,688095994.3861,0,2025-08-14,64.50040617384244,795.19,32.30684447607614,1.4117751436162393,-0.008841211835435625,-0.008880527250947741
2025-08-15,840.77,853.99,812.8,828.0,836007.78,2025-08-15 23:59:59.999,698141256.1376,1157560,411934.34,343941421.5582,0,2025-08-15,69.14870455040283,796.9095,33.12319738493524,0.938632211096272,-0.015223596574690745,-0.015340665177481652
2025-08-16,828.0,839.7,825.4,838.97,363568.89,2025-08-16 23:59:59.999,302900271.4661,632955,173280.76,144384120.346,0,2025-08-16,79.30697620963112,796.6179999999999,32.70253822438205,1.2950676705707107,0.013248792270531329,0.01316179458925799
2025-08-17,838.98,864.48,838.36,855.96,616676.23,2025-08-17 23:59:59.999,526757101.1185,824080,306626.55,261891558.7335,0,2025-08-17,79.60582205357653,798.192,34.80418646931519,1.6598003246227486,0.02025102208660612,0.02004869710342923
2025-08-18,855.95,859.1,825.19,847.56,830419.81,2025-08-18 23:59:59.999,697730458.8125,1125457,422286.03,354737776.3416,0,2025-08-18,73.48498417815989,800.279,36.495997026369466,1.2955119424696904,-0.00981354268891077,-0.009862012869115932
2025-08-19,847.56,852.6,823.25,824.44,800424.67,2025-08-19 23:59:59.999,672281191.3455,1152653,396581.98,333128093.3164,0,2025-08-19,69.42297929945289,801.7975,36.85411037207653,0.6143819446841325,-0.027278304780782303,-0.027657265233734393
2025-08-20,824.45,882.0,818.54,869.71,1175724.83,2025-08-20 23:59:59.999,996677051.4936,1322342,597213.6,506362594.5925,0,2025-08-20,73.96128536433068,806.0989999999999,39.550160941869144,1.6083626080180962,0.054909999514822116,0.053455454772295054
2025-08-21,869.72,884.54,833.72,839.78,1099716.52,2025-08-21 23:59:59.999,942064252.3131,1316390,549787.58,471201877.4846,0,2025-08-21,61.59218514630027,810.206,38.50418670334008,0.7680723197156774,-0.0344137701072772,-0.035019869974978975
2025-08-22,839.79,901.76,839.52,901.0,1317576.44,2025-08-22 23:59:59.999,1147131059.7028,1525809,679481.17,591960513.3459,0,2025-08-22,69.46692310483725,818.4075,39.53920251507138,2.0888762227441924,0.07290004524994642,0.07036530483592508
2025-08-23,901.01,901.08,876.42,880.86,822363.38,2025-08-23 23:59:59.999,730007803.7178,1067088,391366.83,347420573.2538,0,2025-08-23,64.07358919589333,824.8799999999999,38.5782914139883,1.4510751499923102,-0.022352941176470575,-0.022606554628913936
2025-08-24,880.87,887.01,860.0,876.9,1039574.68,2025-08-24 23:59:59.999,906561688.3427,1224068,501993.72,437752784.478,0,2025-08-24,62.1180835054072,830.2805000000001,37.88160162722386,1.2306633826827558,-0.004495606566310206,-0.0045057421941140305
2025-08-25,876.91,881.3,832.58,839.63,1153510.17,2025-08-25 23:59:59.999,991592949.8037,1502604,547855.72,470937397.591,0,2025-08-25,55.360094819250804,834.4835,33.574543344490685,0.15328577807282212,-0.04250199566655266,-0.04343164217656043
2025-08-26,839.63,868.33,830.08,864.16,633691.2,2025-08-26 23:59:59.999,537423039.2395,1010927,318142.69,269815298.6052,0,2025-08-26,54.90152828107768,839.1945,30.51204257082349,0.8182179197623684,0.029215249574217284,0.02879661823583151
2025-08-27,864.17,867.5,853.41,855.74,490123.02,2025-08-27 23:59:59.999,422022976.1479,851895,236347.34,203527634.9141,0,2025-08-27,51.19799046760274,842.5319999999999,28.302123520879732,0.4666787631767615,-0.009743566006295112,-0.009791345158421505
2025-08-28,855.75,882.21,851.54,873.92,833522.68,2025-08-28 23:59:59.999,726477780.2207,1056196,418371.45,364593652.0998,0,2025-08-28,55.15566625155667,846.5424999999999,26.654840949709605,1.027111737475902,0.02124477060789487,0.021022246599180668
2025-08-29,873.92,878.53,850.56,862.84,673732.09,2025-08-29 23:59:59.999,580167494.0096,953338,331359.86,285327530.0981,0,2025-08-29,55.45261049204959,849.7265,24.405435605761404,0.5373188256842395,-0.01267850604174292,-0.012759564158824083
2025-08-30,862.85,864.6,851.8,862.6,277036.46,2025-08-30 23:59:59.999,237841732.7064,512804,134828.81,115749362.4578,0,2025-08-30,53.82672064777328,852.4739999999999,22.432589638658673,0.45139683661620983,-0.0002781512215475068,-0.00027818991277337184
2025-08-31,862.6,868.27,857.32,858.08,316301.13,2025-08-31 23:59:59.999,272832148.313,521958,159025.85,137159286.4561,0,2025-08-31,50.35776967733225,855.115,19.498945045731887,0.15205950850397618,-0.005239972177138896,-0.005253748979127712
2025-09-01,858.09,869.72,840.01,846.19,781541.09,2025-09-01 23:59:59.999,668124895.9238,1085373,394079.13,336918778.6502,0,2025-09-01,49.77149147679891,855.7719999999999,18.9294072529783,-0.5061965159258895,-0.013856516874883429,-0.013953414555700814
2025-09-02,846.18,857.0,841.2,852.22,446844.24,2025-09-02 23:59:59.999,380006841.0955,756213,212976.84,181087510.033,0,2025-09-02,54.913683316824674,855.9680000000001,18.868163551104114,-0.19864148356826833,0.007126059159290543,0.007100788780839057
2025-09-03,852.22,864.43,849.16,855.21,309946.6,2025-09-03 23:59:59.999,265388823.711,550008,151285.79,129565242.3863,0,2025-09-03,46.98419301164725,856.6885,18.530583901717353,-0.07978701630998888,0.00350848372485979,0.003502343353905718
2025-09-04,855.21,857.17,841.08,843.8,331377.91,2025-09-04 23:59:59.999,280877618.3628,552613,155863.77,132122909.2869,0,2025-09-04,50.90589507842076,857.4784999999999,17.554231241368367,-0.779213843769198,-0.013341752318144162,-0.013431553123420687
2025-09-05,843.8,857.99,842.33,850.28,357112.83,2025-09-05 23:59:59.999,303439969.9089,587418,178510.07,151691855.1677,0,2025-09-05,34.827091061385644,858.0440000000001,17.102981703774553,-0.4539559320400046,0.007679544915856873,0.007650207314686507
2025-09-06,850.28,865.77,849.75,861.47,413035.0,2025-09-06 23:59:59.999,354927950.012,618614,213307.09,183266645.8867,0,2025-09-06,43.871294013528036,858.3195,17.112021159396942,0.18411033802807128,0.013160370701416069,0.013074525373556559
2025-09-07,861.47,884.97,861.12,880.67,408406.79,2025-09-07 23:59:59.999,356212492.3739,572431,224808.16,196095297.9188,0,2025-09-07,51.086893847661884,859.975,17.61065541688582,1.1751408173120417,0.022287485344817393,0.022042749039871384
2025-09-08,880.68,886.59,870.01,878.55,495317.7,2025-09-08 23:59:59.999,435292531.6666,752270,249182.13,219019473.1925,0,2025-09-08,64.07289557419728,862.6805,15.941452577006205,0.9954864478842985,-0.0024072581103024016,-0.0024101602144518774
2025-09-09,878.54,885.42,871.72,880.3,435091.55,2025-09-09 23:59:59.999,382245988.8582,637778,211654.46,185930438.8396,0,2025-09-09,56.98701298701298,863.21,16.35766969639991,1.044769842966152,0.001991918502077361,0.001989937262959545
2025-09-10,880.29,908.1,877.51,894.14,823061.95,2025-09-10 23:59:59.999,736220950.9531,1043363,430436.12,384952429.0323,0,2025-09-10,65.87826662256037,865.9280000000001,16.770656265654814,1.6822239722232082,0.015721912984209885,0.015599603998796396
2025-09-11,894.14,905.45,884.04,903.13,538321.12,2025-09-11 23:59:59.999,483018636.2437,761921,261237.88,234454827.5106,0,2025-09-11,63.071690682896275,866.0345000000001,17.01015191465659,2.1807859321959975,0.01005435390431031,0.010004145151994619
2025-09-12,903.13,930.6,902.0,925.5,669201.39,2025-09-12 23:59:59.999,611067745.5632,916503,366686.8,334936527.1419,0,2025-09-12,75.46740367419929,868.2665000000001,21.416021861453054,2.672461784464984,0.02476941304131186,0.024467624395900694
2025-09-13,925.5,944.5,922.45,934.21,737020.73,2025-09-13 23:59:59.999,687924166.4307,926900,373090.02,348224108.0829,0,2025-09-13,77.23020762035134,871.132,25.979809893590346,2.4279623391533165,0.009411129119395012,0.0093671203431289
2025-09-14,934.22,945.98,923.15,926.82,550735.3,2025-09-14 23:59:59.999,513838304.4859,822994,257592.62,240373902.1774,0,2025-09-14,75.58052991961891,875.4914999999999,27.67549976255391,1.8546548550299267,-0.007910426991789787,-0.007941880402466253
2025-09-15,926.82,936.13,911.0,920.12,566059.27,2025-09-15 23:59:59.999,521422099.1558,861533,265309.78,244398001.3189,0,2025-09-15,78.61732600449014,878.2894999999999,29.25339071218531,1.429936803277164,-0.007229019658617664,-0.007255275634396644
2025-09-16,920.11,960.03,917.05,956.26,904805.28,2025-09-16 23:59:59.999,850868058.5913,1109190,462717.15,435252666.0373,0,2025-09-16,82.65946760421893,883.3155,33.501894600813415,2.1773246220596993,0.0392774855453637,0.038525746282588
2025-09-17,956.26,996.6,946.48,990.81,1358382.52,2025-09-17 23:59:59.999,1309521984.3208,1519131,722043.77,696284568.0354,0,2025-09-17,85.5271431565709,889.1599999999999,41.108835264989516,2.472704452577149,0.03613034112061575,0.035492947816125164
2025-09-18,990.81,1008.19,979.66,981.78,1271592.66,2025-09-18 23:59:59.999,1263997820.8266,1386054,621297.78,617779762.5395,0,2025-09-18,86.60723761010294,895.107,45.47247647582086,1.9060540950763205,-0.009113755412238467,-0.009155539749671978
2025-09-19,981.78,1004.0,974.37,984.48,1146390.96,2025-09-19 23:59:59.999,1133251378.7203,1292028,567507.6,561044147.3627,0,2025-09-19,86.33311674247346,901.201,48.92274660923574,1.7022552038048986,0.002750106948603559,0.002746332323320991
2025-09-20,984.48,1050.0,983.2,1044.27,1610426.54,2025-09-20 23:59:59.999,1632985841.6475,1594761,830175.3,842135454.7169,0,2025-09-20,89.1803840877915,910.5105,57.28564158074742,2.3349568287798306,0.06073256947830319,0.058959772703493195
2025-09-21,1044.28,1084.28,1039.75,1048.25,1894892.89,2025-09-21 23:59:59.999,2010587733.9495,2053390,924552.94,980951394.8354,0,2025-09-21,88.42520407227369,920.6135,62.88874087793979,2.029560430343621,0.003811274861865277,0.003804030355198642
2025-09-22,1048.25,1051.06,976.88,993.51,2188443.49,2025-09-22 23:59:59.999,2218799265.9355,2237928,1082026.85,1097149733.019,0,2025-09-22,71.23540712280183,927.6779999999999,62.73711506212221,1.0493310050169402,-0.052220367278797974,-0.05363325868439231
2025-09-23,993.51,1028.14,963.12,1016.87,1702514.23,2025-09-23 23:59:59.999,1708693658.6791,1925144,862529.53,866050684.1494,0,2025-09-23,73.36207191487907,935.7609999999999,63.32035117269801,1.2809309881871298,0.023512596752926607,0.02324043356953429
2025-09-24,1016.86,1034.96,991.18,1018.81,1269789.63,2025-09-24 23:59:59.999,1290502023.3917,1514985,611994.08,622072114.2848,0,2025-09-24,72.23153464816862,944.5115,62.0223883410546,1.197930327859036,0.0019078151582798686,0.001905997590296133
2025-09-25,1018.81,1020.33,940.0,946.49,1829247.42,2025-09-25 23:59:59.999,1794388809.2204,2041967,903754.97,886555413.4065,0,2025-09-25,56.30745956010707,949.3220000000001,57.92475932759835,-0.04889101021522581,-0.07098477635672984,-0.07363015317310412
2025-09-26,946.49,966.66,932.67,961.28,1150083.93,2025-09-26 23:59:59.999,1090254100.1584,1603585,562223.29,533019973.659,0,2025-09-26,55.32218718391146,954.3125,54.13297233131928,0.1287108337106559,0.01562615558537339,0.01550532434245483
2025-09-27,961.27,986.55,955.82,968.71,720769.92,2025-09-27 23:59:59.999,699973612.6887,962117,358285.77,348009577.1556,0,2025-09-27,55.15140655796453,958.7144999999998,51.33671779999219,0.1947046953594244,0.007729277629827003,0.007699559796846832
2025-09-28,968.71,993.58,963.06,993.09,595352.82,2025-09-28 23:59:59.999,580610432.0575,829038,296235.81,288949586.4092,0,2025-09-28,59.417365354554505,964.4414999999999,48.21720082635139,0.5941551875475798,0.025167490786716318,0.024856004886700103
2025-09-29,993.1,1036.78,991.41,1030.43,1129524.54,2025-09-29 23:59:59.999,1143412466.1754,1390444,549755.01,556622871.9112,0,2025-09-29,64.41998483620488,971.948,46.06677642866652,1.269504934658458,0.03759981471971319,0.03691017545388336
2025-09-30,1030.43,1034.5,993.2,1008.77,931826.35,2025-09-30 23:59:59.999,943040707.9998,1218923,448584.35,454026830.3974,0,2025-09-30,57.13431700225537,977.6795,42.89864609263805,0.7247431523330882,-0.0210203507273663,-0.021244423927507323
2025-10-01,1008.77,1036.56,1003.44,1026.85,816777.34,2025-10-01 23:59:59.999,833790603.3423,1153071,399393.71,407680634.9544,0,2025-10-01,55.12601695397394,983.8654999999999,40.432114056870205,1.0631276895276793,0.017922816895823646,0.017764096880518658
2025-10-02,1026.85,1100.34,1023.08,1090.91,1310435.13,2025-10-02 23:59:59.999,1384850279.0479,1731053,664463.09,702487379.5814,0,2025-10-02,63.42081314410803,992.1359999999999,44.5706600922084,2.2161215426393777,0.06238496372401059,0.06051634651865102
2025-10-03,1090.91,1193.39,1084.5,1190.39,2605397.95,2025-10-03 23:59:59.999,2956935475.763,3055912,1309177.77,1487155980.3987,0,2025-10-03,70.45395847819609,1004.945,60.876124651904405,3.0462681562006875,0.09118992400839665,0.08726877420115536
2025-10-04,1190.39,1191.11,1138.0,1151.46,1283105.97,2025-10-04 23:59:59.999,1487982394.092,1743211,620065.23,718977977.405,0,2025-10-04,61.10800223838836,1016.177,66.19433972464442,2.0437245928088563,-0.032703567738304296,-0.033250282147697395
2025-10-05,1151.45,1189.9,1144.0,1167.98,1238983.69,2025-10-05 23:59:59.999,1444322720.4998,1734542,600927.36,700572369.5645,0,2025-10-05,62.093206472335005,1028.5700000000002,70.33663274045696,1.9820397219529184,0.014347002935403808,0.014245058595685079
2025-10-06,1167.99,1240.26,1162.27,1223.97,2323760.06,2025-10-06 23:59:59.999,2814594837.6956,2622998,1172866.09,1420463997.7326,0,2025-10-06,73.21874748126058,1041.9555,80.57901904507153,2.258832412668004,0.047937464682614506,0.04682391301408378
2025-10-07,1223.95,1362.91,1203.33,1305.33,4867481.93,2025-10-07 23:59:59.999,6262624123.7687,5303614,2382461.3,3066617066.182,0,2025-10-07,76.02114454788193,1057.6815000000001,98.72095481045115,2.5085707535497046,0.06647221745631016,0.06435620838490196
2025-10-08,1305.32,1335.32,1264.28,1306.84,2875136.17,2025-10-08 23:59:59.999,3748365447.4061,3433949,1388653.14,1810994765.2939,0,2025-10-08,76.00252776022387,1073.9344999999998,111.49850876865841,2.0888665020914474,0.0011567955995801515,0.0011561270271020082
2025-10-09,1306.84,1319.99,1225.55,1256.16,3108910.81,2025-10-09 23:59:59.999,3952621384.4281,3451259,1496307.93,1902188646.062,0,2025-10-09,79.09283929276037,1087.5185,116.46548073527123,1.4479955686039392,-0.03878056992439771,-0.039552560930038214
2025-10-10,1256.16,1279.14,823.6,1102.85,4617167.72,2025-10-10 23:59:59.999,5372102191.3203,4883566,2191973.28,2551134707.3579,0,2025-10-10,60.55342686326837,1090.4475,116.05647381545245,0.10686607642174094,-0.12204655457903468,-0.1301617101913487
2025-10-11,1102.99,1183.13,1075.01,1134.93,2439410.5,2025-10-11 23:59:59.999,2747117482.2003,3772705,1194824.99,1346115800.4008,0,2025-10-11,61.95173861773418,1094.7814999999998,116.0161943902342,0.34605944636449637,0.029088271297094126,0.028673236746175904
2025-10-12,1134.95,1320.97,1107.1,1302.92,3385048.28,2025-10-12 23:59:59.999,4178138345.3521,4429200,1663618.29,2054104044.5703,0,2025-10-12,68.46446322363794,1110.252,122.26252619499637,1.5758548918964272,0.14801793943238795,0.1380369244585441
2025-10-13,1302.92,1374.61,1250.01,1293.71,4181705.38,2025-10-13 23:59:59.999,5470069933.4579,5504044,2088223.26,2732828489.6686,0,2025-10-13,66.23461510001727,1124.094,126.72369476439735,1.33847107532137,-0.007068737911767431,-0.0070938398020009286
2025-10-14,1293.7,1317.02,1142.79,1208.03,4103220.59,2025-10-14 23:59:59.999,4966235292.122,5086961,1969953.71,2383726264.5651,0,2025-10-14,61.38784747622531,1133.555,125.50724921400564,0.5933920189184504,-0.06622813458966847,-0.06852312603783892
2025-10-15,1208.03,1223.09,1148.53,1163.09,1825758.36,2025-10-15 23:59:59.999,2159772744.2039,2755006,880939.78,1042254985.2612,0,2025-10-15,57.55428393993834,1144.3849999999998,117.61277823972438,0.15903884152685066,-0.03720106288751113,-0.03791067702845263
2025-10-16,1163.09,1195.59,1121.82,1144.65,1969968.75,2025-10-16 23:59:59.999,2296497694.9907,2921624,952676.23,1110488651.8431,0,2025-10-16,53.13857870392001,1153.5535,109.4517312154363,-0.08134636063887318,-0.015854319098263958,-0.015981343191272215
2025-10-17,1144.65,1156.69,1021.0,1070.3,2898853.83,2025-10-17 23:59:59.999,3106468459.6011,3859462,1380848.91,1479062390.205,0,2025-10-17,42.77428127895642,1158.633,102.5624193049663,-0.8612608848212184,-0.06495435285895268,-0.06715993041342214
2025-10-18,1070.3,1130.98,1068.43,1092.0,1289524.19,2025-10-18 23:59:59.999,1417897068.7017,2037546,620817.51,682704529.9528,0,2025-10-18,46.346588674793544,1163.5785,96.3568640264073,-0.7428479613074941,0.020274689339437657,0.02007189431452054
2025-10-19,1092.0,1133.0,1067.7,1109.08,1226270.67,2025-10-19 23:59:59.999,1349486664.4515,1934221,591527.52,651130605.6448,0,2025-10-19,46.383485607623534,1167.511,92.14991560668604,-0.6340863105007609,0.01564102564102554,0.015519965504178751
2025-10-20,1109.07,1142.74,1086.87,1099.72,1366763.63,2025-10-20 23:59:59.999,1518673790.2214,2185224,664651.73,738576768.3536,0,2025-10-20,41.90754080423088,1172.0584999999999,85.93873321184242,-0.8417450117827842,-0.008439427273055022,-0.008475240879305505
2025-10-21,1099.73,1114.65,1051.01,1056.56,1611353.81,2025-10-21 23:59:59.999,1745482221.0522,2358324,761313.45,824729704.6128,0,2025-10-21,32.94904659419595,1173.544,83.51933664540095,-1.4006816229477554,-0.03924635361728446,-0.04003725419417472
2025-10-22,1056.56,1083.64,1052.03,1071.37,1130104.69,2025-10-22 23:59:59.999,1207666082.3991,1870658,548333.95,586029042.0381,0,2025-10-22,34.149625062265244,1172.567,84.64357780844408,-1.1955661920272074,0.01401718785492534,0.013919855572596167
2025-10-23,1071.38,1159.84,1071.34,1125.61,2449875.65,2025-10-23 23:59:59.999,2730667855.8534,3206479,1205375.22,1343775234.5477,0,2025-10-23,41.25410330273999,1169.328,85.16351087917137,-0.5133419177847949,0.05062676759662854,0.049386907603245433
2025-10-24,1125.61,1143.92,1096.32,1108.16,1111698.02,2025-10-24 23:59:59.999,1248251445.3361,1752335,522413.05,586713073.6009,0,2025-10-24,50.43489655850221,1167.163,86.18589529861961,-0.6846015788959954,-0.015502705199847089,-0.015624128697333416
2025-10-25,1108.16,1120.9,1100.0,1116.35,509394.49,2025-10-25 23:59:59.999,566763008.4442,883196,248144.75,276145125.0262,0,2025-10-25,48.41629730651209,1164.5815,86.93015134822099,-0.5548305076198069,0.00739062951198366,0.007363452630388728
2025-10-26,1116.35,1142.99,1114.23,1137.87,744435.95,2025-10-26 23:59:59.999,840213559.3664,1157391,364149.98,411067892.2959,0,2025-10-26,31.249857996500992,1160.2765,85.96083038682794,-0.260659417773999,0.01927710843373487,0.019093658815579603
2025-10-27,1137.87,1182.76,1129.0,1138.38,1565978.26,2025-10-27 23:59:59.999,1803752634.9523,2201288,719205.54,828639420.6087,0,2025-10-27,31.99823841642909,1151.929,78.95413278075677,-0.1716059631434801,0.00044820585831439885,0.00044810544407173264
2025-10-28,1138.37,1148.9,1070.95,1102.35,1152322.26,2025-10-28 23:59:59.999,1293575015.7454,1936185,536671.98,602973850.1382,0,2025-10-28,36.15956833778615,1141.7045,70.64037830524886,-0.5571105498606305,-0.03165023981447335,-0.03216193446110748
2025-10-29,1102.34,1120.24,1081.82,1107.7,1182130.77,2025-10-29 23:59:59.999,1309664198.5035,1836235,576840.97,639200867.5093,0,2025-10-29,41.90654314854323,1134.2815,65.60063536881968,-0.4052018681001119,0.004853268018324641,0.004841528879897375
2025-10-30,1107.69,1129.87,1040.37,1078.15,1428114.08,2025-10-30 23:59:59.999,1555274497.337,2307940,679187.23,740568645.5159,0,2025-10-30,40.588734786300606,1133.0465,66.45050609884642,-0.8261261384276024,-0.02667689807709661,-0.027039184166212323
2025-10-31,1078.15,1104.34,1071.1,1088.13,1383052.71,2025-10-31 23:59:59.999,1503667398.1719,2025154,690643.29,750789326.3944,0,2025-10-31,53.08552244488287,1130.7065,67.20046908320906,-0.6335744464414491,0.009256596948476581,0.009214017215531667
2025-11-01,1088.12,1096.75,1081.1,1094.22,402580.07,2025-11-01 23:59:59.999,438413900.2152,769424,195615.8,213024187.3539,0,2025-11-01,50.40611737157911,1120.2715,53.94839076428413,-0.4828967024026064,0.0055967577403435165,0.005581154084589409
2025-11-02,1094.23,1094.64,1071.2,1082.98,402442.29,2025-11-02 23:59:59.999,436288952.4106,804624,189668.47,205622344.5366,0,2025-11-02,45.121130551816975,1109.7350000000001,35.82672811423918,-0.746788819640118,-0.010272157335819099,-0.010325280047009687
2025-11-03,1082.98,1087.29,951.0,993.15,1854553.33,2025-11-03 23:59:59.999,1878867052.1056,2664565,873259.81,884648816.9999,0,2025-11-03,34.68601810604973,1098.991,36.998590997396114,-2.8606765054228385,-0.08294705350052634,-0.08659006957082133
2025-11-04,993.15,1001.92,878.96,937.16,2652581.83,2025-11-04 23:59:59.999,2490743406.5858,3596411,1270223.92,1193227075.5043,0,2025-11-04,33.452519540994516,1087.6945,48.95615196815795,-3.0748842371825043,-0.056376176811156475,-0.058027684640525684
2025-11-05,937.17,967.38,900.6,958.81,1156680.07,2025-11-05 23:59:59.999,1093743317.2999,2113667,596605.3,564101693.4393,0,2025-11-05,34.69071323649422,1078.4025,54.85763947905096,-2.180051878565974,0.023101711554056825,0.02283890681119745
2025-11-06,958.81,965.0,925.29,950.75,902043.73,2025-11-06 23:59:59.999,853491385.9396,1638154,435836.4,412424376.4854,0,2025-11-06,22.800522648083643,1072.425,61.85413729091182,-1.9671279130082955,-0.008406253585173218,-0.008441785401267615
2025-11-07,950.75,996.0,925.82,991.21,1259430.99,2025-11-07 23:59:59.999,1208922174.51,2162003,617219.95,592642732.4064,0,2025-11-07,33.023660908695035,1067.3854999999999,64.2353878919908,-1.1858805947912363,0.04255587693925844,0.041675272236947426
2025-11-08,991.22,1007.49,980.24,990.5,816729.77,2025-11-08 23:59:59.999,812155415.432,1555400,397823.4,395683096.1349,0,2025-11-08,31.32623082173491,1061.4564999999998,65.64153212517017,-1.0809695889592374,-0.0007162962439846154,-0.000716552906710872
2025-11-09,990.5,1006.99,975.23,996.12,766115.22,2025-11-09 23:59:59.999,759323467.1562,1361650,380058.29,376804787.6553,0,2025-11-09,27.92537452891898,1056.2765,66.544610622481,-0.9040025846913147,0.005673902069661896,0.005657866116339027
2025-11-10,996.11,1019.15,975.01,991.55,778515.51,2025-11-10 23:59:59.999,776519224.8945,1496146,365443.42,364699507.5376,0,2025-11-10,27.419801310245134,1053.026,68.0996341593289,-0.9027361271305534,-0.004587800666586372,-0.004598356923105694
2025-11-11,991.55,1008.84,955.72,957.89,814745.35,2025-11-11 23:59:59.999,798976267.1025,1571752,378643.37,371457200.3479,0,2025-11-11,27.62114264468957,1047.352,71.14999497727305,-1.2573718385865849,-0.0339468508900207,-0.03453642650056451
2025-11-12,957.88,978.79,937.2,952.51,754799.6,2025-11-12 23:59:59.999,723183176.7479,1424921,362755.35,347678919.6229,0,2025-11-12,25.961151212862845,1038.6970000000001,71.6558382019485,-1.202791037864888,-0.005616511290440496,-0.005632343197865192
2025-11-13,952.51,970.88,906.14,926.67,978576.76,2025-11-13 23:59:59.999,922470956.8924,1787496,476268.88,449109536.3544,0,2025-11-13,26.26300614266013,1029.6225,73.85427799142232,-1.3939950778742598,-0.02712832411208288,-0.027503090501003715
2025-11-14,926.68,934.0,888.07,915.69,1322423.77,2025-11-14 23:59:59.999,1212170897.0069,2445779,659501.06,604742521.8897,0,2025-11-14,23.062984253936506,1019.5894999999998,75.07202390653724,-1.3839975878278172,-0.011848878241445093,-0.011919635685535073
2025-11-15,915.7,945.74,915.42,932.79,512064.29,2025-11-15 23:59:59.999,478033298.4668,1049740,257580.3,240475196.9172,0,2025-11-15,25.62143223896824,1009.3354999999999,72.00926581279191,-1.0629951456386355,0.018674442223896692,0.01850221568022963
2025-11-16,932.8,950.58,908.57,927.15,836821.5,2025-11-16 23:59:59.999,776894654.0601,1566924,394020.48,365869507.9417,0,2025-11-16,26.062244615809988,998.774,67.43122058420865,-1.0621786077645652,-0.006046376998038117,-0.006064730353708057
2025-11-17,927.15,940.54,891.2,907.32,1197530.79,2025-11-17 23:59:59.999,1097480902.0882,1994483,582546.79,534078999.7915,0,2025-11-17,33.20286508278211,989.0225,65.74529479864209,-1.2427125051340933,-0.021388124898883643,-0.021620165415213152
2025-11-18,907.32,939.87,884.07,933.35,1166111.25,2025-11-18 23:59:59.999,1066461867.1731,2175610,572948.6,524185245.3757,0,2025-11-18,49.15532301689355,980.305,60.53342447730653,-0.7756871580527046,0.028688885949830212,0.02828506512042698
2025-11-19,933.35,941.85,872.03,897.66,1185219.03,2025-11-19 23:59:59.999,1075166123.0508,1969642,575225.26,522039812.3586,0,2025-11-19,37.23755061151228,971.2805000000001,58.601838526504935,-1.2562831107543222,-0.038238602882091466,-0.03898888702441007
2025-11-20,897.65,916.0,865.78,866.91,1153545.88,2025-11-20 23:59:59.999,1028407671.3939,1921065,564659.73,503253587.5413,0,2025-11-20,34.015862121558754,960.2194999999999,56.21472709036648,-1.659876420817676,-0.034255731568745396,-0.03485621229026713
2025-11-21,866.91,878.06,790.92,831.16,2073814.21,2025-11-21 23:59:59.999,1720404691.6816,3242830,983665.03,815710344.3547,0,2025-11-21,18.928363424577725,947.0664999999999,53.94051677788557,-2.148783640269443,-0.0412384215201117,-0.04211284973224943
2025-11-22,831.16,843.42,814.17,834.28,722671.72,2025-11-22 23:59:59.999,598633003.2417,1458991,364227.14,301704454.7441,0,2025-11-22,19.953069703031204,934.6315000000001,49.43775366162366,-2.0298555773155713,0.003753789884017422,0.0037467619967548353
2025-11-23,834.29,855.85,833.72,844.05,542530.21,2025-11-23 23:59:59.999,459230604.9242,1108668,272932.21,231051959.7688,0,2025-11-23,21.21085911173371,927.1764999999999,51.35367103929964,-1.618706088925666,0.011710696648607133,0.011642657118963352
2025-11-24,844.05,877.0,830.0,865.26,982091.39,2025-11-24 23:59:59.999,835919720.8859,1734307,470803.15,400965217.0926,0,2025-11-24,27.508459483526252,923.5814999999999,53.104808611213684,-1.0982338798540487,0.02512884307801677,0.024818305254636405
2025-11-25,865.25,868.1,837.5,863.11,650169.84,2025-11-25 23:59:59.999,555927747.1405,1197489,321487.12,274953851.1664,0,2025-11-25,30.986198042047818,918.7965,54.06629646483177,-1.0299669783415282,-0.002484802255969254,-0.0024878945005678815
2025-11-26,863.1,897.85,852.12,892.08,670571.23,2025-11-26 23:59:59.999,584998139.4276,1142037,331687.48,289386326.6361,0,2025-11-26,38.925338122640476,915.863,53.83246947220325,-0.44179656317421073,0.0335646673077592,0.03301366935564035
2025-11-27,892.07,905.12,884.21,896.12,448442.93,2025-11-27 23:59:59.999,400906006.4522,845347,210631.42,188294233.6966,0,2025-11-27,43.91506991196272,911.1085,50.94954720889535,-0.2941831835825065,0.004528741816877346,0.0045185179216221385
2025-11-28,896.1,906.99,876.16,887.54,657964.47,2025-11-28 23:59:59.999,586424323.5586,1187271,320332.69,285545340.6072,0,2025-11-28,44.33897759723281,905.9604999999999,47.59682469231983,-0.3870111109107717,-0.009574610543230833,-0.009620741822263513
2025-11-29,887.55,889.41,868.55,873.26,304261.49,2025-11-29 23:59:59.999,267409751.678,583150,140019.59,123084959.8573,0,2025-11-29,37.891054066148655,899.8174999999999,43.0602729200511,-0.6167517806798047,-0.01608941568830702,-0.016220255660714063
2025-11-30,873.27,900.35,869.65,875.21,449702.73,2025-11-30 23:59:59.999,398431229.4792,796918,216050.33,191417874.7581,0,2025-11-30,39.273913761771034,894.0004999999999,37.5173522625379,-0.5008482439940909,0.0022330119322997444,0.0022305224664706394
2025-12-01,875.21,877.23,801.4,826.47,1144350.44,2025-12-01 23:59:59.999,947771346.3081,1974583,545058.45,451315105.2249,0,2025-12-01,35.08467697302882,887.4295,37.24627999442225,-1.636660090863539,-0.05568949166485759,-0.05730023860057141
2025-12-02,826.46,885.5,820.2,877.18,908903.92,2025-12-02 23:59:59.999,777324837.1319,1433607,470264.86,401985136.4329,0,2025-12-02,40.50251936018395,883.6629999999999,33.9847275451432,-0.19076215901358434,0.06135733904436935,0.059548597504561596
2025-12-03,877.18,923.12,874.0,921.19,833927.43,2025-12-03 23:59:59.999,750469819.0018,1434848,421903.27,379780672.5152,0,2025-12-03,53.86968391277179,883.3889999999999,33.640079932969265,1.1236893632631635,0.05017214254770974,0.048954096015405756
2025-12-04,921.19,928.88,887.06,900.48,668492.03,2025-12-04 23:59:59.999,608231050.1149,1249333,311383.74,283437611.8162,0,2025-12-04,55.70937786999558,882.6285,33.03795668384965,0.5403330530040483,-0.022481789858769696,-0.02273835799564812
2025-12-05,900.47,908.68,870.52,883.97,633714.93,2025-12-05 23:59:59.999,564211546.2651,1249102,311740.29,277625421.2482,0,2025-12-05,59.6105550500455,880.1875,30.869060455784197,0.1225336937422489,-0.01833466595593458,-0.018504829075770977
2025-12-06,883.98,898.28,878.22,890.62,337141.8,2025-12-06 23:59:59.999,299650039.0338,784505,168891.84,150120698.6433,0,2025-12-06,60.1228978007762,878.3609999999999,28.966148645793734,0.42321815543746083,0.00752287973573762,0.00749472399597032
2025-12-07,890.61,906.38,870.56,894.8,578897.02,2025-12-07 23:59:59.999,515535683.5594,1137160,281315.72,250521317.8586,0,2025-12-07,59.305438409916015,877.735,28.437833491424833,0.6000808748368871,0.004693359682019116,0.004682380209805518
2025-12-08,894.81,913.79,889.13,897.35,514550.67,2025-12-08 23:59:59.999,464486656.3721,1230143,255512.47,230695856.1921,0,2025-12-08,56.31618312797702,875.9350000000001,25.74410213502552,0.8318410130475787,0.0028497988377291783,0.0028457458593109997
2025-12-09,897.36,928.55,881.82,897.62,736669.64,2025-12-09 23:59:59.999,665348955.5984,1408556,357080.54,322611154.4503,0,2025-12-09,56.843148919294066,875.933,25.742327032621102,0.8424646292667282,0.000300885941940221,0.0003008406848431143
2025-12-10,897.62,915.73,884.16,893.88,657377.3,2025-12-10 23:59:59.999,588525110.3373,1346667,311737.47,279112181.1008,0,2025-12-10,50.39661554732944,877.2815,25.950349206690063,0.6396253039909309,-0.004166573828568887,-0.004175278183943279
2025-12-11,893.88,895.21,859.2,886.29,678135.65,2025-12-11 23:59:59.999,592562208.4069,1374283,316914.82,276969483.6886,0,2025-12-11,47.86740139714495,880.0380000000001,23.616437540557843,0.26473086761129516,-0.008491072627198282,-0.008527327156818561
2025-12-12,886.29,896.51,870.73,881.86,466303.44,2025-12-12 23:59:59.999,412096746.7758,1019704,224046.56,198053193.2009,0,2025-12-12,48.74513962530931,882.417,21.017935473798737,-0.02650117565992058,-0.004998363966647434,-0.005010897570270373
2025-12-13,881.87,904.92,880.61,897.49,380112.68,2025-12-13 23:59:59.999,339436281.5538,715404,196039.85,175048780.4299,0,2025-12-13,55.32129837044845,885.0889999999999,19.202104572203403,0.6458146269004033,0.01772390175311278,0.01756866498998316
2025-12-14,897.49,900.21,870.21,877.61,384403.18,2025-12-14 23:59:59.999,341550226.019,868481,188264.81,167322111.8452,0,2025-12-14,50.488599348534194,885.7065,18.723494465559526,-0.4324246211033363,-0.02215066463136084,-0.02239967463012494
2025-12-15,877.6,896.05,840.76,858.51,674890.42,2025-12-15 23:59:59.999,585504894.4242,1427133,318045.05,275969748.6017,0,2025-12-15,57.418040377847746,885.4765,19.041237043840713,-1.4162157604525425,-0.02176365355909804,-0.02200397511561843
2025-12-16,858.51,878.97,846.54,876.09,541373.6,2025-12-16 23:59:59.999,468263072.6069,1170637,276021.14,238835622.6429,0,2025-12-16,49.70190887709897,884.6769999999999,19.085019779969645,-0.4499340372186679,0.020477338644861565,0.020270496891718677
2025-12-17,876.09,876.96,833.4,843.0,808494.63,2025-12-17 23:59:59.999,693263388.8029,1416606,377966.05,324241606.3822,0,2025-12-17,27.258449188528886,882.021,21.00809991662933,-1.8574264286087196,-0.03777009211382398,-0.03850186738319925
2025-12-18,843.0,853.66,818.27,830.25,738205.82,2025-12-18 23:59:59.999,617657818.7474,1460784,340118.47,284572847.4385,0,2025-12-18,28.581884720951507,879.1564999999998,23.91997057628258,-2.044588635426341,-0.015124555160142328,-0.015240097744999485
2025-12-19,830.25,862.94,822.42,856.54,568773.33,2025-12-19 23:59:59.999,480672344.0457,1133061,294103.43,248666201.7655,0,2025-12-19,42.105566108329,878.3205,24.423774326877083,-0.8917745352745,0.03166516109605544,0.03117415810976494
2025-12-20,856.54,860.08,851.27,854.56,172638.0,2025-12-20 23:59:59.999,147497340.4011,389095,83857.01,71652519.559,0,2025-12-20,39.335147284987556,877.2880000000001,24.992061181644402,-0.9094087852462893,-0.002311625843509968,-0.0023143017751607103
2025-12-21,854.55,860.32,845.86,859.13,316557.03,2025-12-21 23:59:59.999,270051042.0671,636346,156345.44,133416010.6033,0,2025-12-21,39.474771318973175,878.921,22.432787775268228,-0.8822354224658292,0.0053477813143607555,0.005333532708246536
2025-12-22,859.13,871.7,851.16,859.12,519924.72,2025-12-22 23:59:59.999,448628509.9698,1021856,267534.59,230879405.054,0,2025-12-22,38.54772032832065,878.018,22.865867138636965,-0.8264720461034978,-1.1639682003905527e-05,-1.1639749745529764e-05
2025-12-23,859.13,861.86,837.93,844.29,391955.05,2025-12-23 23:59:59.999,332383719.9217,845433,176153.78,149432567.8096,0,2025-12-23,35.306111202953645,874.1730000000001,21.65784848627419,-1.3797769440920555,-0.017261849334202495,-0.01741257207588212
2025-12-24,844.29,850.34,835.35,846.9,296719.54,2025-12-24 23:59:59.999,249804736.5427,644081,147669.66,124338224.8186,0,2025-12-24,36.97460352667184,871.494,21.546037711245077,-1.141462775179504,0.0030913548662190315,0.003086586453474421
2025-12-25,846.89,848.31,826.56,829.46,303600.5,2025-12-25 23:59:59.999,254752307.1092,593628,137382.72,115327331.2023,0,2025-12-25,35.059677164940354,868.7684999999999,23.263980126314106,-1.6896721793334777,-0.020592750029519324,-0.02080773728013713
2025-12-26,829.46,847.5,821.01,834.85,509856.01,2025-12-26 23:59:59.999,425786881.8307,862107,240203.07,200664087.8799,0,2025-12-26,37.70337431336648,865.9800000000001,23.842139386557754,-1.3056714204745932,0.0064982036505678575,0.006477181347549997
2025-12-27,834.86,847.2,834.41,845.71,298890.54,2025-12-27 23:59:59.999,251208861.168,469848,152356.0,128058988.4193,0,2025-12-27,36.109024573452096,863.5255,23.238232670177357,-0.7666460807436247,0.013008324848775343,0.01292444324736436
2025-12-28,845.7,867.84,838.92,859.92,413914.94,2025-12-28 23:59:59.999,354050035.7109,667692,207878.16,177821213.1904,0,2025-12-28,45.10541751978307,861.6540000000001,21.83568576054546,-0.07941129117791607,0.016802450012415537,0.016662850422477667
2025-12-29,859.92,872.75,846.22,852.85,526414.46,2025-12-29 23:59:59.999,451572790.2953,880643,256929.81,220417973.0451,0,2025-12-29,48.32226701446527,859.4154999999998,20.187132294232732,-0.32523193013776974,-0.008221695041399135,-0.008255679577926028
2025-12-30,852.85,864.67,849.17,862.14,307692.7,2025-12-30 23:59:59.999,264004665.0383,596287,154073.96,132217504.2761,0,2025-12-30,45.65122513872434,857.8285,18.513346046671103,0.23288604821251518,0.010892888550155355,0.010833988382288278
2025-12-31,862.14,878.29,858.0,864.71,477813.54,2025-12-31 23:59:59.999,413750132.516,763537,238481.65,206588703.2197,0,2025-12-31,58.35835835835838,856.7494999999999,17.360191751051033,0.4585490825306229,0.002980954369359967,0.0029765201348654095
2026-01-01,864.71,875.0,856.24,864.62,344743.7,2026-01-01 23:59:59.999,297722454.2733,595381,167039.63,144307650.1853,0,2026-01-01,64.66171828342291,855.8875,16.451996479441977,0.530786644095863,-0.0001040811370286443,-0.00010408655384604916
2026-01-02,864.62,891.8,859.78,881.8,550273.03,2026-01-02 23:59:59.999,481520810.7451,976973,291020.68,254879767.9327,0,2026-01-02,61.683626271970404,855.1030000000001,14.637868014218185,1.8238311736427955,0.01987000069394651,0.01967516887364763
2026-01-03,881.79,884.91,869.05,879.07,306710.87,2026-01-03 23:59:59.999,268824922.2625,547861,145610.68,127648307.2032,0,2026-01-03,61.258612769866865,855.176,14.759157514166864,1.6189270950638535,-0.0030959401224766037,-0.003100742459490914
2026-01-04,879.08,903.77,878.92,895.99,440563.73,2026-01-04 23:59:59.999,392480431.4644,803492,225138.79,200644002.4052,0,2026-01-04,65.20627062706274,857.05,17.355798970269856,2.243630504519182,0.01924761395565766,0.01906472173401731
2026-01-05,895.98,917.53,890.74,910.9,547727.9,2026-01-05 23:59:59.999,495023964.1064,1070426,278361.32,251643023.297,0,2026-01-05,69.02277736958123,858.7905000000001,20.774434560716273,2.5083474521389455,0.01664081072333401,0.01650386955240068
2026-01-06,910.9,924.84,892.03,918.4,671244.09,2026-01-06 23:59:59.999,611310072.8662,1067537,327541.27,298474955.4437,0,2026-01-06,78.77611244855177,862.5604999999999,24.300379133963048,2.2978859585757174,0.00823361510593923,0.00819990381453786
2026-01-07,918.4,920.97,892.72,900.86,553012.65,2026-01-07 23:59:59.999,502176271.6808,973545,267724.55,243059827.4775,0,2026-01-07,68.77522616562288,866.091,24.487649712105657,1.419858598467769,-0.019098432055749126,-0.019283162938018877
2026-01-08,900.85,905.36,875.0,892.58,560873.34,2026-01-08 23:59:59.999,497863763.8213,972978,260788.35,231483243.4776,0,2026-01-08,73.45770774490865,867.893,25.06702197166752,0.9848397638899015,-0.009191217281264485,-0.009233717136200274
2026-01-09,892.58,901.6,885.35,897.36,398833.61,2026-01-09 23:59:59.999,356480625.4162,732723,200399.12,179165161.784,0,2026-01-09,73.33681774061084,870.033,25.688108471506116,1.0637996188124081,0.0053552622734096555,0.005340973845885226
2026-01-10,897.35,916.7,897.22,908.44,525123.55,2026-01-10 23:59:59.999,475886809.6009,794484,265966.87,241061714.4287,0,2026-01-10,73.38054416697733,872.4985,26.92323185323089,1.3349623178944954,0.012347329945618268,0.012271723390424592
2026-01-11,908.45,918.0,899.03,904.75,445999.47,2026-01-11 23:59:59.999,405843966.097,706211,215762.47,196369575.4932,0,2026-01-11,68.13071261020792,874.7800000000001,27.653321871487755,1.0837757626110298,-0.004061908326361774,-0.004070180283540834
2026-01-12,904.75,910.93,894.06,906.32,564223.39,2026-01-12 23:59:59.999,510354727.9249,910158,273341.81,247286521.7651,0,2026-01-12,72.63184627105734,877.8815000000001,27.53195603106583,1.0329269728569683,0.0017352859906052398,0.0017337821213814254
2026-01-13,906.32,955.0,902.69,944.24,986379.38,2026-01-13 23:59:59.999,909033191.5095,1304900,524488.75,483678404.5779,0,2026-01-13,77.97083674025623,882.7484999999999,30.237661124250188,2.0336063608664743,0.041839526877923916,0.04098792655558044
2026-01-14,944.25,955.65,928.88,949.06,613626.42,2026-01-14 23:59:59.999,578220364.2691,1083540,296809.78,279753579.8029,0,2026-01-14,78.30346956580097,888.7284999999999,30.96207328077324,1.9485613722600588,0.0051046344149792144,0.005091649937319255
2026-01-15,949.06,949.46,923.95,931.53,541894.58,2026-01-15 23:59:59.999,507535012.6007,1037020,257757.36,241422664.0848,0,2026-01-15,70.09912886752781,893.5625,29.625801499294127,1.2815687029059653,-0.01847090805639262,-0.018643625415932973
2026-01-16,931.53,939.86,923.82,938.52,322616.49,2026-01-16 23:59:59.999,300819851.6269,743284,161493.78,150606306.1738,0,2026-01-16,68.14923844873931,898.2029999999999,28.99791682176359,1.390341252711688,0.007503784097130595,0.0074757707593205635
2026-01-17,938.54,960.5,935.84,947.57,333850.09,2026-01-17 23:59:59.999,316186375.4826,646934,169443.14,160534045.6291,0,2026-01-17,71.06655185139624,902.5854999999999,29.526162257115693,1.5235471379000176,0.009642841921323031,0.009596646454138052
2026-01-18,947.57,953.83,931.76,932.72,312655.26,2026-01-18 23:59:59.999,295817307.1503,650952,150719.85,142635303.3349,0,2026-01-18,61.44165472556228,906.5790000000001,27.795870745999004,0.9404634321003509,-0.01567166541785836,-0.015795764230622428
2026-01-19,932.73,932.73,900.67,924.13,680994.96,2026-01-19 23:59:59.999,627972409.0024,1167704,329688.92,304025130.3963,0,2026-01-19,54.29016148907193,909.6785,25.976379001982103,0.5563323509753727,-0.009209623466849726,-0.009252294238940586
2026-01-20,924.12,933.6,884.44,884.71,691209.41,2026-01-20 23:59:59.999,627791224.9323,1270667,318977.25,289881361.4043,0,2026-01-20,40.948901187469794,910.6785,24.496974093524962,-1.0600697008886473,-0.04265633622975118,-0.04359284669399252
2026-01-21,884.71,894.06,864.5,883.68,798231.0,2026-01-21 23:59:59.999,701483134.2293,1560864,378610.06,332669187.1928,0,2026-01-21,44.93514150943395,911.6315000000001,22.931594448475774,-1.2189078287950454,-0.0011642233048118067,-0.0011649015392255172
2026-01-22,883.69,897.78,878.52,888.45,338359.88,2026-01-22 23:59:59.999,300877445.1716,825675,172677.72,153557662.9512,0,2026-01-22,48.75669817568788,911.9640000000002,22.520814793194464,-1.0441007670426643,0.005397881586094666,0.005383365238206601
2026-01-23,888.45,905.78,883.47,892.1,336325.64,2026-01-23 23:59:59.999,300319562.7442,845551,171944.26,153590085.4958,0,2026-01-23,48.4056741028128,912.6155000000001,21.69238175154203,-0.9457467711465901,0.004108278462490844,0.004099862528653904
2026-01-24,892.09,894.68,886.91,887.65,143217.12,2026-01-24 23:59:59.999,127652037.8752,330236,66079.97,58904956.9804,0,2026-01-24,43.43459862312889,912.1985000000001,22.10503664330823,-1.1105387607412798,-0.004988230019056239,-0.0050007127669312035
2026-01-25,887.65,888.08,856.03,866.63,374969.71,2026-01-25 23:59:59.999,326724371.5312,772409,170198.42,148272111.2268,0,2026-01-25,39.14949333940568,909.9849999999999,24.344923495504897,-1.7808640888933198,-0.023680504703430416,-0.023965394398646294
2026-01-26,866.64,882.0,865.45,879.94,343552.64,2026-01-26 23:59:59.999,300204943.4657,814212,170731.71,149222106.2925,0,2026-01-26,42.96157950907152,908.0620000000001,25.15087308313729,-1.1181321581577544,0.015358342083703569,0.01524159657542417
2026-01-27,879.94,901.8,876.69,898.86,387733.29,2026-01-27 23:59:59.999,344373045.4462,833565,204323.69,181510624.3091,0,2026-01-27,36.526128266033275,907.9620000000001,25.18496828210024,-0.36140605372408474,0.02150146600904601,0.021273570427760978
2026-01-28,898.85,909.98,895.0,903.46,325719.79,2026-01-28 23:59:59.999,294124223.7817,792912,157270.68,142020948.0224,0,2026-01-28,36.443096682126345,908.506,24.95165143784398,-0.20223110332275263,0.005117593396079423,0.005104543020403407
2026-01-29,903.46,907.11,853.11,868.9,833477.44,2026-01-29 23:59:59.999,734116026.8137,1346361,406319.48,358014768.8661,0,2026-01-29,33.092165649802965,907.083,26.390804439223484,-1.4468297125210132,-0.03825293870232227,-0.03900379293258879
2026-01-30,868.91,869.98,832.0,859.11,901227.72,2026-01-30 23:59:59.999,763731197.8579,1731505,428545.56,363157523.3307,0,2026-01-30,28.88144247646406,904.6164999999999,28.479827999773658,-1.59785023983858,-0.01126711934629987,-0.011331074180430062
2026-01-31,859.11,861.11,749.21,781.33,1245263.02,2026-01-31 23:59:59.999,995850460.9869,1938715,585137.29,468629659.7251,0,2026-01-31,17.624834462880756,898.4455,39.63572942569849,-2.954796132099595,-0.09053555423636084,-0.094899373856641
2026-02-01,781.33,789.67,739.63,758.69,1074576.94,2026-02-01 23:59:59.999,820350755.682,2050703,516067.4,394003569.6842,0,2026-02-01,17.105810305069397,891.064,50.382061908055505,-2.6274033849899827,-0.02897623283375783,-0.029404333991149462
2026-02-02,758.7,781.69,728.53,774.22,1156483.93,2026-02-02 23:59:59.999,875784109.0498,2343464,579831.66,439371345.3986,0,2026-02-02,22.38921427782077,882.5630000000001,55.06368772900716,-1.9675943342771385,0.02046949346900573,0.020262809110996087
2026-02-03,774.22,783.78,736.28,755.16,1008981.62,2026-02-03 23:59:59.999,770995055.4418,1975281,499720.23,381881209.3446,0,2026-02-03,24.20453187845966,872.868,59.6207299342813,-1.974279753531149,-0.024618325540544106,-0.024926423601093387
2026-02-04,755.16,765.9,687.21,697.49,1277400.5,2026-02-04 23:59:59.999,930762771.343,2300941,633683.78,462115090.4226,0,2026-02-04,19.74979691307881,861.1659999999999,69.62889368495796,-2.350690802880861,-0.0763679220297685,-0.0794414706516591
2026-02-05,697.48,703.25,602.3,608.55,2638041.9,2026-02-05 23:59:59.999,1734082310.8311,4473785,1279063.39,840593037.6519,0,2026-02-05,14.291181873851812,844.6675000000001,87.2089644037242,-2.707491157754385,-0.12751437296592072,-0.13640909835461754
2026-02-06,608.54,669.51,572.0,657.0,2182701.54,2026-02-06 23:59:59.999,1370387341.3321,3749000,1085786.85,682491638.6043,0,2026-02-06,23.083440190511084,830.1389999999999,93.16405614207463,-1.8584313217960793,0.0796154794182895,0.0766049401640447
2026-02-07,656.99,663.91,631.0,647.07,932982.54,2026-02-07 23:59:59.999,602058159.4246,1883714,457620.2,295370210.1705,0,2026-02-07,22.797376752600655,815.8565000000001,98.36101250924348,-1.7159898591338547,-0.015114155251141459,-0.01522953818221801
2026-02-08,647.08,653.13,631.95,639.86,608876.24,2026-02-08 23:59:59.999,391993151.4527,1440126,308174.44,198425035.4663,0,2026-02-08,23.532295338359916,801.643,102.34976986064835,-1.5806874819579118,-0.011142534810762439,-0.011205077877945946
2026-02-09,639.85,646.31,615.97,636.42,776749.44,2026-02-09 23:59:59.999,491183426.886,1759399,381063.6,241008403.8058,0,2026-02-09,20.907005638918093,789.2284999999999,106.70918410013775,-1.4320088874131194,-0.0053761760385084845,-0.005390679679012744
2026-02-10,636.43,641.89,613.35,619.48,663298.09,2026-02-10 23:59:59.999,415164937.4905,1479839,317361.3,198652260.1311,0,2026-02-10,16.46420511835599,776.0184999999999,110.68055856834673,-1.414326978692787,-0.02661764243738407,-0.026978306297460158
2026-02-11,619.47,624.0,587.03,608.19,1171782.74,2026-02-11 23:59:59.999,705341035.332,2112996,583204.65,351099666.9787,0,2026-02-11,15.117075821657266,762.0055,113.4046816760833,-1.3563417111768072,-0.018224962872086192,-0.01839308329976143
2026-02-12,608.19,620.79,600.42,614.36,648324.78,2026-02-12 23:59:59.999,396507467.99,1432088,323942.97,198124377.3295,0,2026-02-12,17.766690304933633,748.1185,113.64058162632526,-1.1770311105924012,0.01014485604827442,0.01009374239921538
2026-02-13,614.36,622.99,592.3,618.99,921475.24,2026-02-13 23:59:59.999,559977450.2675,1652467,448676.48,272641866.1795,0,2026-02-13,19.190104701293365,734.6855,112.14785219686296,-1.0316336669284543,0.007536297936063585,0.0075080419178208
2026-02-14,619.0,637.56,615.76,632.88,561602.97,2026-02-14 23:59:59.999,352716299.943,1047826,278760.3,175053843.1344,0,2026-02-14,27.21691887412136,722.9979999999999,109.82970787829908,-0.8205248082773612,0.022439780933456,0.02219171324789257
2026-02-15,632.88,642.7,608.77,615.16,726803.74,2026-02-15 23:59:59.999,454111992.633,1406213,343279.78,214517282.2911,0,2026-02-15,27.634244398042796,709.759,105.8005945610635,-0.8941254100930559,-0.02799898874984208,-0.028398434141418266
2026-02-16,615.17,631.29,604.2,627.15,676377.02,2026-02-16 23:59:59.999,417450560.0527,1331361,323702.32,199841131.8472,0,2026-02-16,26.826962468093143,696.1735000000001,97.34780100644416,-0.7090401558781072,0.01949086416542034,0.01930334989896091
2026-02-17,627.16,632.0,609.21,617.73,583139.4,2026-02-17 23:59:59.999,361834633.3086,1270453,287108.96,178200049.7581,0,2026-02-17,27.667457505931296,681.887,85.58126357291961,-0.7496617521349739,-0.015020330064577814,-0.015134277682518734
2026-02-18,617.74,626.88,600.88,604.43,649981.65,2026-02-18 23:59:59.999,398957683.4277,1326394,313636.01,192604903.4836,0,2026-02-18,32.32948503721707,668.6635,74.9341487943043,-0.8571993014336128,-0.02153044210253685,-0.021765603618758945
2026-02-19,604.43,614.62,595.26,607.56,593288.97,2026-02-19 23:59:59.999,358368956.8189,1214164,282402.97,170601523.1514,0,2026-02-19,49.72114247084671,656.086,61.12424993835808,-0.7938911323891424,0.005178432572837233,0.005165070600411988
2026-02-20,607.57,629.95,601.0,626.09,662602.26,2026-02-20 23:59:59.999,407500955.7046,1291975,335681.16,206455244.6473,0,2026-02-20,39.5284233349143,648.324,53.80081797461216,-0.4132650921867365,0.030499045361775057,0.030043194964420216
2026-02-21,626.08,635.12,624.26,625.82,401856.33,2026-02-21 23:59:59.999,252520021.7209,670738,201432.95,126601130.7263,0,2026-02-21,42.2968172261292,641.6805,47.26135981239074,-0.3355912750492164,-0.00043124790365600685,-0.00043134091777560134
2026-02-22,625.83,627.2,610.1,614.97,389117.21,2026-02-22 23:59:59.999,240787850.9644,658718,196062.37,121299496.6549,0,2026-02-22,41.20929575475031,633.7180000000001,35.77546212876564,-0.5240463402686704,-0.01733725352337734,-0.017489303687556332
2026-02-23,614.97,616.16,582.77,596.22,1086660.18,2026-02-23 23:59:59.999,650138456.3317,1818573,515981.48,308668153.8885,0,2026-02-23,37.1876593574707,625.771,22.609539882195673,-1.3070146563783214,-0.03048929216059315,-0.03096375965757926
2026-02-24,596.22,602.75,576.61,583.4,842079.57,2026-02-24 23:59:59.999,495781876.1256,1559923,408126.36,240407252.4101,0,2026-02-24,38.19062581827703,620.0665,17.340999265517308,-2.114439856583791,-0.021502130086209825,-0.021736669037705988
2026-02-25,583.41,641.12,581.2,629.81,1057432.71,2026-02-25 23:59:59.999,648240869.9839,1785042,546085.54,334892992.8857,0,2026-02-25,55.753672556951216,621.1295,17.249258557684016,0.5032390216061224,0.0795509084676036,0.07654512916377401
2026-02-26,629.81,634.27,614.43,626.03,647877.22,2026-02-26 23:59:59.999,404895438.2798,1289918,321235.48,200752410.5275,0,2026-02-26,53.145722141355314,619.581,15.118073150697052,0.426575525578973,-0.0060018100697035726,-0.006019893322898669
2026-02-27,626.02,634.0,605.34,614.03,621903.01,2026-02-27 23:59:59.999,384896325.8702,1198573,308779.64,191064718.4822,0,2026-02-27,48.71409312454629,617.929,13.694318799004412,-0.2847166081954702,-0.019168410459562635,-0.019354506386108337
2026-02-28,614.03,621.6,588.39,617.14,906762.54,2026-02-28 23:59:59.999,546796233.666,1604221,452912.65,273134955.9188,0,2026-02-28,45.67772407732865,616.793,12.684422315345019,0.02735638970173641,0.005064899109163967,0.0050521156541080674
2026-03-01,617.13,632.34,611.13,618.2,827893.37,2026-03-01 23:59:59.999,515717705.1202,1467412,408377.32,254480288.3714,0,2026-03-01,50.91887317132151,615.882,11.825839060042124,0.19601146170103895,0.0017176005444470288,0.0017161271555197054
2026-03-02,618.2,653.44,613.02,637.81,926127.94,2026-03-02 23:59:59.999,586208178.3671,1752208,477557.62,302219055.3723,0,2026-03-02,53.080212667591304,616.7985000000001,12.79031511690827,1.6427664062962377,0.031721125849239584,0.03122840365123427
2026-03-03,637.8,642.41,620.6,633.45,758035.38,2026-03-03 23:59:59.999,477852903.3735,1515332,368255.72,232153110.7172,0,2026-03-03,54.67912846767474,618.0615,13.137959977438138,1.1713005692228278,-0.006835891566453811,-0.006859363301187922
2026-03-04,633.45,666.43,626.0,658.08,900163.41,2026-03-04 23:59:59.999,585050305.5931,1689780,458822.52,298220064.8454,0,2026-03-04,64.96012492331718,620.2475,15.847498847994883,2.387285234274485,0.038882311153208615,0.038145434434051675
2026-03-05,658.09,665.64,646.27,648.01,621646.3,2026-03-05 23:59:59.999,406585699.5664,1332911,307564.45,201204162.5525,0,2026-03-05,60.85906040268458,621.6985,17.012051850328326,1.5466388317816127,-0.015302090931193835,-0.015420376150147496
2026-03-06,648.01,651.78,624.51,627.24,572944.13,2026-03-06 23:59:59.999,364626874.9567,1118899,279607.73,177877324.8892,0,2026-03-06,50.30505597113905,621.4165,16.863039706952538,0.3453410595717788,-0.03205197450656627,-0.032576885819135745
2026-03-07,627.24,629.97,617.6,620.24,286001.12,2026-03-07 23:59:59.999,178735525.8344,577038,136450.4,85283802.6657,0,2026-03-07,48.57084315131645,621.6705,16.801989379404684,-0.08513872778383,-0.011160002550857695,-0.011222742602127174
2026-03-08,620.25,624.07,607.56,611.7,418015.38,2026-03-08 23:59:59.999,257709625.7922,834802,203238.04,125354742.1385,0,2026-03-08,49.15245451246695,620.8979999999999,16.891730957400505,-0.544526787881978,-0.013768863665677755,-0.013864533662184349
2026-03-09,611.71,643.4,610.76,634.52,714630.94,2026-03-09 23:59:59.999,450183612.7055,1353485,361340.31,227625863.4911,0,2026-03-09,59.721799167428166,621.7375,17.141375574303023,0.7457102812193513,0.037305868889978555,0.036626841291735115
2026-03-10,634.51,652.44,634.36,641.89,589601.28,2026-03-10 23:59:59.999,379833396.9051,1142531,291730.79,187994188.0481,0,2026-03-10,65.26914843627632,623.6105,17.19718381933985,1.0629356638871865,0.011615079114921434,0.011548141905543707
2026-03-11,641.89,656.66,634.2,651.73,672178.45,2026-03-11 23:59:59.999,433194969.8152,1105085,339373.01,218763649.0492,0,2026-03-11,57.07279297883328,625.8190000000001,17.851224018194237,1.451497105945848,0.015329729392886682,0.015213416284004053
2026-03-12,651.73,657.93,641.69,651.97,510986.04,2026-03-12 23:59:59.999,332015757.85,955576,254273.61,165255558.8463,0,2026-03-12,58.56557918372741,627.113,18.785451285513304,1.3232048366689406,0.00036825065594658923,0.00036818286831516927
2026-03-13,651.96,679.59,650.62,655.75,892995.44,2026-03-13 23:59:59.999,593377212.151,1391673,453879.45,301683417.2224,0,2026-03-13,64.56703910614527,628.6095,19.839601671255547,1.3679962153334095,0.005797812782796674,0.005781070148865636
2026-03-14,655.74,658.39,649.97,657.61,235678.69,2026-03-14 23:59:59.999,154137830.7826,483111,120231.59,78645941.0504,0,2026-03-14,64.2550193730187,630.7415000000001,20.574218223950314,1.3059305441177094,0.0028364468166222068,0.00283243169201679
2026-03-15,657.61,679.55,654.32,674.12,458172.66,2026-03-15 23:59:59.999,304315142.843,807764,230926.13,153480012.0433,0,2026-03-15,67.76365946632785,634.6365,21.06282638979753,1.8745584884621742,0.025106065905323716,0.02479608616881927
2026-03-16,674.12,687.86,670.17,679.7,752916.06,2026-03-16 23:59:59.999,510924639.9257,1342324,380816.61,258467072.1982,0,2026-03-16,64.60905349794243,639.4515,19.696467830564497,2.04343745011699,0.008277458019343875,0.008243387744773468
2026-03-17,679.7,686.6,663.2,668.51,591233.04,2026-03-17 23:59:59.999,398168767.3646,1028459,298678.86,201159030.6085,0,2026-03-17,61.671105193075874,641.3865000000001,20.580547093910873,1.3179192893285572,-0.01646314550537009,-0.016600169059351015
2026-03-18,668.51,676.28,643.78,651.87,640235.54,2026-03-18 23:59:59.999,421630859.1676,1118399,315013.95,207527502.6696,0,2026-03-18,47.81660923985654,642.6785,20.37583172988751,0.4510981500950373,-0.024891175898640205,-0.02520619974978747
2026-03-19,651.86,656.18,633.0,638.82,547055.25,2026-03-19 23:59:59.999,351440327.928,962142,271917.3,174685798.784,0,2026-03-19,46.835181486328274,643.9179999999999,19.265103603214605,-0.2646235444666481,-0.020019329007317288,-0.02022243098888415
2026-03-20,638.83,647.33,636.1,642.0,438598.35,2026-03-20 23:59:59.999,281183997.1983,803170,226012.01,144902910.0635,0,2026-03-20,55.78369905956113,645.161,18.22008229805405,-0.17348988595608855,0.0049779280548509774,0.004965579135391228
2026-03-21,642.0,646.35,627.32,630.29,233129.41,2026-03-21 23:59:59.999,149144364.734,410437,113140.56,72433232.2619,0,2026-03-21,53.79789887385684,645.7655000000001,17.46334400817513,-0.8861704833138238,-0.01823987538940819,-0.018408272757646234
2026-03-22,630.29,637.51,621.56,626.08,487318.72,2026-03-22 23:59:59.999,307017385.2896,825191,239312.84,150793441.5222,0,2026-03-22,55.61806532270668,645.179,17.93518825926372,-1.0648898536169582,-0.006679465008170737,-0.0067018724702125896
2026-03-23,626.08,650.68,620.0,639.3,914512.44,2026-03-23 23:59:59.999,583551336.9421,1487684,471795.49,301118910.7977,0,2026-03-23,52.01892211522215,645.4715,17.780874786083807,-0.34708641021588876,0.021115512394582092,0.020895669310578742
2026-03-24,639.3,640.39,626.66,638.31,507987.56,2026-03-24 23:59:59.999,321707941.3378,948163,244583.65,154923146.2307,0,2026-03-24,48.401785714285694,644.4830000000001,17.591566191022387,-0.3509067886832283,-0.0015485687470671028,-0.0015497690189450175
2026-03-25,638.31,653.18,637.39,647.85,489269.87,2026-03-25 23:59:59.999,316158873.3543,794059,251372.7,162478481.3513,0,2026-03-25,48.26320501342883,644.475,17.589914125653337,0.1918713176136466,0.014945716031395495,0.01483512932108378
2026-03-26,647.84,648.75,622.63,628.75,466428.34,2026-03-26 23:59:59.999,294927344.4951,794112,221179.25,139863828.5638,0,2026-03-26,41.10753676470586,644.5505,17.515125636235737,-0.9021060041562923,-0.02948213320984794,-0.029925466660870835
2026-03-27,628.75,631.85,605.48,613.72,568780.12,2026-03-27 23:59:59.999,349805351.4912,893515,266481.86,163909223.1706,0,2026-03-27,35.18087581975884,644.2245,18.04410779321384,-1.6905518604512195,-0.023904572564612314,-0.02419492333694399
2026-03-28,613.72,618.8,609.73,610.9,283479.26,2026-03-28 23:59:59.999,174060207.4592,520165,140783.3,86449297.6241,0,2026-03-28,33.64152132801007,644.1845000000001,18.120726567008244,-1.8368192840898547,-0.004594929283712523,-0.00460551842128378
2026-03-29,610.9,615.1,596.01,605.86,327605.01,2026-03-29 23:59:59.999,199334419.4432,592683,151199.28,92040088.7577,0,2026-03-29,24.006092916984002,642.7515000000001,19.964638284792073,-1.8478421433811758,-0.008250122769684065,-0.008284343378664676
2026-03-30,605.88,621.75,604.81,609.42,539343.48,2026-03-30 23:59:59.999,331825704.583,957221,283207.15,174257472.9326,0,2026-03-30,22.81868811881182,641.128,21.31305569735051,-1.487726605244212,0.0058759449377743245,0.005858748902408128
2026-03-31,609.42,620.03,598.6,617.64,683370.85,2026-03-31 23:59:59.999,417750428.8931,1152745,355288.28,217286106.8405,0,2026-03-31,29.863035389121976,639.4235000000001,21.778620437446325,-1.0002240528764348,0.013488234714974956,0.013398078273198744
2026-04-01,617.64,622.66,609.62,611.18,505467.3,2026-04-01 23:59:59.999,311272495.6297,889955,261102.34,160828529.238,0,2026-04-01,32.48084043744076,637.384,22.441675610590533,-1.1676489962110512,-0.010459167152386595,-0.01051424864883494
2026-04-02,611.18,613.98,570.71,583.8,977662.73,2026-04-02 23:59:59.999,572246898.6311,1474949,462410.22,270505672.4113,0,2026-04-02,28.913076805150965,633.7864999999999,24.96739163389772,-2.002071371049202,-0.04479858634117606,-0.045833056383814214
2026-04-03,583.81,590.47,582.07,588.4,378540.73,2026-04-03 23:59:59.999,222008930.4908,746845,184710.17,108341943.9715,0,2026-04-03,29.678495602062483,630.3259999999999,26.254740203595613,-1.5968925868197363,0.00787941075710874,0.007848530307268214
2026-04-04,588.4,596.89,587.31,593.62,264355.45,2026-04-04 23:59:59.999,156293030.5595,470664,131404.13,77696522.0362,0,2026-04-04,35.37762181992187,626.301,25.342205050912334,-1.2895878608173248,0.008871515975526822,0.008832395280673156
2026-04-05,593.62,604.29,587.27,601.81,436682.35,2026-04-05 23:59:59.999,259220745.2801,649001,218116.29,129507103.6587,0,2026-04-05,40.619927340187026,622.4064999999999,22.533405675044943,-0.9140429235164388,0.013796704962770745,0.01370239686614941
2026-04-06,601.82,610.8,596.33,600.45,509900.27,2026-04-06 23:59:59.999,308152716.0284,835764,254334.08,153742121.0264,0,2026-04-06,33.46949195813127,619.0035,20.22541399616155,-0.9173359815290374,-0.0022598494541464786,-0.002262406767412605
2026-04-07,600.45,625.38,592.22,620.61,675993.45,2026-04-07 23:59:59.999,409351010.8877,1120157,350870.36,212619751.3154,0,2026-04-07,43.52502194907816,617.4404999999999,18.70237065610196,0.16947049431757372,0.03357481888583558,0.03302349121637521
2026-04-08,620.61,622.0,600.02,601.41,539480.43,2026-04-08 23:59:59.999,329630583.8997,898336,264957.69,161921164.3396,0,2026-04-08,34.132841328413264,615.5699999999999,18.318402021789364,-0.7729931892070574,-0.030937303620631407,-0.03142596703857316
2026-04-09,601.45,612.65,597.14,603.39,465479.24,2026-04-09 23:59:59.999,281033696.3477,826707,239887.53,144856206.6871,0,2026-04-09,40.187277511221154,613.6395,17.397797947480562,-0.5891262808627041,0.003292263181523536,0.0032868555487449358
2026-04-10,603.39,610.75,597.78,605.95,362236.83,2026-04-10 23:59:59.999,218895541.2325,656480,178291.03,107740996.5329,0,2026-04-10,46.672376873661676,612.4224999999999,17.018954719286995,-0.38031125335005406,0.004242695437445265,0.004233720581257238
2026-04-11,605.95,614.57,603.72,607.52,304742.88,2026-04-11 23:59:59.999,185313718.2032,502371,150723.36,91672881.1894,0,2026-04-11,48.53679653679654,611.4945,16.73875914253719,-0.23744292908187437,0.0025909728525455034,0.002587622068995706
2026-04-12,607.52,607.89,589.17,592.42,449203.73,2026-04-12 23:59:59.999,267204947.8327,813318,213174.03,126791355.4769,0,2026-04-12,44.64797706275881,609.1505,15.901570751617616,-1.0521287652226474,-0.0248551488016856,-0.025169253687421334
2026-04-13,592.41,618.4,591.75,615.19,571639.67,2026-04-13 23:59:59.999,345330504.3028,956853,300811.61,181871650.3123,0,2026-04-13,51.99281619119987,607.9945,14.443741123125,0.4981742568398542,0.03843556935957615,0.03771532038678859
2026-04-14,615.19,625.74,610.81,614.16,595098.41,2026-04-14 23:59:59.999,367507205.2609,857941,272952.03,168577975.0239,0,2026-04-14,48.735281290885304,606.3100000000001,11.136977762592219,0.7048590890041214,-0.0016742794908891634,-0.0016756826632164528
2026-04-15,614.17,628.19,610.84,623.08,445258.22,2026-04-15 23:59:59.999,275620550.1136,739998,229954.3,142390279.1513,0,2026-04-15,54.24878606112542,606.0265,10.594648736148201,1.6096333559237914,0.014523902566106583,0.014419440938762082
2026-04-16,623.08,638.02,615.09,636.15,592385.51,2026-04-16 23:59:59.999,370989496.9511,942427,294729.42,184624564.1099,0,2026-04-16,70.81842042471962,607.1479999999999,12.47263345342218,2.3252507265851414,0.02097643962252027,0.02075946313030419
2026-04-17,636.15,646.0,627.02,643.52,549064.05,2026-04-17 23:59:59.999,349766325.387,929410,277509.73,176794702.7138,0,2026-04-17,71.4474708171206,608.779,14.888014925480524,2.3334877197457327,0.011585317928161531,0.01151872199557775
2026-04-18,643.52,649.19,628.46,630.22,434155.82,2026-04-18 23:59:59.999,277011976.5059,760913,202400.21,129180079.6809,0,2026-04-18,63.39874066481184,609.997,15.615330220492385,1.2950734767978793,-0.02066757831924404,-0.0208841418078486
2026-04-19,630.23,630.72,615.14,616.38,465930.91,2026-04-19 23:59:59.999,290093365.8807,808710,228387.58,142223592.9546,0,2026-04-19,55.121985516417084,610.345,15.679218394868169,0.3849043905131925,-0.02196058519247257,-0.0222053083202113
2026-04-20,616.39,632.46,616.24,629.56,385483.36,2026-04-20 23:59:59.999,241138221.1831,803830,198313.88,124064680.9827,0,2026-04-20,59.44823109380067,610.941,16.18936424746611,1.1500760447041076,0.021382913137999227,0.02115750622717282
2026-04-21,629.57,640.78,625.12,631.97,443421.68,2026-04-21 23:59:59.999,280540499.0145,841497,223045.45,141133163.5653,0,2026-04-21,54.1672780630961,611.9804999999999,16.859114815693008,1.1856790951677525,0.0038280703983735176,0.003820761982368915
2026-04-22,631.97,654.89,631.45,637.81,523630.86,2026-04-22 23:59:59.999,337171501.3591,928008,263274.62,169579779.1191,0,2026-04-22,64.80396941597525,614.681,16.427726530097935,1.40792458150702,0.009240944981565358,0.00919850868348107
2026-04-23,637.81,640.7,631.22,638.84,426571.81,2026-04-23 23:59:59.999,271388921.677,784079,206859.43,131632412.0523,0,2026-04-23,64.52987949831953,617.2030000000001,16.048102724402113,1.3482590666060215,0.0016149009893229316,0.0016135984388584068
2026-04-24,638.84,640.88,632.26,636.49,285176.71,2026-04-24 23:59:59.999,181645299.0078,582925,143681.79,91519183.6932,0,2026-04-24,62.53900476268677,619.3465,15.588843944522,1.0997287586565603,-0.003678542358024006,-0.003685324833154085
2026-04-25,636.49,638.79,627.32,628.9,232031.72,2026-04-25 23:59:59.999,146869515.1306,415640,115322.85,73005441.4798,0,2026-04-25,58.36463223787166,620.701,15.155815593894719,0.5409804539521313,-0.011924774937548177,-0.011996445405497047
2026-04-26,628.9,638.5,627.15,636.18,243724.1,2026-04-26 23:59:59.999,154191120.6233,460715,123529.87,78159499.34,0,2026-04-26,68.2363727287881,622.4875,14.743314229644863,0.9287260507863313,0.011575767212593346,0.011509280616304095
2026-04-27,636.18,640.38,618.76,627.18,451298.76,2026-04-27 23:59:59.999,283623406.692,719745,211054.2,132645215.3289,0,2026-04-27,55.64447792109966,622.816,14.772444618287341,0.295414883099143,-0.014146939545411685,-0.014247961393091072
2026-04-28,627.17,627.98,619.3,624.88,239349.2,2026-04-28 23:59:59.999,149294821.3839,476544,118657.05,74013339.3867,0,2026-04-28,54.98697432080389,623.9895,13.888235261709273,0.06411901751514379,-0.003667208775789965,-0.003673949470628838
2026-04-29,624.88,629.9,610.29,617.63,443693.97,2026-04-29 23:59:59.999,275547199.982,730175,210636.27,130839840.3252,0,2026-04-29,47.42462905207445,624.7014999999999,13.120380801211528,-0.5389706371439251,-0.011602227627704464,-0.011670058641675115
2026-04-30,617.64,620.9,613.69,615.61,234836.41,2026-04-30 23:59:59.999,144923876.2334,504011,116924.49,72164255.1117,0,2026-04-30,39.162093710426355,625.1845000000001,12.559572350679831,-0.7623269115115853,-0.00327056652040858,-0.003275926513089972
2026-05-01,615.61,623.17,614.0,615.72,303500.66,2026-05-01 23:59:59.999,187923719.2921,517154,150533.31,93216943.2467,0,2026-05-01,34.11428571428574,625.5944999999999,12.07715218917047,-0.8176182468623953,0.00017868455678105022,0.00017866859459706973
2026-05-02,615.71,622.21,614.39,618.33,191681.74,2026-05-02 23:59:59.999,118330485.1916,357497,96645.68,59665697.9462,0,2026-05-02,42.26012237989846,626.89,9.431061780954636,-0.9076390547336104,0.0042389397778210824,0.004229980781441957
2026-05-03,618.33,622.74,615.32,617.58,233357.06,2026-05-03 23:59:59.999,144401124.0918,404419,116618.2,72170020.5276,0,2026-05-03,50.94161958568742,627.0094999999999,9.289082712085923,-1.0151163782545751,-0.0012129445441754205,-0.0012136807567926413
2026-05-04,617.59,639.56,615.81,623.03,719326.33,2026-05-04 23:59:59.999,451304161.0964,993234,369086.05,231583408.8539,0,2026-05-04,44.16860153598859,627.453,8.844406558318008,-0.5000900818879983,0.008824767641439024,0.008786056954656753
2026-05-05,623.04,635.48,622.88,630.75,377484.19,2026-05-05 23:59:59.999,237730253.7145,614675,188271.95,118576867.4879,0,2026-05-05,49.004893964110906,627.8365,8.811035708902676,0.33066487258202765,0.012391056610436157,0.012314915799987254
2026-05-06,630.75,664.72,629.02,648.12,724988.82,2026-05-06 23:59:59.999,469322858.7338,1066037,363612.46,235432977.6087,0,2026-05-06,57.07812714540715,628.4350000000001,9.760809662295557,2.0167384347263675,0.027538644470868068,0.02716627687163299
2026-05-07,648.12,653.95,633.79,637.31,530204.0,2026-05-07 23:59:59.999,341270912.7175,899254,253232.24,163000411.4767,0,2026-05-07,49.07396199007379,628.1245,9.345629136006341,0.9828658794741308,-0.016679010059865496,-0.016819670998418863
2026-05-08,637.32,652.0,634.8,649.78,386872.21,2026-05-08 23:59:59.999,248288201.644,717356,189665.32,121716660.5173,0,2026-05-08,57.16596570689095,629.1025000000001,10.52544479622137,1.964525053366211,0.01956661593259179,0.01937765066580605
2026-05-09,649.77,656.63,646.66,650.08,292466.97,2026-05-09 23:59:59.999,190523702.9452,549202,141054.43,91886563.3442,0,2026-05-09,62.39466292134834,630.7875,11.065174803023812,1.743533233178377,0.00046169472744628237,0.00046158817922951163
2026-05-10,650.07,667.26,645.2,664.13,434928.2,2026-05-10 23:59:59.999,285266568.9487,772267,219697.23,144136004.1084,0,2026-05-10,65.15562303437807,632.516,13.331373917445564,2.371398491691066,0.021612724587742882,0.021382481206530857
2026-05-11,664.13,673.59,649.69,670.98,523684.54,2026-05-11 23:59:59.999,345270482.9655,935103,264700.96,174582677.7407,0,2026-05-11,74.31712191872087,634.4665,15.861036760114658,2.302087849125953,0.010314245704907243,0.010261416822204397
2026-05-12,670.96,671.89,650.39,665.23,702501.54,2026-05-12 23:59:59.999,463948131.0845,1051358,355983.59,234942008.4658,0,2026-05-12,71.57523259544432,635.8375,17.286286586419394,1.7003362667313198,-0.008569554979284022,-0.008606484748038294
2026-05-13,665.24,686.14,664.11,671.9,852518.35,2026-05-13 23:59:59.999,575603603.6023,1247813,433072.87,292413324.502,0,2026-05-13,79.19939739588935,637.4905,19.076492967729536,1.8037644580798105,0.010026607338815108,0.009976674405990586
2026-05-14,671.89,688.4,665.62,678.76,652917.13,2026-05-14 23:59:59.999,442151765.1204,1039593,324219.42,219486200.8365,0,2026-05-14,82.29518257134086,639.604,21.18486560086697,1.8483006093934118,0.010209852656645424,0.010158084178521145
2026-05-15,678.76,690.55,669.42,672.63,757702.57,2026-05-15 23:59:59.999,515216505.875,1291237,379144.92,257774844.54,0,2026-05-15,77.41593602466514,641.7905,22.251785847916768,1.3859337048620421,-0.009031174494666727,-0.009072202760135548
2026-05-16,672.62,675.2,651.01,656.52,569890.75,2026-05-16 23:59:59.999,375676465.9548,858294,270121.47,177992994.9093,0,2026-05-16,66.2801602864694,642.8075,22.445832077071287,0.6109152003327815,-0.02395076044779454,-0.02424224348075497
2026-05-17,656.52,657.89,640.0,649.75,440823.68,2026-05-17 23:59:59.999,287637638.7423,722591,208458.63,136065669.8398,0,2026-05-17,63.04435974373528,643.936,22.184633705159296,0.26207329258935885,-0.010311947846219471,-0.010365484342135236
2026-05-18,649.76,649.98,634.43,643.85,535949.87,2026-05-18 23:59:59.999,344028897.6232,1054931,257647.25,165387656.5597,0,2026-05-18,58.41144149967681,644.8845,21.72784376035049,-0.047611719386889254,-0.009080415544440168,-0.009121893801806804
2026-05-19,643.85,647.47,636.46,640.35,311229.45,2026-05-19 23:59:59.999,199734976.1268,695641,155712.59,99924724.6423,0,2026-05-19,54.015392337292965,646.0205,20.80211109606803,-0.27259252552841967,-0.005436048769123292,-0.005450877847712125
2026-05-20,640.34,652.24,637.85,649.8,315357.53,2026-05-20 23:59:59.999,203558186.2276,693484,157388.63,101593745.0917,0,2026-05-20,50.75255330585914,647.73,19.537907823147286,0.10594788442739658,0.014757554462403233,0.01464972136291903
2026-05-21,649.8,660.0,646.64,658.82,393765.37,2026-05-21 23:59:59.999,257458080.9342,786289,192661.73,125961966.5086,0,2026-05-21,59.79240644632618,649.885,18.148995187512195,0.49231375663970517,0.013881194213604342,0.013785732834763373
2026-05-22,658.82,664.95,648.71,650.84,489817.59,2026-05-22 23:59:59.999,322092450.6939,859449,235008.22,154557728.9184,0,2026-05-22,50.50313271311945,651.5105000000001,16.560389480244858,-0.04048817817962015,-0.012112564888740462,-0.012186519798644895
2026-05-23,650.84,664.4,635.0,656.62,511381.27,2026-05-23 23:59:59.999,331331608.0085,861166,250908.57,162625687.7974,0,2026-05-23,52.95073091499729,653.4625,14.526392631872255,0.21736298061173004,0.008880830926187633,0.008841628277651383
2026-05-24,656.63,663.26,650.0,656.87,347056.0,2026-05-24 23:59:59.999,228035736.0556,634284,166561.81,109452654.915,0,2026-05-24,46.25850340136055,655.1545,12.643954858914643,0.13567748533920965,0.00038073771740121387,0.0003806652551886361
2026-05-25,656.88,673.51,656.06,663.47,502561.25,2026-05-25 23:59:59.999,334238315.8006,752667,250443.29,166591327.8782,0,2026-05-25,46.11966518549138,656.7905,11.373006580707173,0.5873117150332946,0.010047650219982662,0.00999750817592709
2026-05-26,663.47,668.5,653.76,656.78,462130.35,2026-05-26 23:59:59.999,305026187.8603,850158,230261.91,151987767.9835,0,2026-05-26,45.67597994064065,657.2235,11.188887943922477,-0.039637540586941876,-0.010083349661627605,-0.01013453097521285
2026-05-27,656.79,660.44,646.86,649.1,380785.81,2026-05-27 23:59:59.999,248988792.315,788891,181397.55,118613113.0249,0,2026-05-27,38.45218800648301,657.813,10.364734287125275,-0.8406390128903701,-0.011693413319528556,-0.011762318965249721
2026-05-28,649.09,649.87,628.42,638.66,601811.9,2026-05-28 23:59:59.999,383598497.8046,1061268,280851.07,179020603.0955,0,2026-05-28,30.400782013685244,657.257,11.09113496164587,-1.6767445409608717,-0.01608380835002321,-0.016214556644568615
2026-05-29,638.65,645.34,631.15,643.5,409117.27,2026-05-29 23:59:59.999,261493950.5694,762974,198094.17,126619805.8586,0,2026-05-29,35.58063558063559,656.928,11.408291352325568,-1.1770386629600509,0.00757836720633831,0.007549795641327015
2026-05-30,643.51,729.99,643.02,719.01,2287617.26,2026-05-30 23:59:59.999,1593240732.5135,2360145,1190197.98,829434321.9177,0,2026-05-30,69.47821208154105,659.672,17.953959129441923,3.305009194473109,0.11734265734265725,0.11095323879398851
2026-05-31,719.01,746.59,702.1,710.91,2300247.08,2026-05-31 23:59:59.999,1667832190.3321,2578668,1122255.03,814010114.0723,0,2026-05-31,68.90688759737849,661.6685,21.203636548841544,2.322313905285755,-0.011265490048817162,-0.011329426317622867
2026-06-01,710.91,731.4,674.15,693.45,2733402.07,2026-06-01 23:59:59.999,1909357683.4671,3110829,1336419.58,933773160.0642,0,2026-06-01,64.31044431621466,663.0795,22.36050429594697,1.3582207090698264,-0.024560070895049857,-0.024866700410202815
2026-06-02,693.46,696.0,642.49,651.07,1476972.12,2026-06-02 23:59:59.999,992206466.4525,2249880,710477.65,477305077.1873,0,2026-06-02,52.526157036478466,662.038,22.41308748314142,-0.4893569441626382,-0.061114716273703906,-0.0630619757926552
2026-06-03,651.08,657.9,616.33,620.98,1244201.83,2026-06-03 23:59:59.999,790179405.9314,2049273,586582.61,372683363.4838,0,2026-06-03,43.81066918649602,659.149,23.823684566338706,-1.6021451213272973,-0.0462162286697283,-0.047318288014000974
2026-06-04,620.97,624.94,588.33,604.85,1450622.86,2026-06-04 23:59:59.999,877359337.0382,2621291,705764.46,426856255.3282,0,2026-06-04,38.75296961613804,655.76,26.47812264772488,-1.9227193965873703,-0.025975071660923055,-0.02631838188983069
2026-06-05,604.84,608.35,556.88,572.44,1904021.67,2026-06-05 23:59:59.999,1110042727.6482,3336216,907697.53,529324958.4634,0,2026-06-05,35.17173551218036,651.5559999999999,32.37030891029512,-2.444091597001648,-0.05358353310738195,-0.05507256696318213
2026-06-06,572.45,584.78,560.0,574.72,745689.47,2026-06-06 23:59:59.999,428080634.6085,1726825,366097.14,210183266.9722,0,2026-06-06,34.301924403894816,647.8045,36.65481607978197,-1.9938580469460276,0.003982950178184508,0.003975039231104916
2026-06-07,574.73,611.19,573.68,604.81,768315.05,2026-06-07 23:59:59.999,454191573.2146,1606329,393446.7,232621604.7721,0,2026-06-07,41.04575163398692,645.8525,37.89501993041884,-1.0830578813617315,0.05235592984409787,0.05103139344638588
2026-06-08,604.82,610.79,591.8,602.13,559753.48,2026-06-08 23:59:59.999,336849340.2194,1347752,269406.6,162140539.8678,0,2026-06-08,39.30539089197292,643.9415000000001,39.13065782532435,-1.068510020624821,-0.004431143664952564,-0.00444099028065464
2026-06-09,602.12,605.81,583.99,593.83,583478.78,2026-06-09 23:59:59.999,347292570.4826,1305740,278296.44,165654943.1712,0,2026-06-09,39.08595998474289,641.143,40.661094569372324,-1.163593860447578,-0.013784398717884727,-0.013880285724748092
2026-06-10,593.83,598.87,580.9,586.75,507631.86,2026-06-10 23:59:59.999,298899685.1314,1305807,246187.37,144974875.0407,0,2026-06-10,39.167448486743794,637.5395000000001,42.17731087171027,-1.2041900953449904,-0.011922604112288071,-0.011994248383630323
2026-06-11,586.76,607.99,586.76,606.08,483736.45,2026-06-11 23:59:59.999,290028286.1331,1031359,242286.07,145266015.3519,0,2026-06-11,44.50923553997574,635.3015,42.61962079347257,-0.6856349131214097,0.032944184064763515,0.032413155826525826
2026-06-12,606.09,613.9,596.78,604.08,405129.01,2026-06-12 23:59:59.999,245420538.8913,839905,204072.24,123661348.6889,0,2026-06-12,43.292267900898445,632.6745,42.85501290766606,-0.6672381609500073,-0.003299894403379078,-0.0033053510624885983
2026-06-13,604.08,612.71,599.7,609.9,291575.35,2026-06-13 23:59:59.999,176844805.0484,552302,139740.52,84753924.7404,0,2026-06-13,25.66138746375192,630.326,42.746152230659725,-0.4778441785773053,0.009634485498609457,0.009588369807240522
2026-06-14,609.9,617.63,603.0,617.17,355542.13,2026-06-14 23:59:59.999,217107797.6484,655391,176491.61,107804866.4873,0,2026-06-14,29.012179831631713,628.0110000000001,42.10563668979529,-0.2574714658721107,0.01191998688309548,0.011849503394756425
2026-06-15,617.18,633.16,612.85,618.15,614652.51,2026-06-15 23:59:59.999,382481952.9887,1009189,302175.36,188015494.8887,0,2026-06-15,31.79752465673947,626.0795,41.59945488952534,-0.19061547852149158,0.001587893125071016,0.0015866337557690023
2026-06-16,618.15,619.98,600.77,605.38,563043.49,2026-06-16 23:59:59.999,343659377.8328,992035,270103.61,164870066.5128,0,2026-06-16,37.10997009535628,623.8934999999999,41.47461636826932,-0.4463814646436102,-0.02065841624201248,-0.02087478642026885
2026-06-17,605.38,612.9,595.33,601.93,604825.71,2026-06-17 23:59:59.999,365976194.4969,1155347,289674.89,175303263.4705,0,2026-06-17,43.67487881001391,622.057,41.599356915580294,-0.48382959479024684,-0.005698899864547968,-0.005715200554548845
2026-06-18,601.93,604.54,573.16,578.56,700433.07,2026-06-18 23:59:59.999,410819844.9067,1380142,330125.39,193597583.1722,0,2026-06-18,41.67141861496543,618.8100000000001,42.36492466776739,-0.9500784036711298,-0.03882511255461596,-0.039598901714361444
2026-06-19,578.55,583.43,570.69,581.59,357815.92,2026-06-19 23:59:59.999,206455989.7441,842975,176462.77,101848429.0284,0,2026-06-19,53.56169715842739,611.939,35.91072672175412,-0.8451235263254924,0.005237140486725744,0.005223474360004692
2026-06-20,581.59,589.92,580.33,588.35,328519.34,2026-06-20 23:59:59.999,192396601.4129,685935,158055.02,92560922.7905,0,2026-06-20,55.12675844429398,605.8109999999999,27.636893705416007,-0.6318003819864193,0.011623308516308661,0.011556276786176245
2026-06-21,588.35,592.86,583.85,584.55,347698.73,2026-06-21 23:59:59.999,204813233.7966,643876,164742.05,97047449.0275,0,2026-06-21,40.5007501875469,600.3660000000001,18.765359014620053,-0.8428295982868184,-0.0064587405455937,-0.006479688457110083
2026-06-22,584.54,602.79,584.28,590.43,484505.37,2026-06-22 23:59:59.999,287994420.2759,1015789,240787.03,143134505.5999,0,2026-06-22,44.674071376547694,597.3340000000001,14.572149500084882,-0.4737804810443301,0.010059019758788867,0.010008764550627783
2026-06-23,590.42,593.17,570.65,578.19,481607.83,2026-06-23 23:59:59.999,278452502.2512,1039653,223154.1,129042795.6038,0,2026-06-23,43.12708736157498,595.1945,14.049561699481805,-1.2103224544454705,-0.02073065393018625,-0.020948550624385567
2026-06-24,578.18,582.34,546.32,564.54,707581.81,2026-06-24 23:59:59.999,400106567.0669,1437954,329690.06,186518325.0227,0,2026-06-24,40.77274615704196,593.179,15.416393154525508,-1.8576978228914058,-0.023608156488351684,-0.023891294132340684
2026-06-25,564.55,572.71,540.5,560.9,693551.2,2026-06-25 23:59:59.999,387451666.2307,1459035,353975.23,197815787.8795,0,2026-06-25,28.41582266386392,592.602,16.41694811051428,-1.9310531888503908,-0.006447727353243282,-0.006468603732437979
2026-06-26,560.91,570.74,550.53,567.98,651178.4,2026-06-26 23:59:59.999,366183372.1289,1475647,329453.19,185274965.154,0,2026-06-26,33.552032075815575,592.265,16.866368123706085,-1.4398476199429573,0.012622570868247474,0.012543570319323263
2026-06-27,567.99,568.99,554.6,557.44,310891.45,2026-06-27 23:59:59.999,175194403.2908,637834,150150.17,84610510.6463,0,2026-06-27,27.083697361523733,589.8965000000001,18.278864491685624,-1.7756299913905078,-0.01855699144336065,-0.01873133260953116
2026-06-28,557.43,559.09,545.78,551.43,358752.64,2026-06-28 23:59:59.999,198638416.5153,768512,170416.55,94353809.0365,0,2026-06-28,20.962897526501834,587.3615,19.933718399000522,-1.802548790987317,-0.010781429391504171,-0.010839970150300858
2026-06-29,551.42,563.26,546.45,559.82,488733.9,2026-06-29 23:59:59.999,271030563.3544,1174658,244995.42,135862566.6247,0,2026-06-29,25.81875466379249,585.661,20.785329061880166,-1.2432326629551282,0.015214986489672455,0.01510039941474837
2026-06-30,559.83,560.82,543.93,546.84,426396.37,2026-06-30 23:59:59.999,234161308.7086,918844,199190.52,109403426.5937,0,2026-06-30,25.773878496937698,583.6655,22.51877800625152,-1.6353240832951352,-0.023186024079168366,-0.02345904842473938
2026-07-01,546.84,560.01,537.31,550.81,667460.78,2026-07-01 23:59:59.999,366208657.5294,1230485,338452.47,185787019.1013,0,2026-07-01,28.935223339377004,580.9019999999999,23.00931998812375,-1.3078178762141583,0.007259893204593526,0.007233667036212959
2026-07-02,550.81,567.77,546.52,559.18,566665.83,2026-07-02 23:59:59.999,316229560.9674,1071445,294168.35,164182137.9438,0,2026-07-02,40.88771863832991,578.6569999999999,22.818474071406147,-0.8535627728239121,0.015195802545342252,0.015081502800886413
2026-07-03,559.18,575.63,557.42,574.23,368016.84,2026-07-03 23:59:59.999,208467237.6777,757558,183619.75,104050516.0769,0,2026-07-03,46.89084150050693,576.8734999999999,21.609973641574108,-0.12232777530622413,0.026914410386637666,0.026558588025237074
2026-07-04,574.23,579.24,569.04,575.76,351228.43,2026-07-04 23:59:59.999,201713160.9008,705444,163446.87,93888518.4002,0,2026-07-04,44.435605056130115,574.803,19.418548945735743,0.04928277610620067,0.0026644375946920373,0.0026608942734207943
2026-07-05,575.76,593.83,568.58,590.32,634632.59,2026-07-05 23:59:59.999,369990828.9359,1045229,315038.81,183741854.0595,0,2026-07-05,52.32867866655908,573.4114999999999,16.99475190664611,0.9949247916580494,0.025288314575517612,0.024973855550562415
2026-07-06,590.31,593.58,570.48,586.38,607091.91,2026-07-06 23:59:59.999,353384000.8786,1127246,288361.46,167861051.3716,0,2026-07-06,48.33948339483397,572.4615,15.586359176165702,0.8929923815231873,-0.006674346117360175,-0.00669671917131192
2026-07-07,586.38,588.19,575.57,577.11,425764.2,2026-07-07 23:59:59.999,247436133.4335,883187,205240.02,119288435.1754,0,2026-07-07,49.54614220877457,571.2205,14.026613229294716,0.41988040189913567,-0.015808861148060904,-0.015935153992599576
2026-07-08,577.11,579.33,560.58,568.98,443489.8,2026-07-08 23:59:59.999,251550742.0223,937196,215514.04,122227346.1334,0,2026-07-08,51.95663670015867,570.7415,13.925996997286504,-0.12649004594379748,-0.014087435670842585,-0.014187605462508612
2026-07-09,568.97,577.0,565.71,569.05,310109.92,2026-07-09 23:59:59.999,177127770.6745,749679,151547.73,86565336.0999,0,2026-07-09,53.70825370825369,570.1145,13.69218581412143,-0.07774507404816218,0.000123027171429424,0.00012301960420761193
2026-07-10,569.05,578.81,568.4,575.72,326359.05,2026-07-10 23:59:59.999,187764272.1306,633664,157000.02,90319863.7428,0,2026-07-10,53.53489221775666,569.483,13.084654370674167,0.4766652464262782,0.011721289869080165,0.01165312766657129
2026-07-11,575.73,583.42,573.38,574.91,246465.21,2026-07-11 23:59:59.999,142626811.6985,461362,117945.46,68267363.5442,0,2026-07-11,58.75689223057636,569.001,12.671449009485817,0.466323937820886,-0.001406933926214271,-0.001407924587055894
2026-07-12,574.91,585.07,570.24,574.14,369566.68,2026-07-12 23:59:59.999,213286544.0353,598669,177862.8,102668606.8599,0,2026-07-12,62.01460162945719,568.1865,11.708489621232939,0.5084771983914559,-0.0013393400706197545,-0.0013402377881877403
2026-07-13,574.13,580.2,562.52,567.85,353951.97,2026-07-13 23:59:59.999,201675591.0335,726338,168072.94,95787833.4011,0,2026-07-13,54.34476788226381,567.6695000000001,11.46937178796274,0.015737566393076153,-0.010955516076218252,-0.011015969681571095
2026-07-14,567.85,585.0,567.01,582.22,432171.18,2026-07-14 23:59:59.999,249314484.4588,700204,220854.82,127380474.7132,0,2026-07-14,68.85927505330488,568.5535,11.889131381223596,1.1494952458497876,0.02530597869155593,0.024991083840036107
2026-07-15,582.23,585.77,576.19,581.03,383236.02,2026-07-15 23:59:59.999,222514497.6213,675491,184774.55,107298549.6466,0,2026-07-15,66.60074708855194,569.5600000000001,12.057981850865112,0.9512371259023737,-0.002043900930919662,-0.0020459925469506336
2026-07-16,581.03,586.34,572.0,572.79,363409.54,2026-07-16 23:59:59.999,210367195.1663,659728,169671.57,98246378.5236,0,2026-07-16,57.48707228517988,569.8005,12.072769043116237,0.2476233902365993,-0.014181711787687346,-0.014283233237257977
2026-07-17,572.79,575.18,555.69,568.42,426206.33,2026-07-17 23:59:59.999,241024555.5309,781145,204298.79,115552822.8715,0,2026-07-17,46.37825707517763,570.3495,11.725768059234165,-0.16455212061614796,-0.007629323137624655,-0.007658575301178765
2026-07-18,568.42,573.1,566.69,570.99,200735.91,2026-07-18 23:59:59.999,114366618.6442,422669,101602.51,57897453.5148,0,2026-07-18,47.06461538461541,571.3275,10.84753713255323,-0.03111305320976011,0.0045213046690828484,0.004511114275498399
2026-07-19,570.99,572.95,566.58,571.43,185786.14,2026-07-19 23:59:59.999,105780478.968,418870,86564.03,49292882.4359,0,2026-07-19,35.9302845225681,571.908,10.50453666404835,-0.045504148853705725,0.0007705914289215521,0.0007702946757868841
2026-07-20,571.43,575.68,563.01,571.57,369363.71,2026-07-20 23:59:59.999,210517681.4287,719026,181660.54,103548702.9476,0,2026-07-20,38.30727933049115,573.1445,8.698734012549322,-0.18100335034138007,0.0002449993875017764,0.0002449693800529426
2026-07-21,571.58,580.2,571.07,574.37,296550.56,2026-07-21 23:59:59.999,170770039.1596,542270,146433.11,84317756.1796,0,2026-07-21,47.590573338023205,574.3225,6.930518986417344,0.006853743578670758,0.004898787550081218,0.00488682753416494
2026-07-22,574.36,576.02,567.36,571.39,303120.8,2026-07-22 23:59:59.999,173319930.3378,557584,149559.7,85532219.9031,0,2026-07-22,52.33030361632176,574.933,6.002016415561926,-0.5903016177719501,-0.005188293260441901,-0.005201799189320325
2026-07-23,571.39,572.55,563.93,567.71,235229.93,2026-07-23 23:59:59.999,133793059.653,469251,105552.32,60038815.6716,0,2026-07-23,48.78886478669566,574.607,6.215480757968148,-1.109648677000261,-0.006440434729344191,-0.00646126380948048
2026-07-24,567.7,571.62,556.12,565.26,363315.06,2026-07-24 23:59:59.999,204979998.3148,618831,171445.51,96754976.5721,0,2026-07-24,39.765166340508806,574.082,6.54754401524844,-1.3473754402344802,-0.004315583660671862,-0.00432492267037498
2026-07-25,565.25,570.4,564.15,569.32,158020.97,2026-07-25 23:59:59.999,89591177.4446,345502,79167.99,44887080.686,0,2026-07-25,44.85740570377193,573.032,5.387560330596593,-0.6889946046486202,0.007182535470403151,0.007156863913793338
2026-07-26,569.33,576.9,569.32,575.61,209672.45,2026-07-26 23:59:59.999,120104894.7269,421108,105293.9,60321194.0048,0,2026-07-26,51.22765992984803,572.4934999999999,4.437683458034016,0.7022808250006999,0.011048268109323356,0.010987681835692797
2026-07-27,575.62,577.6,565.59,566.55,357418.35,2026-07-27 23:59:59.999,204538899.0847,709626,177643.25,101648570.0952,0,2026-07-27,48.96232439335882,571.9655,4.487439165401403,-1.2068130174898197,-0.01573982383905781,-0.01586501021154198
2026-07-28,566.56,576.1,562.49,571.6,337245.93,2026-07-28 23:59:59.999,191716151.7691,689052,164663.02,93604235.721,0,2026-07-28,40.041260315078816,572.0964999999999,4.4336171225642875,-0.11198531273099488,0.008913599858794585,0.008874108229136911
2026-07-29,571.6,574.0,565.52,572.41,314458.31,2026-07-29 23:59:59.999,179329101.0098,698219,157048.61,89565035.9924,0,2026-07-29,41.858707971288275,572.2645,4.375379051251226,0.033254261698391914,0.001417074877536617,0.0014160717744686262
2026-07-30,572.41,596.6,571.38,592.38,555797.85,2026-07-30 23:59:59.999,325464262.7204,965440,284185.07,166397990.9025,0,2026-07-30,65.14612648832532,573.0975000000001,6.251526024228659,3.084446889490326,0.03488758058035324,0.034292803021232166
2026-07-31,592.38,595.86,584.37,587.32,449876.43,2026-07-31 23:59:59.999,265410220.8907,852120,218343.82,128844614.5715,0,2026-07-31,64.45838433292538,573.7180000000001,7.010683276260176,1.9401817859978856,-0.008541814375907286,-0.008578504756676375
2026-08-01,587.32,593.25,573.7,575.46,389617.76,2026-08-01 23:59:59.999,226900636.9898,633042,192886.95,112307218.1082,0,2026-08-01,52.993971868720706,573.784,7.021070843504453,0.23871002548715156,-0.02019342096301846,-0.020400095126822046
2026-08-02,575.47,591.59,574.28,588.86,352853.33,2026-08-02 23:59:59.999,206167310.4723,604081,182947.83,106890425.9508,0,2026-08-02,59.947494578244516,574.8344999999999,7.631705662290215,1.8377936231611869,0.023285719250686343,0.023018743428990858
2026-08-03,588.86,594.77,581.43,589.72,338923.37,2026-08-03 23:59:59.999,199329330.8414,723197,166337.63,97819815.8033,0,2026-08-03,60.273972602739704,575.2095,8.178391602911443,1.7742486181310217,0.0014604490031586703,0.0014593835847133126
2026-08-04,589.72,593.49,589.2,590.97,73701.62,2026-08-04 23:59:59.999,43569345.9569,157157,37888.99,22397504.0659,0,2026-08-04,59.56441576400092,575.7065,8.827023862163742,1.7291785134314257,0.0021196500033915378,0.0021174067147549692
