timestamp,open,high,low,close,volume,close_time,quote_volume,trades,taker_buy_base,taker_buy_quote,ignore,date,return,log_return,rsi
2023-11-09,35624.72,37972.24,35534.05,36701.09,82537.88885,2023-11-09 23:59:59.999,3033417922.7826815,2138765,42156.81236,1550254981.0451877,0,2023-11-09,,,
2023-11-10,36701.1,37526.0,36324.71,37301.63,43414.04898,2023-11-10 23:59:59.999,1605069174.5241032,1297729,21388.56879,790671818.768367,0,2023-11-10,0.016363001752808914,0.01623057053490802,
2023-11-11,37301.63,37408.26,36666.93,37130.0,22984.97235,2023-11-11 23:59:59.999,851924612.7339427,923300,10728.65792,397673179.6679197,0,2023-11-11,-0.004601139414014854,-0.004611757237879132,
2023-11-12,37129.99,37222.22,36731.1,37064.13,17687.18874,2023-11-12 23:59:59.999,655570813.1382711,810885,8506.46051,315285367.544748,0,2023-11-12,-0.0017740371667116506,-0.0017756126342137468,
2023-11-13,37064.13,37417.99,36333.0,36462.93,32798.18252,2023-11-13 23:59:59.999,1208037462.3041444,1217191,15442.44512,568916594.9113175,0,2023-11-13,-0.016220534516795504,-0.016353527492521336,
2023-11-14,36462.93,36744.0,34800.0,35551.19,45503.68416,2023-11-14 23:59:59.999,1639130785.08681,1404428,21205.18615,763841642.8808781,0,2023-11-14,-0.025004573137704433,-0.0253224983929354,
2023-11-15,35551.2,37980.0,35360.0,37858.2,53569.13385,2023-11-15 23:59:59.999,1963249656.5094736,1545427,28142.1424,1031669501.9934208,0,2023-11-15,0.06489262384747163,0.06287397140001015,
2023-11-16,37858.2,37929.54,35500.0,36163.51,47490.39566,2023-11-16 23:59:59.999,1744503339.0151725,1542446,22214.04928,815932555.1331267,0,2023-11-16,-0.044764146208747246,-0.04579700167213188,
2023-11-17,36163.51,36800.0,35861.1,36613.92,38283.61112,2023-11-17 23:59:59.999,1391225051.1923273,1349322,18403.36411,668865883.1417465,0,2023-11-17,0.012454819789339933,0.012377896572665345,
2023-11-18,36613.91,36845.49,36178.58,36568.1,17102.24186,2023-11-18 23:59:59.999,624434069.5256634,784498,8101.54756,295795105.4300323,0,2023-11-18,-0.0012514366120863762,-0.001252220312786142,
2023-11-19,36568.11,37500.0,36384.02,37359.86,21246.34648,2023-11-19 23:59:59.999,781531839.4371592,862400,10575.25293,389089868.806342,0,2023-11-19,0.021651658139197894,0.021420590373204398,
2023-11-20,37359.85,37750.0,36677.0,37448.78,36022.70291,2023-11-20 23:59:59.999,1343722642.386475,1485050,17591.22652,656245983.7397183,0,2023-11-20,0.0023800945720888755,0.0023772666332884944,
2023-11-21,37448.79,37649.44,35735.0,35741.65,47646.54804,2023-11-21 23:59:59.999,1756747495.9818547,1936895,22371.42068,824920009.55786,0,2023-11-21,-0.04558573069670091,-0.046657457238005864,
2023-11-22,35741.65,37861.1,35632.01,37408.34,45051.30697,2023-11-22 23:59:59.999,1657141022.427348,1648374,23046.71174,847145468.3259536,0,2023-11-22,0.046631590875071405,0.045576998787717926,53.18483240734154
2023-11-23,37408.35,37653.44,36870.0,37294.28,23827.92882,2023-11-23 23:59:59.999,888826648.8541473,992284,11086.35132,413539343.94482046,0,2023-11-23,-0.003049052697874255,-0.003053710529443689,52.644045404177604
2023-11-24,37294.27,38414.0,37251.51,37713.57,44680.80646,2023-11-24 23:59:59.999,1688715728.079148,1379414,22349.17236,844803081.6321824,0,2023-11-24,0.011242742854936427,0.011180012954367782,51.866309297929924
2023-11-25,37713.57,37888.0,37591.1,37780.67,11396.14464,2023-11-25 23:59:59.999,430165251.7609749,569448,5153.91116,194536221.28509408,0,2023-11-25,0.001779200431038408,0.0017776195288349984,52.976072318186844
2023-11-26,37780.67,37814.63,37150.0,37447.43,21264.53723,2023-11-26 23:59:59.999,797321193.5893991,848020,10204.51641,382571274.04607826,0,2023-11-26,-0.008820383545342092,-0.008859513391713852,51.71130434161441
2023-11-27,37447.42,37569.23,36707.0,37242.7,30001.07376,2023-11-27 23:59:59.999,1112557435.2767923,1238017,14458.63822,536129095.56684417,0,2023-11-27,-0.005467130855174918,-0.005482130309367848,53.60918076128039
2023-11-28,37242.7,38377.0,36868.41,37818.87,37544.46667,2023-11-28 23:59:59.999,1414360251.6823456,1272779,18168.56198,684514270.9388716,0,2023-11-28,0.0154706828452289,0.01535223194675372,60.832500558898346
2023-11-29,37818.88,38450.0,37570.0,37854.64,32994.19107,2023-11-29 23:59:59.999,1252586505.66259,1131353,15588.96473,591917955.4743968,0,2023-11-29,0.0009458241348827556,0.0009453771250752638,49.978281505848145
2023-11-30,37854.65,38145.85,37500.0,37723.96,24740.29147,2023-11-30 23:59:59.999,934491058.9608141,1007791,11484.45424,433772722.50456333,0,2023-11-30,-0.0034521527611939273,-0.0034581251896556686,61.76495867619051
2023-12-01,37723.97,38999.0,37615.86,38682.52,43415.66324,2023-12-01 23:59:59.999,1669750777.6239815,1523417,22408.27301,861977420.1631953,0,2023-12-01,0.025409845625962824,0.025092382063089787,64.48615670763819
2023-12-02,38682.51,39717.14,38641.61,39450.35,26696.92161,2023-12-02 23:59:59.999,1043421976.7660652,1034690,13166.65386,514763687.5746009,0,2023-12-02,0.019849534104810163,0.019655100831166433,68.33042268247112
2023-12-03,39450.35,40250.0,39274.86,39972.26,26710.65335,2023-12-03 23:59:59.999,1059860641.0494444,1151524,13333.29632,529259227.1675092,0,2023-12-03,0.013229540422328379,0.013142794289187723,67.20477128797381
2023-12-04,39972.26,42420.0,39972.26,41991.1,79272.33059,2023-12-04 23:59:59.999,3285736844.1408806,2112219,38595.61905,1599710862.0871768,0,2023-12-04,0.05050602592898157,0.049271977534901416,73.85171182524681
2023-12-05,41991.1,44488.0,41414.0,44073.32,67490.74644,2023-12-05 23:59:59.999,2890205389.4901266,2072700,34815.80813,1491813847.238968,0,2023-12-05,0.04958717442505667,0.04839691964470645,92.09151376818843
2023-12-06,44073.82,44297.21,43335.28,43762.69,51431.10492,2023-12-06 23:59:59.999,2256979505.594805,1876282,25092.62492,1101273363.0864296,0,2023-12-06,-0.007048028149456376,-0.007072982823143485,87.19896780599065
2023-12-07,43762.69,44047.33,42821.1,43273.14,47103.26845,2023-12-07 23:59:59.999,2046945851.8836448,1414759,22635.67672,983629776.4938614,0,2023-12-07,-0.011186469570312108,-0.011249508685349425,83.52686922700784
2023-12-08,43273.15,44700.0,43081.1,44170.99,42900.37556,2023-12-08 23:59:59.999,1875581755.4469104,1311268,20818.67861,910357262.894073,0,2023-12-08,0.02074843655902936,0.020536119557329653,84.3659660162553
2023-12-09,44171.0,44358.02,43584.51,43713.6,24925.97008,2023-12-09 23:59:59.999,1096487106.5648339,987352,11598.00774,510255993.8680859,0,2023-12-09,-0.010354986383596998,-0.010408972260493799,80.31530744366334
2023-12-10,43713.59,44049.0,43563.0,43789.51,18956.61758,2023-12-10 23:59:59.999,830485162.5569534,830667,8841.90643,387376075.3824843,0,2023-12-10,0.0017365305076681992,0.0017350244818206502,83.28113651915817
2023-12-11,43789.5,43804.5,40222.0,41253.4,76663.89804,2023-12-11 23:59:59.999,3205540835.511434,2087142,36499.24269,1525642878.1521034,0,2023-12-11,-0.05791592552645597,-0.059660757354924286,66.90934295269078
2023-12-12,41253.41,42104.12,40680.0,41492.39,42722.69773,2023-12-12 23:59:59.999,1773961284.3375635,1526411,21394.91158,888438328.8915346,0,2023-12-12,0.005793219467971067,0.005776503301278852,65.94099758380312
2023-12-13,41492.38,43475.2,40555.0,42869.03,45865.99773,2023-12-13 23:59:59.999,1919703389.4848804,1724659,22354.97386,935785466.0225856,0,2023-12-13,0.033178132182793085,0.032639616880829996,69.49135939908777
2023-12-14,42869.03,43420.0,41400.0,43022.26,42047.05709,2023-12-14 23:59:59.999,1798740625.30166,1599536,20579.79343,880356342.3815118,0,2023-12-14,0.0035743752541170792,0.0035680023564587876,70.55890035900373
2023-12-15,43022.26,43080.81,41666.0,41940.3,33421.7932,2023-12-15 23:59:59.999,1416898938.5099788,1323628,16321.13654,691713304.7485888,0,2023-12-15,-0.02514884155318664,-0.025470477640977214,62.521196765946215
2023-12-16,41940.29,42724.43,41605.0,42278.03,24118.85747,2023-12-16 23:59:59.999,1020469627.8857332,1180886,12193.50511,515909440.9100929,0,2023-12-16,0.008052636724105389,0.008020387258140575,61.23972093082418
2023-12-17,42278.02,42424.07,41252.0,41374.65,27722.11452,2023-12-17 23:59:59.999,1161963642.9627964,1227634,13245.86404,555309260.127941,0,2023-12-17,-0.02136759919986808,-0.021599191335207872,55.410275739308034
2023-12-18,41374.64,42757.81,40542.93,42657.8,46734.0925,2023-12-18 23:59:59.999,1936003306.0825727,1741647,23255.79871,963775419.5731498,0,2023-12-18,0.03101295116695857,0.030541766708551847,52.726847360352885
2023-12-19,42657.8,43497.0,41811.1,42275.99,40927.86444,2023-12-19 23:59:59.999,1747830242.4615936,1609188,20163.65946,861082883.3110158,0,2023-12-19,-0.00895053190741213,-0.008990828549252048,41.461071631163215
2023-12-20,42275.99,44283.0,42206.0,43668.93,48710.2947,2023-12-20 23:59:59.999,2115813869.7796192,1934588,23912.13682,1038694005.77614,0,2023-12-20,0.03294872574243679,0.03241755264462973,49.596093270748455
2023-12-21,43668.92,44242.35,43286.72,43861.8,34624.29384,2023-12-21 23:59:59.999,1514529919.1877797,1500702,17058.89545,746266380.7692404,0,2023-12-21,0.004416641305385882,0.004406916568444891,52.602396471782406
2023-12-22,43861.79,44398.26,43412.54,43969.04,32783.19638,2023-12-22 23:59:59.999,1436074497.5128598,1404109,16049.22275,703199211.0393196,0,2023-12-22,0.0024449520995490914,0.0024419680670525194,49.04010228768889
2023-12-23,43969.04,43988.68,43291.1,43702.16,16557.1293,2023-12-23 23:59:59.999,722943825.3332176,849658,7765.30564,339046509.1677196,0,2023-12-23,-0.006069725424980743,-0.006088221088727501,49.9446210803924
2023-12-24,43702.15,43946.0,42500.0,42991.5,25144.33496,2023-12-24 23:59:59.999,1093460634.889423,1137678,11841.26614,514962029.1783347,0,2023-12-24,-0.016261438793872096,-0.016395107062850675,46.36063552175883
2023-12-25,42991.5,43802.32,42720.43,43576.13,27021.23992,2023-12-25 23:59:59.999,1172053386.5109816,1168428,13691.2393,593900885.8031462,0,2023-12-25,0.013598734633590404,0.013507101635684676,62.886715763567
2023-12-26,43576.12,43592.68,41637.6,42508.93,41010.04282,2023-12-26 23:59:59.999,1746333612.3049452,1475816,21096.16634,898267435.237983,0,2023-12-26,-0.024490472192000512,-0.02479535186467053,55.16517755520146
2023-12-27,42508.93,43677.0,42098.69,43428.85,36191.21136,2023-12-27 23:59:59.999,1554082990.052276,1439770,18982.83267,815239612.617364,0,2023-12-27,0.021640629392459365,0.02140979529821103,52.98297028858861
2023-12-28,43428.86,43787.57,42241.79,42563.76,35150.52485,2023-12-28 23:59:59.999,1508408742.378081,1391826,17422.8191,747631903.0553988,0,2023-12-28,-0.01991970775187457,-0.02012077980823538,47.729177273744824
2023-12-29,42563.76,43111.0,41300.0,42066.95,42597.18912,2023-12-29 23:59:59.999,1803086285.2465775,1571137,21195.34128,897324724.7968955,0,2023-12-29,-0.011672136108276221,-0.011740790238734814,50.66585631803798
2023-12-30,42066.94,42612.32,41520.3,42140.28,22906.57818,2023-12-30 23:59:59.999,964875790.984935,936545,11727.69648,494133887.90718114,0,2023-12-30,0.0017431736790995966,0.0017416561151908701,49.25507602821139
2023-12-31,42140.29,42899.0,41965.84,42283.58,23585.91603,2023-12-31 23:59:59.999,1001519241.5559053,1016484,11997.14865,509478742.7445108,0,2023-12-31,0.0034005469351414686,0.0033947781497301243,55.35557511757836
2024-01-01,42283.58,44184.1,42180.77,44179.55,27174.29903,2024-01-01 23:59:59.999,1169995682.0280013,1114623,14331.7318,617352094.5605193,0,2024-01-01,0.04483939155577654,0.04386318131378095,58.36250432756507
2024-01-02,44179.55,45879.63,44148.34,44946.91,65146.40661,2024-01-02 23:59:59.999,2944331821.823076,2247532,33817.14447,1527964124.2375848,0,2024-01-02,0.017369122139089255,0.01722000317113513,64.08089243162314
2024-01-03,44946.91,45500.0,40750.0,42845.23,81194.55173,2024-01-03 23:59:59.999,3507104563.744232,2658041,39103.99162,1687665202.9513144,0,2024-01-03,-0.04675916542427505,-0.04788769521256018,45.95945821323388
2024-01-04,42845.23,44729.58,42613.77,44151.1,48038.06334,2024-01-04 23:59:59.999,2095095359.4936347,1819944,23605.90059,1030075267.839013,0,2024-01-04,0.030478772082679795,0.03002352150755492,51.27941595302999
2024-01-05,44151.1,44357.46,42450.0,44145.11,48075.25327,2024-01-05 23:59:59.999,2100953924.3687155,2064845,24015.06426,1049655019.1400094,0,2024-01-05,-0.00013567045894657959,-0.0001356796630157846,50.7856977747711
2024-01-06,44145.12,44214.42,43397.05,43968.32,17835.06144,2024-01-06 23:59:59.999,781212883.4916061,956642,9048.57073,396341787.3638776,0,2024-01-06,-0.00400474707164622,-0.004012787545087865,51.19734403397331
2024-01-07,43968.32,44480.59,43572.09,43929.02,23023.8508,2024-01-07 23:59:59.999,1014635096.1241482,1109259,11613.52347,511871007.52582633,0,2024-01-07,-0.0008938253724500855,-0.000894225072540774,54.48864528632875
2024-01-08,43929.01,47248.99,43175.0,46951.04,72814.57589,2024-01-08 23:59:59.999,3298772150.681507,2364464,38728.8053,1755312207.6681833,0,2024-01-08,0.06879324874536241,0.06653020711240704,63.100717899667956
2024-01-09,46951.04,47972.0,44748.67,46110.0,69927.66617,2024-01-09 23:59:59.999,3251442072.8083963,2637745,34825.45429,1620151226.3362696,0,2024-01-09,-0.01791312822889546,-0.018075510415030107,64.22845050009995
2024-01-10,46110.0,47695.93,44300.36,46653.99,89911.41203,2024-01-10 23:59:59.999,4123809481.712767,3133588,46910.79439,2153126701.352164,0,2024-01-10,0.011797657774886172,0.01172860796383382,63.13323896815093
2024-01-11,46654.0,48969.48,45606.06,46339.16,87470.3296,2024-01-11 23:59:59.999,4105139605.028302,2998451,44076.1683,2070467939.6599925,0,2024-01-11,-0.006748190240534524,-0.006771062230729273,66.09528421899887
2024-01-12,46339.16,46515.53,41500.0,42782.73,86327.93707,2024-01-12 23:59:59.999,3827483735.576057,2809192,41707.58066,1850840878.9778297,0,2024-01-12,-0.07674783056058854,-0.0798528754667809,52.42015431535244
2024-01-13,42782.74,43257.0,42436.12,42847.99,36118.47464,2024-01-13 23:59:59.999,1547370611.5531662,1434243,17748.09824,760432218.245455,0,2024-01-13,0.0015253818538460973,0.0015242196406752171,52.39417503448958
2024-01-14,42847.99,43079.0,41720.0,41732.35,28228.40894,2024-01-14 23:59:59.999,1202212782.257693,1235727,13690.30843,583261659.738576,0,2024-01-14,-0.0260371606696137,-0.02638212870563945,48.25030456121283
2024-01-15,41732.35,43400.43,41718.05,42511.1,40269.89303,2024-01-15 23:59:59.999,1718982911.1081028,1657611,19924.7603,849997411.0875828,0,2024-01-15,0.018660583456239666,0.01848861088034885,44.299775537326724
2024-01-16,42511.1,43578.01,42050.0,43137.95,45045.74589,2024-01-16 23:59:59.999,1931947150.0590703,1716580,24064.55667,1031525441.9352084,0,2024-01-16,0.014745560571238991,0.014637901828299413,43.75981410803036
2024-01-17,43137.94,43198.0,42200.69,42776.1,33266.21388,2024-01-17 23:59:59.999,1419888430.9228892,1438172,16648.20529,710532768.047578,0,2024-01-17,-0.008388205744593757,-0.008423584725432613,49.72899994590189
2024-01-18,42776.09,42930.0,40683.28,41327.5,43907.51641,2024-01-18 23:59:59.999,1839426541.2635791,1466087,21085.14336,883292634.2063637,0,2024-01-18,-0.0338647048234878,-0.03445139745815894,39.05355677992516
2024-01-19,41327.51,42196.86,40280.0,41659.03,48342.74559,2024-01-19 23:59:59.999,1993846466.538752,1641428,24347.5002,1004478721.3792056,0,2024-01-19,0.008022019236585853,0.007990013891329613,40.59932480669868
2024-01-20,41659.03,41872.56,41456.3,41696.04,15923.99493,2024-01-20 23:59:59.999,662768008.1509343,807324,7557.36632,314535141.9955636,0,2024-01-20,0.0008884028264701804,0.0008880084302503328,41.31597251415948
2024-01-21,41696.05,41881.39,41500.98,41580.33,11730.16301,2024-01-21 23:59:59.999,489151571.0309043,657817,5576.56045,232552207.16073287,0,2024-01-21,-0.00277508367701107,-0.002778941360300473,41.076073501217
2024-01-22,41580.32,41689.65,39431.58,39568.02,55426.19911,2024-01-22 23:59:59.999,2247452153.7954326,2147250,26788.13985,1086650848.0670524,0,2024-01-22,-0.048395719803089654,-0.049606002668420156,19.616701509489815
2024-01-23,39568.02,40176.74,38555.0,39897.6,57956.63351,2024-01-23 23:59:59.999,2275851990.6468267,2043925,30913.97177,1214417243.6964118,0,2024-01-23,0.008329453937801379,0.008294955472882228,23.310626773233963
2024-01-24,39897.59,40555.0,39484.19,40084.88,39293.82861,2024-01-24 23:59:59.999,1569704923.8307493,1675615,20673.05725,825887009.4744226,0,2024-01-24,0.004694016682707636,0.004683034141144241,20.885811713378274
2024-01-25,40084.89,40300.24,39550.0,39961.09,31022.11853,2024-01-25 23:59:59.999,1238813296.1526136,1291233,15685.24919,626369240.3733964,0,2024-01-25,-0.003088196846292135,-0.003092975166303934,21.24557845885562
2024-01-26,39961.09,42246.82,39822.52,41823.51,47384.96726,2024-01-26 23:59:59.999,1951700659.289807,1624861,24674.75551,1016105199.7171212,0,2024-01-26,0.04660583582680067,0.04555239092628425,44.89590893708136
2024-01-27,41823.51,42200.0,41394.34,42120.63,16224.41667,2024-01-27 23:59:59.999,678418702.3509445,751148,7485.64978,312938659.24802434,0,2024-01-27,0.007104138318376307,0.00707902280697713,46.222856454420445
2024-01-28,42120.63,42842.68,41620.81,42031.06,27294.99838,2024-01-28 23:59:59.999,1154365891.668259,1032493,12971.1882,548670338.639401,0,2024-01-28,-0.0021265114030820653,-0.002128775638974226,51.73620758000411
2024-01-29,42031.05,43333.0,41804.88,43302.7,31542.74207,2024-01-29 23:59:59.999,1343462280.3618684,1197856,15996.88627,681504721.3585126,0,2024-01-29,0.03025476873531141,0.029806119942710457,54.35171726811547
2024-01-30,43302.71,43882.36,42683.99,42941.1,37619.24546,2024-01-30 23:59:59.999,1633251085.6713595,1316610,19317.29993,838876408.4556684,0,2024-01-30,-0.008350518558888909,-0.008385579459892248,48.885335350696096
2024-01-31,42941.1,43745.11,42276.84,42580.0,39871.13688,2024-01-31 23:59:59.999,1711665577.0530825,1499559,20289.94825,871009715.1702206,0,2024-01-31,-0.008409193057467013,-0.008444749797383772,48.889487907253844
2024-02-01,42580.0,43285.13,41884.28,43082.94,35231.04664,2024-02-01 23:59:59.999,1497121440.644002,1392269,18134.84304,770635549.4842126,0,2024-02-01,0.011811648661343321,0.011742435619609937,61.13349231315643
2024-02-02,43082.95,43488.0,42546.79,43200.0,29672.14418,2024-02-02 23:59:59.999,1277919437.2905612,1086342,15645.5711,673834785.747791,0,2024-02-02,0.0027170847671955656,0.0027134001651212595,60.046576339167544
2024-02-03,43199.99,43380.01,42880.0,43011.09,12033.40998,2024-02-03 23:59:59.999,518775350.03360087,609962,5691.78572,245377398.51059568,0,2024-02-03,-0.004372916666666726,-0.004382505832045197,58.40714074744627
2024-02-04,43011.1,43119.04,42222.0,42582.88,17066.89404,2024-02-04 23:59:59.999,730999557.7083682,931235,8427.12671,360928641.05977213,0,2024-02-04,-0.00995580442160382,-0.010005694851545816,56.16306818810526
2024-02-05,42582.88,43569.76,42258.1,42708.7,29467.75905,2024-02-05 23:59:59.999,1262620640.5407171,1317397,14984.06962,642077579.5827268,0,2024-02-05,0.0029547085589325395,0.002950351987088814,75.13734504661407
2024-02-06,42708.7,43399.98,42574.0,43098.95,24675.85433,2024-02-06 23:59:59.999,1061049582.6002768,1120760,12810.98205,550866463.7409194,0,2024-02-06,0.009137482526979213,0.009095988310426472,75.37648370010669
2024-02-07,43098.96,44396.5,42788.0,44349.6,34392.59915,2024-02-07 23:59:59.999,1496013692.382922,1378809,17755.87738,772721372.4443885,0,2024-02-07,0.029018108329785353,0.028605054685199374,78.92873228889118
2024-02-08,44349.6,45614.3,44331.1,45288.65,45439.62231,2024-02-08 23:59:59.999,2042912128.1517663,1863650,22731.52397,1021963499.8003352,0,2024-02-08,0.021173809910348673,0.02095275967005496,82.53932770933044
2024-02-09,45288.66,48200.0,45242.12,47132.77,73503.481,2024-02-09 23:59:59.999,3453043306.420976,2323884,37360.96419,1754880225.38021,0,2024-02-09,0.04071925305788526,0.039912063594217916,82.50020812826577
2024-02-10,47132.78,48170.0,46800.0,47751.09,24802.35936,2024-02-10 23:59:59.999,1176079377.6922762,1323421,12740.69912,604397015.51796,0,2024-02-10,0.013118685789101692,0.013033381077871586,83.16233255273735
2024-02-11,47751.08,48592.66,47557.16,48299.99,29958.80837,2024-02-11 23:59:59.999,1443314885.7714052,1407270,15741.38294,758411879.955689,0,2024-02-11,0.011495025558578842,0.01142945972783506,85.02755188817879
2024-02-12,48300.0,50334.82,47710.01,49917.27,59009.96705,2024-02-12 23:59:59.999,2898220863.0181804,1939394,30797.43359,1512688561.6888657,0,2024-02-12,0.03348406490353306,0.03293568144658824,85.5843584339067
2024-02-13,49917.28,50368.61,48300.95,49699.59,55551.56706,2024-02-13 23:59:59.999,2745025370.067447,1741811,28409.79337,1403783512.6809905,0,2024-02-13,-0.004360815405169416,-0.004370351494182536,86.93046887038551
2024-02-14,49699.6,52043.71,49225.01,51795.17,57046.37401,2024-02-14 23:59:59.999,2919604456.723313,1859392,29664.5183,1518339681.334602,0,2024-02-14,0.04216493536465804,0.041300218103198914,92.33056830782826
2024-02-15,51795.17,52816.62,51314.0,51880.0,53816.03055,2024-02-15 23:59:59.999,2802825737.9920154,1786569,26722.58656,1391971339.715806,0,2024-02-15,0.001637797501195637,0.0016364577734705157,92.02419874152784
2024-02-16,51880.01,52572.08,51566.0,52124.11,37772.25318,2024-02-16 23:59:59.999,1965003863.9713345,1583711,18309.89888,952708587.7324989,0,2024-02-16,0.004705281418658558,0.004694246184426713,92.11985225194948
2024-02-17,52124.1,52162.82,50625.0,51642.64,25674.00622,2024-02-17 23:59:59.999,1319908544.9790893,1427773,12655.51593,650426057.1976154,0,2024-02-17,-0.00923699224792518,-0.009279917800631372,89.64420320274988
2024-02-18,51642.64,52377.0,51163.28,52137.67,21992.10363,2024-02-18 23:59:59.999,1139209588.4334626,1375422,11281.34692,584447328.1142721,0,2024-02-18,0.009585683458475325,0.009540032294676114,93.6168697600403
2024-02-19,52137.68,52488.77,51677.0,51774.73,29534.99432,2024-02-19 23:59:59.999,1539600521.6007729,1542990,15266.36204,795825023.6442237,0,2024-02-19,-0.0069611856456185395,-0.00698552773070659,90.50875720830979
2024-02-20,51774.74,52985.0,50760.37,52258.82,49614.47318,2024-02-20 23:59:59.999,2574874999.3787174,1971912,24994.25062,1297330385.005093,0,2024-02-20,0.009349928044047662,0.009306488030900633,90.58768793119495
2024-02-21,52258.82,52366.8,50625.0,51849.39,43079.40049,2024-02-21 23:59:59.999,2210278288.725095,1824860,22239.73293,1140905416.956252,0,2024-02-21,-0.007834658340927003,-0.007865510526459354,85.90880058374984
2024-02-22,51849.38,52065.78,50940.78,51288.42,35309.44574,2024-02-22 23:59:59.999,1820949707.158534,1688184,17830.4673,919599483.9078616,0,2024-02-22,-0.010819220824005882,-0.01087817419895304,79.80585707543655
2024-02-23,51288.42,51548.54,50521.0,50744.15,30545.79544,2024-02-23 23:59:59.999,1559143576.8296163,1487039,14610.80906,745820955.2560463,0,2024-02-23,-0.010611947102289299,-0.010668655359765033,70.6013759426805
2024-02-24,50744.15,51698.0,50585.0,51568.22,16560.4211,2024-02-24 23:59:59.999,847793393.571868,855015,8462.15627,433239599.4239887,0,2024-02-24,0.016239704478250294,0.016109250933854777,71.2756600692258
2024-02-25,51568.21,51958.55,51279.8,51728.85,18721.63159,2024-02-25 23:59:59.999,966951114.4504627,923992,9544.17672,492952522.6816389,0,2024-02-25,0.0031149029382824267,0.0031100616788884284,69.97616045898693
2024-02-26,51728.85,54910.0,50901.44,54476.47,51256.72199,2024-02-26 23:59:59.999,2710403072.980595,1808909,27198.83551,1438371804.1101012,0,2024-02-26,0.05311581448263403,0.051753212367562834,73.47025344084874
2024-02-27,54476.48,57588.15,54450.13,57037.34,67194.98562,2024-02-27 23:59:59.999,3795949115.2249312,2414285,34970.25885,1975472154.511574,0,2024-02-27,0.04700873606531397,0.045937275755513214,80.43216978228938
2024-02-28,57037.35,64000.0,56691.85,62432.1,118763.46984,2024-02-28 23:59:59.999,7162581994.485739,3895062,62066.63936,3742433894.945077,0,2024-02-28,0.09458295215029322,0.09037342510456357,84.63649512962806
2024-02-29,62432.11,63676.35,60364.7,61130.98,78425.07603,2024-02-29 23:59:59.999,4872212871.27608,3169405,39463.06931,2452515504.8686514,0,2024-02-29,-0.020840561185672013,-0.021060790861507746,77.91252146773537
2024-03-01,61130.99,63114.23,60777.0,62387.9,47737.93473,2024-03-01 23:59:59.999,2956537377.9660296,1947444,24195.70252,1498771144.099956,0,2024-03-01,0.02056109684484042,0.02035257099534111,79.18471081124582
2024-03-02,62387.9,62433.19,61561.12,61987.28,25534.73659,2024-03-02 23:59:59.999,1582566973.834093,1641808,12691.37721,786583052.0862726,0,2024-03-02,-0.006421437490282567,-0.006442143609634661,79.55047436660664
2024-03-03,61987.28,63231.88,61320.0,63113.97,28994.90903,2024-03-03 23:59:59.999,1804536272.9443457,1992011,14905.186,927868983.7308432,0,2024-03-03,0.018176148396896963,0.018012936948412033,80.26275158533227
2024-03-04,63113.97,68499.0,62300.0,68245.71,84835.16005,2024-03-04 23:59:59.999,5568877537.081252,3887853,45319.0864,2974396037.6857204,0,2024-03-04,0.08130909844524137,0.07817243529189463,85.95687178546792
2024-03-05,68245.71,69000.0,59005.0,63724.01,132696.7813,2024-03-05 23:59:59.999,8674526591.287142,5310706,65991.84526,4318205559.64365,0,2024-03-05,-0.0662561793261438,-0.06855316030923639,71.27800660767198
2024-03-06,63724.01,67641.1,62779.14,66074.04,78738.85491,2024-03-06 23:59:59.999,5197743036.597275,3302981,40344.32596,2663883160.206962,0,2024-03-06,0.03687825044280779,0.03621451680304252,74.62545023701605
2024-03-07,66074.04,67980.0,65551.0,66823.17,53059.8869,2024-03-07 23:59:59.999,3548088039.273608,2428227,27935.66302,1867854683.9820297,0,2024-03-07,0.011337735667442228,0.011273945248864211,76.71939998974895
2024-03-08,66823.18,69990.0,66082.66,68124.19,74261.932842,2024-03-08 23:59:59.999,5044395324.399055,2943927,37711.514581,2563347797.52868,0,2024-03-08,0.01946959415424332,0.019282486315176334,79.13482183208993
2024-03-09,68124.2,68541.1,67861.1,68313.27,19872.89743,2024-03-09 23:59:59.999,1355964036.9092987,1345341,10005.592,682720256.0028228,0,2024-03-09,0.002775519239201163,0.0027716745979517753,78.6809573741784
2024-03-10,68313.28,69887.61,68094.75,68955.88,38404.66835,2024-03-10 23:59:59.999,2659307501.094578,2139518,19188.79904,1328747995.9940257,0,2024-03-10,0.009406810711886537,0.009362842188647231,79.02723301378214
2024-03-11,68955.88,72800.0,67024.96,72078.1,75292.825726,2024-03-11 23:59:59.999,5352704377.618805,3043414,39435.855459,2803359303.286973,0,2024-03-11,0.04527851721999632,0.044283373561153284,79.28869018796605
2024-03-12,72078.1,73000.0,68620.82,71452.01,68783.546691,2024-03-12 23:59:59.999,4909667978.559339,3047890,34517.212933,2465202174.4072266,0,2024-03-12,-0.008686272251904659,-0.008724217811494954,75.63635277140384
2024-03-13,71452.0,73650.25,71333.31,73072.41,52659.711647,2024-03-13 23:59:59.999,3829764501.253793,2501197,26787.082237,1948382241.8894603,0,2024-03-13,0.02267815838910625,0.022424831790492365,71.85822804780895
2024-03-14,73072.4,73777.0,68555.0,71388.94,71757.628746,2024-03-14 23:59:59.999,5132189849.096632,2994869,35676.748326,2552190396.8890066,0,2024-03-14,-0.02303838069662678,-0.02330791194500903,70.74685741930574
2024-03-15,71388.94,72419.71,65600.0,69499.85,103334.03546,2024-03-15 23:59:59.999,7065279917.872112,3904445,49844.66515,3409385750.021177,0,2024-03-15,-0.026461942143979122,-0.02681836109117046,64.02536257749796
2024-03-16,69499.84,70043.0,64780.0,65300.63,55926.95336,2024-03-16 23:59:59.999,3788544202.884856,2729019,27240.19894,1846731512.2736232,0,2024-03-16,-0.06042056205876711,-0.062322910279710986,55.68279073245543
2024-03-17,65300.64,68904.4,64533.0,68393.48,49742.21589,2024-03-17 23:59:59.999,3322963634.2425127,2449156,25328.29435,1692079618.2113106,0,2024-03-17,0.04736324902225286,0.046275814432356635,58.48287120424566
2024-03-18,68393.47,68956.0,66565.2,67609.99,55691.08088,2024-03-18 23:59:59.999,3768277912.4189186,2464515,28529.67219,1930726566.249246,0,2024-03-18,-0.011455624132592601,-0.01152174525222046,48.81264381555748
2024-03-19,67610.0,68124.11,61555.0,61937.4,101005.32487,2024-03-19 23:59:59.999,6484805948.535393,3593832,48205.28434,3095258881.7022734,0,2024-03-19,-0.08390165417862072,-0.08763155563733493,46.80063134618781
2024-03-20,61937.41,68100.0,60775.0,67840.51,90420.58592,2024-03-20 23:59:59.999,5769770052.062583,3549793,45523.84281,2907222064.1312914,0,2024-03-20,0.09530768162693293,0.09103531158594273,52.80620390495504
2024-03-21,67840.51,68240.47,64529.01,65501.27,53357.48002,2024-03-21 23:59:59.999,3551223142.964417,2388390,26650.09786,1774833851.2215245,0,2024-03-21,-0.034481462477213065,-0.03508997737785613,48.001027084049106
2024-03-22,65501.28,66649.62,62260.0,63796.64,51482.37821,2024-03-22 23:59:59.999,3310481978.107645,2492881,24578.87957,1580940164.1212375,0,2024-03-22,-0.026024380901316868,-0.026369007379098856,43.53481181627036
2024-03-23,63796.64,65999.0,63000.0,63990.01,26410.11409,2024-03-23 23:59:59.999,1706152172.6316135,1753566,12749.00823,823892846.7149769,0,2024-03-23,0.003031037371247214,0.003026453038660462,43.54204869806091
2024-03-24,63990.02,67628.69,63772.29,67209.99,31395.78015,2024-03-24 23:59:59.999,2059312948.6486871,1880774,16689.65617,1095820626.0291996,0,2024-03-24,0.05032004214407837,0.04909491976870599,47.578499157414406
2024-03-25,67210.0,71150.0,66385.06,69880.01,53431.14486,2024-03-25 23:59:59.999,3679964073.811213,2632220,27815.58769,1915614174.2397635,0,2024-03-25,0.039726534701165495,0.038957731173826136,46.912582467051784
2024-03-26,69880.0,71561.1,69280.0,69988.0,38934.38417,2024-03-26 23:59:59.999,2738537345.33588,2176807,19498.85666,1371708206.538872,0,2024-03-26,0.0015453632591067024,0.0015441704140665396,47.91329396555534
2024-03-27,69987.99,71769.54,68359.18,69469.99,49119.35685,2024-03-27 23:59:59.999,3426458581.943343,2453366,24902.3347,1737325915.834418,0,2024-03-27,-0.007401411670572067,-0.007428938024621631,44.698746742655196
2024-03-28,69469.99,71552.06,68903.62,70780.6,35439.03239,2024-03-28 23:59:59.999,2500571208.0026274,1799897,18007.26883,1270852446.7077453,0,2024-03-28,0.018865844086057848,0.01869009109453202,49.09484528719625
2024-03-29,70780.6,70916.16,69009.0,69850.54,25445.08353,2024-03-29 23:59:59.999,1779608477.3224535,1522607,11839.0929,828039936.6854533,0,2024-03-29,-0.01314004119772949,-0.01322713532737063,50.53712386855389
2024-03-30,69850.53,70321.1,69540.0,69582.18,13644.61142,2024-03-30 23:59:59.999,954555919.6855744,1110488,6423.89367,449436189.73361903,0,2024-03-30,-0.0038419173280550556,-0.0038493164497219014,57.455429017796355
2024-03-31,69582.17,71366.0,69562.99,71280.01,19396.34433,2024-03-31 23:59:59.999,1367523707.2612453,1181926,10142.47988,715151368.946302,0,2024-03-31,0.024400356528065048,0.024107423379159526,55.28295208257608
2024-04-01,71280.0,71288.23,68062.86,69649.8,41445.32039,2024-04-01 23:59:59.999,2876486469.465523,1893438,20211.15024,1402849944.7822893,0,2024-04-01,-0.022870507453632394,-0.02313609473301786,53.621048916761715
2024-04-02,69649.81,69674.23,64550.0,65463.99,71799.82793,2024-04-02 23:59:59.999,4750030717.922425,2662410,35520.17401,2348263612.3034706,0,2024-04-02,-0.0600979471584987,-0.06197960825197718,56.60924247064101
2024-04-03,65463.99,66903.63,64493.07,65963.28,39887.21778,2024-04-03 23:59:59.999,2630556596.1359286,2172096,20618.58747,1360363531.1659515,0,2024-04-03,0.007626941162614864,0.007598003093028574,45.58826363393233
2024-04-04,65963.27,69309.91,65064.52,68487.79,41510.48453,2024-04-04 23:59:59.999,2795469450.572386,2000945,21013.32173,1415699952.0381584,0,2024-04-04,0.03827144435510177,0.03755725764251874,56.958120618731556
2024-04-05,68487.8,68756.67,65952.56,67820.62,37915.23073,2024-04-05 23:59:59.999,2555458935.2360086,1901980,18889.98453,1273220222.7625887,0,2024-04-05,-0.009741444423889245,-0.009789202703133824,59.8514827730397
2024-04-06,67820.63,69692.0,67447.83,68896.0,20134.28919,2024-04-06 23:59:59.999,1373131967.7648187,1171460,9973.86412,680800856.2096505,0,2024-04-06,0.01585623959202964,0.015731842680183246,61.51358140700663
2024-04-07,68896.0,70326.29,68824.0,69360.39,21534.74433,2024-04-07 23:59:59.999,1496213373.1855776,1269048,11149.90398,774906774.5282813,0,2024-04-07,0.006740449372967916,0.006717834111896003,55.796338904690316
2024-04-08,69360.38,72797.99,69043.24,71620.0,45723.87624,2024-04-08 23:59:59.999,3270853309.6629424,2037025,25309.90487,1811209901.716354,0,2024-04-08,0.03257781566683815,0.03205840927643814,54.79620689522103
2024-04-09,71620.0,71758.19,68210.0,69146.0,39293.90242,2024-04-09 23:59:59.999,2749007421.6421075,1804157,18896.53756,1321865585.2380521,0,2024-04-09,-0.034543423624685876,-0.03515415339654028,47.94686626442802
2024-04-10,69146.0,71172.08,67518.0,70631.08,42006.02377,2024-04-10 23:59:59.999,2901564970.815804,1852170,20269.34809,1401023003.7318227,0,2024-04-10,0.02147745350417951,0.02125006308303191,52.70369140534949
2024-04-11,70631.08,71305.89,69567.21,70006.23,31917.25595,2024-04-11 23:59:59.999,2247473274.616258,1658995,15908.49124,1120249990.7357526,0,2024-04-11,-0.008846672031632585,-0.00888603616768445,48.137329186421
2024-04-12,70006.22,71227.46,65086.86,67116.52,56072.86229,2024-04-12 23:59:59.999,3843551585.3212743,2496617,25935.86464,1777808491.1704543,0,2024-04-12,-0.04127789769567636,-0.04215402471169341,43.990160993924285
2024-04-13,67116.52,67929.0,60660.57,63924.51,71395.22019,2024-04-13 23:59:59.999,4614468627.809045,3341340,33221.6695,2144846149.680918,0,2024-04-13,-0.047559229828960214,-0.04872735746222276,38.97993170976848
2024-04-14,63924.52,65840.0,62134.0,65661.84,61599.17818,2024-04-14 23:59:59.999,3946124834.6970353,2657953,29732.29634,1904847012.5093088,0,2024-04-14,0.027177838359652595,0.026815078915186055,39.073683309768626
2024-04-15,65661.85,66867.07,62274.4,63419.99,52389.53069,2024-04-15 23:59:59.999,3398072231.5612235,2539048,25206.68008,1634572976.939813,0,2024-04-15,-0.034142357265650736,-0.03473882339914055,38.16569969442638
2024-04-16,63419.99,64365.0,61600.0,63793.39,53435.29331,2024-04-16 23:59:59.999,3355338198.4469132,2604354,26041.2664,1635683129.3076532,0,2024-04-16,0.005887733504845949,0.005870468536476564,46.28897069473064
2024-04-17,63793.4,64499.0,59678.16,61277.37,50610.54509,2024-04-17 23:59:59.999,3128625247.4738536,2458327,24346.74671,1506361259.7013583,0,2024-04-17,-0.03944013635268473,-0.040238973210926274,40.4467874208318
2024-04-18,61277.38,64117.09,60803.35,63470.08,43601.60918,2024-04-18 23:59:59.999,2726741448.886802,2142511,20870.20705,1305027167.9395082,0,2024-04-18,0.03578335689015377,0.035158006998813135,39.6300495463453
2024-04-19,63470.09,65450.0,59600.01,63818.01,69774.30271,2024-04-19 23:59:59.999,4419893235.183288,2828284,34941.50216,2214809735.2402415,0,2024-04-19,0.005481795516879773,0.005466825160537417,41.61731437233475
2024-04-20,63818.01,65419.0,63090.07,64940.59,23137.42975,2024-04-20 23:59:59.999,1486949581.439479,1376712,11811.8444,759077474.2972904,0,2024-04-20,0.017590332258871744,0.01743741302682119,41.732510585678874
2024-04-21,64940.58,65695.56,64237.5,64941.15,19316.42152,2024-04-21 23:59:59.999,1254396628.1531765,1390153,9734.71767,632257865.0082499,0,2024-04-21,8.623266280816111e-06,8.623229100669178e-06,40.58038234025248
2024-04-22,64941.15,67232.35,64500.0,66819.32,31397.99371,2024-04-22 23:59:59.999,2071690434.976552,1816591,16466.05497,1086399264.6092272,0,2024-04-22,0.028921107802987844,0.028510785110948657,39.59820074362331
2024-04-23,66819.32,67183.01,65765.81,66414.0,22599.90004,2024-04-23 23:59:59.999,1502139968.7198815,1433915,10854.17402,721404825.847041,0,2024-04-23,-0.0060659102786441155,-0.006084382651452649,43.4975665856798
2024-04-24,66414.0,67070.43,63606.06,64289.59,33595.69637,2024-04-24 23:59:59.999,2195714861.657656,1784897,16899.50969,1104368114.1058698,0,2024-04-24,-0.031987382178456425,-0.03251015685090299,35.352395383161976
2024-04-25,64289.58,65297.94,62794.0,64498.34,31341.46338,2024-04-25 23:59:59.999,2007704069.2622728,1375324,14808.62959,948738136.2684381,0,2024-04-25,0.003247026462604552,0.0032417662557915235,37.02850817799654
2024-04-26,64498.33,64820.01,63297.48,63770.01,27085.19346,2024-04-26 23:59:59.999,1736631357.3537388,1025561,13570.23647,870093757.5188991,0,2024-04-26,-0.0112922286061935,-0.011356469895713836,41.225431149534565
2024-04-27,63770.0,63923.41,62391.24,63461.98,20933.06052,2024-04-27 23:59:59.999,1320337707.787116,912422,9903.95325,624733409.211288,0,2024-04-27,-0.004830326982856015,-0.004842030716018614,48.57114966028005
2024-04-28,63461.98,64370.0,62781.0,63118.62,16949.20005,2024-04-28 23:59:59.999,1078450016.4732296,790652,7941.33811,505261267.5695052,0,2024-04-28,-0.0054104835682718955,-0.005425173243951366,41.40305663688816
2024-04-29,63118.62,64228.35,61765.53,63866.0,28150.22947,2024-04-29 23:59:59.999,1765038324.6837213,1152296,13986.59437,877053322.307997,0,2024-04-29,0.01184087991784355,0.01177132522006203,51.677113924621814
2024-04-30,63866.0,64734.0,59191.6,60672.0,54947.65535,2024-04-30 23:59:59.999,3372142467.4322524,1985671,26385.41614,1620421850.578699,0,2024-04-30,-0.05001096044843889,-0.051304831768252054,40.31679752816029
2024-05-01,60672.01,60841.63,56552.82,58364.97,81166.46823,2024-05-01 23:59:59.999,4705572361.7402,2401089,38203.57377,2213404278.5900106,0,2024-05-01,-0.03802462420886077,-0.03876642553474422,40.84643738968203
2024-05-02,58364.97,59625.0,56911.84,59060.61,47583.81961,2024-05-02 23:59:59.999,2778840305.0505786,1572898,23240.7537,1356148775.8867364,0,2024-05-02,0.011918793070569533,0.011848323644138173,34.70154716826643
2024-05-03,59060.6,63333.0,58811.32,62882.01,43628.40143,2024-05-03 23:59:59.999,2658193708.347904,1558661,22145.44334,1349687455.5957608,0,2024-05-03,0.06470302287768459,0.06269590851696512,47.38327622762366
2024-05-04,62882.01,64540.0,62541.03,63892.04,24368.69282,2024-05-04 23:59:59.999,1547468697.8765795,1113509,12671.20599,804768764.3062501,0,2024-05-04,0.016062304624168355,0.01593467072506892,47.050062428224436
2024-05-05,63892.03,64646.0,62822.17,64012.0,18526.75029,2024-05-05 23:59:59.999,1182572239.5306184,992921,8954.93439,571783428.2394707,0,2024-05-05,0.0018775421789631874,0.0018757817997593531,47.403420894811646
2024-05-06,64012.0,65500.0,62700.0,63165.19,34674.91949,2024-05-06 23:59:59.999,2218131198.466132,1392557,17179.56031,1099303474.2805216,0,2024-05-06,-0.013228925826407556,-0.013317207511333138,39.163604767369776
2024-05-07,63165.18,64422.41,62261.0,62312.08,25598.79472,2024-05-07 23:59:59.999,1624531631.592377,1272898,12502.38281,793575994.2141025,0,2024-05-07,-0.013506014942723965,-0.013598050793730939,38.15038386340841
2024-05-08,62312.07,63020.22,60888.0,61193.03,26121.19004,2024-05-08 23:59:59.999,1623561041.1255188,1415152,12669.58179,787749415.5480814,0,2024-05-08,-0.01795879707433945,-0.018122013335120257,40.5030276859058
2024-05-09,61193.03,63429.03,60630.0,63074.01,30660.8061,2024-05-09 23:59:59.999,1895849912.7734756,1381957,15120.01471,935341755.6782354,0,2024-05-09,0.030738468090238502,0.030275504659909153,46.03804928036603
2024-05-10,63074.0,63469.13,60187.12,60799.99,36529.34025,2024-05-10 23:59:59.999,2255550468.413852,1500643,18066.83174,1116494638.2804892,0,2024-05-10,-0.03605320162773862,-0.03671917430504504,42.39267857874676
2024-05-11,60799.99,61515.0,60487.09,60825.99,13374.56936,2024-05-11 23:59:59.999,814928013.4573288,753281,6223.09555,379263096.21513295,0,2024-05-11,0.0004276316492815013,0.0004275402409262431,43.14927617514008
2024-05-12,60825.99,61888.0,60610.0,61483.99,12753.13236,2024-05-12 23:59:59.999,781041632.4623835,727113,6416.91108,393132351.8883925,0,2024-05-12,0.010817744191257805,0.01075965097938284,45.820089692795264
2024-05-13,61484.0,63450.0,60749.21,62940.08,32733.41839,2024-05-13 23:59:59.999,2041896626.6108148,1371433,16717.90863,1043060982.35746,0,2024-05-13,0.02368242529478004,0.023406346968515828,47.71514530562449
2024-05-14,62940.09,63118.36,61142.77,61577.49,29088.72041,2024-05-14 23:59:59.999,1800171876.1676655,1127939,13815.81443,855088066.212488,0,2024-05-14,-0.021649003306001613,-0.021886781008613777,52.456470749092134
2024-05-15,61577.49,66444.16,61319.47,66206.5,43559.74719,2024-05-15 23:59:59.999,2794259631.8910465,1729454,21797.84094,1398781701.4413886,0,2024-05-15,0.0751737363767182,0.07248226375544757,68.89280377628151
2024-05-16,66206.51,66752.01,64602.77,65235.21,31106.3671,2024-05-16 23:59:59.999,2045507646.8293848,1269793,15645.11263,1028962305.104384,0,2024-05-16,-0.014670613912531216,-0.014779291590717515,64.6816153819084
2024-05-17,65235.21,67451.2,65106.38,67024.0,26292.23409,2024-05-17 23:59:59.999,1745971822.3447456,1117254,13301.09525,883129353.1633428,0,2024-05-17,0.027420621471134998,0.027051410361314365,60.902423860520216
2024-05-18,67024.0,67400.01,66600.0,66915.2,14441.25774,2024-05-18 23:59:59.999,967145944.6835315,734067,6911.13424,462859253.5879108,0,2024-05-18,-0.0016232991167343114,-0.0016246180943355483,58.35380916853185
2024-05-19,66915.2,67700.0,65857.25,66274.01,18025.30409,2024-05-19 23:59:59.999,1204989222.8768685,823729,8692.17507,581378180.3374597,0,2024-05-19,-0.009582127827459264,-0.00962833180615985,56.07553397046474
2024-05-20,66274.0,71515.56,66060.31,71446.62,50816.7011,2024-05-20 23:59:59.999,3485474763.752294,1930939,26792.52994,1839346667.540789,0,2024-05-20,0.07804884599558704,0.07515278314448008,68.04899237322006
2024-05-21,71446.62,71979.0,69162.94,70148.34,49607.4336,2024-05-21 23:59:59.999,3509345769.233608,2137448,24686.27911,1746693652.328722,0,2024-05-21,-0.018171328468722492,-0.018338454758227797,66.75366768291377
2024-05-22,70148.34,70666.0,68842.19,69166.62,27673.18026,2024-05-22 23:59:59.999,1931700812.3032143,1371973,13124.78731,916344293.9104755,0,2024-05-22,-0.013994914206095221,-0.014093766386815483,67.14797003101587
2024-05-23,69166.62,70096.12,66312.16,67969.65,40513.17374,2024-05-23 23:59:59.999,2766790260.7886024,1827855,19791.15119,1351640092.581366,0,2024-05-23,-0.017305602037514634,-0.017457094288918538,60.84768866971319
2024-05-24,67969.66,69250.0,66600.12,68549.99,28095.83664,2024-05-24 23:59:59.999,1906438696.7156012,1165907,14344.29889,973457354.6957756,0,2024-05-24,0.008538222574340226,0.008501978114690344,68.56582699619771
2024-05-25,68549.99,69610.0,68500.0,69290.57,12130.39418,2024-05-25 23:59:59.999,837339788.9838961,703803,5851.95991,403954862.6694792,0,2024-05-25,0.010803502670095222,0.01074556177134258,69.60640703855137
2024-05-26,69290.56,69562.23,68128.01,68507.67,11872.11797,2024-05-26 23:59:59.999,818914878.9908898,722849,5934.62083,409411078.5460924,0,2024-05-26,-0.011298795781301996,-0.011363112097898122,66.17527575679969
2024-05-27,68507.67,70687.56,68250.0,69436.43,23136.92737,2024-05-27 23:59:59.999,1604722197.8374028,1219341,11709.62174,812172288.2576373,0,2024-05-27,0.01355702215532939,0.013465947937329524,65.33327542753125
2024-05-28,69436.43,69591.81,67277.91,68398.39,32622.97042,2024-05-28 23:59:59.999,2224860225.799223,1459351,15543.09776,1059920452.3146172,0,2024-05-28,-0.014949501292044975,-0.0150623714003808,66.34979730844016
2024-05-29,68398.4,68935.68,67124.65,67652.42,23159.83149,2024-05-29 23:59:59.999,1573095221.6483984,1221044,11748.55954,797928379.366918,0,2024-05-29,-0.010906250863507161,-0.010966160005080427,54.258657983157626
2024-05-30,67652.41,69500.0,67128.0,68352.17,28478.2184,2024-05-30 23:59:59.999,1945001081.5215864,1272851,14074.36655,961595245.1787834,0,2024-05-30,0.01034331070492378,0.010290184685345129,59.329589875903174
2024-05-31,68352.17,69044.1,66670.0,67540.01,26690.32184,2024-05-31 23:59:59.999,1812659052.2496767,1177860,13258.10182,900414200.116177,0,2024-05-31,-0.011881992919902995,-0.011953148002230988,51.64041106124271
2024-06-01,67540.01,67900.0,67428.44,67766.85,8837.66133,2024-06-01 23:59:59.999,598305207.9932046,638484,4235.27045,286752060.4028929,0,2024-06-01,0.0033586018124664996,0.003352974306247208,52.68725258123289
2024-06-02,67766.84,68460.0,67257.47,67765.63,15426.32529,2024-06-02 23:59:59.999,1046827665.3829312,812348,7760.23377,526768921.12622225,0,2024-06-02,-1.8002902599123516e-05,-1.800306465331948e-05,54.904663510923896
2024-06-03,67765.62,70288.0,67612.48,68809.9,29633.374,2024-06-03 23:59:59.999,2047757076.2268355,1253789,15308.67275,1058024704.3533732,0,2024-06-03,0.015410024226145236,0.015292495676779325,38.099081044972834
2024-06-04,68809.89,71063.45,68567.32,70537.84,29619.78489,2024-06-04 23:59:59.999,2069902136.99324,1254515,14922.96734,1043071241.6284808,0,2024-06-04,0.025111793506457758,0.02480167347858517,51.692380421048604
2024-06-05,70537.83,71758.0,70383.66,71108.0,28703.18082,2024-06-05 23:59:59.999,2040073765.8676395,1055115,14210.23392,1010053925.7910814,0,2024-06-05,0.00808303741651284,0.008050544645661345,58.74818626699952
2024-06-06,71108.0,71700.0,70117.64,70799.06,21842.00449,2024-06-06 23:59:59.999,1551467659.1542966,900226,10287.3911,730849194.230399,0,2024-06-06,-0.004344658828823844,-0.004354124285061161,63.85896372112888
2024-06-07,70799.06,71997.02,68420.0,69355.6,35598.45045,2024-06-07 23:59:59.999,2507250591.3329782,1516415,17318.78051,1220810920.3444333,0,2024-06-07,-0.020388123797123736,-0.020598830454873523,53.638382836584626
2024-06-08,69355.6,69582.2,69168.02,69310.46,9773.82967,2024-06-08 23:59:59.999,678267390.5310388,714103,4772.23036,331182466.90034246,0,2024-06-08,-0.0006508486697541782,-0.00065106056369522,50.095850340463876
2024-06-09,69310.46,69857.14,69130.24,69648.14,9890.56709,2024-06-09 23:59:59.999,687344656.0725566,575583,4883.69296,339405376.0815447,0,2024-06-09,0.004871991904252138,0.004860162159083764,55.74235700122757
2024-06-10,69648.15,70195.94,69172.29,69540.0,17122.66941,2024-06-10 23:59:59.999,1192466549.969123,936731,8412.00246,585909223.775813,0,2024-06-10,-0.0015526617078359672,-0.0015538683361776106,50.56845936917864
2024-06-11,69540.0,69590.01,66051.0,67314.24,41436.01588,2024-06-11 23:59:59.999,2793799020.4691243,1782415,19839.8232,1337254654.9989924,0,2024-06-11,-0.032006902502156986,-0.032530322415029955,44.73582243336447
2024-06-12,67314.23,69999.0,66905.0,68263.99,37175.32356,2024-06-12 23:59:59.999,2550285139.184372,1670745,18975.89081,1302069589.6416817,0,2024-06-12,0.014109198885703833,0.014010590579490376,52.91190253313669
2024-06-13,68263.98,68449.3,66251.78,66773.01,29079.55571,2024-06-13 23:59:59.999,1958897960.9172916,1518202,13886.14007,935614189.6986812,0,2024-06-13,-0.021841383722223218,-0.02208343776467173,43.00788846343216
2024-06-14,66773.01,67370.24,65078.0,66043.99,28408.18797,2024-06-14 23:59:59.999,1884451554.428285,1736314,13619.40861,903708200.7849747,0,2024-06-14,-0.010917884336799966,-0.010977921824138023,43.32688035827397
2024-06-15,66043.99,66478.48,65857.1,66228.25,11451.80242,2024-06-15 23:59:59.999,758175888.0283372,700886,5495.02083,363796116.4535752,0,2024-06-15,0.0027899586321176173,0.0027860739213107213,43.11077917239794
2024-06-16,66228.25,66998.7,66034.5,66676.87,9392.52223,2024-06-16 23:59:59.999,624653672.6138575,703295,4750.05166,315940653.99261206,0,2024-06-16,0.006773846508098869,0.006751007092293841,45.31277445041031
2024-06-17,66676.86,67298.81,65130.0,66504.33,27386.16851,2024-06-17 23:59:59.999,1812061226.7565656,1542620,13716.89431,907703353.5304952,0,2024-06-17,-0.002587703951910103,-0.002591057844952401,39.2688219288259
2024-06-18,66504.33,66588.23,64060.0,65175.32,42350.10244,2024-06-18 23:59:59.999,2755141806.03109,2151711,20076.41361,1305946733.5892808,0,2024-06-18,-0.019983811580388866,-0.020186188658431685,24.07772640876452
2024-06-19,65175.32,65727.54,64666.0,64974.37,20060.79576,2024-06-19 23:59:59.999,1307731953.9545317,1078458,10289.7818,670875724.3137285,0,2024-06-19,-0.0030832222994838787,-0.0030879852219766885,19.25267563977232
2024-06-20,64974.37,66482.94,64559.15,64869.99,24265.29031,2024-06-20 23:59:59.999,1584896152.16637,1282687,11828.87934,772646071.2169964,0,2024-06-20,-0.0016064796011104887,-0.001607771373120505,19.6557925584127
2024-06-21,64869.99,65066.66,63379.35,64143.56,25993.56442,2024-06-21 23:59:59.999,1665541539.708616,1362617,12543.2596,803462610.6919086,0,2024-06-21,-0.011198244365383747,-0.011261416759841722,21.212660146299413
2024-06-22,64143.56,64546.81,63943.82,64262.01,7308.95542,2024-06-22 23:59:59.999,470027247.3402083,562832,3756.29045,241583895.4543618,0,2024-06-22,0.0018466390078755168,0.001844936066219504,22.340200548544345
2024-06-23,64262.01,64521.0,63178.32,63210.01,8224.45447,2024-06-23 23:59:59.999,526848525.0029452,592759,3974.67964,254685735.53387728,0,2024-06-23,-0.016370480786393027,-0.016505957689856198,17.28688890266443
2024-06-24,63210.01,63369.8,58402.0,60293.3,52161.35414,2024-06-24 23:59:59.999,3180853460.924751,2190787,24495.59428,1493633137.5266545,0,2024-06-24,-0.04614316624851034,-0.04724168823827901,13.448484685576389
2024-06-25,60293.3,62420.0,60257.06,61806.01,31189.24361,2024-06-25 23:59:59.999,1914901308.84587,1277481,15360.08458,943071608.5109416,0,2024-06-25,0.025089189014368074,0.024779622477455705,26.92561292446844
2024-06-26,61806.01,62487.81,60712.0,60864.99,22485.66463,2024-06-26 23:59:59.999,1381716993.355492,1112152,11435.02653,702676210.4365481,0,2024-06-26,-0.015225380185519222,-0.015342476362678105,18.982349409914193
2024-06-27,60864.98,62389.22,60606.63,61706.47,18344.28631,2024-06-27 23:59:59.999,1126705164.782892,1062176,9298.265,570914131.0571834,0,2024-06-27,0.013825353458531753,0.013730655086801458,27.53711345873849
2024-06-28,61706.46,62225.31,60063.0,60427.84,24821.19255,2024-06-28 23:59:59.999,1519872032.026636,1479626,12661.53908,775499790.7912346,0,2024-06-28,-0.020721165868020086,-0.020938861751513153,26.257462677102467
2024-06-29,60427.84,61224.0,60383.77,60986.68,11509.55904,2024-06-29 23:59:59.999,701345872.4881144,767669,5461.68911,332791254.69089925,0,2024-06-29,0.009248055201046546,0.009205553774616642,28.52127191382891
2024-06-30,60986.68,63058.76,60712.21,62772.01,17326.30136,2024-06-30 23:59:59.999,1070250012.5446604,1108912,8224.44601,508208752.0856987,0,2024-06-30,0.029274097229099905,0.028853793809744524,35.578661710915895
2024-07-01,62772.01,63861.76,62497.2,62899.99,24547.10538,2024-07-01 23:59:59.999,1550980813.6701343,1461508,12388.60654,782785773.8355594,0,2024-07-01,0.002038806786655245,0.0020367312407112426,36.64457770610765
2024-07-02,62900.0,63288.83,61806.28,62135.47,18573.11875,2024-07-02 23:59:59.999,1160792332.6175597,1308816,9453.17931,590763216.5799825,0,2024-07-02,-0.01215453293394797,-0.012229003319739846,38.24445470527319
2024-07-03,62135.46,62285.94,59400.0,60208.58,32160.11127,2024-07-03 23:59:59.999,1945901232.9066572,1839372,15055.45492,910631739.6738483,0,2024-07-03,-0.031011111688702075,-0.0315021343281225,33.74046509914115
2024-07-04,60208.57,60498.19,56771.0,57050.01,54568.77276,2024-07-04 23:59:59.999,3168619756.2436485,2523236,24982.98822,1450509608.6804216,0,2024-07-04,-0.05246046327616427,-0.05388661548310068,27.92158585532337
2024-07-05,57050.02,57546.0,53485.93,56628.79,81348.24756,2024-07-05 23:59:59.999,4515040083.536515,3749255,37926.65162,2104682004.516682,0,2024-07-05,-0.007383346646214428,-0.007410738462197537,28.411230525701924
2024-07-06,56628.79,58475.0,56018.0,58230.13,21651.31558,2024-07-06 23:59:59.999,1235398733.4357028,1411065,11083.50401,632724011.5474728,0,2024-07-06,0.02827784241902398,0.027885405242016163,34.031864899265315
2024-07-07,58230.13,58449.46,55724.37,55857.81,19118.93918,2024-07-07 23:59:59.999,1094135752.4528687,1289229,9081.66872,519830378.935563,0,2024-07-07,-0.040740420809639244,-0.04159356377998373,31.808293529748255
2024-07-08,55857.81,58236.73,54260.16,56714.62,48090.2049,2024-07-08 23:59:59.999,2699942701.375511,2554389,23963.90684,1346497811.2117922,0,2024-07-08,0.015339126256471713,0.015222671228313616,40.14010621755092
2024-07-09,56714.61,58296.0,56289.45,58050.0,27732.20788,2024-07-09 23:59:59.999,1592351321.655387,1757693,14143.25001,812249336.7493434,0,2024-07-09,0.023545604290392763,0.023272682322844962,39.54941283771639
2024-07-10,58050.0,59470.0,57157.79,57725.85,24951.73799,2024-07-10 23:59:59.999,1452293495.6501489,1766696,12423.53162,723209557.6496755,0,2024-07-10,-0.005583979328165345,-0.0055996280225802065,40.955290760459306
2024-07-11,57725.85,59650.0,57050.0,57339.89,29761.05735,2024-07-11 23:59:59.999,1728929618.0583844,2157661,15019.30135,872986677.1195273,0,2024-07-11,-0.0066860860429079905,-0.006708538049520128,37.07954934151736
2024-07-12,57339.89,58526.68,56542.47,57889.1,23652.4569,2024-07-12 23:59:59.999,1360201319.0761504,1749738,11488.82545,661028735.6644312,0,2024-07-12,0.009578148824491928,0.009532569171711086,42.149126821749924
2024-07-13,57889.09,59850.0,57756.63,59204.02,15357.74519,2024-07-13 23:59:59.999,900429281.1482327,1114391,7889.36244,462600767.8610776,0,2024-07-13,0.02271446610847283,0.022460333746386348,44.73352398284153
2024-07-14,59204.01,61420.69,59194.01,60797.91,21178.33907,2024-07-14 23:59:59.999,1273562988.611176,1456088,10479.46025,630300143.2598463,0,2024-07-14,0.026921989418961845,0.02656596839138983,44.101233717958834
2024-07-15,60797.91,64900.0,60632.3,64724.14,38690.9782,2024-07-15 23:59:59.999,2435540879.0289335,2600425,19076.54212,1201411783.666604,0,2024-07-15,0.06457837119729937,0.06257882518464983,54.44233981007637
2024-07-16,64724.06,65388.97,62373.24,65043.99,42530.52915,2024-07-16 23:59:59.999,2725231969.2884507,2484783,21595.04799,1384337933.3310027,0,2024-07-16,0.0049417419837483045,0.004929571655444641,57.23990055130896
2024-07-17,65044.0,66128.63,63854.0,64087.99,29567.52954,2024-07-17 23:59:59.999,1922412273.0882096,1868671,14616.17013,950725865.5856608,0,2024-07-17,-0.014697745325894074,-0.014806827344029673,60.14710305845672
2024-07-18,64087.99,65133.3,63238.48,63987.92,22568.7225,2024-07-18 23:59:59.999,1449872437.6497972,1696742,11288.35191,725073622.7056739,0,2024-07-18,-0.001561447004345129,-0.0015626673332034774,71.60353358430874
2024-07-19,63987.92,67386.0,63300.67,66660.0,35634.72739,2024-07-19 23:59:59.999,2331517674.368659,2184889,17971.06949,1176753281.038326,0,2024-07-19,0.041759132036171875,0.040910757335444886,77.39538709682705
2024-07-20,66660.01,67598.0,66222.46,67139.96,14386.92434,2024-07-20 23:59:59.999,961878801.8482211,995093,6868.63454,459313955.25348914,0,2024-07-20,0.007200120012001321,0.00717432290208512,75.92051588338282
2024-07-21,67139.97,68366.66,65777.0,68165.34,21819.11191,2024-07-21 23:59:59.999,1465757867.9747431,1322942,11412.05459,766856991.8425378,0,2024-07-21,0.015272276003738927,0.015156828740989328,88.84979630540363
2024-07-22,68165.35,68474.55,66559.97,67532.01,21451.04303,2024-07-22 23:59:59.999,1448418369.8467095,1558140,10263.9504,693063991.1191068,0,2024-07-22,-0.009291085469536275,-0.009334516829783621,84.63468876649625
2024-07-23,67532.0,67750.98,65441.08,65936.01,31406.15316,2024-07-23 23:59:59.999,2088544473.3235075,1772089,15168.84798,1008794779.0389912,0,2024-07-23,-0.023633237038257815,-0.023916981434216472,74.83465106509213
2024-07-24,65936.0,67102.01,65111.0,65376.0,23082.56277,2024-07-24 23:59:59.999,1526490826.466997,1391053,10827.75551,716084205.2016414,0,2024-07-24,-0.00849323457697837,-0.008529507623456263,73.73922368985329
2024-07-25,65376.01,66175.49,63456.7,65799.95,35126.42934,2024-07-25 23:59:59.999,2266419771.224864,1830360,16579.45258,1070150879.3639548,0,2024-07-25,0.006484795643661334,0.006463859817351855,76.19070911306382
2024-07-26,65799.95,68200.0,65722.63,67907.99,24244.36023,2024-07-26 23:59:59.999,1630839588.6966548,1406982,12444.52129,837159298.5663502,0,2024-07-26,0.0320371064111753,0.03153462223775808,78.28643156776708
2024-07-27,67908.0,69399.99,66650.0,67896.5,31710.21921,2024-07-27 23:59:59.999,2162335067.0234175,1690591,15838.9282,1080427116.1916444,0,2024-07-27,-0.00016919953012906053,-0.00016921384598440523,76.49131917777827
2024-07-28,67896.49,68318.43,67066.66,68249.88,10868.69394,2024-07-28 23:59:59.999,736755676.1377451,821210,5403.48694,366295409.63502705,0,2024-07-28,0.005204686544961978,0.005191188977428364,74.56838657054669
2024-07-29,68249.88,70079.99,66428.0,66784.69,36467.29633,2024-07-29 23:59:59.999,2499265962.091455,1952812,18196.23316,1248743452.5576787,0,2024-07-29,-0.02146802309396001,-0.02170181316434392,58.109381309165954
2024-07-30,66784.68,67000.0,65302.67,66188.0,23132.25441,2024-07-30 23:59:59.999,1533270724.799421,1622083,11096.82554,735708436.0236868,0,2024-07-30,-0.008934532749946156,-0.008974685027823451,54.40628521819781
2024-07-31,66188.0,66849.24,64530.0,64628.0,22625.43905,2024-07-31 23:59:59.999,1489443332.5960116,1609976,10818.48504,712275323.706937,0,2024-07-31,-0.023569227050220576,-0.02385142421501373,51.98743961423775
2024-08-01,64628.01,65659.78,62302.0,65354.02,35542.26854,2024-08-01 23:59:59.999,2270877792.65868,2397257,16886.93292,1079221072.7580278,0,2024-08-01,0.011233830537847433,0.011171199683345215,54.806312062326896
2024-08-02,65354.02,65596.14,61230.01,61498.33,38820.42937,2024-08-02 23:59:59.999,2469588785.698158,2457735,18202.35794,1158565579.090291,0,2024-08-02,-0.05899698289408972,-0.06080893312569105,33.236029835409
2024-08-03,61498.34,62198.22,59850.0,60697.99,28034.71567,2024-08-03 23:59:59.999,1711555901.18011,1669555,12947.95791,790701622.6375737,0,2024-08-03,-0.013014011925201907,-0.013099436128860992,29.504419519315604
2024-08-04,60697.99,61117.63,57122.77,58161.0,31616.52003,2024-08-04 23:59:59.999,1874490041.5437353,1886195,14556.6247,863334319.9678984,0,2024-08-04,-0.04179693594466638,-0.04269555681819708,20.963399569980382
2024-08-05,58161.0,58305.59,49000.0,54018.81,162065.59186,2024-08-05 23:59:59.999,8580928177.429901,7568497,77363.26323,4097736999.067923,0,2024-08-05,-0.07121937380719046,-0.07388270778154322,17.41605653554838
2024-08-06,54018.82,57040.99,53950.0,56022.01,55884.77676,2024-08-06 23:59:59.999,3119018848.329888,3433824,27934.19288,1559417942.6490836,0,2024-08-06,0.03708337891930613,0.03641232998749407,26.555087739876427
2024-08-07,56022.0,57736.05,54558.62,55134.16,44269.37684,2024-08-07 23:59:59.999,2490553853.602583,2397504,21897.14983,1232415104.4472857,0,2024-08-07,-0.01584823536320812,-0.015975161468007117,26.14961934738082
2024-08-08,55133.76,62745.14,54730.0,61685.99,48349.52949,2024-08-08 23:59:59.999,2836312292.4318185,2603042,25676.29533,1508140014.000517,0,2024-08-08,0.11883431252058596,0.11228735091416127,42.54687686828098
2024-08-09,61686.0,61744.37,59535.0,60837.99,30972.48017,2024-08-09 23:59:59.999,1878350555.5122633,1827809,15023.05073,911225295.6263437,0,2024-08-09,-0.013747043696631933,-0.013842409307287744,36.578766127311496
2024-08-10,60837.99,61470.58,60242.0,60923.51,9995.20621,2024-08-10 23:59:59.999,607372221.2460399,800499,4893.63854,297435046.0025079,0,2024-08-10,0.0014057006156844576,0.001404713543484379,36.8000245334759
2024-08-11,60923.51,61858.0,58286.73,58712.59,19189.84512,2024-08-11 23:59:59.999,1152081498.1567774,1319469,9094.74521,546165456.9550736,0,2024-08-11,-0.03629009556409346,-0.036964958668207114,33.13203937824787
2024-08-12,58712.59,60711.09,57642.21,59346.64,37009.91743,2024-08-12 23:59:59.999,2186851067.316586,2293837,18279.26596,1080368631.1427846,0,2024-08-12,0.0107992169992841,0.010741321896940523,36.44635119932039
2024-08-13,59346.64,61578.1,58392.88,60587.15,27858.95851,2024-08-13 23:59:59.999,1668247896.8477187,1713485,13647.22341,817397824.2293857,0,2024-08-13,0.02090278404977952,0.020687318243458014,40.02808093548044
2024-08-14,60587.16,61800.0,58433.18,58683.39,28422.76326,2024-08-14 23:59:59.999,1705464263.505865,1729342,13263.8962,796386901.3641167,0,2024-08-14,-0.031421844400999266,-0.031926101818424826,39.544029996971176
2024-08-15,58683.39,59849.38,56078.54,57541.06,37686.17622,2024-08-15 23:59:59.999,2194915865.052229,2507858,17255.22311,1005337423.726424,0,2024-08-15,-0.019465985179111134,-0.019657942646201854,36.456139718297365
2024-08-16,57541.05,59817.76,57098.62,58874.6,27610.84344,2024-08-16 23:59:59.999,1614654900.3332715,1999539,13963.51824,816740633.5454463,0,2024-08-16,0.023175450712934476,0.022910978337253942,45.01590553257224
2024-08-17,58874.59,59700.0,58785.05,59491.99,7721.72931,2024-08-17 23:59:59.999,457737705.7722839,807159,3871.6531,229477473.80983913,0,2024-08-17,0.010486525598475405,0.010431923382209742,47.693021063521115
2024-08-18,59491.99,60284.99,58408.92,58427.35,13634.85717,2024-08-18 23:59:59.999,813166580.7264851,1099730,6660.58254,397459480.87198234,0,2024-08-18,-0.017895518371464747,-0.018057579517003593,50.53991915098398
2024-08-19,58427.35,59617.63,57787.3,59438.5,22809.31251,2024-08-19 23:59:59.999,1336287900.197634,1636295,11350.30776,665066212.7595356,0,2024-08-19,0.017306107499313272,0.017158062435947308,62.583626697203435
2024-08-20,59438.5,61400.0,58548.23,59013.8,31477.44548,2024-08-20 23:59:59.999,1890620149.79102,1904519,16041.22019,964180516.15294,0,2024-08-20,-0.007145200501358473,-0.007170849698593443,57.495894757466225
2024-08-21,59013.8,61820.93,58783.47,61156.03,27983.6422,2024-08-21 23:59:59.999,1682529555.0960546,1981525,14156.90984,851829721.3994547,0,2024-08-21,0.03630049242719502,0.03565715238614722,64.19544594982594
2024-08-22,61156.03,61400.0,59724.87,60375.84,21241.20588,2024-08-22 23:59:59.999,1288544247.9560175,1718280,10269.33376,623042041.0781735,0,2024-08-22,-0.012757368324922358,-0.012839442327577983,45.75699222679292
2024-08-23,60375.83,64955.0,60342.14,64037.24,38118.07089,2024-08-23 23:59:59.999,2375916932.7935486,2555682,20372.88336,1270318490.0257754,0,2024-08-23,0.06064346268308651,0.05887576421662603,58.763949588901795
2024-08-24,64037.24,64494.5,63531.0,64157.01,15857.15616,2024-08-24 23:59:59.999,1015774255.1740764,1551856,7643.02686,489673236.6598002,0,2024-08-24,0.0018703179587378216,0.0018685710918962383,58.84118298774291
2024-08-25,64157.02,65000.0,63773.27,64220.0,12305.47977,2024-08-25 23:59:59.999,789935122.9930241,1263065,6315.72233,405555580.86044383,0,2024-08-25,0.0009818100937060148,0.0009813284334161388,67.06279645447421
2024-08-26,64219.99,64481.0,62800.0,62834.0,19470.05276,2024-08-26 23:59:59.999,1238341818.4320166,2152841,8995.67609,572188217.6295675,0,2024-08-26,-0.021582061663033336,-0.021818360418123024,60.323375131730074
2024-08-27,62834.0,63212.0,58034.01,59415.0,35135.94178,2024-08-27 23:59:59.999,2158144642.992993,2995281,15873.1536,975361314.8776592,0,2024-08-27,-0.05441321577489899,-0.05594960850125526,46.926570696346815
2024-08-28,59415.0,60234.98,57860.0,59034.9,36868.54275,2024-08-28 23:59:59.999,2183054412.974087,3664134,17135.91162,1014904733.0685128,0,2024-08-28,-0.006397374400403888,-0.006417925294743356,51.0017138365945
2024-08-29,59034.9,61166.99,58713.09,59359.01,27020.90743,2024-08-29 23:59:59.999,1617931684.258576,2743900,13152.3859,787682410.3518869,0,2024-08-29,0.0054901422717748005,0.005475126375226921,55.43411005182575
2024-08-30,59359.0,59944.07,57701.1,59123.99,28519.32195,2024-08-30 23:59:59.999,1680918972.4658496,2845696,13783.34749,812769089.2849811,0,2024-08-30,-0.003959297838693754,-0.003967156608714223,50.79785957748218
2024-08-31,59123.99,59462.38,58744.0,58973.99,8798.409,2024-08-31 23:59:59.999,519849184.86904466,895944,4195.93079,247955494.3591592,0,2024-08-31,-0.0025370412247210927,-0.00254026496747557,48.29170321806178
2024-09-01,58974.0,59076.59,57201.0,57301.86,20705.15741,2024-09-01 23:59:59.999,1202176847.3910584,2153180,9651.50531,560452387.8985474,0,2024-09-01,-0.028353686091105557,-0.028763415319443375,46.43127342047171
2024-09-02,57301.77,59425.69,57128.0,59132.13,22895.01461,2024-09-02 23:59:59.999,1333092369.4465685,1966119,11295.25452,657496577.6304803,0,2024-09-02,0.03194084799341579,0.03144134758080365,49.07652621698574
2024-09-03,59132.12,59809.65,57415.0,57487.73,22828.18447,2024-09-03 23:59:59.999,1335076815.8599248,2208758,10979.79204,642252673.1132113,0,2024-09-03,-0.0278089086254798,-0.028202897779850595,45.715118424089475
2024-09-04,57487.74,58519.0,55606.0,57970.9,35560.82146,2024-09-04 23:59:59.999,2027630870.179675,3177549,16861.75483,961923197.778253,0,2024-09-04,0.008404750022309004,0.008369626775024829,40.13803096872475
2024-09-05,57970.9,58327.07,55643.65,56180.0,27806.91413,2024-09-05 23:59:59.999,1577770853.1007977,3368058,12955.8897,734996919.3590953,0,2024-09-05,-0.030893086013844884,-0.03138033882672037,37.773831738664725
2024-09-06,56180.0,57008.0,52550.0,53962.97,54447.76826,2024-09-06 23:59:59.999,2988914918.9243345,5287281,25325.18849,1390546230.8810933,0,2024-09-06,-0.03946297614809535,-0.040262751080288636,17.946737139108194
2024-09-07,53962.97,54850.0,53745.54,54160.86,16694.04774,2024-09-07 23:59:59.999,905693342.5898322,1920923,8023.90683,435381439.0095956,0,2024-09-07,0.0036671443399056702,0.0036604367595428834,18.352612959784068
2024-09-08,54160.86,55318.0,53629.01,54869.95,16274.14779,2024-09-08 23:59:59.999,885743172.9184759,1796092,8031.76084,437221897.1104152,0,2024-09-08,0.013092295801802267,0.01300733247035669,21.561568722394313
2024-09-09,54869.95,58088.0,54591.96,57042.0,32384.51737,2024-09-09 23:59:59.999,1809715390.0493295,3355912,16412.83148,917669512.2220291,0,2024-09-09,0.03958541970605056,0.03882199877924005,33.187384035910256
2024-09-10,57042.01,58044.36,56386.4,57635.99,23626.78126,2024-09-10 23:59:59.999,1349365460.0900571,2843148,11690.37506,667774722.6993911,0,2024-09-10,0.010413204305599333,0.010359360363052208,43.82294628875393
2024-09-11,57635.99,57981.71,55545.19,57338.0,33026.56757,2024-09-11 23:59:59.999,1875738697.378415,4045103,15979.30786,907634258.5649891,0,2024-09-11,-0.005170207018218909,-0.005183618786241656,44.07425876726143
2024-09-12,57338.0,58588.0,57324.0,58132.32,31074.40631,2024-09-12 23:59:59.999,1802848638.0757017,3706764,14783.00418,857572456.5100869,0,2024-09-12,0.013853291011196811,0.013758211280425158,45.8524842357953
2024-09-13,58132.31,60625.0,57632.62,60498.0,29825.23333,2024-09-13 23:59:59.999,1760671733.5492997,3378012,15395.13731,909141733.9747654,0,2024-09-13,0.04069474605520651,0.039888515176949337,54.0605748242647
2024-09-14,60497.99,60610.45,59400.0,59993.03,12137.90901,2024-09-14 23:59:59.999,728527024.3416963,1288784,5570.22098,334303099.7432136,0,2024-09-14,-0.008346887500413236,-0.008381917831569096,52.949655780866834
2024-09-15,59993.02,60395.8,58691.05,59132.0,13757.92361,2024-09-15 23:59:59.999,822410872.3906957,1552950,6431.24697,384460724.5703967,0,2024-09-15,-0.014352167243428138,-0.014456155768720775,55.5584172296538
2024-09-16,59132.0,59210.7,57493.3,58213.99,26477.5642,2024-09-16 23:59:59.999,1543273198.7027452,3145152,12859.7584,749563220.8060509,0,2024-09-16,-0.01552475816816612,-0.01564652918074257,47.04788007089153
2024-09-17,58213.99,61320.0,57610.01,60313.99,33116.25878,2024-09-17 23:59:59.999,1983378424.775704,3918209,16390.65993,981860543.2735816,0,2024-09-17,0.03607380287796791,0.035438379599161005,58.82868552778561
2024-09-18,60313.99,61786.24,59174.8,61759.99,36087.02469,2024-09-18 23:59:59.999,2174000496.820776,5167671,18429.59712,1110622778.7510853,0,2024-09-18,0.023974537250810224,0.023691660342147144,61.164774485162596
2024-09-19,61759.98,63850.0,61555.0,62947.99,34332.52608,2024-09-19 23:59:59.999,2153175931.1738715,4438284,17609.62958,1104427424.5246968,0,2024-09-19,0.019235754409934414,0.01905308607791393,70.67691959880362
2024-09-20,62948.0,64133.32,62350.0,63201.05,25466.37794,2024-09-20 23:59:59.999,1611195963.9908044,3969296,12411.32227,785440558.8125728,0,2024-09-20,0.004020144249244684,0.004012085061529829,82.07203403952762
2024-09-21,63201.05,63559.9,62758.0,63348.96,8375.34608,2024-09-21 23:59:59.999,528657852.3183024,1283611,3877.73743,244802615.78455928,0,2024-09-21,0.0023403092195461994,0.0023375749611005414,82.0096013823761
2024-09-22,63348.97,64000.0,62357.93,63578.76,14242.19892,2024-09-22 23:59:59.999,897477338.3735126,2145736,6923.17369,436456231.9537881,0,2024-09-22,0.003627526008319615,0.0036209624041565595,81.38805332156932
2024-09-23,63578.76,64745.88,62538.75,63339.99,24078.05287,2024-09-23 23:59:59.999,1531015038.3680267,3999187,12331.07643,784350440.7145653,0,2024-09-23,-0.0037554994781276996,-0.0037625690717466927,76.3745306557293
2024-09-24,63339.99,64688.0,62700.0,64262.7,23185.04759,2024-09-24 23:59:59.999,1472720338.8562915,3870157,11522.89363,732118662.4171054,0,2024-09-24,0.014567574134444872,0.01446248637939056,77.00756016546775
2024-09-25,64262.7,64817.99,62947.08,63152.01,17813.11168,2024-09-25 23:59:59.999,1135250828.2732148,3355531,8384.67983,534590429.2105493,0,2024-09-25,-0.017283587524333677,-0.017434692343162504,72.22319479854292
2024-09-26,63152.01,65839.0,62670.0,65173.99,28373.30593,2024-09-26 23:59:59.999,1831204595.9448967,4361333,15041.9886,971176161.3870807,0,2024-09-26,0.03201766657941674,0.03151578569135097,74.60640830940251
2024-09-27,65173.99,66498.0,64819.9,65769.95,22048.80487,2024-09-27 23:59:59.999,1448852210.3602211,3498529,11092.85716,729156061.3679231,0,2024-09-27,0.009144138635673427,0.009102584128001627,71.02239512428929
2024-09-28,65769.95,66260.0,65422.23,65858.0,9127.23316,2024-09-28 23:59:59.999,600118483.1222521,1341703,4501.22534,296026669.8337066,0,2024-09-28,0.0013387572896133015,0.0013378619530761801,74.19148867717047
2024-09-29,65858.0,66076.12,65432.0,65602.01,8337.74111,2024-09-29 23:59:59.999,547980013.7152303,1413449,4132.9378,271622295.3535291,0,2024-09-29,-0.0038869993015275828,-0.003894573316477157,78.0891261820641
2024-09-30,65602.01,65618.8,62856.3,63327.59,30011.08752,2024-09-30 23:59:59.999,1920250261.744216,3978584,14451.93044,924324016.7358449,0,2024-09-30,-0.03466997428889751,-0.03528524055475455,69.86120152190495
2024-10-01,63327.6,64130.63,60164.0,60805.78,43671.48108,2024-10-01 23:59:59.999,2723672081.8326254,5607069,20951.74486,1308603194.33104,0,2024-10-01,-0.03982166382772501,-0.04063624492665931,51.84950903148893
2024-10-02,60804.92,62390.31,60000.0,60649.28,31534.70118,2024-10-02 23:59:59.999,1928377637.836784,5313210,15719.32519,961468320.5154728,0,2024-10-02,-0.002573768480562233,-0.002577086316775542,45.374219638253656
2024-10-03,60649.27,61477.19,59828.11,60752.71,26221.43472,2024-10-03 23:59:59.999,1590773866.8074434,5244004,12906.51464,783073701.7331172,0,2024-10-03,0.001705378860227258,0.001703926352847916,39.949345669109654
2024-10-04,60752.72,62484.85,60459.9,62086.0,21294.65994,2024-10-04 23:59:59.999,1311145630.5020497,3798631,10689.34488,658151113.9351828,0,2024-10-04,0.021946181495442696,0.02170883041003728,45.35446547085275
2024-10-05,62086.0,62370.56,61689.26,62058.0,7807.46141,2024-10-05 23:59:59.999,484588468.3419123,1183175,3690.55536,229107774.75427,0,2024-10-05,-0.00045098734014104025,-0.00045108906551724495,44.56730688302726
2024-10-06,62058.01,62975.0,61798.97,62819.91,8906.86177,2024-10-06 23:59:59.999,555669634.4773513,1556553,4798.29924,299426562.8303448,0,2024-10-06,0.012277385671468632,0.012202629820996201,46.9434511270382
2024-10-07,62819.91,64478.19,62128.0,62224.0,25966.1852,2024-10-07 23:59:59.999,1646315506.5791945,4809342,12760.73415,809108823.5126126,0,2024-10-07,-0.009486005312646983,-0.009531284031326389,45.63064526864334
2024-10-08,62224.01,63200.0,61860.31,62160.49,19702.22371,2024-10-08 23:59:59.999,1230076253.818657,3798438,9614.36947,600357593.787378,0,2024-10-08,-0.001020667266649511,-0.0010211885021863328,41.17567550550102
2024-10-09,62160.5,62543.75,60301.0,60636.02,20011.15684,2024-10-09 23:59:59.999,1234778807.5932417,3668363,9454.70171,583725546.0309885,0,2024-10-09,-0.02452474232426416,-0.024830482976427176,39.79333448544164
2024-10-10,60636.01,61321.68,58946.0,60326.39,23967.92481,2024-10-10 23:59:59.999,1445604381.9363792,3872577,10827.77272,653182369.9427671,0,2024-10-10,-0.005106370767738344,-0.005119452832531935,27.16171293748731
2024-10-11,60326.4,63417.56,60087.64,62540.0,23641.35209,2024-10-11 23:59:59.999,1462219576.8498647,3222180,12099.56755,748431117.9165705,0,2024-10-11,0.036693891346722296,0.03603669892744918,36.795543610947384
2024-10-12,62539.99,63480.0,62487.23,63206.22,10911.30116,2024-10-12 23:59:59.999,686978508.9887543,1770837,5196.91695,327263147.47604007,0,2024-10-12,0.010652702270546932,0.010596362001929363,39.64852014646296
2024-10-13,63206.23,63285.72,62050.0,62870.02,11909.21995,2024-10-13 23:59:59.999,746564374.2082387,2242529,5855.04617,367046338.9194209,0,2024-10-13,-0.005319096759781039,-0.0053332935199566596,39.40178029018747
2024-10-14,62870.02,66500.0,62457.81,66083.99,37669.95222,2024-10-14 23:59:59.999,2450094472.8135448,4977577,19941.11906,1297062359.2474864,0,2024-10-14,0.051120868102157546,0.04985708823410627,59.96640262183932
2024-10-15,66084.0,67950.0,64800.01,67074.14,43683.95423,2024-10-15 23:59:59.999,2894021862.319518,6245619,21820.682,1446378130.5659852,0,2024-10-15,0.014983205463229288,0.014872066015212413,75.48776917572047
2024-10-16,67074.14,68424.0,66750.49,67620.01,29938.25544,2024-10-16 23:59:59.999,2024560410.1062672,5109685,15212.87402,1029210667.4758284,0,2024-10-16,0.008138307848598592,0.008105370403983361,77.47373714840644
2024-10-17,67620.0,67939.4,66666.0,67421.78,25328.22861,2024-10-17 23:59:59.999,1702164439.5654595,3981960,12153.94712,816887407.4042379,0,2024-10-17,-0.0029315286998625734,-0.0029358340463448997,76.08984294619265
2024-10-18,67421.78,69000.0,67192.36,68428.0,28725.635,2024-10-18 23:59:59.999,1959735899.8769643,4010969,14218.1785,970440964.2668115,0,2024-10-18,0.014924257413553965,0.014813986471420449,75.46190350010838
2024-10-19,68427.99,68693.26,68010.0,68378.0,8193.66737,2024-10-19 23:59:59.999,559628628.9613105,1152428,4071.19627,278085065.5176925,0,2024-10-19,-0.000730695037119311,-0.0007309621248523259,75.32883399193643
2024-10-20,68377.99,69400.0,68100.0,69031.99,12442.47378,2024-10-20 23:59:59.999,854082429.8105861,1563795,6772.92574,465001555.93098307,0,2024-10-20,0.00956433355757702,0.00951888488044817,75.11355936862768
2024-10-21,69032.0,69519.52,66840.67,67377.5,31374.42184,2024-10-21 23:59:59.999,2130833593.5466976,3686777,13593.60828,923860758.4208845,0,2024-10-21,-0.023967004283086846,-0.02425888605349007,69.19143846227178
2024-10-22,67377.5,67836.01,66571.42,67426.0,24598.96268,2024-10-22 23:59:59.999,1654285791.6605556,3669291,12400.51857,834160889.2398738,0,2024-10-22,0.0007198248673518926,0.0007195659176902162,69.63050504975189
2024-10-23,67426.01,67472.83,65260.0,66668.65,25530.2407,2024-10-23 23:59:59.999,1695101430.9187467,3807365,11888.33995,789384635.1106861,0,2024-10-23,-0.011232313944175898,-0.01129587277243706,73.8548910468878
2024-10-24,66668.65,68850.0,66510.0,68198.28,22589.83877,2024-10-24 23:59:59.999,1526736320.912938,3797462,11502.58514,777936396.524746,0,2024-10-24,0.022943767422919148,0.02268451715263484,78.38879780849263
2024-10-25,68198.27,68771.49,65596.29,66698.33,34479.71125,2024-10-25 23:59:59.999,2320667435.293254,5332593,16031.032,1079347459.1549635,0,2024-10-25,-0.02199395644582236,-0.022239429463163648,65.81021491517225
2024-10-26,66698.32,67454.55,66439.9,67092.76,11842.9077,2024-10-26 23:59:59.999,792887047.147892,2373501,6069.18986,406369780.1532944,0,2024-10-26,0.005913641316056761,0.005896224370562871,65.08869491217469
2024-10-27,67092.76,68332.05,66913.73,68021.7,8653.19592,2024-10-27 23:59:59.999,585006148.4704809,1771989,4417.7362,298699666.99843925,0,2024-10-27,0.013845607186230069,0.013750632418520554,69.12034988850718
2024-10-28,68021.69,70270.0,67618.0,69962.21,29046.75459,2024-10-28 23:59:59.999,2005105729.8174448,4432446,15218.34976,1051606096.429826,0,2024-10-28,0.028527808037729363,0.02812846721520796,65.89661148393294
2024-10-29,69962.21,73620.12,69760.0,72736.42,50128.60594,2024-10-29 23:59:59.999,3602465986.8917575,5645430,26898.46516,1932608784.1630373,0,2024-10-29,0.03965297837218107,0.03888698282937757,70.24799890146984
2024-10-30,72736.41,72961.0,71436.0,72344.74,26885.99056,2024-10-30 23:59:59.999,1941210537.2882867,4040734,13487.21433,973898183.7467278,0,2024-10-30,-0.00538492271134583,-0.005399473668343945,67.0837633143455
2024-10-31,72344.75,72700.0,69685.76,70292.01,29352.10297,2024-10-31 23:59:59.999,2091144977.4946847,4525542,14205.13879,1012048241.8498938,0,2024-10-31,-0.028374281253896405,-0.02878461169591104,59.150984241801254
2024-11-01,70292.01,71632.95,68820.14,69496.01,38301.86755,2024-11-01 23:59:59.999,2677358022.00497,4569271,18044.1622,1261663986.7596903,0,2024-11-01,-0.011324188908526045,-0.011388795745506882,53.45133692811914
2024-11-02,69496.0,69914.37,69000.14,69374.74,10521.67243,2024-11-02 23:59:59.999,731232427.6311549,1603561,5227.50713,363370734.81580114,0,2024-11-02,-0.0017449922664622974,-0.0017465165389545408,53.20625488944705
2024-11-03,69374.74,69391.0,67478.73,68775.99,24995.70243,2024-11-03 23:59:59.999,1709666206.4062023,3668029,12277.58177,839939073.1389577,0,2024-11-03,-0.008630662976178316,-0.008668122839253566,49.173577196928804
2024-11-04,68775.99,69500.0,66835.0,67850.01,29800.39187,2024-11-04 23:59:59.999,2033902307.002776,5377048,14927.24077,1019257547.5246848,0,2024-11-04,-0.01346371022794457,-0.013555167807772158,51.60065122260063
2024-11-05,67850.01,70577.91,67476.63,69372.01,33355.06888,2024-11-05 23:59:59.999,2310418908.069922,4955644,17059.88663,1181816730.9237833,0,2024-11-05,0.022431831623900944,0.02218393837390412,55.99383494430934
2024-11-06,69372.01,76400.0,69298.0,75571.99,104126.994787,2024-11-06 23:59:59.999,7702283270.25801,8434184,53243.884427,3938516657.232733,0,2024-11-06,0.0893729329739763,0.08560223984821512,70.53726553626444
2024-11-07,75571.99,76849.99,74416.0,75857.89,44869.422345,2024-11-07 23:59:59.999,3391796661.9719553,5207722,21805.460295,1648278335.300733,0,2024-11-07,0.0037831476979763856,0.0037760095920657505,68.74384859680711
2024-11-08,75857.89,77199.99,75555.0,76509.78,36521.099583,2024-11-08 23:59:59.999,2784449097.5315185,4877489,17555.393633,1339019332.1967125,0,2024-11-08,0.008593568843003663,0.00855685431952021,75.04931253500895
2024-11-09,76509.78,76900.0,75714.66,76677.46,16942.07915,2024-11-09 23:59:59.999,1294709001.60289,2585264,8032.79327,614028515.3001705,0,2024-11-09,0.0021916152418686163,0.0021892171563324633,74.7570453239878
2024-11-10,76677.46,81500.0,76492.0,80370.01,61830.100435,2024-11-10 23:59:59.999,4905441473.900737,7128598,32751.012177,2597409399.2349634,0,2024-11-10,0.04815691599591321,0.04703330369431591,77.9106673122033
2024-11-11,80370.01,89530.54,80216.01,88647.99,82323.665776,2024-11-11 23:59:59.999,6944268709.942721,9348890,42837.295314,3613896167.371912,0,2024-11-11,0.10299836966550102,0.09803226217915882,82.82975972113877
2024-11-12,88648.0,89940.0,85072.0,87952.01,97299.887911,2024-11-12 23:59:59.999,8540084566.2798195,11499058,49589.333451,4353451682.829404,0,2024-11-12,-0.00785105223479976,-0.007882034011635572,78.83884873487366
2024-11-13,87952.0,93265.64,86127.99,90375.2,86763.854127,2024-11-13 23:59:59.999,7790928962.043038,11962100,44342.329327,3983689817.401444,0,2024-11-13,0.027551274837266382,0.027178568661184198,81.73049442697908
2024-11-14,90375.21,91790.0,86668.21,87325.59,56729.51086,2024-11-14 23:59:59.999,5073860815.928665,9828858,27940.856,2499212755.773147,0,2024-11-14,-0.03374388106471693,-0.03432634643790914,78.96004455815203
2024-11-15,87325.59,91850.0,87073.38,91032.07,47927.95068,2024-11-15 23:59:59.999,4276238971.1814294,8009111,24800.61087,2213154236.5096154,0,2024-11-15,0.04244437398018164,0.041568314974823425,83.31770796590513
2024-11-16,91032.08,91779.66,90056.17,90586.92,22717.87689,2024-11-16 23:59:59.999,2067958511.9048471,4239455,11496.31366,1046686701.002946,0,2024-11-16,-0.004890034907478302,-0.004902030249246929,82.49104252289604
2024-11-17,90587.98,91449.99,88722.0,89855.99,23867.55609,2024-11-17 23:59:59.999,2153871724.810395,4930719,11852.78227,1070094820.6738938,0,2024-11-17,-0.008068824947354392,-0.008101554091419313,82.1583631576217
2024-11-18,89855.98,92594.0,89376.9,90464.08,46545.03448,2024-11-18 23:59:59.999,4239909950.6618943,7161125,23628.87098,2153158394.316311,0,2024-11-18,0.006767384122082332,0.006744588166355547,84.83652885427394
2024-11-19,90464.07,93905.51,90357.0,92310.79,43660.04682,2024-11-19 23:59:59.999,4025108502.8496137,5647789,22127.852724,2040301638.1161728,0,2024-11-19,0.020413737695668788,0.02020817024435305,84.98672447053453
2024-11-20,92310.8,94831.97,91500.0,94286.56,42203.198712,2024-11-20 23:59:59.999,3950932314.6460686,7365987,20425.307962,1912348704.247262,0,2024-11-20,0.02140345673566446,0.021177619537080205,82.7660007332469
2024-11-21,94286.56,98988.0,94040.0,98317.12,69228.360477,2024-11-21 23:59:59.999,6722807908.325655,9048605,35424.063227,3440467290.318527,0,2024-11-21,0.04274798019993509,0.04185951709945262,84.76384386753125
2024-11-22,98317.12,99588.01,97122.11,98892.0,46189.309243,2024-11-22 23:59:59.999,4555536773.363205,7271311,22709.668193,2240635299.646484,0,2024-11-22,0.0058472013826280644,0.005830172847894076,84.72743375134517
2024-11-23,98892.0,98908.85,97136.0,97672.4,24757.84367,2024-11-23 23:59:59.999,2431609866.3295145,3839138,11176.2487,1097538914.9412584,0,2024-11-23,-0.012332645714516866,-0.012409323871574746,81.54526724980373
2024-11-24,97672.4,98564.0,95734.77,97900.04,31200.97838,2024-11-24 23:59:59.999,3034172011.9517884,4964720,15124.12176,1471313633.7467723,0,2024-11-24,0.002330648166728677,0.002327936418892903,79.40040056929003
2024-11-25,97900.05,98871.8,92600.19,93010.01,50847.45096,2024-11-25 23:59:59.999,4883444806.322193,8289691,23486.92705,2255516841.6102185,0,2024-11-25,-0.04994921350389636,-0.051239836346874276,58.25370431060122
2024-11-26,93010.01,94973.37,90791.1,91965.16,57858.73138,2024-11-26 23:59:59.999,5370918648.818167,10225809,29120.26765,2702543576.089108,0,2024-11-26,-0.011233737099909935,-0.011297312096130885,57.49463368428995
2024-11-27,91965.16,97208.21,91792.14,95863.11,41153.42734,2024-11-27 23:59:59.999,3894358511.6175647,6648690,20316.58245,1922620637.3076189,0,2024-11-27,0.04238507278190995,0.04151142667791282,59.71371677891551
2024-11-28,95863.11,96564.0,94640.0,95643.98,28814.54357,2024-11-28 23:59:59.999,2749861591.2596097,4988161,14805.69321,1412851841.0751948,0,2024-11-28,-0.002285863665387078,-0.002288480239917697,66.36333557192468
2024-11-29,95643.99,98619.99,95364.99,97460.0,27701.78231,2024-11-29 23:59:59.999,2690451030.6342874,5094070,13840.21172,1344148785.2636425,0,2024-11-29,0.018987290156683212,0.01880928130380514,63.66057148054749
2024-11-30,97460.0,97463.95,96092.01,96407.99,14503.83306,2024-11-30 23:59:59.999,1402672950.6998208,3354759,7075.91503,684284805.0234444,0,2024-11-30,-0.010794274574184248,-0.010852955416106586,62.05980980493634
2024-12-01,96407.99,97836.0,95693.88,97185.18,16938.60452,2024-12-01 23:59:59.999,1641327626.6062205,3342200,8114.89569,786489040.1936377,0,2024-12-01,0.008061468764155144,0.008029148706736931,65.15521022579001
2024-12-02,97185.17,98130.0,94395.0,95840.62,37958.66981,2024-12-02 23:59:59.999,3646639621.737588,7560103,18821.93327,1808458555.890584,0,2024-12-02,-0.01383503122595442,-0.013931627244584067,60.788942444686136
2024-12-03,95840.61,96305.52,93578.17,95849.69,35827.32283,2024-12-03 23:59:59.999,3413995542.018656,5361712,17339.11167,1652090703.1755955,0,2024-12-03,9.463628261174861e-05,9.463180488125695e-05,57.666840271308544
2024-12-04,95849.69,99000.0,94587.83,98587.32,43850.53728,2024-12-04 23:59:59.999,4241994533.7861066,6648724,22033.60112,2132655972.045,0,2024-12-04,0.028561699051921963,0.028161417666881416,59.01962659472376
2024-12-05,98587.32,104088.0,90500.0,96945.63,109921.729662,2024-12-05 23:59:59.999,11048002942.149933,12012364,56235.078356,5657171374.763456,0,2024-12-05,-0.016652141472148774,-0.01679234704122157,46.80338892190798
2024-12-06,96945.63,101898.99,95981.72,99740.84,45049.5331,2024-12-06 23:59:59.999,4456641685.364444,6919102,21999.62416,2175645718.553361,0,2024-12-06,0.028832759145512643,0.028424916087496886,51.79287597718541
2024-12-07,99740.84,100439.18,98844.0,99831.99,14931.9459,2024-12-07 23:59:59.999,1487953846.8385458,2634566,6776.55,675350661.2973348,0,2024-12-07,0.0009138683812970338,0.0009134510578209996,54.78969470101532
2024-12-08,99831.99,101351.0,98657.7,101109.59,14612.99688,2024-12-08 23:59:59.999,1459576946.402151,2994709,7152.80173,714745738.9188356,0,2024-12-08,0.012797501081567075,0.012716305068205409,56.8015973491667
2024-12-09,101109.6,101215.93,94150.05,97276.47,53949.11595,2024-12-09 23:59:59.999,5283626995.705648,8445872,25472.08477,2495722030.5370946,0,2024-12-09,-0.0379105483466009,-0.03864784755258232,59.46538120563445
2024-12-10,97276.48,98270.0,94256.54,96593.0,51708.68933,2024-12-10 23:59:59.999,4988660195.092429,11556189,24523.09586,2367164879.170773,0,2024-12-10,-0.007026056763778543,-0.007050855728157901,60.4344375400211
2024-12-11,96593.0,101888.0,95658.24,101125.0,37753.78291,2024-12-11 23:59:59.999,3745703763.01845,8250511,19112.84559,1897146318.2111704,0,2024-12-11,0.04691851376393741,0.04585110055392514,61.53424945801923
2024-12-12,101125.0,102540.0,99311.64,100004.29,29232.08745,2024-12-12 23:59:59.999,2949462583.8661704,8066322,14175.88661,1430984456.6703603,0,2024-12-12,-0.011082422744128628,-0.011144290310743151,59.19453191983781
2024-12-13,100004.29,101895.26,99205.0,101424.25,21904.03923,2024-12-13 23:59:59.999,2203903393.0741005,5481660,10669.09365,1073720887.635456,0,2024-12-13,0.014198990863292016,0.014099129370686553,58.50136626611544
2024-12-14,101424.24,102650.0,100609.41,101420.0,14191.70326,2024-12-14 23:59:59.999,1441594367.0463192,3374538,6790.24676,689981854.1394897,0,2024-12-14,-4.19031937628489e-05,-4.190407172619906e-05,61.25403669275686
2024-12-15,101420.0,105250.0,101237.14,104463.99,22228.921775,2024-12-15 23:59:59.999,2290462903.835791,3638809,12668.894355,1305611448.3000977,0,2024-12-15,0.030013705383553635,0.02957210835064263,64.83388025226611
2024-12-16,104463.99,107793.07,103333.0,106058.66,41302.40274,2024-12-16 23:59:59.999,4364964400.634553,8048054,20349.0995,2150550899.2475224,0,2024-12-16,0.01526526030644626,0.015149918553743596,70.61375406907214
2024-12-17,106058.65,108353.0,105321.49,106133.74,29064.936466,2024-12-17 23:59:59.999,3103833327.775107,7212799,14187.320446,1515158210.55198,0,2024-12-17,0.0007079101319968917,0.0007076596818099129,70.69181220682215
2024-12-18,106133.74,106524.98,100000.0,100204.01,50307.99755,2024-12-18 23:59:59.999,5194263316.259236,8762120,23308.37525,2407213144.2694983,0,2024-12-18,-0.0558703575319216,-0.057491789143001994,52.88255773442075
2024-12-19,100204.01,102800.11,95700.0,97461.86,55147.398,2024-12-19 23:59:59.999,5487546517.707753,7273941,26898.63715,2677636003.906506,0,2024-12-19,-0.027365671293993032,-0.02774708582409932,50.88568164872015
2024-12-20,97461.86,98233.0,92232.54,97805.44,62884.1357,2024-12-20 23:59:59.999,6022845238.832326,7429007,29463.23021,2822939306.663078,0,2024-12-20,0.0035252764517319513,0.003519077229743537,46.374495812518326
2024-12-21,97805.44,99540.61,96398.39,97291.99,23483.54143,2024-12-21 23:59:59.999,2296232055.195926,3717638,11726.94119,1146732451.4218132,0,2024-12-21,-0.005249707991702657,-0.005263536125710258,45.31603141725825
2024-12-22,97292.0,97448.08,94250.35,95186.27,19353.83036,2024-12-22 23:59:59.999,1857819866.3604,3633551,9293.39749,892081877.7627709,0,2024-12-22,-0.02164330280426996,-0.02188095438284901,39.40064161752897
2024-12-23,95186.28,96538.92,92520.0,94881.47,32810.76703,2024-12-23 23:59:59.999,3100007213.494563,5464919,16339.58355,1544707289.7443693,0,2024-12-23,-0.003202142493870186,-0.0032072803231183965,45.09493904207335
2024-12-24,94881.47,99487.99,93569.02,98663.58,23674.22488,2024-12-24 23:59:59.999,2287214424.706476,3421549,11969.2539,1156798174.582326,0,2024-12-24,0.03986141867321402,0.039087452998785556,53.763021495918174
2024-12-25,98663.58,99569.15,97632.02,99429.6,14474.1651,2024-12-25 23:59:59.999,1426143976.0493636,3283028,7006.5265,690465056.587186,0,2024-12-25,0.0077639591022340415,0.007733974670366026,46.43016867526707
2024-12-26,99429.61,99963.7,95199.14,95791.6,21192.36727,2024-12-26 23:59:59.999,2049123567.3867724,5203490,10071.87249,973940616.1292444,0,2024-12-26,-0.03658870195595676,-0.03727485759295436,41.97995622062705
2024-12-27,95791.6,97544.58,93500.01,94299.03,26501.26429,2024-12-27 23:59:59.999,2528567849.7794614,5718866,12945.51657,1235623739.0578184,0,2024-12-27,-0.01558142885179914,-0.01570409519397809,36.47253278007544
2024-12-28,94299.03,95733.99,94135.66,95300.0,8385.8929,2024-12-28 23:59:59.999,794651624.8349556,2732061,4203.59876,398416342.12816703,0,2024-12-28,0.01061484937862045,0.010558907393903796,38.80467598683489
2024-12-29,95300.0,95340.0,93009.52,93738.2,13576.00578,2024-12-29 23:59:59.999,1278370863.9768472,2865838,5651.38589,532195414.1027413,0,2024-12-29,-0.01638824763903468,-0.016524020398176582,29.254312754224756
2024-12-30,93738.19,95024.5,91530.45,92792.05,27619.4225,2024-12-30 23:59:59.999,2573126059.769478,5560563,13092.19646,1220209278.2523272,0,2024-12-30,-0.010093537106537043,-0.010144822242994745,23.679585812786485
2024-12-31,92792.05,96250.0,92033.73,93576.0,19612.03389,2024-12-31 23:59:59.999,1845718801.922704,3347847,9687.96775,911716321.6054019,0,2024-12-31,0.008448460832582105,0.008412972329420844,25.76755046119409
2025-01-01,93576.0,95151.15,92888.0,94591.79,10373.32613,2025-01-01 23:59:59.999,975444194.1379983,1516556,5347.73648,502914035.6405907,0,2025-01-01,0.010855240659998211,0.010796745473918477,36.63570042663115
2025-01-02,94591.78,97839.5,94392.0,96984.79,21970.48948,2025-01-02 23:59:59.999,2118411852.6812797,3569079,10915.96986,1052226710.3336716,0,2025-01-02,0.025298178626284695,0.02498347626229524,48.84474990446974
2025-01-03,96984.79,98976.91,96100.01,98174.18,15253.82936,2025-01-03 23:59:59.999,1486610768.5907917,2851164,7468.60797,727787246.8965588,0,2025-01-03,0.012263675572221189,0.012189085912690157,50.857785436862464
2025-01-04,98174.17,98778.43,97514.79,98220.5,8990.05651,2025-01-04 23:59:59.999,881223751.6353604,1559982,4350.80221,426524714.1305539,0,2025-01-04,0.0004718144831972193,0.00047170321374159335,52.207942419574444
2025-01-05,98220.51,98836.85,97276.79,98363.61,8095.63723,2025-01-05 23:59:59.999,793931715.9546323,1685799,3877.90985,380355340.4686036,0,2025-01-05,0.0014570278098766654,0.001455967374787927,58.333359560805235
2025-01-06,98363.61,102480.0,97920.0,102235.6,25263.43375,2025-01-06 23:59:59.999,2540561688.777143,3853702,12539.59534,1260943259.4662561,0,2025-01-06,0.039364049367443865,0.03860903512357024,66.24779010541656
2025-01-07,102235.6,102724.38,96181.81,96954.61,32059.87537,2025-01-07 23:59:59.999,3170421659.717236,4480562,14815.11453,1464336049.7055345,0,2025-01-07,-0.05165509861535522,-0.05303702286757633,46.458834523757716
2025-01-08,96954.6,97268.65,92500.9,95060.61,33704.67894,2025-01-08 23:59:59.999,3205849081.112962,5171208,15803.85091,1503791328.6993084,0,2025-01-08,-0.01953491432743626,-0.019728242676769096,41.35128511606012
2025-01-09,95060.61,95382.32,91203.67,92552.49,34544.83685,2025-01-09 23:59:59.999,3217669887.245398,6027161,15323.62663,1427812152.272761,0,2025-01-09,-0.026384429891623817,-0.026738745131460816,43.2876950781556
2025-01-10,92552.49,95836.0,92206.02,94726.11,31482.86424,2025-01-10 23:59:59.999,2962085343.283704,5531444,15617.43823,1469711545.6571271,0,2025-01-10,0.02348526765730452,0.02321373193383758,50.860729084371926
2025-01-11,94726.1,95050.94,93831.73,94599.99,7047.9043,2025-01-11 23:59:59.999,665685994.93301,1496191,3412.37671,322346977.43545526,0,2025-01-11,-0.0013314174940783907,-0.0013323046178590012,48.53764568496744
2025-01-12,94599.99,95450.1,93711.19,94545.06,8606.86622,2025-01-12 23:59:59.999,813278829.6583949,1658863,4028.33031,380691769.9184427,0,2025-01-12,-0.0005806554525006336,-0.0005808240981644022,51.79882001901238
2025-01-13,94545.07,95940.0,89256.69,94536.1,42619.56423,2025-01-13 23:59:59.999,3930666134.3474574,5740963,19473.88042,1797888178.849608,0,2025-01-13,-9.476962625010188e-05,-9.477411717486941e-05,54.05776283149274
2025-01-14,94536.11,97371.0,94346.22,96560.86,27846.61753,2025-01-14 23:59:59.999,2676048470.3569503,4532923,14248.69616,1369464111.693496,0,2025-01-14,0.021417849900725594,0.021191710994825055,56.565586355257786
2025-01-15,96560.85,100681.94,96500.0,100497.35,30509.99179,2025-01-15 23:59:59.999,3006242382.8867946,3487945,15494.17873,1527728226.3083327,0,2025-01-15,0.04076693186038316,0.03995787586321273,61.51100507566723
2025-01-16,100497.35,100866.66,97335.13,99987.3,27832.85317,2025-01-16 23:59:59.999,2765162040.639799,3762755,13513.53707,1342462621.6273284,0,2025-01-16,-0.005075258203325772,-0.005088181069371945,56.31606072653916
2025-01-17,99987.3,105865.22,99950.77,104077.48,39171.85292,2025-01-17 23:59:59.999,4040993985.4750466,3886907,20673.213,2131223293.2048464,0,2025-01-17,0.04090699518838892,0.040092443843718385,61.067453478937104
2025-01-18,104077.47,104988.88,102277.55,104556.23,24307.82998,2025-01-18 23:59:59.999,2521522119.379525,3403162,11607.51274,1204170928.374812,0,2025-01-18,0.0045999384304846735,0.004589391046213007,61.68864592261772
2025-01-19,104556.23,106422.43,99651.6,101331.57,43397.28298,2025-01-19 23:59:59.999,4513423971.410252,5271920,21079.51082,2193270771.0019445,0,2025-01-19,-0.030841395103859304,-0.0313270015419219,54.91650769523339
2025-01-20,101331.57,109588.0,99550.0,102260.01,89529.231732,2025-01-20 23:59:59.999,9398787064.320717,11597937,44770.529492,4704453254.515383,0,2025-01-20,0.009162396279856155,0.009120676170877553,50.04480531804798
2025-01-21,102260.0,107240.81,100119.04,106143.82,45941.02002,2025-01-21 23:59:59.999,4768512258.156502,6842980,23227.02741,2411854258.5127187,0,2025-01-21,0.03797975376689289,0.03727627951194209,67.77899066242207
2025-01-22,106143.82,106394.46,103339.12,103706.66,22248.69254,2025-01-22 23:59:59.999,2331144640.658579,4364035,10501.59306,1100173331.9876585,0,2025-01-22,-0.022960922265658046,-0.023228630058235156,66.38375202048054
2025-01-23,103706.66,106850.0,101262.28,103910.34,53953.12031,2025-01-23 23:59:59.999,5610760848.131639,6961383,27045.92646,2813824950.5718837,0,2025-01-23,0.0019640011547956693,0.001962075026061362,73.581998877982
2025-01-24,103910.35,107120.0,102750.0,104870.5,23609.24017,2025-01-24 23:59:59.999,2483818574.373748,4798886,11893.4605,1251601023.3484685,0,2025-01-24,0.009240273874573157,0.009197843721146091,72.18017198592804
2025-01-25,104870.51,105286.52,104106.09,104746.85,9068.32377,2025-01-25 23:59:59.999,949511531.3578016,1770765,4462.60438,467284996.37609667,0,2025-01-25,-0.0011790732379457491,-0.0011797688916675218,72.18796904356225
2025-01-26,104746.86,105500.0,102520.44,102620.0,9812.51238,2025-01-26 23:59:59.999,1024352365.4715524,1813011,4642.17247,484871090.3361497,0,2025-01-26,-0.020304667873067395,-0.02051364123722352,66.19029096625178
2025-01-27,102620.01,103260.0,97777.77,102082.83,50758.1341,2025-01-27 23:59:59.999,5092886322.829244,9368910,23529.22433,2361569760.8418937,0,2025-01-27,-0.0052345546677060595,-0.005248302947392055,64.81737671018514
2025-01-28,102082.83,103800.0,100272.68,101335.52,22022.05765,2025-01-28 23:59:59.999,2253977324.036209,5428644,10756.64741,1101357650.2919877,0,2025-01-28,-0.0073206238502596666,-0.00734755111376838,59.869747266867215
2025-01-29,101335.52,104782.68,101328.01,103733.24,23155.35802,2025-01-29 23:59:59.999,2380383694.772136,5189699,11675.17182,1200636637.8143668,0,2025-01-29,0.023661199942527578,0.023385612440133215,57.143374339226455
2025-01-30,103733.25,106457.44,103278.54,104722.94,19374.07472,2025-01-30 23:59:59.999,2038112603.5126412,3990075,10140.92834,1066933244.9920208,0,2025-01-30,0.00954081835292131,0.009495592181071395,60.23734459065668
2025-01-31,104722.94,106012.0,101560.0,102429.56,21983.18193,2025-01-31 23:59:59.999,2282174002.1952176,4331904,10697.39968,1111485874.1292844,0,2025-01-31,-0.021899499765762886,-0.022142853251164527,46.13752575889115
2025-02-01,102429.56,102783.71,100279.51,100635.65,12290.95747,2025-02-01 23:59:59.999,1250354228.2372296,2588786,5625.89331,572540016.1490111,0,2025-02-01,-0.01751359666096397,-0.017668774175154188,41.34438086154823
2025-02-02,100635.66,101456.6,96150.0,97700.59,34619.49939,2025-02-02 23:59:59.999,3412084312.583628,7202339,15587.16669,1536076091.303013,0,2025-02-02,-0.029165211334154395,-0.029598970722466058,41.8799087574917
2025-02-03,97700.59,102500.01,91231.0,101328.52,75164.7385,2025-02-03 23:59:59.999,7228589180.71162,10625262,36736.56946,3537845694.481266,0,2025-02-03,0.03713314320824468,0.03646031368487303,48.141294279674476
2025-02-04,101328.51,101732.31,96150.0,97763.13,40267.98697,2025-02-04 23:59:59.999,3989698644.2649302,6618911,19091.58154,1891457194.3598328,0,2025-02-04,-0.03518644109279401,-0.03582039951426249,33.061832963001436
2025-02-05,97763.14,99149.0,96155.0,96612.43,26233.30444,2025-02-05 23:59:59.999,2562342153.829685,4471763,11032.55174,1078316288.1425588,0,2025-02-05,-0.011770285996367091,-0.011840104206887518,34.87539339971114
2025-02-06,96612.44,99120.0,95676.64,96554.35,23515.20405,2025-02-06 23:59:59.999,2289071921.21756,4242807,11261.53049,1096611639.3760087,0,2025-02-06,-0.0006011648811647952,-0.0006013456532248081,34.21936147107675
2025-02-07,96554.35,100137.99,95620.34,96506.8,31794.22065,2025-02-07 23:59:59.999,3107592434.6738343,5012456,15249.3537,1491114588.559852,0,2025-02-07,-0.0004924687494659574,-0.0004925900520273397,31.326358375308132
2025-02-08,96506.8,96880.0,95688.0,96444.74,10147.24294,2025-02-08 23:59:59.999,977040267.5158632,1757892,4450.52682,428452764.9047411,0,2025-02-08,-0.0006430634939713631,-0.0006432703479849328,31.41275101521036
2025-02-09,96444.75,97323.09,94713.0,96462.75,14120.91613,2025-02-09 23:59:59.999,1359495152.3107975,2293192,6663.72875,641795598.1752762,0,2025-02-09,0.00018673905907151678,0.00018672162550374357,34.77734589202814
2025-02-10,96462.75,98345.0,95256.0,97430.82,20572.87537,2025-02-10 23:59:59.999,1999112052.6687863,3475919,9607.62329,933665618.5050192,0,2025-02-10,0.010035687350816946,0.009985664239646478,38.73870907926316
2025-02-11,97430.82,98478.42,94876.88,95778.2,18647.76379,2025-02-11 23:59:59.999,1806534846.3863196,3716586,8594.50066,832320054.8763715,0,2025-02-11,-0.016961983897908373,-0.017107486030289196,37.11207420346212
2025-02-12,95778.21,98119.99,94088.23,97869.99,29151.16625,2025-02-12 23:59:59.999,2800142168.394366,4992737,13820.70553,1328044257.0401335,0,2025-02-12,0.021839938524633062,0.021604863590941464,36.20687627180449
2025-02-13,97870.0,98083.91,95217.36,96608.14,19921.77616,2025-02-13 23:59:59.999,1916988246.3921185,3909456,8852.16215,851823567.0939348,0,2025-02-13,-0.0128931248485874,-0.012976962582638805,31.15151627768695
2025-02-14,96608.13,98826.0,96252.82,97500.48,18173.02646,2025-02-14 23:59:59.999,1768073218.8690155,3499564,9061.31682,881925349.6444213,0,2025-02-14,0.009236695789816451,0.009194298389878524,37.754057567169
2025-02-15,97500.47,97972.26,97223.58,97569.66,7349.37683,2025-02-15 23:59:59.999,717245393.778092,1694327,3579.14202,349322778.2339769,0,2025-02-15,0.0007095349684433927,0.0007092833675137415,41.66879068814495
2025-02-16,97569.67,97704.47,96046.18,96118.12,8191.4249,2025-02-16 23:59:59.999,794694242.2949731,1596701,3719.73063,360842416.66441673,0,2025-02-16,-0.014876960727340904,-0.014988732643856638,45.32287134149983
2025-02-17,96118.12,97046.59,95205.0,95780.0,16492.0451,2025-02-17 23:59:59.999,1584593526.1754677,2831237,8010.41565,769979077.1361973,0,2025-02-17,-0.0035177550289164916,-0.0035239568777999416,29.641895313084802
2025-02-18,95780.01,96753.91,93388.09,95671.74,23368.19471,2025-02-18 23:59:59.999,2223994802.892005,4234248,11432.47367,1088319233.5219896,0,2025-02-18,-0.0011302986009604776,-0.001130937870179614,39.718018479533804
2025-02-19,95671.74,96899.99,95029.99,96644.37,16438.50954,2025-02-19 23:59:59.999,1576817572.1032505,2784225,7173.61807,688586919.9759259,0,2025-02-19,0.01016632497746972,0.010114995490717066,50.159826262747586
2025-02-20,96644.37,98711.36,96415.09,98305.0,17057.39177,2025-02-20 23:59:59.999,1663386824.7315507,2386973,8356.42859,815056614.173827,0,2025-02-20,0.017182894357943512,0.017036938024453396,57.549387001763705
2025-02-21,98305.01,99475.0,94871.95,96181.98,32249.2814,2025-02-21 23:59:59.999,3143975917.573464,4528525,15313.58184,1493403646.8483028,0,2025-02-21,-0.02159625654849706,-0.021832868521335577,48.81193435024709
2025-02-22,96181.99,96980.0,95770.49,96551.01,11268.17708,2025-02-22 23:59:59.999,1087077133.8226364,1506418,5293.28051,510722895.1675426,0,2025-02-22,0.0038367893861199764,0.0038294476827775473,50.380157815396444
2025-02-23,96551.01,96650.0,95227.94,96258.0,10884.84913,2025-02-23 23:59:59.999,1044392011.791024,1457368,4619.93267,443381984.4110255,0,2025-02-23,-0.003034768875022631,-0.0030393831239023624,49.2816843003377
2025-02-24,96258.0,96500.0,91349.26,91552.88,31550.10299,2025-02-24 23:59:59.999,2981809595.445377,4972684,14438.63366,1366473567.8747733,0,2025-02-24,-0.04888030085811046,-0.05011535775172125,33.66253194983196
2025-02-25,91552.88,92540.69,86050.99,88680.4,78333.11111,2025-02-25 23:59:59.999,6962982500.904473,10289145,35822.15275,3183981371.4750504,0,2025-02-25,-0.0313750916410277,-0.03187783350742482,31.524806080483117
2025-02-26,88680.39,89414.15,82256.01,84250.09,56893.54409,2025-02-26 23:59:59.999,4898429925.636476,8490006,28077.1845,2417690848.8189874,0,2025-02-26,-0.04995816437454048,-0.05124925785668909,18.395666879529514
2025-02-27,84250.09,87078.46,82716.49,84708.58,42505.45439,2025-02-27 23:59:59.999,3618738891.2221622,6357581,20355.71969,1732725913.2817628,0,2025-02-27,0.005442011990729023,0.005427257747781736,21.318289099197088
2025-02-28,84708.57,85120.0,78258.52,84349.94,83648.03969,2025-02-28 23:59:59.999,6806705236.690679,11344216,40224.85287,3274291175.8103995,0,2025-02-28,-0.0042338096093689215,-0.004242797559089215,17.466005226996344
2025-03-01,84349.95,86558.0,83824.78,86064.53,25785.05464,2025-03-01 23:59:59.999,2194003507.852643,3700728,11748.10769,1000093822.5383524,0,2025-03-01,0.02032710396711601,0.020123266049919198,23.679542383808084
2025-03-02,86064.54,95000.0,85050.6,94270.0,54889.09045,2025-03-02 23:59:59.999,4972549515.788669,7403218,29273.81031,2652973441.154539,0,2025-03-02,0.09534090292481712,0.09106564168828868,46.77012771847409
2025-03-03,94269.99,94416.46,85117.11,86220.61,59171.10218,2025-03-03 23:59:59.999,5321123743.471923,9797860,27915.4365,2513464571.356911,0,2025-03-03,-0.08538654927336375,-0.08925376118948612,36.840434491605
2025-03-04,86221.16,88967.52,81500.0,87281.98,55609.10706,2025-03-04 23:59:59.999,4704901219.590435,10326631,27584.7159,2335087296.239287,0,2025-03-04,0.012309933784973248,0.01223478265846054,38.74588253852934
2025-03-05,87281.98,91000.0,86334.53,90606.01,38264.01163,2025-03-05 23:59:59.999,3400243670.3049755,8070266,19230.28436,1709708737.4698937,0,2025-03-05,0.038083806073143656,0.03737651951263447,42.38072982149409
2025-03-06,90606.0,92810.64,87836.0,89931.89,34342.44902,2025-03-06 23:59:59.999,3105145628.3993993,7643526,17283.99411,1563426526.4289935,0,2025-03-06,-0.007440124556858829,-0.007467940338037054,39.16496955025056
2025-03-07,89931.88,91283.02,84667.03,86801.75,57980.35713,2025-03-07 23:59:59.999,5097554826.613157,9510442,28394.41537,2497922400.4504447,0,2025-03-07,-0.034805673493573885,-0.035425823298239754,38.17007384568354
2025-03-08,86801.74,86897.25,85218.47,86222.45,12989.23054,2025-03-08 23:59:59.999,1119358968.6520057,2553974,6491.56581,559581591.3470743,0,2025-03-08,-0.006673828580645025,-0.006696198157303769,37.04280309892047
2025-03-09,86222.46,86500.0,80000.0,80734.37,26115.39345,2025-03-09 23:59:59.999,2173552660.454479,5189138,12093.87232,1006299692.7104127,0,2025-03-09,-0.0636502442229373,-0.06576620160006473,32.771251054070746
2025-03-10,80734.48,84123.46,77459.91,78595.86,47633.38405,2025-03-10 23:59:59.999,3834924947.7581863,8701538,22898.57072,1846606255.3521488,0,2025-03-10,-0.026488223045525672,-0.026845356703792466,34.75103636772765
2025-03-11,78595.86,83617.4,76606.0,82932.99,48770.06853,2025-03-11 23:59:59.999,3927000827.110792,6983310,24029.1677,1935950413.2018192,0,2025-03-11,0.055182677560879245,0.053713906024732805,43.461358097474005
2025-03-12,82932.99,84539.85,80607.65,83680.12,31933.986,2025-03-12 23:59:59.999,2638600996.825396,5253577,15749.41702,1301890518.499408,0,2025-03-12,0.009008839546240877,0.008968502033038601,49.292250931856564
2025-03-13,83680.12,84336.33,79939.9,81115.78,27546.27412,2025-03-13 23:59:59.999,2260870111.2393894,4367093,13013.18135,1067945431.1219468,0,2025-03-13,-0.030644554525017353,-0.03112391755655611,45.76043182989617
2025-03-14,81115.78,85309.71,80818.84,83983.2,26858.52755,2025-03-14 23:59:59.999,2244729595.5411716,3290987,14082.88688,1177807467.01818,0,2025-03-14,0.03534971863674374,0.034739262047201416,49.59143085428985
2025-03-15,83983.19,84676.28,83618.0,84338.44,11324.7332,2025-03-15 23:59:59.999,953445671.8337504,1329670,5195.29128,437551330.253166,0,2025-03-15,0.004229893597767154,0.004220972745167093,48.01697637062181
2025-03-16,84338.44,85117.04,81981.12,82574.53,17596.12531,2025-03-16 23:59:59.999,1468056556.2967227,2767947,8505.95317,710037465.075748,0,2025-03-16,-0.020914662400679962,-0.021136472120496245,34.22945616935871
2025-03-17,82574.52,84756.83,82456.0,84010.03,17214.74358,2025-03-17 23:59:59.999,1437716814.046874,3014756,8387.89111,700505421.7877294,0,2025-03-17,0.017384295133135996,0.017234917011719673,46.37208029089266
2025-03-18,84010.02,84021.74,81134.66,82715.03,17610.89883,2025-03-18 23:59:59.999,1450813055.479726,3126371,8047.23418,662808749.3427887,0,2025-03-18,-0.015414826063030795,-0.015534869726955195,42.56193434169874
2025-03-19,82715.03,87000.0,82547.16,86845.94,28151.05374,2025-03-19 23:59:59.999,2375813941.9437623,3774761,13804.24847,1166238970.2811463,0,2025-03-19,0.04994146771149088,0.04873441757894435,44.03290979419319
2025-03-20,86845.93,87453.67,83655.23,84223.39,22090.30463,2025-03-20 23:59:59.999,1885241921.155652,3252595,10163.59262,867440339.2962606,0,2025-03-20,-0.030197727147636355,-0.030663070683642123,41.46843117773163
2025-03-21,84223.38,84850.33,83175.25,84088.79,11956.97443,2025-03-21 23:59:59.999,1005135519.2560016,2360005,5466.41961,459501348.0817583,0,2025-03-21,-0.0015981308755205204,-0.0015994092488549737,45.54662861847915
2025-03-22,84088.79,84539.17,83625.1,83840.59,5420.22114,2025-03-22 23:59:59.999,456235443.80165213,864481,2284.19178,192291026.7874248,0,2025-03-22,-0.0029516419489445944,-0.00295600663481781,46.04716726875399
2025-03-23,83840.59,86129.64,83809.75,86082.5,8461.97813,2025-03-23 23:59:59.999,718692319.1499039,1206533,4424.81013,376007261.5213597,0,2025-03-23,0.02674015056430301,0.026388880980959678,59.94728883449551
2025-03-24,86082.5,88765.43,85519.09,87498.16,30115.62111,2025-03-24 23:59:59.999,2636765917.9518437,2916713,14379.95578,1258638667.112904,0,2025-03-24,0.01644538669299811,0.01631162582836565,67.01542460673943
2025-03-25,87498.16,88539.63,86310.0,87392.87,22643.25248,2025-03-25 23:59:59.999,1979571590.8982935,2802815,9440.56294,825308072.6337814,0,2025-03-25,-0.0012033395902268929,-0.0012040641846587025,60.1695301733062
2025-03-26,87392.88,88275.0,85860.0,86909.17,18408.78485,2025-03-26 23:59:59.999,1606406955.5864632,2380154,8590.97753,749604853.2968135,0,2025-03-26,-0.005534776464029556,-0.005550150091920325,57.45249196486558
2025-03-27,86909.17,87756.39,85800.0,87232.01,17098.03897,2025-03-27 23:59:59.999,1487968807.7079022,2376381,8185.05517,712324893.2889168,0,2025-03-27,0.003714682811951864,0.0037078004164337397,65.74503172314084
2025-03-28,87232.01,87515.67,83585.0,84424.38,27182.73169,2025-03-28 23:59:59.999,2309946560.6641135,3236085,11274.83736,958523321.8112733,0,2025-03-28,-0.0321857767578666,-0.0327151282624945,51.13923815288383
2025-03-29,84424.38,84624.73,81644.81,82648.54,11696.39864,2025-03-29 23:59:59.999,970199917.9868717,2172387,5621.60485,466215575.48490685,0,2025-03-29,-0.02103468216171689,-0.02125906318917359,45.9345231851744
2025-03-30,82648.53,83534.64,81565.0,82389.99,9864.49508,2025-03-30 23:59:59.999,816584795.5288126,1907663,4725.07105,391214080.11011606,0,2025-03-30,-0.0031283069247198814,-0.003133210305684936,49.5213759805127
2025-03-31,82390.0,83943.08,81278.52,82550.01,20569.13885,2025-03-31 23:59:59.999,1696009191.0809648,3964358,9912.88184,817875871.1107411,0,2025-03-31,0.0019422262340362817,0.0019403425512951966,45.94499713931798
2025-04-01,82550.0,85579.46,82432.74,85158.34,20190.39697,2025-04-01 23:59:59.999,1698895702.5754683,3328693,10246.42648,862302772.4330863,0,2025-04-01,0.031596967704788925,0.031108055610873073,56.3245656586783
2025-04-02,85158.35,88500.0,82320.0,82516.29,39931.457,2025-04-02 23:59:59.999,3417279759.830764,5338238,20739.67809,1777735583.840748,0,2025-04-02,-0.0310251468030025,-0.031516618721199686,37.856597541842
2025-04-03,82516.28,83998.02,81211.24,83213.09,27337.84135,2025-04-03 23:59:59.999,2259299724.8643928,4117486,13951.52792,1153439398.6198013,0,2025-04-03,0.008444393222235336,0.008408938788086611,46.823239685512355
2025-04-04,83213.09,84720.0,81659.0,83889.87,32915.53976,2025-04-04 23:59:59.999,2739842666.426737,4992586,15896.18779,1323832046.264688,0,2025-04-04,0.00813309540602325,0.008100200026060092,49.39514461553431
2025-04-05,83889.87,84266.0,82379.95,83537.99,9360.40468,2025-04-05 23:59:59.999,779626577.9013437,1575750,4029.64658,335654613.7277184,0,2025-04-05,-0.004194546969735313,-0.004203368759459135,49.08565033044708
2025-04-06,83537.99,83817.63,77153.83,78430.0,27942.71436,2025-04-06 23:59:59.999,2239085051.1529646,3948493,12493.8449,1001459573.494466,0,2025-04-06,-0.061145713465215135,-0.06309499122461922,30.29063490297402
2025-04-07,78430.0,81243.58,74508.0,79163.24,78387.53089,2025-04-07 23:59:59.999,6084614024.150647,9736596,39075.84274,3034375055.6843963,0,2025-04-07,0.009348973607038236,0.00930554243469642,27.750929745116892
2025-04-08,79163.24,80867.99,76239.9,76322.42,35317.32063,2025-04-08 23:59:59.999,2775277777.102461,5512751,15704.73031,1235370767.1153505,0,2025-04-08,-0.03588559538492875,-0.036545314426559464,24.21455413954878
2025-04-09,76322.42,83588.0,74620.0,82615.22,75488.28772,2025-04-09 23:59:59.999,5980231256.222496,7741252,39491.62958,3137004042.959261,0,2025-04-09,0.0824502158081466,0.0792271898213657,42.12857879780332
2025-04-10,82615.22,82753.21,78464.36,79607.3,33284.80718,2025-04-10 23:59:59.999,2690294353.847842,4529545,16339.9191,1321475356.0200849,0,2025-04-10,-0.036408787630172745,-0.03708812786599812,37.275459644567135
2025-04-11,79607.3,84300.0,78969.58,83423.84,34435.43797,2025-04-11 23:59:59.999,2830363945.1787524,4423157,18019.58367,1482515278.9177043,0,2025-04-11,0.047942085713244875,0.04682832264786211,48.384639626781905
2025-04-12,83423.83,85905.0,82792.95,85276.9,18470.74437,2025-04-12 23:59:59.999,1557403252.9267516,2501196,9526.72644,803747272.783468,0,2025-04-12,0.022212595344448305,0.02196948907660708,54.232902735807066
2025-04-13,85276.91,86100.0,83034.23,83760.0,24680.04181,2025-04-13 23:59:59.999,2086106375.4392552,3275879,11658.67909,986303246.0931836,0,2025-04-13,-0.017787935537056265,-0.01794804235026729,52.12042174106713
2025-04-14,83760.0,85799.99,83678.0,84591.58,28659.09348,2025-04-14 23:59:59.999,2429132805.0815287,3921522,15196.58929,1288815999.1406171,0,2025-04-14,0.009928127984718316,0.009879167909975919,53.09547440934794
2025-04-15,84591.58,86496.42,83600.0,83643.99,20910.99528,2025-04-15 23:59:59.999,1780972414.3956008,2910533,10439.36072,889895753.1673651,0,2025-04-15,-0.011201942320973268,-0.01126515660201265,47.582142646159554
2025-04-16,83643.99,85500.0,83111.64,84030.38,20867.24519,2025-04-16 23:59:59.999,1753910031.2009242,3264730,10456.769,878939829.4848368,0,2025-04-16,0.004619459210398746,0.0046088222541115645,52.60508411994515
2025-04-17,84030.38,85470.01,83736.26,84947.91,13728.84772,2025-04-17 23:59:59.999,1161659427.386263,2003405,6424.41565,543726754.4187016,0,2025-04-17,0.010919027142326287,0.010859844983458261,52.962362649935024
2025-04-18,84947.92,85132.08,84303.96,84474.69,6529.96315,2025-04-18 23:59:59.999,552648483.6474872,840009,2911.78856,246467088.2621466,0,2025-04-18,-0.005570707978571843,-0.005586282238964962,51.005624287678515
2025-04-19,84474.7,85677.99,84364.45,85077.01,9666.58153,2025-04-19 23:59:59.999,823222752.2842493,875226,5416.30087,461342923.999082,0,2025-04-19,0.007130183016948566,0.0071048834511910006,52.623815547652555
2025-04-20,85077.0,85320.76,83949.52,85179.24,8091.67725,2025-04-20 23:59:59.999,685253644.8918362,944130,3843.48314,325482835.7378329,0,2025-04-20,0.0012016172171542827,0.001200895852997235,63.87468372437623
2025-04-21,85179.24,88465.99,85144.76,87516.23,31773.37262,2025-04-21 23:59:59.999,2773299591.467066,3041395,17216.39877,1502705225.134135,0,2025-04-21,0.02743614523914495,0.027066519704468342,66.10936018011338
2025-04-22,87516.22,93888.0,87076.03,93442.99,43872.74705,2025-04-22 23:59:59.999,3967785064.1281705,3268475,22777.77047,2062639579.2030857,0,2025-04-22,0.0677218385664009,0.06552725583428472,79.50618764828005
2025-04-23,93442.99,94696.05,91935.41,93691.08,27404.16808,2025-04-23 23:59:59.999,2560279933.947952,3016536,13128.05774,1226992558.5765462,0,2025-04-23,0.0026549878166355345,0.0026514695623879032,74.11242680841136
2025-04-24,93691.07,94005.0,91660.01,93980.47,19497.06071,2025-04-24 23:59:59.999,1811120137.314679,2797383,8565.18128,795787487.3608981,0,2025-04-24,0.0030887678955136,0.0030840074520417163,85.49177992146616
2025-04-25,93980.47,95758.04,92855.96,94638.68,27500.66648,2025-04-25 23:59:59.999,2596877713.640173,3331828,13072.22136,1234153095.7292683,0,2025-04-25,0.007003689170739236,0.006979277255771385,82.81061844582823
2025-04-26,94638.68,95199.0,93870.69,94628.0,9415.06875,2025-04-26 23:59:59.999,889627361.8414446,1475983,4156.22463,392757114.43835795,0,2025-04-26,-0.0001128502637609552,-0.00011285663183106742,80.66360700635111
2025-04-27,94628.0,95369.0,93602.58,93749.3,11162.841,2025-04-27 23:59:59.999,1052334792.1866188,1918160,5250.08719,495112239.1081697,0,2025-04-27,-0.009285835059390402,-0.009329217194183042,84.18726488191398
2025-04-28,93749.29,95630.0,92800.01,95011.18,22157.53351,2025-04-28 23:59:59.999,2092532996.5551715,3424740,11626.77592,1098667305.239998,0,2025-04-28,0.013460153835815225,0.013370370730845774,84.63967372297043
2025-04-29,95011.18,95461.53,93742.54,94256.82,16955.3402,2025-04-29 23:59:59.999,1607154803.4675477,3020875,7112.68469,674688527.813066,0,2025-04-29,-0.007939697201950202,-0.007971384433910092,85.74125650394879
2025-04-30,94256.82,95228.45,92910.0,94172.0,17661.2751,2025-04-30 23:59:59.999,1664825670.9831252,3214149,8393.2162,791272380.0312446,0,2025-04-30,-0.0008998818334843284,-0.0009002869702098006,84.86247677924928
2025-05-01,94172.0,97424.02,94130.43,96489.91,21380.45343,2025-05-01 23:59:59.999,2053857614.2732673,2925716,10925.87308,1049157198.8587636,0,2025-05-01,0.024613579407891883,0.024315545810009744,86.19189291564555
2025-05-02,96489.9,97895.68,96350.0,96887.14,14905.74811,2025-05-02 23:59:59.999,1446387651.5840576,2698263,7440.33531,722022817.2246199,0,2025-05-02,0.004116803508263045,0.004108352658419524,89.10770739219785
2025-05-03,96887.13,96935.67,95753.01,95856.42,9723.34838,2025-05-03 23:59:59.999,935906144.9651498,1181239,3929.4049,378271292.4443145,0,2025-05-03,-0.010638357164841517,-0.01069534904680462,83.06979335463257
2025-05-04,95856.42,96304.48,94151.38,94277.62,11036.38342,2025-05-04 23:59:59.999,1053542403.8531588,1674726,4385.33486,418573470.8569623,0,2025-05-04,-0.016470466975503584,-0.016607613109211234,75.59385503084752
2025-05-05,94277.61,95199.0,93514.1,94733.68,17251.18189,2025-05-05 23:59:59.999,1626999380.1759968,2623300,8399.64855,792299650.3395202,0,2025-05-05,0.0048374152847727725,0.004825752587870044,72.70550869185796
2025-05-06,94733.68,96920.65,93377.0,96834.02,16122.64513,2025-05-06 23:59:59.999,1526847764.5636683,2512960,7505.95734,711372483.6117135,0,2025-05-06,0.022170995574119168,0.021928792437757434,64.05061990405392
2025-05-07,96834.02,97732.0,95784.61,97030.5,16644.83854,2025-05-07 23:59:59.999,1611730124.5924544,2849139,8316.74471,805430612.4055353,0,2025-05-07,0.0020290389679165077,0.0020269832486365163,63.89620808983006
2025-05-08,97030.5,104145.76,96876.29,103261.6,34962.02847,2025-05-08 23:59:59.999,3508645830.5650144,4991147,18547.23009,1861334478.364427,0,2025-05-08,0.06421795208723036,0.06224021212940302,75.84223454652683
2025-05-09,103261.61,104361.3,102315.14,102971.99,27617.39907,2025-05-09 23:59:59.999,2847518447.981513,4406929,14525.20381,1497826622.326188,0,2025-05-09,-0.002804624371499198,-0.002808564699583071,73.68939926737016
2025-05-10,102971.99,104984.57,102818.76,104809.53,15324.78611,2025-05-10 23:59:59.999,1588386278.502415,2227845,8258.23478,856095289.5216646,0,2025-05-10,0.017845046988020696,0.017687693367897713,76.22004012247916
2025-05-11,104809.53,104972.0,103345.06,104118.0,17987.12197,2025-05-11 23:59:59.999,1873381777.2124257,3100176,9071.95578,944903285.107308,0,2025-05-11,-0.006597968715249425,-0.0066198315306769204,76.96196975512238
2025-05-12,104118.0,105819.45,100718.37,102791.32,31272.77792,2025-05-12 23:59:59.999,3242348937.383069,5298407,16455.99797,1707457796.5881395,0,2025-05-12,-0.01274208110028996,-0.012823957677924932,70.16292803985661
2025-05-13,102791.32,104976.25,101429.7,104103.72,21253.42409,2025-05-13 23:59:59.999,2197244118.1523666,3703531,10705.97845,1106609664.707795,0,2025-05-13,0.012767615008738131,0.012686796194268246,74.80175021988572
2025-05-14,104103.72,104356.95,102602.05,103507.82,16452.9081,2025-05-14 23:59:59.999,1704708279.3884108,3025221,8026.03333,831783471.654361,0,2025-05-14,-0.005724099004339123,-0.005740544445962826,72.92427672708882
2025-05-15,103507.83,104192.7,101383.07,103763.71,17998.98604,2025-05-15 23:59:59.999,1850183474.5292037,4139477,8475.18036,871244345.564136,0,2025-05-15,0.0024721803627976158,0.0024691295519930546,69.8734664169073
2025-05-16,103763.71,104550.33,103100.49,103463.9,15683.88024,2025-05-16 23:59:59.999,1628832372.324148,3237442,7555.15801,784850382.1942747,0,2025-05-16,-0.002889353127408567,-0.0028935353660749547,68.06518316352484
2025-05-17,103463.9,103709.86,102612.5,103126.65,11250.89622,2025-05-17 23:59:59.999,1160418362.950618,2568597,5335.11525,550379728.7338501,0,2025-05-17,-0.00325959102643536,-0.0032649150658740724,70.76094598384066
2025-05-18,103126.65,106660.0,103105.09,106454.26,21599.98726,2025-05-18 23:59:59.999,2262214972.0749383,3193300,11664.89904,1221914552.0552013,0,2025-05-18,0.0322672170578604,0.03175756480007516,81.61416954855594
2025-05-19,106454.27,107108.62,102000.0,105573.74,30260.03524,2025-05-19 23:59:59.999,3150324504.595452,4881371,14208.309,1480452895.0841563,0,2025-05-19,-0.008271345834351629,-0.00830574322175089,77.53708086203801
2025-05-20,105573.73,107320.0,104184.72,106849.99,23705.48275,2025-05-20 23:59:59.999,2509102444.6695986,3878351,12350.46275,1307273652.3895233,0,2025-05-20,0.012088706907607882,0.012016222070838009,76.55548644462442
2025-05-21,106850.0,110797.38,106100.01,109643.99,45531.040345,2025-05-21 23:59:59.999,4914709514.320027,6835279,23661.649395,2555528481.098726,0,2025-05-21,0.02614880918566298,0.025812774424210004,79.39372923957724
2025-05-22,109643.99,111980.0,109177.37,111696.21,31630.77313,2025-05-22 23:59:59.999,3509432834.573417,5794216,16584.56293,1840083098.582786,0,2025-05-22,0.018717122570968137,0.018544112729196732,74.40964137149462
2025-05-23,111696.22,111800.0,106800.0,107318.3,31737.72309,2025-05-23 23:59:59.999,3469704446.3904047,5251192,14309.31652,1565622441.187517,0,2025-05-23,-0.03919479452346686,-0.03998359037453153,60.171322846962234
2025-05-24,107318.3,109506.03,106875.41,107761.91,16782.53129,2025-05-24 23:59:59.999,1819958819.7748585,2805418,8786.90747,953683093.321657,0,2025-05-24,0.004133591381898505,0.004125071563271793,57.391453255075476
2025-05-25,107761.9,109299.99,106600.64,109004.19,17710.04695,2025-05-25 23:59:59.999,1904366455.425858,3151168,7867.16712,846688135.0097136,0,2025-05-25,0.011528006509906819,0.011462065339148519,61.90456931547247
2025-05-26,109004.2,110422.22,108670.58,109434.79,14649.11593,2025-05-26 23:59:59.999,1605578282.1079032,2887863,7301.11288,800269021.1922797,0,2025-05-26,0.003950306864350717,0.003942524889582682,66.92496019361822
2025-05-27,109434.78,110718.0,107516.57,108938.17,21276.65635,2025-05-27 23:59:59.999,2327603851.119265,3735509,9969.89271,1090553624.461599,0,2025-05-27,-0.004538044985511469,-0.004548373170012511,62.850423195167366
2025-05-28,108938.17,109284.7,106769.43,107781.78,15633.78829,2025-05-28 23:59:59.999,1689136748.5130312,2933262,6877.27341,743282966.7207197,0,2025-05-28,-0.010615103962183348,-0.0106718460844975,61.03187451731869
2025-05-29,107781.78,108891.91,105322.86,105589.75,19834.70116,2025-05-29 23:59:59.999,2128639017.5081615,3774926,9457.49356,1015173771.5489898,0,2025-05-29,-0.02033766746104948,-0.02054732532520838,54.28505052306507
2025-05-30,105589.75,106313.12,103621.0,103985.48,23706.49799,2025-05-30 23:59:59.999,2493078549.591861,4307572,11070.98746,1164158558.6435854,0,2025-05-30,-0.015193425498213675,-0.015310028157546413,51.15334811043555
2025-05-31,103985.47,104900.0,103068.55,104591.88,11289.35922,2025-05-31 23:59:59.999,1174000801.507038,2343787,5278.95175,548980630.8493577,0,2025-05-31,0.005831583409529939,0.00581464554481119,53.201889277037324
2025-06-01,104591.88,105866.91,103752.49,105642.93,9709.70006,2025-06-01 23:59:59.999,1016188486.9505996,1939359,4640.3507,485683466.9347843,0,2025-06-01,0.0100490592577549,0.00999890319604234,48.03114906463018
2025-06-02,105642.93,105935.63,103659.88,105857.99,13453.98813,2025-06-02 23:59:59.999,1409004206.9863732,2997656,6494.65497,680177826.6144172,0,2025-06-02,0.0020357254385126033,0.002033656157331761,50.712810119421086
2025-06-03,105858.0,106794.67,104872.5,105376.89,13259.52634,2025-06-03 23:59:59.999,1402493746.5993218,2470698,6260.22436,662160926.8241225,0,2025-06-03,-0.004544767948078454,-0.004555126803574655,46.15248799333873
2025-06-04,105376.9,106000.0,104179.0,104696.86,14034.89482,2025-06-04 23:59:59.999,1476928482.368878,2274464,6979.9491,734803757.4185839,0,2025-06-04,-0.00645331248625769,-0.00647422512636591,35.474882806788415
2025-06-05,104696.86,105909.71,100372.26,101508.68,22321.50154,2025-06-05 23:59:59.999,2301567892.5305448,3963295,10005.36019,1031668517.0427113,0,2025-06-05,-0.030451534076571196,-0.030924814911036578,21.95917212434759
2025-06-06,101508.69,105333.0,101095.8,104288.44,15839.07385,2025-06-06 23:59:59.999,1642382404.9355752,2709327,7655.60679,793575821.4357933,0,2025-06-06,0.027384456186406947,0.027016209665029333,40.855947047752885
2025-06-07,104288.43,105900.0,103871.09,105552.15,8344.93206,2025-06-07 23:59:59.999,877915380.954823,1402494,3970.01912,417664199.1912712,0,2025-06-07,0.012117450409652175,0.012044621848145592,43.645542654829775
2025-06-08,105552.15,106488.14,104964.14,105734.0,8048.06305,2025-06-08 23:59:59.999,850887129.4282976,1295154,4361.42266,461098506.088324,0,2025-06-08,0.0017228450581063814,0.0017213626629398297,39.985361715680426
2025-06-09,105734.01,110530.17,105318.37,110263.02,19975.37451,2025-06-09 23:59:59.999,2154922022.221173,2839846,10623.88217,1146790065.5135615,0,2025-06-09,0.042834093101556725,0.0419420963494116,52.02744416652348
2025-06-10,110263.02,110400.0,108331.03,110274.39,17071.82839,2025-06-10 23:59:59.999,1867620550.1921728,3003420,8009.29581,876411274.3969488,0,2025-06-10,0.00010311707406529536,0.00010311175786527098,53.350564838301686
2025-06-11,110274.39,110392.01,108064.0,108645.12,13115.91638,2025-06-11 23:59:59.999,1434884639.7506304,2667014,6030.96867,659947218.0033869,0,2025-06-11,-0.014774690660270262,-0.01488492352072924,52.11467146097358
2025-06-12,108645.13,108813.55,105671.72,105671.73,17778.67218,2025-06-12 23:59:59.999,1908309274.0868344,3517420,8291.22648,890420511.4704415,0,2025-06-12,-0.027367911232460296,-0.027749388787279217,50.193399595932135
2025-06-13,105671.74,106179.53,102664.31,106066.59,26180.81734,2025-06-13 23:59:59.999,2735461890.6929703,5452577,12793.70705,1337300355.9952192,0,2025-06-13,0.003736666372359032,0.0037297023772628075,55.206666983570216
2025-06-14,106066.59,106252.0,104300.0,105414.64,8798.93969,2025-06-14 23:59:59.999,925568614.1784064,1521776,3848.55498,405001275.9262716,0,2025-06-14,-0.0061466103511010894,-0.0061655785271072,52.05375775064151
2025-06-15,105414.63,106128.57,104494.53,105594.01,7164.20047,2025-06-15 23:59:59.999,754596887.8748003,1564768,3356.46912,353608577.6853774,0,2025-06-15,0.0017015663099546607,0.0017001202861056666,49.872331008219675
2025-06-16,105594.02,108952.38,104980.37,106794.53,14922.6654,2025-06-16 23:59:59.999,1599849840.7325244,2928998,7442.34921,797865030.1366178,0,2025-06-16,0.011369205507016922,0.011305061807508105,52.3245689368449
2025-06-17,106794.53,107771.34,103371.02,104551.17,17866.33025,2025-06-17 23:59:59.999,1883173484.8991,3723010,8082.6529,852365443.211356,0,2025-06-17,-0.02100631933114927,-0.02123009135616664,48.11536593471203
2025-06-18,104551.17,105550.27,103500.0,104886.78,13968.64167,2025-06-18 23:59:59.999,1461383024.362209,3468170,6656.31474,696386846.6904296,0,2025-06-18,0.0032100071190022117,0.0032048660451346727,50.44039992171492
2025-06-19,104886.79,105226.17,103929.27,104658.59,7678.60737,2025-06-19 23:59:59.999,803402575.962045,1718045,3583.19736,374871407.41073346,0,2025-06-19,-0.002175583996381625,-0.0021779540173212956,58.46648493218286
2025-06-20,104658.59,106524.65,102345.0,103297.99,16419.06283,2025-06-20 23:59:59.999,1714411911.0114017,3029404,7113.97039,743649283.0800211,0,2025-06-20,-0.013000366238452021,-0.013085610610985732,47.11794807330705
2025-06-21,103297.98,103982.64,100837.9,102120.01,11154.21332,2025-06-21 23:59:59.999,1144829784.7306418,2172578,4632.93703,475270667.42267615,0,2025-06-21,-0.011403706887229914,-0.011469227749354669,39.96294160378165
2025-06-22,102120.02,103399.62,98200.0,100963.87,28746.41072,2025-06-22 23:59:59.999,2892695407.808688,5121309,13142.02965,1322387353.31664,0,2025-06-22,-0.01132138549535977,-0.011385960226360707,36.80215896407794
2025-06-23,100963.87,106074.2,99613.33,105333.93,27666.50609,2025-06-23 23:59:59.999,2836166831.044449,4944207,13408.20163,1375654853.258466,0,2025-06-23,0.043283404251441615,0.0423728593887924,36.2413308568739
2025-06-24,105333.94,106290.0,104622.02,106083.0,14651.69335,2025-06-24 23:59:59.999,1543451113.4563613,2973481,6848.32158,721631005.2893264,0,2025-06-24,0.007111383767794521,0.007086217120930923,38.763252418048545
2025-06-25,106083.0,108135.3,105808.03,107340.58,16701.15551,2025-06-25 23:59:59.999,1789545470.94629,2988892,8576.13709,919352853.806412,0,2025-06-25,0.01185467982617383,0.011784963544526447,46.43152569003891
2025-06-26,107340.59,108272.45,106562.5,106947.06,10573.27279,2025-06-26 23:59:59.999,1136093974.6816013,2597742,4983.08998,535471528.1944927,0,2025-06-26,-0.0036660878858676416,-0.003672824455672302,54.06186838365456
2025-06-27,106947.06,107735.34,106356.76,107047.59,12232.44042,2025-06-27 23:59:59.999,1308420348.9100096,2304499,4862.2801,520251258.3787664,0,2025-06-27,0.0009399977895605538,0.0009395562683027059,53.18413864018779
2025-06-28,107047.58,107577.75,106811.51,107296.79,3282.17352,2025-06-28 23:59:59.999,352025390.60311353,653305,1514.41959,162441164.0132396,0,2025-06-28,0.002327936574751499,0.0023252311283283957,56.27310983466572
2025-06-29,107296.79,108528.5,107172.52,108356.93,6831.7364,2025-06-29 23:59:59.999,736708189.9495683,1223202,3771.10895,406653127.0920804,0,2025-06-29,0.009880444699230884,0.00983195226177919,58.69800094443569
2025-06-30,108356.93,108789.99,106733.33,107146.5,9754.12491,2025-06-30 23:59:59.999,1050407152.345058,1773485,4331.3813,466474537.7882122,0,2025-06-30,-0.011170766835125301,-0.011233628430860393,51.10735250349067
2025-07-01,107146.51,107540.0,105250.85,105681.14,10505.62437,2025-07-01 23:59:59.999,1117432945.8926365,2013289,4648.91727,494549276.18377846,0,2025-07-01,-0.013676228341569674,-0.01377060945880646,53.73805527308046
2025-07-02,105681.13,109730.0,105100.19,108849.6,17691.89592,2025-07-02 23:59:59.999,1915699005.8772895,2444708,9248.43029,1002261738.2088752,0,2025-07-02,0.02998131927797143,0.029540665453745153,61.040181063850426
2025-07-03,108849.59,110529.18,108530.4,109584.78,13047.08225,2025-07-03 23:59:59.999,1429459048.638326,2568944,6961.89686,763022147.911677,0,2025-07-03,0.006754090047184302,0.006731383365643195,63.347033881084315
2025-07-04,109584.77,109767.59,107245.0,107984.24,11793.86615,2025-07-04 23:59:59.999,1276215111.6683652,1975212,4787.79822,518313226.966756,0,2025-07-04,-0.014605495398174795,-0.014713205707567904,62.53397445944435
2025-07-05,107984.25,108420.56,107756.31,108198.12,3736.9757,2025-07-05 23:59:59.999,403928702.1967476,710020,1803.68528,194976807.36330113,0,2025-07-05,0.001980659399927198,0.001978700480306492,67.14066313256167
2025-07-06,108198.12,109700.0,107800.01,109203.84,6447.607,2025-07-06 23:59:59.999,700733299.51122,1256591,3209.35902,348780644.233174,0,2025-07-06,0.009295170747883663,0.009252236497324772,73.4360770139599
2025-07-07,109203.85,109700.0,107513.2,108262.94,9405.37601,2025-07-07 23:59:59.999,1020848316.0537041,1961940,3920.92229,425664101.8022387,0,2025-07-07,-0.00861599738617247,-0.008653329682976453,60.34948563691349
2025-07-08,108262.94,109216.56,107429.57,108922.98,9216.0208,2025-07-08 23:59:59.999,1000112813.4398944,1723244,4371.98866,474674358.9974899,0,2025-07-08,0.006096638424931022,0.0060781291164992805,60.09843914011897
2025-07-09,108922.99,111999.79,108324.53,111233.99,17282.2865,2025-07-09 23:59:59.999,1902054744.194924,2328484,8935.70327,983405508.7482138,0,2025-07-09,0.02121691859697572,0.02099497361671242,62.87936878221574
2025-07-10,111234.0,116868.0,110500.0,116010.0,24883.450665,2025-07-10 23:59:59.999,2826460280.4452233,3227017,12900.135467,1465777460.9410756,0,2025-07-10,0.04293660597808269,0.042040393709379065,73.24140654651394
2025-07-11,116010.01,118869.98,115222.22,117527.66,25873.521148,2025-07-11 23:59:59.999,3039521803.027247,3708194,12502.931168,1468374333.9502125,0,2025-07-11,0.013082148090681978,0.012997315848983379,75.05451951346748
2025-07-12,117527.66,118200.0,116900.05,117420.0,8446.60437,2025-07-12 23:59:59.999,993093353.4068904,1441851,3784.55219,444996040.90597874,0,2025-07-12,-0.000916039679510372,-0.0009164595002588142,74.36628044398043
2025-07-13,117420.0,119488.0,117224.79,119086.64,9550.792947,2025-07-13 23:59:59.999,1132096857.0116916,1650283,4766.474307,565024389.3723919,0,2025-07-13,0.014193834099812674,0.014094044790011754,75.09346574684433
2025-07-14,119086.65,123218.0,118905.18,119841.18,27269.348877,2025-07-14 23:59:59.999,3299746181.0770736,4076133,14099.580747,1705505292.664724,0,2025-07-14,0.006336059191862198,0.006316070756330813,80.33579307576136
2025-07-15,119841.17,119940.83,115736.92,117758.09,32018.46083,2025-07-15 23:59:59.999,3755258445.553272,3805374,15667.30508,1837578524.9238648,0,2025-07-15,-0.01738208852749945,-0.01753493076270058,78.03204351820433
2025-07-16,117758.08,120063.84,117017.29,118630.43,17039.90851,2025-07-16 23:59:59.999,2023850383.7234871,2429625,8355.96881,992430971.3675904,0,2025-07-16,0.007407898684498093,0.0073805949622627876,75.41107631457388
2025-07-17,118630.44,120998.71,117453.57,119177.56,15728.57651,2025-07-17 23:59:59.999,1869114355.1231644,2347985,7696.17927,914659207.5744278,0,2025-07-17,0.004612054428193568,0.004601451493544703,75.16844062808941
2025-07-18,119177.56,120820.71,116812.76,117924.84,19924.66266,2025-07-18 23:59:59.999,2367355518.470308,2805236,8951.37863,1063782057.4785626,0,2025-07-18,-0.010511374792368633,-0.01056700950065718,76.56587565355058
2025-07-19,117924.84,118499.9,117277.34,117840.0,6635.80306,2025-07-19 23:59:59.999,783327898.4969696,1133382,2978.3832,351626384.05029035,0,2025-07-19,-0.0007194412983727583,-0.0007197002204572691,75.94651324252033
2025-07-20,117840.01,118856.8,116467.02,117265.12,12962.92889,2025-07-20 23:59:59.999,1528864683.816082,1615935,6581.33371,776457462.9818255,0,2025-07-20,-0.004878479293957905,-0.004890417918115617,72.20804365529332
2025-07-21,117265.11,119676.73,116515.0,117380.36,17107.33128,2025-07-21 23:59:59.999,2020783266.9633648,2509543,8426.31812,995117241.6679094,0,2025-07-21,0.00098273041463659,0.0009822478512299445,76.31472309770373
2025-07-22,117380.36,120247.8,116128.0,119954.42,20959.12973,2025-07-22 23:59:59.999,2481252763.6519103,2778733,10811.45507,1280627214.6285224,0,2025-07-22,0.02192922223104432,0.021692235206271098,78.67123197950703
2025-07-23,119954.43,120090.0,117301.0,118755.99,14558.75083,2025-07-23 23:59:59.999,1722126986.886661,2101404,7070.08701,836266328.744683,0,2025-07-23,-0.009990711471907332,-0.01004095354590667,70.75007006803773
2025-07-24,118756.0,119450.0,117103.1,118340.99,15806.89043,2025-07-24 23:59:59.999,1873181653.2018073,2081435,7651.73992,906619084.6035932,0,2025-07-24,-0.0034945605691132364,-0.0035006808084234644,58.46756411364822
2025-07-25,118340.98,118451.57,114723.16,117614.31,38406.34873,2025-07-25 23:59:59.999,4456778786.620495,3282355,17042.77355,1977873720.8964725,0,2025-07-25,-0.0061405604262733116,-0.006159491204291899,50.3339564103058
2025-07-26,117614.31,118297.35,117138.38,117919.99,6991.67206,2025-07-26 23:59:59.999,823629079.7493103,790372,3167.88355,373290310.2164352,0,2025-07-26,0.0025990034716014687,0.002595631902628258,51.89803261188938
2025-07-27,117919.99,119766.65,117825.5,119415.55,9328.30919,2025-07-27 23:59:59.999,1107883542.1607983,1095080,5238.30358,622261561.2507277,0,2025-07-27,0.01268283689644134,0.012603083346820849,51.265019972785026
2025-07-28,119415.56,119800.0,117427.5,118062.32,13961.74754,2025-07-28 23:59:59.999,1655882235.896518,1824777,7224.91774,857128354.2234088,0,2025-07-28,-0.011332108758030257,-0.011396806340220294,43.4595349028744
2025-07-29,118062.32,119273.36,116950.75,117950.76,15137.93445,2025-07-29 23:59:59.999,1788682083.6856463,1956694,7988.93736,944162800.0745873,0,2025-07-29,-0.0009449246804570377,-0.0009453714032179849,50.82852068614086
2025-07-30,117950.75,118792.0,115796.23,117840.3,15586.73631,2025-07-30 23:59:59.999,1832696878.222986,1997369,7803.61434,917632890.2336526,0,2025-07-30,-0.000936492482117024,-0.0009369312651676298,46.36403211273885
2025-07-31,117840.29,118922.45,115500.0,115764.08,17010.0073,2025-07-31 23:59:59.999,2002870016.7022424,1859532,8313.51616,979519362.0685424,0,2025-07-31,-0.017618930026484958,-0.01777599093867902,36.22992667751017
2025-08-01,115764.07,116052.0,112722.58,113297.93,24487.10206,2025-08-01 23:59:59.999,2810268577.15137,4160829,11487.2212,1318593418.0612547,0,2025-08-01,-0.021303240176054672,-0.02153342924967691,32.999289388072754
2025-08-02,113297.92,114063.49,112003.0,112546.35,11507.33428,2025-08-02 23:59:59.999,1301882737.326722,2165714,5060.00835,572586383.0717313,0,2025-08-02,-0.00663366047376146,-0.006655760991846373,31.457968031619544
2025-08-03,112546.35,114799.97,111920.0,114208.8,7397.76046,2025-08-03 23:59:59.999,841090034.1542541,1419281,3738.18331,425246221.2955304,0,2025-08-03,0.014771247579330682,0.014663215250676506,40.052531196500546
2025-08-04,114208.81,115720.0,114107.6,115055.03,9667.67916,2025-08-04 23:59:59.999,1109938874.0629709,1954230,4715.29351,541443274.8093747,0,2025-08-04,0.00740949909288946,0.007382183600908784,42.77546729102625
2025-08-05,115055.03,115127.81,112650.0,114129.75,12042.79078,2025-08-05 23:59:59.999,1371861747.1466167,2581052,5622.66754,640570774.1010684,0,2025-08-05,-0.008042064740672372,-0.008074576568790104,29.837772274725836
2025-08-06,114129.75,115716.0,113355.13,114992.27,9761.15318,2025-08-06 23:59:59.999,1118028732.8589184,2026500,4872.24748,558193207.677072,0,2025-08-06,0.007557363439418818,0.00752894963418136,36.66161064882412
2025-08-07,114992.27,117621.0,114259.0,117472.01,13468.56263,2025-08-07 23:59:59.999,1564454297.836927,2314671,7008.73753,814088870.444632,0,2025-08-07,0.021564406024856986,0.021335183728332856,47.31354191527535
2025-08-08,117472.02,117630.0,115878.71,116674.74,10045.31278,2025-08-08 23:59:59.999,1172199778.7242548,2095304,4584.90574,534970598.46875024,0,2025-08-08,-0.006786893320374743,-0.00681002901994848,47.107935087137186
2025-08-09,116674.74,117944.05,116299.13,116462.25,9514.13144,2025-08-09 23:59:59.999,1111837601.7023723,1390951,4869.85416,569228301.1169946,0,2025-08-09,-0.0018212168289383213,-0.0018228772606176664,45.48707984897285
2025-08-10,116462.25,119311.11,116460.63,119294.01,14322.77073,2025-08-10 23:59:59.999,1694198747.8718708,2317065,8023.43513,949082473.721322,0,2025-08-10,0.024314831629991707,0.024023932127064194,49.65248351055128
2025-08-11,119294.27,122335.16,118050.11,118686.0,26494.33429,2025-08-11 23:59:59.999,3194611530.541069,4021743,13243.42946,1596640461.643077,0,2025-08-11,-0.005096735368355865,-0.005109768025592827,51.86265210504057
2025-08-12,118686.0,120324.43,118207.47,120134.08,16720.10893,2025-08-12 23:59:59.999,1992762473.5852575,2737841,9265.05962,1104367998.1961715,0,2025-08-12,0.012200933555769122,0.01212710210107966,56.038530299409715
2025-08-13,120134.09,123667.79,118920.92,123306.43,23210.07102,2025-08-13 23:59:59.999,2811581348.3874574,3712817,11931.26825,1446045988.0483146,0,2025-08-13,0.02640674486373884,0.02606410567702287,62.928326363177526
2025-08-14,123306.44,124474.0,117180.0,118295.09,27980.947586,2025-08-14 23:59:59.999,3359128391.108524,4350449,13402.078476,1608719584.8697336,0,2025-08-14,-0.0406413517932519,-0.04149029256629387,55.256456319249025
2025-08-15,118295.09,119216.82,116803.99,117342.05,13623.33874,2025-08-15 23:59:59.999,1607609329.6851013,2895016,6141.41708,724799635.8172467,0,2025-08-15,-0.008056462867562786,-0.008089091530436165,58.96218177885613
2025-08-16,117342.04,117898.99,117143.98,117380.66,6393.68117,2025-08-16 23:59:59.999,751719391.7723638,1179842,2995.22865,352158781.0964551,0,2025-08-16,0.00032903805583761603,0.00032898393468814104,61.06291451803434
2025-08-17,117380.66,118575.0,117172.21,117405.01,5898.64192,2025-08-17 23:59:59.999,695629197.9038073,1177563,2804.73113,330799448.0903654,0,2025-08-17,0.0002074447357851561,0.00020742322210116917,57.90707765595785
2025-08-18,117405.01,117543.75,114640.14,116227.05,17745.93954,2025-08-18 23:59:59.999,2053814085.4717777,3346280,7647.70667,885108979.4887484,0,2025-08-18,-0.010033302667407429,-0.010083975477294543,52.85262963179316
2025-08-19,116227.05,116725.69,112732.58,112872.94,18065.47424,2025-08-19 23:59:59.999,2065010895.8584664,3291182,8609.4137,984093545.5944221,0,2025-08-19,-0.028858256318128994,-0.02928284432910472,47.2644300818009
2025-08-20,112872.95,114615.38,112380.0,114271.24,15636.34194,2025-08-20 23:59:59.999,1776149566.1247735,2998370,7209.58575,819330970.2158619,0,2025-08-20,0.012388265956393196,0.012312159298069381,48.4663771976581
2025-08-21,114271.23,114821.76,112015.67,112500.0,10839.69235,2025-08-21 23:59:59.999,1227373788.615563,2357380,5346.48007,605400341.4544928,0,2025-08-21,-0.01550031311465605,-0.01562169894735077,39.09594800804072
2025-08-22,112500.0,117429.05,111684.79,116935.99,23128.09037,2025-08-22 23:59:59.999,2656625122.2777863,3438518,11843.59711,1359907711.8726692,0,2025-08-22,0.03943102222222228,0.03867346942564925,50.494087404960275
2025-08-23,116936.0,117030.0,114560.0,115438.05,11329.36197,2025-08-23 23:59:59.999,1308825428.0143585,1559569,5083.35014,587273893.1314433,0,2025-08-23,-0.012809914210329953,-0.012892668639070098,48.152802646747766
2025-08-24,115438.06,115666.68,110680.0,113493.59,21175.98462,2025-08-24 23:59:59.999,2411284606.1891766,2573906,9325.0671,1061855201.3343124,0,2025-08-24,-0.01684418612407268,-0.016987662875338143,39.192749381609175
2025-08-25,113493.59,113667.28,109274.1,110111.98,25182.79379,2025-08-25 23:59:59.999,2805570653.6310234,4695718,11387.5817,1269662985.34418,0,2025-08-25,-0.029795603434519924,-0.03024851157390859,35.52144624439957
2025-08-26,110111.98,112371.0,108666.66,111763.22,18452.43877,2025-08-26 23:59:59.999,2033437347.4999392,4077474,9863.43157,1087468493.596964,0,2025-08-26,0.01499600679235824,0.014884678291290745,35.960840639542965
2025-08-27,111763.22,112625.0,110345.42,111262.01,13392.60875,2025-08-27 23:59:59.999,1493774927.190832,3111496,6261.8455,698586344.1774796,0,2025-08-27,-0.004484570147495814,-0.004494655997296272,27.811719365987017
2025-08-28,111262.01,113485.9,110862.42,112566.9,11104.27744,2025-08-28 23:59:59.999,1250788481.9453218,2066780,5139.46509,578866003.6838148,0,2025-08-28,0.011728082208833035,0.011659841291183425,37.778531637575504
2025-08-29,112566.9,112638.64,107463.9,108377.4,22580.31045,2025-08-29 23:59:59.999,2475492492.5775294,3606959,10616.35644,1164321513.1044571,0,2025-08-29,-0.03721786777462999,-0.037928131382763526,33.19427056912252
2025-08-30,108377.4,108926.15,107350.1,108816.33,10708.39159,2025-08-30 23:59:59.999,1160666772.7387524,1411040,5797.17783,628457794.843401,0,2025-08-30,0.004050014117334522,0.004041834886721533,34.182152378145034
2025-08-31,108816.33,109480.02,108076.93,108246.35,9489.51596,2025-08-31 23:59:59.999,1031806894.3513318,1366633,4573.61058,497406888.1691883,0,2025-08-31,-0.005238000583184466,-0.005251767001620112,33.418654063965604
2025-09-01,108246.36,109912.4,107255.0,109237.42,16053.60219,2025-09-01 23:59:59.999,1742516638.781135,2729384,7532.99101,817730948.9844334,0,2025-09-01,0.009155689776144893,0.009114030534832748,37.25936886972772
2025-09-02,109237.43,111771.52,108393.39,111240.01,18510.28756,2025-09-02 23:59:59.999,2042681451.9016385,2596328,9088.71727,1003032805.5367996,0,2025-09-02,0.018332454208457083,0.018166440657325495,46.869256622678435
2025-09-03,111240.01,112575.27,110528.71,111705.71,11773.72084,2025-09-03 23:59:59.999,1313762617.3436644,2214249,5539.29462,618293676.5075179,0,2025-09-03,0.004186443348935365,0.004177704576073605,44.898802410687836
2025-09-04,111705.72,112180.0,109329.12,110730.87,12203.13536,2025-09-04 23:59:59.999,1349031325.5320847,2230255,6070.78151,670681185.82571,0,2025-09-04,-0.008726859173089796,-0.008765161209067217,46.367282068341
2025-09-05,110730.87,113384.62,110206.96,110659.99,21587.40888,2025-09-05 23:59:59.999,2413132200.623325,2970419,10787.81127,1206066261.227201,0,2025-09-05,-0.0006401105671796081,-0.0006403155254173387,34.29809795825237
2025-09-06,110660.0,111307.7,109977.0,110187.97,5000.29897,2025-09-06 23:59:59.999,552785936.5434699,795201,2308.83297,255237426.946011,0,2025-09-06,-0.004265498307021387,-0.00427462149747006,36.15406362809697
2025-09-07,110187.98,111600.0,110180.0,111137.34,5681.29944,2025-09-07 23:59:59.999,630447950.1588689,874961,2570.85199,285303923.5404623,0,2025-09-07,0.008615913334277803,0.008579008182539868,43.44168253651922
2025-09-08,111137.35,112924.37,110621.78,112065.23,11582.40211,2025-09-08 23:59:59.999,1295903862.4649603,1744598,5531.65969,618773275.3576307,0,2025-09-08,0.008349039125823854,0.008314378685943164,56.296699378663334
2025-09-09,112065.23,113293.29,110766.66,111546.39,15379.28248,2025-09-09 23:59:59.999,1721465997.906366,2143242,7597.38038,849973176.1775683,0,2025-09-09,-0.0046298035528057335,-0.004640554288638579,49.24595085030926
2025-09-10,111546.38,114313.13,110917.45,113960.0,17517.41823,2025-09-10 23:59:59.999,1978834750.2223115,2182534,8274.63998,934646697.4823325,0,2025-09-10,0.02163772399985331,0.02140695144426305,58.28106746977156
2025-09-11,113960.0,115488.09,113430.0,115482.69,13676.73119,2025-09-11 23:59:59.999,1562241144.956541,2166359,6744.29993,770595422.6905212,0,2025-09-11,0.013361618111618068,0.013273138970620393,58.83149350826364
2025-09-12,115482.69,116665.63,114740.99,116029.42,15324.10719,2025-09-12 23:59:59.999,1772122269.5018637,2481491,7995.57276,924775389.8569396,0,2025-09-12,0.004734302604139096,0.004723131039401508,79.73935767508166
2025-09-13,116029.41,116298.78,115127.27,115918.29,8269.40394,2025-09-13 23:59:59.999,957724220.6497613,1223635,3590.09359,415773029.4393527,0,2025-09-13,-0.0009577743299932218,-0.0009582332889029288,78.32323283886372
2025-09-14,115918.29,116165.19,115135.0,115268.01,6707.60197,2025-09-14 23:59:59.999,775762364.9685991,1237218,3406.90777,393977059.3035421,0,2025-09-14,-0.005609813602322822,-0.005625607702316823,77.82477547306782
2025-09-15,115268.01,116757.99,114384.0,115349.71,13212.51149,2025-09-15 23:59:59.999,1522648235.2235153,2857989,6621.3636,763138585.685025,0,2025-09-15,0.000708782948538822,0.0007085318805328954,76.10244724455448
2025-09-16,115349.71,116964.27,114737.11,116788.96,10926.9094,2025-09-16 23:59:59.999,1265779287.5169268,2047058,5292.18365,613182568.9919184,0,2025-09-16,0.012477274541912609,0.01240007484979025,74.89450359939453
2025-09-17,116788.96,117286.73,114720.81,116447.59,16754.2454,2025-09-17 23:59:59.999,1946083704.6217456,3227418,7975.0019,926282110.833079,0,2025-09-17,-0.0029229646363835293,-0.00292724484014056,71.51371068725832
2025-09-18,116447.6,117900.0,116092.76,117073.53,11657.23365,2025-09-18 23:59:59.999,1367513347.4865093,2252654,5717.34538,670700552.9347277,0,2025-09-18,0.005375293726559649,0.005360898398273296,79.71719594816194
2025-09-19,117073.53,117459.99,115100.0,115632.38,8992.09065,2025-09-19 23:59:59.999,1045792401.4532388,1732471,4020.81483,467345983.0786799,0,2025-09-19,-0.01230978514101344,-0.01238617811420754,70.64608199488951
2025-09-20,115632.39,116121.81,115408.47,115685.63,4674.92752,2025-09-20 23:59:59.999,541264273.2416894,740451,2276.16483,263511469.8432588,0,2025-09-20,0.0004605111474831336,0.0004604051447670285,73.64951132218322
2025-09-21,115685.63,115819.06,115188.0,115232.29,4511.52219,2025-09-21 23:59:59.999,521299751.1504096,945965,2016.72489,233031538.74699312,0,2025-09-21,-0.003918723526854739,-0.003926421842189095,68.40068049647837
2025-09-22,115232.29,115379.25,111800.0,112650.99,20781.71356,2025-09-22 23:59:59.999,2348872511.6988754,3045876,9312.35777,1052684266.8981876,0,2025-09-22,-0.022400839209218093,-0.02265554900340918,52.29160178959017
2025-09-23,112650.99,113290.5,111458.73,111998.8,12301.3203,2025-09-23 23:59:59.999,1383869800.273703,2455729,5543.3609,623665658.7200328,0,2025-09-23,-0.005789474198140687,-0.005806298169945148,51.75163563686656
2025-09-24,111998.8,113940.0,111042.66,113307.0,12369.25967,2025-09-24 23:59:59.999,1394470628.502582,2229837,6100.69487,687826281.220477,0,2025-09-24,0.011680482290881589,0.011612792050812145,47.23504723707967
2025-09-25,113307.01,113510.23,108631.51,108994.49,21231.14957,2025-09-25 23:59:59.999,2356639689.9252143,4409953,9511.07937,1055527535.7684448,0,2025-09-25,-0.03806040226993912,-0.03880361851008345,27.777610331037664
2025-09-26,108994.49,110300.0,108620.07,109643.46,14243.01591,2025-09-26 23:59:59.999,1557098915.9392595,3257155,6978.29033,762955442.7524,0,2025-09-26,0.0059541541962351285,0.0059364982695478945,28.27990460240349
2025-09-27,109643.46,109743.91,109064.4,109635.85,5501.78643,2025-09-27 23:59:59.999,601947588.9970765,919594,2523.25886,276080500.9941954,0,2025-09-27,-6.940678449951498e-05,-6.94091932618392e-05,28.480461133954435
2025-09-28,109635.85,112350.0,109189.99,112163.95,7542.3316,2025-09-28 23:59:59.999,832254944.3203354,1484866,3781.87606,417495757.16935,0,2025-09-28,0.02305906325348861,0.022797220643522374,40.57941544946003
2025-09-29,112163.96,114400.0,111560.65,114311.96,15541.12005,2025-09-29 23:59:59.999,1755247635.871136,2442653,7836.68768,884934987.568753,0,2025-09-29,0.01915062727373651,0.01896956203457031,47.201501090275215
2025-09-30,114311.97,114792.0,112656.27,114048.93,15044.15633,2025-09-30 23:59:59.999,1710713267.1300955,3018331,7185.72154,817044461.2701814,0,2025-09-30,-0.002300984079006363,-0.0023036354107678868,42.110467222229545
2025-10-01,114048.94,118649.1,113966.67,118594.99,20036.39516,2025-10-01 23:59:59.999,2332096981.2659335,3430343,10071.04092,1172422657.4065175,0,2025-10-01,0.03986061070454605,0.03908667600199795,54.977825334289015
2025-10-02,118594.99,121022.07,118279.31,120529.35,19670.83503,2025-10-02 23:59:59.999,2349861127.34458,3472073,9753.07848,1164986423.9898076,0,2025-10-02,0.01631063841735636,0.01617904889913795,57.55268798780318
2025-10-03,120529.35,123894.99,119248.3,122232.0,23936.328,2025-10-03 23:59:59.999,2907381076.6813188,4246820,11288.62355,1372792607.6136215,0,2025-10-03,0.014126434764644369,0.014027586512955888,64.26045762282632
2025-10-04,122232.21,122800.0,121510.0,122391.0,8208.16678,2025-10-04 23:59:59.999,1002272903.3446472,1703590,3767.80335,460154433.12366194,0,2025-10-04,0.0013008050265068682,0.001299959712627995,64.42304755406784
2025-10-05,122390.99,125708.42,122136.0,123482.31,22043.097553,2025-10-05 23:59:59.999,2730817470.939564,3690670,11780.672403,1459478400.9109964,0,2025-10-05,0.008916587003946264,0.008877068978927581,67.27152445432583
2025-10-06,123482.32,126199.63,123084.0,124658.54,19494.628793,2025-10-06 23:59:59.999,2428828952.2653184,4206167,9963.008153,1241625129.7177184,0,2025-10-06,0.009525493975614863,0.009480412513902298,76.7092871636245
2025-10-07,124658.54,125126.0,120574.94,121332.95,21633.99385,2025-10-07 23:59:59.999,2657405799.8705487,4390785,9699.35099,1191947741.6989057,0,2025-10-07,-0.02667759465175834,-0.027039899832890336,68.55575563094716
2025-10-08,121332.96,124197.25,121066.14,123306.0,17012.618,2025-10-08 23:59:59.999,2084842842.4416168,4184997,9039.06222,1107976264.6948595,0,2025-10-08,0.016261452474369165,0.01613065116385741,69.36553705230146
2025-10-09,123306.01,123762.94,119651.47,121662.4,21559.36007,2025-10-09 23:59:59.999,2621438087.5667334,4231167,10144.15364,1233882833.5642388,0,2025-10-09,-0.013329440578722873,-0.013419074980521103,77.36336902750477
2025-10-10,121662.41,122550.0,102000.0,112774.5,64171.93927,2025-10-10 23:59:59.999,7349750905.041157,11404522,30502.14297,3493298452.846008,0,2025-10-10,-0.07305379476321361,-0.07585974612842505,54.98787695346724
2025-10-11,112774.49,113322.39,109561.59,110644.4,35448.51652,2025-10-11 23:59:59.999,3961069473.231136,6661929,15375.94796,1718429599.5669522,0,2025-10-11,-0.01888813517240162,-0.019068794493195606,51.50489465662795
2025-10-12,110644.4,115770.0,109565.06,114958.8,32255.30272,2025-10-12 23:59:59.999,3638546528.740156,6048575,16915.44533,1907676479.1772509,0,2025-10-12,0.03899338782622541,0.0382523481182313,53.95923932060057
2025-10-13,114958.81,115963.81,113616.5,115166.0,22557.24033,2025-10-13 23:59:59.999,2591831660.9857492,5739352,10710.89723,1230950583.8424664,0,2025-10-13,0.0018023848543999854,0.001800762507920933,51.28024781078882
2025-10-14,115166.0,115409.96,109866.0,113028.14,31870.32974,2025-10-14 23:59:59.999,3578140778.808499,7425642,14944.19197,1677011392.6343808,0,2025-10-14,-0.018563291249153346,-0.01873775155179968,48.55122056037999
2025-10-15,113028.13,113612.35,110164.0,110763.28,22986.48811,2025-10-15 23:59:59.999,2569639641.352769,5243141,10499.31831,1173678794.920774,0,2025-10-15,-0.020038018850880857,-0.020241502815851853,38.11508459817573
2025-10-16,110763.28,111982.45,107427.0,108194.28,29857.17252,2025-10-16 23:59:59.999,3277596494.761919,6127094,13126.95119,1441416875.126377,0,2025-10-16,-0.023193607123227156,-0.023466811492917763,31.634812515353858
2025-10-17,108194.27,109240.0,103528.23,106431.68,37920.66838,2025-10-17 23:59:59.999,4022645635.2212014,7570685,17996.99946,1909654487.4562209,0,2025-10-17,-0.016291064555353674,-0.016425222998888867,26.517461440371918
2025-10-18,106431.68,107499.0,106322.2,107185.01,11123.18766,2025-10-18 23:59:59.999,1189002999.143113,2105450,4845.85641,518065716.6618129,0,2025-10-18,0.007078061719969053,0.007053129818340636,27.79306499424746
2025-10-19,107185.0,109450.07,106103.36,108642.78,15480.66423,2025-10-19 23:59:59.999,1670074079.5802343,3205640,7100.31013,766423535.8177378,0,2025-10-19,0.01360050253295686,0.013508845814879343,28.557755301560633
2025-10-20,108642.77,111705.56,107402.52,110532.09,19193.4416,2025-10-20 23:59:59.999,2119912185.5934684,4283542,9280.50075,1024925788.7216992,0,2025-10-20,0.017390110967337113,0.017240633452995615,30.000252006352852
2025-10-21,110532.09,114000.0,107473.72,108297.67,37228.01659,2025-10-21 23:59:59.999,4114477849.9320545,6004063,17034.07155,1881327751.3346128,0,2025-10-21,-0.0202151248565009,-0.02042224657419341,30.956716356857797
2025-10-22,108297.66,109163.88,106666.69,107567.44,28610.78451,2025-10-22 23:59:59.999,3090291706.4439816,5547903,13766.58861,1487179903.5999787,0,2025-10-22,-0.006742804346575482,-0.006765639759505252,26.141102363732628
2025-10-23,107567.45,111293.61,107500.0,110078.18,17573.09294,2025-10-23 23:59:59.999,1924582289.4113936,3721614,8575.33716,938905317.7034109,0,2025-10-23,0.02334107793213258,0.02307284091421478,32.88875063072899
2025-10-24,110078.19,112104.98,109700.01,111004.89,15005.16913,2025-10-24 23:59:59.999,1662806764.9533324,3241022,7511.2434,832390454.8076226,0,2025-10-24,0.008418652997351561,0.008383413777914583,46.582250904164894
2025-10-25,111004.9,111943.19,110672.86,111646.27,6407.96864,2025-10-25 23:59:59.999,714201332.9751225,1238199,3087.0866,344113931.7999452,0,2025-10-25,0.005777943656356088,0.005761315360732372,52.05302828177763
2025-10-26,111646.27,115466.8,111260.45,114559.4,13454.47737,2025-10-26 23:59:59.999,1525108635.874829,2463951,6982.18154,791462349.3516057,0,2025-10-26,0.026092497313165763,0.025757896011683146,49.13168401124591
2025-10-27,114559.41,116400.0,113830.01,114107.65,21450.23241,2025-10-27 23:59:59.999,2470872744.548968,3660488,10969.70182,1263753536.9973898,0,2025-10-27,-0.0039433691168074825,-0.003951164697453273,47.723301850141254
2025-10-28,114107.65,116086.0,112211.0,112898.45,15523.42257,2025-10-28 23:59:59.999,1772753529.8642745,3829845,7765.31574,887031686.0163724,0,2025-10-28,-0.010597010805147522,-0.010653558973310539,49.70940328746914
2025-10-29,112898.44,113643.73,109200.0,110021.29,21079.71376,2025-10-29 23:59:59.999,2356715986.5335455,4481480,10407.07233,1163985607.3569083,0,2025-10-29,-0.02548449513700146,-0.025814849578232026,48.381823312788164
2025-10-30,110021.3,111592.0,106304.34,108322.88,25988.82838,2025-10-30 23:59:59.999,2827221287.4227977,6373451,12551.13144,1365671836.7455924,0,2025-10-30,-0.015437103127948992,-0.015557495821203146,50.291528798783474
2025-10-31,108322.87,111190.0,108275.28,109608.01,21518.20439,2025-10-31 23:59:59.999,2361590437.9414105,5256872,10798.53938,1185034290.9237795,0,2025-10-31,0.011863883235009975,0.011794059086766558,57.359883625821254
2025-11-01,109608.01,110564.49,109394.81,110098.1,7378.50431,2025-11-01 23:59:59.999,812389216.4346799,1994214,3406.68401,375126956.08097214,0,2025-11-01,0.004471297307560018,0.004461330755654716,56.83328931201485
2025-11-02,110098.1,111250.01,109471.34,110540.68,12107.00087,2025-11-02 23:59:59.999,1336870531.1415012,2652188,5921.86453,654016950.2549777,0,2025-11-02,0.004019869552698729,0.004011811464844439,54.674575275957324
2025-11-03,110540.69,110750.0,105306.56,106583.04,28681.18779,2025-11-03 23:59:59.999,3076006652.0015674,7074546,12847.08574,1377869106.6681776,0,2025-11-03,-0.03580256607793619,-0.03645919836858115,41.17277054366907
2025-11-04,106583.05,107299.0,98944.36,101497.22,50534.87376,2025-11-04 23:59:59.999,5197697635.212413,9099609,23388.99033,2406186713.1705294,0,2025-11-04,-0.04771697260652341,-0.048892990692747336,36.51772781648827
2025-11-05,101497.23,104534.74,98966.8,103885.16,33778.77571,2025-11-05 23:59:59.999,3454273922.7003846,6500368,18126.84828,1854232277.0330112,0,2025-11-05,0.023527146851904046,0.02325464931597804,43.149929607019644
2025-11-06,103885.16,104200.0,100300.95,101346.04,25814.62139,2025-11-06 23:59:59.999,2641767846.305827,5755001,11972.54796,1225474173.0204284,0,2025-11-06,-0.024441604556416086,-0.02474525864647728,33.77291212462917
2025-11-07,101346.04,104096.36,99260.86,103339.08,32059.50942,2025-11-07 23:59:59.999,3251112979.305884,6335759,16056.80582,1629564159.11658,0,2025-11-07,0.01966569192047385,0.0194748205542768,36.29754196906306
2025-11-08,103339.09,103406.22,101454.0,102312.94,12390.77985,2025-11-08 23:59:59.999,1267165565.37527,2743819,5862.65977,599611355.3671467,0,2025-11-08,-0.009929834869828569,-0.009979464496075391,33.543250996662195
2025-11-09,102312.95,105495.62,101400.0,104722.96,16338.97096,2025-11-09 23:59:59.999,1687020822.3668208,3404204,8224.94939,849620657.0869098,0,2025-11-09,0.023555378234659363,0.02328223138207566,32.34288455103821
2025-11-10,104722.95,106670.11,104265.02,106011.13,22682.25673,2025-11-10 23:59:59.999,2400141664.389342,4710957,11595.81944,1226965888.74677,0,2025-11-10,0.012300740926345144,0.012225701545984949,35.88987419511575
2025-11-11,106011.13,107500.0,102476.09,103058.99,24196.50718,2025-11-11 23:59:59.999,2532279071.006922,5532149,10717.03395,1121890584.1997764,0,2025-11-11,-0.027847453375886122,-0.028242545864333283,33.83443847877662
2025-11-12,103059.0,105333.33,100813.59,101654.37,20457.63906,2025-11-12 23:59:59.999,2108514405.2608771,5314132,10155.72095,1047214063.138287,0,2025-11-12,-0.013629281637633106,-0.013723012931130311,35.554779795903855
2025-11-13,101654.37,104085.01,98000.4,99692.02,36198.50771,2025-11-13 23:59:59.999,3654698026.540381,8125404,17250.22426,1742449117.5763607,0,2025-11-13,-0.0193041381300183,-0.019492896160439244,35.23367140237059
2025-11-14,99692.03,99866.02,94012.45,94594.0,47288.14481,2025-11-14 23:59:59.999,4566085156.747207,9551025,21184.91518,2045542286.8634837,0,2025-11-14,-0.05113769386957956,-0.052491584544810524,27.277451904173702
2025-11-15,94594.0,96846.68,94558.49,95596.24,15110.89391,2025-11-15 23:59:59.999,1449074019.0674856,4263558,7115.78198,682358960.754042,0,2025-11-15,0.010595175169672455,0.01053943964071668,28.38758694527307
2025-11-16,95596.23,96635.11,93005.55,94261.44,23889.4051,2025-11-16 23:59:59.999,2261295524.8173394,5141394,10828.62752,1025540141.3111866,0,2025-11-16,-0.013962892264381965,-0.014061290467363924,26.367209162285917
2025-11-17,94261.45,96043.0,91220.0,92215.14,39218.59806,2025-11-17 23:59:59.999,3674562070.2386065,8134322,18690.19245,1750979467.7862608,0,2025-11-17,-0.02170877083991085,-0.02194787294779212,27.91641254789323
2025-11-18,92215.14,93836.01,89253.78,92960.83,39835.14769,2025-11-18 23:59:59.999,3641033186.3004584,8786593,20130.95957,1841176605.1418235,0,2025-11-18,0.0080864161785148,0.008053896310369823,34.85950453679759
2025-11-19,92960.83,92980.22,88608.0,91554.96,32286.6376,2025-11-19 23:59:59.999,2925773651.255958,6822174,15060.08451,1365200809.1745572,0,2025-11-19,-0.015123251373723723,-0.015238773937443459,27.34128868457384
2025-11-20,91554.96,93160.0,86100.0,86637.23,39733.19073,2025-11-20 23:59:59.999,3548950335.0984216,7841395,18283.84047,1634256490.957432,0,2025-11-20,-0.05371341978632305,-0.055209816891895,25.143229505531664
2025-11-21,86637.22,87498.94,80600.0,85129.43,72256.12679,2025-11-21 23:59:59.999,6061348756.341564,11826480,34071.85828,2859133223.2240524,0,2025-11-21,-0.01740360350856096,-0.017556826574241523,18.713973559792862
2025-11-22,85129.42,85620.0,83500.0,84739.74,14193.93263,2025-11-22 23:59:59.999,1197657354.9690385,4697593,6688.79428,564562148.9373932,0,2025-11-22,-0.00457761786963673,-0.004588127246522274,19.132393527027887
2025-11-23,84739.75,88127.64,84667.57,86830.0,19734.46418,2025-11-23 23:59:59.999,1708685030.2798696,5063493,10406.51703,901210513.5204473,0,2025-11-23,0.02466682102163631,0.024367507087485724,18.213665471930327
2025-11-24,86830.0,89228.0,85272.0,88300.01,24663.12795,2025-11-24 23:59:59.999,2150393686.9203186,6189156,12438.87518,1085485389.0234168,0,2025-11-24,0.01692974778302414,0.016788036787637094,18.738668263229528
2025-11-25,88300.01,88519.99,86116.0,87369.96,19567.0411,2025-11-25 23:59:59.999,1708989000.038937,4838747,9423.17985,823123525.1402558,0,2025-11-25,-0.010532841389259029,-0.010588704373343843,20.17910370596489
2025-11-26,87369.97,90656.08,86306.77,90484.02,21675.82239,2025-11-26 23:59:59.999,1916851896.6699688,4668280,10883.61063,962765375.8163832,0,2025-11-26,0.035642227603171595,0.035021744042270514,30.06353411598913
2025-11-27,90484.01,91950.0,90089.91,91333.95,16833.50932,2025-11-27 23:59:59.999,1535778106.5787077,3920172,8898.35835,812005498.7594875,0,2025-11-27,0.009393150304329856,0.009349308992866888,34.46596871288672
2025-11-28,91333.94,93092.0,90180.63,90890.7,18830.86012,2025-11-28 23:59:59.999,1721418035.0795596,4229754,8961.64712,820315728.918691,0,2025-11-28,-0.004853069422706469,-0.00486488380362324,41.67710970312409
2025-11-29,90890.71,91165.65,90155.47,90802.44,7429.88291,2025-11-29 23:59:59.999,673725652.9787655,1677860,3359.04932,304614219.1452583,0,2025-11-29,-0.000971056444718732,-0.0009715282254700339,38.7647243563001
2025-11-30,90802.44,92000.01,90336.9,90360.0,9687.74175,2025-11-30 23:59:59.999,884051773.1655338,2154030,5002.96698,456606490.1203246,0,2025-11-30,-0.004872556288134988,-0.004884465893088772,40.456985696632394
2025-12-01,90360.01,90417.0,83822.76,86286.01,34509.01227,2025-12-01 23:59:59.999,2977024047.2231607,7709685,15524.33346,1338718794.0013125,0,2025-12-01,-0.0450862107127048,-0.04613421557385573,36.80599474031587
2025-12-02,86286.01,92307.65,86184.39,91277.88,28210.22732,2025-12-02 23:59:59.999,2519515177.662365,6397299,13512.33949,1206199898.2941513,0,2025-12-02,0.05785259974357393,0.0562410040171468,46.850202562510276
2025-12-03,91277.88,94150.0,90990.23,93429.95,25712.52585,2025-12-03 23:59:59.999,2386223626.8613906,6733182,12993.19312,1206219500.4577343,0,2025-12-03,0.023577125147954625,0.023303477601614594,53.41386330854823
2025-12-04,93429.95,94080.0,90889.0,92078.06,19803.94059,2025-12-04 23:59:59.999,1836645629.33462,5856049,8312.69539,770992235.207992,0,2025-12-04,-0.014469557138797606,-0.014575262088996607,61.38459973961703
2025-12-05,92078.06,92692.36,88056.0,89330.04,19792.97218,2025-12-05 23:59:59.999,1788436983.8106546,5520352,8722.13995,787809723.7213238,0,2025-12-05,-0.029844460232980596,-0.030298870064162046,58.35583444960354
2025-12-06,89330.04,90289.97,88908.01,89236.79,8409.50016,2025-12-06 23:59:59.999,753420679.8063259,2482221,4041.72834,362232786.26957136,0,2025-12-06,-0.0010438817669845557,-0.001044426991022257,59.052269886289274
2025-12-07,89236.8,91760.0,87719.28,90395.31,13021.11185,2025-12-07 23:59:59.999,1167866486.8455212,3953071,6370.56683,571547237.8567672,0,2025-12-07,0.01298253780755676,0.012898987020788722,57.45643332813275
2025-12-08,90395.32,92287.15,89612.0,90634.34,15793.63887,2025-12-08 23:59:59.999,1436920018.893613,5458731,7296.74328,663654575.4521835,0,2025-12-08,0.0026442743544992098,0.002640784411958209,55.14699494589805
2025-12-09,90634.35,94588.99,89500.0,92678.8,21240.43014,2025-12-09 23:59:59.999,1956261065.6071732,5940223,10517.75959,969426006.1222627,0,2025-12-09,0.022557233825501566,0.02230658176977993,61.1572255773602
2025-12-10,92678.81,94476.0,91563.15,92015.37,18998.68083,2025-12-10 23:59:59.999,1758773276.2478049,6025707,9197.33116,852012295.3967115,0,2025-12-10,-0.007158379262571457,-0.007184123390461821,53.58791138502022
2025-12-11,92015.38,93555.0,89260.63,92513.38,19972.58758,2025-12-11 23:59:59.999,1814322119.0658488,6250438,9150.89797,831529923.8088819,0,2025-12-11,0.005412247975528528,0.005397654393828906,52.80970665350391
2025-12-12,92513.38,92754.0,89480.0,90268.42,16679.19169,2025-12-12 23:59:59.999,1521683425.5648005,4956719,7986.68273,728724357.3886564,0,2025-12-12,-0.02426632774632176,-0.024565606595954068,48.63476406525612
2025-12-13,90268.43,90634.55,89766.39,90240.01,5895.70788,2025-12-13 23:59:59.999,532250544.59040153,1363754,2237.9847,202065519.4961406,0,2025-12-13,-0.00031472800786813693,-0.0003147775451217187,48.76282151396699
2025-12-14,90240.0,90472.4,87577.36,88172.17,9416.94004,2025-12-14 23:59:59.999,839079130.8378651,3115749,4005.70835,356905157.3266693,0,2025-12-14,-0.022914891077693733,-0.023181518223391553,45.5085965326463
2025-12-15,88172.16,90052.64,85146.64,86432.08,19778.6919,2025-12-15 23:59:59.999,1732823429.5017288,6747167,9592.41076,840349649.3250623,0,2025-12-15,-0.019735138649757622,-0.019932477149059748,50.3316478860768
2025-12-16,86432.08,88175.98,85266.0,87863.42,18456.05017,2025-12-16 23:59:59.999,1604673428.6527836,6099692,9065.97746,788731082.46646,0,2025-12-16,0.016560286412174774,0.016424660160555687,40.75239473667104
2025-12-17,87863.43,90365.85,85314.0,86243.22,19834.11729,2025-12-17 23:59:59.999,1733348496.6703594,6058638,9277.27838,810618013.2566439,0,2025-12-17,-0.018439983328670806,-0.018612119227458226,29.95830881594253
2025-12-18,86243.23,89477.61,84450.01,85516.41,25405.41763,2025-12-18 23:59:59.999,2204223872.6696463,6946947,12668.53838,1098646854.9700365,0,2025-12-18,-0.008427445079160933,-0.00846315677488792,31.040482837572284
2025-12-19,85516.41,89399.97,85110.24,88136.94,21256.65004,2025-12-19 23:59:59.999,1863236625.932864,6482253,10880.14451,953886285.3647416,0,2025-12-19,0.03064359226492308,0.030183453965176642,46.52701771218059
2025-12-20,88136.95,88573.07,87795.76,88360.9,5123.13194,2025-12-20 23:59:59.999,451919022.72775954,1174426,2456.37063,216687645.32920048,0,2025-12-20,0.002541045786250251,0.0025378227881089903,47.469636153849265
2025-12-21,88360.91,89081.77,87600.04,88658.86,7132.87258,2025-12-21 23:59:59.999,629720971.7866651,2030666,3450.39397,304712061.7980245,0,2025-12-21,0.003372079732098854,0.003366407020219751,44.72108338101165
2025-12-22,88658.87,90588.23,87900.0,88620.79,14673.2197,2025-12-22 23:59:59.999,1310235631.747926,4847747,7269.61435,649186791.7715422,0,2025-12-22,-0.00042939870871350205,-0.00042949092673883664,43.80296280885162
2025-12-23,88620.79,88940.0,86601.9,87486.0,13910.32904,2025-12-23 23:59:59.999,1219899607.2677548,4465080,6381.76747,559905195.8871304,0,2025-12-23,-0.012805008847246668,-0.012887699635666881,33.07034245324847
2025-12-24,87486.0,88049.89,86420.0,87669.45,9140.8432,2025-12-24 23:59:59.999,797460526.4738462,2877239,4543.27331,396385690.4046026,0,2025-12-24,0.002096906933680698,0.002094711492890748,35.37359606150069
2025-12-25,87669.44,88592.74,86934.72,87225.27,7096.58235,2025-12-25 23:59:59.999,622970453.6497648,1992172,3390.95708,297591128.7233041,0,2025-12-25,-0.00506653115766087,-0.005079409544226788,32.13788938287149
2025-12-26,87225.27,89567.75,86655.08,87369.56,18344.61505,2025-12-26 23:59:59.999,1616722115.636646,4509482,8846.80613,780464877.7249064,0,2025-12-26,0.0016542224518192317,0.00165285573288968,38.5888904984443
2025-12-27,87369.56,87984.0,87253.05,87877.01,4469.55156,2025-12-27 23:59:59.999,391274205.274436,957536,2065.72405,180860481.2392424,0,2025-12-27,0.005808086935541468,0.00579128502519536,41.036312984790165
2025-12-28,87877.0,88088.75,87435.0,87952.71,4446.29285,2025-12-28 23:59:59.999,390327299.1502763,1241426,2230.75216,195842128.18741432,0,2025-12-28,0.0008614312207482211,0.0008610604018155715,49.01928889731003
2025-12-29,87952.71,90406.08,86806.5,87237.13,19894.98575,2025-12-29 23:59:59.999,1762011993.0377953,4793589,10079.10102,892298235.3755021,0,2025-12-29,-0.008135963064696994,-0.00816924063180667,53.9601802778546
2025-12-30,87237.13,89400.0,86845.66,88485.49,13105.91001,2025-12-30 23:59:59.999,1155016404.4786751,3542176,6561.56089,578303387.4025433,0,2025-12-30,0.014309961824741313,0.014208540730604829,53.11616788544216
2025-12-31,88485.5,89200.0,87250.0,87648.22,11558.62047,2025-12-31 23:59:59.999,1019746835.2795268,2897396,5432.03408,479104976.9645489,0,2025-12-31,-0.009462229344042727,-0.009507280651887915,57.63719777352584
2026-01-01,87648.21,88919.45,87550.43,88839.04,6279.57133,2026-01-01 23:59:59.999,552991635.2911001,1449281,3123.64536,275090077.2883817,0,2026-01-01,0.013586356916318376,0.013494889906895059,67.19358834907644
2026-01-02,88839.05,90961.81,88379.88,89995.13,17396.97301,2026-01-02 23:59:59.999,1558958860.8870876,5010211,8929.35447,800380273.9640186,0,2026-01-02,0.013013310364452524,0.012929364730521834,61.33323249536166
2026-01-03,89995.14,90741.16,89314.01,90628.01,7057.46716,2026-01-03 23:59:59.999,635514773.6093655,1684214,3791.72083,341479553.3015828,0,2026-01-03,0.007032380529924165,0.00700776866128145,63.17032052227925
2026-01-04,90628.01,91810.0,90628.0,91529.73,10426.5297,2026-01-04 23:59:59.999,952160980.5212083,2207037,5320.99389,485918671.5920199,0,2026-01-04,0.00994968332637991,0.009900511123453195,65.58451357938907
2026-01-05,91529.74,94789.08,91514.81,93859.71,20673.59584,2026-01-05 23:59:59.999,1927455243.548076,5485489,10892.9695,1015858751.9317029,0,2026-01-05,0.025455991184503812,0.025137383113592964,72.77284361046591
2026-01-06,93859.71,94444.44,91262.94,93747.97,18546.41829,2026-01-06 23:59:59.999,1728045542.298375,5018686,8108.82157,755998193.3969632,0,2026-01-06,-0.0011905001624232803,-0.0011912093706725466,79.87720799922894
2026-01-07,93747.97,93747.97,90675.52,91364.16,14276.49025,2026-01-07 23:59:59.999,1311906952.9749737,4340252,6714.86954,616889466.1481977,0,2026-01-07,-0.02542785726453589,-0.025756732261084898,64.56919511004452
2026-01-08,91364.16,91687.99,89311.0,91099.99,16132.79117,2026-01-08 23:59:59.999,1460622501.2073882,4923472,8192.07574,741768676.9751914,0,2026-01-08,-0.0028913963637382523,-0.0028955845252425483,65.49905358940018
2026-01-09,91100.0,92082.55,89694.66,90641.28,15590.27939,2026-01-09 23:59:59.999,1416907180.1870482,4155703,8512.4327,773999739.2375336,0,2026-01-09,-0.0050352365571061375,-0.005047956075853812,62.76591427688483
2026-01-10,90641.27,90832.0,90404.0,90504.7,3104.11722,2026-01-10 23:59:59.999,281321375.4802981,766357,1551.97383,140664759.4095869,0,2026-01-10,-0.0015068189681346489,-0.0015079553615388976,60.55856071607379
2026-01-11,90504.7,91283.89,90236.0,91013.65,5477.13594,2026-01-11 23:59:59.999,497245863.9319499,1282029,2868.36168,260447706.8088716,0,2026-01-11,0.005623464858730998,0.005607712208944919,61.88561319472589
2026-01-12,91013.66,92519.95,90128.44,91296.2,16188.08268,2026-01-12 23:59:59.999,1479964862.2693064,4099509,8092.5428,740004800.1807222,0,2026-01-12,0.003104479383037706,0.003099670437196053,66.30983081303441
2026-01-13,91296.2,96495.0,91042.66,95414.0,23021.51482,2026-01-13 23:59:59.999,2149770801.117704,5025071,12405.23056,1159067162.248983,0,2026-01-13,0.04510373925749378,0.04411615250637421,72.62286399787888
2026-01-14,95413.99,97924.49,94559.28,96951.78,22851.89428,2026-01-14 23:59:59.999,2201535821.648615,5346212,11974.98829,1154415462.597303,0,2026-01-14,0.01611692204498283,0.01598842328794414,79.04896968697814
2026-01-15,96951.78,97193.34,95134.48,95604.8,21725.81369,2026-01-15 23:59:59.999,2093008182.8437335,4493095,10841.32767,1045103063.1114848,0,2026-01-15,-0.013893298297359746,-0.01399071349755265,70.92105377080894
2026-01-16,95604.81,95871.47,94293.46,95550.94,11167.7146,2026-01-16 23:59:59.999,1064019408.0772514,2971559,5055.06952,481723178.0814679,0,2026-01-16,-0.0005633608354392861,-0.0005635195827788953,68.43639061795875
2026-01-17,95550.94,95639.45,95021.67,95147.77,4280.80137,2026-01-17 23:59:59.999,408161941.6719079,1020527,2059.85283,196399075.9709701,0,2026-01-17,-0.00421942473825998,-0.004228351630570454,65.23055978649128
2026-01-18,95147.77,95531.12,93615.4,93673.14,6895.17819,2026-01-18 23:59:59.999,654773743.2677119,1488785,3107.35604,295217762.8212793,0,2026-01-18,-0.015498313833314237,-0.015619668190674642,56.95428698612848
2026-01-19,93673.14,93673.14,91910.2,92631.0,14295.52747,2026-01-19 23:59:59.999,1326770336.049047,3359066,6906.84245,640981004.8958122,0,2026-01-19,-0.011125280950334271,-0.011187629751686884,45.6499280953517
2026-01-20,92630.99,92870.0,87895.98,88427.66,22007.3261,2026-01-20 23:59:59.999,1989676668.5941784,6064031,9629.19624,870936424.1390942,0,2026-01-20,-0.045377249516900364,-0.046439042216747994,35.39537521541939
2026-01-21,88427.66,90574.0,87263.53,89454.73,20617.50372,2026-01-21 23:59:59.999,1837708115.3597033,6419053,10265.21302,915531751.0822006,0,2026-01-21,0.01161480468893994,0.011547870630407164,44.336633698605894
2026-01-22,89454.73,90359.99,88515.37,89559.67,10825.50492,2026-01-22 23:59:59.999,969910623.3559886,3743412,5529.54766,495598490.52278966,0,2026-01-22,0.0011731073359675381,0.0011724197832196023,45.387849208012675
2026-01-23,89559.68,91224.99,88578.36,89600.26,13918.48919,2026-01-23 23:59:59.999,1248772265.678843,4619907,6911.17668,620204414.132354,0,2026-01-23,0.0004532173912654702,0.0004531147192842445,46.80283875437795
2026-01-24,89600.26,89957.39,89162.08,89225.34,4226.56737,2026-01-24 23:59:59.999,378464146.0918812,959854,1835.96939,164401193.4396937,0,2026-01-24,-0.004184362857875601,-0.004193141802223088,46.12754499137948
2026-01-25,89225.34,89319.13,86074.72,86670.36,14426.22019,2026-01-25 23:59:59.999,1264233689.841581,3720178,6269.27657,549304584.5673953,0,2026-01-25,-0.02863513885181046,-0.029053123136142035,38.30232025747721
2026-01-26,86670.36,88860.0,86509.63,88347.08,17766.51453,2026-01-26 23:59:59.999,1560135758.989215,4798083,9428.94206,827914390.6949898,0,2026-01-26,0.019345944795891024,0.019161191027651143,42.61202509955449
2026-01-27,88347.08,89523.16,87304.33,89250.0,13125.40425,2026-01-27 23:59:59.999,1160026853.5895033,3787336,6722.86937,594388596.0572797,0,2026-01-27,0.010220145363038613,0.010168272808073633,31.593450565096575
2026-01-28,89249.99,90600.0,88833.65,89299.99,14332.18502,2026-01-28 23:59:59.999,1283919840.851472,4385791,7015.44336,628761031.3151364,0,2026-01-28,0.0005601120448179842,0.0005599552406158251,24.92244162228596
2026-01-29,89300.0,89348.0,83383.33,84650.16,30431.38201,2026-01-29 23:59:59.999,2610381587.9100037,5598749,12385.58906,1062920384.0760188,0,2026-01-29,-0.052069770668507376,-0.05347437718715272,20.487146467231682
2026-01-30,84650.16,84735.75,81118.0,84260.49,35195.84793,2026-01-30 23:59:59.999,2918624066.481832,8998829,16749.59784,1389486785.106681,0,2026-01-30,-0.004603299036883057,-0.00461392684575843,20.123038426750895
2026-01-31,84260.5,84270.02,75719.9,78741.09,39491.89133,2026-01-31 23:59:59.999,3155264093.623044,7384976,17959.61358,1435120245.9826963,0,2026-01-31,-0.06550401024252306,-0.06774794341998952,15.835274793283432
2026-02-01,78741.1,79424.0,75700.0,76968.21,25395.48168,2026-02-01 23:59:59.999,1974920557.0473864,8001906,12031.74392,936095742.7402173,0,2026-02-01,-0.02251530935119128,-0.02277264898561169,15.64099304836526
2026-02-02,76968.22,79360.0,74604.0,78738.61,42273.59016,2026-02-02 23:59:59.999,3260752444.4613295,10085578,21480.45115,1658977441.2234404,0,2026-02-02,0.023001704210088736,0.02274115286261672,22.257000956559395
2026-02-03,78738.6,79186.81,72945.5,75770.21,39120.10889,2026-02-03 23:59:59.999,2986903008.574792,9199445,17304.88253,1324119396.4360397,0,2026-02-03,-0.03769942090671896,-0.03842842483956077,23.411745973462658
2026-02-04,75770.21,76971.52,71888.0,73165.83,38375.36,2026-02-04 23:59:59.999,2852834631.5391464,10724002,17274.35569,1284664768.8290725,0,2026-02-04,-0.03437208369885747,-0.03497669878289926,17.909993766750375
2026-02-05,73165.84,73341.18,62345.0,62909.86,106298.82899,2026-02-05 23:59:59.999,7198745594.280694,15364010,49042.65006,3325749503.0332394,0,2026-02-05,-0.14017431361060217,-0.15102560052391373,12.497857507729151
2026-02-06,62909.87,71751.33,60000.0,70580.26,92539.21531,2026-02-06 23:59:59.999,6134056670.6115055,13228528,49477.51198,3288426149.280688,0,2026-02-06,0.12192683309102881,0.11504759382534949,27.966148033194884
2026-02-07,70580.26,71690.07,67300.0,69289.38,44255.48036,2026-02-07 23:59:59.999,3058983879.0691524,7167427,18766.22233,1298989823.4294407,0,2026-02-07,-0.01828953307907888,-0.01845885430431717,27.384983762440214
2026-02-08,69289.37,72271.41,68888.0,70330.38,21420.53168,2026-02-08 23:59:59.999,1510003758.652842,4870449,11435.75238,805898867.2818197,0,2026-02-08,0.015023947392803993,0.014912205705875922,30.804875802460543
2026-02-09,70330.38,71453.53,68308.0,70138.0,29152.72842,2026-02-09 23:59:59.999,2038959539.4209776,6644769,13854.63486,969001616.6829728,0,2026-02-09,-0.0027353755233514576,-0.0027391234992863328,27.83624036904949
2026-02-10,70138.0,70527.59,67800.0,68841.29,20373.77072,2026-02-10 23:59:59.999,1408623623.3599253,4558658,9237.21056,638739950.2535255,0,2026-02-10,-0.01848798083777703,-0.01866101963278177,25.394763587928225
2026-02-11,68841.28,69292.88,65756.0,67082.52,28718.24602,2026-02-11 23:59:59.999,1930513947.5441144,6956577,14335.50997,963903748.2694871,0,2026-02-11,-0.025548184817570818,-0.02588020693947351,24.27406268533872
2026-02-12,67082.52,68410.52,65118.0,66272.17,24271.74283,2026-02-12 23:59:59.999,1622162145.3342066,6778280,12101.72511,809418852.0733618,0,2026-02-12,-0.01207989801217968,-0.012153452937677535,26.64305128491246
2026-02-13,66272.17,69482.97,65872.46,68853.96,20244.54955,2026-02-13 23:59:59.999,1371286022.3300548,6450842,10425.24887,706766540.6168541,0,2026-02-13,0.03895737833844892,0.038217689464747844,31.452981204905598
2026-02-14,68853.97,70560.01,68730.13,69822.95,18114.78393,2026-02-14 23:59:59.999,1260259314.3600264,3803163,7857.93423,546756073.2649412,0,2026-02-14,0.014073119396473155,0.013975012427655345,37.94301752412574
2026-02-15,69822.94,70983.0,68000.0,68832.58,22290.05208,2026-02-15 23:59:59.999,1545094572.1368144,4598633,8861.59262,615733099.1208996,0,2026-02-15,-0.014184018291979905,-0.014285572925026392,38.76318721221276
2026-02-16,68832.59,70126.67,67294.11,68892.43,15515.76534,2026-02-16 23:59:59.999,1062797918.2535973,5233849,8153.4314,558909191.7674918,0,2026-02-16,0.0008695010415125104,0.0008691232444626728,35.726135857564316
2026-02-17,68892.43,69241.5,66621.06,67503.52,16489.06921,2026-02-17 23:59:59.999,1117987651.294812,5994853,7538.45107,511426190.89324033,0,2026-02-17,-0.02016056045635184,-0.0203665579406587,37.44074504531193
2026-02-18,67503.52,68476.22,65870.0,66461.0,15492.43839,2026-02-18 23:59:59.999,1040493524.6521236,4548997,7895.05707,530458178.1385649,0,2026-02-18,-0.015443935368111283,-0.015564435209118136,39.30611259282226
2026-02-19,66461.0,67320.0,65631.83,67003.73,14542.26988,2026-02-19 23:59:59.999,968863572.7821527,4679351,7106.70741,473456223.07210714,0,2026-02-19,0.008166142549765887,0.008132980025301773,59.46093600146056
2026-02-20,67003.73,68318.39,66280.2,68020.01,35351.87091,2026-02-20 23:59:59.999,2378079150.5678473,5044912,15001.46034,1010970043.1452411,0,2026-02-20,0.01516751380855963,0.015053637111473492,41.45531197414415
2026-02-21,68020.0,68698.7,67534.69,67975.93,8032.84131,2026-02-21 23:59:59.999,547592078.8471988,1593539,4003.46206,272919692.67728,0,2026-02-21,-0.0006480445974648141,-0.0006482546691270726,45.218508117742346
2026-02-22,67975.93,68245.0,67190.0,67643.4,8175.13484,2026-02-22 23:59:59.999,553613335.5774136,2160900,3974.29287,269081093.6109383,0,2026-02-22,-0.004891878639983305,-0.00490388304368946,39.68629522211282
2026-02-23,67643.39,67684.86,63888.79,64656.02,33075.90923,2026-02-23 23:59:59.999,2158158656.1215167,8268695,16388.63858,1069328860.0589623,0,2026-02-23,-0.04416365824308055,-0.04516857121636174,32.675273650771146
2026-02-24,64656.01,65026.75,62510.28,64058.15,23102.83622,2026-02-24 23:59:59.999,1469512159.7199352,7553629,11150.61026,709235431.9176984,0,2026-02-24,-0.009246934778849636,-0.009289953077215952,34.18526928891009
2026-02-25,64058.15,69988.83,63913.27,67988.04,30749.99259,2026-02-25 23:59:59.999,2064089702.8444352,7096715,16382.91985,1098904977.008272,0,2026-02-25,0.06134879012272432,0.059540542765822574,52.618087447682754
2026-02-26,67988.04,68860.0,66500.0,67485.18,20737.77792,2026-02-26 23:59:59.999,1404774665.564561,5426137,10172.50047,689304052.4530671,0,2026-02-26,-0.007396300878801609,-0.007423789136971464,53.57060646824894
2026-02-27,67485.19,68216.8,64914.46,65872.1,21228.58424,2026-02-27 23:59:59.999,1412033823.5619729,3856064,10107.20917,671986242.524662,0,2026-02-27,-0.023902729458526895,-0.024193035094981677,40.69177528853102
2026-02-28,65872.09,67760.0,63030.0,66973.26,22548.71649,2026-02-28 23:59:59.999,1462864408.2615664,5268514,11531.10802,748190390.4323822,0,2026-02-28,0.016716637240956178,0.0165784521278679,41.17716265075531
2026-03-01,66973.26,68199.99,65056.0,65776.47,23201.85859,2026-03-01 23:59:59.999,1545783742.9062,5312013,11209.77201,747161922.8484616,0,2026-03-01,-0.01786966917841526,-0.018031259656580454,40.657486306189824
2026-03-02,65776.48,70096.0,65259.21,68830.06,32010.38431,2026-03-02 23:59:59.999,2164578841.845917,8397526,15335.91369,1037871544.5481504,0,2026-03-02,0.04642374393153048,0.04537839252942392,49.83883446074275
2026-03-03,68830.06,69258.08,66158.0,68338.0,24972.2418,2026-03-03 23:59:59.999,1691848669.9430182,7648119,12331.622,835461016.0946944,0,2026-03-03,-0.007148911391331003,-0.007174587301422502,52.26111781288713
2026-03-04,68338.01,74050.0,67400.0,72666.77,44919.0761,2026-03-04 23:59:59.999,3202864447.6324606,8618302,23641.35243,1685099057.930178,0,2026-03-04,0.06334352775907992,0.061418215316930716,64.27331067980373
2026-03-05,72666.77,73558.15,70645.47,70890.72,26590.51253,2026-03-05 23:59:59.999,1917514690.387834,6709160,12299.51467,886773462.4727771,0,2026-03-05,-0.02444102029029227,-0.024744659742350593,58.460134100108895
2026-03-06,70891.02,71419.98,67744.78,68114.02,22629.88722,2026-03-06 23:59:59.999,1574601198.874888,5302899,10464.09351,728091757.7822126,0,2026-03-06,-0.0391687374595715,-0.03995647071445988,50.190051191110136
2026-03-07,68114.02,68551.04,66915.26,67262.91,12719.54315,2026-03-07 23:59:59.999,861729861.8530488,2067476,5910.76849,400477518.3566913,0,2026-03-07,-0.012495371731106153,-0.012574095363267338,48.60410245326519
2026-03-08,67262.91,68200.0,65618.49,65971.2,21593.63901,2026-03-08 23:59:59.999,1447522160.3154545,3028392,11268.64926,755732359.1696719,0,2026-03-08,-0.01920389706600567,-0.01939068716249424,46.84478897710179
2026-03-09,65971.2,69516.65,65821.97,68432.16,28896.7213,2026-03-09 23:59:59.999,1967622051.44968,5093667,14101.45378,960195772.9159064,0,2026-03-09,0.03730355064027946,0.03662460641351922,57.26946859382583
2026-03-10,68432.16,71777.0,68391.41,69948.63,32602.57726,2026-03-10 23:59:59.999,2292525621.4405203,5176064,16453.82839,1157238967.1004455,0,2026-03-10,0.022160194855752158,0.02191822593227371,60.952430534896195
2026-03-11,69948.64,71321.0,68977.91,70191.86,27249.27542,2026-03-11 23:59:59.999,1911300596.234168,4759855,14015.31615,982971805.5997224,0,2026-03-11,0.0034772661022810514,0.003471234391040441,54.748682800865716
2026-03-12,70191.86,70800.0,69205.91,70541.34,21997.1605,2026-03-12 23:59:59.999,1540745224.510106,4344059,10545.03396,738758111.8989178,0,2026-03-12,0.0049789249066771735,0.004966571049048208,56.629080705699856
2026-03-13,70541.34,73913.74,70386.01,70930.0,35996.61678,2026-03-13 23:59:59.999,2591768526.2961473,5312490,18310.3426,1319530652.9586313,0,2026-03-13,0.005509677020595349,0.005494554272369187,61.58647603810738
2026-03-14,70930.01,71307.92,70317.0,71211.95,13017.24737,2026-03-14 23:59:59.999,921308630.9462768,1661739,6242.10104,441895405.35856247,0,2026-03-14,0.0039750458198222205,0.003967166199519513,60.08850159918849
2026-03-15,71211.95,73199.0,70858.82,72815.24,14037.30704,2026-03-15 23:59:59.999,1007334955.2436514,2509013,7307.01776,524440519.7627765,0,2026-03-15,0.022514339236602954,0.022264632539767723,66.43494942334536
2026-03-16,72815.25,74909.08,72270.41,74884.67,28409.53019,2026-03-16 23:59:59.999,2095859511.5648637,5396482,15204.22255,1122045159.1994789,0,2026-03-16,0.028420286742171008,0.028023922724339036,64.81803359492741
2026-03-17,74884.67,76000.0,73399.19,73909.36,24521.26636,2026-03-17 23:59:59.999,1825976731.3326733,4863187,11791.2523,878396858.780886,0,2026-03-17,-0.013024161019872249,-0.01310971909840106,63.32025063692074
2026-03-18,73909.37,74672.34,70500.0,71246.54,23392.88093,2026-03-18 23:59:59.999,1692949838.9777424,4733897,11709.17057,847905482.6972562,0,2026-03-18,-0.03602818371042593,-0.03669322101311266,46.31054851180717
2026-03-19,71246.55,71613.79,68793.35,69930.0,22364.81819,2026-03-19 23:59:59.999,1566573949.8604124,4972526,10489.13676,734634623.2873883,0,2026-03-19,-0.018478651735228002,-0.018651514850332427,47.44321538712112
2026-03-20,69930.01,71367.0,69388.0,70510.73,18121.16745,2026-03-20 23:59:59.999,1273812840.6886704,4369971,8801.41211,618781938.2268149,0,2026-03-20,0.008304447304447349,0.008270155102978788,57.22262168591624
2026-03-21,70510.73,71100.94,68571.42,68918.12,13397.1675,2026-03-21 23:59:59.999,942693882.026424,1640086,6379.69313,449156360.93415475,0,2026-03-21,-0.022586775090826627,-0.022845763534559155,54.77468371373069
2026-03-22,68918.12,69588.79,67360.66,67859.0,14843.78682,2026-03-22 23:59:59.999,1018926475.3196974,3269152,7292.32333,500700088.25183487,0,2026-03-22,-0.015367801675379322,-0.015487110258322837,55.51968936762454
2026-03-23,67859.0,71817.09,67445.18,70906.45,28335.09119,2026-03-23 23:59:59.999,1980755169.231694,6509730,14640.9723,1022970775.4557816,0,2026-03-23,0.044908560397294295,0.04392937957609135,56.994621500766925
2026-03-24,70906.45,71400.0,68923.07,70556.74,20702.42244,2026-03-24 23:59:59.999,1455361229.2099645,4191328,9731.85043,684254039.2949127,0,2026-03-24,-0.004931991377371103,-0.004944193784823292,51.8404898691491
2026-03-25,70556.74,72026.09,70408.0,71336.53,17719.50066,2026-03-25 23:59:59.999,1261017988.5394323,3298902,8819.77787,627874982.8921664,0,2026-03-25,0.011051956198656399,0.010991329616637294,53.355447564004926
2026-03-26,71336.53,71436.82,68153.0,68820.31,20820.45768,2026-03-26 23:59:59.999,1447699734.3398392,3597702,10116.39467,703650001.5901196,0,2026-03-26,-0.035272531478612756,-0.03590963357008416,45.523660203613986
2026-03-27,68820.31,69179.05,65548.25,66407.28,28603.69557,2026-03-27 23:59:59.999,1917318222.7099128,4159306,14568.62853,976680026.2656809,0,2026-03-27,-0.035062759816106626,-0.035692215836955574,39.357304216867455
2026-03-28,66407.28,67288.94,65932.09,66377.03,11462.39847,2026-03-28 23:59:59.999,762676255.4470605,1687368,5753.04124,382921412.2238488,0,2026-03-28,-0.00045552234634516076,-0.00045562612816699334,38.486257102441854
2026-03-29,66377.04,67130.5,65000.0,66010.93,10052.85584,2026-03-29 23:59:59.999,667003517.6059871,2146177,4769.42832,316674097.3501869,0,2026-03-29,-0.00551546220130672,-0.005530728522709364,32.78184088250933
2026-03-30,66010.93,68169.65,65800.59,66797.37,18353.38975,2026-03-30 23:59:59.999,1234617690.8920753,3902849,9155.91893,615747978.8513808,0,2026-03-30,0.01191378458082637,0.011843374134185144,28.11418198193124
2026-03-31,66797.38,68589.49,65998.05,68284.48,22105.40662,2026-03-31 23:59:59.999,1490168487.4548745,4846820,10726.18262,723378692.7667619,0,2026-03-31,0.022263002270897836,0.02201879944892802,35.18826706664025
2026-04-01,68284.49,69310.0,67578.75,68113.92,19020.1899,2026-04-01 23:59:59.999,1301708227.0745244,3741910,9702.49844,664126033.9269131,0,2026-04-01,-0.0024977857340350296,-0.0025009104050785873,40.50471457340901
2026-04-02,68113.92,68653.38,65712.12,66901.99,20203.47916,2026-04-02 23:59:59.999,1349223461.5270572,4189133,10090.6562,673815463.8757504,0,2026-04-02,-0.01779269200774225,-0.01795288497272631,40.76322139216218
2026-04-03,66901.99,67370.42,66282.0,66964.3,11429.13131,2026-04-03 23:59:59.999,763535606.9777882,2023104,5535.26988,369859409.32271767,0,2026-04-03,0.0009313624303253221,0.0009309289814481332,38.82847392020101
2026-04-04,66964.29,67562.93,66775.91,67300.42,7373.51613,2026-04-04 23:59:59.999,494932017.4232442,1356179,3701.32932,248489879.9959024,0,2026-04-04,0.0050193909291964545,0.005006835781815329,44.466049175774174
2026-04-05,67300.42,69136.2,66611.66,69034.18,11733.46752,2026-04-05 23:59:59.999,791661977.3234502,2106257,5791.55692,391091472.13861215,0,2026-04-05,0.025761503420038023,0.025435266920256033,53.842773226741855
2026-04-06,69034.18,70351.46,68300.0,68853.66,20281.61044,2026-04-06 23:59:59.999,1408020173.0961628,4695523,10149.79257,704797801.6383992,0,2026-04-06,-0.0026149365430282456,-0.002618361461522849,41.73851100906724
2026-04-07,68853.66,72761.0,67732.01,71924.22,23750.49661,2026-04-07 23:59:59.999,1649637855.842697,4871706,12465.18271,866730089.2310433,0,2026-04-07,0.04459545069935267,0.043629681945818906,54.51471471868046
2026-04-08,71924.22,72857.0,70707.23,71069.93,19802.68627,2026-04-08 23:59:59.999,1418484188.0521238,3843988,9570.20189,685666276.8388308,0,2026-04-08,-0.011877640105099618,-0.011948742855087834,49.124132674516375
2026-04-09,71069.93,73145.0,70466.0,71787.97,18158.42159,2026-04-09 23:59:59.999,1300323816.009336,3773025,9604.31771,687990251.043167,0,2026-04-09,0.010103288409036182,0.010052591375903568,61.0560151165858
2026-04-10,71787.98,73434.0,71426.15,72962.7,17372.63288,2026-04-10 23:59:59.999,1259195636.055663,3176308,8819.74841,639705902.5013963,0,2026-04-10,0.01636388380950171,0.01623143839049557,76.90458288461036
2026-04-11,72962.71,73790.0,72513.09,73043.16,9070.94374,2026-04-11 23:59:59.999,662437113.7096702,1472041,4673.47605,341269009.9930418,0,2026-04-11,0.0011027552434326182,0.0011021476555086477,77.24666126594369
2026-04-12,73043.16,73137.24,70505.88,70740.98,13472.46801,2026-04-12 23:59:59.999,962825891.8165911,2068779,6326.31289,451853887.81102085,0,2026-04-12,-0.03151807780495819,-0.0320254620862258,66.69153314169446
2026-04-13,70741.56,74900.0,70566.99,74417.99,24230.21625,2026-04-13 23:59:59.999,1753370318.184166,3673539,12639.79905,914783773.8511785,0,2026-04-13,0.0519784995910435,0.050672676455567146,72.33530954454919
2026-04-14,74418.0,76038.0,73795.47,74131.55,26532.94456,2026-04-14 23:59:59.999,1982728989.60722,4033448,13313.88956,995694440.9989891,0,2026-04-14,-0.0038490692909066704,-0.00385649602156905,68.43465282292416
2026-04-15,74131.55,75425.0,73514.0,74809.99,14425.04167,2026-04-15 23:59:59.999,1071448612.537022,3187792,7014.01981,521112265.17116576,0,2026-04-15,0.009151838859432937,0.009110214548757956,70.45627151078496
2026-04-16,74809.99,75534.76,73309.85,75154.29,17088.68777,2026-04-16 23:59:59.999,1274894123.7496114,3581890,8601.69794,641950287.248219,0,2026-04-16,0.004602326507462173,0.004591768185657028,76.62176530857151
2026-04-17,75154.28,78333.0,74529.4,77072.0,25941.36694,2026-04-17 23:59:59.999,1987343208.84067,4931167,14435.4773,1106587361.0045395,0,2026-04-17,0.02551697314950352,0.025196849489872067,79.1211646967713
2026-04-18,77072.01,77420.08,75445.16,75691.76,9141.84456,2026-04-18 23:59:59.999,698008567.9340073,1941112,4333.78362,330918112.5519663,0,2026-04-18,-0.017908449242267088,-0.01807074609568446,72.80419030060848
2026-04-19,75691.76,76240.66,73762.9,73801.79,11369.82232,2026-04-19 23:59:59.999,854915370.4407915,2739751,5458.61875,410654487.0526324,0,2026-04-19,-0.024969296525804152,-0.025286317737347935,62.84731410426037
2026-04-20,73801.8,76558.62,73724.31,75840.97,16993.41034,2026-04-20 23:59:59.999,1280503914.3710752,3563591,8812.70109,664069175.9657189,0,2026-04-20,0.027630495141107048,0.027255661894529427,67.11439215619032
2026-04-21,75840.97,76927.57,74821.57,76336.15,14912.57132,2026-04-21 23:59:59.999,1132118272.5583112,3616213,7672.96288,582659654.9138548,0,2026-04-21,0.006529188643024986,0.006507965819314458,62.36654320482421
2026-04-22,76336.14,79472.82,76132.95,78178.23,19737.51225,2026-04-22 23:59:59.999,1543732085.5463338,3757077,10376.12434,811313167.0703671,0,2026-04-22,0.02413116197240761,0.02384460627844536,68.87898412617467
2026-04-23,78178.22,78662.5,76960.0,78257.48,16970.79501,2026-04-23 23:59:59.999,1321349698.354246,3571796,7760.75572,604322134.3078095,0,2026-04-23,0.001013709315240252,0.0010131958589200225,67.78591721526765
2026-04-24,78257.48,78581.93,77264.08,77437.13,12675.14315,2026-04-24 23:59:59.999,986932564.6001965,2581973,6148.06393,478778657.35331106,0,2026-04-24,-0.010482704017558353,-0.010538034574907543,62.54551306890285
2026-04-25,77437.13,77885.35,77140.23,77625.0,5685.1142,2026-04-25 23:59:59.999,440684004.3451535,806542,2999.85355,232567740.81986928,0,2026-04-25,0.0024260971448708535,0.0024231589225083856,62.76975730482379
2026-04-26,77625.0,78961.0,77326.51,78657.55,7963.56162,2026-04-26 23:59:59.999,621991973.4848,1476971,3981.86566,311149594.60716605,0,2026-04-26,0.01330177133655397,0.013214079557603819,73.74414912027603
2026-04-27,78657.55,79485.66,76459.64,77371.32,16046.92418,2026-04-27 23:59:59.999,1247833550.0841925,2982889,7712.53219,600122422.5927734,0,2026-04-27,-0.016352276418474698,-0.01648745051910991,60.340943389223526
2026-04-28,77371.32,77478.0,75666.6,76342.77,13210.72383,2026-04-28 23:59:59.999,1010412673.5550212,2352446,6518.95469,498681416.19895184,0,2026-04-28,-0.013293685567210223,-0.013382837592731378,57.35998775121657
2026-04-29,76342.78,77904.93,74937.52,75780.0,18279.93022,2026-04-29 23:59:59.999,1399735858.345528,3032890,9680.02112,741279741.5187618,0,2026-04-29,-0.007371621438415188,-0.00739892610895058,53.25370667163997
2026-04-30,75780.0,76669.14,75323.65,76346.57,10381.81607,2026-04-30 23:59:59.999,790584591.6891539,2569480,5585.19124,425311383.2018324,0,2026-04-30,0.007476510952758142,0.007448700376110247,53.94050963413429
2026-05-01,76346.58,78914.12,76320.42,78231.13,17315.46502,2026-05-01 23:59:59.999,1347837835.9195642,2388458,8322.98012,647849577.8083475,0,2026-05-01,0.024684278547156602,0.024384544212578043,53.839361127764526
2026-05-02,78231.13,79199.48,78040.0,78686.85,6150.87642,2026-05-02 23:59:59.999,482238389.4494098,936143,3297.03958,258534491.673966,0,2026-05-02,0.005825302536215382,0.005808401067078971,60.56780019236703
2026-05-03,78686.84,79447.0,78084.08,78568.57,7425.7929,2026-05-03 23:59:59.999,584294330.4516287,1352474,3464.91412,272683292.169375,0,2026-05-03,-0.0015031736560809916,-0.0015043045550349114,69.22222025075938
2026-05-04,78568.58,80776.99,78202.0,79861.01,26042.96135,2026-05-04 23:59:59.999,2074174850.511439,3734604,13351.64548,1063054861.8782552,0,2026-05-04,0.01644983483853646,0.016316001996395605,67.2498369434623
2026-05-05,79861.01,81791.48,79808.72,80905.52,16947.17995,2026-05-05 23:59:59.999,1374319029.230936,2490930,8628.14977,699849788.9064542,0,2026-05-05,0.013079098298406366,0.01299430543480134,68.72427106647996
2026-05-06,80905.53,82850.0,80731.14,81447.01,18798.77396,2026-05-06 23:59:59.999,1535650624.7612484,2794707,9976.68805,815009074.2302134,0,2026-05-06,0.006692868422327525,0.006670570614040161,64.99283561168834
2026-05-07,81447.01,81708.32,79500.0,80006.0,16154.80338,2026-05-07 23:59:59.999,1300766382.102334,2540329,7625.14879,614218758.7473308,0,2026-05-07,-0.017692607745821376,-0.01785099287490194,57.129308727951816
2026-05-08,80006.0,80500.0,79181.48,80193.17,16001.31009,2026-05-08 23:59:59.999,1278566045.4172618,2265372,8328.38654,665600036.192464,0,2026-05-08,0.0023394495412842886,0.002336717289686288,61.84912448451036
2026-05-09,80193.18,81080.0,80129.85,80678.4,7548.42177,2026-05-09 23:59:59.999,607596225.98642,1002373,4032.72566,324554540.3255052,0,2026-05-09,0.006050764672352882,0.006032532305335769,62.8002830533542
2026-05-10,80678.41,82479.32,80279.77,82210.07,12034.31882,2026-05-10 23:59:59.999,977223714.2634743,1801608,6395.8966,519505191.5151365,0,2026-05-10,0.018984883190544366,0.01880691918505757,64.29447457790798
2026-05-11,82210.07,82380.0,80462.97,81745.65,12951.76056,2026-05-11 23:59:59.999,1053193670.8757555,2576396,6132.37349,498860919.4964037,0,2026-05-11,-0.005649186285816454,-0.005665203289169573,68.84773779578238
2026-05-12,81745.66,81788.0,79843.59,80504.47,12386.25676,2026-05-12 23:59:59.999,1000180167.440677,2345137,5716.20385,461739840.0868008,0,2026-05-12,-0.015183437895472052,-0.015299886519223746,67.6089234003158
2026-05-13,80504.47,81324.64,78754.65,79313.61,14810.05643,2026-05-13 23:59:59.999,1184929842.8688235,2350570,7161.64182,573129996.834195,0,2026-05-13,-0.014792470529897295,-0.01490297018466756,64.19678090430699
2026-05-14,79313.61,82048.13,78922.0,81089.99,19727.86807,2026-05-14 23:59:59.999,1590656475.018797,3101046,10750.20775,867205459.8346943,0,2026-05-14,0.02239691271145028,0.02214978498814916,67.36890439489942
2026-05-15,81090.0,81664.45,78659.0,79113.21,17351.27079,2026-05-15 23:59:59.999,1387152674.368868,3184114,8333.17845,666666033.915996,0,2026-05-15,-0.024377608136343376,-0.024679661013995487,53.20823094840091
2026-05-16,79113.2,79227.77,77640.0,78148.05,12132.86192,2026-05-16 23:59:59.999,949890656.658851,1597661,5776.31138,452258189.4353481,0,2026-05-16,-0.012199732509905803,-0.012274760081870962,48.1103462401221
2026-05-17,78148.05,78599.99,76735.16,77457.67,8442.7022,2026-05-17 23:59:59.999,658061481.644852,1570433,3897.8677,303858886.908721,0,2026-05-17,-0.008834257540655255,-0.008873510947942894,46.254218177207925
2026-05-18,77457.67,77800.0,76051.0,77001.87,18745.51678,2026-05-18 23:59:59.999,1439862031.891971,3529328,8916.45791,684998988.3253162,0,2026-05-18,-0.005884504400919921,-0.005901886319804632,39.78297660669926
2026-05-19,77001.88,77414.62,76144.71,76834.36,11024.85978,2026-05-19 23:59:59.999,846904378.3078035,2315121,5680.77448,436435106.0620676,0,2026-05-19,-0.0021754017142699977,-0.002177771337791657,34.47904085690931
2026-05-20,76834.36,77853.04,76516.74,77552.23,11296.26307,2026-05-20 23:59:59.999,873091271.471635,2437754,5606.16242,433402000.2313096,0,2026-05-20,0.009343085567446563,0.009299708915349147,35.3485180665422
2026-05-21,77552.24,78200.0,76719.47,77615.52,11318.25841,2026-05-21 23:59:59.999,878168697.2277491,2473146,5765.00854,447290745.1412532,0,2026-05-21,0.000816095165800057,0.0008157623412056216,39.96751638869541
2026-05-22,77615.52,77900.0,75359.18,75539.5,11272.36134,2026-05-22 23:59:59.999,866200460.9104595,2370783,5204.99076,400374654.6094489,0,2026-05-22,-0.026747485554435513,-0.027111708939230417,33.14199187831238
2026-05-23,75539.5,77404.18,74289.6,76752.01,15086.88814,2026-05-23 23:59:59.999,1138996605.773816,2103536,7738.58719,584406871.6902983,0,2026-05-23,0.01605133737978126,0.01592387679685496,36.48852051262819
2026-05-24,76752.0,77543.15,76108.0,77064.96,8398.00156,2026-05-24 23:59:59.999,644925517.611316,1612969,4513.13276,346628082.28819406,0,2026-05-24,0.0040774176467823775,0.004069127506717748,30.673625264910328
2026-05-25,77064.96,77905.52,76914.25,77322.01,7672.32197,2026-05-25 23:59:59.999,593868004.9975973,1778509,3644.38154,282126295.7074095,0,2026-05-25,0.003335497741126403,0.0033299473074173843,33.120696839223015
2026-05-26,77322.01,78080.0,75677.97,75930.01,16953.47629,2026-05-26 23:59:59.999,1299609317.6975915,3360745,7867.0405,603376144.8767151,0,2026-05-26,-0.018002635989416205,-0.01816665493821507,32.74382552117912
2026-05-27,75930.01,76174.15,74243.99,74449.3,16877.77483,2026-05-27 23:59:59.999,1270680262.9088244,3367068,7990.81792,601880855.3520991,0,2026-05-27,-0.019500985183592,-0.019693638122979272,32.04310855917683
2026-05-28,74449.31,74590.77,72582.82,73617.51,21274.02026,2026-05-28 23:59:59.999,1560808525.5072746,3799713,11285.37807,828070542.0512333,0,2026-05-28,-0.011172569789104858,-0.011235451754405826,20.346877971272576
2026-05-29,73617.52,74514.1,72512.49,73460.78,18686.74141,2026-05-29 23:59:59.999,1376106492.906427,2897318,10668.37212,786121889.890037,0,2026-05-29,-0.0021289771957785364,-0.002131246689434228,23.782232830570564
2026-05-30,73460.78,74143.76,73216.0,73884.38,7515.40909,2026-05-30 23:59:59.999,553989386.1115208,1124406,4118.11087,303592073.2673063,0,2026-05-30,0.0057663422577327594,0.005749780542727423,29.177658985310927
2026-05-31,73884.38,74275.66,73400.0,73674.39,6986.45707,2026-05-31 23:59:59.999,515907532.5891972,1363437,3407.47243,251629752.0865094,0,2026-05-31,-0.0028421433596654833,-0.0028461899181889336,30.614112578424297
2026-06-01,73674.39,74092.0,70686.68,71408.9,23921.09184,2026-06-01 23:59:59.999,1723958338.6828775,4237773,11600.30396,835109172.1168073,0,2026-06-01,-0.030750034034893292,-0.031232737545768535,25.824658893746374
2026-06-02,71408.9,71408.9,66193.0,66760.83,32858.19586,2026-06-02 23:59:59.999,2253348577.983128,6250677,15675.4915,1074442481.8457325,0,2026-06-02,-0.06509090603552203,-0.06730598012661611,18.614512523935915
2026-06-03,66760.84,67516.0,64092.49,64142.75,30138.3065,2026-06-03 23:59:59.999,1998349981.892944,6676358,14567.29572,967367597.5473663,0,2026-06-03,-0.039215809629688625,-0.04000546300379148,12.64410851624784
2026-06-04,64142.75,64764.32,61383.56,63885.99,43577.17571,2026-06-04 23:59:59.999,2759349733.489383,9057976,20172.82504,1278141865.0268295,0,2026-06-04,-0.004002946552806086,-0.004010979788266344,12.160403489189292
2026-06-05,63885.99,63978.0,59130.91,61056.47,55027.28807,2026-06-05 23:59:59.999,3379021750.503328,11658856,24879.51775,1529682071.4700003,0,2026-06-05,-0.04429014874779269,-0.04530091487131432,11.675473994787055
2026-06-06,61056.47,61530.05,59500.0,60884.62,19795.58877,2026-06-06 23:59:59.999,1202325958.4682336,5000874,9473.55921,575481185.8910959,0,2026-06-06,-0.0028146075264422477,-0.002818575982386037,5.564955566047743
2026-06-07,60884.62,64234.68,60746.0,63332.01,26612.10443,2026-06-07 23:59:59.999,1656650772.813708,4752461,14156.31067,882490717.5764754,0,2026-06-07,0.040197179517585946,0.0394102908722764,15.648783357671661
2026-06-08,63332.01,64200.0,62408.0,63085.99,23053.38624,2026-06-08 23:59:59.999,1462563286.7512205,4887564,11227.99606,712684502.0653824,0,2026-06-08,-0.003884607483640612,-0.003892172168200064,14.370757833616992
2026-06-09,63086.0,63526.01,60780.0,61730.0,21636.21959,2026-06-09 23:59:59.999,1347322049.1623404,4347332,10357.23644,645037339.5456268,0,2026-06-09,-0.021494312762627588,-0.021728679963231683,14.39670765054042
2026-06-10,61730.0,62857.99,60755.0,61510.99,15998.71652,2026-06-10 23:59:59.999,986710883.5893747,4655686,7714.59491,475908655.4422775,0,2026-06-10,-0.003547869755386346,-0.0035541783711382628,15.369086882484169
2026-06-11,61510.99,63933.02,61510.99,63625.99,17380.94642,2026-06-11 23:59:59.999,1093211866.433885,3446803,8975.49366,564559048.5586231,0,2026-06-11,0.03438409949181431,0.03380617663638071,24.975530342875757
2026-06-12,63626.0,64394.44,62829.81,63580.01,16397.0524,2026-06-12 23:59:59.999,1042661512.679604,3154052,8373.87233,532498396.6271599,0,2026-06-12,-0.0007226606611543396,-0.0007229219062385423,25.114858143078422
2026-06-13,63580.0,64762.77,63418.66,64458.01,9960.74163,2026-06-13 23:59:59.999,637302050.4867933,1489009,5326.34918,340833402.1496999,0,2026-06-13,0.013809371845018514,0.013714891287420702,26.790514670941008
2026-06-14,64458.01,65800.0,63678.83,65746.45,13203.03375,2026-06-14 23:59:59.999,853654539.2638302,2060901,6966.04602,450843680.3207427,0,2026-06-14,0.019988826834709927,0.019791673152565584,31.464303082447998
2026-06-15,65746.45,67292.15,65354.0,66328.74,18559.80102,2026-06-15 23:59:59.999,1230675240.537974,3140494,8827.32403,585352821.9493269,0,2026-06-15,0.00885659986204601,0.008817610222801382,37.107763521195416
2026-06-16,66328.74,66992.0,65360.92,65675.01,14302.05801,2026-06-16 23:59:59.999,945125184.2518406,2964629,6709.60119,443519254.49336064,0,2026-06-16,-0.009855908615179598,-0.009904799591063123,46.54374887796454
2026-06-17,65675.02,66445.93,63915.77,64509.4,19048.65409,2026-06-17 23:59:59.999,1242898548.082235,3933123,9344.30808,609795592.7365174,0,2026-06-17,-0.01774815108516914,-0.01790753821922,51.28598676028141
2026-06-18,64509.4,64806.0,62272.07,62958.01,16935.59661,2026-06-18 23:59:59.999,1076015381.1924088,3573931,8148.66252,517693581.0628108,0,2026-06-18,-0.024049053316260838,-0.024342953377447053,47.01618369386416
2026-06-19,62958.01,63666.0,62316.44,63543.91,14247.424,2026-06-19 23:59:59.999,896102952.7753174,2671918,6709.20964,421981528.2738967,0,2026-06-19,0.009306202657930251,0.009263166748529431,59.34664001322652
2026-06-20,63543.9,64388.0,63184.21,64298.01,9522.10324,2026-06-20 23:59:59.999,607077211.7557423,1970081,4669.85879,297796699.61223286,0,2026-06-20,0.011867384301658568,0.011797519098186807,62.28823840706753
2026-06-21,64298.01,64588.0,63270.0,63311.99,8034.66333,2026-06-21 23:59:59.999,514862175.7362123,1768294,3833.13382,245702909.4202356,0,2026-06-21,-0.015335155784759191,-0.01545395539146637,49.91945269676554
2026-06-22,63312.0,65622.83,63312.0,64020.01,15423.10851,2026-06-22 23:59:59.999,995034557.156346,3521337,7677.53285,495354694.74254,0,2026-06-22,0.011183031839624658,0.011120964047776254,53.62318728141089
2026-06-23,64020.01,64275.38,61938.0,62734.57,20222.99292,2026-06-23 23:59:59.999,1268093221.2502334,3626190,9113.2674,571633628.7589369,0,2026-06-23,-0.02007872226199281,-0.02028303938282158,53.91830675415186
2026-06-24,62734.57,63239.06,59102.7,61077.99,30678.28543,2026-06-24 23:59:59.999,1871885814.3078947,5367531,14451.4544,882414090.5623845,0,2026-06-24,-0.02640617445851623,-0.02676107921319018,48.48139445165363
2026-06-25,61078.0,61962.4,58115.01,59794.0,30386.00694,2026-06-25 23:59:59.999,1822854100.0700865,5683275,14406.15352,865169997.7746557,0,2026-06-25,-0.021022139071701584,-0.021246250672292098,35.728677314571044
2026-06-26,59794.64,60759.99,58337.0,60097.27,27403.55723,2026-06-26 23:59:59.999,1636102058.3778124,6019134,13907.49037,831252961.0007827,0,2026-06-26,0.005071913569923314,0.005059094742014055,37.27327341373609
2026-06-27,60097.27,60941.17,59855.16,60029.0,9587.22916,2026-06-27 23:59:59.999,578765263.0698456,1763416,5067.9265,305951190.2586987,0,2026-06-27,-0.0011359917014532872,-0.0011366374290999936,32.79735571601137
2026-06-28,60029.01,60545.01,58905.0,59577.01,8907.13796,2026-06-28 23:59:59.999,533333220.8111167,2299232,4290.64588,257041890.3605781,0,2026-06-28,-0.0075295273950923836,-0.007558017387369744,24.372164897063996
2026-06-29,59577.01,60780.57,58900.01,60260.21,20203.14178,2026-06-29 23:59:59.999,1210648237.7440157,4884336,10334.16227,619595248.5255269,0,2026-06-29,0.01146751070589147,0.011402257194722534,25.000926878741993
2026-06-30,60260.2,60276.54,58201.0,58624.71,19639.82787,2026-06-30 23:59:59.999,1157911191.4893565,3804809,8879.55126,523471695.1315744,0,2026-06-30,-0.027140628949019585,-0.027515738535742358,23.13000408559006
2026-07-01,58624.71,61334.0,57800.19,60024.0,25093.44662,2026-07-01 23:59:59.999,1491051306.8189511,4166849,12936.11295,769788015.5304813,0,2026-07-01,0.023868604211432443,0.023588202184315163,33.20447301572085
2026-07-02,60024.0,62200.0,59588.0,61560.0,21382.14163,2026-07-02 23:59:59.999,1308156569.720092,3883096,11394.85517,697154441.649651,0,2026-07-02,0.02558976409436231,0.02526782672725091,44.75912778714562
2026-07-03,61560.0,62979.86,61248.86,62583.26,14048.98627,2026-07-03 23:59:59.999,870359931.583285,2571531,7249.98683,449356592.07945985,0,2026-07-03,0.016622157244964297,0.01648552123379743,46.513049431104186
2026-07-04,62583.26,63461.99,62328.24,63144.01,9139.8274,2026-07-04 23:59:59.999,574233846.0826051,1643288,4753.53597,298756917.6260528,0,2026-07-04,0.008960063761459525,0.008920160569787209,45.751598856686776
2026-07-05,63144.01,63999.0,62436.59,63650.0,9172.07758,2026-07-05 23:59:59.999,577866444.607444,1790183,4565.93641,287772291.7213926,0,2026-07-05,0.008013269983962124,0.0079813342291525,51.289961874740015
2026-07-06,63650.01,64700.0,61306.84,64042.02,21435.28437,2026-07-06 23:59:59.999,1347956046.4032269,3777895,11556.55192,725800060.888562,0,2026-07-06,0.006158994501178183,0.006140105413393971,50.08607373167363
2026-07-07,64042.93,64314.0,62671.39,63363.99,16834.20823,2026-07-07 23:59:59.999,1069267686.8886092,3282102,8128.20476,516256287.15832794,0,2026-07-07,-0.010587267547151002,-0.010643711408537317,52.58422057884045
2026-07-08,63364.0,63761.99,61544.56,62290.0,18620.09796,2026-07-08 23:59:59.999,1160087170.620036,3598487,8338.57026,519456686.0095176,0,2026-07-08,-0.016949532376354437,-0.017094819742218065,55.226185907524886
2026-07-09,62290.01,63500.0,61705.29,63230.0,16742.80672,2026-07-09 23:59:59.999,1050849813.269484,3176050,7922.48357,497503064.9628654,0,2026-07-09,0.015090704768020657,0.014977972804467787,65.26899381063606
2026-07-10,63230.01,64692.83,62926.01,64161.72,17589.00122,2026-07-10 23:59:59.999,1126097961.002051,2927425,8727.5029,558839184.585073,0,2026-07-10,0.014735410406452543,0.01462789910845953,67.10625664456515
2026-07-11,64161.72,64504.11,63819.0,63819.0,9151.97432,2026-07-11 23:59:59.999,587469874.5668087,1406178,3908.28562,250875418.84110928,0,2026-07-11,-0.005341502690389244,-0.00535581952090246,65.59098470849383
2026-07-12,63819.01,64290.11,63640.83,63780.0,13914.83703,2026-07-12 23:59:59.999,889938572.3679434,1919605,6757.00737,432156662.9830714,0,2026-07-12,-0.0006111032764537505,-0.000611290076167485,67.8980570575916
2026-07-13,63780.0,64425.0,61824.97,62334.52,21682.50204,2026-07-13 23:59:59.999,1361096729.9510434,3349712,9861.43724,618891429.7354479,0,2026-07-13,-0.022663530887425565,-0.02292429614348922,58.29475157452764
2026-07-14,62334.52,65100.0,62272.2,65043.98,20552.41384,2026-07-14 23:59:59.999,1310854500.6805303,3080945,10847.48978,692544328.0713369,0,2026-07-14,0.043466445237727136,0.0425482910408419,73.63900098028313
2026-07-15,65043.99,65600.0,64485.0,64756.28,18401.89741,2026-07-15 23:59:59.999,1195648323.7685184,2668919,9009.48362,585447811.8448781,0,2026-07-15,-0.004423161067327097,-0.004432972185701085,68.98056492316773
2026-07-16,64756.28,64997.52,63748.74,63830.2,18764.52679,2026-07-16 23:59:59.999,1206498386.3771937,2813481,9007.30607,579112000.2267197,0,2026-07-16,-0.01430100679038393,-0.014404251707617149,59.573893827701944
2026-07-17,63830.2,64387.99,62537.56,63931.67,18189.89389,2026-07-17 23:59:59.999,1152546029.3402517,3239296,8618.43801,545926712.6785715,0,2026-07-17,0.0015896863866946553,0.0015884241727964104,56.16590195538668
2026-07-18,63931.67,64865.0,63886.65,64834.22,8031.18012,2026-07-18 23:59:59.999,515954648.6863699,1088701,4100.21428,263412780.44647872,0,2026-07-18,0.014117416297744212,0.014018693630676971,57.49458372981701
2026-07-19,64834.21,64967.25,64280.0,64722.54,8379.91474,2026-07-19 23:59:59.999,541559101.9129945,1464337,4281.97001,276728781.2650717,0,2026-07-19,-0.0017225471363733202,-0.0017240324265918403,54.92809160165044
2026-07-20,64722.55,65799.0,63100.0,65255.51,21323.48702,2026-07-20 23:59:59.999,1379182710.2630444,3606847,10104.82668,654547128.9054285,0,2026-07-20,0.008234689182470278,0.008200969119188339,55.504429435218675
2026-07-21,65255.51,66956.15,65148.75,66556.16,18618.28087,2026-07-21 23:59:59.999,1232802690.07422,3005241,9545.80868,632017323.4732311,0,2026-07-21,0.01993165021620391,0.019735615458979755,63.705629742724
2026-07-22,66556.15,66739.89,65553.67,66114.49,18074.86602,2026-07-22 23:59:59.999,1193958918.306832,3381825,8854.46937,585011981.671543,0,2026-07-22,-0.006636049916341258,-0.006658166393920621,67.36328843246483
2026-07-23,66114.5,66313.14,64650.0,65098.97,14698.22673,2026-07-23 23:59:59.999,959991207.4603939,2557299,7036.32429,459602971.04271406,0,2026-07-23,-0.015360021683597735,-0.015479208870313692,58.42738579108224
2026-07-24,65098.98,65808.59,63739.75,64139.99,16821.2718,2026-07-24 23:59:59.999,1086879409.1640515,2467691,8133.22286,525535644.02044624,0,2026-07-24,-0.014731108648877278,-0.014840688920713862,49.902257390969524
2026-07-25,64140.0,64475.28,63810.0,64375.0,8863.0503,2026-07-25 23:59:59.999,568282056.0835841,1005338,4621.49495,296311657.9259438,0,2026-07-25,0.0036640167857837636,0.003657320627852729,52.52538557550629
2026-07-26,64375.01,65577.0,64293.81,65399.99,7933.06089,2026-07-26 23:59:59.999,513834097.46235937,1138023,4091.47971,265047345.63367552,0,2026-07-26,0.015922174757281526,0.015796746574042307,56.753216760420216
2026-07-27,65400.0,65744.6,63605.56,63755.86,14791.90543,2026-07-27 23:59:59.999,961311197.9853868,2921636,6694.82928,435156822.3178757,0,2026-07-27,-0.025139606290459637,-0.025461004175308038,55.8285750841066
2026-07-28,63755.86,64100.0,62742.47,63915.0,13889.82996,2026-07-28 23:59:59.999,881901504.4936239,2679943,7070.0283,449032421.8585752,0,2026-07-28,0.0024960842815076045,0.002492974237350568,44.14583709271622
2026-07-29,63915.0,64744.81,63267.34,63984.28,16780.11912,2026-07-29 23:59:59.999,1075624907.649938,3615294,8931.61763,572491996.7819498,0,2026-07-29,0.001083939607290807,0.0010833525689258074,45.904126857467865
2026-07-30,63984.29,65176.6,63603.92,64780.02,17131.58486,2026-07-30 23:59:59.999,1104856756.9244137,3246691,8996.1922,580226535.0264105,0,2026-07-30,0.01243649221339993,0.012359794291489201,55.1099767801691
2026-07-31,64780.03,65409.56,62466.0,62887.88,20475.60686,2026-07-31 23:59:59.999,1302023180.8966825,2740238,9659.56143,614195527.41951,0,2026-07-31,-0.029208697373047987,-0.02964376414494413,45.29164730771486
2026-08-01,62887.88,63150.0,62275.0,62823.64,7563.08904,2026-08-01 23:59:59.999,475812069.762356,831983,3772.23898,237336841.66406608,0,2026-08-01,-0.0010215004862621502,-0.001022022573455697,40.18859785245955
2026-08-02,62823.65,63796.33,62806.58,63570.0,8387.01154,2026-08-02 23:59:59.999,531238376.4212737,1286064,4566.33112,289282425.1367377,0,2026-08-02,0.01188024125950049,0.011810225186317268,44.703799897434195
2026-08-03,63570.01,64080.0,62300.0,63520.0,15543.29743,2026-08-03 23:59:59.999,983698515.9557792,2494364,7987.90387,505558159.3952664,0,2026-08-03,-0.0007865345288657899,-0.0007868440094370835,41.65447664661444
2026-08-04,63520.0,64243.81,63322.01,63823.99,3317.23331,2026-08-04 23:59:59.999,211484520.83557913,508902,1805.83511,115118072.5159382,0,2026-08-04,0.0047857367758186165,0.004774321543285831,35.46902041124578
