timestamp,open,high,low,close,volume,close_time,quote_volume,trades,taker_buy_base,taker_buy_quote,ignore,date,rsi,rolling_mean,rolling_std,zscore,return,log_return
2020-08-22,2.92,5.1,2.92,4.465,34281718.6,2020-08-22 23:59:59.999,133878465.805,415916,15619819.8,61118928.2762,0,2020-08-22,,,,,,
2020-08-23,4.482,4.5,3.706,3.993,23021804.0,2020-08-23 23:59:59.999,92770491.1651,288821,10062577.7,40605608.1304,0,2020-08-23,,,,,-0.10571108622620384,-0.11172638624737814
2020-08-24,3.993,4.81,3.755,4.594,27131790.2,2020-08-24 23:59:59.999,116315362.24,347435,12865033.3,55286654.6697,0,2020-08-24,,,,,0.15051339844728284,0.14020827618582232
2020-08-25,4.585,5.776,4.492,5.56,54379664.2,2020-08-25 23:59:59.999,274657179.7305,755276,26876143.1,135981313.2606,0,2020-08-25,,,,,0.2102742707879841,0.19084700399558432
2020-08-26,5.56,6.598,5.102,6.092,51031902.3,2020-08-26 23:59:59.999,300034766.1615,718104,24661246.4,145347876.9403,0,2020-08-26,,,,,0.09568345323741001,0.09137832677042432
2020-08-27,6.092,6.828,5.23,5.668,75224186.8,2020-08-27 23:59:59.999,449647538.4695,916615,35671798.4,213535124.8484,0,2020-08-27,,,,,-0.06959947472094541,-0.07214011320448127
2020-08-28,5.658,6.388,5.511,6.179,33421289.7,2020-08-28 23:59:59.999,199764540.128,427225,16283644.6,97383881.6007,0,2020-08-28,,,,,0.09015525758645038,0.08632012425040861
2020-08-29,6.186,6.571,6.018,6.144,24587097.5,2020-08-29 23:59:59.999,155229777.9378,320667,11710285.3,73999244.3404,0,2020-08-29,,,,,-0.005664346981712254,-0.005680450233471459
2020-08-30,6.148,6.237,5.721,5.899,20792243.5,2020-08-30 23:59:59.999,124584142.0065,290927,9457361.0,56718290.9959,0,2020-08-30,,,,,-0.03987630208333337,-0.04069315082443286
2020-08-31,5.898,6.479,5.762,6.275,22653228.3,2020-08-31 23:59:59.999,139095930.6805,335341,10902298.5,66986509.9454,0,2020-08-31,,,,,0.0637396168842177,0.0617906399969094
2020-09-01,6.275,6.889,6.125,6.253,24095350.4,2020-09-01 23:59:59.999,156488512.1252,367297,11244767.1,73117853.5625,0,2020-09-01,,,,,-0.0035059760956175356,-0.003512136432686725
2020-09-02,6.254,6.46,5.51,6.136,27104128.0,2020-09-02 23:59:59.999,162883902.2724,356624,12480442.6,75064401.0297,0,2020-09-02,,,,,-0.018711018711018657,-0.018888284520205745
2020-09-03,6.144,6.339,5.55,5.68,40503527.5,2020-09-03 23:59:59.999,243713961.3863,486150,18620902.1,112269918.9782,0,2020-09-03,,,,,-0.07431551499348121,-0.07722183133189521
2020-09-04,5.68,5.995,4.467,5.105,46084440.4,2020-09-04 23:59:59.999,242347855.9987,530718,21065574.5,110865160.3019,0,2020-09-04,56.001500375093784,,,,-0.10123239436619702,-0.10673078111643092
2020-09-05,5.102,5.315,3.55,4.145,48012193.8,2020-09-05 23:59:59.999,210720123.8437,520687,22095131.6,97220851.8134,0,2020-09-05,47.45708836617927,,,,-0.18805093046033317,-0.20831766302937077
2020-09-06,4.145,4.946,3.726,4.789,33884882.7,2020-09-06 23:59:59.999,149491742.3788,369997,16079953.7,71027206.9034,0,2020-09-06,56.15717821782179,,,,0.15536791314837162,0.1444188327732141
2020-09-07,4.789,4.836,4.001,4.598,22395692.9,2020-09-07 23:59:59.999,98202516.2297,275727,10561811.3,46345053.6584,0,2020-09-07,50.033036009250075,,,,-0.03988306535811226,-0.04070019501948242
2020-09-08,4.598,4.632,4.108,4.274,15114305.5,2020-09-08 23:59:59.999,65512831.6827,200259,7004271.2,30379001.1618,0,2020-09-08,38.118994826311905,,,,-0.07046541974771636,-0.07307126944403389
2020-09-09,4.268,4.8,4.132,4.706,15706478.6,2020-09-09 23:59:59.999,70547746.7001,200449,7493470.9,33651447.4569,0,2020-09-09,36.95406626506025,,,,0.1010762751520824,0.09628813340821489
2020-09-10,4.707,4.9,4.442,4.577,14627909.7,2020-09-10 23:59:59.999,67939571.3939,184207,6847380.1,31837914.3774,0,2020-09-10,39.126968307753636,5.256600000000001,0.8044825339113466,-0.8447666311608103,-0.027411814704632498,-0.027794528633665824
2020-09-11,4.578,4.744,4.294,4.651,12384407.3,2020-09-11 23:59:59.999,55592867.8235,163775,5510405.0,24791087.9707,0,2020-09-11,33.31877729257643,5.2659,0.7958789183233708,-0.7726049601808432,0.016167795499235194,0.016038488570454815
2020-09-12,4.65,5.304,4.499,5.143,23105202.5,2020-09-12 23:59:59.999,113048249.9775,253417,11485789.1,56239242.8813,0,2020-09-12,40.06352987889617,5.3234,0.7385528809061249,-0.2442614532606916,0.10578370242958512,0.10055431655081927
2020-09-13,5.143,5.481,4.77,5.33,28970409.1,2020-09-13 23:59:59.999,148730182.4715,299639,13726607.0,70566311.9181,0,2020-09-13,44.28600120506126,5.3602,0.7183563549044295,-0.04204041600497514,0.03636010110830257,0.03571467138497404
2020-09-14,5.33,5.584,5.089,5.365,21796482.8,2020-09-14 23:59:59.999,116318069.6152,265678,10304177.5,55058793.6638,0,2020-09-14,40.18973695558431,5.35045,0.7168235101730703,0.020297883361117548,0.0065666041275798115,0.006545137904908696
2020-09-15,5.363,5.452,5.044,5.062,15695368.3,2020-09-15 23:59:59.999,82868624.7079,198085,7257470.7,38349898.3726,0,2020-09-15,37.89388087009556,5.2989500000000005,0.6974821238984512,-0.3397219683217266,-0.05647716682199444,-0.058134713959729516
2020-09-16,5.061,5.291,4.969,5.082,12657543.0,2020-09-16 23:59:59.999,64550748.1512,154575,6019063.3,30733879.8609,0,2020-09-16,39.07092492741601,5.26965,0.6934598440163335,-0.27059966286321935,0.003951007506914239,0.0039432227750400076
2020-09-17,5.077,5.432,5.049,5.34,13989325.4,2020-09-17 23:59:59.999,73501634.2594,181041,6660568.4,35025007.1654,0,2020-09-17,46.32352941176471,5.2277000000000005,0.6601307765172465,0.17011780694800777,0.050767414403777966,0.04952076807413106
2020-09-18,5.338,5.465,5.091,5.268,11417450.6,2020-09-18 23:59:59.999,60087416.0347,149500,5182499.6,27310534.0661,0,2020-09-18,51.9776753215239,5.1839,0.6242186610812791,0.13472842970493762,-0.013483146067415741,-0.013574869091068874
2020-09-19,5.269,5.273,4.806,4.929,7722368.4,2020-09-19 23:59:59.999,39034734.9398,121221,3205965.5,16220181.9792,0,2020-09-19,61.20000000000001,5.1354,0.6030575952244481,-0.3422558668267511,-0.06435079726651471,-0.0665146561577938
2020-09-20,4.926,4.974,4.376,4.661,13744406.2,2020-09-20 23:59:59.999,64283026.7944,183256,6261529.8,29316069.8796,0,2020-09-20,47.95134443021766,5.0546999999999995,0.5480111504820235,-0.7184160388957533,-0.05437208358693457,-0.055906110332636934
2020-09-21,4.661,4.699,3.906,4.069,26452655.3,2020-09-21 23:59:59.999,110950725.0304,295235,11520062.6,48415726.2158,0,2020-09-21,42.49645390070922,4.9455,0.5131531524747132,-1.7080670668649778,-0.1270113709504398,-0.13583274837105097
2020-09-22,4.069,4.21,3.9,4.164,13963592.0,2020-09-22 23:59:59.999,57042622.5838,148926,6729943.1,27516675.1329,0,2020-09-22,48.33131067961165,4.8469,0.4589581909636552,-1.4879350961492672,0.023347259768984996,0.023078881733169538
2020-09-23,4.162,4.327,3.939,4.017,18670450.4,2020-09-23 23:59:59.999,76994576.6099,161213,8926284.7,36864305.3609,0,2020-09-23,38.55861839920291,4.76375,0.45064922465728274,-1.6570537773983756,-0.03530259365994226,-0.0359407953755772
2020-09-24,4.017,4.469,3.96,4.38,16488091.9,2020-09-24 23:59:59.999,69850988.3368,151369,8492122.9,36021500.4411,0,2020-09-24,46.964560862865945,4.7275,0.450913750651181,-0.7706573585262431,0.09036594473487658,0.08651336901120944
2020-09-25,4.38,4.534,4.236,4.416,10448990.3,2020-09-25 23:59:59.999,45590387.6859,110523,4985182.1,21767030.921,0,2020-09-25,46.33613969441847,4.7410499999999995,0.4363240556959322,-0.744973823369761,0.008219178082191858,0.008185584586439502
2020-09-26,4.417,4.485,4.224,4.331,6762111.0,2020-09-26 23:59:59.999,29365085.7936,77748,3060413.6,13288943.4317,0,2020-09-26,35.5,4.71815,0.4455953173475961,-0.8688376760880425,-0.019248188405797118,-0.019435846742304586
2020-09-27,4.33,4.368,4.11,4.301,7868546.8,2020-09-27 23:59:59.999,33419518.977,89618,3740561.7,15888840.4486,0,2020-09-27,30.53348467650396,4.7033000000000005,0.45466680686317706,-0.884823774085326,-0.0069268067420920065,-0.006950908430890467
2020-09-28,4.3,4.596,4.203,4.456,16281359.8,2020-09-28 23:59:59.999,72187753.1355,184479,7678279.6,34102211.7026,0,2020-09-28,33.55048859934854,4.7124,0.44738531608964455,-0.5731077681338637,0.03603813066728678,0.035403948823383734
2020-09-29,4.454,4.617,4.352,4.499,13468351.9,2020-09-29 23:59:59.999,60493870.0906,150785,6332879.6,28457385.2389,0,2020-09-29,38.753495805033936,4.702050000000001,0.44992835394561453,-0.45129407431065105,0.009649910233393122,0.009603647234052284
2020-09-30,4.499,4.505,4.237,4.35,8146297.3,2020-09-30 23:59:59.999,35468405.2462,108747,3870235.2,16851842.1523,0,2020-09-30,36.094224924012146,4.6907,0.4560701815798918,-0.747034149042077,-0.03311847077128249,-0.033679304758442496
2020-10-01,4.35,4.593,4.241,4.348,14286848.1,2020-10-01 23:59:59.999,63245898.7843,170427,6661505.0,29518498.4074,0,2020-10-01,29.124579124579114,4.675549999999999,0.46244640941296883,-0.7082982878292703,-0.00045977011494247044,-0.0004598758416296569
2020-10-02,4.346,4.366,3.848,4.125,12576507.8,2020-10-02 23:59:59.999,51380513.8392,159053,5716833.5,23383655.0283,0,2020-10-02,27.38425009893153,4.62465,0.46430800519074683,-1.0761175650950363,-0.05128794848206064,-0.05264994947231862
2020-10-03,4.125,4.147,4.024,4.061,4591505.0,2020-10-03 23:59:59.999,18760415.2078,77018,2280024.3,9321258.7851,0,2020-10-03,30.72824156305505,4.5612,0.44931065328778397,-1.1132609394854962,-0.015515151515151482,-0.015636771082483535
2020-10-04,4.061,4.198,4.006,4.178,5334150.7,2020-10-04 23:59:59.999,21889783.1582,62032,2697576.4,11076996.5583,0,2020-10-04,38.50547358400761,4.50185,0.4146032059946636,-0.7811082869536916,0.028810637773947212,0.028403414430213218
2020-10-05,4.177,4.245,4.104,4.16,6958518.5,2020-10-05 23:59:59.999,29110841.3129,70153,3462530.3,14491839.3425,0,2020-10-05,52.9796987557302,4.4567499999999995,0.399238337337487,-0.7432903412508418,-0.004308281474389664,-0.004317588861202132
2020-10-06,4.159,4.179,3.592,3.743,17071553.3,2020-10-06 23:59:59.999,66795807.1659,162599,8311937.2,32535934.7814,0,2020-10-06,38.61546782044348,4.389799999999999,0.40113583471779035,-1.6124213895152006,-0.10024038461538465,-0.10562764535088004
2020-10-07,3.743,3.885,3.591,3.85,15267754.0,2020-10-07 23:59:59.999,57443612.3339,149282,8048477.3,30310784.3999,0,2020-10-07,45.38419016030955,4.3153,0.35054755665057247,-1.3273519988154217,0.028586695164306786,0.028185719377401018
2020-10-08,3.849,4.16,3.621,4.117,18897243.0,2020-10-08 23:59:59.999,73202638.6086,170798,10017834.1,38831863.3779,0,2020-10-08,42.32340922358435,4.25775,0.2714710171600226,-0.5184715535103791,0.06935064935064927,0.06705159448807471
2020-10-09,4.115,4.353,4.01,4.257,13744416.0,2020-10-09 23:59:59.999,57535531.3882,131323,6797929.1,28495654.242,0,2020-10-09,45.62465602641715,4.22415,0.22089275201948025,0.1487147029482562,0.034005343696866586,0.0334399440582476
2020-10-10,4.254,4.49,4.223,4.262,11444963.4,2020-10-10 23:59:59.999,49754388.1502,123818,5433239.3,23650197.1222,0,2020-10-10,48.013816925734,4.2042,0.19597438071018303,0.2949365105303076,0.001174536058256903,0.0011738468304100128
2020-10-11,4.262,4.343,4.164,4.248,8330751.3,2020-10-11 23:59:59.999,35447089.4873,105541,3936877.0,16763738.034,0,2020-10-11,48.460197559558395,4.213150000000001,0.19354729464180256,0.18005934965144516,-0.003284842796808851,-0.0032902497367875276
2020-10-12,4.248,4.455,4.178,4.311,14438897.4,2020-10-12 23:59:59.999,62701790.3992,163900,6718426.5,29202735.2394,0,2020-10-12,45.54941682013503,4.2204999999999995,0.19437199819987777,0.46560204575834513,0.01483050847457612,0.014721611825359708
2020-10-13,4.31,4.349,4.125,4.254,8263068.0,2020-10-13 23:59:59.999,35167246.7578,111800,3697858.6,15754568.1229,0,2020-10-13,42.544126597687146,4.23235,0.1884466349143146,0.1148866362609414,-0.013221990257480942,-0.013310178986952198
2020-10-14,4.254,4.388,4.074,4.186,11394825.4,2020-10-14 23:59:59.999,48479022.3516,125398,5183754.4,22096023.5086,0,2020-10-14,44.75032010243279,4.22265,0.1854151174782586,-0.19766457287010245,-0.015984955336154072,-0.016114092754237322
2020-10-15,4.186,4.193,4.019,4.103,8460458.8,2020-10-15 23:59:59.999,34825148.6164,100329,3914115.7,16129131.3035,0,2020-10-15,42.544126597687146,4.207,0.18140243136536524,-0.573310948575613,-0.019827998088867704,-0.02002721056375901
2020-10-16,4.102,4.161,3.79,3.916,9332072.8,2020-10-16 23:59:59.999,36847321.3029,114533,4197462.6,16595451.5837,0,2020-10-16,43.49719975108897,4.186249999999999,0.1900032894452174,-1.422343796200008,-0.04557640750670233,-0.046647688791785
2020-10-17,3.917,3.982,3.862,3.967,3942619.0,2020-10-17 23:59:59.999,15522896.5273,65474,1866945.3,7354409.3019,0,2020-10-17,47.05144291091594,4.169549999999999,0.1940223739132953,-1.0439517665654099,0.013023493360571958,0.012939416863929083
2020-10-18,3.967,4.13,3.956,4.111,4442084.6,2020-10-18 23:59:59.999,18073012.0465,63149,2221165.7,9037809.8563,0,2020-10-18,47.93337446020974,4.1523,0.18219021292103987,-0.22668616133567904,0.036299470632719766,0.035656166383548106
2020-10-19,4.109,4.125,3.953,3.989,5237793.8,2020-10-19 23:59:59.999,21162380.4796,72331,2256199.3,9118225.5065,0,2020-10-19,45.04347826086955,4.1268,0.166090210111073,-0.8296696109171424,-0.029676477742641705,-0.030125734992471797
2020-10-20,3.988,4.15,3.863,3.903,11666325.9,2020-10-20 23:59:59.999,46726213.2539,128705,5513015.3,22095687.5347,0,2020-10-20,55.738880918220964,4.10445,0.16454257967565572,-1.2243031584717805,-0.02155928804211582,-0.02179508472479166
2020-10-21,3.904,4.247,3.89,4.136,13125316.1,2020-10-21 23:59:59.999,53572608.6789,145854,6111192.1,24945363.6028,0,2020-10-21,59.40789473684211,4.09385,0.15455241829231856,0.2727230053448815,0.05969766846015889,0.05798364900765013
2020-10-22,4.136,4.345,4.124,4.274,11088616.7,2020-10-22 23:59:59.999,47267837.7217,124671,5124111.6,21863081.7493,0,2020-10-22,55.6434219985622,4.1013,0.15964041830908138,1.0818062357217937,0.033365570599613203,0.03282101969082792
2020-10-23,4.272,4.492,4.184,4.266,13498558.6,2020-10-23 23:59:59.999,58427270.3668,147150,6238628.8,27056074.1151,0,2020-10-23,50.357426528991276,4.111549999999999,0.16345238321588046,0.944923512042098,-0.0018717828731866781,-0.0018735368477970193
2020-10-24,4.265,4.439,4.242,4.352,10436586.4,2020-10-24 23:59:59.999,45562625.2056,99485,4679807.7,20443497.6937,0,2020-10-24,53.3582089552239,4.12025,0.1716029305969956,1.3505014115653882,0.020159399906235498,0.019958889504482824
2020-10-25,4.351,4.451,4.257,4.33,7512771.4,2020-10-25 23:59:59.999,32668114.772,74233,3385672.4,14733446.0508,0,2020-10-25,53.04154302670623,4.12875,0.17777480580484656,1.13205017487643,-0.005055147058823595,-0.005067967539243091
2020-10-26,4.333,4.751,4.289,4.702,23157749.7,2020-10-26 23:59:59.999,105267836.286,224257,11077553.4,50364189.9812,0,2020-10-26,61.798430899215454,4.1767,0.19658963403630791,2.672063573316295,0.0859122401847574,0.0824204081034792
2020-10-27,4.703,4.939,4.641,4.677,18254991.3,2020-10-27 23:59:59.999,87174770.1364,174894,8335667.4,39852409.0541,0,2020-10-27,63.01538461538462,4.21805,0.2107221855279767,2.177986142513062,-0.0053168864313059006,-0.005331071374128683
2020-10-28,4.677,4.784,4.23,4.358,15525273.3,2020-10-28 23:59:59.999,69299169.7609,152054,7116947.7,31759097.168,0,2020-10-28,54.58422174840084,4.230099999999999,0.2115287463356187,0.604645951038115,-0.06820611503100282,-0.07064364222132108
2020-10-29,4.356,4.411,3.822,4.055,18536282.2,2020-10-29 23:59:59.999,76989903.0067,169199,8740312.3,36262378.1549,0,2020-10-29,48.85496183206107,4.220000000000001,0.21497123430577908,-0.7675445532647491,-0.06952730610371727,-0.07206254895505185
2020-10-30,4.054,4.161,3.908,4.081,10743311.6,2020-10-30 23:59:59.999,43496924.6695,119560,5322027.0,21568157.5333,0,2020-10-30,54.26356589147288,4.2109499999999995,0.21691120545659792,-0.5990930700258407,0.006411837237978002,0.006391368856292583
2020-10-31,4.08,4.281,4.054,4.18,6751670.7,2020-10-31 23:59:59.999,28292507.2557,72562,3442269.3,14429018.4153,0,2020-10-31,55.37065052950075,4.2075499999999995,0.21683281820940867,-0.12705641252789063,0.02425876010781658,0.023969190112996187
2020-11-01,4.181,4.224,4.104,4.218,4507314.7,2020-11-01 23:59:59.999,18773815.6765,55422,2204813.9,9187280.1739,0,2020-11-01,52.85029302077783,4.2029000000000005,0.2154906030433878,0.0700726611125551,0.00909090909090926,0.009049835519918076
2020-11-02,4.22,4.264,3.957,4.026,10764650.7,2020-11-02 23:59:59.999,44072927.4014,98014,5146479.0,21055434.7573,0,2020-11-02,50.95017976373909,4.1915,0.21865269264292864,-0.7569081267627926,-0.045519203413940335,-0.04658775483898319
2020-11-03,4.026,4.068,3.877,4.033,9641198.0,2020-11-03 23:59:59.999,38170397.0326,101383,4665856.5,18491685.3514,0,2020-11-03,53.47965738758031,4.1838500000000005,0.22151304464381208,-0.6809982691654277,0.0017386984600100686,0.0017371886736314841
2020-11-04,4.033,4.155,3.887,4.096,11005075.9,2020-11-04 23:59:59.999,44143001.0826,121661,5331628.1,21397007.7923,0,2020-11-04,48.822143698468786,4.1835,0.22165300050209563,-0.394761179870304,0.015621125712868666,0.015500371845975405
2020-11-05,4.097,4.303,4.008,4.224,10263880.4,2020-11-05 23:59:59.999,42764255.5518,121321,4825135.7,20110378.3551,0,2020-11-05,48.51895734597157,4.1989,0.21260437684261002,0.11805965790902569,0.03125,0.030771658666753687
2020-11-06,4.224,4.645,4.201,4.587,12754179.9,2020-11-06 23:59:59.999,56871552.0504,148339,6163194.0,27495774.3316,0,2020-11-06,57.85609397944199,4.2299,0.22200471782564618,1.6085243750560847,0.08593749999999978,0.08244366921107439
2020-11-07,4.585,4.866,4.078,4.235,20256437.4,2020-11-07 23:59:59.999,89959496.374,200421,8932896.5,39727347.3029,0,2020-11-07,47.46643568644435,4.2360999999999995,0.2202338231110469,-0.004994691480447886,-0.07673860911270969,-0.07984288751101706
2020-11-08,4.234,4.431,4.127,4.373,9744221.0,2020-11-08 23:59:59.999,42091514.94,94031,4733894.6,20457057.641,0,2020-11-08,50.886597938144334,4.2553,0.2142141329064087,0.5494502085510105,0.03258559622195989,0.032065944326765856
2020-11-09,4.372,4.466,4.238,4.349,8799504.9,2020-11-09 23:59:59.999,38295036.1979,102338,4112524.8,17919503.9819,0,2020-11-09,41.502166586422724,4.2776000000000005,0.19822698313324408,0.3601931425854677,-0.005488223187743002,-0.00550333881528223
2020-11-10,4.349,4.509,4.303,4.422,7862750.1,2020-11-10 23:59:59.999,34588074.2005,95325,3722194.9,16382714.3678,0,2020-11-10,43.99999999999999,4.2919,0.19778986723022327,0.6577687816968196,0.016785467923660535,0.01664614881975313
2020-11-11,4.424,4.635,4.414,4.45,8980090.5,2020-11-11 23:59:59.999,40444015.465,108562,4139346.3,18659424.123,0,2020-11-11,52.50817884405673,4.300700000000001,0.20084324864510048,0.7433657890279374,0.006331976481230406,0.006312013742894485
2020-11-12,4.449,4.479,4.31,4.405,5993160.6,2020-11-12 23:59:59.999,26261402.7029,79700,2624221.2,11506381.5786,0,2020-11-12,61.1040609137056,4.307650000000001,0.2019810504399952,0.48197590708599897,-0.010112359550561778,-0.010163836790005994
2020-11-13,4.406,4.597,4.368,4.543,8344282.1,2020-11-13 23:59:59.999,37292009.2636,129058,4195512.5,18770632.0322,0,2020-11-13,63.68483412322275,4.3172,0.2085954533490517,1.082478052012762,0.03132803632236092,0.030847327389123384
2020-11-14,4.543,4.559,4.353,4.465,7048928.1,2020-11-14 23:59:59.999,31412279.1006,75767,3025283.3,13490633.5126,0,2020-11-14,58.548290341931626,4.32395,0.21119945050766215,0.6678521163807797,-0.01716927140655966,-0.017318372448804
2020-11-15,4.467,4.509,4.302,4.366,8876203.6,2020-11-15 23:59:59.999,39207123.4838,94995,3965725.8,17536701.8218,0,2020-11-15,54.28240740740739,4.30715,0.1920389968620729,0.3064481743896378,-0.022172452407614784,-0.02242195620071022
2020-11-16,4.369,4.604,4.336,4.502,12131373.2,2020-11-16 23:59:59.999,54226471.5196,130677,5664651.1,25322772.1744,0,2020-11-16,64.23444976076556,4.2984,0.17775601255654302,1.1453902294035536,0.03114979386165828,0.03067448435678836
2020-11-17,4.501,4.95,4.491,4.864,22824103.0,2020-11-17 23:59:59.999,109173374.9148,277611,10991734.6,52608791.7138,0,2020-11-17,70.4982733103108,4.3237000000000005,0.21811346636676948,2.477151039777874,0.08040870724122606,0.07733940217932533
2020-11-18,4.864,4.953,4.4,4.682,16570102.1,2020-11-18 23:59:59.999,78043789.577,201365,7186334.3,33880785.9882,0,2020-11-18,63.6533084808947,4.35505,0.22247636775740365,1.4695942912755493,-0.03741776315789458,-0.0381357755951467
2020-11-19,4.682,4.858,4.539,4.759,10079058.3,2020-11-19 23:59:59.999,47540742.6101,136351,4631753.4,21865014.1609,0,2020-11-19,62.76849642004774,4.38895,0.23004655707280963,1.608587429903936,0.016445963263562513,0.01631219307025432
2020-11-20,4.759,5.481,4.741,5.234,27612938.7,2020-11-20 23:59:59.999,145104509.2641,298392,13377641.5,70258687.8803,0,2020-11-20,64.65790666062529,4.44165,0.2920355556939494,2.7131970219077552,0.09981088463963017,0.0951382419689807
2020-11-21,5.234,5.832,5.128,5.796,24807643.3,2020-11-21 23:59:59.999,136291575.7632,284547,11475266.6,63088189.4244,0,2020-11-21,82.2920976417046,4.52055,0.4154991259728588,3.0696815474969616,0.1073748567061521,0.10199222035048185
2020-11-22,5.795,5.876,5.167,5.525,21964164.1,2020-11-22 23:59:59.999,121367034.0623,263789,9785666.0,54142180.9212,0,2020-11-22,72.58823529411765,4.5954999999999995,0.45492283903282144,2.043203638612965,-0.04675638371290547,-0.04788477705461945
2020-11-23,5.526,6.0,5.421,5.919,24914371.9,2020-11-23 23:59:59.999,143211989.0854,294293,11427906.1,65771951.0932,0,2020-11-23,76.88356164383562,4.6898,0.522621791396132,2.3519876519429364,0.07131221719456993,0.06888426830477128
2020-11-24,5.92,6.114,5.502,5.747,25837968.1,2020-11-24 23:59:59.999,151406175.347,307711,11182592.2,65617632.8833,0,2020-11-24,71.94435243458099,4.77235,0.553378168496388,1.7612729512771903,-0.029058962662611876,-0.02948953618298346
2020-11-25,5.747,5.849,5.108,5.306,17482952.4,2020-11-25 23:59:59.999,96732295.3732,214639,7307151.1,40527415.7975,0,2020-11-25,62.47086247086247,4.82645,0.5498267167217755,0.8721838816040338,-0.0767356881851401,-0.07983972381005659
2020-11-26,5.306,5.379,4.43,4.804,26341446.8,2020-11-26 23:59:59.999,126715475.0174,354137,12241038.1,58870204.6353,0,2020-11-26,55.12985343275906,4.837300000000001,0.5469865869614943,-0.06087900653100428,-0.0946098756125141,-0.09938935149781077
2020-11-27,4.805,5.074,4.507,4.81,11243818.4,2020-11-27 23:59:59.999,53718741.9919,175352,5602494.4,26798533.6537,0,2020-11-27,53.55336704817673,4.8660499999999995,0.5284605721487498,-0.10606278491524458,0.0012489592006659223,0.0012481798999325155
2020-11-28,4.809,4.955,4.669,4.888,8428910.8,2020-11-28 23:59:59.999,40632159.7975,115936,3767863.3,18175571.5811,0,2020-11-28,55.629491615650785,4.8918,0.5155611761137407,-0.007370609301197046,0.016216216216216273,0.016086137751624444
2020-11-29,4.891,5.21,4.795,5.19,9711959.5,2020-11-29 23:59:59.999,48635617.5722,144026,4520359.8,22670400.9973,0,2020-11-29,60.404040404040416,4.93385,0.5031056470615856,0.5091375966381178,0.061783960720130926,0.059950475308503066
2020-11-30,5.19,5.453,5.13,5.381,15230998.5,2020-11-30 23:59:59.999,80615812.6706,215750,6959454.7,36866354.8846,0,2020-11-30,60.94645080946452,4.9818,0.49742278956531566,0.8025366114585352,0.03680154142581893,0.036140533329485365
2020-12-01,5.382,5.556,4.952,5.081,14573932.8,2020-12-01 23:59:59.999,76761964.8133,217333,6604168.0,34801746.3272,0,2020-12-01,52.7447508221604,5.01335,0.48167911080870657,0.14044619847935833,-0.05575171901133613,-0.057366137895687695
2020-12-02,5.083,5.546,4.981,5.457,10838129.1,2020-12-02 23:59:59.999,57444499.83,159641,5280044.4,28018315.6546,0,2020-12-02,59.34410417169038,5.065949999999999,0.46902367519639,0.8337532211700401,0.07400118086990748,0.07139109559250004
2020-12-03,5.457,5.575,5.316,5.403,8426289.0,2020-12-03 23:59:59.999,45947097.5149,125299,3893915.6,21257831.7003,0,2020-12-03,57.80795344325896,5.10895,0.457845466344948,0.6422472681611258,-0.009895547003848315,-0.009944833342166223
2020-12-04,5.402,5.439,4.954,4.999,8403326.4,2020-12-04 23:59:59.999,43757710.6689,125344,3660324.4,19074153.7168,0,2020-12-04,47.10091290402171,5.13565,0.43322454066173344,-0.31542534453674503,-0.07477327410697765,-0.07771646243049546
2020-12-05,4.999,5.195,4.876,5.185,5398595.6,2020-12-05 23:59:59.999,27312653.7187,98713,2560896.1,12961462.0706,0,2020-12-05,41.69159641011694,5.1766,0.39353477743729587,0.021345000446214395,0.03720744148829769,0.03653194925005737
2020-12-06,5.185,5.208,5.002,5.132,4433815.4,2020-12-06 23:59:59.999,22590559.5062,76564,2138609.2,10900481.9572,0,2020-12-06,44.3191673894189,5.2081,0.36052460314612944,-0.2110812946908788,-0.01022179363548692,-0.010274394928100594
2020-12-07,5.133,5.16,5.01,5.06,4273470.4,2020-12-07 23:59:59.999,21750410.4471,78612,2011760.0,10243540.0283,0,2020-12-07,36.308575071724576,5.2179,0.3532696748347989,-0.4469673205712891,-0.014029618082618822,-0.014128963454015778
2020-12-08,5.06,5.075,4.695,4.74,7513347.8,2020-12-08 23:59:59.999,36537185.4765,111431,3266052.8,15885606.3474,0,2020-12-08,34.67275494672755,5.2208,0.3488493265459584,-1.3782454584634478,-0.06324110671936745,-0.0653293475923889
2020-12-09,4.74,4.938,4.616,4.87,8663731.1,2020-12-09 23:59:59.999,41685678.9252,118941,4110388.0,19790811.2419,0,2020-12-09,42.66980497646267,5.22635,0.34193001361465186,-1.042172332966357,0.02742616033755274,0.027056801387513294
2020-12-10,4.871,4.918,4.74,4.8,4622098.7,2020-12-10 23:59:59.999,22256654.6325,77819,2123430.1,10229763.6248,0,2020-12-10,49.9213217938631,5.20465,0.3549428827290246,-1.1400425806225383,-0.014373716632443578,-0.014478019180653225
2020-12-11,4.802,4.815,4.54,4.612,5967989.9,2020-12-11 23:59:59.999,27748806.0593,104528,2808143.1,13061298.0137,0,2020-12-11,46.36563876651984,5.145449999999999,0.34982333511283203,-1.5249125671617656,-0.03916666666666657,-0.03995431550703255
2020-12-12,4.614,4.796,4.606,4.738,4918743.1,2020-12-12 23:59:59.999,23243698.1396,77823,2327968.4,11003472.0956,0,2020-12-12,47.2943722943723,5.1061,0.34914480482578264,-1.054290354352186,0.027320034692107642,0.02695350332978122
2020-12-13,4.738,4.998,4.724,4.897,6843704.3,2020-12-13 23:59:59.999,33373857.6708,92612,3165219.5,15436666.2703,0,2020-12-13,44.42753898820845,5.055000000000001,0.29440680770159733,-0.5366723726040494,0.033558463486703216,0.03300766698358657
2020-12-14,4.896,5.0,4.824,4.896,5389103.6,2020-12-14 23:59:59.999,26415357.6713,78757,2635618.7,12925858.0537,0,2020-12-14,40.057400574005726,5.01245,0.24677274331274654,-0.4718916620885391,-0.00020420665713705155,-0.00020422751015539286
2020-12-15,4.896,5.29,4.841,5.241,10679386.5,2020-12-15 23:59:59.999,54276527.4819,146820,5099524.2,25923832.1412,0,2020-12-15,53.22061191626408,5.0092,0.24310396303248274,0.9535015271183689,0.07046568627450966,0.06809377461000411
2020-12-16,5.241,5.386,5.113,5.372,11642308.1,2020-12-16 23:59:59.999,60877556.512,142441,5611623.6,29363549.3138,0,2020-12-16,48.101831174631535,5.037599999999999,0.2509221728785605,1.3326841393241122,0.024995229917954553,0.024687958840961904
2020-12-17,5.372,5.775,5.259,5.35,21169940.1,2020-12-17 23:59:59.999,116177222.595,281628,9905699.6,54437711.2678,0,2020-12-17,48.79927503398278,5.0646,0.25417449455876356,1.1228506640504659,-0.004095309009679915,-0.004103717753076055
2020-12-18,5.35,5.518,5.253,5.365,10031010.9,2020-12-18 23:59:59.999,53836288.2614,143943,4763346.0,25572982.3768,0,2020-12-18,60.06600660066008,5.08845,0.2590635920712017,1.0674985156694368,0.002803738317757043,0.002799815174746648
2020-12-19,5.365,5.59,5.275,5.343,8289631.5,2020-12-19 23:59:59.999,45142475.682,109958,3796356.0,20689129.2013,0,2020-12-19,54.77629987908103,5.0961,0.2644236831498231,0.9337287683876105,-0.004100652376514469,-0.004109083107027527
2020-12-20,5.344,5.45,5.08,5.19,9485680.4,2020-12-20 23:59:59.999,50029418.3508,122083,4350194.8,22952694.6231,0,2020-12-20,51.65336374002283,5.08655,0.2569356821012489,0.4026299467398796,-0.02863559797866355,-0.029053595797836895
2020-12-21,5.191,5.457,4.782,4.877,15555773.8,2020-12-21 23:59:59.999,79045205.292,208560,7389819.2,37621756.7434,0,2020-12-21,45.413533834586474,5.07635,0.26118178283372423,-0.763261502533321,-0.06030828516377662,-0.062203420449881856
2020-12-22,4.879,5.181,4.801,5.154,13992355.8,2020-12-22 23:59:59.999,70027005.1947,183700,6545406.7,32784842.6779,0,2020-12-22,60.60450819672129,5.0612,0.246303962828972,0.3767702270565489,0.05679721140045113,0.0552428355022578
2020-12-23,5.153,5.197,4.582,4.717,13136426.7,2020-12-23 23:59:59.999,64647387.4674,175353,5804937.1,28589758.7657,0,2020-12-23,46.613545816733065,5.0268999999999995,0.24395467654980396,-1.2703179311126385,-0.08478851377570829,-0.0886001079280488
2020-12-24,4.717,5.207,4.631,5.115,15103613.3,2020-12-24 23:59:59.999,75188046.2174,201139,7238746.9,36009057.608,0,2020-12-24,56.08813297255509,5.0327,0.2446344426410738,0.33642033031607943,0.08437566249735018,0.08100439510146534
2020-12-25,5.114,5.29,5.04,5.212,9655072.7,2020-12-25 23:59:59.999,49773371.4414,138795,4522170.4,23324509.5137,0,2020-12-25,62.01923076923075,5.03405,0.24559176117672957,0.7245764236852635,0.018963831867057523,0.018786259859008732
2020-12-26,5.213,5.295,5.076,5.193,9129517.1,2020-12-26 23:59:59.999,47415432.9072,127814,4181149.5,21726887.874,0,2020-12-26,59.52281289242358,5.0371,0.24724543527262718,0.6305475360064606,-0.0036454336147352384,-0.0036520944004168046
2020-12-27,5.195,5.435,4.938,5.149,22121978.6,2020-12-27 23:59:59.999,115800991.6273,265880,10274310.0,53842589.6851,0,2020-12-27,55.54089709762532,5.041549999999999,0.24847714604215831,0.4324341361429282,-0.008472944348160927,-0.008509043798177525
2020-12-28,5.151,6.737,5.111,6.608,49271746.0,2020-12-28 23:59:59.999,295858547.607,658089,25308165.0,152089792.7532,0,2020-12-28,72.93676312968915,5.13495,0.4206160237956649,3.5021252559688665,0.2833559914546513,0.24947851515467256
2020-12-29,6.608,7.73,6.2,7.554,65605380.9,2020-12-29 23:59:59.999,442142002.2934,963377,31890367.5,215402777.3139,0,2020-12-29,76.69051465497346,5.26915,0.6798935888102283,3.360599419680286,0.1431598062953996,0.13379618807158825
2020-12-30,7.555,7.69,7.057,7.244,43369301.8,2020-12-30 23:59:59.999,319244364.1195,650150,20534193.2,151329343.398,0,2020-12-30,70.74468085106382,5.39135,0.800135664483801,2.3154198497016343,-0.04103786073603399,-0.041903684269098275
2020-12-31,7.244,9.532,7.17,9.264,59255089.8,2020-12-31 23:59:59.999,485906693.8193,986856,29005322.8,238516807.1524,0,2020-12-31,80.06144393241166,5.62395,1.1578587530891864,3.143777244234917,0.2788514632799557,0.2459623808094724
2021-01-01,9.264,9.445,8.097,8.287,50583028.7,2021-01-01 23:59:59.999,442648460.5523,816216,23638141.4,207120396.4553,0,2021-01-01,69.55299785867238,5.8014,1.2804041056182967,1.9412621289586733,-0.10546200345423129,-0.11144789896373385
2021-01-02,8.287,9.876,7.888,9.213,64951391.2,2021-01-02 23:59:59.999,575364755.8334,1087271,30766255.7,272962450.5544,0,2021-01-02,73.10171919770774,6.0172,1.4696748870699896,2.17449452808661,0.11174128152528029,0.10592750825988934
2021-01-03,9.213,10.558,8.862,10.187,57323818.3,2021-01-03 23:59:59.999,544512819.5921,1007535,27652221.9,262735147.2156,0,2021-01-03,77.16646732630205,6.28175,1.7132509840097856,2.2794383522605313,0.10572017800933464,0.1004968674811343
2021-01-04,10.188,10.584,8.666,9.524,47943722.2,2021-01-04 23:59:59.999,461114327.6788,873097,21558861.0,207543826.0767,0,2021-01-04,74.33748821619356,6.495900000000001,1.8393530012365389,1.646285404685399,-0.06508294885638566,-0.06729746898331303
2021-01-05,9.524,10.09,9.005,9.727,28997019.7,2021-01-05 23:59:59.999,279244343.5024,545276,13578402.5,130816334.1172,0,2021-01-05,74.13702100707275,6.7136499999999995,1.9535355876218965,1.5425109320215924,0.021314573708525852,0.02109059526268696
2021-01-06,9.736,10.55,9.463,10.082,30740975.8,2021-01-06 23:59:59.999,305774220.1708,576016,14178755.8,141210680.1711,0,2021-01-06,78.56458311148974,6.95025,2.063165347227401,1.5179345679727632,0.03649635036496357,0.03584613177313588
2021-01-07,10.089,10.757,9.35,9.66,32630386.9,2021-01-07 23:59:59.999,326369916.09,637588,14839228.1,148665457.4553,0,2021-01-07,74.13701540095592,7.164999999999999,2.1124163016742004,1.1811118850117674,-0.04185677444951408,-0.04275800743601257
2021-01-08,9.663,9.846,8.8,9.303,25356450.5,2021-01-08 23:59:59.999,235551158.5529,506061,11585947.6,107674668.8137,0,2021-01-08,71.1421188630491,7.3629999999999995,2.1182295238687967,0.9158592013469476,-0.03695652173913033,-0.03765671943800494
2021-01-09,9.306,9.866,9.051,9.756,17809407.2,2021-01-09 23:59:59.999,167745053.6076,347261,8276173.5,78034108.3959,0,2021-01-09,72.56899792264319,7.5912999999999995,2.117758648840041,1.0221655811372419,0.048693969687197525,0.04754555156725212
2021-01-10,9.762,10.036,8.635,9.306,22581383.8,2021-01-10 23:59:59.999,213488607.8714,431836,9843334.9,93197074.6388,0,2021-01-10,69.76699952448882,7.812749999999999,2.049455662647486,0.7286081017586007,-0.0461254612546127,-0.04722312693121724
2021-01-11,9.306,9.341,7.08,8.269,49149219.2,2021-01-11 23:59:59.999,389843194.3078,1010159,23142559.3,183447881.6634,0,2021-01-11,58.22847518081839,7.968500000000001,1.9528542269147733,0.1538773329101712,-0.11143348377390916,-0.11814577068242696
2021-01-12,8.262,8.717,7.927,8.299,17754425.6,2021-01-12 23:59:59.999,147137901.2353,389047,8539494.9,70810283.1007,0,2021-01-12,54.0590606952163,8.1476,1.7969944908095703,0.08425178862501194,0.0036280082234851907,0.0036214428762811617
2021-01-13,8.301,11.423,7.98,10.955,41110779.5,2021-01-13 23:59:59.999,405259390.1754,845836,20635409.0,203686130.5887,0,2021-01-13,66.10257745378809,8.4396,1.7522038273647054,1.4355635803987101,0.32003855886251364,0.27766094743111897
2021-01-14,10.964,14.799,10.9,14.5,65840041.9,2021-01-14 23:59:59.999,809050764.9496,1324380,32756051.0,403360012.6241,0,2021-01-14,70.06437768240343,8.904,2.056208135072123,2.721514376171708,0.3235965312642628,0.2803526763790988
2021-01-15,14.53,15.021,11.771,13.158,69143443.5,2021-01-15 23:59:59.999,942970479.7374,1434609,33221331.9,453276851.275,0,2021-01-15,68.15775739953776,9.30225,2.0709110599977447,1.8618617064144694,-0.09255172413793111,-0.09711871076272266
2021-01-16,13.158,19.492,13.152,17.943,85164987.8,2021-01-16 23:59:59.999,1421706363.4831,1992957,41972732.0,701512561.2334,0,2021-01-16,75.27211672070403,9.94195,2.622910526294652,3.0504471730124054,0.3636570907432741,0.31017012806672356
2021-01-17,17.946,18.252,16.281,17.091,50857981.8,2021-01-17 23:59:59.999,877515645.8837,1324979,24703860.5,426504490.6085,0,2021-01-17,70.12827988338194,10.4661,2.9487960237143556,2.2466457315874835,-0.04748369837819766,-0.04864805756416148
2021-01-18,17.09,18.25,15.801,16.601,30254407.6,2021-01-18 23:59:59.999,518499042.0585,819942,14506804.6,248828727.1261,0,2021-01-18,70.84290510690934,10.91845,3.1645804822989207,1.7956724538324558,-0.02867006026563701,-0.02908907465442936
2021-01-19,16.595,17.579,16.019,16.411,25134220.9,2021-01-19 23:59:59.999,423131350.2493,704651,11675504.9,196602798.7058,0,2021-01-19,69.70054232492336,11.3768,3.2665904581156986,1.5411175856136958,-0.011445093669055995,-0.011511092814448091
2021-01-20,16.411,18.273,14.8,18.017,43651933.4,2021-01-20 23:59:59.999,716123184.7377,1072566,20857358.3,342197931.7774,0,2021-01-20,71.78149876475432,11.814449999999999,3.5432607116965755,1.7505203553113964,0.09786119066479793,0.09336391493607224
2021-01-21,18.022,18.2,14.936,16.01,48007550.6,2021-01-21 23:59:59.999,791152347.0915,1180121,22405128.9,369458928.5138,0,2021-01-21,66.03535353535355,12.2006,3.5593962586814745,1.0702376816598491,-0.11139479380584993,-0.11810222962493967
2021-01-22,16.016,18.021,14.666,17.134,39246882.0,2021-01-22 23:59:59.999,649739580.9223,1088193,18997962.6,314791547.0565,0,2021-01-22,69.03777896630524,12.59665,3.6490251225137826,1.2434416995392616,0.07020612117426595,0.06785126653322876
2021-01-23,17.134,18.848,16.804,18.771,32037873.3,2021-01-23 23:59:59.999,572932778.7209,904266,15574852.9,278730228.1799,0,2021-01-23,70.72318514091307,13.02585,3.8499776797028846,1.4922554045672733,0.09554102953192478,0.09124833214248387
2021-01-24,18.774,18.786,17.23,18.002,20148331.4,2021-01-24 23:59:59.999,361186108.1514,561707,9498809.1,170326293.3414,0,2021-01-24,69.70095151789761,13.44975,3.9103743645656883,1.16414685029923,-0.04096744978956912,-0.04183026284944273
2021-01-25,18.003,19.17,17.082,17.216,23728209.4,2021-01-25 23:59:59.999,431040013.5526,658948,11140101.9,202566506.6439,0,2021-01-25,70.5027728126862,13.824200000000001,3.8936590908539164,0.8711086206718077,-0.0436618153538495,-0.044643678855519515
2021-01-26,17.215,17.809,16.03,17.117,17951438.2,2021-01-26 23:59:59.999,303606025.7913,542666,8141990.7,137793613.1312,0,2021-01-26,70.14345760233918,14.17595,3.8553786826772254,0.762843352642521,-0.0057504646840148554,-0.005767062265846671
2021-01-27,17.123,17.148,15.065,15.451,22808197.9,2021-01-27 23:59:59.999,361110327.9329,613913,11089230.2,175596841.3524,0,2021-01-27,60.75701024021437,14.4655,3.713206268102211,0.2654040548368677,-0.0973301396272711,-0.10239839554524607
2021-01-28,15.448,17.506,15.276,16.896,19734954.4,2021-01-28 23:59:59.999,330261205.3361,547082,9614772.9,161014545.7776,0,2021-01-28,56.373018406213426,14.84515,3.541805639337366,0.5790408082312762,0.09352145492201158,0.0894031813555699
2021-01-29,16.897,17.82,16.0,16.831,21195359.2,2021-01-29 23:59:59.999,357048905.8435,659729,10219883.8,172317279.9148,0,2021-01-29,60.481707665087605,15.1989,3.355158854188869,0.486444925837817,-0.0038470643939394478,-0.003854483379821854
2021-01-30,16.833,17.099,16.126,16.55,12136769.3,2021-01-30 23:59:59.999,200789265.3608,431316,5836005.3,96554699.8145,0,2021-01-30,44.64930475531996,15.5611,3.0638825712690374,0.32276041166630154,-0.016695383518507412,-0.016836322320957154
2021-01-31,16.553,17.602,15.655,16.144,13949745.9,2021-01-31 23:59:59.999,230759664.5999,514238,6544268.7,108363715.0882,0,2021-01-31,46.233394320260906,15.954849999999999,2.5383834531573446,0.0745159285389791,-0.02453172205438081,-0.024837638211818915
2021-02-01,16.144,16.579,15.703,16.468,10333533.1,2021-02-01 23:59:59.999,166371384.8674,415581,4962106.5,79928490.5309,0,2021-02-01,49.46392583635631,16.363300000000002,1.7879579089593711,0.05855842549500238,0.020069375619425234,0.01987064029640517
2021-02-02,16.466,17.704,16.065,17.213,18555700.4,2021-02-02 23:59:59.999,313573026.0787,606634,8847907.2,149538255.1886,0,2021-02-02,53.09413580246913,16.6762,1.2618538826078354,0.42540583137138754,0.045239251882438714,0.044245808381710605
2021-02-03,17.216,20.97,16.864,20.88,38717930.2,2021-02-03 23:59:59.999,739056414.9073,1092535,18878583.4,360878495.0575,0,2021-02-03,59.529991345449695,16.9952,1.4717354095724229,2.6396049009438682,0.21303665833962682,0.19312685072506897
2021-02-04,20.879,21.946,19.01,19.695,35648972.7,2021-02-04 23:59:59.999,730860892.0433,1038741,16668522.4,342093104.9859,0,2021-02-04,62.976265934220706,17.32205,1.2892734581925707,1.8405327317655575,-0.05675287356321834,-0.058426966591568714
2021-02-05,19.695,21.472,19.377,20.881,25124472.5,2021-02-05 23:59:59.999,520351546.4352,723039,11732016.0,243076431.6927,0,2021-02-05,63.13722740340789,17.46895,1.5119044969489859,2.256789371872031,0.060218329525260295,0.05847485816505564
2021-02-06,20.873,21.509,19.839,20.405,17725677.8,2021-02-06 23:59:59.999,361865977.3335,519801,8006996.8,163585054.8705,0,2021-02-06,56.23664122137405,17.63465,1.6441229072701211,1.68500176461859,-0.022795843110962055,-0.0230596857301557
2021-02-07,20.405,20.85,18.403,19.765,20961242.6,2021-02-07 23:59:59.999,412639842.3441,636257,9407344.3,185355456.328,0,2021-02-07,56.79592938092669,17.792849999999998,1.6909834657910692,1.1662739700872233,-0.03136486155354079,-0.031867272109120166
2021-02-08,19.765,23.777,19.2,23.04,34084912.5,2021-02-08 23:59:59.999,750126408.1984,987286,16400154.9,360848436.8119,0,2021-02-08,68.83570504527813,18.1243,2.0229598976174117,2.4299542496070132,0.16569693903364535,0.15331913907904168
2021-02-09,23.05,24.269,22.25,23.126,18748202.3,2021-02-09 23:59:59.999,435206367.9583,661978,8801153.6,204437681.2314,0,2021-02-09,69.45037871431346,18.379749999999998,2.3107912036447456,2.0539501762486707,0.0037326388888889728,0.003725689879079638
2021-02-10,23.116,25.053,21.789,23.615,27330060.5,2021-02-10 23:59:59.999,643333852.7259,824754,12957585.9,305380232.2207,0,2021-02-10,78.60546601261387,18.759999999999998,2.5168452475271152,1.929002192236571,0.02114503156620251,0.02092457764131036
2021-02-11,23.616,25.8,23.23,25.06,21511694.7,2021-02-11 23:59:59.999,536794884.5324,716575,10026364.4,250383044.9441,0,2021-02-11,78.60546601261387,19.1563,2.8493834993407985,2.071921874105683,0.06118992165996184,0.059390846119841766
2021-02-12,25.063,29.85,24.525,28.702,24039557.8,2021-02-12 23:59:59.999,656586179.2915,744055,11672191.3,318894094.3025,0,2021-02-12,83.2576903681291,19.65285,3.556324496398499,2.5445231471886505,0.14533120510774156,0.13569385728081798
2021-02-13,28.705,30.328,27.232,28.073,21188201.6,2021-02-13 23:59:59.999,609898466.9911,767814,9900796.6,285244457.2079,0,2021-02-13,81.66529266281945,20.156399999999998,3.9960757250082017,1.9810935890069385,-0.021914849139432868,-0.02215854641777344
2021-02-14,28.077,29.517,26.41,26.931,15452172.9,2021-02-14 23:59:59.999,430897316.2674,573139,7132939.3,199045034.9771,0,2021-02-14,78.49030690401986,20.64215,4.204846793316373,1.4956192958079142,-0.04067965660955364,-0.041530220888305616
2021-02-15,26.939,29.641,23.0,27.831,28367677.7,2021-02-15 23:59:59.999,764135003.3903,1002070,13287984.0,358607178.7579,0,2021-02-15,79.12544214897216,21.17785,4.409603076480365,1.5087865924908548,0.03341873677175,0.03287246789658302
2021-02-16,27.842,31.1,26.797,30.12,27106901.2,2021-02-16 23:59:59.999,805001272.2712,1056503,13022509.1,386914156.6875,0,2021-02-16,80.65650087881811,21.9113,4.621765692437178,1.7760960953585985,0.0822464158671985,0.07903889559244873
2021-02-17,30.129,32.547,29.655,31.988,20888293.7,2021-02-17 23:59:59.999,647263229.2139,878055,10127032.3,314036793.5714,0,2021-02-17,78.84895075836278,22.6659,4.978119861744449,1.8726146133277954,0.06201859229747675,0.06017142953795064
2021-02-18,31.987,32.699,30.581,31.156,10578478.3,2021-02-18 23:59:59.999,333358546.256,487881,4884912.1,153996043.1777,0,2021-02-18,80.32171014339383,23.38215,5.122845264879135,1.5174867867463122,-0.026009753657621593,-0.026353989411941368
2021-02-19,31.155,35.098,29.553,34.872,19566331.1,2021-02-19 23:59:59.999,638312032.8311,808295,9339270.4,305055767.5904,0,2021-02-19,82.64501376639134,24.29825,5.463664298416341,1.9352854462644846,0.11927076646552837,0.11267737187838943
2021-02-20,34.878,42.395,34.752,38.979,35310361.0,2021-02-20 23:59:59.999,1378102575.3266,1582684,17188660.2,670726044.7867,0,2021-02-20,87.05905826017558,25.44,6.026877038907059,2.2464370705753143,0.11777357192016513,0.11133882463261749
2021-02-21,38.976,40.636,38.095,39.632,18338418.7,2021-02-21 23:59:59.999,717883576.5198,890977,8815668.1,345249687.3915,0,2021-02-21,89.61831452159693,26.598200000000002,6.424579548806851,2.028739764366461,0.01675261037994824,0.016613833178294804
2021-02-22,39.629,39.815,30.038,37.663,31628718.7,2021-02-22 23:59:59.999,1141837020.6033,1202012,15002579.6,542835019.8727,0,2021-02-22,80.76324315226995,27.6207,6.47938804858996,1.5498840206345406,-0.049682075090835776,-0.050958692573861264
2021-02-23,37.66,37.904,26.116,34.544,40564480.5,2021-02-23 23:59:59.999,1326332104.2139,1790206,19597765.6,642287826.7551,0,2021-02-23,71.30223880597015,28.303900000000006,6.451547027039728,0.9672253761534217,-0.08281337121312693,-0.08644430640069102
2021-02-24,34.554,36.84,31.839,33.642,23026108.6,2021-02-24 23:59:59.999,799430877.9286,1010076,11423560.7,396974260.3788,0,2021-02-24,68.4231800977474,29.00125,6.221706204258217,0.7458966797281129,-0.026111625752663126,-0.026458587402860917
2021-02-25,33.656,35.263,30.86,31.24,16301674.8,2021-02-25 23:59:59.999,545971607.587,772377,7803948.4,261621948.6432,0,2021-02-25,60.96911608093717,29.5192,5.934692965055025,0.2899560280763475,-0.07139884667974572,-0.07407596139810543
2021-02-26,31.255,33.528,27.953,31.449,28569767.9,2021-02-26 23:59:59.999,876768081.2772,1204654,13759422.7,422601534.4185,0,2021-02-26,55.55241136758701,30.0714,5.5428855339168965,0.24853480945447487,0.00669014084507058,0.006667861167060236
2021-02-27,31.444,35.7,31.335,33.491,25696093.9,2021-02-27 23:59:59.999,873896279.7093,1109871,12567294.0,427421549.887,0,2021-02-27,60.35946462715105,30.7577,5.025197823809626,0.5439188855510313,0.06493052243314557,0.06290955988137689
2021-02-28,33.486,34.543,29.692,33.805,24909468.0,2021-02-28 23:59:59.999,791288843.402,1191654,12070870.4,383660834.434,0,2021-02-28,63.57317747413316,31.295949999999998,4.7224465835211396,0.5313029921302381,0.009375653160550668,0.00933197452271895
2021-03-01,33.817,35.711,33.024,35.677,16295645.1,2021-03-01 23:59:59.999,562731104.0214,841180,7923250.2,273758934.8699,0,2021-03-01,64.91975355594433,31.9235,4.40273640388625,0.852537979945114,0.0553764236059755,0.053897502916696996
2021-03-02,35.675,37.976,34.387,36.136,20430023.0,2021-03-02 23:59:59.999,739060603.5884,970368,9842105.6,356249915.5505,0,2021-03-02,62.29561805101373,32.549549999999996,4.033888557224311,0.8890800896264264,0.012865431510497016,0.012783374892964933
2021-03-03,36.148,38.742,36.096,37.043,16145054.1,2021-03-03 23:59:59.999,606813833.2052,739165,7708138.7,289765153.394,0,2021-03-03,60.75394630472706,33.148700000000005,3.7422973537935893,1.0406174688530079,0.025099623644011304,0.024789801666395665
2021-03-04,37.041,38.413,34.387,35.277,16195851.8,2021-03-04 23:59:59.999,588587310.543,715032,7973258.3,289744792.1397,0,2021-03-04,58.43188607439539,33.47745,3.6178358531760795,0.49741062696921085,-0.04767432443376607,-0.0488482065093104
2021-03-05,35.277,35.304,31.364,33.64,19390318.3,2021-03-05 23:59:59.999,643024828.6798,833681,9390775.6,311356514.7558,0,2021-03-05,47.24483406386976,33.7558,3.386931208413642,-0.03419024269295333,-0.04640417269042152,-0.0475153584046411
2021-03-06,33.643,34.251,32.09,33.395,11070924.7,2021-03-06 23:59:59.999,368140668.2551,496538,5409235.6,179937790.5855,0,2021-03-06,34.90484429065745,34.079,2.986089451193031,-0.22906212663077433,-0.007282996432818045,-0.007309646927147982
2021-03-07,33.405,35.371,33.404,35.132,10300042.8,2021-03-07 23:59:59.999,354449759.5988,500503,4978890.2,171418175.1559,0,2021-03-07,38.50868232890704,34.44405,2.6038832230869478,0.26420155631419767,0.052013774517143174,0.050706207877271564
2021-03-08,35.14,35.603,33.463,35.023,11075215.3,2021-03-08 23:59:59.999,380875477.5607,524277,5324920.3,183206599.7494,0,2021-03-08,42.55079006772011,34.6892,2.3980227952035365,0.1391980095717446,-0.0031025845383124695,-0.003107407532135381
2021-03-09,35.025,38.962,34.576,38.291,20194589.0,2021-03-09 23:59:59.999,740975538.3113,851491,9837481.4,361085950.2946,0,2021-03-09,60.48463820023506,35.00435,2.4381814248587648,1.3479923874780477,0.09331011049881477,0.08920989310493672
2021-03-10,38.293,39.635,36.318,37.584,21562003.8,2021-03-10 23:59:59.999,823660192.9237,962596,10117879.6,386752155.7078,0,2021-03-10,61.15197465203125,35.32575,2.3252468091977287,0.9711872266923611,-0.01846386879423345,-0.01863645371111523
2021-03-11,37.596,38.111,35.879,36.957,15347670.4,2021-03-11 23:59:59.999,567725086.7134,684912,7164616.4,265144722.1028,0,2021-03-11,67.97911818353359,35.43,2.3504356595052105,0.649666794249305,-0.016682630906768914,-0.01682335326861032
2021-03-12,36.954,37.552,34.386,35.957,12707699.1,2021-03-12 23:59:59.999,456788945.5274,562112,5928016.3,213304368.2067,0,2021-03-12,63.50509286998204,35.2789,2.202774707165107,0.3078390167611336,-0.027058473360932922,-0.027431294553592885
2021-03-13,35.981,38.412,34.74,37.242,12412835.8,2021-03-13 23:59:59.999,460255908.057,536385,5914787.4,219264483.2021,0,2021-03-13,61.77116676081091,35.1594,2.010639971436172,1.0357896140463314,0.03573713046138427,0.03511337656521672
2021-03-14,37.255,38.049,36.313,36.454,10328726.9,2021-03-14 23:59:59.999,383414454.0753,464145,4748901.2,176390871.822,0,2021-03-14,58.07277381605414,35.09895,1.948625439285751,0.695387616666176,-0.021158906610815653,-0.02138596485682886
2021-03-15,36.453,38.652,33.699,34.33,18687485.3,2021-03-15 23:59:59.999,670504649.456,749335,8660631.0,310969253.3005,0,2021-03-15,45.95714028453087,35.08825,1.9524169333364618,-0.3883647939399089,-0.058265210950787405,-0.060031584333141146
2021-03-16,34.321,35.583,32.01,35.44,15057332.1,2021-03-16 23:59:59.999,512699578.023,675391,7263813.5,247700497.6135,0,2021-03-16,47.98960138648179,35.17815,1.9234994773780658,0.1361320879363715,0.03233323623652784,0.03182151826727953
2021-03-17,35.44,36.48,34.418,36.154,12297926.3,2021-03-17 23:59:59.999,436957538.2636,566115,5884169.0,209106692.8227,0,2021-03-17,47.403166442717776,35.42385,1.6941546960683789,0.4309818942121752,0.020146726862302566,0.01994646681578251
2021-03-18,36.153,37.072,35.335,35.386,10298064.1,2021-03-18 23:59:59.999,373680901.6839,461720,4789317.0,173838754.2672,0,2021-03-18,50.338110304609465,35.62070000000001,1.4134698663777434,-0.16604528018801157,-0.02124246279803066,-0.021471330861851573
2021-03-19,35.388,38.96,34.643,38.252,17582921.3,2021-03-19 23:59:59.999,658006304.1849,763552,8674147.5,324655952.5894,0,2021-03-19,63.29259857044042,35.85875,1.4366409240784113,1.6658651162504259,0.080992482902843,0.07787958479648524
2021-03-20,38.24,40.21,37.19,37.272,15773431.3,2021-03-20 23:59:59.999,618241868.1377,690802,7339318.8,287993048.2912,0,2021-03-20,60.72001327213405,36.0321,1.383990945361327,0.895887364115876,-0.025619575447035525,-0.025953471972800683
2021-03-21,37.272,38.151,36.129,36.723,12061765.0,2021-03-21 23:59:59.999,446880197.1701,561254,5712375.5,211807438.3217,0,2021-03-21,54.70849363717076,36.0844,1.3896180618769938,0.4595507337731512,-0.014729555698647756,-0.014839112753010508
2021-03-22,36.727,37.844,35.052,35.278,12373196.3,2021-03-22 23:59:59.999,454724290.5859,577862,5694813.2,209497342.6271,0,2021-03-22,50.69935823597167,36.0415,1.4011374890273725,-0.5449144041745677,-0.039348637093919336,-0.04014372157219968
2021-03-23,35.284,36.337,34.046,34.237,10775906.4,2021-03-23 23:59:59.999,379301508.7593,498336,5109509.0,179976080.6599,0,2021-03-23,37.33441639590104,35.9012,1.4356380426394797,-1.15920583780317,-0.02950847553716185,-0.029952609576751856
2021-03-24,34.232,36.165,27.12,30.193,21832780.8,2021-03-24 23:59:59.999,703047647.0,940073,10117622.6,325941103.1775,0,2021-03-24,30.892921772400598,35.647,1.920274706225244,-2.8402186324274035,-0.11811782574407803,-0.12569682117818828
2021-03-25,30.203,31.275,28.397,29.807,26515392.5,2021-03-25 23:59:59.999,792657170.0555,1046210,12383351.1,370269889.321,0,2021-03-25,31.282722513089,35.455349999999996,2.2873174422407945,-2.4694211199939664,-0.01278442022985471,-0.01286684417865514
2021-03-26,29.807,33.4,29.792,33.195,13493384.0,2021-03-26 23:59:59.999,425868980.3667,593492,6378302.2,201283271.6731,0,2021-03-26,43.573157110945644,35.445350000000005,2.2972150249927963,-0.9795991996905302,0.11366457543530051,0.10765599691543262
2021-03-27,33.187,33.534,31.158,32.628,12413221.4,2021-03-27 23:59:59.999,402764439.1987,558463,5919003.0,192132936.5291,0,2021-03-27,38.89263360616275,35.32015,2.3818669430114148,-1.1302688455788759,-0.017080885675553548,-0.017228446732788703
2021-03-28,32.626,33.284,31.258,32.269,8338671.6,2021-03-28 23:59:59.999,270414267.921,441705,3979231.3,129054929.132,0,2021-03-28,39.712895137898826,35.18245,2.4776315616457523,-1.1759012296665943,-0.011002819664092223,-0.011063798388860426
2021-03-29,32.27,34.775,31.792,34.391,11325373.4,2021-03-29 23:59:59.999,382560470.3871,514053,5483412.1,185213666.895,0,2021-03-29,50.14995820836816,34.98745,2.3712900658324774,-0.25152975108113207,0.06575970745917137,0.06368788519235094
2021-03-30,34.391,34.9,33.554,34.039,8716009.4,2021-03-30 23:59:59.999,297637383.9883,417315,4011720.4,137009664.6929,0,2021-03-30,46.42255247433738,34.8102,2.298356955465543,-0.33554404948546823,-0.010235235962897216,-0.010287976171459788
2021-03-31,34.046,38.366,33.24,37.122,23952931.8,2021-03-31 23:59:59.999,861031283.8949,953515,11617205.0,417752348.9849,0,2021-03-31,52.20501138952164,34.81845,2.306749329912687,0.9986130569667028,0.09057257851288214,0.08670285970654197
2021-04-01,37.122,39.086,36.111,37.511,15231237.5,2021-04-01 23:59:59.999,573606464.1868,786052,7083561.9,266950829.6677,0,2021-04-01,54.92559454823605,34.89615,2.3723577052331186,1.1022157384748423,0.010478961262863074,0.01042443751898096
2021-04-02,37.514,41.507,36.66,41.135,17315062.5,2021-04-02 23:59:59.999,675418121.1251,864700,8307313.8,324270957.0662,0,2021-04-02,56.45573021631061,35.090799999999994,2.7105641789895065,2.229867880218675,0.09661166057956327,0.09222511732500595
2021-04-03,41.135,46.899,41.047,41.421,35312275.3,2021-04-03 23:59:59.999,1559351930.7071,1499851,16575890.3,732580176.8852,0,2021-04-03,59.58862953547492,35.339150000000004,3.048516192562506,1.9950197459465502,0.006952716664640812,0.006928657981231364
2021-04-04,41.43,45.164,40.739,44.372,16594721.6,2021-04-04 23:59:59.999,725619306.9936,800231,8037617.8,351584757.7698,0,2021-04-04,65.91088738195282,35.841249999999995,3.6426384000004606,2.341915134919493,0.07124405494797337,0.0688206412742883
2021-04-05,44.374,46.008,41.859,45.93,16534010.9,2021-04-05 23:59:59.999,724614152.6099,784210,7706503.1,338045070.7192,0,2021-04-05,72.05383022774328,36.365750000000006,4.2810927389480495,2.2340674643619427,0.03511223293969179,0.03450985846128898
2021-04-06,45.923,46.471,41.681,43.4,17487479.8,2021-04-06 23:59:59.999,767831963.5694,821508,8182447.4,359330511.1678,0,2021-04-06,67.86926167167206,36.72805,4.55976658538109,1.4632218283696152,-0.05508382320923144,-0.0566590572313429
2021-04-07,43.404,43.578,37.651,39.571,22515789.6,2021-04-07 23:59:59.999,905803896.4191,1040769,10315514.5,415069282.9645,0,2021-04-07,68.44320327249842,36.9373,4.590857678152599,0.5736836523017245,-0.08822580645161293,-0.09236291435789215
2021-04-08,39.575,41.666,39.272,41.372,11017036.4,2021-04-08 23:59:59.999,447643005.8013,627106,5278766.0,214533278.6505,0,2021-04-08,71.54513953575022,37.0933,4.689826156580584,0.9123365892776842,0.045513128301028605,0.04450779676709021
2021-04-09,41.365,42.168,40.136,40.847,8688716.3,2021-04-09 23:59:59.999,357201608.3792,483922,4112134.9,169097248.2553,0,2021-04-09,65.95762429095763,37.27204999999999,4.764530224536975,0.7503258100010117,-0.012689741854394199,-0.012770944318835617
2021-04-10,40.847,42.871,40.011,41.657,11149156.6,2021-04-10 23:59:59.999,463439202.2759,598461,5112826.6,212552319.6142,0,2021-04-10,68.64032371278748,37.51875,4.8613585373789725,0.8512538147888098,0.019830097681592163,0.0196360425213067
2021-04-11,41.663,41.998,40.1,41.4,8469809.2,2021-04-11 23:59:59.999,346848333.7474,521623,4048887.6,165836055.2045,0,2021-04-11,68.93062984616661,37.82485,4.905381183482403,0.7288220560796356,-0.006169431308063467,-0.006188540886759616
2021-04-12,41.411,41.877,39.429,40.539,9371896.6,2021-04-12 23:59:59.999,381651113.5336,540938,4298263.1,175070460.7096,0,2021-04-12,63.44942247112357,38.13995,4.865023984091913,0.49312192660193027,-0.020797101449275268,-0.021016407107209905
2021-04-13,40.539,43.582,39.909,43.021,14998428.7,2021-04-13 23:59:59.999,626125933.9894,802961,7109753.1,297098882.0997,0,2021-04-13,67.97406547666694,38.78135,4.600591864383503,0.9215444718802777,0.06122499321640884,0.05942389484768887
2021-04-14,43.03,44.732,40.026,42.584,20585845.8,2021-04-14 23:59:59.999,876213813.7965,1028585,9453607.2,402560352.398,0,2021-04-14,62.224709042077,39.4202,4.154275332334415,0.7615768688644344,-0.01015782989702696,-0.010209772701291272
2021-04-15,42.582,44.5,41.522,43.494,15846396.0,2021-04-15 23:59:59.999,681622646.8585,794426,7346149.2,316172114.527,0,2021-04-15,63.08560430427365,39.93515,3.976518766789829,0.8949662276768265,0.02136952846139395,0.021144401676339446
2021-04-16,43.495,43.888,40.01,41.451,18525254.5,2021-04-16 23:59:59.999,779085167.8256,862871,8546305.8,359619956.4443,0,2021-04-16,50.74248120300752,40.3763,3.5942382415252108,0.29900633396631837,-0.04697199613739822,-0.0481109908041535
2021-04-17,41.45,48.539,41.435,42.09,33488005.4,2021-04-17 23:59:59.999,1498246876.3066,1538830,15790374.5,707135868.2776,0,2021-04-17,51.54624878657608,40.86735,3.059396866515074,0.3996375930765429,0.015415792140117235,0.015298176039837083
2021-04-18,42.099,42.772,31.176,37.356,48189400.2,2021-04-18 23:59:59.999,1764277946.3043,1921668,22284213.3,815161570.2942,0,2021-04-18,35.01879057055004,41.01559999999999,2.788936628141562,-1.3121847097825972,-0.11247327156094089,-0.11931664153500789
2021-04-19,37.356,38.735,33.958,34.767,22129685.5,2021-04-19 23:59:59.999,803351200.3932,999864,10533348.8,382547873.9344,0,2021-04-19,27.168977788685723,41.052,2.6963009554026813,-2.3309712468878896,-0.06930613556055243,-0.07182488022710769
2021-04-20,34.774,35.8,31.549,35.42,23355838.0,2021-04-20 23:59:59.999,788706674.2089,1024047,11129369.5,375847056.5736,0,2021-04-20,32.3216659282233,40.966899999999995,2.849380558721702,-1.9467038135785069,0.018782178502602997,0.0186079713343238
2021-04-21,35.423,36.358,33.047,33.817,18123651.9,2021-04-21 23:59:59.999,631171582.4277,829573,8403638.5,292737071.0662,0,2021-04-21,35.85823830121903,40.7822,3.185129636294281,-2.186786974266963,-0.0452569169960475,-0.046312997727104635
2021-04-22,33.827,36.83,32.802,32.963,22982564.2,2021-04-22 23:59:59.999,791829150.0353,1133899,11240624.8,387314755.4248,0,2021-04-22,28.323967623859346,40.3736,3.6305161790461575,-2.041197348953003,-0.025253570689298233,-0.02557791431085204
2021-04-23,32.96,33.535,26.452,32.257,33395778.1,2021-04-23 23:59:59.999,1005354972.599,1365564,16045937.8,483263759.2291,0,2021-04-23,28.062110532230037,39.9154,4.0458914234722645,-1.8928832236005506,-0.021417953462973705,-0.021650646364252076
2021-04-24,32.255,32.429,28.555,29.0,16745239.8,2021-04-24 23:59:59.999,508029469.947,817591,8050069.6,244366828.4492,0,2021-04-24,21.266742338251987,39.1468,4.579618837276408,-2.2156429084029416,-0.10097033202095662,-0.10643924396600472
2021-04-25,29.0,31.349,28.1,29.831,14293436.1,2021-04-25 23:59:59.999,425827017.9087,709342,6973042.8,207814160.9507,0,2021-04-25,24.403734678525595,38.34185,4.73674717695816,-1.7967710080455446,0.028655172413793117,0.02825229127698251
2021-04-26,29.839,33.5,29.751,33.41,15063885.9,2021-04-26 23:59:59.999,486307774.5217,769987,7349719.8,237288656.4169,0,2021-04-26,35.92052770865425,37.842349999999996,4.701886298687954,-0.9426748582237797,0.11997586403405847,0.1133071351052086
2021-04-27,33.408,34.988,33.184,34.824,13514086.9,2021-04-27 23:59:59.999,460664933.1343,663564,6502124.0,221758034.342,0,2021-04-27,33.098272093694575,37.605000000000004,4.729762795877103,-0.5879787465080029,0.04232265788686029,0.04145154788133132
2021-04-28,34.836,35.437,32.6,34.0,13264606.2,2021-04-28 23:59:59.999,447450775.2416,678500,6333915.7,213611036.7438,0,2021-04-28,32.57834063971423,37.2364,4.707948948880305,-0.6874331126232196,-0.023661842407534994,-0.023946279633834985
2021-04-29,33.996,36.015,33.01,35.989,12659208.0,2021-04-29 23:59:59.999,431191741.9544,631601,6181335.2,210645361.9525,0,2021-04-29,35.407349795838996,36.9935,4.636641530699838,-0.2166438775456477,0.058499999999999996,0.05685281159278279
2021-04-30,35.992,36.866,35.137,36.553,15819473.6,2021-04-30 23:59:59.999,571206373.4013,694810,7824408.9,282651702.0509,0,2021-04-30,39.89519722726522,36.738299999999995,4.505048140405208,-0.04113163593926238,0.01567145516685664,0.015549925961883686
2021-05-01,36.554,37.421,35.789,36.959,11979611.1,2021-05-01 23:59:59.999,439943114.9021,567195,5561565.3,204367057.9107,0,2021-05-01,39.31175269757947,36.51625,4.370624752101717,0.10130130704702961,0.0111071594670753,0.011045927959571789
2021-05-02,36.957,37.232,35.47,36.658,11217607.8,2021-05-02 23:59:59.999,408678744.8737,547659,5188873.1,189125764.4461,0,2021-05-02,48.21665815022995,36.3222,4.267560138632154,0.07868664742651528,-0.008144159744581936,-0.00817750458074345
2021-05-03,36.655,38.381,36.633,37.296,14684144.2,2021-05-03 23:59:59.999,550636292.3949,659584,6828329.0,256207472.0267,0,2021-05-03,57.17691128894943,36.03595,3.976674787531594,0.31686020791811825,0.01740411369960171,0.01725439674374518
2021-05-04,37.306,38.002,34.4,34.796,21499084.4,2021-05-04 23:59:59.999,777032119.1129,898873,9770582.1,353367440.1075,0,2021-05-04,48.39720538374602,35.646550000000005,3.671316807717845,-0.23167436768518004,-0.06703131703131704,-0.069383644648107
2021-05-05,34.798,40.849,34.555,40.477,21794009.5,2021-05-05 23:59:59.999,832185297.6132,954914,10403341.9,397351929.3416,0,2021-05-05,64.14373088685015,35.4957,3.382528143579182,1.4726558918528594,0.16326589263133684,0.1512314739156474
2021-05-06,40.476,44.215,38.026,41.637,30580933.5,2021-05-06 23:59:59.999,1249572044.2329,1327542,14582077.4,596769781.2306,0,2021-05-06,68.18448637316563,35.504999999999995,3.399974256868482,1.8035430673077604,0.028658250364404614,0.028255283480870762
2021-05-07,41.642,42.805,38.3,39.865,22928084.6,2021-05-07 23:59:59.999,938440925.2363,1025301,10375203.3,425412952.3284,0,2021-05-07,65.2672981216889,35.39375,3.2039163349842497,1.3955576652166186,-0.04255830151067552,-0.04349044908735359
2021-05-08,39.871,40.73,38.748,39.953,10914755.8,2021-05-08 23:59:59.999,434172851.3833,565050,5040826.7,200581357.9648,0,2021-05-08,75.18278383225272,35.5236,3.3374717250921297,1.3271722923368674,0.0022074501442368444,0.0022050173057558088
2021-05-09,39.956,40.6,38.198,40.347,14289094.3,2021-05-09 23:59:59.999,565122497.7246,709288,6597233.1,260964387.9231,0,2021-05-09,74.67386203660254,35.8026,3.5001620774502737,1.2983398766809149,0.009861587365153968,0.009813279249307206
2021-05-10,40.328,41.895,32.0,36.479,23334284.5,2021-05-10 23:59:59.999,892669001.6047,1013647,10685805.5,409353176.242,0,2021-05-10,57.10449557849901,35.85555000000001,3.50207920910451,0.17802281524049504,-0.0958683421320049,-0.10078028995981642
2021-05-11,36.479,38.708,35.58,38.665,14215182.8,2021-05-11 23:59:59.999,526796779.3755,681292,6801137.2,252160743.8009,0,2021-05-11,58.58477493183139,36.097950000000004,3.521279559224245,0.7290105647179936,0.05992488829189391,0.05819804551129326
2021-05-12,38.665,42.571,33.644,35.072,29184708.6,2021-05-12 23:59:59.999,1148475762.0242,1361702,13491710.1,531869732.59,0,2021-05-12,52.132060461416074,36.2034,3.4533816592161504,-0.3276208979046946,-0.09292641924220868,-0.09753170673544839
2021-05-13,35.072,41.926,32.8,40.027,45175868.6,2021-05-13 23:59:59.999,1762169698.3492,2245372,21853331.8,852886666.5453,0,2021-05-13,57.18351953319576,36.591899999999995,3.422973867083534,1.003542572449378,0.14128079379562042,0.1321511350783497
2021-05-14,40.028,48.184,39.433,48.063,37234079.4,2021-05-14 23:59:59.999,1617045392.6627,1920133,18173147.2,789812576.4895,0,2021-05-14,66.17572657260105,37.54505,3.827858704357605,2.747737263140472,0.20076448397331803,0.1829584239287869
2021-05-15,48.064,49.855,42.783,43.66,41668486.9,2021-05-15 23:59:59.999,1949288958.8536,2361879,19512487.7,913763351.7104,0,2021-05-15,58.466203411244464,38.2365,3.6035182150664586,1.505056912803748,-0.09160892994611247,-0.09608029921088918
2021-05-16,43.673,46.773,39.3,42.461,27139702.3,2021-05-16 23:59:59.999,1166990879.03,1470273,12902150.7,554767815.0179,0,2021-05-16,57.16897684876337,38.68905,3.533127397631552,1.067595242257197,-0.02746220797068255,-0.027846343546066136
2021-05-17,42.466,42.55,35.132,38.732,30985017.6,2021-05-17 23:59:59.999,1202325489.3344,1709636,14748067.7,572620852.0624,0,2021-05-17,51.64814984849876,38.88445,3.414184074139124,-0.044651956862765685,-0.08782176585572643,-0.09191987582644702
2021-05-18,38.725,42.599,37.688,40.616,24162448.2,2021-05-18 23:59:59.999,968607143.2232,1346589,11365519.1,455671621.0985,0,2021-05-18,56.775635652416874,39.21525,3.2316546662010333,0.43344668434101336,0.04864194980894343,0.04749594589580845
2021-05-19,40.642,41.445,15.376,25.061,69636761.5,2021-05-19 23:59:59.999,2176758330.0494,3074880,32621401.9,1023675535.0395,0,2021-05-19,35.407595320131776,38.668850000000006,4.486185171988377,-3.0332787163951824,-0.3829771518613354,-0.48284922474347514
2021-05-20,25.051,31.3,21.071,28.942,51882967.0,2021-05-20 23:59:59.999,1419795593.2358,1925186,25253823.5,691101994.1828,0,2021-05-20,38.57191725329925,38.28830000000001,4.971654993957983,-1.879917253179977,0.15486213638721513,0.1439809744141829
2021-05-21,28.941,31.01,19.959,24.4,50897272.6,2021-05-21 23:59:59.999,1287453893.0897,2018435,25301366.8,640762287.1854,0,2021-05-21,36.73966353986247,37.66035,5.861835209978813,-2.2621499112473225,-0.1569345587727179,-0.17071069501664482
2021-05-22,24.389,24.618,20.312,22.052,36868429.3,2021-05-22 23:59:59.999,833078466.8694,1317514,18245834.9,412084497.5955,0,2021-05-22,35.22361448169977,36.93005,6.824145409962759,-2.180207059814277,-0.09622950819672127,-0.10117983157171899
2021-05-23,22.06,23.467,13.611,17.906,68972958.8,2021-05-23 23:59:59.999,1217275329.1637,2046320,34023499.2,599838246.5969,0,2021-05-23,32.556548775748155,35.96055,8.03869655888251,-2.2459549092010795,-0.18801015780881558,-0.20826744851547296
2021-05-24,17.905,23.477,17.071,23.268,44312245.8,2021-05-24 23:59:59.999,901816763.5559,1390218,21961701.5,447310949.9839,0,2021-05-24,39.964144092131455,35.38415,8.525170517047554,-1.4212208396033439,0.29945269741985947,0.26194317383655097
2021-05-25,23.26,24.218,19.615,22.141,34542082.3,2021-05-25 23:59:59.999,746971806.558,1201907,16985306.4,367540541.2864,0,2021-05-25,37.24212476837554,34.467349999999996,8.925202549817186,-1.3810722984939403,-0.048435619735258784,-0.04964793266969003
2021-05-26,22.141,24.788,21.612,24.529,27287311.3,2021-05-26 23:59:59.999,637850285.5645,1021428,13353710.1,312334671.018,0,2021-05-26,41.70560931476674,33.61195,9.02119815519331,-1.006845193259738,0.1078542071270494,0.10242499765212085
2021-05-27,24.529,24.97,21.746,23.995,25085377.1,2021-05-27 23:59:59.999,590208744.8857,969306,12264522.0,288646251.4897,0,2021-05-27,36.44434673791728,32.81845,9.139418831431012,-0.9654279076975465,-0.021770149618818513,-0.022010615720737033
2021-05-28,23.996,26.231,20.03,21.349,52769895.8,2021-05-28 23:59:59.999,1188221275.049,1806658,25879862.9,582786969.9297,0,2021-05-28,25.146993152724022,31.88825,9.320016923832615,-1.1308187620399734,-0.1102729735361534,-0.11684057514002193
2021-05-29,21.349,22.326,18.784,19.876,26769573.8,2021-05-29 23:59:59.999,549956166.0894,1026127,13181810.5,270808793.4637,0,2021-05-29,26.597000826543876,30.8647,9.465122125605754,-1.1609675875467627,-0.06899620591128386,-0.07149192643011276
2021-05-30,19.88,21.344,18.407,20.458,23142997.4,2021-05-30 23:59:59.999,469340559.4192,871621,11583978.5,235051842.5667,0,2021-05-30,28.083351594716817,30.063650000000003,9.641269894927852,-0.996305476839043,0.02928154558261209,0.028861030294741397
2021-05-31,20.458,23.446,19.068,23.25,25315029.7,2021-05-31 23:59:59.999,537303265.3027,895959,12662502.4,268937918.9344,0,2021-05-31,34.28542427933415,29.292899999999996,9.53301496407423,-0.6338917984261062,0.13647472871248412,0.12793112799854967
2021-06-01,23.262,23.534,21.685,22.817,24576974.9,2021-06-01 23:59:59.999,552534154.2014,860993,12023358.8,270390507.6774,0,2021-06-01,31.385304022255227,28.680149999999998,9.53585793493502,-0.6148529099327391,-0.01862365591397852,-0.018799259869932125
2021-06-02,22.819,26.849,22.64,25.886,34786653.3,2021-06-02 23:59:59.999,865545913.3744,1251553,17151849.0,426760469.3224,0,2021-06-02,51.16779435495286,27.9731,9.167382166079221,-0.22766586602253835,0.13450497436122189,0.12619640985681319
2021-06-03,25.886,28.597,25.647,26.987,35665652.3,2021-06-03 23:59:59.999,971919762.5947,1246571,17414414.8,474624383.7942,0,2021-06-03,46.996281842485324,26.9193,7.853713309471413,0.00862012621702829,0.04253264312755922,0.041652986553172774
2021-06-04,26.988,27.003,23.6,24.967,34624023.6,2021-06-04 23:59:59.999,861087669.0486,1278474,16761127.5,416761969.8513,0,2021-06-04,50.944338962726086,25.98465,6.79792719394747,-0.1497000439937138,-0.07485085411494419,-0.07780031567263425
2021-06-05,24.973,26.374,22.9,23.746,22840790.9,2021-06-05 23:59:59.999,564273176.6953,1003483,10963693.1,270978978.991,0,2021-06-05,52.931404443829166,25.0489,5.591597793494316,-0.2330103215785464,-0.0489045540112949,-0.05014085765718445
2021-06-06,23.747,24.45,23.539,24.178,12873058.2,2021-06-06 23:59:59.999,309322353.4672,606530,6426826.9,154473275.7625,0,2021-06-06,62.454328832406674,24.321199999999997,4.571039540871474,-0.031327665997983346,0.018192537690558508,0.01802903353619977
2021-06-07,24.175,25.288,21.269,21.687,23457575.6,2021-06-07 23:59:59.999,560993165.9975,939502,11132680.9,266610491.031,0,2021-06-07,46.456587027656994,23.37475,2.5183202186545226,-0.6701887978732591,-0.10302754570270489,-0.10873012609353033
2021-06-08,21.686,22.286,19.587,21.635,38004187.5,2021-06-08 23:59:59.999,802559812.6338,1118912,18981187.8,401122396.8278,0,2021-06-08,48.808514646321946,23.203449999999997,2.514099346422921,-0.6238615837642205,-0.0023977498040300693,-0.0024006290094216714
2021-06-09,21.633,23.325,20.353,23.207,26688626.4,2021-06-09 23:59:59.999,582104637.5347,870816,13268605.7,289509099.9436,0,2021-06-09,46.762660397688315,22.9167,2.121540654187038,0.13683452137816482,0.07266004159926043,0.07014158362377346
2021-06-10,23.207,24.578,22.036,22.675,28096383.4,2021-06-10 23:59:59.999,659926042.7059,953002,13541332.0,318213773.5362,0,2021-06-10,46.76724137931034,22.83045,2.0929357239859954,-0.07427366173670343,-0.022924117723100768,-0.023190961299421272
2021-06-11,22.676,23.198,20.471,20.937,18997513.4,2021-06-11 23:59:59.999,418990592.6711,699689,8937776.0,197179052.18,0,2021-06-11,48.94402296493746,22.774700000000003,2.129297217887912,-0.8630547133400425,-0.0766482910694597,-0.07974506729807596
2021-06-12,20.936,21.261,19.509,20.728,20924178.8,2021-06-12 23:59:59.999,427384672.2501,701286,10252004.6,209494457.8105,0,2021-06-12,52.33501425126069,22.9158,1.8670379467854379,-1.171802642665529,-0.009982327936189472,-0.010032485443315378
2021-06-13,20.728,22.395,19.911,22.03,17037257.6,2021-06-13 23:59:59.999,356090484.6068,569342,8449755.1,176644297.8274,0,2021-06-13,54.144695211980604,22.8539,1.8752508295383183,-0.4393545583461175,0.06281358548822835,0.06091971755444278
2021-06-14,22.032,26.036,21.225,25.84,41834034.8,2021-06-14 23:59:59.999,1001791902.7467,1209822,20807406.0,498499032.1527,0,2021-06-14,56.48083274947453,23.038850000000004,1.9806854814219574,1.414232611019604,0.1729459827507942,0.1595185181001492
2021-06-15,25.841,26.0,23.5,23.934,35537688.2,2021-06-15 23:59:59.999,872052775.4011,1105241,16959908.4,416402841.3812,0,2021-06-15,52.603122815194595,23.0091,1.961500899553021,0.47152667643984436,-0.07376160990712066,-0.07662363676307644
2021-06-16,23.937,24.58,22.452,23.026,28727498.9,2021-06-16 23:59:59.999,672837674.8143,907115,13695228.8,320749783.8271,0,2021-06-16,42.58836944127709,22.96065,1.9477864433626468,0.033550906067083434,-0.037937661903568176,-0.03867602989985191
2021-06-17,23.023,23.993,21.967,22.527,18336659.5,2021-06-17 23:59:59.999,424131777.8482,633128,8886220.0,205586856.1182,0,2021-06-17,38.06976246522577,23.01955,1.9140040827927485,-0.25734009892043264,-0.021671154347259525,-0.021909422465616054
2021-06-18,22.529,22.562,20.191,21.418,20843008.4,2021-06-18 23:59:59.999,446455221.4223,672658,9959462.5,213171792.9666,0,2021-06-18,40.02024633035263,23.09665,1.8088814303174519,-0.9280044406810039,-0.04922981311315322,-0.05048289980717338
2021-06-19,21.418,21.617,20.205,20.213,17253237.4,2021-06-19 23:59:59.999,362330775.8878,544983,8507350.2,178678876.1919,0,2021-06-19,40.05629045876724,23.084400000000002,1.8284153449597147,-1.5704309241964203,-0.056261088803809756,-0.0579057282138223
2021-06-20,20.214,20.98,18.854,20.605,22152654.8,2021-06-20 23:59:59.999,441463287.9837,663739,10756313.0,214414672.0388,0,2021-06-20,39.92101551480959,22.95215,1.9096589741020158,-1.229093797285825,0.019393459654677647,0.01920780302591978
2021-06-21,20.605,20.787,15.34,15.697,54761734.9,2021-06-21 23:59:59.999,961748341.9086,1325058,26844280.5,471507774.8341,0,2021-06-21,35.13057293218151,22.59615,2.5065531643652443,-2.7524451099153655,-0.2381946129580199,-0.2720641534977108
2021-06-22,15.699,16.918,12.97,14.674,72808740.9,2021-06-22 23:59:59.999,1081465729.7448,1537924,35679164.2,529920537.3514,0,2021-06-22,33.51489603561785,22.03555,2.94712408388066,-2.497875824185385,-0.06517168885774349,-0.06739239100126736
2021-06-23,14.675,16.8,13.948,15.788,40368584.0,2021-06-23 23:59:59.999,640594717.8844,921119,19848151.9,314882266.2472,0,2021-06-23,32.04066811909949,21.475600000000004,3.0198414981061767,-1.8834101073075686,0.07591658716096505,0.07317293750879823
2021-06-24,15.79,16.598,14.706,16.217,27200966.5,2021-06-24 23:59:59.999,430933596.8774,706861,13303373.7,210915241.7543,0,2021-06-24,34.28863370961463,21.0381,3.119584029288107,-1.5454304018539875,0.02717253610336945,0.026809916936636466
2021-06-25,16.214,16.741,14.4,14.406,31815134.7,2021-06-25 23:59:59.999,487499574.4968,788625,15977419.9,244835601.799,0,2021-06-25,34.16727272727272,20.5711,3.3810192623869404,-1.8234442106217248,-0.11167293580810256,-0.11841528827006612
2021-06-26,14.406,14.97,13.606,14.498,30239886.9,2021-06-26 23:59:59.999,428608526.793,760113,15101173.9,214097260.9929,0,2021-06-26,34.81080553930174,20.0871,3.5272042738511242,-1.5845694113705602,0.006386227960571977,0.006365922411514845
2021-06-27,14.491,15.0,14.017,14.988,24244372.4,2021-06-27 23:59:59.999,351546143.9059,608229,12335119.0,178894783.0471,0,2021-06-27,32.12327376116977,19.75215,3.6819584358985047,-1.2939173765652272,0.03379776520899447,0.033239172052755034
2021-06-28,14.989,16.009,14.591,15.795,26239814.4,2021-06-28 23:59:59.999,400021468.647,646745,13212122.8,201465030.4209,0,2021-06-28,19.91253818966034,19.460150000000002,3.7556145516448134,-0.9759121841709791,0.05384307445956771,0.05244355332260763
2021-06-29,15.795,17.025,15.705,16.304,31966172.9,2021-06-29 23:59:59.999,525528402.0391,706347,15700371.5,258171526.9367,0,2021-06-29,25.05883891213388,19.115000000000002,3.710071640675868,-0.7576673100274475,0.032225387780943304,0.03171704222632045
2021-06-30,16.304,16.63,15.077,16.388,28852256.4,2021-06-30 23:59:59.999,456292889.4301,647917,14271961.9,225762711.6959,0,2021-06-30,27.066058595909354,18.80065,3.658548824688764,-0.659455460514524,0.005152109911678249,0.005138883204255776
2021-07-01,16.384,16.401,14.834,15.162,22341116.7,2021-07-01 23:59:59.999,344758176.8414,551403,10909044.6,168225632.0274,0,2021-07-01,25.771432331074422,18.5119,3.708616296083879,-0.9032748962294465,-0.07481083719794979,-0.07775706205051254
2021-07-02,15.162,15.448,14.602,15.275,17574693.0,2021-07-02 23:59:59.999,263309660.95,442624,9079808.1,136079413.8401,0,2021-07-02,28.37428712243893,18.23925,3.737452860114614,-0.7931203712651229,0.007452842632897916,0.007425207423546729
2021-07-03,15.275,15.746,15.008,15.519,13044778.1,2021-07-03 23:59:59.999,201260965.7207,350388,6493341.3,100203176.811,0,2021-07-03,32.27609122489049,17.9137,3.6728938984775543,-0.6519926973639565,0.015973813420621985,0.015847574631828752
2021-07-04,15.519,16.578,15.152,15.97,15144051.4,2021-07-04 23:59:59.999,241235459.5355,396946,7396497.3,117871383.8764,0,2021-07-04,32.57649800766859,17.4202,3.182135456443968,-0.45573169962431365,0.029061150847348394,0.02864688253743333
2021-07-05,15.971,15.978,14.731,15.213,18190474.9,2021-07-05 23:59:59.999,278689470.4832,472734,8762574.9,134250927.6253,0,2021-07-05,47.3551912568306,16.98415,2.819416555452185,-0.6281973469209267,-0.04740137758296814,-0.04856163674592944
2021-07-06,15.22,16.193,15.179,16.126,24561239.2,2021-07-06 23:59:59.999,385109731.37,566361,11829535.7,185476314.0139,0,2021-07-06,58.03097345132744,16.63915,2.4374820328622504,-0.2105246287282066,0.06001446131597987,0.0582825507818387
2021-07-07,16.126,17.666,16.082,16.862,40590075.9,2021-07-07 23:59:59.999,685186339.1922,829192,20048664.2,338512329.3092,0,2021-07-07,56.19949203417224,16.3559,2.00870903554339,0.25195286676404643,0.04564058042912045,0.044629693237653395
2021-07-08,16.862,16.895,14.976,15.311,29738652.6,2021-07-08 23:59:59.999,467678348.4904,653906,13675184.8,215079351.4656,0,2021-07-08,45.36999182338513,16.05055,1.6265157295338475,-0.4546835831781062,-0.09198197129640606,-0.09649104517752576
2021-07-09,15.304,15.918,14.811,15.673,20480387.2,2021-07-09 23:59:59.999,315544641.0957,472385,10073103.7,155319579.6166,0,2021-07-09,57.60047990401918,15.823550000000001,1.298815025726374,-0.11591334949008957,0.023643132388478927,0.02336796234897305
2021-07-10,15.674,15.987,15.022,15.272,16008845.8,2021-07-10 23:59:59.999,246317885.9536,416474,7611281.0,117151839.277,0,2021-07-10,54.477093937991675,15.556899999999999,0.6517744120556547,-0.43711442905750514,-0.02558540164614309,-0.025918400248484633
2021-07-11,15.272,15.7,15.134,15.494,13578416.3,2021-07-11 23:59:59.999,209814705.7149,352793,6610140.8,102151582.1843,0,2021-07-11,53.02053486150908,15.54675,0.6510580760738788,-0.08102195785374733,0.014536406495547327,0.01443176578626421
2021-07-12,15.494,15.656,14.4,14.836,17688426.3,2021-07-12 23:59:59.999,267667570.5452,454202,8182575.0,123895826.1151,0,2021-07-12,44.171629998784496,15.554849999999998,0.6405514297934977,-1.1222361961345437,-0.042468052149219004,-0.04339619258236636
2021-07-13,14.835,15.1,14.003,14.186,16443101.0,2021-07-13 23:59:59.999,238303446.3491,411873,7909275.9,114712220.6688,0,2021-07-13,37.344646271510534,15.47475,0.7066186252703186,-1.8238268196044025,-0.0438123483418712,-0.04480109684744944
2021-07-14,14.183,14.219,13.151,13.793,26236867.1,2021-07-14 23:59:59.999,358454544.9686,533225,12557903.2,171601894.4598,0,2021-07-14,35.04667511812838,15.353549999999998,0.7769863153302596,-2.0084652318962455,-0.027703369519244347,-0.02809434568651221
2021-07-15,13.792,14.1,12.734,13.091,23527321.1,2021-07-15 23:59:59.999,311374683.0243,504891,11399932.9,150948429.2729,0,2021-07-15,37.29915368575983,15.287799999999999,0.9062725046207385,-2.423994978110174,-0.0508953817153629,-0.05223624589542088
2021-07-16,13.092,13.306,11.98,12.013,28385974.8,2021-07-16 23:59:59.999,357381337.7757,580764,13838076.0,174367405.4372,0,2021-07-16,32.11230533011624,15.16355,1.1561514413186211,-2.725032281589958,-0.0823466503704835,-0.08593557445872388
2021-07-17,12.013,12.739,11.7,12.29,34749253.4,2021-07-17 23:59:59.999,421791946.8659,637307,17818874.9,216463541.1514,0,2021-07-17,32.357119440498295,15.028649999999999,1.3230655899323833,-2.069927614200866,0.023058353450428726,0.02279652683870542
2021-07-18,12.289,12.929,12.249,12.636,25000760.5,2021-07-18 23:59:59.999,315452944.4144,500041,12570474.0,158652669.3164,0,2021-07-18,31.5719655096175,14.8707,1.4123154970323955,-1.582295177455481,0.02815296989422289,0.027763959361895255
2021-07-19,12.641,12.73,11.345,11.45,30861646.5,2021-07-19 23:59:59.999,364691238.8459,599183,14913052.9,176150879.1362,0,2021-07-19,30.14248021108179,14.628,1.5621651641231689,-2.0343559522297934,-0.0938588160810383,-0.0985601529395901
2021-07-20,11.45,11.549,10.357,10.952,37607589.8,2021-07-20 23:59:59.999,407195407.1362,644232,18535362.0,200679903.3337,0,2021-07-20,21.445916114790265,14.356199999999998,1.706099139465282,-1.9953119494960456,-0.043493449781659366,-0.04446764201410087
2021-07-21,10.953,12.854,10.654,12.336,46652172.6,2021-07-21 23:59:59.999,556635083.433,818345,23839802.1,284432881.5193,0,2021-07-21,26.689328388957563,14.2149,1.7522510604783017,-1.0722778501199066,0.12636961285609938,0.11899972883482594
2021-07-22,12.336,13.371,11.798,13.144,36112055.5,2021-07-22 23:59:59.999,453145906.6416,728286,17995385.2,225926912.4718,0,2021-07-22,37.914110429447845,14.108350000000002,1.7491839984765125,-0.5513142132788327,0.06549935149156938,0.06344356391399326
2021-07-23,13.143,13.522,12.317,13.386,28510543.3,2021-07-23 23:59:59.999,369686756.153,645057,14146284.2,183465697.2807,0,2021-07-23,37.07179197286601,14.0017,1.7234851502574249,-0.35724125613036906,0.018411442483262208,0.01824400394348339
2021-07-24,13.388,14.048,13.115,13.749,27428494.8,2021-07-24 23:59:59.999,372053774.5516,619515,13682619.0,185646750.6839,0,2021-07-24,41.35346883161122,13.890649999999999,1.660384079695185,-0.08531158647702931,0.027117884356790745,0.026756709516646302
2021-07-25,13.75,13.821,13.079,13.723,21684688.9,2021-07-25 23:59:59.999,290915052.5242,517486,10366187.1,139177998.7883,0,2021-07-25,39.716641505051676,13.816150000000002,1.6310978309747362,-0.05710877559339001,-0.0018910466215724675,-0.001892836907600546
2021-07-26,13.721,15.282,13.618,13.915,51792195.4,2021-07-26 23:59:59.999,757661469.4785,998466,24927644.6,364875146.2484,0,2021-07-26,44.34622467771638,13.705599999999999,1.5386094337009788,0.13609691674404248,0.013991109815637781,0.013894137690357765
2021-07-27,13.914,14.524,13.361,14.346,32345497.7,2021-07-27 23:59:59.999,449876099.171,670562,15940813.8,221789706.6605,0,2021-07-27,51.00933636134242,13.5798,1.3593690331992325,0.5636438533521481,0.030973769313690225,0.030503762726388543
2021-07-28,14.347,14.749,13.9,14.529,28883801.5,2021-07-28 23:59:59.999,415640331.7341,681053,14020739.4,201841521.1693,0,2021-07-28,54.76931052358736,13.540699999999998,1.3175565542640566,0.7501006289267287,0.012756168966959525,0.012675494384959187
2021-07-29,14.529,15.392,14.232,15.252,27551886.4,2021-07-29 23:59:59.999,408841911.6772,665785,13696025.0,203312362.3471,0,2021-07-29,63.96536125113094,13.519649999999999,1.2846488881361464,1.3485007584550281,0.0497625438777618,0.048563989906115615
2021-07-30,15.252,15.839,14.394,15.779,30154215.5,2021-07-30 23:59:59.999,455181595.099,673757,14767601.8,222945420.4874,0,2021-07-30,76.20372947397718,13.544999999999998,1.325403851066163,1.6855239994986875,0.03455284552845517,0.03396930005821452
2021-07-31,15.778,17.0,15.556,16.766,31238377.9,2021-07-31 23:59:59.999,508109358.9166,719922,15349553.9,249755426.0077,0,2021-07-31,78.34346504559271,13.6086,1.4486391581502547,2.179562786381969,0.06255149249001835,0.06067308416213366
2021-08-01,16.764,19.927,16.53,18.422,94668300.9,2021-08-01 23:59:59.999,1778904621.7567,1839925,47682239.0,896142595.839,0,2021-08-01,81.42515750597437,13.787899999999999,1.7902056894464053,2.588585226445699,0.09877132291542412,0.09419257635037824
2021-08-02,18.423,18.965,17.56,17.986,54177784.0,2021-08-02 23:59:59.999,987663474.3815,1177018,26415373.5,481686982.929,0,2021-08-02,88.64711447492905,13.9779,2.0214045637937694,1.9828292029170074,-0.023667354250352823,-0.0239519250737201
2021-08-03,17.985,18.55,16.8,17.428,41962735.5,2021-08-03 23:59:59.999,733448856.6083,1025366,20267957.4,354440613.349,0,2021-08-03,88.02254579614844,14.15965,2.1624035427225214,1.5114431397411907,-0.03102412987879466,-0.03151556923712808
2021-08-04,17.426,19.592,17.094,19.153,45395116.8,2021-08-04 23:59:59.999,833428558.2623,1086517,22549153.2,413972895.2977,0,2021-08-04,88.48368522072937,14.46275,2.414843699311661,1.9422582096460037,0.09897865503786996,0.09438125306532831
2021-08-05,19.149,19.485,17.839,19.133,47810545.4,2021-08-05 23:59:59.999,899845147.9817,1147908,22981710.8,432794118.8558,0,2021-08-05,87.11116619159748,14.81875,2.555419130829714,1.6882749087814861,-0.0010442228371534412,-0.001044768417658408
2021-08-06,19.133,20.814,18.523,20.426,44200768.2,2021-08-06 23:59:59.999,871183693.7084,1095402,21629465.8,426400829.7438,0,2021-08-06,88.59649122807018,15.225549999999998,2.7702377149566755,1.877257670676587,0.067579574557048,0.06539400625304147
2021-08-07,20.427,21.707,20.028,20.985,40170954.4,2021-08-07 23:59:59.999,837615637.3711,1055548,19555491.7,407887497.061,0,2021-08-07,88.83641047659941,15.643,2.9805538870626336,1.7922843211080457,0.027367081171056462,0.026999297629646948
2021-08-08,20.986,21.24,19.204,19.666,29578535.0,2021-08-08 23:59:59.999,600177393.5742,864854,13755174.4,279240517.1802,0,2021-08-08,78.00923743990951,16.0538,2.9381203730132897,1.2294254630198784,-0.06285441982368356,-0.06491664042758968
2021-08-09,19.666,21.28,18.705,20.578,36089657.3,2021-08-09 23:59:59.999,729515056.4932,983918,17086080.6,345536191.3191,0,2021-08-09,79.40683202400919,16.5351,2.845360987180429,1.420874194246353,0.04637445337130064,0.04533128759565393
2021-08-10,20.577,21.455,20.101,20.62,33845442.6,2021-08-10 23:59:59.999,700571469.2097,947876,15928748.3,329870562.1146,0,2021-08-10,78.67458866544791,16.9493,2.804584950998701,1.308821114045014,0.0020410146758675918,0.0020389346351955364
2021-08-11,20.626,22.498,20.563,21.362,43108436.2,2021-08-11 23:59:59.999,931441706.059,1181265,20271586.6,438217046.4352,0,2021-08-11,79.7112792416732,17.3602,2.8196964674271263,1.4192307740313272,0.035984481086323905,0.035352164078689796
2021-08-12,21.362,22.359,19.923,20.763,36201793.2,2021-08-12 23:59:59.999,759730303.6125,991709,16911121.1,354996977.6448,0,2021-08-12,74.22417582417584,17.72905,2.754201106348353,1.101571701865501,-0.028040445651156154,-0.028441086139667608
2021-08-13,20.764,22.757,20.51,22.747,30500605.4,2021-08-13 23:59:59.999,664071210.0678,806093,14771857.1,321786528.212,0,2021-08-13,77.15087281795513,18.17895,2.8042981573404644,1.6289459050717485,0.09555459230361696,0.09126071204188871
2021-08-14,22.747,23.5,21.802,22.855,31189201.2,2021-08-14 23:59:59.999,704718116.1557,866562,14460204.6,326863186.647,0,2021-08-14,75.47059315652976,18.635550000000002,2.7839573967361777,1.5156302337624656,0.004747878841165898,0.0047366432139829655
2021-08-15,22.855,23.368,21.85,23.162,24938208.8,2021-08-15 23:59:59.999,562048266.6516,745184,11532408.9,259920860.5002,0,2021-08-15,72.35005658242174,19.0979,2.7259741262238864,1.4908798880016267,0.013432509297746531,0.013343092978478098
2021-08-16,23.164,25.74,22.836,24.445,55493055.6,2021-08-16 23:59:59.999,1362040657.8624,1488589,26223516.0,643857440.0943,0,2021-08-16,78.20277705003932,19.602849999999997,2.734758707243125,1.7705949659015119,0.055392453156031474,0.053912691268423
2021-08-17,24.447,27.456,23.01,23.568,70497603.7,2021-08-17 23:59:59.999,1802290292.1027,1888284,32997392.6,844748318.634,0,2021-08-17,76.08326253186068,20.0548,2.5954665253496367,1.3535909500997074,-0.035876457353241964,-0.03653583631033441
2021-08-18,23.567,25.181,22.431,23.882,48068193.7,2021-08-18 23:59:59.999,1153625320.5993,1357891,23073407.8,554059378.1958,0,2021-08-18,72.8255623129646,20.4863,2.4692765848789757,1.3751800915272647,0.013323150033944353,0.013235177390918451
2021-08-19,23.875,26.87,23.458,26.61,41113110.6,2021-08-19 23:59:59.999,1026018301.9581,1240141,19670270.8,491083747.5694,0,2021-08-19,78.61023953470577,21.027849999999997,2.5682751794479555,2.1735015175437202,0.11422828908801597,0.10816204787840483
2021-08-20,26.607,28.51,26.111,28.186,42668724.8,2021-08-20 23:59:59.999,1175928587.1942,1291858,20364634.5,561607686.5479,0,2021-08-20,79.06367041198504,21.598850000000002,2.8273070370193185,2.3298318554551063,0.059225854941751255,0.05753831577972153
2021-08-21,28.186,29.394,27.48,27.887,38463357.0,2021-08-21 23:59:59.999,1095203216.2624,1259272,17942930.7,511215546.97,0,2021-08-21,76.36363636363639,22.0721,3.050873729899271,1.90597858672833,-0.010608103313701767,-0.01066477035113803
2021-08-22,27.886,28.563,26.525,27.712,30327795.0,2021-08-22 23:59:59.999,835462621.468,1017158,14086669.7,388185540.4992,0,2021-08-22,83.67654445002513,22.5584,3.139152456853353,1.6417170146511153,-0.006275325420446842,-0.0062950980381565975
2021-08-23,27.707,28.666,27.3,27.901,26976576.4,2021-08-23 23:59:59.999,755422471.1681,943461,12582492.1,352446415.6454,0,2021-08-23,82.62496658647423,23.082050000000002,3.11168822810824,1.5486609347523523,0.006820150115473433,0.006796998098882428
2021-08-24,27.902,28.215,24.23,25.09,34977302.6,2021-08-24 23:59:59.999,920633750.3358,1138959,15954727.7,419969533.1579,0,2021-08-24,65.97341337907376,23.378899999999998,2.9982582645683915,0.5706980016434041,-0.10074907709401093,-0.10619317010057612
2021-08-25,25.091,26.573,24.377,26.005,30382922.4,2021-08-25 23:59:59.999,780584494.0502,1022004,14404588.4,370155274.0059,0,2021-08-25,66.38898693963998,23.7225,2.87739845035499,0.7932512786744577,0.03646871263451579,0.035819466846704916
2021-08-26,26.004,26.418,23.445,23.927,30107356.8,2021-08-26 23:59:59.999,740594273.2958,1005197,14267587.5,351061037.7281,0,2021-08-26,60.112503196113515,23.897550000000003,2.7708166471467037,0.01062863543508869,-0.07990771005575847,-0.08328129881349566
2021-08-27,23.926,26.829,23.461,26.555,31974512.8,2021-08-27 23:59:59.999,806686173.0192,1039001,15648887.8,394871340.6797,0,2021-08-27,61.689587426326135,24.17605,2.7424434067950654,0.8674563690559948,0.10983407865591177,0.10421052546282242
2021-08-28,26.552,26.787,25.41,25.973,17867741.7,2021-08-28 23:59:59.999,465069979.3728,658018,8110323.3,211182591.3782,0,2021-08-28,59.30079942727598,24.491400000000002,2.5525888489098647,0.5804303347296782,-0.02191677650160051,-0.02216051696610957
2021-08-29,25.975,26.486,25.259,25.726,16704083.9,2021-08-29 23:59:59.999,432302652.837,595633,7746341.0,200505596.7027,0,2021-08-29,57.675727457789485,24.7488,2.391684378930693,0.40858233996448134,-0.009509875640087762,-0.009555383251729235
2021-08-30,25.726,27.605,24.317,26.073,32540808.7,2021-08-30 23:59:59.999,843199101.9032,1015881,15393788.8,398977757.3188,0,2021-08-30,55.16300900672333,25.021449999999998,2.1993143064194114,0.4781262946049653,0.01348829977454713,0.013398142466909
2021-08-31,26.074,31.977,25.64,31.359,105365388.8,2021-08-31 23:59:59.999,3079537960.3122,2960390,51352476.3,1501089294.2738,0,2021-08-31,69.3085501858736,25.5213,2.4460349246549256,2.3865971581838945,0.20273846507881732,0.18460101109524718
2021-09-01,31.357,33.88,29.634,33.237,64114346.2,2021-09-01 23:59:59.999,2001548530.611,2078557,30594119.5,956030251.5109,0,2021-09-01,71.5166290997746,26.145000000000003,2.741390580670607,2.587008232247275,0.05988711374724964,0.05816240598796579
2021-09-02,33.236,33.26,31.3,31.817,33466623.1,2021-09-02 23:59:59.999,1082505706.0058,1229106,15443387.5,499749544.558,0,2021-09-02,62.742890705300766,26.5985,2.895560658372718,1.8022416435692128,-0.04272347083070083,-0.043662975068512674
2021-09-03,31.816,34.1,30.9,33.601,36441546.2,2021-09-03 23:59:59.999,1199897183.4052,1350987,17013279.4,560279422.845,0,2021-09-03,63.11836813799118,27.1358,3.1501758280084124,2.052329886642357,0.05607065405286482,0.05455509029291079
2021-09-04,33.606,34.202,32.024,32.438,21887428.8,2021-09-04 23:59:59.999,724574629.4143,814685,9841143.7,325893094.3998,0,2021-09-04,60.582244337999356,27.5996,3.216475488546606,1.5042552064297805,-0.03461206511710946,-0.03522525336554583
2021-09-05,32.439,34.81,32.012,34.463,23732396.0,2021-09-05 23:59:59.999,791999533.5299,885224,11130041.3,371429769.0683,0,2021-09-05,64.45424570718966,28.1005,3.469455584473111,1.8338612053355459,0.06242678340218255,0.06055570970292738
2021-09-06,34.469,35.16,32.119,34.371,30813038.2,2021-09-06 23:59:59.999,1053468276.2385,1143081,14168169.0,484851364.6211,0,2021-09-06,63.910388716890274,28.640650000000004,3.5662577507433375,1.6068244082485583,-0.0026695296404839475,-0.002673099188826632
2021-09-07,34.371,35.759,20.835,27.982,84323825.7,2021-09-07 23:59:59.999,2546089120.1479,2725331,39028619.0,1178010734.3276,0,2021-09-07,55.38868599537899,28.84565,3.3918963997802454,-0.25462157395371926,-0.18588344825579706,-0.2056517392685044
2021-09-08,27.989,28.899,25.207,27.779,42764924.7,2021-09-08 23:59:59.999,1176945033.4624,1528519,20559981.5,566207582.6342,0,2021-09-08,53.39560523696501,28.9041,3.361277528121223,-0.33472392284991453,-0.007254663712386478,-0.007281106753038649
2021-09-09,27.777,31.88,27.016,29.844,38270874.7,2021-09-09 23:59:59.999,1127951803.9541,1461134,18322534.2,540292110.6432,0,2021-09-09,61.33134168294458,28.987000000000002,3.363080057578811,0.2548259290077623,0.07433672918391587,0.07170347505121245
2021-09-10,29.842,32.686,27.99,29.199,52826856.7,2021-09-10 23:59:59.999,1606414071.2313,2015055,25354770.4,771552486.71,0,2021-09-10,55.479565613860565,29.0526,3.3532758437400605,0.043658800176937816,-0.02161238439887414,-0.02184935249680167
2021-09-11,29.198,32.131,28.254,31.593,33026167.0,2021-09-11 23:59:59.999,998997312.2726,1279750,16247376.3,491563363.874,0,2021-09-11,60.833526100701675,29.24665,3.3837695777436214,0.6934130549056485,0.08198910921606894,0.07880111495410348
2021-09-12,31.598,36.5,30.678,35.811,55889391.5,2021-09-12 23:59:59.999,1868289891.0096,2124180,27411361.4,916685041.8824,0,2021-09-12,66.85947373700225,29.642150000000004,3.668497086144777,1.6815741855973065,0.13351058778843417,0.12531953171444116
2021-09-13,35.823,38.0,31.0,34.876,106994551.8,2021-09-13 23:59:59.999,3764950597.5125,3976209,52118049.0,1835378373.2419,0,2021-09-13,64.43256713775125,30.13145,3.6819786796461087,1.2885870377869804,-0.026109296026360695,-0.026456195215442454
2021-09-14,34.855,38.745,34.101,37.379,55607103.5,2021-09-14 23:59:59.999,2042988631.7902,2214404,27343534.9,1004920186.7331,0,2021-09-14,60.86093671068773,30.70015,3.8839302567726115,1.7196112078361188,0.07176855143938532,0.06931013583005649
2021-09-15,37.378,37.999,35.552,36.493,26551744.8,2021-09-15 23:59:59.999,971488012.8774,1221497,12611272.6,461581049.5225,0,2021-09-15,56.09235835641045,31.328449999999997,3.7444675185356466,1.3792481773268825,-0.023703148826881293,-0.023988588021390294
2021-09-16,36.493,37.008,34.005,35.514,28842268.3,2021-09-16 23:59:59.999,1019870151.0357,1308024,13554235.9,479646323.1745,0,2021-09-16,57.03359841710742,31.776400000000002,3.6786691157479736,1.0160196207915928,-0.026827062724358086,-0.027193476437591624
2021-09-17,35.514,36.97,32.112,33.051,32757226.7,2021-09-17 23:59:59.999,1133865983.6385,1499075,15192977.5,526050187.1849,0,2021-09-17,48.9799703264095,32.1303,3.422524246963447,0.26901197290767853,-0.06935293123838493,-0.07187516191060549
2021-09-18,33.054,35.9,32.525,34.902,22954106.5,2021-09-18 23:59:59.999,797306437.9314,1199695,10999093.2,381998838.4553,0,2021-09-18,54.45601851851851,32.5891,3.120535428078779,0.7411869063201064,0.05600435690296801,0.054492311130641756
2021-09-19,34.9,34.935,33.041,33.867,18463752.7,2021-09-19 23:59:59.999,626360499.4417,964958,8564002.1,290591528.2757,0,2021-09-19,48.882136694425675,32.9788,2.7256407571142187,0.32586832937601884,-0.029654461062403437,-0.03010304520916
2021-09-20,33.872,33.931,26.506,28.314,56309226.6,2021-09-20 23:59:59.999,1676764938.4561,2327288,26910412.8,800952555.3325,0,2021-09-20,40.571001587845196,32.82655,2.9003288284534157,-1.555875304803383,-0.16396492160510223,-0.17908470697521403
2021-09-21,28.315,30.357,25.476,26.374,47598900.7,2021-09-21 23:59:59.999,1340881769.4143,1969573,23156445.7,652808024.8044,0,2021-09-21,47.094325984821104,32.4834,3.235804079684883,-1.888062394863834,-0.06851734124461406,-0.07097770558679822
2021-09-22,26.371,31.999,25.892,31.564,38232366.0,2021-09-22 23:59:59.999,1115728889.3916,1684432,19015155.7,554939114.6701,0,2021-09-22,55.79508221820743,32.470749999999995,3.2390393292326443,-0.2799441154716735,0.1967847122165769,0.1796385542732812
2021-09-23,31.56,33.572,30.36,33.384,27152983.4,2021-09-23 23:59:59.999,861111663.6721,1290243,13367745.2,424206760.4437,0,2021-09-23,55.460940392447235,32.4599,3.2354154195160434,0.2856202002456397,0.05766062602965394,0.05605951263046282
2021-09-24,33.379,33.507,27.821,30.761,54189478.0,2021-09-24 23:59:59.999,1651079209.5888,2145763,26130070.2,796263938.7825,0,2021-09-24,52.27100901424833,32.376050000000006,3.2576671581298733,-0.4957688804915103,-0.07857057272945123,-0.08182908942731293
2021-09-25,30.762,32.204,29.413,29.808,27140895.1,2021-09-25 23:59:59.999,830353079.615,1283345,12984556.1,397366731.9152,0,2021-09-25,47.2912683237731,32.1433,3.266992663468647,-0.714816420040735,-0.030980787360618933,-0.03147084000270586
2021-09-26,29.808,30.038,26.753,28.822,32635631.6,2021-09-26 23:59:59.999,936569233.3281,1328140,15775069.1,452864526.3325,0,2021-09-26,38.24073762492849,31.865850000000002,3.3032710785554853,-0.921465398271544,-0.033078368223295795,-0.03363782944306283
2021-09-27,28.819,30.23,27.552,27.688,23263952.4,2021-09-27 23:59:59.999,671543982.1935,1004571,11331343.4,327213205.983,0,2021-09-27,37.98636181307661,31.85115,3.322065104007329,-1.2531813404192746,-0.03934494483380757,-0.04013987808312678
2021-09-28,27.689,28.357,26.112,26.29,20068000.6,2021-09-28 23:59:59.999,549042362.5926,935750,9696414.8,265402403.3453,0,2021-09-28,30.755614175141446,31.776699999999998,3.4329620645795327,-1.598240789378489,-0.05049118751805837,-0.05181046759125329
2021-09-29,26.29,28.567,26.088,27.253,21925032.1,2021-09-29 23:59:59.999,601887965.4523,996736,10716414.1,294183681.8866,0,2021-09-29,34.00720022154529,31.647150000000003,3.556404234838752,-1.2355597704430341,0.03662989729935351,0.03597496805093143
2021-09-30,27.254,28.979,27.115,28.596,18385453.7,2021-09-30 23:59:59.999,516863067.2212,831261,9078618.1,255239612.2562,0,2021-09-30,38.17516750991385,31.617,3.5807240373392375,-0.8436841176525974,0.04927897846108675,0.048103241111884146
2021-10-01,28.601,32.319,28.478,31.937,26040341.8,2021-10-01 23:59:59.999,794471180.3667,1133719,12804143.0,390514210.6905,0,2021-10-01,48.151344175240624,31.6342,3.581428818076304,0.08454726182793283,0.1168345223108127,0.11049836435946858
2021-10-02,31.943,33.408,31.505,32.014,17222655.9,2021-10-02 23:59:59.999,558522188.8242,839173,8193741.1,265786399.8525,0,2021-10-02,44.90760332910143,31.444349999999996,3.446460766992874,0.16528550258154853,0.0024109966496541624,0.0024080948604320042
2021-10-03,32.02,32.698,31.153,32.131,15506942.5,2021-10-03 23:59:59.999,496779141.1535,799226,7209360.0,231026663.9029,0,2021-10-03,46.836504118375984,31.307100000000002,3.3560805758472196,0.24549470174505877,0.0036546510901480644,0.0036479890794686573
2021-10-04,32.129,32.131,30.03,31.169,18471363.3,2021-10-04 23:59:59.999,573806213.7013,877649,8769205.1,272495992.222,0,2021-10-04,56.248085087757694,30.9966,3.0368366228172805,0.056769599887156186,-0.02993993339765333,-0.03039728506962471
2021-10-05,31.169,32.172,30.504,31.421,16066829.9,2021-10-05 23:59:59.999,504565157.9062,814363,7624080.1,239493901.4281,0,2021-10-05,61.92636703057801,30.743000000000002,2.7521149761783783,0.24635598652984936,0.008084956206487082,0.008052448048532845
2021-10-06,31.423,33.092,29.115,32.223,26945067.9,2021-10-06 23:59:59.999,841503190.8196,1196076,12725227.2,397610643.6293,0,2021-10-06,51.9647009719158,30.578450000000004,2.542222659406538,0.6468945565861264,0.025524330861525613,0.02520402410113683
2021-10-07,32.226,35.369,30.922,34.025,41586720.1,2021-10-07 23:59:59.999,1395865825.3467,1750937,19869181.2,667268252.1304,0,2021-10-07,51.913090192801285,30.62715,2.60073668257771,1.30649520297927,0.05592278807063278,0.05441506525351013
2021-10-08,34.025,34.536,33.055,33.385,20733158.5,2021-10-08 23:59:59.999,700407486.6982,974782,9729575.7,328750476.401,0,2021-10-08,58.882870683818545,30.551299999999998,2.4892307435705696,1.1383838189043582,-0.018809698750918424,-0.018988851227697622
2021-10-09,33.387,36.93,33.011,36.371,25172934.6,2021-10-09 23:59:59.999,887420061.3385,1156193,12073350.2,425688820.9403,0,2021-10-09,69.52925072903648,30.676499999999997,2.71729998537636,2.095646424997602,0.08944136588288165,0.08566505649942192
2021-10-10,36.375,37.494,34.139,34.442,27482296.0,2021-10-10 23:59:59.999,991818495.8555,1234576,12918658.6,466689475.5337,0,2021-10-10,65.83455426575003,30.9829,2.7816185159761044,1.2435565769111794,-0.053036760056088705,-0.05449500392654629
2021-10-11,34.44,36.126,33.26,34.135,22308093.1,2021-10-11 23:59:59.999,776805129.4156,992879,10415294.7,362846934.7783,0,2021-10-11,69.05254447662391,31.37095,2.6426934918952134,1.0459215222941927,-0.008913535799314865,-0.008953499012464167
2021-10-12,34.135,35.446,32.075,35.185,26970777.0,2021-10-12 23:59:59.999,905212264.2953,1232440,13079526.2,439245396.8038,0,2021-10-12,76.83905618248747,31.552000000000003,2.7772276596786707,1.308139067151716,0.03076021678628993,0.030296604548268807
2021-10-13,35.188,43.271,33.62,41.756,73714861.8,2021-10-13 23:59:59.999,2877813546.9513,2857744,36109437.1,1411617726.9138,0,2021-10-13,82.69534244104783,31.9706,3.5821762629646563,2.7316913746453877,0.18675571976694605,0.17122329812753964
2021-10-14,41.751,42.582,39.285,40.699,45166624.1,2021-10-14 23:59:59.999,1852420578.6455,1820619,21689927.7,890037165.1104,0,2021-10-14,77.64125519572464,32.467499999999994,4.062611235724094,2.0261599061257147,-0.025313727368521888,-0.025639631423920693
2021-10-15,40.702,44.28,39.471,43.308,49308279.5,2021-10-15 23:59:59.999,2047404770.1908,1943925,24002575.5,997256008.4265,0,2021-10-15,76.86782288171634,33.1425,4.673116794918296,2.175314773012801,0.06410476915894736,0.062133853326520515
2021-10-16,43.306,44.848,41.3,41.775,26739508.2,2021-10-16 23:59:59.999,1151767102.3359,1283399,12452800.7,536734993.341,0,2021-10-16,71.57890082681168,33.79015,4.93316764121349,1.618605038533789,-0.035397617068440024,-0.03603930096719443
2021-10-17,41.777,42.961,39.387,42.151,22005669.8,2021-10-17 23:59:59.999,918448070.9278,1078094,10428490.7,435671202.9837,0,2021-10-17,71.90068193740163,34.5133,5.050249478986172,1.512341129241254,0.009000598444045549,0.008960334477386749
2021-10-18,42.148,43.307,40.273,41.185,22190761.9,2021-10-18 23:59:59.999,928001344.886,1141007,10564258.4,441962193.2675,0,2021-10-18,71.88811188811188,35.258050000000004,4.868757773860435,1.217343370791791,-0.0229176057507533,-0.023184296565632086
2021-10-19,41.184,41.7,40.025,41.387,16096615.6,2021-10-19 23:59:59.999,660276523.2869,849534,7469724.5,306480958.3874,0,2021-10-19,71.82654402102494,35.964749999999995,4.667276607852875,1.161758870446388,0.004904698312492295,0.004892709464863808
2021-10-20,41.383,45.308,41.1,44.457,28158399.0,2021-10-20 23:59:59.999,1217785312.4114,1362607,13380492.6,578732402.7002,0,2021-10-20,74.37245995696867,36.757799999999996,4.696735793696469,1.6392661495528809,0.07417788194360542,0.07155560801807505
2021-10-21,44.455,45.591,41.85,42.873,31016369.8,2021-10-21 23:59:59.999,1356365121.4966,1554010,14311698.1,626035508.8318,0,2021-10-21,67.78135048231509,37.30460000000001,4.742323263638006,1.1741924138103295,-0.035629934543491504,-0.03628017270838374
2021-10-22,42.87,46.458,42.719,43.532,35461121.7,2021-10-22 23:59:59.999,1583029199.8967,1651041,17017095.8,759944376.5938,0,2021-10-22,70.37632033414995,37.8805,4.765334334103916,1.185960858937869,0.01537097940428711,0.015254042666047851
2021-10-23,43.531,44.795,43.11,43.975,15579273.2,2021-10-23 23:59:59.999,685378287.6397,874639,7422263.4,326524534.6466,0,2021-10-23,67.00662014671674,38.472699999999996,4.749138305219739,1.1585891263584538,0.010176421942479141,0.010124990789806686
2021-10-24,43.975,44.199,41.313,42.333,14751786.2,2021-10-24 23:59:59.999,630321985.687,870246,6527330.5,278954230.3579,0,2021-10-24,67.87801894059538,39.030899999999995,4.494781276804908,0.7346519878598595,-0.03733939738487779,-0.038054366879888564
2021-10-25,42.33,44.841,42.153,44.583,14860012.2,2021-10-25 23:59:59.999,650619969.6012,830968,7092714.5,310556941.5985,0,2021-10-25,71.75578877228051,39.68900000000001,4.280380209378869,1.1433563750427127,0.053150024803344964,0.05178569670080877
2021-10-26,44.583,46.054,43.25,44.965,19315146.9,2021-10-26 23:59:59.999,857981937.4617,1063058,8704445.2,386868395.9673,0,2021-10-26,70.94756682659354,40.3261,4.0528646905615044,1.144597797899172,0.008568288361034515,0.008531788921936784
2021-10-27,44.967,45.831,38.02,40.445,32303526.3,2021-10-27 23:59:59.999,1361821006.3676,1576818,14670408.2,618679940.881,0,2021-10-27,46.92152350537736,40.6471,3.77204389520703,-0.05357837968343928,-0.10052262871121986,-0.10594138289656288
2021-10-28,40.445,43.131,39.775,41.853,18471622.4,2021-10-28 23:59:59.999,773822045.4485,1015891,8762196.4,367072347.517,0,2021-10-28,52.66586582886712,41.070499999999996,3.3675599084266223,0.23236409188800516,0.034812708616639876,0.03422045248416472
2021-10-29,41.853,44.392,41.6,44.207,15835293.1,2021-10-29 23:59:59.999,684656593.6178,921544,7535091.1,325852675.0096,0,2021-10-29,52.10154752442844,41.4623,3.24565233245308,0.8456543458323966,0.05624447470910088,0.054719668630926366
2021-10-30,44.208,44.345,42.111,42.778,9096984.9,2021-10-30 23:59:59.999,392283600.8367,635062,4203699.9,181301741.6004,0,2021-10-30,52.356119332863514,41.8791,2.801530895402542,0.3208602844520256,-0.032325197366932845,-0.032859195841740366
2021-10-31,42.777,43.424,41.03,42.811,10785550.9,2021-10-31 23:59:59.999,454161689.5235,759821,4999053.9,210596418.4538,0,2021-10-31,51.57578072772418,42.3129,2.1306860249324253,0.23377447177643085,0.0007714245640282336,0.0007711271690346146
2021-11-01,42.808,51.633,41.714,50.037,43009025.0,2021-11-01 23:59:59.999,2043782209.0775,2321012,21005047.5,999332845.3361,0,2021-11-01,66.27086243658553,43.0555,2.103659755859131,3.3187401054543466,0.16878839550582803,0.15596765285084457
2021-11-02,50.028,53.44,48.1,51.74,33447256.0,2021-11-02 23:59:59.999,1704719980.2887,1882938,16302539.3,831109555.8273,0,2021-11-02,68.0347002055534,43.554700000000004,2.836140169871396,2.886070331414952,0.03403481423746424,0.03346844499473724
2021-11-03,51.738,54.621,49.084,53.406,28157559.6,2021-11-03 23:59:59.999,1460866536.226,1809681,13328657.0,691897242.4289,0,2021-11-03,66.3907102824279,44.19005,3.5067590896949508,2.628053357609372,0.03219945883262465,0.031691922446966364
2021-11-04,53.407,55.2,52.25,53.879,21391153.6,2021-11-04 23:59:59.999,1143909071.9497,1442386,10121550.0,541339763.4088,0,2021-11-04,71.01344127081104,44.7186,4.111346717509875,2.2280777150189337,0.008856682769726287,0.008817692402644265
2021-11-05,53.883,53.985,50.646,51.789,13965514.8,2021-11-05 23:59:59.999,727084673.0287,1016874,6447577.0,335754120.5389,0,2021-11-05,64.94804301386726,45.2193,4.33754739212699,1.51461169321736,-0.03879062343399087,-0.03956302010497204
2021-11-06,51.789,52.43,49.0,52.059,12779187.6,2021-11-06 23:59:59.999,649029670.0256,963738,5939206.1,301775430.8842,0,2021-11-06,64.72710048823143,45.7147,4.530194826762018,1.40044749566204,0.005213462318252926,0.005199919273954951
2021-11-07,52.058,53.56,51.33,52.267,12230871.1,2021-11-07 23:59:59.999,642864884.5982,866721,5664266.3,297791773.9262,0,2021-11-07,69.09503306166386,46.2688,4.623763306635601,1.2972549852177637,0.003995466682033877,0.00398750600240528
2021-11-08,52.267,53.927,51.72,53.424,13636726.1,2021-11-08 23:59:59.999,723137488.718,955040,6255058.5,331747596.2887,0,2021-11-08,67.73947590192222,46.87065,4.736893288743973,1.3834700510506281,0.02213633841620899,0.02189488642241692
2021-11-09,53.419,53.465,50.5,50.779,13870221.1,2021-11-09 23:59:59.999,719294464.3804,938899,6609073.1,342741119.0343,0,2021-11-09,60.694577293797366,47.18675,4.778108587197758,0.7518142240686843,-0.04950958370769687,-0.050777199911109835
2021-11-10,50.786,52.046,41.36,46.737,34815511.8,2021-11-10 23:59:59.999,1685607652.7458,1873118,15758670.5,764047921.6311,0,2021-11-10,61.78100659077292,47.379949999999994,4.671432908479086,-0.13763442879228294,-0.07959983457728592,-0.0829467410917876
2021-11-11,46.739,49.442,45.544,47.437,18187408.0,2021-11-11 23:59:59.999,870964917.0431,1112123,8502437.2,407336547.7179,0,2021-11-11,60.740113863671326,47.5752,4.582905922527448,-0.03015553937528532,0.01497742687806225,0.014866372717445954
2021-11-12,47.433,47.719,44.014,45.891,19978813.6,2021-11-12 23:59:59.999,916781561.9392,1212494,9387343.3,430937532.4106,0,2021-11-12,53.34286168016515,47.671,4.523325767618371,-0.39351576504674557,-0.032590593840251314,-0.033133495506609295
2021-11-13,45.894,47.539,44.868,47.045,10674087.2,2021-11-13 23:59:59.999,493538280.5165,778508,4998372.9,231125139.2159,0,2021-11-13,58.56380203106812,47.906600000000005,4.350054620346775,-0.19806647851500273,0.025146542895121193,0.02483557104949104
2021-11-14,47.049,47.833,45.051,46.409,8563313.1,2021-11-14 23:59:59.999,395967274.3729,648507,4025317.4,186186419.9801,0,2021-11-14,57.05047813136855,47.9979,4.295446204381702,-0.369903363794708,-0.013518971197789442,-0.013611184518156896
2021-11-15,46.411,47.509,44.5,44.808,13077619.0,2021-11-15 23:59:59.999,604764075.5217,807597,6115124.5,283036267.6871,0,2021-11-15,36.855864461314155,47.990050000000004,4.301419906018833,-0.7397673488113699,-0.034497618996315316,-0.03510671103304092
2021-11-16,44.807,44.808,37.53,40.828,33738779.7,2021-11-16 23:59:59.999,1402590985.632,1821709,15602551.9,649083869.8218,0,2021-11-16,25.387946589678805,48.0092,4.266774309771568,-1.6830512885469349,-0.08882342438850199,-0.09301857436627915
2021-11-17,40.827,42.782,38.73,42.749,19615169.5,2021-11-17 23:59:59.999,799050934.8581,1211707,9443110.6,384755263.6948,0,2021-11-17,26.236453641350394,48.054,4.202960497954835,-1.262205534070905,0.04705104340158717,0.04597768275505906
2021-11-18,42.748,43.261,37.5,39.011,26805216.1,2021-11-18 23:59:59.999,1073705415.6157,1463053,12879458.2,516101020.223,0,2021-11-18,21.06041731547805,47.794200000000004,4.595530902266303,-1.911248164095368,-0.08744064188635992,-0.09150214565359839
2021-11-19,39.017,42.252,38.35,41.21,16562350.6,2021-11-19 23:59:59.999,667191174.5606,993645,7934969.0,319652936.78,0,2021-11-19,29.495677791991312,47.7158,4.6978476437844225,-1.3848469540317307,0.0563687165158544,0.05483728770801328
2021-11-20,41.21,42.124,39.823,42.11,11606668.8,2021-11-20 23:59:59.999,478087559.6928,762184,5569262.9,229507305.7178,0,2021-11-20,31.176448329360127,47.68075,4.73880418932215,-1.175560284291227,0.021839359378791556,0.021604296823110426
2021-11-21,42.112,43.574,40.64,41.96,13578896.8,2021-11-21 23:59:59.999,567219474.4515,912889,6393263.5,267096820.7653,0,2021-11-21,30.45621752815805,47.2769,4.869789835517091,-1.091813030866748,-0.003562099263832774,-0.003568458645739935
2021-11-22,41.961,42.286,38.81,39.487,16031771.1,2021-11-22 23:59:59.999,644773338.0806,971180,7641404.0,307507633.0116,0,2021-11-22,24.829329962073317,46.664249999999996,5.046304993963956,-1.4222782825423608,-0.05893708293612965,-0.060745279714944075
2021-11-23,39.48,41.5,38.531,40.784,13818859.3,2021-11-23 23:59:59.999,552215503.8844,861370,6651769.4,265744284.9714,0,2021-11-23,31.024794016023066,46.03315,4.947083620148048,-1.0610594853545072,0.03284625319725465,0.03231834382060714
2021-11-24,40.781,40.938,38.076,38.316,11972922.2,2021-11-24 23:59:59.999,469437016.0668,796909,5566087.4,218331118.6643,0,2021-11-24,32.99680975649153,45.255,4.871430050492602,-1.4244277200076647,-0.06051392703020786,-0.06242228411311428
2021-11-25,38.317,40.963,38.05,39.518,13323822.5,2021-11-25 23:59:59.999,526845229.2071,826347,6193583.7,244951893.929,0,2021-11-25,34.32812190777756,44.64145,4.777011425071472,-1.072522031894312,0.03137070675435849,0.030888700790980418
2021-11-26,39.519,39.657,33.6,34.527,29766258.6,2021-11-26 23:59:59.999,1067322996.6343,1465721,13598991.4,487050243.9491,0,2021-11-26,30.20898641588296,43.76485,4.949696559279927,-1.8663467324437173,-0.12629687737233664,-0.13501463765716196
2021-11-27,34.525,35.94,34.4,35.132,11373149.8,2021-11-27 23:59:59.999,401474801.8371,656225,5591677.3,197415130.8994,0,2021-11-27,28.84840737189728,42.908100000000005,4.8831049106507205,-1.592449915020107,0.01752251860862497,0.01737076940040709
2021-11-28,35.132,35.833,32.13,35.733,21323523.8,2021-11-28 23:59:59.999,720186323.5694,1081336,10609544.4,358444751.5994,0,2021-11-28,31.021119249093346,42.02355,4.46211473908246,-1.4097687683606097,0.017106911078219156,0.01696223551200247
2021-11-29,35.725,37.5,35.361,37.084,15714889.0,2021-11-29 23:59:59.999,571943765.8191,869795,7575004.9,275779930.8296,0,2021-11-29,36.14578849189267,41.3388,4.082455976492586,-1.0422157702372772,0.03780818850922141,0.03711097817786264
2021-11-30,37.084,39.333,35.361,37.931,22072037.5,2021-11-30 23:59:59.999,828205700.8168,1204113,10448166.9,392077636.0445,0,2021-11-30,44.14581901952066,40.8985,3.942065615358207,-0.7527779315592014,0.022840038830762355,0.022583109963929367
2021-12-01,37.93,38.773,36.192,36.755,14668773.7,2021-12-01 23:59:59.999,551784296.642,815113,6941276.6,261232533.388,0,2021-12-01,37.51145928827401,40.3644,3.7273463030898895,-0.9683564945408711,-0.03100366454878578,-0.031494448882614434
2021-12-02,36.755,36.785,35.044,35.749,11790603.0,2021-12-02 23:59:59.999,422996452.2857,694779,5549884.8,199124365.9306,0,2021-12-02,42.330480579328494,39.8573,3.6243670968365658,-1.1335220440517249,-0.027370425792409225,-0.027751974105230823
2021-12-03,35.749,36.851,32.355,33.689,18939575.2,2021-12-03 23:59:59.999,657492192.9794,967632,8747589.6,303961972.1124,0,2021-12-03,32.200501727647065,39.189499999999995,3.4568806824406693,-1.5911743867643313,-0.05762398948222336,-0.059350922141227634
2021-12-04,33.684,33.858,23.671,29.365,45892063.4,2021-12-04 23:59:59.999,1303242091.011,1858697,21150965.5,599954221.4562,0,2021-12-04,24.04382713535088,38.3373,3.6772786004412277,-2.439929353985699,-0.1283505001632581,-0.1373678856051099
2021-12-05,29.364,29.73,26.284,28.292,20250448.7,2021-12-05 23:59:59.999,567522311.092,1004421,9866045.5,276504415.1053,0,2021-12-05,23.172646620083214,37.5115,3.9889608262909775,-2.3112535824455533,-0.036540098757023576,-0.03722440980073921
2021-12-06,28.304,28.923,24.818,28.124,29237644.8,2021-12-06 23:59:59.999,778909215.6315,1218161,14288587.1,380946793.7802,0,2021-12-06,25.47800940912424,36.8763,4.421126102083729,-1.9796540062213877,-0.005938074367312418,-0.005955774836828703
2021-12-07,28.121,31.475,27.684,30.454,24006730.5,2021-12-07 23:59:59.999,709571226.3659,1058476,11616176.9,343429314.7943,0,2021-12-07,28.65878852987356,36.26155,4.41635563588705,-1.3150095868204508,0.08284739012942688,0.07959404408162586
2021-12-08,30.454,30.61,28.0,29.813,18600175.6,2021-12-08 23:59:59.999,543246330.5097,865787,9077759.9,265158767.4212,0,2021-12-08,30.998882681564226,35.80165,4.590458677632589,-1.304586408582703,-0.021048138175609132,-0.02127280842215099
2021-12-09,29.813,30.116,26.766,26.884,19058479.2,2021-12-09 23:59:59.999,536497716.8456,840835,9049526.0,254828223.4596,0,2021-12-09,23.790556800265534,35.08535,4.814377724177062,-1.7035119531261713,-0.09824573172776974,-0.10341322588867027
2021-12-10,26.886,28.406,25.683,26.404,23744355.2,2021-12-10 23:59:59.999,639015420.9176,1054787,11697044.3,314850910.3523,0,2021-12-10,29.26854167730079,34.30005,4.888615307931992,-1.6151915220631727,-0.01785448593959238,-0.018015800281195125
2021-12-11,26.41,28.174,25.781,27.803,20051443.8,2021-12-11 23:59:59.999,551545377.9147,931914,10113539.9,278261291.5658,0,2021-12-11,32.02354672553348,33.5922,4.74390703512351,-1.2203443189626655,0.05298439630359031,0.05162841471687059
2021-12-12,27.802,29.992,27.277,29.52,15117166.4,2021-12-12 23:59:59.999,432320514.8023,720975,7630298.4,218338226.7521,0,2021-12-12,35.55183479838148,33.093849999999996,4.613798050413518,-0.7746004400170237,0.061755925619537466,0.05992407118887674
2021-12-13,29.517,29.832,25.512,25.953,26254269.3,2021-12-13 23:59:59.999,721328876.7938,1100696,12787730.0,351485199.6175,0,2021-12-13,26.53370999704852,32.3523,4.5032790404092236,-1.4210311958413486,-0.12083333333333335,-0.12878078986592484
2021-12-14,25.95,26.67,24.95,26.119,20359273.2,2021-12-14 23:59:59.999,527946842.74,823225,9862688.7,255899352.9602,0,2021-12-14,24.36186837992709,31.742449999999998,4.478961880132909,-1.2555253093230452,0.00639617770585299,0.006375808969796637
2021-12-15,26.12,27.997,24.261,27.116,28658289.7,2021-12-15 23:59:59.999,749204519.7956,1091506,13954898.8,365199551.0785,0,2021-12-15,28.914555715973222,31.12235,4.195331192935848,-0.9549544042544112,0.03817144607373946,0.037460940732575734
2021-12-16,27.122,27.825,25.7,26.01,24436181.9,2021-12-16 23:59:59.999,656754550.9269,1004090,11972770.2,321863662.5867,0,2021-12-16,28.788604782854904,30.696500000000004,4.263262828792974,-1.0992754113934975,-0.04078772680336329,-0.04164288010815896
2021-12-17,26.009,26.202,24.13,24.628,21359972.0,2021-12-17 23:59:59.999,535868984.7571,811068,9985910.2,250702038.7573,0,2021-12-17,29.66470667444679,30.171299999999995,4.334495176093564,-1.2788801866878206,-0.05313341022683593,-0.05459707241159658
2021-12-18,24.629,25.713,24.2,25.474,15800459.6,2021-12-18 23:59:59.999,395894279.6965,638768,7663406.5,192039964.3399,0,2021-12-18,39.65214616243818,29.658350000000002,4.247840854326303,-0.985053382058408,0.03435114503816794,0.03377431711860405
2021-12-19,25.474,25.857,24.617,24.767,13641019.5,2021-12-19 23:59:59.999,343403687.6244,543401,6317700.8,159112105.3295,0,2021-12-19,40.4393816110659,29.0425,4.000253209090829,-1.0688073420661612,-0.027753788176179683,-0.02814620225233298
2021-12-20,24.763,24.999,23.251,24.059,18431820.3,2021-12-20 23:59:59.999,443530231.2939,706351,8540260.6,205486244.1835,0,2021-12-20,39.28853754940712,28.348900000000004,3.555919525760327,-1.2064108787958963,-0.028586425485525035,-0.02900297499222462
2021-12-21,24.059,25.587,23.717,25.141,18229956.8,2021-12-21 23:59:59.999,450886450.2394,675281,8992074.5,222364679.5305,0,2021-12-21,35.014384836689786,27.7682,3.018631314110026,-0.8703282138894035,0.04497277526081711,0.04399083269541193
2021-12-22,25.142,28.234,24.961,27.207,28884429.9,2021-12-22 23:59:59.999,773284394.7556,1009571,14019275.8,375429057.3644,0,2021-12-22,43.19653299916458,27.3411,2.3631385664429008,-0.056746566580669566,0.08217652440237067,0.0789743135151183
2021-12-23,27.207,29.777,26.721,29.144,28928399.3,2021-12-23 23:59:59.999,811398488.8446,1102074,13950986.7,391319472.1886,0,2021-12-23,56.22246696035241,27.113850000000003,1.892169689591765,1.0729217422555795,0.07119491307384118,0.06877476657272219
2021-12-24,29.142,29.643,27.81,28.131,17991176.3,2021-12-24 23:59:59.999,521075388.2006,736520,8430604.4,244294602.5378,0,2021-12-24,54.6193762370941,27.05215,1.8341296021185876,0.5882081608376141,-0.034758440845456984,-0.035376888600664805
2021-12-25,28.132,29.095,27.93,28.834,11477175.3,2021-12-25 23:59:59.999,326894271.0464,498026,5617441.9,160029239.9332,0,2021-12-25,52.864366283269426,27.079250000000002,1.857271197922061,0.9448000927184111,0.024990224307703146,0.024683075284114123
2021-12-26,28.837,31.7,28.24,31.298,25868890.8,2021-12-26 23:59:59.999,776247761.8729,1021437,12762194.1,382995281.3888,0,2021-12-26,54.74285104566795,27.23795,2.0741809410741068,1.957423250595252,0.08545467156828734,0.08199895135126808
2021-12-27,31.298,32.764,30.813,30.974,25868211.0,2021-12-27 23:59:59.999,822298565.199,1093630,12488608.2,397155968.4974,0,2021-12-27,66.1957293077866,27.26395,2.1193826925233914,1.750533310047332,-0.010352099175666152,-0.010406054846997512
2021-12-28,30.97,30.976,27.42,27.823,36203499.2,2021-12-28 23:59:59.999,1053214990.9323,1361854,17281118.1,502766781.1353,0,2021-12-28,54.608893216488156,27.16445,2.038585073679991,0.32304268705902356,-0.10173048363143278,-0.10728512612343437
2021-12-29,27.828,28.945,26.44,26.79,23835574.8,2021-12-29 23:59:59.999,666081566.3834,998964,11431681.6,319727596.1848,0,2021-12-29,49.11996544649606,27.159750000000003,2.039373894502482,-0.18130564532415286,-0.03712755633828135,-0.03783433321403096
2021-12-30,26.791,28.383,26.15,27.523,20441980.0,2021-12-30 23:59:59.999,559943539.2331,841775,10087747.8,276483077.1515,0,2021-12-30,54.16827373409003,27.2157,2.0328882253683758,0.15116423823268307,0.027360955580440383,0.02699333519519671
2021-12-31,27.519,28.119,26.219,26.645,22435707.5,2021-12-31 23:59:59.999,609147182.924,970640,10592418.1,287729346.2528,0,2021-12-31,55.715500141683194,27.1578,2.031771138168374,-0.252390631191999,-0.03190059223195141,-0.032420503002968525
2022-01-01,26.65,28.62,26.643,28.579,14988398.0,2022-01-01 23:59:59.999,412743486.5884,660103,7392532.9,203714679.7491,0,2022-01-01,58.287514012704854,27.110750000000003,1.984536691920363,0.7398452273408088,0.07258397447926446,0.07007066663767982
2022-01-02,28.576,30.596,27.801,29.673,27950212.5,2022-01-02 23:59:59.999,821224956.2326,1156285,13937067.3,409658576.5227,0,2022-01-02,62.8294979079498,27.296749999999996,2.0437601021799114,1.162685384388046,0.0382798558382027,0.03756535903938787
2022-01-03,29.674,30.86,28.618,30.089,36988081.9,2022-01-03 23:59:59.999,1100882624.7241,1541116,17665056.2,525832169.0365,0,2022-01-03,66.01338432122371,27.49525,2.1149053947982317,1.2264141962943225,0.014019478987631784,0.013922115031454978
2022-01-04,30.096,30.589,28.666,28.677,28789374.7,2022-01-04 23:59:59.999,855592618.3054,1178220,13647399.1,405631143.288,0,2022-01-04,59.22852072241362,27.5733,2.1289302749946453,0.5184293788122187,-0.04692744856924458,-0.048064248707533216
2022-01-05,28.686,30.362,24.998,26.684,37212930.2,2022-01-05 23:59:59.999,1059807432.4305,1527939,17357813.2,494788122.4811,0,2022-01-05,48.62981399004454,27.607,2.108114298309308,-0.4378320476931623,-0.0694982041357185,-0.07203127290246622
2022-01-06,26.689,27.325,25.485,26.698,27543289.4,2022-01-06 23:59:59.999,723733018.8938,1097935,13224522.2,347580206.5242,0,2022-01-06,42.87379093345764,27.710500000000003,2.0023192736632986,-0.5056636138489573,0.0005246589716683125,0.0005245213862715416
2022-01-07,26.694,26.833,24.224,24.897,32861035.3,2022-01-07 23:59:59.999,832128392.9316,1253560,15674967.7,397128705.4977,0,2022-01-07,40.991643454038986,27.681649999999998,2.040040899357643,-1.3649971433792405,-0.06745823657202799,-0.06984134194912014
2022-01-08,24.897,25.52,23.1,23.974,22448050.7,2022-01-08 23:59:59.999,549220751.6493,901736,10733100.4,262629278.398,0,2022-01-08,36.62630709961474,27.642000000000003,2.106301472898917,-1.7414411218882686,-0.03707273968751246,-0.03777740449951244
2022-01-09,23.975,25.3,23.665,24.625,18954295.5,2022-01-09 23:59:59.999,464298621.619,776377,9116742.5,223436030.3436,0,2022-01-09,29.602005257687836,27.670299999999997,2.058895899824733,-1.479093722154303,0.027154417285392585,0.026792277273244573
2022-01-10,24.624,25.194,22.32,23.705,28027375.8,2022-01-10 23:59:59.999,664750263.1853,989033,13401097.7,317770948.1422,0,2022-01-10,28.561316581136083,27.5985,2.1735870788797462,-1.7912785909670983,-0.03736040609137059,-0.03807619070407096
2022-01-11,23.707,25.988,23.465,25.536,22802178.8,2022-01-11 23:59:59.999,564938092.8488,862339,11020550.0,273193707.9424,0,2022-01-11,42.685345103307114,27.51495,2.221025805556222,-0.8910072071424671,0.0772410883779795,0.07440322491331676
2022-01-12,25.537,27.569,25.438,27.303,20445816.7,2022-01-12 23:59:59.999,543077291.2656,853934,9868003.9,262116982.2852,0,2022-01-12,51.56717785788478,27.4229,2.1878589846791767,-0.05480243509276242,0.0691964285714286,0.0669073649959301
2022-01-13,27.302,27.69,25.697,25.775,18305559.0,2022-01-13 23:59:59.999,488172661.5835,801122,8539444.1,227742447.138,0,2022-01-13,44.90735345530824,27.3051,2.2110302885400266,-0.6920303208556888,-0.05596454602058387,-0.05759155636030477
2022-01-14,25.774,27.85,25.513,27.73,22863039.2,2022-01-14 23:59:59.999,615564505.8896,1009626,11197036.1,301390067.5645,0,2022-01-14,52.97439552607051,27.249899999999997,2.184472811265267,0.21977842778547807,0.07584869059165866,0.07310982972466312
2022-01-15,27.73,28.396,26.801,27.582,15658517.2,2022-01-15 23:59:59.999,431907004.7632,774373,7520528.5,207467901.9658,0,2022-01-15,46.970157418100044,27.064099999999996,1.9694943486775887,0.26296089671328426,-0.0053371799495131045,-0.00535147357554067
2022-01-16,27.582,28.445,27.241,27.675,18820218.2,2022-01-16 23:59:59.999,524980106.3804,864165,9045828.1,252332070.0211,0,2022-01-16,43.53481749935284,26.899150000000002,1.7508037635384268,0.4431393261526822,0.003371764194039617,0.00336609254255466
2022-01-17,27.674,27.738,25.074,25.669,19521150.1,2022-01-17 23:59:59.999,513310913.1265,858877,8958776.9,235509766.8306,0,2022-01-17,37.032038493134614,26.791449999999998,1.7572218945942386,-0.6387639509005678,-0.07248419150858176,-0.07524544045019832
2022-01-18,25.668,26.045,24.224,25.116,18920710.6,2022-01-18 23:59:59.999,472463155.8296,701264,9147205.7,228473375.3631,0,2022-01-18,38.997713650126684,26.707749999999997,1.7967187014400776,-0.8859205387711516,-0.02154349604581407,-0.02177894489263933
2022-01-19,25.115,25.279,23.659,24.05,18413721.7,2022-01-19 23:59:59.999,447844872.854,685842,8687475.4,211274304.8663,0,2022-01-19,41.367330886208705,26.534100000000002,1.8796931412500295,-1.3215454935096644,-0.04244306418219457,-0.04337009670009275
2022-01-20,24.046,25.588,22.824,22.976,20432823.3,2022-01-20 23:59:59.999,498150524.357,829764,9659329.6,235743261.1927,0,2022-01-20,38.5940181417014,26.35065,2.0404640667980343,-1.653863968942917,-0.04465696465696467,-0.045684803685956524
2022-01-21,22.974,23.448,18.982,19.628,41800006.5,2022-01-21 23:59:59.999,897647766.0419,1478038,19457260.7,418341452.9002,0,2022-01-21,35.25163746291217,25.903100000000002,2.463724585171435,-2.546997354236881,-0.14571727019498604,-0.15749307463815668
2022-01-22,19.628,20.171,16.1,18.253,57958701.9,2022-01-22 23:59:59.999,1054011532.7499,1861011,28569017.5,519946705.139,0,2022-01-22,34.381654381654386,25.3321,2.838827610123443,-2.4936702654136065,-0.07005298553087425,-0.0726276681470098
2022-01-23,18.254,19.187,17.714,18.791,29114786.1,2022-01-23 23:59:59.999,536138148.1174,1009983,14611863.6,269160378.1952,0,2022-01-23,33.974288539720916,24.7672,2.9637774012583464,-2.01641324259462,0.029474606913932,0.029048581726368414
2022-01-24,18.791,18.805,15.805,18.006,45532422.1,2022-01-24 23:59:59.999,774753410.5645,1593934,22699255.9,386507823.6332,0,2022-01-24,34.228150772125986,24.23365,3.175807651523122,-1.9609657395381646,-0.04177531797136924,-0.04267299612073042
2022-01-25,18.002,19.031,17.36,18.299,27221057.8,2022-01-25 23:59:59.999,496456197.3873,988594,13533162.3,246919297.2485,0,2022-01-25,28.108173513219185,23.8144,3.382071731941696,-1.6307755828802393,0.016272353659891214,0.016141377859265137
2022-01-26,18.294,20.051,17.513,18.06,33647185.4,2022-01-26 23:59:59.999,632293020.2893,1118693,16990625.4,319456918.9999,0,2022-01-26,19.1920538630758,23.3825,3.5422041383711664,-1.5025955004522917,-0.013060822995792143,-0.013146865556710794
2022-01-27,18.059,18.469,17.12,18.091,26984485.6,2022-01-27 23:59:59.999,479612202.7045,949464,13510918.2,240213958.4369,0,2022-01-27,21.549170616113756,23.0422,3.7119095185205246,-1.3338687204782476,0.0017165005537100875,0.0017150290502849603
2022-01-28,18.09,18.481,17.333,18.318,21264941.9,2022-01-28 23:59:59.999,382154871.4178,794835,10700322.0,192405387.8779,0,2022-01-28,10.037364130434796,22.7594,3.850068152506708,-1.153589968818678,0.012547675639820843,0.012469605941671642
2022-01-29,18.317,19.044,18.061,18.724,14280516.2,2022-01-29 23:59:59.999,265228900.8362,541543,7131490.9,132494764.0874,0,2022-01-29,13.195944823001497,22.46435,3.924956389633565,-0.952966002343073,0.022163991702150776,0.021921940457028236
2022-01-30,18.724,18.985,17.777,18.118,16097806.7,2022-01-30 23:59:59.999,297339242.2058,553020,7884726.3,145654270.787,0,2022-01-30,11.915198852315285,22.185,4.029438957942966,-1.0093216555577775,-0.0323648792992951,-0.03290020419072817
2022-01-31,18.118,19.6,17.109,19.368,24608512.0,2022-01-31 23:59:59.999,449987224.2681,840624,12516144.7,229157750.8077,0,2022-01-31,23.280468153676537,21.8766,3.9953608940473972,-0.6278781983718944,0.06899216249034112,0.06671630038866135
2022-02-01,19.369,19.987,19.13,19.553,22974107.9,2022-02-01 23:59:59.999,449453789.3719,778146,11347565.7,222065052.8202,0,2022-02-01,25.650004377133868,21.4891,3.813034706593057,-0.5077582946340143,0.009551838083436737,0.009506507708380563
2022-02-02,19.552,20.569,18.518,18.753,30896685.4,2022-02-02 23:59:59.999,606512383.3597,991110,15503811.9,304550093.2092,0,2022-02-02,26.26153984045891,21.137999999999998,3.7197716398497573,-0.6411683917500722,-0.04091443768219716,-0.04177498772635285
2022-02-03,18.753,19.0,17.954,18.897,22460380.0,2022-02-03 23:59:59.999,414088262.6521,732371,11510109.7,212294292.1491,0,2022-02-03,30.057690427300287,20.696350000000002,3.4071429808718356,-0.5281110919329772,0.007678771396576467,0.0076494396901165785
2022-02-04,18.897,20.518,18.691,20.475,24061802.0,2022-02-04 23:59:59.999,468917819.4669,811623,11899377.7,231974419.7699,0,2022-02-04,55.0076859406409,20.341,2.997149435186882,0.04470914877544136,0.08350531830449293,0.08020145043123161
2022-02-05,20.475,22.27,20.287,21.312,24443593.0,2022-02-05 23:59:59.999,525947194.9308,832712,12067242.5,259664671.3325,0,2022-02-05,69.31430736204065,20.02285,2.4688169609837485,0.5221731786411237,0.04087912087912082,0.040065664618845455
2022-02-06,21.312,21.923,20.766,21.894,12715213.1,2022-02-06 23:59:59.999,271387955.2331,525601,6356408.9,135692849.2036,0,2022-02-06,69.48386286575409,19.8341,2.136348924289922,0.9642151507084298,0.027308558558558405,0.02694233232438681
2022-02-07,21.894,22.681,21.369,22.346,21576236.4,2022-02-07 23:59:59.999,479144741.4063,777895,10680394.2,237245482.5504,0,2022-02-07,78.44036697247704,19.6956,1.8459525682447628,1.435789871090866,0.020644925550379112,0.0204347074427806
2022-02-08,22.351,23.173,21.047,21.646,24626395.9,2022-02-08 23:59:59.999,538967244.9559,860705,11807899.2,258366155.0303,0,2022-02-08,70.82244618638795,19.5754,1.6107790988407014,1.2854649042132718,-0.03132551687102836,-0.0318266542521915
2022-02-09,21.645,22.231,21.0,21.929,13604113.1,2022-02-09 23:59:59.999,295510080.1092,503420,6457877.1,140328115.7023,0,2022-02-09,73.93886895186239,19.52305,1.5081902530757139,1.595256298131781,0.013074009054790725,0.012989281881944271
2022-02-10,21.927,22.458,20.469,20.496,24086278.6,2022-02-10 23:59:59.999,517599905.5425,851458,11635550.3,250121698.9545,0,2022-02-10,62.680586312348396,19.56645,1.523777593765593,0.6100299701237071,-0.06534725705686528,-0.06758021660052045
2022-02-11,20.497,20.705,18.558,18.955,21831425.7,2022-02-11 23:59:59.999,436279498.8869,781334,10200715.8,203933461.8758,0,2022-02-11,52.9498934889321,19.60155,1.4998270944201535,-0.43108302444020274,-0.0751854020296644,-0.07816199618608034
2022-02-12,18.954,19.41,18.228,18.806,16153970.8,2022-02-12 23:59:59.999,304121357.769,589396,7842578.3,147695643.4375,0,2022-02-12,50.38899430740038,19.6023,1.4994041307690618,-0.5310776352147084,-0.00786072276444194,-0.00789178111341284
2022-02-13,18.811,19.265,18.369,18.722,12261239.0,2022-02-13 23:59:59.999,231639369.4511,485565,5884728.9,111193281.0574,0,2022-02-13,53.01457376721901,19.638099999999998,1.4674927382583574,-0.6242620328651425,-0.004466659576730758,-0.004476664905332152
2022-02-14,18.721,18.924,18.0,18.687,14765171.9,2022-02-14 23:59:59.999,272519712.8246,546456,7189585.7,132728547.1879,0,2022-02-14,46.13200045439057,19.6575,1.4513340324277928,-0.6686951303529654,-0.0018694583911975649,-0.0018712080094348154
2022-02-15,18.687,20.329,18.628,20.153,16241987.8,2022-02-15 23:59:59.999,318180425.9043,542531,7888177.1,154504130.9893,0,2022-02-15,52.97500991669971,19.76215,1.404794807079992,0.2782256867908144,0.07845025953871665,0.07552506574523386
2022-02-16,20.153,20.181,19.028,19.749,16946625.8,2022-02-16 23:59:59.999,332975008.0689,540590,7934151.5,155869523.6307,0,2022-02-16,55.14037985136251,19.845049999999997,1.3487909390885369,-0.07121192559679058,-0.020046643179675527,-0.02025030353150283
2022-02-17,19.75,19.999,17.77,18.142,20893624.2,2022-02-17 23:59:59.999,393102865.6757,697081,9737915.1,183220578.467,0,2022-02-17,46.61465339431441,19.83625,1.3598074892769392,-1.2459484253178343,-0.08137120866879333,-0.08487316496109691
2022-02-18,18.144,18.599,17.581,17.797,18331993.6,2022-02-18 23:59:59.999,331646693.9944,583188,9208133.5,166622639.1339,0,2022-02-18,36.49929421254283,19.7899,1.4144168558470225,-1.4089905615601224,-0.019016646455737973,-0.01919978842490373
2022-02-19,17.796,18.207,17.321,17.833,11407096.1,2022-02-19 23:59:59.999,202659073.9108,413622,5658987.2,100571385.3526,0,2022-02-19,30.920258857080142,19.775650000000002,1.4334550192120354,-1.3552221548380856,0.0020228128336234885,0.002020769702527475
2022-02-20,17.829,17.854,16.645,16.898,17469956.0,2022-02-20 23:59:59.999,297377214.2819,543916,8484173.7,144415660.3245,0,2022-02-20,23.62196409714886,19.65215,1.570295288187598,-1.7539057912978784,-0.052430886558627154,-0.05385540173972302
2022-02-21,16.898,17.725,16.0,16.163,30955176.3,2022-02-21 23:59:59.999,521550492.1632,868621,15308416.6,258074095.2478,0,2022-02-21,18.302060904337083,19.48265,1.7537996427303226,-1.8928330917161975,-0.04349627174813586,-0.04447059230298144
2022-02-22,16.162,16.717,15.768,16.584,24104101.6,2022-02-22 23:59:59.999,390695377.8815,737557,12032770.6,195100128.0689,0,2022-02-22,23.2847793962423,19.3742,1.864840972477406,-1.4962133721747173,0.026047144713233994,0.025713695705806918
2022-02-23,16.585,17.498,15.9,15.958,28930439.4,2022-02-23 23:59:59.999,483371175.0242,803865,14118970.9,236017967.921,0,2022-02-23,19.588468982377478,19.227249999999998,2.0142364590972894,-1.623071603750615,-0.03774722624216109,-0.03847810424738923
2022-02-24,15.957,16.743,14.022,16.152,52243524.1,2022-02-24 23:59:59.999,791023290.1664,1443576,26115172.7,395284603.9623,0,2022-02-24,24.679412450454635,19.011100000000003,2.1032767393056355,-1.3593551179308385,0.012156911893721034,0.012083610124447187
2022-02-25,16.152,17.518,15.761,17.239,23302312.8,2022-02-25 23:59:59.999,381062828.773,747983,11586441.7,189615910.1736,0,2022-02-25,39.438700147710485,18.80745,2.065613442080618,-0.7593143847960998,0.0672981674096087,0.0651303779023052
2022-02-26,17.239,18.798,17.156,18.019,31320811.0,2022-02-26 23:59:59.999,566679298.3192,1051618,15823021.9,286392078.4668,0,2022-02-26,45.50542547115931,18.6137,1.9386986981230816,-0.3067521531714814,0.04524624398166943,0.04425249783183555
2022-02-27,18.019,18.726,17.04,17.48,30107585.5,2022-02-27 23:59:59.999,539615733.7415,1039972,14930410.8,267541778.5726,0,2022-02-27,43.257328990228004,18.3704,1.7408983585309343,-0.5114600721155071,-0.029912869748598636,-0.030369386517287714
2022-02-28,17.48,19.096,16.589,18.923,33143291.7,2022-02-28 23:59:59.999,582123688.6846,1115531,16251841.2,285817453.5448,0,2022-02-28,51.11132039932188,18.23425,1.569258788325143,0.438901477005648,0.0825514874141875,0.07932074319452383
2022-03-01,18.92,19.546,18.3,18.887,29292185.2,2022-03-01 23:59:59.999,552505740.138,1009546,14131892.6,266608284.736,0,2022-03-01,43.11057901610796,18.082150000000002,1.3199104146230636,0.6097762326012445,-0.0019024467579135118,-0.0019042587082042004
2022-03-02,18.888,19.248,18.324,18.601,20983774.4,2022-03-02 23:59:59.999,393443019.5803,755334,10169602.5,190733277.819,0,2022-03-02,43.671444321940456,17.9874,1.2000896633163896,0.5112951296525164,-0.015142690739662235,-0.015258511998895266
2022-03-03,18.6,18.655,17.737,18.011,18398955.6,2022-03-03 23:59:59.999,334723118.0782,677733,8969249.4,163217829.1291,0,2022-03-03,49.18663851980628,17.940199999999997,1.1783985386058136,0.06008154090530937,-0.031718724799741915,-0.032232660359893334
2022-03-04,18.013,18.054,16.471,16.772,21772318.2,2022-03-04 23:59:59.999,373721216.4832,738056,10263284.4,176180637.5014,0,2022-03-04,44.27182295741587,17.8385,1.187479927807712,-0.898120443996843,-0.06879129420909447,-0.07127185304640422
2022-03-05,16.773,17.79,16.174,17.306,18731204.7,2022-03-05 23:59:59.999,318549855.0672,645313,9316709.7,158501612.9416,0,2022-03-05,47.21016410799366,17.7677,1.1741692292622072,-0.3932141879498163,0.03183877891724318,0.031342432876031015
2022-03-06,17.307,17.58,16.511,16.983,18098387.4,2022-03-06 23:59:59.999,308358998.0149,679726,8659997.2,147604003.5294,0,2022-03-06,50.481150232084225,17.6825,1.16574473598319,-0.6000456003861271,-0.018664047151277008,-0.01884041846191453
2022-03-07,16.981,17.117,15.977,16.382,24956044.8,2022-03-07 23:59:59.999,413019408.067,847039,11762099.4,194672646.933,0,2022-03-07,51.2587653753305,17.49395,1.043707030630866,-1.0653851774169663,-0.03538832950597648,-0.03602967262922216
2022-03-08,16.382,17.25,16.289,16.952,18661439.3,2022-03-08 23:59:59.999,313269443.3206,664163,9354423.7,157059796.0805,0,2022-03-08,52.07956600361665,17.3541,0.903631905729015,-0.44498207450477156,0.03479428641191551,0.03420264987258764
2022-03-09,16.954,18.079,16.866,17.848,16449857.2,2022-03-09 23:59:59.999,290759500.995,574607,8291510.2,146547878.5196,0,2022-03-09,60.36411493748629,17.339399999999998,0.8924623182367439,0.5698840047441472,0.05285512033978268,0.05150563616423322
2022-03-10,17.85,17.926,16.649,16.956,16666341.9,2022-03-10 23:59:59.999,284275463.3691,541444,8077729.8,137779038.7253,0,2022-03-10,54.095354523227385,17.29735,0.8895748407903846,-0.38372263282166746,-0.04997758852532497,-0.051269703639840694
2022-03-11,16.955,18.479,16.669,17.678,33785458.8,2022-03-11 23:59:59.999,600508700.974,965835,16938197.3,301026649.9223,0,2022-03-11,52.32250555496773,17.2896,0.8853276764767152,0.43870762240901884,0.04258079735786757,0.04169917514836566
2022-03-12,17.679,18.737,17.659,18.133,24898659.6,2022-03-12 23:59:59.999,455650672.5984,795303,12282150.4,224860004.5557,0,2022-03-12,50.62458908612755,17.35135,0.8995322922139382,0.8689515726847271,0.025738205679375348,0.0254125540331322
2022-03-13,18.133,18.381,17.106,17.206,18040412.3,2022-03-13 23:59:59.999,322218127.3533,629635,8462503.2,151180248.6348,0,2022-03-13,48.56001681732184,17.4035,0.856202355569659,-0.23066976949461726,-0.051122263276898505,-0.052475322472732205
2022-03-14,17.207,17.844,17.0,17.68,17182171.8,2022-03-14 23:59:59.999,300168224.8464,584994,8406137.1,146863076.7467,0,2022-03-14,42.726740784084264,17.4583,0.8358222613871945,0.26524778082848405,0.027548529582703818,0.0271758970103411
2022-03-15,17.68,18.044,17.034,17.793,15870674.2,2022-03-15 23:59:59.999,277928583.2255,532469,7671652.5,134386108.6757,0,2022-03-15,43.655764323822766,17.550050000000002,0.7597139679884292,0.31979140865776096,0.006391402714932104,0.006371064315201842
2022-03-16,17.793,19.17,17.67,19.034,24051005.2,2022-03-16 23:59:59.999,440267908.009,809015,11875633.7,217562961.8716,0,2022-03-16,52.26062441265532,17.69415,0.7538814841233996,1.7772687461053018,0.06974652953408644,0.06742173212545242
2022-03-17,19.033,19.346,18.612,18.735,14412698.4,2022-03-17 23:59:59.999,272667401.5726,484355,7001941.4,132532015.9629,0,2022-03-17,53.898341589489554,17.76895,0.7801050857004346,1.2383588028177126,-0.015708731743196314,-0.015833421404500895
2022-03-18,18.735,19.189,18.11,18.936,16249228.7,2022-03-18 23:59:59.999,302518881.3708,506563,7844831.1,146168307.7901,0,2022-03-18,63.118331716779835,17.814799999999998,0.8214285118005356,1.3649392295166138,0.01072858286629308,0.010671439966032165
2022-03-19,18.935,19.78,18.839,19.384,17391269.1,2022-03-19 23:59:59.999,336624410.4078,610820,8401013.2,162636293.0265,0,2022-03-19,62.729723107081604,17.91,0.8882030351095375,1.6595304696501285,0.023658639628221456,0.023383111302541875
2022-03-20,19.384,19.457,18.287,18.639,14100193.8,2022-03-20 23:59:59.999,265647417.5982,520778,6665897.1,125557716.4458,0,2022-03-20,59.64585274930102,17.8958,0.8733006716800011,0.851024193729608,-0.03843375980189856,-0.03919182376455821
2022-03-21,18.64,19.054,18.374,18.731,15217463.5,2022-03-21 23:59:59.999,285457932.4389,464110,7303263.7,137006629.8597,0,2022-03-21,64.54489164086688,17.887999999999998,0.8646353657978142,0.9749774683599168,0.004935887118407756,0.004923745564088839
2022-03-22,18.73,20.469,18.653,20.203,22069189.1,2022-03-22 23:59:59.999,437285785.8689,798509,11088266.3,219581850.6621,0,2022-03-22,68.10738554082656,17.9681,0.9980725582730929,2.2392159582735323,0.07858630078479512,0.07565120291765011
2022-03-23,20.203,21.132,19.781,21.005,22765932.7,2022-03-23 23:59:59.999,466339341.5971,780764,11237728.3,230218110.9953,0,2022-03-23,67.7698975571316,18.1178,1.2074232502573454,2.3912078878592355,0.03969707469187744,0.03892939638993992
2022-03-24,21.006,21.508,20.222,21.236,18762962.2,2022-03-24 23:59:59.999,392332618.3632,679795,9069617.2,189741795.0277,0,2022-03-24,76.02773047920215,18.341,1.349759744702707,2.1448261524777075,0.010997381575815313,0.010937350100079698
2022-03-25,21.237,21.365,20.157,20.52,14880055.3,2022-03-25 23:59:59.999,309918073.845,519971,6899015.0,143667156.3773,0,2022-03-25,67.29552093476144,18.5017,1.4100299026313805,1.4313880834962955,-0.03371633075908842,-0.03429783441885635
2022-03-26,20.522,21.019,20.229,20.899,9843189.6,2022-03-26 23:59:59.999,204223768.6558,354306,4876224.2,101171522.9951,0,2022-03-26,66.990171990172,18.697499999999998,1.459079504344736,1.5088279928849275,0.018469785575048858,0.01830129063354555
2022-03-27,20.899,22.462,20.7,22.44,14114842.5,2022-03-27 23:59:59.999,301548816.0852,524705,6956966.6,148726044.5048,0,2022-03-27,79.89490518620059,19.0004,1.5771250459380863,2.180930427082338,0.0737355854347097,0.07114376971838127
2022-03-28,22.44,23.322,21.76,21.962,20042315.3,2022-03-28 23:59:59.999,456200932.8595,724819,9592705.1,218542055.2709,0,2022-03-28,74.44622059831009,19.250899999999998,1.6315841801270976,1.661636606325033,-0.021301247771836063,-0.021531393478974113
2022-03-29,21.962,22.941,21.813,22.416,17578336.4,2022-03-29 23:59:59.999,394196470.8003,616694,8598585.4,192807436.772,0,2022-03-29,75.40389053742169,19.479300000000002,1.7409264049256477,1.6868605081128747,0.020672069938985516,0.020461302419129676
2022-03-30,22.414,22.986,21.575,22.443,19526653.8,2022-03-30 23:59:59.999,435897335.4108,670745,9366336.4,209130028.3021,0,2022-03-30,71.61699429296131,19.75365,1.7546447616177514,1.532703404602803,0.0012044967880087132,0.0012037719637265141
2022-03-31,22.442,23.058,21.061,21.315,23314064.8,2022-03-31 23:59:59.999,516270318.773,797605,10603502.8,234834631.8287,0,2022-03-31,64.80376405783795,19.9355,1.7162518677872285,0.8037864522639069,-0.05026066033952681,-0.05156771134120391
2022-04-01,21.315,22.15,20.561,22.051,19000303.6,2022-04-01 23:59:59.999,406486904.2287,731443,8930748.3,191210742.7893,0,2022-04-01,66.8396583414423,20.131400000000003,1.7232723888911865,1.113927207546761,0.034529673938540784,0.0339469021212571
2022-04-02,22.053,23.848,21.931,22.595,26996725.7,2022-04-02 23:59:59.999,619263377.643,995016,12580487.0,288669906.5897,0,2022-04-02,67.18031032637772,20.40085,1.6620054555293984,1.320182188752863,0.024670082989433517,0.024370690524812038
2022-04-03,22.592,23.563,22.503,23.194,19286531.1,2022-04-03 23:59:59.999,444613567.6427,767733,9081697.4,209376362.3182,0,2022-04-03,74.75812588324817,20.67655,1.6441512440030752,1.5311547579228006,0.026510289887143212,0.026164981671268534
2022-04-04,23.195,23.218,21.568,22.882,20126576.9,2022-04-04 23:59:59.999,451461403.2154,750743,9458929.3,212170111.3238,0,2022-04-04,72.03524790317444,20.931,1.5663515435219868,1.245569685852973,-0.013451754764163049,-0.013543049255759262
2022-04-05,22.882,23.104,21.668,21.76,16806315.4,2022-04-05 23:59:59.999,378833951.6405,653872,7592550.8,171214537.9778,0,2022-04-05,58.58418789282171,21.0673,1.5101893258790364,0.45868421139634397,-0.04903417533432386,-0.0502771532910102
2022-04-06,21.76,21.808,19.689,19.822,24803529.2,2022-04-06 23:59:59.999,513872908.4042,1020656,11573072.0,239808824.6,0,2022-04-06,44.203821656050955,21.12165,1.4397520720409986,-0.9026901403639659,-0.08906250000000016,-0.09328099000322533
2022-04-07,19.82,20.643,19.426,20.376,15131425.9,2022-04-07 23:59:59.999,304323202.1272,702904,7416265.3,149207649.6244,0,2022-04-07,45.91565349544073,21.193649999999998,1.358406236230739,-0.6019186147648918,0.027948743819998123,0.027565305692639305
2022-04-08,20.374,20.565,19.111,19.407,14673686.7,2022-04-08 23:59:59.999,293668636.0868,648797,6950154.7,139110533.9432,0,2022-04-08,44.838141174288104,21.1948,1.3568023786594072,-1.3176568880771289,-0.04755594817432274,-0.04872391194719782
2022-04-09,19.408,19.818,19.269,19.747,8373768.3,2022-04-09 23:59:59.999,163944248.6767,404790,4160165.0,81459047.8124,0,2022-04-09,44.63787004282257,21.2502,1.2665736872610862,-1.1868239606734672,0.017519451744216097,0.017367755345214564
2022-04-10,19.748,20.23,19.135,19.217,11712867.5,2022-04-10 23:59:59.999,230954468.6838,493783,5751068.6,113492216.4098,0,2022-04-10,33.43952317336347,21.2745,1.2194842093447102,-1.6871887181758578,-0.02683951992707756,-0.02720627712488251
2022-04-11,19.217,19.276,16.96,17.191,26642025.2,2022-04-11 23:59:59.999,480093552.7633,1026255,12404418.8,223489994.2911,0,2022-04-11,28.850075361290905,21.1239,1.5101227869209604,-2.6043577608804385,-0.10542748608003327,-0.11140931289093355
2022-04-12,17.192,18.018,17.142,17.756,18604258.2,2022-04-12 23:59:59.999,327645529.3736,828203,9120167.6,160613756.3864,0,2022-04-12,29.54345917471467,20.961450000000003,1.6878787520369822,-1.899099681260618,0.032866034552963885,0.03233749591243246
2022-04-13,17.756,18.293,17.36,18.182,16951805.6,2022-04-13 23:59:59.999,303147046.9489,660317,8461240.6,151328570.1994,0,2022-04-13,31.928068538468054,20.80875,1.7963907931120984,-1.4622375098290135,0.02399189006532998,0.02370860672787761
2022-04-14,18.182,18.473,17.449,17.897,18575296.7,2022-04-14 23:59:59.999,333496197.5558,615870,9031819.2,162178526.0383,0,2022-04-14,34.38699068152749,20.677599999999998,1.910694043093962,-1.4552827073754886,-0.01567484325156754,-0.01579899266439523
2022-04-15,17.897,18.455,17.764,18.329,16161236.0,2022-04-15 23:59:59.999,292999031.5356,471697,8001127.0,145072627.2762,0,2022-04-15,32.51268558541629,20.5491,1.9801773152924858,-1.1211622226225102,0.02413812370788415,0.023851403954439663
2022-04-16,18.33,18.683,18.15,18.585,13548156.9,2022-04-16 23:59:59.999,249310040.857,434924,6807162.1,125285751.9613,0,2022-04-16,30.635503187174066,20.35635,1.974043093301024,-0.8973208366175637,0.013966937639805721,0.013870298759504601
2022-04-17,18.586,18.81,17.618,17.718,13286935.0,2022-04-17 23:59:59.999,244502928.1914,469584,6348621.9,116895024.3183,0,2022-04-17,24.223310111090214,20.14415,2.0199306729893363,-1.2011055787422107,-0.04665052461662633,-0.04777373175937487
2022-04-18,17.717,18.379,17.075,18.142,19476628.9,2022-04-18 23:59:59.999,344680254.8296,646272,9539941.0,168829766.5185,0,2022-04-18,27.920626048071554,19.93045,1.9928322472773283,-0.8974413187278754,0.023930466192572553,0.023648620202911804
2022-04-19,18.142,18.941,18.027,18.873,13852983.2,2022-04-19 23:59:59.999,255819167.0702,528107,6867655.5,126811756.277,0,2022-04-19,36.04370105385286,19.75195,1.9142715386493983,-0.4591563852117538,0.040293242200418966,0.039502637063249926
2022-04-20,18.873,19.538,18.529,19.075,19505919.0,2022-04-20 23:59:59.999,371352998.7511,789811,9554113.0,181910672.5851,0,2022-04-20,45.660508888114336,19.639950000000002,1.8832856360204695,-0.2999810486495224,0.010703120860488413,0.01064624791451831
2022-04-21,19.076,19.676,18.006,18.158,18025403.7,2022-04-21 23:59:59.999,342750595.2787,782412,8658282.3,164738349.6512,0,2022-04-21,37.636566332218514,19.4453,1.8211299586560812,-0.7068688282685617,-0.0480733944954127,-0.04926734222095511
2022-04-22,18.157,18.518,18.052,18.269,12347896.1,2022-04-22 23:59:59.999,225783943.2861,582657,6148653.0,112442821.8906,0,2022-04-22,42.98570019723864,19.229,1.6786763269091562,-0.5718791553864288,0.006113008040532941,0.00609439940486713
2022-04-23,18.268,19.247,17.931,18.686,14314290.4,2022-04-23 23:59:59.999,267535977.9862,630959,7114339.3,132979805.0889,0,2022-04-23,43.52179753327634,19.0036,1.3973405341647909,-0.22728890505551141,0.022825551480650352,0.022568946016331227
2022-04-24,18.687,19.15,18.035,18.149,14031968.4,2022-04-24 23:59:59.999,260656940.461,579579,6958818.3,129276069.9939,0,2022-04-24,43.484626647144964,18.76695,1.0678788850598993,-0.5786704921741556,-0.028738092689714168,-0.029159117596500257
2022-04-25,18.15,18.241,17.101,18.091,20350772.9,2022-04-25 23:59:59.999,358928390.0744,850965,9737084.3,171781075.779,0,2022-04-25,57.22543352601158,18.5835,0.8108612380471099,-0.6073788915920361,-0.00319576836189317,-0.0032008857351394342
2022-04-26,18.091,18.326,16.352,16.661,19788807.1,2022-04-26 23:59:59.999,343278316.1744,820079,9032126.7,156733627.8605,0,2022-04-26,42.28112223318765,18.42545,0.8631323296111181,-2.0442404246345034,-0.07904482892045761,-0.08234391809219231
2022-04-27,16.662,17.257,16.464,16.933,14341038.0,2022-04-27 23:59:59.999,242778643.1198,691942,7013830.6,118763213.3011,0,2022-04-27,41.00014411298458,18.253300000000003,0.7942225659154872,-1.6623803662366545,0.016325550687233514,0.016193721736271673
2022-04-28,16.932,17.41,16.641,16.971,16453846.0,2022-04-28 23:59:59.999,280125038.0969,647190,8091744.1,137773343.8179,0,2022-04-28,43.081291093843404,18.1315,0.7947712348772578,-1.4601685983001427,0.0022441386641469663,0.002241624345924866
2022-04-29,16.971,17.059,15.973,16.177,14121915.2,2022-04-29 23:59:59.999,232382462.4924,641289,6846273.4,112642981.0949,0,2022-04-29,34.7462432662319,17.953,0.8135222314426753,-2.1830995286391817,-0.046785693241411797,-0.047915524681571335
2022-04-30,16.177,16.433,14.134,14.479,18882556.3,2022-04-30 23:59:59.999,291768482.5036,780977,8672561.9,134323406.5804,0,2022-04-30,25.83568738229752,17.7161,1.0741728225152622,-3.013574661496342,-0.1049638375471349,-0.11089115654827243
2022-05-01,14.479,15.511,14.471,15.332,16100677.4,2022-05-01 23:59:59.999,241598661.3858,768913,7895625.7,118482259.972,0,2022-05-01,35.934921009195946,17.623150000000003,1.1955731184573235,-1.9163612535520431,0.058912908350024384,0.05724282371902423
2022-05-02,15.334,15.579,14.531,14.954,19434835.1,2022-05-02 23:59:59.999,291697130.4254,808411,9540132.5,143228748.1948,0,2022-05-02,31.104788999525837,17.48305,1.3352046748281798,-1.8941290782444629,-0.0246543177667623,-0.02496332494058483
2022-05-03,14.954,15.237,14.495,14.719,13511369.5,2022-05-03 23:59:59.999,201420575.7468,608402,6565855.1,97879073.7747,0,2022-05-03,23.841309823677562,17.309900000000003,1.4586309695265505,-1.7762546210306847,-0.015714858900628625,-0.015839646367274206
2022-05-04,14.72,16.34,14.65,16.318,21911201.0,2022-05-04 23:59:59.999,338204105.9365,885985,10970678.1,169390744.1615,0,2022-05-04,35.23615722394776,17.23095,1.4678842445036193,-0.6219495872501325,0.10863509749303635,0.10312961679615895
2022-05-05,16.319,16.443,13.98,14.569,28875688.3,2022-05-05 23:59:59.999,433791626.8776,1004784,14207722.5,213316666.6414,0,2022-05-05,32.353230406136305,17.04295,1.5578727559345156,-1.588030852055026,-0.10718225272704995,-0.11337280933474972
2022-05-06,14.569,14.654,13.76,14.319,23579231.0,2022-05-06 23:59:59.999,336823026.0752,874851,11653522.3,166532076.1371,0,2022-05-06,30.840124175397776,16.829649999999997,1.6261745641709793,-1.5438994406359572,-0.01715972269888122,-0.017308656979989654
2022-05-07,14.319,14.365,13.342,13.737,17058982.0,2022-05-07 23:59:59.999,239208515.91,619846,8124114.1,113965461.1215,0,2022-05-07,26.372577103026842,16.6306,1.750598856932537,-1.652920078486897,-0.04064529645924997,-0.041494404348801125
2022-05-08,13.736,13.871,13.009,13.246,23048666.9,2022-05-08 23:59:59.999,309174241.2792,793668,11124681.7,149262771.5698,0,2022-05-08,26.488922988395515,16.3858,1.8666036875337366,-1.6820924661026906,-0.03574288418140781,-0.036397302280280326
2022-05-09,13.246,13.48,10.47,10.613,69064860.1,2022-05-09 23:59:59.999,808317710.4602,1775441,33536903.5,392604530.871,0,2022-05-09,21.2428857098908,15.972799999999998,2.175553809710553,-2.463648555175518,-0.1987769892797826,-0.2216159552831023
2022-05-10,10.612,12.437,10.29,11.34,69517563.0,2022-05-10 23:59:59.999,795727257.4153,1838484,34888502.0,399332709.8863,0,2022-05-10,28.368160013009188,15.58605,2.280066168822571,-1.8622485864928497,0.0685008951286159,0.06625663351992063
2022-05-11,11.34,11.639,7.888,9.068,102811577.3,2022-05-11 23:59:59.999,1006526160.7821,2390529,51544833.2,504886562.2637,0,2022-05-11,22.498076788586616,15.131549999999999,2.620907606455755,-2.3135306201044297,-0.2003527336860671,-0.22358456565432355
2022-05-12,9.067,9.51,7.243,8.692,91665751.1,2022-05-12 23:59:59.999,767301906.6111,2152774,45762265.4,383346077.1853,0,2022-05-12,21.718931475029052,14.652700000000001,2.879622071328609,-2.0699591308695013,-0.04146449051610046,-0.04234867025109924
2022-05-13,8.69,11.787,8.545,10.456,65430387.6,2022-05-13 23:59:59.999,687550315.436,1798159,33250357.0,349361978.5942,0,2022-05-13,31.6716857820209,14.241200000000001,2.8609013964131367,-1.3230795038045375,0.2029452369995397,0.18477291392773754
2022-05-14,10.457,11.558,9.751,11.294,45806839.6,2022-05-14 23:59:59.999,485591634.1757,1240410,23370383.4,247742516.9361,0,2022-05-14,39.20119346307724,13.89845,2.7775028063842346,-0.9376948221307054,0.08014537107880648,0.07709563492872418
2022-05-15,11.292,11.848,10.556,11.797,34921473.3,2022-05-15 23:59:59.999,388667349.3879,937707,17294451.2,192553430.5009,0,2022-05-15,37.723136764603744,13.58375,2.630127170729416,-0.6793397748537301,0.044536922259606815,0.04357365060906042
2022-05-16,11.795,11.802,10.352,10.62,35700630.0,2022-05-16 23:59:59.999,387733956.8036,960930,17761357.1,192900508.47,0,2022-05-16,35.739668333772045,13.2817,2.6048888470070537,-1.0218094346168445,-0.09977112825294576,-0.10510624604591276
2022-05-17,10.621,11.332,10.406,11.024,27914685.2,2022-05-17 23:59:59.999,304940679.7766,715856,13942778.9,152364493.6573,0,2022-05-17,37.975919297103815,12.986249999999998,2.5020294473210583,-0.7842633515368874,0.03804143126177029,0.03733569845751002
2022-05-18,11.024,11.171,9.425,9.481,34308517.4,2022-05-18 23:59:59.999,349237136.2181,846288,16477550.9,167756163.4391,0,2022-05-18,27.669998040368412,12.611749999999999,2.433823240456877,-1.2863506058937522,-0.1399673439767779,-0.15078491833548063
2022-05-19,9.482,10.399,9.207,10.022,34743177.1,2022-05-19 23:59:59.999,341148935.6151,818250,17493135.2,171826800.955,0,2022-05-19,33.877029997872484,12.303999999999998,2.3468681482481455,-0.972359696348272,0.0570614914038603,0.05549288060171078
2022-05-20,10.021,10.254,9.432,9.656,30124740.4,2022-05-20 23:59:59.999,296281021.4892,687695,14919795.7,146729770.3919,0,2022-05-20,33.60061897728072,12.062850000000001,2.359373517984579,-1.020122495083346,-0.036519656755138685,-0.03720319274230252
2022-05-21,9.657,10.096,9.457,9.982,17966724.7,2022-05-21 23:59:59.999,176131229.4451,428590,8911898.5,87376078.8643,0,2022-05-21,36.55182293531982,11.795350000000001,2.270841422422086,-0.7985366050201238,0.033761391880695824,0.03320398725218701
2022-05-22,9.982,10.329,9.857,10.146,17842924.0,2022-05-22 23:59:59.999,180144526.3466,412790,8727091.7,88131853.4619,0,2022-05-22,38.63136276954672,11.554950000000002,2.1711643365517648,-0.6489375199657572,0.016429573231817374,0.016296068097080847
2022-05-23,10.145,10.728,9.793,9.884,33885480.3,2022-05-23 23:59:59.999,349487412.1287,695108,16797711.2,173292778.7144,0,2022-05-23,46.76373967859362,11.3132,2.0669980419104466,-0.6914375200273752,-0.02582298442736053,-0.0261622510181346
2022-05-24,9.884,10.266,9.55,10.179,31514284.2,2022-05-24 23:59:59.999,312641168.6141,577052,15872534.7,157463305.3849,0,2022-05-24,44.64038408272551,11.00625,1.7095884046039664,-0.4838884013088726,0.02984621610683935,0.02940948634383916
2022-05-25,10.178,10.327,9.76,9.864,25099242.8,2022-05-25 23:59:59.999,250883236.1748,534304,12044688.2,120392813.1274,0,2022-05-25,54.48501239576291,10.771,1.5050066270175841,-0.6026551536170763,-0.030946065428824054,-0.03143500860815961
2022-05-26,9.864,9.997,8.798,9.129,44392582.1,2022-05-26 23:59:59.999,414758167.6066,827800,21705549.8,202897241.0203,0,2022-05-26,52.36651142640528,10.5115,1.2936466002406517,-1.0686844457696711,-0.07451338199513391,-0.07743560627909955
2022-05-27,9.128,10.0,8.557,9.116,70580135.4,2022-05-27 23:59:59.999,659288995.4774,1337331,35447235.8,331508718.1946,0,2022-05-27,41.04517508687517,10.28045,1.0827060871035237,-1.0754996336218627,-0.0014240333004710282,-0.001425048199505893
2022-05-28,9.116,9.8,8.951,9.639,30920430.1,2022-05-28 23:59:59.999,289167829.5653,658720,15696955.6,146867594.2694,0,2022-05-28,38.45402539416771,10.1001,0.8347469140552093,-0.5523829944575314,0.05737165423431323,0.055786257418393215
2022-05-29,9.639,10.04,9.322,9.971,31934381.7,2022-05-29 23:59:59.999,308335165.106,601802,16330703.5,157722783.0854,0,2022-05-29,36.9496855345912,10.068,0.8262864929426293,-0.1173926971195624,0.03444340699242665,0.03386351104482482
2022-05-30,9.972,10.794,9.897,10.459,34024125.6,2022-05-30 23:59:59.999,351194391.1415,704283,16804302.6,173571295.7432,0,2022-05-30,48.723640399556054,10.02395,0.7769145096222184,0.5599715214632139,0.04894193160164462,0.04778197192547513
2022-05-31,10.459,10.639,9.931,10.346,36904926.1,2022-05-31 23:59:59.999,380473730.1293,739765,18215057.7,187818348.3141,0,2022-05-31,44.36502659574469,10.08785,0.7460964573582889,0.3460008387039322,-0.010804092169423463,-0.010862880190807804
2022-06-01,10.347,10.743,9.25,9.45,46224441.6,2022-06-01 23:59:59.999,465549707.6465,884289,22654006.0,228213640.2083,0,2022-06-01,49.71130564350903,10.12575,0.688486736866068,-0.9815003889195546,-0.08660351826792967,-0.09058523007567199
2022-06-02,9.45,10.066,9.284,9.872,27042498.5,2022-06-02 23:59:59.999,259477498.3213,633733,13696109.7,131459860.1545,0,2022-06-02,48.57142857142857,10.09655,0.686123241575417,-0.32727356602060054,0.044656084656084616,0.04368772565738058
2022-06-03,9.872,9.912,9.184,9.363,26849000.9,2022-06-03 23:59:59.999,254196645.7918,576730,13251109.3,125489738.5765,0,2022-06-03,47.28351566845911,10.0,0.6432772996219428,-0.990241689508348,-0.051559967585089184,-0.052936715206279975
2022-06-04,9.364,9.555,9.088,9.441,16561150.5,2022-06-04 23:59:59.999,154787077.3989,392568,8406943.3,78609362.072,0,2022-06-04,44.742468415937815,9.882200000000001,0.49566771552007577,-0.8901124406238045,0.008330663248958814,0.008296154793627582
2022-06-05,9.439,9.546,9.236,9.342,15045399.8,2022-06-05 23:59:59.999,141159842.0186,340679,7401697.1,69451810.9843,0,2022-06-05,42.08661417322835,9.818299999999999,0.47759519304470904,-0.9972880944708558,-0.01048617731172552,-0.010541544670463294
2022-06-06,9.341,9.929,9.31,9.495,25605442.8,2022-06-06 23:59:59.999,247677117.3892,565723,12549149.7,121418994.5684,0,2022-06-06,46.08730637698652,9.74185,0.3885035087539684,-0.6353867968701551,0.01637764932562602,0.01624498218433274
2022-06-07,9.495,9.503,8.825,9.216,33214665.2,2022-06-07 23:59:59.999,303363995.0049,685720,16131771.9,147392682.2862,0,2022-06-07,40.28254288597376,9.7286,0.4021474461182205,-1.2746568576971897,-0.02938388625592414,-0.029824240310713745
2022-06-08,9.216,9.388,8.879,8.995,22225534.3,2022-06-08 23:59:59.999,202216705.0203,453242,10761780.5,97940404.1799,0,2022-06-08,41.0615099773709,9.67725,0.42748208641869084,-1.5959733090003265,-0.02398003472222221,-0.024272236551038988
2022-06-09,8.995,9.462,8.9,9.227,24560754.6,2022-06-09 23:59:59.999,226506122.5125,540022,11974035.6,110437126.4008,0,2022-06-09,51.12436897659477,9.655800000000001,0.43920677302613786,-0.976305526997149,0.025792106725958996,0.02546510119392248
2022-06-10,9.227,9.369,8.513,8.652,32312416.3,2022-06-10 23:59:59.999,288556511.3153,667706,15625500.0,139545954.7077,0,2022-06-10,45.28455284552845,9.5893,0.4854684227341967,-1.9307125986095088,-0.062317112821068665,-0.0643434605056065
2022-06-11,8.653,8.844,7.893,8.032,31440977.9,2022-06-11 23:59:59.999,261674215.0578,654523,15129391.3,125791509.9347,0,2022-06-11,33.984452860275084,9.4836,0.5790068993302422,-2.5070513005615584,-0.0716597318539065,-0.07435694514143884
2022-06-12,8.032,8.106,7.374,7.391,40457313.5,2022-06-12 23:59:59.999,312657742.4043,761139,19899593.2,153816856.9605,0,2022-06-12,25.779196395043186,9.35895,0.7354781098022759,-2.6757424507563643,-0.07980577689243029,-0.0831705191466237
2022-06-13,7.391,7.474,6.332,7.031,110112746.3,2022-06-13 23:59:59.999,759681174.5697,1720856,55102993.9,380167021.7976,0,2022-06-13,17.02577914582534,9.201550000000001,0.8744624499165802,-2.482153464916718,-0.048707887971857655,-0.04993410058572541
2022-06-14,7.031,7.54,6.665,7.355,69398484.2,2022-06-14 23:59:59.999,499607368.9528,1257827,35373686.0,254732413.0247,0,2022-06-14,22.351636161952328,9.0761,0.9510426356032368,-1.8096980467214527,0.0460816384582563,0.045051410836376565
2022-06-15,7.355,8.78,6.832,8.493,85362205.7,2022-06-15 23:59:59.999,635602192.2426,1453683,43048614.3,321132220.3064,0,2022-06-15,41.532472128826775,9.0443,0.9597736081731333,-0.5744062925936911,0.1547246770904147,0.14386194074447142
2022-06-16,8.492,8.553,6.963,7.115,49839665.1,2022-06-16 23:59:59.999,381126000.8134,903816,23685769.3,180967041.8993,0,2022-06-16,29.135765097623747,8.94425,1.051790447159101,-1.7391772333936164,-0.16225126574826332,-0.1770370632560566
2022-06-17,7.115,7.452,7.026,7.27,33792426.6,2022-06-17 23:59:59.999,245702635.6519,652517,16765860.5,121939955.0488,0,2022-06-17,33.26403326403327,8.825800000000001,1.1016453531916781,-1.4122512253989454,0.021784961349262,0.021551060003612187
2022-06-18,7.271,7.404,6.451,7.044,48563033.4,2022-06-18 23:59:59.999,333284273.2775,786289,24111472.4,165559027.3725,0,2022-06-18,31.27636306827057,8.67945,1.1354060008826734,-1.4404098610792864,-0.031086657496561254,-0.03158010091146834
2022-06-19,7.044,7.648,6.761,7.511,36523211.5,2022-06-19 23:59:59.999,261593373.2761,670460,17860848.9,128187737.8036,0,2022-06-19,36.47510710592407,8.53205,1.0823398374274504,-0.9433728341986128,0.06629755820556515,0.06419242206991514
2022-06-20,7.512,8.02,7.159,7.864,36149615.8,2022-06-20 23:59:59.999,276451817.8292,676754,18161029.1,138881578.3132,0,2022-06-20,38.298177643851346,8.40795,1.0027748592876236,-0.54244479203081,0.04699773665290907,0.04592677014099071
2022-06-21,7.864,8.278,7.661,7.756,30986429.0,2022-06-21 23:59:59.999,248442662.4111,620405,15796423.5,126689468.5687,0,2022-06-21,39.261547513974705,8.32325,0.9814403955402766,-0.5779770249702552,-0.013733468972533025,-0.01382864546446002
2022-06-22,7.757,7.812,7.344,7.385,26780683.6,2022-06-22 23:59:59.999,202188820.5544,524105,13378260.0,101030008.3808,0,2022-06-22,38.41393206678182,8.198899999999998,0.9311483515690853,-0.8740819855702793,-0.047833935018050555,-0.049015821397062266
2022-06-23,7.385,7.816,7.351,7.769,27654620.0,2022-06-23 23:59:59.999,210554396.7377,498293,13708130.7,104423356.3086,0,2022-06-23,39.732394366197184,8.1192,0.8937311264099678,-0.39184044244572636,0.051997291807718504,0.050690539984940754
2022-06-24,7.769,8.356,7.716,8.178,30584435.4,2022-06-24 23:59:59.999,245770777.0529,507888,15474959.0,124377671.0696,0,2022-06-24,46.58205941736373,8.056049999999999,0.8383221008270496,0.14546914590429094,0.05264512807311128,0.051306165974167026
2022-06-25,8.178,8.366,7.779,8.127,21332226.2,2022-06-25 23:59:59.999,172366774.8964,422309,10410065.0,84176213.5564,0,2022-06-25,50.74626865671642,7.9953,0.7823867061070046,0.1683310810012513,-0.006236243580337475,-0.006255770171382796
2022-06-26,8.126,8.485,7.802,7.828,26137665.1,2022-06-26 23:59:59.999,212597308.549,491385,12469387.4,101456861.6661,0,2022-06-26,53.62776025236593,7.91195,0.6985095014976077,-0.12018447826409025,-0.03679094376768799,-0.03748480223723799
2022-06-27,7.827,8.198,7.671,7.737,26428920.1,2022-06-27 23:59:59.999,209691804.5366,462039,12836216.0,101877834.3218,0,2022-06-27,56.13486270420577,7.837999999999999,0.6279073012360895,-0.16085176872632617,-0.01162493612672455,-0.011693033966512351
2022-06-28,7.736,7.993,7.25,7.308,30859205.5,2022-06-28 23:59:59.999,236074861.6757,531613,14835645.8,113538195.5181,0,2022-06-28,49.59890766342379,7.753649999999999,0.5754191401407504,-0.7744789300734601,-0.055447848003101985,-0.05704437705155714
2022-06-29,7.307,7.44,6.94,7.03,32915407.4,2022-06-29 23:59:59.999,236258977.492,579774,16152672.0,115966207.6104,0,2022-06-29,35.367073414682935,7.643799999999999,0.4813689470209959,-1.2751134110302849,-0.03804050355774491,-0.038782932693186715
2022-06-30,7.03,7.099,6.628,7.057,37857437.4,2022-06-30 23:59:59.999,258056260.2574,649540,18937172.1,129129278.1268,0,2022-06-30,49.20504385964913,7.56405,0.43548345487731954,-1.1643381495235934,0.003840682788051275,0.00383332619611972
2022-07-01,7.058,7.249,6.54,6.749,39466112.0,2022-07-01 23:59:59.999,269227888.0897,619670,19259519.1,131306413.0597,0,2022-07-01,43.14654038410945,7.499899999999999,0.4568943100154713,-1.6434873088583064,-0.04364460819044935,-0.044625686257423906
2022-07-02,6.749,6.904,6.615,6.817,25018571.3,2022-07-02 23:59:59.999,169172058.3475,403815,12146437.9,82160193.6505,0,2022-07-02,46.884435904474344,7.4712000000000005,0.48146242133326517,-1.3587768660914188,0.010075566750629816,0.010025146619378865
2022-07-03,6.818,6.98,6.602,6.846,23881230.7,2022-07-03 23:59:59.999,161521709.4613,387719,11601371.5,78490987.1339,0,2022-07-03,39.625585023400944,7.46195,0.4920260449870144,-1.25186462439454,0.004254070705588919,0.004245047727345325
2022-07-04,6.846,7.219,6.65,7.16,29054703.2,2022-07-04 23:59:59.999,200988350.5341,493884,14662204.9,101484427.1165,0,2022-07-04,38.881869867340505,7.4522,0.49617151109192786,-0.5889092651791994,0.04586619924043234,0.04484544086456063
2022-07-05,7.159,7.22,6.572,6.832,45335355.7,2022-07-05 23:59:59.999,310959951.1809,672568,21507483.9,147636216.0012,0,2022-07-05,36.35558180744242,7.36915,0.4496182327946082,-1.1946801993801215,-0.045810055865921795,-0.04689252448628552
2022-07-06,6.833,7.007,6.673,6.919,34536202.4,2022-07-06 23:59:59.999,237226171.0933,562485,16761970.6,115194271.1183,0,2022-07-06,42.48871695680207,7.359350000000001,0.4575159790114653,-0.9624800448531793,0.012734192037470615,0.012653794030405167
2022-07-07,6.918,7.348,6.875,7.298,31059919.2,2022-07-07 23:59:59.999,220295817.8737,467068,15385108.3,109164469.1774,0,2022-07-07,42.39586696803359,7.360749999999999,0.45727095215243946,-0.1372271728711945,0.05477670183552541,0.053329087497581924
2022-07-08,7.299,7.461,6.931,7.032,34247729.5,2022-07-08 23:59:59.999,244284757.175,523889,16398564.3,116972133.8016,0,2022-07-08,30.602572782667565,7.36015,0.45771610081529407,-0.7169291170126895,-0.03644834201151004,-0.037129177631380066
2022-07-09,7.031,7.359,7.025,7.25,21882152.4,2022-07-09 23:59:59.999,158024641.6,354360,10635088.5,76792835.6748,0,2022-07-09,35.95001602050624,7.3471,0.4569088242553405,-0.21251504642802976,0.031001137656427646,0.030530308483707427
2022-07-10,7.249,7.266,6.755,6.853,24172048.1,2022-07-10 23:59:59.999,168329550.4699,382496,11347794.6,78999879.8364,0,2022-07-10,34.85554520037279,7.296550000000001,0.4526175886740714,-0.9799663360395834,-0.0547586206896552,-0.0563149562628968
2022-07-11,6.853,6.907,6.481,6.521,33844010.9,2022-07-11 23:59:59.999,228377081.6532,502271,16029686.7,108248166.6752,0,2022-07-11,32.42774566473989,7.2348,0.4705267596823017,-1.5170231773469287,-0.04844593608638548,-0.04965877419262136
2022-07-12,6.521,6.62,6.238,6.274,35288918.1,2022-07-12 23:59:59.999,228106757.0591,470424,16812895.9,108754744.7538,0,2022-07-12,34.228187919463096,7.179250000000001,0.5153115434766433,-1.7567042917233453,-0.03787762613096146,-0.03861362864257877
2022-07-13,6.272,6.558,5.94,6.458,41993867.1,2022-07-13 23:59:59.999,264465391.7652,582144,20538916.2,129457632.3629,0,2022-07-13,41.017587939698494,7.1137,0.5197081265867176,-1.2616697073921752,0.029327382849856587,0.0289055625675971
2022-07-14,6.459,6.764,6.28,6.717,35323430.8,2022-07-14 23:59:59.999,229538248.7003,541172,18029340.6,117221577.4797,0,2022-07-14,45.02341920374707,7.040650000000001,0.46167569786394985,-0.7010332176838496,0.04010529575720034,0.03932195394864397
2022-07-15,6.716,6.99,6.651,6.792,32699305.5,2022-07-15 23:59:59.999,223264224.2965,523043,16133187.8,110161528.9997,0,2022-07-15,50.67546339930884,6.9739,0.386775046816965,-0.470299212674084,0.011165698972755767,0.011103822724318797
2022-07-16,6.791,7.215,6.554,7.184,35438113.5,2022-07-16 23:59:59.999,243870462.9866,513476,17521691.9,120621290.8609,0,2022-07-16,55.23239235814086,6.9417,0.33530992733078885,0.7226150502873934,0.05771495877502941,0.056110881990852256
2022-07-17,7.184,7.322,6.867,6.914,28962804.4,2022-07-17 23:59:59.999,205420709.0157,469962,13893961.5,98570221.5962,0,2022-07-17,50.90715048025613,6.90055,0.2782105365181804,0.04834468229825945,-0.03758351893095779,-0.0383079895004658
2022-07-18,6.914,7.721,6.896,7.647,49994927.4,2022-07-18 23:59:59.999,370461160.0345,750140,24567083.5,182024775.3214,0,2022-07-18,55.84353251739861,6.917500000000001,0.31254869094059956,2.334036331442008,0.1060167775527916,0.10076507256265543
2022-07-19,7.648,8.039,7.48,7.784,60777224.9,2022-07-19 23:59:59.999,472977008.2829,906563,29718892.7,231410272.5614,0,2022-07-19,61.97183098591549,6.9552000000000005,0.3674798383273649,2.2553618282091246,0.017915522427095487,0.017756930821615752
2022-07-20,7.784,8.078,7.355,7.46,46603606.2,2022-07-20 23:59:59.999,362314830.7308,786898,22629722.4,176010461.9405,0,2022-07-20,56.42060289579873,6.975350000000001,0.3840316975654516,1.2620052018424837,-0.04162384378211714,-0.04251493066803443
2022-07-21,7.461,7.588,7.168,7.523,36760666.5,2022-07-21 23:59:59.999,271108546.4553,580866,18339963.4,135306562.5651,0,2022-07-21,52.88683602771361,7.01405,0.3987387318959028,1.2763997055918541,0.008445040214477118,0.008409580362414936
2022-07-22,7.522,7.846,7.254,7.285,38393531.4,2022-07-22 23:59:59.999,291052388.065,585780,18448118.2,139845309.0089,0,2022-07-22,53.269578702507104,7.03745,0.4002954796781953,0.6184181749916593,-0.03163631529974742,-0.03214755493091634
2022-07-23,7.286,7.489,7.069,7.319,26928735.8,2022-07-23 23:59:59.999,196110236.4572,472917,13077530.1,95263232.5518,0,2022-07-23,50.93622795115332,7.061099999999999,0.40235646672317327,0.6409739157428277,0.004667124227865527,0.0046562669719219605
2022-07-24,7.32,7.579,7.3,7.392,30016692.7,2022-07-24 23:59:59.999,223109805.2861,451744,14366166.1,106791385.6292,0,2022-07-24,58.01844689080632,7.072699999999999,0.40865287031809777,0.7813477481547016,0.00997404016942216,0.009924627720293077
2022-07-25,7.393,7.441,6.71,6.747,39615117.3,2022-07-25 23:59:59.999,279143485.4403,559439,18249264.3,128619920.752,0,2022-07-25,53.07566684812194,7.06845,0.4117184110507655,-0.7807520659074078,-0.08725649350649356,-0.09130037269409477
2022-07-26,6.747,6.786,6.511,6.768,32039660.2,2022-07-26 23:59:59.999,212987201.8693,480853,15888182.7,105634235.1352,0,2022-07-26,57.16357308584686,7.060899999999999,0.4159658260232674,-0.704144383206172,0.003112494441974256,0.0031076606586338783
2022-07-27,6.769,7.705,6.641,7.67,38836358.5,2022-07-27 23:59:59.999,271624890.6744,551644,19630181.0,137425014.5347,0,2022-07-27,64.54632741238598,7.0795,0.43500701748515025,1.35744936579134,0.13327423167848695,0.12511099307524262
2022-07-28,7.67,8.074,7.45,7.85,52352051.4,2022-07-28 23:59:59.999,405841211.5819,746590,25533141.6,198056731.4631,0,2022-07-28,63.86102275507707,7.120400000000001,0.4675439073085315,1.5604951504983184,0.02346805736636237,0.023196916415152168
2022-07-29,7.851,8.421,7.753,8.178,43608338.0,2022-07-29 23:59:59.999,352286036.4447,746378,21002273.8,169803547.8168,0,2022-07-29,65.96774193548387,7.1668,0.5237522113991908,1.9306839722902653,0.04178343949044594,0.040934090148133574
2022-07-30,8.179,8.847,8.15,8.208,46461634.1,2022-07-30 23:59:59.999,394822388.3335,797477,23172117.2,196966729.018,0,2022-07-30,62.870789341377574,7.2345500000000005,0.5668860903848879,1.7171880145075968,0.003668378576669129,0.003661666485963174
2022-07-31,8.207,9.206,8.073,8.616,51129159.9,2022-07-31 23:59:59.999,443509714.409,839068,25440126.5,220555885.7699,0,2022-07-31,70.67541302235179,7.3393,0.6192370602929801,2.0617306066855137,0.049707602339181145,0.04851165142567358
2022-08-01,8.616,8.986,8.0,8.173,50289775.5,2022-08-01 23:59:59.999,427272365.2728,819970,25113728.6,213496825.9128,0,2022-08-01,56.87401986408782,7.4342500000000005,0.5922978335959063,1.2472610198740148,-0.05141597028783651,-0.05278490132009471
2022-08-02,8.173,8.269,7.664,7.92,50382705.3,2022-08-02 23:59:59.999,399057271.3423,784382,25016528.8,198173819.2477,0,2022-08-02,51.725012683916795,7.507350000000001,0.5544810067444186,0.7442094408658535,-0.030955585464333746,-0.03144483270765813
2022-08-03,7.919,8.441,7.666,7.986,37310335.6,2022-08-03 23:59:59.999,302372048.5196,631490,18796568.7,152384848.9487,0,2022-08-03,57.13897937024973,7.5708,0.5314067329152661,0.7813224302263481,0.008333333333333304,0.008298802814695064
2022-08-04,7.986,8.27,7.876,8.087,33556489.7,2022-08-04 23:59:59.999,271013345.5633,542994,16244577.4,131225061.5151,0,2022-08-04,57.57657173562601,7.635549999999999,0.5099819888442887,0.885227341112708,0.012647132481843126,0.012567825472655413
2022-08-05,8.085,8.837,8.063,8.8,39850531.9,2022-08-05 23:59:59.999,336920695.8208,630630,20261207.4,171371532.8003,0,2022-08-05,68.04860614724804,7.71635,0.5602172769262251,1.9343387728877666,0.08816619265487824,0.08449388737047574
2022-08-06,8.8,8.879,8.478,8.512,25274821.9,2022-08-06 23:59:59.999,219255787.546,431804,12128653.6,105252438.2043,0,2022-08-06,63.40148281285105,7.796250000000001,0.553678500194081,1.2927177048577971,-0.032727272727272716,-0.03327478888487221
2022-08-07,8.513,8.937,8.326,8.646,25058444.3,2022-08-07 23:59:59.999,215661538.3209,398544,12300111.0,105933645.5424,0,2022-08-07,63.89627659574468,7.846199999999999,0.5837509021729193,1.3701049489137826,0.015742481203007586,0.015619853646151533
2022-08-08,8.647,9.387,8.629,9.263,43405536.5,2022-08-08 23:59:59.999,397619352.044,654230,21856854.3,200193333.8942,0,2022-08-08,78.05530776092775,7.92015,0.6636667898071785,2.0233798355197967,0.07136247975942611,0.06893118402645022
2022-08-09,9.262,9.478,8.64,8.895,37175981.6,2022-08-09 23:59:59.999,333299805.5004,602371,18352572.9,164613297.5229,0,2022-08-09,72.01407576071206,7.991899999999999,0.6884097540505352,1.3118640383670463,-0.03972794990823714,-0.040538649154092055
2022-08-10,8.894,9.648,8.537,9.52,50712051.7,2022-08-10 23:59:59.999,465713570.2489,750874,25292392.5,232443816.4535,0,2022-08-10,70.31181379007465,8.09175,0.7581165633874859,1.8839451200197537,0.07026419336706025,0.06790552768547557
2022-08-11,9.521,9.645,9.118,9.189,37719831.5,2022-08-11 23:59:59.999,354251895.3309,583317,18442108.9,173275503.3583,0,2022-08-11,64.22954303931988,8.18695,0.7709162337582035,1.299816965995156,-0.0347689075630252,-0.03538773228452605
2022-08-12,9.19,9.494,9.022,9.471,28339779.7,2022-08-12 23:59:59.999,262742175.9696,498887,14297170.8,132582372.7995,0,2022-08-12,63.87636831938183,8.294550000000001,0.7932550180632124,1.4830665715451559,0.030688867123734864,0.03022738172521637
2022-08-13,9.471,9.677,9.239,9.297,24441335.8,2022-08-13 23:59:59.999,231419096.6939,421129,12126055.4,114868174.3907,0,2022-08-13,61.33666458463461,8.389800000000001,0.7935488311167029,1.1432188725215104,-0.018371872030408576,-0.018542730770243373
2022-08-14,9.297,9.556,8.815,8.949,29805504.1,2022-08-14 23:59:59.999,273827370.1558,513691,14364898.0,131982227.6056,0,2022-08-14,53.51043643263757,8.4999,0.7009823107598884,0.6406723723358442,-0.03743142949338507,-0.038149973272999835
2022-08-15,8.948,9.379,8.614,8.775,35527060.4,2022-08-15 23:59:59.999,317196363.1468,628002,17457155.5,155949564.9187,0,2022-08-15,56.727760393384,8.600249999999999,0.571744686761832,0.3056434175011333,-0.019443513241702903,-0.01963502484879157
2022-08-16,8.775,8.959,8.624,8.829,27766702.0,2022-08-16 23:59:59.999,243936230.2381,509491,13877730.5,121966052.7209,0,2022-08-16,60.63157894736843,8.6582,0.5296843747368708,0.32245617984266095,0.006153846153846176,0.006134988567515929
2022-08-17,8.829,9.164,8.31,8.371,37041657.0,2022-08-17 23:59:59.999,321139481.2219,631506,17904583.6,155221363.8419,0,2022-08-17,54.12470537818727,8.68425,0.4998141628312542,-0.6267329405504634,-0.05187450447389286,-0.05326840624152609
2022-08-18,8.371,8.596,7.915,8.074,29185584.7,2022-08-18 23:59:59.999,244306615.8127,467107,14149714.6,118509063.016,0,2022-08-18,49.86633765165536,8.67905,0.5058627310149119,-1.19607546257873,-0.03547963206307492,-0.036124329247170274
2022-08-19,8.074,8.086,7.215,7.298,50356803.9,2022-08-19 23:59:59.999,380444398.0535,736004,24447033.0,184778690.8635,0,2022-08-19,34.754364596021105,8.63355,0.5851698336455915,-2.2823288611437142,-0.09611097349516962,-0.1010486844164931
2022-08-20,7.298,7.513,7.023,7.218,33336678.2,2022-08-20 23:59:59.999,243805717.4679,504713,16448273.2,120329061.1098,0,2022-08-20,36.28656210258584,8.563649999999999,0.6653770023538804,-2.0223873010932767,-0.01096190737188274,-0.011022431793659106
2022-08-21,7.218,7.529,7.16,7.427,24608517.5,2022-08-21 23:59:59.999,181156555.6084,374645,12605111.0,92786066.2315,0,2022-08-21,37.28353849363655,8.52635,0.7079750423034636,-1.5528089753321843,0.028955389304516466,0.02854410246656254
2022-08-22,7.428,7.437,6.983,7.398,31436369.1,2022-08-22 23:59:59.999,226896297.7667,488875,16082381.9,116097029.1457,0,2022-08-22,27.82401902497027,8.50025,0.7403851682514275,-1.4887521350585544,-0.0039046721421839292,-0.003912315276897147
2022-08-23,7.398,7.71,7.177,7.634,31722825.5,2022-08-23 23:59:59.999,238792946.9563,472869,16001597.5,120470517.2608,0,2022-08-23,34.52000982077094,8.48265,0.7572448171867321,-1.1207075713675398,0.03190051365233848,0.03140226091277576
2022-08-24,7.634,7.769,7.407,7.559,24606061.2,2022-08-24 23:59:59.999,186611180.5972,397589,12281045.4,93173298.9696,0,2022-08-24,22.168606301447653,8.45625,0.7806079193055123,-1.1494246699396309,-0.009824469478648123,-0.009873048012998311
2022-08-25,7.558,7.756,7.445,7.574,20765056.4,2022-08-25 23:59:59.999,158055574.6256,345722,10432355.6,79425798.6658,0,2022-08-25,24.82070470845028,8.39495,0.8000879211544277,-1.026074732906192,0.001984389469506409,0.0019824231695632927
2022-08-26,7.575,7.677,6.853,6.917,37752028.9,2022-08-26 23:59:59.999,275750233.6658,570448,18297810.6,133724738.498,0,2022-08-26,14.349525404801781,8.3152,0.8646906109296204,-1.6169945438598088,-0.08674412463691572,-0.09073917986115537
2022-08-27,6.917,7.097,6.785,7.037,23950032.6,2022-08-27 23:59:59.999,167181102.8789,365985,12003185.8,83797308.0449,0,2022-08-27,17.970521541950106,8.234750000000002,0.9061494517714087,-1.3218018260216906,0.017348561515107663,0.01719979336596416
2022-08-28,7.036,7.147,6.803,6.854,22307625.2,2022-08-28 23:59:59.999,156822826.6951,352966,10768269.0,75729202.5295,0,2022-08-28,18.852215283972654,8.1143,0.9222409263929018,-1.366562645326667,-0.02600540002842122,-0.0263495195319948
2022-08-29,6.854,7.306,6.769,7.266,28593098.7,2022-08-29 23:59:59.999,201671375.9985,426873,14456852.3,101986546.9318,0,2022-08-29,29.047486809219663,8.03285,0.9215969135423983,-0.8320882901532425,0.0601108841552378,0.05837351034659309
2022-08-30,7.266,7.376,6.872,7.003,25902084.1,2022-08-30 23:59:59.999,184622638.8154,421092,12535585.9,89332587.2126,0,2022-08-30,26.036745406824153,7.907000000000001,0.8786858608760578,-1.0288090889486996,-0.03619598128268642,-0.036867305125629454
2022-08-31,7.003,7.286,6.974,7.024,24609125.0,2022-08-31 23:59:59.999,175629596.7197,394615,12138757.5,86650437.7043,0,2022-08-31,30.03261191817373,7.79875,0.8451562219329117,-0.9166944286680049,0.002998714836498717,0.0029942276594349332
2022-09-01,7.025,7.199,6.851,7.177,22952718.3,2022-09-01 23:59:59.999,160972317.6042,359312,11333461.1,79495844.4719,0,2022-09-01,36.11025085165686,7.684049999999999,0.757368121226959,-0.6694894936673113,0.021782460136674286,0.021548612115119332
2022-09-02,7.178,7.564,7.115,7.293,29535478.7,2022-09-02 23:59:59.999,216717127.4874,425201,14755262.1,108319927.6672,0,2022-09-02,49.902685869988325,7.58385,0.6589079701719432,-0.44141217463813953,0.016162742092796556,0.01603351555416128
2022-09-03,7.294,7.304,7.161,7.282,15320618.3,2022-09-03 23:59:59.999,111066299.3239,248719,7542276.9,54681113.1383,0,2022-09-03,51.28,7.500500000000001,0.5775432998105904,-0.3783266121720385,-0.0015082956259426794,-0.001509434248854292
2022-09-04,7.282,7.421,7.136,7.369,20963795.5,2022-09-04 23:59:59.999,152526356.7152,303255,10397928.6,75689342.6256,0,2022-09-04,48.78048780487806,7.430200000000001,0.49373278517443153,-0.12395368879216684,0.011947267234276193,0.011876462031620445
2022-09-05,7.369,7.635,7.249,7.365,37007105.8,2022-09-05 23:59:59.999,275901956.9303,486655,18337324.7,136728858.9649,0,2022-09-05,49.29876753081174,7.356999999999999,0.36793263113080077,0.021743110893463754,-0.0005428144931468593,-0.0005429618702685493
2022-09-06,7.364,7.689,6.8,6.872,46131916.2,2022-09-06 23:59:59.999,338260382.0524,625370,23093995.2,169546837.1466,0,2022-09-06,35.40229885057471,7.282050000000001,0.2961856592325835,-1.3844356984144328,-0.06693822131704008,-0.06928386523263938
2022-09-07,6.872,7.294,6.736,7.195,30614772.8,2022-09-07 23:59:59.999,215510828.4961,422776,15130522.8,106505357.8961,0,2022-09-07,43.63191042687194,7.2381,0.23039483272322744,-0.187070167722797,0.04700232828870776,0.045931155657376856
2022-09-08,7.195,7.445,7.023,7.383,32005312.3,2022-09-08 23:59:59.999,231061545.3468,426176,15872170.9,114643159.751,0,2022-09-08,46.84922467832399,7.24235,0.2323337605988102,0.6053790875570247,0.026129256428075065,0.025793719737697375
2022-09-09,7.383,7.944,7.352,7.751,32187833.0,2022-09-09 23:59:59.999,248216563.903,502348,16398985.6,126415202.0928,0,2022-09-09,65.20787746170679,7.269000000000001,0.2584903540871342,1.8646730617944933,0.049844236760124616,0.048641807222345866
2022-09-10,7.751,7.873,7.576,7.766,22892975.5,2022-09-10 23:59:59.999,176716347.1185,355292,11251529.7,86854434.3554,0,2022-09-10,63.82252559726963,7.28595,0.27964516519913385,1.7166397268415465,0.0019352341633336323,0.0019333640101010746
2022-09-11,7.767,7.9,7.533,7.694,18798782.2,2022-09-11 23:59:59.999,145181288.0022,335203,9044586.6,69875553.6434,0,2022-09-11,66.6270783847981,7.300749999999999,0.293382788391744,1.3403990130290389,-0.009271182075714646,-0.009314426979372181
2022-09-12,7.695,8.046,7.558,7.654,33770668.9,2022-09-12 23:59:59.999,262807503.6254,567150,16554165.9,128912434.6757,0,2022-09-12,59.006499535747444,7.30175,0.29460997856807786,1.1956485714166079,-0.0051988562516246395,-0.005212417326592857
2022-09-13,7.655,7.959,7.025,7.062,35863203.6,2022-09-13 23:59:59.999,267394527.2101,558263,17433730.2,130045840.0571,0,2022-09-13,51.18807893677004,7.2769,0.29272385046281524,-0.7341390175765636,-0.07734517899137705,-0.08050008949731585
2022-09-14,7.062,7.303,7.009,7.203,24433276.9,2022-09-14 23:59:59.999,175081245.8041,362522,11983653.5,85886895.3523,0,2022-09-14,53.43834037648867,7.25835,0.28454659686538225,-0.19451998586433852,0.019966015293118033,0.01976930840103113
2022-09-15,7.201,7.236,6.864,6.924,30645989.6,2022-09-15 23:59:59.999,215505521.9381,452098,14465876.3,101754296.9085,0,2022-09-15,45.36460241846832,7.2587,0.28410859672850236,-1.178070652750586,-0.03873386089129527,-0.039503968593263016
2022-09-16,6.925,6.968,6.681,6.897,25536695.8,2022-09-16 23:59:59.999,174647746.9058,373737,12488876.7,85417035.5658,0,2022-09-16,42.50000000000001,7.2517,0.2914873112671892,-1.2168625744222081,-0.0038994800693240572,-0.003907102864808599
2022-09-17,6.896,7.158,6.896,7.053,16381526.8,2022-09-17 23:59:59.999,115144445.2579,255988,8152278.7,57303737.9869,0,2022-09-17,45.88868940754039,7.26165,0.2803821217708489,-0.7441629968494432,0.022618529795563225,0.0223665237768879
2022-09-18,7.054,7.06,6.272,6.442,29661727.3,2022-09-18 23:59:59.999,200198177.5772,394219,13381718.3,90348227.9549,0,2022-09-18,35.992747053490476,7.220450000000001,0.3349412320774542,-2.324139059176766,-0.08662980292074296,-0.09061400731703508
2022-09-19,6.441,6.551,6.098,6.381,35150291.8,2022-09-19 23:59:59.999,221594079.6711,474115,16880546.0,106430107.3447,0,2022-09-19,35.383244206773625,7.18935,0.3817945541480919,-2.117238161774445,-0.009469108972368856,-0.00951422602279728
2022-09-20,6.38,6.412,6.161,6.282,31718909.6,2022-09-20 23:59:59.999,199486430.8308,389111,15696078.7,98712931.1989,0,2022-09-20,40.07402422611036,7.1522499999999996,0.43152055204856254,-2.016705799685905,-0.015514809590973178,-0.015636423769755003
2022-09-21,6.281,6.579,5.96,6.12,47102527.7,2022-09-21 23:59:59.999,295397973.7872,579800,22859523.5,143435201.6597,0,2022-09-21,30.87869085734613,7.0994,0.4892020785753047,-2.0020356472161582,-0.025787965616045794,-0.026126304592220036
2022-09-22,6.119,6.519,6.075,6.441,31184846.6,2022-09-22 23:59:59.999,198024497.7186,384239,15551232.4,98734910.845,0,2022-09-22,34.00135869565216,7.0568,0.5081840321423938,-1.2117657404620146,0.0524509803921569,0.05112171104051899
2022-09-23,6.442,6.65,6.184,6.429,38822017.2,2022-09-23 23:59:59.999,248043620.2099,487834,19016574.5,121576673.9909,0,2022-09-23,24.45904173106645,7.014149999999999,0.5238424105118017,-1.1170344138961537,-0.0018630647414996648,-0.0018648024052039082
2022-09-24,6.427,6.506,6.228,6.266,20825560.9,2022-09-24 23:59:59.999,133327602.6872,277811,10233108.2,65550499.5975,0,2022-09-24,22.587719298245602,6.958999999999999,0.5422558145554854,-1.2779945947985563,-0.025353865297869094,-0.025680812629549733
2022-09-25,6.266,6.368,6.079,6.196,21562763.7,2022-09-25 23:59:59.999,134747691.4036,280268,10362163.4,64774335.1378,0,2022-09-25,22.604242867593257,6.900550000000001,0.5589365348572031,-1.2605187817611516,-0.01117140121289506,-0.011234269975377863
2022-09-26,6.197,6.577,6.15,6.553,46350978.1,2022-09-26 23:59:59.999,296155768.4474,518539,23537287.8,150469761.3433,0,2022-09-26,31.956735496558494,6.884600000000001,0.5643197488530284,-0.5876101282543681,0.057617817947062555,0.056019037502737554
2022-09-27,6.552,6.799,6.233,6.366,43437219.6,2022-09-27 23:59:59.999,285296824.6043,537790,21478346.0,141267771.4206,0,2022-09-27,36.84807256235826,6.84315,0.5707296599398146,-0.836035050377997,-0.028536548145887464,-0.02895163119745882
2022-09-28,6.366,6.468,6.165,6.386,32928235.1,2022-09-28 23:59:59.999,208482632.9025,405967,16145794.1,102268029.2693,0,2022-09-28,33.821782178217816,6.7932999999999995,0.5646033633382895,-0.721391381007343,0.003141690229343519,0.003136765432689322
2022-09-29,6.386,6.49,6.254,6.429,27374548.9,2022-09-29 23:59:59.999,174771879.0886,358388,13537888.3,86482308.3975,0,2022-09-29,39.18741808650066,6.727199999999999,0.5223884015782045,-0.5708396264141719,0.006733479486376481,0.006710910866959415
2022-09-30,6.429,6.565,6.212,6.315,32732734.5,2022-09-30 23:59:59.999,209544065.1848,434083,15753713.5,100887134.8521,0,2022-09-30,37.75252525252525,6.654649999999999,0.46850470704623703,-0.7249660353283892,-0.017732151189920664,-0.01789124935709522
2022-10-01,6.315,6.33,6.208,6.267,15553756.6,2022-10-01 23:59:59.999,97732597.5239,202702,7669882.6,48196083.4333,0,2022-10-01,32.671957671957685,6.5832999999999995,0.40643794114004783,-0.7782245897437279,-0.0076009501187648265,-0.007629984559915987
2022-10-02,6.267,6.324,6.118,6.153,21893328.5,2022-10-02 23:59:59.999,136656636.1477,269841,10336667.8,64557093.3542,0,2022-10-02,41.84076792772444,6.508249999999999,0.329653226888737,-1.0776475733389443,-0.01819052178075642,-0.018358003484185252
2022-10-03,6.152,6.4,6.078,6.364,24646655.7,2022-10-03 23:59:59.999,154530392.0792,310585,12153389.2,76214686.4088,0,2022-10-03,49.5575221238938,6.473350000000001,0.30388385506073917,-0.35984142684429377,0.03429221517958725,0.03371734271718724
2022-10-04,6.364,6.53,6.34,6.489,19531280.2,2022-10-04 23:59:59.999,125771879.7002,261328,9889527.6,63695107.1074,0,2022-10-04,55.31587057010785,6.43765,0.25099051669702105,0.20458940312070242,0.019641734758013785,0.01945132516349093
2022-10-05,6.489,6.502,6.264,6.43,23916299.2,2022-10-05 23:59:59.999,152463909.0912,303829,11624916.5,74115390.2574,0,2022-10-05,58.40563991323208,6.41295,0.2234006254956245,0.07632028765440177,-0.009092310063183895,-0.009133897389503433
2022-10-06,6.431,6.519,6.308,6.339,23531427.3,2022-10-06 23:59:59.999,151129211.5509,298441,11479120.4,73720468.6633,0,2022-10-06,46.84014869888478,6.38505,0.19246940289506315,-0.239258808451265,-0.014152410575427599,-0.014253510947498596
2022-10-07,6.339,6.392,6.25,6.325,16693061.5,2022-10-07 23:59:59.999,105523080.2737,222601,7960666.5,50335931.1285,0,2022-10-07,46.78217821782179,6.34865,0.11116477811287837,-0.21274724244027535,-0.0022085502445180483,-0.002210992688445392
2022-10-08,6.325,6.393,6.263,6.307,12105045.7,2022-10-08 23:59:59.999,76734321.9692,172099,5892863.9,37360093.8532,0,2022-10-08,51.39360978925902,6.3419,0.1092808549623683,-0.3193606054053802,-0.0028458498023714585,-0.002849906932069681
2022-10-09,6.307,6.492,6.277,6.476,19517885.5,2022-10-09 23:59:59.999,125122768.3873,241005,9999311.6,64090745.6725,0,2022-10-09,58.9171974522293,6.3466499999999995,0.11306880764077434,1.1439936680941432,0.02679562390994117,0.026442908133874368
2022-10-10,6.475,6.544,6.23,6.249,27336408.4,2022-10-10 23:59:59.999,174161267.5304,321654,13018980.4,82955961.4966,0,2022-10-10,39.44444444444444,6.345000000000001,0.11429601456532451,-0.839924299767542,-0.03505250154416306,-0.03568158486844406
2022-10-11,6.248,6.249,6.116,6.176,24856495.7,2022-10-11 23:59:59.999,153818643.8079,302779,11903873.0,73665937.0371,0,2022-10-11,42.835595776772266,6.347799999999999,0.10905990627193543,-1.5752810163950128,-0.011681869099055775,-0.011750638224469511
2022-10-12,6.175,6.243,6.117,6.168,17683483.5,2022-10-12 23:59:59.999,109357807.1327,220123,8519764.2,52695172.8606,0,2022-10-12,41.70471841704718,6.33415,0.1137639638542544,-1.4604800533573052,-0.0012953367875647714,-0.0012961764614466856
2022-10-13,6.169,6.178,5.575,6.104,53918742.2,2022-10-13 23:59:59.999,320557624.7509,564617,25912199.7,154095482.549,0,2022-10-13,37.827715355805246,6.3179,0.12238717682330372,-1.747732119916595,-0.01037613488975353,-0.010430342278872446
2022-10-14,6.104,6.269,6.009,6.037,25305811.6,2022-10-14 23:59:59.999,155856848.4143,293676,12291134.8,75719270.9264,0,2022-10-14,39.208074534161476,6.30645,0.13730161764769105,-1.9624677743520467,-0.010976408912188762,-0.01103709416786681
2022-10-15,6.036,6.097,6.014,6.047,11920444.3,2022-10-15 23:59:59.999,72233187.727,164261,5929035.2,35925843.6149,0,2022-10-15,41.199999999999974,6.299,0.14728918922074333,-1.7109198667821202,0.0016564518800727956,0.0016550814767866506
2022-10-16,6.046,6.245,6.042,6.177,15373705.5,2022-10-16 23:59:59.999,94604341.325,198803,7661311.3,47145708.1548,0,2022-10-16,50.9478672985782,6.2802,0.1367839633499629,-0.7544744096642537,0.021498263601785972,0.021270435422686206
2022-10-17,6.177,6.297,6.121,6.25,18650452.3,2022-10-17 23:59:59.999,115769338.598,239803,9428261.0,58530766.4991,0,2022-10-17,44.9468085106383,6.2744,0.135406755635858,-0.18019780390882098,0.011818034644649478,0.011748747034548014
2022-10-18,6.249,6.296,6.063,6.153,20837723.3,2022-10-18 23:59:59.999,128604530.9255,253498,10083114.3,62228857.917,0,2022-10-18,34.727272727272705,6.2627500000000005,0.13532295677276301,-0.8110227755686367,-0.01552000000000009,-0.01564169598995697
2022-10-19,6.152,6.251,6.057,6.096,22616659.1,2022-10-19 23:59:59.999,139098682.1489,271636,10701474.1,65835469.4948,0,2022-10-19,34.79052823315119,6.2461,0.1342730525076503,-1.1178713613548636,-0.009263773768893091,-0.009306949374007967
2022-10-20,6.095,6.15,5.809,5.878,33217079.1,2022-10-20 23:59:59.999,199494871.0485,355542,15175269.7,91223297.3492,0,2022-10-20,31.18367346938774,6.22425,0.15623156732786447,-2.2162614503723574,-0.03576115485564302,-0.03641625038761951
2022-10-21,5.878,5.896,5.717,5.832,42103984.3,2022-10-21 23:59:59.999,245251719.9734,399777,20746625.8,120862673.981,0,2022-10-21,30.38981702466188,6.2025,0.1786394486940662,-2.074009983284877,-0.007825791085403266,-0.007856573290368655
2022-10-22,5.832,5.869,5.763,5.841,17213825.0,2022-10-22 23:59:59.999,100192477.8498,195315,8157612.1,47487239.7778,0,2022-10-22,31.330128205128204,6.1869,0.19597177562150472,-1.7650500889886438,0.0015432098765433278,0.0015420203518154184
2022-10-23,5.842,5.974,5.743,5.959,21966807.1,2022-10-23 23:59:59.999,128715604.3326,224276,10601336.8,62144378.9347,0,2022-10-23,28.404344193817863,6.16665,0.1976262487845817,-1.0507207482663123,0.02020202020202011,0.020000666706669435
2022-10-24,5.958,5.987,5.799,5.91,28418122.3,2022-10-24 23:59:59.999,166957114.7678,271815,14211307.1,83509329.6743,0,2022-10-24,33.36604514229637,6.1377,0.1901888535065542,-1.1972310458885682,-0.008222856183923377,-0.008256850346834918
2022-10-25,5.911,6.624,5.891,6.432,63142927.7,2022-10-25 23:59:59.999,396719235.8389,544624,32169899.7,202249289.8699,0,2022-10-25,58.71934604904633,6.1378,0.19035108836106723,1.5455651056848547,0.08832487309644677,0.08463970045865847
2022-10-26,6.432,6.607,6.406,6.461,37614523.9,2022-10-26 23:59:59.999,244327219.787,395100,19043819.7,123703618.4453,0,2022-10-26,59.83881799865682,6.1439,0.1989009010014548,1.5942612547425343,0.004508706467661661,0.0044985726993631335
2022-10-27,6.461,6.64,6.273,6.326,36322673.8,2022-10-27 23:59:59.999,234463371.7187,386819,17892076.2,115539567.392,0,2022-10-27,57.11538461538459,6.14395,0.19894894213613012,0.9150588992598528,-0.02089459835938723,-0.02111597969257145
2022-10-28,6.326,6.581,6.259,6.512,27745805.5,2022-10-28 23:59:59.999,178141488.1119,309796,14194323.6,91177322.0732,0,2022-10-28,64.14532459797498,6.1542,0.21260380745769072,1.6829425788679881,0.02940246601327856,0.028978503816782103
2022-10-29,6.512,6.772,6.485,6.631,28910229.3,2022-10-29 23:59:59.999,191282654.2387,356279,14455033.0,95663416.0036,0,2022-10-29,66.331096196868,6.16195,0.22727087362470988,2.0638368327590353,0.018273955773955963,0.018108993686491583
2022-10-30,6.631,6.739,6.512,6.648,19330802.8,2022-10-30 23:59:59.999,127696572.7428,273610,9334237.3,61668172.9087,0,2022-10-30,64.0597014925373,6.181900000000001,0.2515317077390839,1.8530466961385592,0.0025637158799576287,0.0025604351664163514
2022-10-31,6.648,6.831,6.556,6.617,33886496.9,2022-10-31 23:59:59.999,226557639.1972,416712,16647090.3,111338075.2823,0,2022-10-31,61.2369871402327,6.203950000000001,0.2696634305715456,1.5317241908721142,-0.00466305655836341,-0.004673962523224633
2022-11-01,6.618,6.712,6.443,6.45,20367511.9,2022-11-01 23:59:59.999,134020983.5332,277920,9934184.9,65399218.4532,0,2022-11-01,58.71990604815034,6.21805,0.2750043970906548,0.8434410593207292,-0.025238023273386756,-0.025561964222241332
2022-11-02,6.45,6.523,6.152,6.251,36804100.1,2022-11-02 23:59:59.999,233984069.6481,432494,17621650.1,112062852.8773,0,2022-11-02,54.20054200542006,6.2254,0.2737573647136902,0.0935134659364308,-0.030852713178294522,-0.031338679858005765
2022-11-03,6.251,6.529,6.222,6.416,27450757.6,2022-11-03 23:59:59.999,176463499.9301,330793,13566280.8,87218435.2279,0,2022-11-03,65.01116071428572,6.24435,0.27314643749083173,0.6284174949408301,0.026395776675731897,0.026053419614538085
2022-11-04,6.416,7.093,6.38,7.052,48664647.6,2022-11-04 23:59:59.999,329206485.6784,582751,24426174.7,165214286.7557,0,2022-11-04,75.60873215785055,6.2946,0.3228508536187516,2.3459749029946777,0.09912718204488757,0.09451639397141023
2022-11-05,7.052,7.246,6.934,7.022,28075336.4,2022-11-05 23:59:59.999,198832749.1264,407384,13800723.5,97764963.1346,0,2022-11-05,74.57344985434875,6.33685,0.35982455885617803,1.9041223928071425,-0.0042541123085648724,-0.00426318678938322
2022-11-06,7.023,7.144,6.777,6.809,22452557.8,2022-11-06 23:59:59.999,157551338.9887,343091,10920818.2,76652767.6683,0,2022-11-06,67.01361088871099,6.364800000000001,0.3741488023687091,1.1872281754954213,-0.03033323839362001,-0.030802811245410865
2022-11-07,6.808,7.413,6.65,7.119,48275782.6,2022-11-07 23:59:59.999,340546098.8389,600354,25049741.4,176852731.952,0,2022-11-07,71.91011235955057,6.4131,0.40633534245062697,1.7372350525619669,0.045527977676604436,0.044521999620906555
2022-11-08,7.119,7.199,5.8,6.295,93470632.0,2022-11-08 23:59:59.999,610798005.6848,1268845,45697652.1,298699014.0927,0,2022-11-08,47.762169225743214,6.423049999999999,0.4005571744434907,-0.31967970659345657,-0.11574659362269979,-0.12301159862542568
2022-11-09,6.293,6.37,5.33,5.412,82232976.5,2022-11-09 23:59:59.999,492451459.666,1338728,40461684.9,242656197.1151,0,2022-11-09,36.60280970625798,6.399749999999999,0.44501683882776505,-2.219578932343026,-0.1402700555996823,-0.1511369571877689
2022-11-10,5.411,6.171,5.31,5.967,61280796.8,2022-11-10 23:59:59.999,355085147.5168,1012898,30975907.6,179379822.3981,0,2022-11-10,45.85928489042676,6.406499999999999,0.43690183167900304,-1.005946801163575,0.10254988913525498,0.09762557823140322
2022-11-11,5.967,6.0,5.5,5.746,38105856.4,2022-11-11 23:59:59.999,218090023.7163,654803,18706597.4,107071384.8865,0,2022-11-11,41.23569794050343,6.40175,0.4438349473897562,-1.4774636469177105,-0.03703703703703687,-0.03774032798284686
2022-11-12,5.747,5.874,5.548,5.776,23156708.1,2022-11-12 23:59:59.999,132907324.1233,421715,11574993.4,66463997.8612,0,2022-11-12,40.01401541695864,6.3926,0.4551842195005906,-1.3546163807622948,0.005221023320570728,0.005207441033427193
2022-11-13,5.777,5.969,5.615,5.747,26664593.1,2022-11-13 23:59:59.999,154411628.4071,496171,13373331.6,77467539.4145,0,2022-11-13,39.50617283950616,6.38445,0.4656195052640744,-1.3690362899176074,-0.005020775623268636,-0.005033422064920569
2022-11-14,5.747,5.896,5.435,5.864,29146442.3,2022-11-14 23:59:59.999,166435615.6543,548008,14681154.0,83872607.1837,0,2022-11-14,41.402146608814796,6.356050000000001,0.4796766975877353,-1.0257950875547843,0.020358447885853392,0.0201539850587458
2022-11-15,5.864,6.048,5.795,5.919,19000172.6,2022-11-15 23:59:59.999,112731406.4908,341919,9647644.5,57245035.6716,0,2022-11-15,43.777829857042406,6.328950000000001,0.488661703558263,-0.8389239365697969,0.009379263301500629,0.009335551124237564
2022-11-16,5.919,5.99,5.607,5.701,19456687.8,2022-11-16 23:59:59.999,112502260.3694,343616,9511581.6,55014504.9196,0,2022-11-16,43.58376108259448,6.2977,0.5084442835472048,-1.1735799168338994,-0.03683054570028721,-0.03752591765914317
2022-11-17,5.702,5.725,5.549,5.666,17581060.5,2022-11-17 23:59:59.999,99440392.2116,298202,8510515.2,48148421.5981,0,2022-11-17,40.976900866217505,6.2554,0.5246116759322648,-1.1234976784544533,-0.006139273811611834,-0.006158196641119839
2022-11-18,5.667,5.773,5.602,5.638,13996985.5,2022-11-18 23:59:59.999,79677660.9268,227699,6845219.9,38979141.3903,0,2022-11-18,30.073280721533237,6.20575,0.5340971599942567,-1.063008835332705,-0.004941757853865192,-0.0049540087164040335
2022-11-19,5.637,5.653,5.521,5.597,12446269.2,2022-11-19 23:59:59.999,69386250.5988,209846,6016897.4,33549065.6735,0,2022-11-19,29.980331553807233,6.1532,0.5399657493993987,-1.030065333993236,-0.007272082298687366,-0.007298652782698167
2022-11-20,5.597,5.662,5.246,5.288,21527377.0,2022-11-20 23:59:59.999,117469126.9487,312957,10044102.0,54829479.0992,0,2022-11-20,29.192886456908326,6.08675,0.5612413755035193,-1.4231844530054458,-0.055208147221725956,-0.0567906373598374
2022-11-21,5.287,5.293,5.055,5.184,33475131.0,2022-11-21 23:59:59.999,174004568.1438,467583,16362256.1,85070935.9375,0,2022-11-21,21.94839083792401,6.0234499999999995,0.588830909066275,-1.4256214934965588,-0.01966717095310133,-0.01986314349941156
2022-11-22,5.185,5.314,4.957,5.279,34823528.7,2022-11-22 23:59:59.999,179705979.0333,414445,17542604.7,90558496.1674,0,2022-11-22,31.323529411764696,5.97485,0.6088341987578199,-1.142921999814917,0.018325617283950546,0.01815972679150554
2022-11-23,5.28,5.482,5.245,5.43,24016628.6,2022-11-23 23:59:59.999,129094137.2459,327013,11911964.5,64027774.2985,0,2022-11-23,50.452716297786715,5.925549999999999,0.6111482269149476,-0.8108507530186527,0.02860390225421483,0.028202448104364907
2022-11-24,5.431,5.514,5.322,5.382,22165468.1,2022-11-24 23:59:59.999,119937933.2912,292541,10518352.2,56909421.2502,0,2022-11-24,30.249831195138384,5.8420499999999995,0.5611854440643494,-0.8197824887761118,-0.008839779005524906,-0.008879081641130047
2022-11-25,5.383,5.386,5.234,5.262,21128322.6,2022-11-25 23:59:59.999,111854076.1632,283252,9808411.5,51938440.954,0,2022-11-25,32.463768115941974,5.754049999999999,0.501206384109183,-0.9817313098965067,-0.022296544035674493,-0.022548869686613102
2022-11-26,5.263,5.455,5.232,5.296,22565487.3,2022-11-26 23:59:59.999,120707945.0407,297416,10865183.7,58137491.603,0,2022-11-26,32.65895953757227,5.6784,0.4445802751480832,-0.8601371256802335,0.00646142151273299,0.006440636016606285
2022-11-27,5.297,5.432,5.248,5.294,17111278.0,2022-11-27 23:59:59.999,91684310.5437,244090,8052455.5,43152551.833,0,2022-11-27,33.30876934414148,5.587149999999999,0.295695838566385,-0.9913903469905829,-0.0003776435045318438,-0.00037771482979768214
2022-11-28,5.294,5.312,5.046,5.125,35766917.9,2022-11-28 23:59:59.999,184278648.065,464865,17134774.0,88283133.4068,0,2022-11-28,23.775727466288146,5.52865,0.26211393163279373,-1.5399791895285058,-0.03192293162070259,-0.032443578780437556
2022-11-29,5.124,5.352,5.082,5.304,26799582.1,2022-11-29 23:59:59.999,140768582.1043,358309,13980613.8,73454321.5369,0,2022-11-29,29.941291585127217,5.52325,0.26573114132858056,-0.8250820694323282,0.034926829268292714,0.03433072785908954
2022-11-30,5.305,5.505,5.29,5.462,33495555.4,2022-11-30 23:59:59.999,180984847.4609,444799,16881368.5,91235467.8929,0,2022-11-30,41.887304820095046,5.498,0.24449023228406294,-0.14724514621170462,0.02978883861236792,0.02935377016795178
2022-12-01,5.462,5.475,5.311,5.406,21177413.0,2022-12-01 23:59:59.999,114071501.8134,298262,10577313.1,56976553.729,0,2022-12-01,41.29852744310574,5.481,0.23807495502179551,-0.3150268367923623,-0.010252654705236175,-0.0103055751972574
2022-12-02,5.406,5.682,5.362,5.617,41526190.4,2022-12-02 23:59:59.999,230444336.5363,496435,21168243.3,117448555.8086,0,2022-12-02,49.37388193202147,5.47305,0.23023111385643977,0.6252412959690584,0.039030706622271705,0.03828826569603995
2022-12-03,5.618,5.705,5.474,5.491,20943228.5,2022-12-03 23:59:59.999,116819323.2475,270616,9927584.3,55398525.9782,0,2022-12-03,46.99205448354141,5.46025,0.2211355561835973,0.13905497845163023,-0.022431903151148402,-0.022687325253560205
2022-12-04,5.491,5.607,5.484,5.585,15515853.7,2022-12-04 23:59:59.999,86025021.3023,210102,7610330.3,42202415.4502,0,2022-12-04,59.599224305106645,5.446299999999999,0.2023251942013851,0.6855300475428947,0.01711892187215458,0.016974044224428605
2022-12-05,5.585,5.726,5.431,5.481,23417951.9,2022-12-05 23:59:59.999,131092142.7703,311615,10940971.0,61275176.7428,0,2022-12-05,59.599224305106645,5.4244,0.1695102543030665,0.3339031035774668,-0.018621307072515636,-0.018796866457184647
2022-12-06,5.482,5.511,5.415,5.497,16104517.9,2022-12-06 23:59:59.999,88115180.4659,217556,7646342.3,41843684.2609,0,2022-12-06,57.425068119891,5.4142,0.15771780261358637,0.5249882931913679,0.002919175332968482,0.002914922814543997
2022-12-07,5.497,5.518,5.23,5.29,26220788.0,2022-12-07 23:59:59.999,139678529.2655,308516,12816148.4,68285459.4412,0,2022-12-07,45.40682414698164,5.3953999999999995,0.14824886614705968,-0.7109666518153668,-0.03765690376569031,-0.03838424300831522
2022-12-08,5.29,5.455,5.244,5.426,23055776.5,2022-12-08 23:59:59.999,122984451.7405,263635,11647444.7,62143249.0276,0,2022-12-08,51.36476426799009,5.3848,0.13715362112453502,0.3003930896041778,0.02570888468809085,0.025383968366532096
2022-12-09,5.426,5.436,5.255,5.295,19378497.6,2022-12-09 23:59:59.999,103643950.8582,221005,9461104.6,50613807.4378,0,2022-12-09,51.016635859519425,5.3697,0.1289402554355398,-0.5793380798546985,-0.024143015112421673,-0.02443923518337022
2022-12-10,5.295,5.321,5.253,5.272,10134710.5,2022-12-10 23:59:59.999,53566060.5962,135859,4903510.2,25918814.0262,0,2022-12-10,49.25558312655087,5.3689,0.12952215822700844,-0.7481345379542464,-0.004343720491029268,-0.004353181853163681
2022-12-11,5.273,5.319,5.11,5.158,17285094.5,2022-12-11 23:59:59.999,90410550.9982,189265,8354836.7,43729919.1302,0,2022-12-11,46.05568445475641,5.3676,0.13158963324306855,-1.5928306420068288,-0.021623672230652535,-0.021860889741053092
2022-12-12,5.157,5.203,5.005,5.174,25867072.1,2022-12-12 23:59:59.999,132532768.4531,266949,12916991.4,66198427.7757,0,2022-12-12,51.55951623169957,5.36235,0.13728198984185708,-1.3719935165346224,0.003101977510663101,0.0030971763046844067
2022-12-13,5.173,5.345,4.983,5.284,31833785.1,2022-12-13 23:59:59.999,164845596.8978,325392,15262833.0,79094679.0465,0,2022-12-13,49.33422103861516,5.35505,0.13737711254327933,-0.5171894989248437,0.02126014688828759,0.021037302896241495
2022-12-14,5.284,5.357,5.132,5.213,37262264.8,2022-12-14 23:59:59.999,196559468.9004,340074,18032584.9,95142391.9004,0,2022-12-14,41.201413427561846,5.3466000000000005,0.14078740971741371,-0.9489484909777104,-0.013436790310370927,-0.013527880874110013
2022-12-15,5.213,5.254,5.112,5.227,23403227.7,2022-12-15 23:59:59.999,121504716.8467,243758,11482647.5,59619420.2796,0,2022-12-15,43.481427530954136,5.34485,0.14210569638640505,-0.8293122865359973,0.00268559370803767,0.002681993944815991
2022-12-16,5.228,5.249,4.501,4.648,40579675.3,2022-12-16 23:59:59.999,201829445.4533,468138,18338268.1,91354538.9283,0,2022-12-16,22.171165996553697,5.31245,0.21100074207450029,-3.149041057710574,-0.11077099674765656,-0.11740048018117487
2022-12-17,4.648,4.719,4.579,4.705,18303440.7,2022-12-17 23:59:59.999,85412505.851,243931,8662861.4,40429576.6355,0,2022-12-17,26.4952153110048,5.2829999999999995,0.25102044370128157,-2.302601300027295,0.01226333907056798,0.012188753487732847
2022-12-18,4.705,4.712,4.613,4.653,12321167.9,2022-12-18 23:59:59.999,57469514.6472,145486,5998388.8,27980822.3401,0,2022-12-18,21.41104294478528,5.2594,0.28635741376668594,-2.117633317131696,-0.01105207226354954,-0.011113600174831621
2022-12-19,4.653,4.702,4.403,4.478,27823523.4,2022-12-19 23:59:59.999,127087137.2849,277010,13200839.9,60312517.5257,0,2022-12-19,20.517342739564967,5.2181,0.3350171873017322,-2.209140390559817,-0.03761014399312268,-0.03833565468594834
2022-12-20,4.478,4.652,4.456,4.602,20009063.2,2022-12-20 23:59:59.999,91669332.7217,201724,10157838.9,46540581.9337,0,2022-12-20,25.26257600884469,5.1751,0.3565629640982208,-1.6072897572225981,0.02769093345243423,0.027314473436611156
2022-12-21,4.603,4.615,4.439,4.484,19699451.8,2022-12-21 23:59:59.999,88619911.4438,201842,9294693.2,41813717.4005,0,2022-12-21,26.569767441860478,5.129,0.3837080853134682,-1.6809653606154022,-0.02564102564102566,-0.025975486403260677
2022-12-22,4.483,4.535,4.365,4.53,23691441.4,2022-12-22 23:59:59.999,105255289.7743,234174,11590054.5,51523903.0724,0,2022-12-22,22.515337423312914,5.07465,0.3879083281533337,-1.4040688494440077,0.010258697591436272,0.010206434285029228
2022-12-23,4.529,4.545,4.451,4.471,18650128.2,2022-12-23 23:59:59.999,83901119.9871,171745,8870300.1,39916916.1768,0,2022-12-23,23.55584082156615,5.02365,0.39722793072170626,-1.3912667193263928,-0.013024282560706424,-0.013109842243099095
2022-12-24,4.472,4.489,4.427,4.448,9981106.9,2022-12-24 23:59:59.999,44483652.4653,98873,4896099.0,21825568.3709,0,2022-12-24,23.55584082156615,4.966800000000001,0.39400983156070907,-1.3167184126979428,-0.005144263028405205,-0.005157540303562253
2022-12-25,4.449,4.496,4.392,4.489,16919733.2,2022-12-25 23:59:59.999,75067537.9997,135522,8182761.8,36313584.4388,0,2022-12-25,27.474747474747474,4.917199999999999,0.38827006336226577,-1.1028406266812234,0.009217625899280435,0.009175402851513676
2022-12-26,4.489,4.576,4.463,4.57,16218142.0,2022-12-26 23:59:59.999,73047823.0436,146069,7927295.2,35716863.9509,0,2022-12-26,30.51612903225808,4.87085,0.37032933777804444,-0.812385002509072,0.018044107819113586,0.01788324510631846
2022-12-27,4.57,4.583,4.449,4.476,19253026.1,2022-12-27 23:59:59.999,86768828.3729,168547,9390151.3,42324815.6474,0,2022-12-27,23.663624511082176,4.830150000000001,0.366550244273575,-0.9661704105581786,-0.020568927789934466,-0.020783414456434644
2022-12-28,4.476,4.482,4.233,4.284,32350652.6,2022-12-28 23:59:59.999,140524744.0832,257009,15927070.4,69195655.429,0,2022-12-28,21.933534743202472,4.77305,0.35768678962431827,-1.3672576516277088,-0.04289544235924936,-0.04384263786417649
2022-12-29,4.283,4.352,4.216,4.305,20305692.1,2022-12-29 23:59:59.999,87262348.898,169629,9956428.6,42788912.3878,0,2022-12-29,22.262334536702795,4.72355,0.3500744995871912,-1.1956026517028686,0.004901960784313708,0.00488998529419177
2022-12-30,4.305,4.34,4.222,4.321,18181896.4,2022-12-30 23:59:59.999,77871277.083,142836,9014226.8,38616501.7017,0,2022-12-30,35.12283894449503,4.676,0.33596052399392473,-1.0566717654197373,0.003716608594657389,0.003709719070102007
2022-12-31,4.322,4.391,4.296,4.306,12200124.4,2022-12-31 23:59:59.999,52934336.7645,102422,5918334.9,25686109.3077,0,2022-12-31,31.12582781456956,4.6334,0.32547946818284257,-1.0059006235566246,-0.003471418653089531,-0.0034774580076247963
2023-01-01,4.307,4.384,4.273,4.367,11034451.3,2023-01-01 23:59:59.999,47735019.2226,100074,5789590.9,25045088.6698,0,2023-01-01,36.58536585365856,4.59305,0.30426433711521766,-0.7429395181282784,0.014166279609846733,0.014066875561252624
2023-01-02,4.367,4.539,4.312,4.49,26848963.6,2023-01-02 23:59:59.999,119611106.3383,210327,13717284.5,61102812.2492,0,2023-01-02,50.59171597633138,4.55335,0.2575843806521471,-0.2459388253263319,0.02816578887107868,0.02777642725073915
2023-01-03,4.49,4.544,4.46,4.522,18611908.7,2023-01-03 23:59:59.999,83892818.411,140589,9177900.5,41380194.9651,0,2023-01-03,45.661605206073745,4.518800000000001,0.20553078908331857,0.01556944346037821,0.007126948775055597,0.0071016721016150955
2023-01-04,4.522,4.687,4.521,4.627,28444421.3,2023-01-04 23:59:59.999,131693224.6529,215709,14421411.2,66747159.6158,0,2023-01-04,57.865786578657854,4.4887999999999995,0.12455715237824942,1.1095308246958064,0.023219814241485892,0.022954336069084265
2023-01-05,4.628,4.647,4.54,4.619,20315579.6,2023-01-05 23:59:59.999,93317472.8101,162760,10161001.0,46670464.3214,0,2023-01-05,55.10907003444315,4.48735,0.12276218986809397,1.0723985955403326,-0.0017289820618111573,-0.0017304784763942527
2023-01-06,4.62,4.706,4.548,4.683,30296860.6,2023-01-06 23:59:59.999,140185842.397,211748,15167903.5,70220997.0083,0,2023-01-06,62.100456621004554,4.48625,0.12079206796086622,1.6288321188750747,0.013855812946525159,0.013760698752936305
2023-01-07,4.683,4.705,4.632,4.663,14014887.0,2023-01-07 23:59:59.999,65365552.4217,113483,6892286.4,32148360.3265,0,2023-01-07,62.31386025200459,4.48675,0.121537031385714,1.4501752921761561,-0.004270766602605058,-0.004279912375220786
2023-01-08,4.662,4.829,4.597,4.824,25051682.5,2023-01-08 23:59:59.999,117902285.0114,194203,13274101.2,62507980.3987,0,2023-01-08,66.86807653575025,4.50405,0.14296281260358074,2.237994581760109,0.03452712845807415,0.03394444159870046
2023-01-09,4.825,5.083,4.797,4.888,54939855.3,2023-01-09 23:59:59.999,271775279.1987,392223,27077710.9,133947721.7659,0,2023-01-09,66.29098360655738,4.51835,0.16576180595614598,2.2300070747165655,0.013266998341625147,0.01317976244440982
2023-01-10,4.889,4.968,4.822,4.917,24859510.3,2023-01-10 23:59:59.999,121953151.556,219127,12034000.6,59037371.5752,0,2023-01-10,74.2041712403952,4.540000000000001,0.187845120968682,2.006972542357665,0.0059328968903435975,0.005915366560508025
2023-01-11,4.918,5.138,4.825,5.129,33157938.0,2023-01-11 23:59:59.999,163709298.7444,268441,16793707.0,82959272.0662,0,2023-01-11,95.38131041890448,4.56995,0.2293366807903845,2.437682441697912,0.043115720968069926,0.042212119977329036
2023-01-12,5.129,5.259,5.006,5.229,47183860.6,2023-01-12 23:59:59.999,242173453.681,382537,23398629.1,120150726.8052,0,2023-01-12,95.74257425742582,4.60785,0.27097664979643526,2.292263929259677,0.019496977968415097,0.01930934679886236
2023-01-13,5.23,5.421,5.158,5.396,36512519.3,2023-01-13 23:59:59.999,192135884.4315,322436,18071801.1,95137264.3758,0,2023-01-13,96.29629629629636,4.65525,0.32001905781762624,2.314705896116168,0.031937272901128244,0.031437883139515815
2023-01-14,5.397,6.579,5.391,6.028,75430554.9,2023-01-14 23:59:59.999,449835416.2445,891149,37717207.8,224879618.9812,0,2023-01-14,98.42519685039372,4.732200000000001,0.4403473031216211,2.942677270450109,0.11712379540400297,0.11075734241873958
2023-01-15,6.027,6.071,5.768,5.933,39761409.2,2023-01-15 23:59:59.999,235482382.9085,406833,19101554.0,113146720.5068,0,2023-01-15,93.21192052980136,4.80035,0.5133446851653778,2.2064122464521247,-0.01575978765759789,-0.015885293487742848
2023-01-16,5.934,6.087,5.6,5.81,39334452.5,2023-01-16 23:59:59.999,229917934.3753,459737,18747304.7,109619229.9495,0,2023-01-16,86.42384105960267,4.86705,0.5540351950611905,1.7019676879838934,-0.02073150176976235,-0.020949416412686335
2023-01-17,5.81,6.215,5.675,5.954,46878926.6,2023-01-17 23:59:59.999,280745081.4322,556823,22923656.3,137275464.2631,0,2023-01-17,87.21413721413722,4.95055,0.5864349450151453,1.7111019875769593,0.024784853700516418,0.024482691729764847
2023-01-18,5.955,6.215,5.562,5.642,57268430.8,2023-01-18 23:59:59.999,336292198.7459,728197,27504773.0,161621364.2811,0,2023-01-18,73.81511027686535,5.0174,0.5851766624822516,1.067369975676267,-0.05240174672489073,-0.05382465001377999
2023-01-19,5.642,5.839,5.638,5.796,21801627.3,2023-01-19 23:59:59.999,125312230.9927,287765,10919315.4,62763504.9238,0,2023-01-19,75.84541062801935,5.09115,0.5857368975538214,1.2033559827690965,0.027295285359801413,0.026929411878631328
2023-01-20,5.796,6.295,5.75,6.245,35015915.7,2023-01-20 23:59:59.999,208297519.9441,424014,18038738.9,107364189.4059,0,2023-01-20,79.33884297520663,5.1881,0.6089503393443175,1.7356095098625095,0.07746721877156659,0.07461311911910505
2023-01-21,6.244,6.465,5.991,6.239,42055648.3,2023-01-21 23:59:59.999,263209409.9468,571522,20400695.1,127751298.0911,0,2023-01-21,79.7583081570997,5.2817,0.6198707929868048,1.544354099000722,-0.0009607686148919159,-0.0009612304488917007
2023-01-22,6.239,6.457,6.08,6.206,31026151.6,2023-01-22 23:59:59.999,194606754.7665,452870,14818825.8,92960224.25,0,2023-01-22,77.42063492063494,5.367500000000001,0.6232708712473758,1.3453219758559833,-0.005289309184164037,-0.00530334710246075
2023-01-23,6.206,6.814,6.197,6.561,56082981.4,2023-01-23 23:59:59.999,365363112.6458,750153,27143737.4,176930216.7019,0,2023-01-23,79.75809320526506,5.46945,0.6441052933686138,1.694676338229251,0.05720270705768593,0.05562646433655185
2023-01-24,6.562,6.708,6.022,6.188,36820666.9,2023-01-24 23:59:59.999,238193944.3949,480144,17583138.7,113813099.0897,0,2023-01-24,70.14263074484946,5.5475,0.6310941626281823,1.014904015801139,-0.05685108977290054,-0.05853109765192087
2023-01-25,6.188,6.559,6.003,6.395,42715842.8,2023-01-25 23:59:59.999,266923515.7631,541563,21166224.1,132324732.6719,0,2023-01-25,70.0952380952381,5.6363,0.6183914702875708,1.226892731310121,0.03345184227537157,0.032904502319986206
2023-01-26,6.396,6.558,6.296,6.469,32204638.0,2023-01-26 23:59:59.999,207190704.7673,418138,15962335.7,102723198.5542,0,2023-01-26,69.84635083226634,5.7256,0.6022270423390402,1.2344181641406313,0.011571540265832736,0.011505102031042417
2023-01-27,6.47,6.619,6.258,6.581,25709851.9,2023-01-27 23:59:59.999,165676205.9498,355603,12709987.8,81925453.281,0,2023-01-27,69.30596285434996,5.8214999999999995,0.5762640567968923,1.3179721883429756,0.01731334054722522,0.017165172412133688
2023-01-28,6.581,6.661,6.314,6.389,22245383.8,2023-01-28 23:59:59.999,143934357.49,310665,10387104.1,67217901.706,0,2023-01-28,56.86572841384559,5.89975,0.5387174706244601,0.9081754846986507,-0.02917489743200119,-0.029608947853775824
2023-01-29,6.389,6.697,6.321,6.611,24053520.2,2023-01-29 23:59:59.999,157687850.552,329816,11986049.2,78584553.7151,0,2023-01-29,62.300435413642965,5.985899999999999,0.5051271752301796,1.237510137353333,0.03474722178744716,0.03415716673123483
2023-01-30,6.612,6.65,6.0,6.186,30034644.0,2023-01-30 23:59:59.999,189477303.6544,404770,14152968.9,89233410.3996,0,2023-01-30,56.14780902550688,6.04935,0.4391912753162551,0.31114006056154175,-0.06428679473604593,-0.06644625408856314
2023-01-31,6.185,6.319,6.139,6.257,20043027.2,2023-01-31 23:59:59.999,124919624.7698,273616,10011292.0,62401159.6216,0,2023-01-31,55.075376884422106,6.1057500000000005,0.3837039531752867,0.3941841066487631,0.011477529906239958,0.011412162753348623
2023-02-01,6.257,6.489,6.018,6.463,31632483.5,2023-02-01 23:59:59.999,196974558.597,431726,15631583.4,97377843.2014,0,2023-02-01,64.25842306356373,6.1674500000000005,0.33087960522829163,0.8932251952974971,0.03292312609876946,0.03239276926453205
2023-02-02,6.464,6.919,6.444,6.541,45285513.7,2023-02-02 23:59:59.999,300843451.9969,571244,22392793.2,148824525.0855,0,2023-02-02,63.28933285765252,6.2247,0.28644813987918244,1.1042138382654831,0.012068698746712014,0.011996452698317247
2023-02-03,6.541,7.125,6.501,7.005,47687047.3,2023-02-03 23:59:59.999,327505912.4386,626800,23758987.4,163231229.1381,0,2023-02-03,63.484740951029096,6.27355,0.33098329978260693,2.209930230559739,0.0709371655710136,0.06853412080989463
2023-02-04,7.006,7.073,6.811,6.868,22205951.1,2023-02-04 23:59:59.999,153819353.2392,291957,10685808.3,74038214.1085,0,2023-02-04,60.66463207867075,6.3203000000000005,0.34604032317246103,1.5827635200971502,-0.019557458957887186,-0.01975123675374119
2023-02-05,6.868,6.893,6.506,6.631,25224068.1,2023-02-05 23:59:59.999,168993659.6285,374684,12243503.7,82038467.245,0,2023-02-05,56.73961306692039,6.36135,0.3306739967149044,0.8154557137206142,-0.034507862550960944,-0.03511732064849849
2023-02-06,6.631,6.786,6.407,6.489,29290873.9,2023-02-06 23:59:59.999,195006446.3586,391127,14089280.6,93865548.1263,0,2023-02-06,48.775510204081634,6.3881,0.31735832313223594,0.3179371475250627,-0.021414567938470852,-0.0216471867476992
2023-02-07,6.489,6.95,6.466,6.937,28364484.1,2023-02-07 23:59:59.999,190409640.3388,382420,14311934.2,96121698.8117,0,2023-02-07,62.42122719734661,6.45285,0.28785820247995764,1.6819044787640187,0.06903991370010787,0.06676096876413283
2023-02-08,6.937,7.024,6.613,6.75,27862697.7,2023-02-08 23:59:59.999,189761268.0148,376097,13531516.3,92181312.3092,0,2023-02-08,55.92654424040068,6.50055,0.2498130827517688,0.9985465823175914,-0.026956897794435664,-0.027326899518725817
2023-02-09,6.75,6.976,6.067,6.23,57262615.4,2023-02-09 23:59:59.999,379557489.433,782351,27634242.1,183415728.5336,0,2023-02-09,46.527172333623945,6.4998000000000005,0.2506418287396221,-1.076436448603638,-0.07703703703703701,-0.08016617208507666
2023-02-10,6.231,6.304,6.113,6.178,28663816.6,2023-02-10 23:59:59.999,178396741.0873,391446,13946033.3,86818809.4903,0,2023-02-10,44.040224785566394,6.4967500000000005,0.2543265358554975,-1.2533100367517565,-0.008346709470305025,-0.00838173830297186
2023-02-11,6.178,6.289,6.151,6.271,12722535.4,2023-02-11 23:59:59.999,79015232.394,182108,6510176.7,40443341.7662,0,2023-02-11,48.202315661182205,6.5,0.2508064886221939,-0.9130545276480373,0.01505341534477167,0.014941237064493712
2023-02-12,6.271,6.377,6.06,6.175,16584598.1,2023-02-12 23:59:59.999,103840237.0024,229778,7835703.7,49079999.1749,0,2023-02-12,43.09252217997465,6.480700000000001,0.26052863262836234,-1.1733835045918897,-0.015308563227555472,-0.01542694904684294
2023-02-13,6.175,6.241,5.872,6.142,38786496.3,2023-02-13 23:59:59.999,235129095.2265,468636,19241424.1,116683835.7732,0,2023-02-13,49.20405209840811,6.478400000000001,0.2634354809620951,-1.2769730135493926,-0.0053441295546557965,-0.0053584604954101936
2023-02-14,6.141,6.258,6.0,6.224,28653438.1,2023-02-14 23:59:59.999,175960344.7178,363727,14171062.7,87037468.782,0,2023-02-14,49.40540540540541,6.469849999999999,0.26900093425438115,-0.9139373462826362,0.013350700097688017,0.013262364857459822
2023-02-15,6.225,6.615,6.153,6.61,30802155.6,2023-02-15 23:59:59.999,195424056.8307,372350,15403482.4,97753992.5416,0,2023-02-15,52.487309644670056,6.476899999999999,0.2708190112238367,0.49147214369670683,0.062017994858611925,0.06017086698750453
2023-02-16,6.611,6.742,6.315,6.324,43765288.0,2023-02-16 23:59:59.999,287925414.6506,513041,21242894.4,139788836.9119,0,2023-02-16,46.56971229845083,6.46405,0.2717153066959745,-0.515429188377319,-0.043267776096823085,-0.04423173451636943
2023-02-17,6.324,7.42,6.285,7.29,83728085.0,2023-02-17 23:59:59.999,583796472.3569,1056586,42122697.0,293745347.2978,0,2023-02-17,53.8881309686221,6.509099999999999,0.3275688597728574,2.3839262393302345,0.1527514231499052,0.14215162667334125
2023-02-18,7.29,7.38,7.11,7.233,41168451.2,2023-02-18 23:59:59.999,298051936.8826,519297,20140239.0,145862558.4242,0,2023-02-18,55.090655509065535,6.5402000000000005,0.36512645249823267,1.8974248380521064,-0.007818930041152305,-0.007849658153423134
2023-02-19,7.234,7.896,7.186,7.446,66803855.8,2023-02-19 23:59:59.999,503558407.4089,979483,32424055.7,244468121.4857,0,2023-02-19,61.44341477113169,6.603199999999999,0.40708625750667343,2.0703228970734395,0.029448361675653345,0.029023087583381554
2023-02-20,7.445,7.573,7.243,7.554,36404315.2,2023-02-20 23:59:59.999,272061946.0691,554537,17715673.5,132426955.1831,0,2023-02-20,65.09781684150836,6.668049999999999,0.45007139491915876,1.9684654701486513,0.01450443190975026,0.014400248839740015
2023-02-21,7.553,7.576,7.111,7.252,31968361.3,2023-02-21 23:59:59.999,234489547.0337,500040,15487244.6,113608484.4867,0,2023-02-21,54.658385093167695,6.7075000000000005,0.4654679026734457,1.1697906490922951,-0.039978819168652424,-0.04079993139766055
2023-02-22,7.251,7.273,6.882,7.183,36324932.6,2023-02-22 23:59:59.999,256573922.3518,532192,17679365.6,124901195.8748,0,2023-02-22,56.63499846766779,6.7396,0.47541210931398864,0.9326645058322516,-0.009514616657473773,-0.009560169799940042
2023-02-23,7.184,7.382,7.016,7.096,29729098.2,2023-02-23 23:59:59.999,214652741.3913,463165,14477602.6,104559564.1708,0,2023-02-23,65.30035335689044,6.74415,0.4785112081382787,0.7353014809599261,-0.012111930948071836,-0.012185878085386187
2023-02-24,7.097,7.148,6.463,6.609,40629307.9,2023-02-24 23:59:59.999,276739869.9805,542364,19528454.7,133196454.9869,0,2023-02-24,56.600306278713624,6.731200000000001,0.4784877053892725,-0.25538796216422255,-0.068630214205186,-0.07109888851896258
2023-02-25,6.608,6.646,6.333,6.537,23084082.2,2023-02-25 23:59:59.999,150640900.6596,331167,11101862.2,72465547.9993,0,2023-02-25,54.09987669543773,6.7265,0.47998305890965565,-0.39480560091115263,-0.010894235133908303,-0.010954011857723244
2023-02-26,6.538,6.724,6.497,6.685,15472732.2,2023-02-26 23:59:59.999,102257292.4226,235761,7663594.3,50644272.8918,0,2023-02-26,57.73665048543688,6.7363,0.47686951762538826,-0.10757659716950035,0.02264035490286065,0.022387865923313995
2023-02-27,6.686,6.78,6.483,6.577,24597559.1,2023-02-27 23:59:59.999,162837822.8404,326193,11861004.0,78550432.7932,0,2023-02-27,56.452091367546714,6.718299999999999,0.47568798929136197,-0.29704344692514856,-0.016155572176514532,-0.016287496234692483
2023-02-28,6.578,6.595,6.268,6.344,24967464.2,2023-02-28 23:59:59.999,160983711.0033,335705,11893207.9,76701966.0019,0,2023-02-28,51.70357751277683,6.698,0.4828727630145656,-0.7331123789007786,-0.035426486239926946,-0.03606922998666703
2023-03-01,6.343,6.6,6.309,6.533,22866372.9,2023-03-01 23:59:59.999,148278168.6788,306578,11572651.3,75055620.2625,0,2023-03-01,48.8421052631579,6.713150000000001,0.47204853396575286,-0.38163448679001755,0.029791929382093407,0.02935677152606652
2023-03-02,6.534,6.562,6.218,6.331,20975343.6,2023-03-02 23:59:59.999,133073167.2244,283178,10141749.9,64334722.0777,0,2023-03-02,50.10799136069115,6.7208,0.46409216416598714,-0.8399193739900841,-0.03091994489514771,-0.031408054296623814
2023-03-03,6.331,6.335,5.752,6.034,32501594.5,2023-03-03 23:59:59.999,195573332.2271,402959,15223271.3,91597243.8751,0,2023-03-03,25.58320373250389,6.70895,0.478969010642712,-1.4091725873753456,-0.04691202021797514,-0.048048060825120226
2023-03-04,6.033,6.054,5.724,5.912,18494012.3,2023-03-04 23:59:59.999,109517550.951,235462,8994159.8,53263705.0429,0,2023-03-04,24.952597648843394,6.695800000000001,0.49764620702521584,-1.5750145162068638,-0.020218760357971433,-0.020425957090968637
2023-03-05,5.913,6.06,5.881,5.971,17996907.3,2023-03-05 23:59:59.999,107809523.7268,216268,8770830.9,52552694.1993,0,2023-03-05,20.29802658074911,6.687250000000001,0.5090011761937132,-1.4071676717057595,0.009979702300406013,0.009930233918954779
2023-03-06,5.971,6.04,5.854,5.916,21712826.1,2023-03-06 23:59:59.999,129052842.699,252205,10755883.5,63936928.5417,0,2023-03-06,16.29629629629629,6.671850000000001,0.5280572412136411,-1.4313789131322587,-0.00921118740579463,-0.00925387271630196
2023-03-07,5.916,6.017,5.73,5.843,26886124.8,2023-03-07 23:59:59.999,157411979.2641,322578,12926741.5,75707735.4215,0,2023-03-07,17.991821899136752,6.6335,0.5596896226323747,-1.4123899533496087,-0.012339418526031154,-0.012416181276253439
2023-03-08,5.844,5.944,5.492,5.595,37067370.6,2023-03-08 23:59:59.999,210509205.167,442740,17763874.0,100954111.474,0,2023-03-08,16.63865546218487,6.59705,0.6029714556377829,-1.661853128586492,-0.042443950025671806,-0.043371021808411486
2023-03-09,5.594,5.797,5.223,5.38,43230258.6,2023-03-09 23:59:59.999,240244859.205,494870,20635503.5,114708959.8801,0,2023-03-09,15.78947368421052,6.50155,0.637699110287375,-1.7587448091225668,-0.03842716711349414,-0.039184967590195456
2023-03-10,5.38,5.579,5.139,5.545,50201129.7,2023-03-10 23:59:59.999,270198063.1415,584858,24734524.5,133148651.6373,0,2023-03-10,25.66331198536139,6.417150000000001,0.6474258563510042,-1.3471040605569544,0.03066914498141271,0.03020824662863738
2023-03-11,5.544,5.675,5.217,5.46,35955620.8,2023-03-11 23:59:59.999,194970864.3774,467450,18000330.7,97617162.3982,0,2023-03-11,25.511596180081867,6.31785,0.6334715774774946,-1.3542044039544567,-0.015329125338142457,-0.01544783104551667
2023-03-12,5.46,5.9,5.353,5.892,31592474.3,2023-03-12 23:59:59.999,176069175.9728,418744,15696402.0,87559013.4458,0,2023-03-12,34.03141361256546,6.23475,0.5684516250290225,-0.6029536813840588,0.07912087912087928,0.07614670884357032
2023-03-13,5.892,6.14,5.699,6.096,43392778.4,2023-03-13 23:59:59.999,256936006.6273,545656,20880140.7,123704019.0272,0,2023-03-13,40.67468010856922,6.17695,0.5159174225011579,-0.1569049550750885,0.03462321792260692,0.03403731978396131
2023-03-14,6.096,6.537,5.978,6.219,50086836.6,2023-03-14 23:59:59.999,313907247.8082,653897,24536514.1,153759474.3166,0,2023-03-14,47.46861077359255,6.12875,0.4588550826134931,0.1966851919476728,0.020177165354330784,0.01997630373740715
2023-03-15,6.219,6.37,5.771,5.871,46696951.2,2023-03-15 23:59:59.999,283809253.2857,629416,22801194.4,138564854.425,0,2023-03-15,37.404870624048705,6.0675,0.4010671947878172,-0.48994283889001916,-0.055957549445248445,-0.05758414503970337
2023-03-16,5.871,6.138,5.749,6.084,31460189.4,2023-03-16 23:59:59.999,188490432.4259,454695,15544242.6,93162925.778,0,2023-03-16,45.32019704433496,6.04125,0.3804091806659869,0.11237899128816216,0.036280020439448,0.035637397314997425
2023-03-17,6.084,6.632,6.021,6.618,40673714.9,2023-03-17 23:59:59.999,259123694.876,537934,20064193.1,127864552.8309,0,2023-03-17,60.15299026425592,6.0453,0.38634973248029986,1.482335697046723,0.08777120315581866,0.08413083510237411
2023-03-18,6.617,6.7,6.279,6.311,32087054.3,2023-03-18 23:59:59.999,209446883.9893,488382,15229900.8,99411767.9249,0,2023-03-18,56.51747794838288,6.0266,0.3620441089704814,0.7855396426936139,-0.04638863705046847,-0.047499066897318
2023-03-19,6.31,6.6,6.309,6.45,22240806.0,2023-03-19 23:59:59.999,143802164.3243,364395,10992875.3,71079799.5739,0,2023-03-19,57.62496020375676,6.02025,0.3528801608093901,1.2178355366147426,0.022025035652036173,0.021785988205578692
2023-03-20,6.451,6.481,6.046,6.089,34500021.9,2023-03-20 23:59:59.999,217157391.1919,519720,16329822.6,102823792.9557,0,2023-03-20,52.509428488540756,6.0075,0.34508770814665796,0.23617184291410243,-0.055968992248061955,-0.057596266181244034
2023-03-21,6.088,6.458,5.993,6.36,35445552.6,2023-03-21 23:59:59.999,220126631.3626,527281,17566483.5,109095439.6686,0,2023-03-21,57.091906721536354,5.99885,0.33318515083203376,1.0839318592024056,0.044506487107899506,0.043544512725593766
2023-03-22,6.36,6.383,5.907,6.048,38850583.1,2023-03-22 23:59:59.999,240978688.8683,542703,18735277.9,116154660.8335,0,2023-03-22,56.1067673227285,5.9847,0.32422557124747853,0.19523444667380532,-0.049056603773584895,-0.05030073847479889
2023-03-23,6.047,6.419,5.987,6.317,26650489.8,2023-03-23 23:59:59.999,165712138.0575,382335,13455735.0,83696995.3286,0,2023-03-23,62.450172734520336,5.998849999999999,0.3325587047475771,0.9566731992220359,0.044477513227513255,0.04351677303933149
2023-03-24,6.318,6.338,5.94,6.016,29852570.2,2023-03-24 23:59:59.999,182513744.7003,470541,14297611.0,87416973.0701,0,2023-03-24,56.04001025904078,6.00405,0.33194173156748163,0.036000294219018146,-0.04764920056989075,-0.048821825269024614
2023-03-25,6.015,6.076,5.823,5.9,16178515.7,2023-03-25 23:59:59.999,96554802.3794,250403,7643500.4,45632931.1026,0,2023-03-25,55.59796437659034,6.000500000000001,0.33269260349333846,-0.30208065627167624,-0.01928191489361697,-0.019470235735864882
2023-03-26,5.9,6.102,5.872,6.04,13803627.7,2023-03-26 23:59:59.999,82997268.5588,212303,6818496.4,40999599.3537,0,2023-03-26,52.034084661902135,6.0067,0.33219003755494386,0.10024382502588411,0.023728813559321882,0.023451661035049663
2023-03-27,6.041,6.115,5.737,5.864,26699388.6,2023-03-27 23:59:59.999,158111518.4593,366331,12826125.4,75959898.8329,0,2023-03-27,46.78670360110803,6.00775,0.3316781691532627,-0.43340205466937276,-0.029139072847682135,-0.029572047362373226
2023-03-28,5.863,6.108,5.78,6.054,23463257.7,2023-03-28 23:59:59.999,139358968.6738,354348,11903032.5,70722954.4013,0,2023-03-28,47.75632308947512,6.0307,0.31717836588834125,0.07346024352809219,0.03240109140518421,0.031887246015176576
2023-03-29,6.055,6.283,6.043,6.179,21166574.7,2023-03-29 23:59:59.999,131044158.5159,318685,10592267.0,65580453.4452,0,2023-03-29,54.45859872611465,6.0706500000000005,0.2789173193811359,0.3884663750548285,0.02064750578130159,0.020437235479315564
2023-03-30,6.179,6.293,6.02,6.117,24886504.0,2023-03-30 23:59:59.999,152688629.3577,339391,11916326.6,73139101.4533,0,2023-03-30,50.49954586739329,6.09925,0.2500088156303001,0.07099749644927779,-0.010033986081890323,-0.010084665818414733
2023-03-31,6.118,6.382,6.097,6.338,25721511.0,2023-03-31 23:59:59.999,160664245.0853,363486,13051042.3,81526039.4765,0,2023-03-31,45.31772575250836,6.14315,0.20486202673538836,0.9511279523348622,0.03612882131763939,0.03549148100830121
2023-04-01,6.338,6.391,6.183,6.342,14276487.4,2023-04-01 23:59:59.999,89700989.253,238596,6854278.7,43068779.255,0,2023-04-01,50.57685150725716,6.16565,0.2004915735156064,0.8795880889541332,0.0006311139160617429,0.0006309148474264734
2023-04-02,6.343,6.445,6.167,6.261,21265502.0,2023-04-02 23:59:59.999,134649677.4604,310118,10360963.6,65623696.5382,0,2023-04-02,46.40547736782046,6.1739,0.2008691378097902,0.43361564125634044,-0.012771996215704795,-0.012854259352982164
2023-04-03,6.261,6.502,6.08,6.415,32225216.2,2023-04-03 23:59:59.999,203351550.5116,454537,15947868.6,100725794.1252,0,2023-04-03,56.72997522708505,6.1837,0.20784536255345068,1.1128465757349657,0.024596709790768223,0.02429908130442634
2023-04-04,6.415,6.532,6.364,6.436,20505990.2,2023-04-04 23:59:59.999,132152111.3857,308578,10161521.6,65493389.6723,0,2023-04-04,51.749539594843455,6.21195,0.20140388199422912,1.1124413183178854,0.003273577552611151,0.0032682310625371087
2023-04-05,6.436,6.586,6.31,6.402,19577787.7,2023-04-05 23:59:59.999,126386581.4508,295132,9602108.9,62017628.8135,0,2023-04-05,59.34530095036959,6.22785,0.20331445051350733,0.8565549549486167,-0.005282784338098145,-0.005296787582465409
2023-04-06,6.403,6.415,6.25,6.276,16584644.7,2023-04-06 23:59:59.999,105104964.2774,260454,8006268.0,50753362.8391,0,2023-04-06,48.829240434037686,6.210749999999999,0.18204275813008453,0.3584322753084976,-0.019681349578256846,-0.019877606676885207
2023-04-07,6.276,6.316,6.131,6.172,13406995.0,2023-04-07 23:59:59.999,83025153.1003,221192,6255234.8,38734182.9535,0,2023-04-07,55.01930501930501,6.2038,0.18066211555867043,-0.176019194182819,-0.016571064372211564,-0.016709900369871716
2023-04-08,6.172,6.232,6.078,6.124,10556659.9,2023-04-08 23:59:59.999,65050606.2605,172978,4955830.6,30551137.9305,0,2023-04-08,57.53701211305516,6.1875,0.17176743762923294,-0.3696859013351977,-0.00777705767984449,-0.007807456705477117
2023-04-09,6.124,6.26,6.092,6.207,13890887.0,2023-04-09 23:59:59.999,85627819.7901,213153,7038479.0,43410731.7379,0,2023-04-09,55.843247025892225,6.1934,0.17022567064195174,0.07989394283901026,0.013553233180927604,0.013462209636078453
2023-04-10,6.207,6.311,6.108,6.285,16541820.9,2023-04-10 23:59:59.999,102545441.6695,239396,7910458.3,49074775.3351,0,2023-04-10,65.81517655897821,6.18965,0.16716089790261143,0.5704085177596443,0.012566457225712924,0.012488154610695093
2023-04-11,6.286,6.491,6.272,6.413,21777707.0,2023-04-11 23:59:59.999,139294609.0979,304754,10729416.4,68636882.3354,0,2023-04-11,64.14499605988968,6.2079,0.17076789417904395,1.2010454364739072,0.020365950676213274,0.02016133812451519
2023-04-12,6.413,6.465,6.202,6.401,26894448.4,2023-04-12 23:59:59.999,170596237.8504,343691,13043709.2,82757541.5881,0,2023-04-12,59.602076124567446,6.2121,0.17458278084208623,1.0820081974227653,-0.0018711991267738037,-0.001872952006859594
2023-04-13,6.401,6.651,6.344,6.635,21368863.6,2023-04-13 23:59:59.999,138953590.7404,293408,10800363.1,70247613.5505,0,2023-04-13,69.50301204819276,6.24305,0.19198889084700413,2.0415243729510597,0.036556788001874674,0.03590443962430446
2023-04-14,6.634,6.849,6.537,6.732,32210178.9,2023-04-14 23:59:59.999,216301359.1355,411076,15745051.8,105740584.1785,0,2023-04-14,66.36212624584718,6.28465,0.20353617937341847,2.1978893451628942,0.014619442351168077,0.014513608544388771
2023-04-15,6.731,6.878,6.635,6.808,19168720.9,2023-04-15 23:59:59.999,129573445.4599,265932,9244560.8,62491150.296,0,2023-04-15,68.26018808777428,6.32305,0.22614189187609388,2.1444500882910718,0.011289364230540722,0.011226114942513458
2023-04-16,6.807,6.884,6.674,6.828,18135344.3,2023-04-16 23:59:59.999,122984586.1075,264156,8728954.5,59204998.1361,0,2023-04-16,73.33333333333331,6.37125,0.2258837323147895,2.0220579645969274,0.00293772032902484,0.0029334136611213306
2023-04-17,6.827,6.839,6.622,6.702,21896077.0,2023-04-17 23:59:59.999,146789958.1699,307946,10584665.3,70958309.7985,0,2023-04-17,62.089300758213966,6.403650000000001,0.22445238036335688,1.329235179047834,-0.018453427065026395,-0.018625815617075554
2023-04-18,6.703,6.986,6.555,6.918,24310643.2,2023-04-18 23:59:59.999,166588131.5626,352609,12073178.4,82753887.3545,0,2023-04-18,67.43849493487696,6.440599999999999,0.24537627388894215,1.9455833786769192,0.0322291853178156,0.03172072119985834
2023-04-19,6.917,6.923,6.19,6.305,31372161.0,2023-04-19 23:59:59.999,204413941.791,465124,14656898.7,95495408.6,0,2023-04-19,47.526772055073934,6.45,0.23573892784903205,-0.6150872124643704,-0.08860942468921662,-0.09278374109809419
2023-04-20,6.305,6.436,6.056,6.107,26579717.3,2023-04-20 23:59:59.999,166477913.432,396057,12782957.8,80105088.5397,0,2023-04-20,45.843580914904095,6.4384500000000005,0.24690941765040705,-1.3423951307895923,-0.03140364789849315,-0.03190731517588506
2023-04-21,6.106,6.17,5.768,5.844,26063898.6,2023-04-21 23:59:59.999,155987332.0125,381031,12487747.7,74768977.462,0,2023-04-21,42.5182481751825,6.413549999999999,0.2800365530618772,-2.0338416316463883,-0.04306533486163422,-0.044020160352544684
2023-04-22,5.843,5.974,5.816,5.942,11521020.4,2023-04-22 23:59:59.999,68098478.2731,187723,5639531.4,33329093.3322,0,2023-04-22,45.94112399643177,6.3976,0.2977095723550543,-1.530350523820719,0.016769336071184027,0.016630283151962758
2023-04-23,5.942,5.97,5.76,5.902,15081106.0,2023-04-23 23:59:59.999,88769027.7897,244782,7380598.5,43447295.9548,0,2023-04-23,43.065029558890416,6.37195,0.3175686374184767,-1.4798375677782134,-0.006731740154830024,-0.006754500519668231
2023-04-24,5.902,6.018,5.788,5.88,19085072.4,2023-04-24 23:59:59.999,113012091.375,299449,9361518.6,55447403.1599,0,2023-04-24,40.550629958002794,6.344150000000001,0.3354966899173681,-1.3834711755705245,-0.0037275499830565773,-0.003734514610212102
2023-04-25,5.88,6.01,5.772,5.996,16997334.6,2023-04-25 23:59:59.999,99824310.6834,266797,8596575.3,50506411.3618,0,2023-04-25,40.21586109807604,6.32385,0.3439876489493773,-0.9530865454074707,0.019727891156462674,0.019535818329815807
2023-04-26,5.995,6.215,5.582,5.845,35123427.9,2023-04-26 23:59:59.999,209019149.6256,502169,16660774.9,99276508.3516,0,2023-04-26,37.75330396475772,6.302300000000001,0.3602588396931952,-1.2693651053488326,-0.025183455637091456,-0.0255059853163196
2023-04-27,5.845,6.049,5.826,5.966,24262306.4,2023-04-27 23:59:59.999,144082352.4386,360438,12486160.1,74155844.3258,0,2023-04-27,34.49235048678723,6.292,0.36706087262014964,-0.8881360676580705,0.020701454234388406,0.020490091168525078
2023-04-28,5.967,5.978,5.766,5.944,18903802.0,2023-04-28 23:59:59.999,111326188.5783,283434,9155146.5,53933384.3035,0,2023-04-28,31.07588856868398,6.2829999999999995,0.3735463051663101,-0.9075180113187576,-0.0036875628561851004,-0.003694378677098786
2023-04-29,5.943,6.054,5.907,6.038,13022274.6,2023-04-29 23:59:59.999,77922752.6209,206157,6467168.3,38705564.2379,0,2023-04-29,31.6666666666667,6.27455,0.3772491114680081,-0.6270392502171859,0.015814266487214068,0.015690523869189087
2023-04-30,6.037,6.082,5.84,5.873,18540519.6,2023-04-30 23:59:59.999,110905112.3886,272546,8848263.2,52953174.2508,0,2023-04-30,28.730512249443223,6.25395,0.38775106976435353,-0.9824602166320592,-0.02732692944683668,-0.027707254744264605
2023-05-01,5.873,5.906,5.591,5.661,20882616.8,2023-05-01 23:59:59.999,120029150.3024,315834,9971313.6,57305717.109,0,2023-05-01,27.67052767052769,6.21635,0.4074751881348163,-1.36290507047084,-0.03609739485782404,-0.03676502148585968
2023-05-02,5.661,5.755,5.615,5.709,14870355.4,2023-05-02 23:59:59.999,84569499.6289,212111,7507201.8,42695487.0275,0,2023-05-02,22.05270457697644,6.18175,0.4201534650680154,-1.1251841036785706,0.008479067302596732,0.008443321927599293
2023-05-03,5.709,5.81,5.548,5.776,20552591.2,2023-05-03 23:59:59.999,116443297.4343,299969,10276889.2,58246445.8175,0,2023-05-03,33.642547928262246,6.1388,0.4152585244199024,-0.8736726127580774,0.01173585566649149,0.011667524608402962
2023-05-04,5.776,5.794,5.614,5.667,14060961.1,2023-05-04 23:59:59.999,80255984.8431,211247,6659369.1,38015670.3043,0,2023-05-04,35.602094240837715,6.08555,0.40329895858795467,-1.0378157222757098,-0.0188711911357341,-0.019051524403042943
2023-05-05,5.667,5.901,5.647,5.843,23623861.7,2023-05-05 23:59:59.999,136810035.5297,333329,12422763.0,71964872.9305,0,2023-05-05,49.965301873698806,6.0373,0.3685452339561734,-0.5272080116578197,0.03105699664725603,0.030584486384817772
2023-05-06,5.844,5.895,5.553,5.629,19105807.3,2023-05-06 23:59:59.999,109149526.1583,283973,8661426.4,49497831.4931,0,2023-05-06,39.94861913937059,5.9773499999999995,0.32849806135487736,-1.0604324377539522,-0.03662502139312007,-0.03731255709041055
2023-05-07,5.629,5.699,5.596,5.627,11923977.6,2023-05-07 23:59:59.999,67398779.2505,178191,5860732.8,33128960.5781,0,2023-05-07,40.94799210006584,5.9236,0.2892963150350474,-1.025246380909029,-0.0003553028957186122,-0.0003553660307476138
2023-05-08,5.625,5.645,5.148,5.365,30390170.6,2023-05-08 23:59:59.999,163658335.9948,404583,14371260.4,77389343.4024,0,2023-05-08,35.36100056850486,5.84595,0.20426594506648932,-2.3545285526838504,-0.04656122267638163,-0.04768006436848003
2023-05-09,5.366,5.409,5.284,5.318,16102228.3,2023-05-09 23:59:59.999,85931262.8527,214582,7822654.9,41745168.1069,0,2023-05-09,29.940828402366876,5.7966,0.2067369037364523,-2.3150196764585305,-0.008760484622553744,-0.00879908326183388
2023-05-10,5.318,5.52,5.2,5.459,26762908.8,2023-05-10 23:59:59.999,144183914.2863,353016,13400994.1,72214519.0889,0,2023-05-10,38.51190476190478,5.764200000000001,0.20630753742438115,-1.4793448839059862,0.02651372696502441,0.026168329978792447
2023-05-11,5.459,5.467,5.175,5.273,24047422.6,2023-05-11 23:59:59.999,128048449.8665,322442,11603478.4,61798389.9469,0,2023-05-11,30.143266475644694,5.73565,0.23252623507490724,-1.9896679609118493,-0.034072174390914034,-0.03466616225128777
2023-05-12,5.273,5.348,5.1,5.338,24064912.4,2023-05-12 23:59:59.999,125863441.4784,312992,12040152.4,62985366.9166,0,2023-05-12,33.05369127516781,5.705450000000001,0.24328940422598724,-1.5103411559127453,0.012326948606106614,0.012251590433999697
2023-05-13,5.338,5.394,5.305,5.345,13132057.5,2023-05-13 23:59:59.999,70277616.6812,171557,6819814.5,36504123.4807,0,2023-05-13,29.629629629629633,5.6776,0.25135263548753406,-1.3232405514860641,0.0013113525665042758,0.00131049349467612
2023-05-14,5.345,5.45,5.301,5.345,13444364.4,2023-05-14 23:59:59.999,72149260.6734,173389,6688980.3,35912264.0736,0,2023-05-14,32.8125,5.65085,0.257081857736119,-1.1896988869356129,0.0,0.0
2023-05-15,5.346,5.428,5.261,5.311,19039641.4,2023-05-15 23:59:59.999,102113884.8621,229533,9395963.8,50413046.1161,0,2023-05-15,37.11340206185569,5.6166,0.2542935311762866,-1.2017608099835846,-0.006361085126286192,-0.006381403036746388
2023-05-16,5.31,5.334,5.228,5.292,17589593.7,2023-05-16 23:59:59.999,92788279.9912,221337,8492985.7,44808192.4674,0,2023-05-16,34.31151241534991,5.58895,0.2581866878589548,-1.1501367574854249,-0.0035774807004330667,-0.0035838951875528553
2023-05-17,5.292,5.438,5.216,5.418,27125413.7,2023-05-17 23:59:59.999,144360364.1523,312556,13534550.0,72064602.2546,0,2023-05-17,37.10374639769455,5.56155,0.2447973329279317,-0.5864034476317656,0.023809523809523947,0.02353049741019425
2023-05-18,5.418,5.465,5.243,5.336,26196412.5,2023-05-18 23:59:59.999,140704795.9559,292182,12644779.5,67973661.5516,0,2023-05-18,37.839823659074234,5.53115,0.23223293093062214,-0.8403201011070198,-0.015134736064968624,-0.015250435049580775
2023-05-19,5.336,5.393,5.308,5.371,16487373.0,2023-05-19 23:59:59.999,88246039.7509,191812,8390823.2,44914886.7134,0,2023-05-19,30.655737704918053,5.4978,0.2014705411355902,-0.6293724099081196,0.006559220389805054,0.006537802309999658
2023-05-20,5.371,5.444,5.325,5.406,12740961.9,2023-05-20 23:59:59.999,68687492.2342,153450,6543787.5,35285838.9207,0,2023-05-20,39.28914505283382,5.47445,0.1817987536816554,-0.3765152324413727,0.006516477378514018,0.006495336930933344
2023-05-21,5.406,5.431,5.23,5.271,14932054.9,2023-05-21 23:59:59.999,79518615.6666,184219,6889189.0,36698810.3345,0,2023-05-21,34.83816013628619,5.45495,0.18165191553944487,-1.0126510334544554,-0.024972253052164217,-0.025289349981185986
2023-05-22,5.272,5.336,5.22,5.307,14653520.3,2023-05-22 23:59:59.999,77535996.0952,170396,7204274.2,38121396.792,0,2023-05-22,46.94092827004221,5.434849999999999,0.1741473287287495,-0.734148499051265,0.006829823562891413,0.006806605972688205
2023-05-23,5.308,5.449,5.285,5.398,16119799.7,2023-05-23 23:59:59.999,86764023.7845,191522,8214572.4,44220360.7916,0,2023-05-23,54.03225806451614,5.4159500000000005,0.15458755821860234,-0.11611542485597512,0.01714716412285644,0.017001810750054833
2023-05-24,5.399,5.403,5.18,5.25,19935258.8,2023-05-24 23:59:59.999,105104685.1766,229092,9241580.3,48728706.0324,0,2023-05-24,39.53953953953954,5.3951,0.14687405990091704,-0.9879212169792705,-0.027417562060022216,-0.02780043799228052
2023-05-25,5.249,5.296,5.133,5.243,15603022.8,2023-05-25 23:59:59.999,81766203.1527,184150,7623514.2,39954608.8315,0,2023-05-25,48.17073170731711,5.3651,0.10622414235542241,-1.1494562092246146,-0.0013333333333332975,-0.0013342230131366103
2023-05-26,5.243,5.271,5.184,5.241,13047989.4,2023-05-26 23:59:59.999,68270880.4156,153368,6301744.4,32978204.9647,0,2023-05-26,43.593130779392304,5.3457,0.08962442100341131,-1.1682083836950548,-0.00038146099561331415,-0.00038153377036664296
2023-05-27,5.241,5.375,5.228,5.333,14102170.2,2023-05-27 23:59:59.999,74786856.0001,179238,7451546.5,39531386.3704,0,2023-05-27,49.287410926365816,5.3309999999999995,0.0604056462870307,0.03310948765446906,0.017553901927113147,0.017401611798435957
2023-05-28,5.333,5.562,5.312,5.5,15730941.5,2023-05-28 23:59:59.999,85356551.8668,211186,7932968.3,43053777.7027,0,2023-05-28,57.68087215064422,5.33775,0.07101584328930446,2.2847014480842804,0.03131445715357217,0.030834160619960145
2023-05-29,5.501,5.539,5.41,5.457,14177028.6,2023-05-29 23:59:59.999,77536139.1308,163358,6933845.1,37922516.0942,0,2023-05-29,57.170923379174845,5.3447000000000005,0.07563283885906219,1.4848047712352108,-0.007818181818181835,-0.007848904034330358
2023-05-30,5.458,5.528,5.406,5.44,13689012.9,2023-05-30 23:59:59.999,74782439.7008,158790,6959967.7,38025267.4866,0,2023-05-30,57.28346456692917,5.34375,0.07422786750190812,1.2966828125235603,-0.0031152647975076775,-0.0031201273362435225
2023-05-31,5.44,5.461,5.264,5.314,17021617.6,2023-05-31 23:59:59.999,90748376.952,213303,8009197.8,42691080.5536,0,2023-05-31,44.88188976377952,5.3458,0.07272196510420882,-0.43728191275402106,-0.02316176470588238,-0.023434213530229526
2023-06-01,5.313,5.334,5.182,5.203,16111100.3,2023-06-01 23:59:59.999,84277229.233,203476,7341843.0,38411126.5588,0,2023-06-01,43.636363636363626,5.33905,0.07943913590844624,-1.7126319218375927,-0.020888219796763252,-0.021109465029455286
2023-06-02,5.203,5.301,5.153,5.274,17011686.6,2023-06-02 23:59:59.999,89236379.0943,208214,8463754.7,44403306.1236,0,2023-06-02,45.51341350601293,5.3355,0.08073510941856578,-0.7617503765450669,0.013645973476840156,0.013553705622928361
2023-06-03,5.275,5.341,5.235,5.339,9949190.7,2023-06-03 23:59:59.999,52507625.1395,136941,4902314.5,25881491.1655,0,2023-06-03,46.98469846984701,5.3351999999999995,0.0807090942386778,0.047082674336095566,0.01232461130072049,0.012249281586954201
2023-06-04,5.34,5.385,5.304,5.31,13798346.2,2023-06-04 23:59:59.999,73717210.0903,170379,6895131.8,36843985.3656,0,2023-06-04,51.94029850746268,5.3351500000000005,0.08072518356280663,-0.3115508555076055,-0.005431728788162782,-0.005446534264201913
2023-06-05,5.31,5.32,4.854,5.061,31189057.1,2023-06-05 23:59:59.999,160502839.1551,369348,14234428.0,73259728.8388,0,2023-06-05,39.90147783251229,5.323600000000001,0.10116240199321946,-2.595826066067529,-0.04689265536723153,-0.04802774302190641
2023-06-06,5.062,5.267,4.981,5.199,18965102.7,2023-06-06 23:59:59.999,97009079.399,249737,9488995.0,48590813.3485,0,2023-06-06,42.13438735177866,5.31265,0.1022531816423556,-1.1114568581103532,0.027267338470657876,0.026902207169637687
2023-06-07,5.199,5.211,4.969,5.021,18535425.6,2023-06-07 23:59:59.999,94233667.7042,234664,8556303.8,43532576.3934,0,2023-06-07,41.15830115830116,5.2969,0.1210071333181583,-2.2800308744988556,-0.034237353337180254,-0.0348371823490103
2023-06-08,5.02,5.055,4.972,5.019,12136878.2,2023-06-08 23:59:59.999,60870945.7329,163017,5775721.2,28969430.4995,0,2023-06-08,41.31782945736434,5.2793,0.13450771841748582,-1.935204931452925,-0.00039832702648867624,-0.00039840637977176305
2023-06-09,5.02,5.069,4.925,4.978,15318471.7,2023-06-09 23:59:59.999,76598653.0798,202960,7185116.9,35934407.5025,0,2023-06-09,40.10534236267871,5.2579,0.14677655770872933,-1.9069802723909626,-0.008168957959753032,-0.008202506727396443
2023-06-10,4.979,4.984,4.1,4.513,53563364.5,2023-06-10 23:59:59.999,238851003.8725,611831,25849611.9,115227078.3822,0,2023-06-10,25.91069330199764,5.22,0.2218700425644682,-3.186550071511203,-0.09341100843712336,-0.09806608310053613
2023-06-11,4.513,4.546,4.422,4.519,15900657.2,2023-06-11 23:59:59.999,71231345.0285,201073,7787992.5,34889961.6198,0,2023-06-11,18.170019467878006,5.1806,0.27029075961809246,-2.4477344358157422,0.001329492576999769,0.0013286095842784866
2023-06-12,4.519,4.553,4.405,4.53,18569001.6,2023-06-12 23:59:59.999,83509252.5631,212270,9264325.5,41672229.7797,0,2023-06-12,19.28429423459248,5.1372,0.30143788746287553,-2.0143453270278813,0.0024341668510732273,0.002431209065800002
2023-06-13,4.531,4.718,4.491,4.624,20125259.7,2023-06-13 23:59:59.999,92671332.9662,217406,10071636.3,46384917.9606,0,2023-06-13,24.274905422446395,5.1059,0.3209761263432067,-1.50135776604371,0.02075055187637953,0.020538191875133536
2023-06-14,4.624,4.798,4.501,4.567,26599498.5,2023-06-14 23:59:59.999,123782603.79,266332,13318805.1,61991526.3465,0,2023-06-14,25.379037574159526,5.072100000000001,0.3407619789733994,-1.4822663065923494,-0.01232698961937706,-0.01240359716721433
2023-06-15,4.567,4.617,4.27,4.373,32891709.9,2023-06-15 23:59:59.999,144681961.041,339444,15873419.7,69795188.9573,0,2023-06-15,24.062499999999986,5.0287,0.37196478327669125,-1.7628012905518742,-0.042478651193343486,-0.0434072617720783
2023-06-16,4.373,4.467,4.27,4.419,22589557.4,2023-06-16 23:59:59.999,98733890.92,226926,11049174.9,48302472.5388,0,2023-06-16,22.857142857142833,4.983,0.3883950782903652,-1.4521296265715091,0.010519094443173893,0.010464153717819237
2023-06-17,4.418,4.562,4.391,4.527,16340568.8,2023-06-17 23:59:59.999,73616236.7049,177609,8245723.4,37146263.1039,0,2023-06-17,24.907292954264506,4.93435,0.38109775993785394,-1.0688858419593628,0.024439918533605054,0.02414604230521879
2023-06-18,4.528,4.664,4.475,4.535,23380499.5,2023-06-18 23:59:59.999,106925344.0197,238012,11907213.7,54451065.7578,0,2023-06-18,25.73575453976204,4.88825,0.37015556828840357,-0.9543284777085086,0.0017671747294014661,0.0017656151132784848
2023-06-19,4.534,4.584,4.428,4.526,24160354.1,2023-06-19 23:59:59.999,108913399.665,205141,12003853.9,54117631.7107,0,2023-06-19,30.287398673544573,4.84255,0.35454306768031985,-0.8928393440918251,-0.001984564498346275,-0.0019865363557543723
2023-06-20,4.526,4.675,4.368,4.659,27923404.7,2023-06-20 23:59:59.999,126188839.6639,255666,13794792.8,62380586.6122,0,2023-06-20,30.029585798816555,4.8098,0.3385953336921006,-0.4453693982006534,0.029385771100309377,0.028962285623314127
2023-06-21,4.659,4.859,4.631,4.818,33286477.9,2023-06-21 23:59:59.999,157783340.0033,310054,16319234.9,77367537.1594,0,2023-06-21,42.38559639909977,4.7905500000000005,0.3257654104254209,0.08426308970050506,0.0341274951706374,0.03355807135801984
2023-06-22,4.818,4.973,4.742,4.822,33052965.7,2023-06-22 23:59:59.999,160706656.6732,303571,16194267.8,78724964.6603,0,2023-06-22,42.62172284644195,4.76795,0.3055098370337339,0.17691738022180947,0.0008302200083023514,0.0008298755662998364
2023-06-23,4.821,5.135,4.817,5.096,36059223.0,2023-06-23 23:59:59.999,179916129.5522,325538,18378337.7,91708530.7179,0,2023-06-23,53.76275510204082,4.7558,0.2858003719900329,1.1903413478127471,0.056822895064288614,0.05526713851088286
2023-06-24,5.095,5.137,4.893,5.007,20708398.9,2023-06-24 23:59:59.999,104155183.2955,212361,10163742.7,51102196.8701,0,2023-06-24,70.7214765100671,4.7406500000000005,0.26190883809399346,1.0169568997301721,-0.01746467817896402,-0.017618984922054638
2023-06-25,5.006,5.243,4.997,5.189,27341285.3,2023-06-25 23:59:59.999,140796784.4448,255044,13918702.8,71664400.6736,0,2023-06-25,74.48830409356725,4.74705,0.27153588014954505,1.6275933764502937,0.036349111244258214,0.03570406703779504
2023-06-26,5.189,5.238,5.003,5.022,35596908.6,2023-06-26 23:59:59.999,183032054.9183,320240,18090712.7,93041360.7753,0,2023-06-26,66.14173228346456,4.7382,0.25860711920464313,1.0974175841440053,-0.03218346502216218,-0.032712739650209224
2023-06-27,5.022,5.152,4.993,5.091,18987952.6,2023-06-27 23:59:59.999,96555242.2371,181947,9074537.6,46140641.1659,0,2023-06-27,65.5770513675784,4.7417,0.26307115306891576,1.3277776598656394,0.013739545997610403,0.013646014184805577
2023-06-28,5.092,5.097,4.74,4.877,28454263.0,2023-06-28 23:59:59.999,141090264.6084,268311,14013872.5,69487510.0745,0,2023-06-28,59.35990338164249,4.7346,0.25704032040489416,0.5539986869596513,-0.04203496366136328,-0.0429439981922835
2023-06-29,4.877,5.233,4.864,4.982,34601367.8,2023-06-29 23:59:59.999,174054469.6497,341253,17120327.0,86148909.1065,0,2023-06-29,69.43203573707719,4.7348,0.25724115247055046,0.960965994849134,0.02152962887020715,0.021301140112073187
2023-06-30,4.981,5.197,4.734,5.176,46655315.2,2023-06-30 23:59:59.999,235911635.9196,474227,23325706.6,117955589.4,0,2023-06-30,72.06997084548104,4.767950000000001,0.2695777350992116,1.5136635814891253,0.03894018466479321,0.03820114035861072
2023-07-01,5.176,5.367,5.107,5.348,28577825.9,2023-07-01 23:59:59.999,150320055.3835,319936,14170816.3,74544396.6899,0,2023-07-01,73.07476110174252,4.8094,0.29207882857771117,1.8440227339404662,0.033230293663060184,0.032690102041097215
2023-07-02,5.348,5.535,5.221,5.494,30444286.1,2023-07-02 23:59:59.999,163064025.0909,345428,15308787.5,82016626.3659,0,2023-07-02,75.01304121022427,4.8576,0.3215946124158631,1.9788888726066505,0.02729992520568425,0.02693392843338526
2023-07-03,5.494,5.635,5.372,5.426,31948427.0,2023-07-03 23:59:59.999,175254142.2121,332432,15517838.1,85156629.7107,0,2023-07-03,72.77327935222672,4.8977,0.3403858646303842,1.552062100386179,-0.012377138696760048,-0.012454373436342064
2023-07-04,5.425,5.511,5.252,5.346,27771499.7,2023-07-04 23:59:59.999,150220116.4245,252774,13526379.9,73170904.8641,0,2023-07-04,67.86271450858035,4.936649999999999,0.34509011408641665,1.1862119002849565,-0.014743826022852957,-0.01485359652001277
2023-07-05,5.346,5.378,5.111,5.204,25800481.6,2023-07-05 23:59:59.999,135248010.9244,243699,12605062.2,66079621.8129,0,2023-07-05,60.125918153200416,4.9782,0.3229716624332773,0.6991325440096391,-0.02656191545080444,-0.02692105706646852
2023-07-06,5.204,5.361,5.003,5.007,28660471.2,2023-07-06 23:59:59.999,148213552.197,278814,13787435.1,71306611.8257,0,2023-07-06,54.4068604097189,5.0076,0.2949344976309331,-0.0020343500160879425,-0.037855495772482706,-0.03859062730245113
2023-07-07,5.007,5.175,4.968,5.114,21039412.3,2023-07-07 23:59:59.999,107201912.4887,198103,10425936.9,53112747.7306,0,2023-07-07,50.46583850931677,5.03695,0.27298129393821235,0.28225377236815224,0.021370081885360603,0.021144943521187266
2023-07-08,5.114,5.193,5.051,5.125,12798795.2,2023-07-08 23:59:59.999,65722512.055,150963,6156231.2,31616868.7466,0,2023-07-08,53.18230852211436,5.06645,0.2464752523035057,0.23754920403896285,0.002150958154086835,0.002148648155477013
2023-07-09,5.124,5.158,5.055,5.077,11643790.6,2023-07-09 23:59:59.999,59395311.0018,134617,5467481.9,27890944.4197,0,2023-07-09,46.74418604651162,5.093999999999999,0.2111492363189553,-0.08051177591909356,-0.009365853658536594,-0.009409989059214606
2023-07-10,5.077,5.229,4.972,5.127,24584255.8,2023-07-10 23:59:59.999,125095860.1471,242219,12331039.6,62785975.4733,0,2023-07-10,53.27510917030566,5.1174,0.18467735733941124,0.05198255020704227,0.009848335631278182,0.00980015683630612
2023-07-11,5.127,5.213,5.084,5.211,14458532.2,2023-07-11 23:59:59.999,74331250.8865,168603,7269156.9,37381364.1231,0,2023-07-11,53.708281829419036,5.13705,0.17158808539846698,0.4309739795060424,0.016383850204798156,0.016251083125514074
2023-07-12,5.211,5.308,5.094,5.144,21698322.0,2023-07-12 23:59:59.999,113201436.8725,217548,10329990.0,53904898.4547,0,2023-07-12,59.075458871515984,5.15315,0.15475184718964463,-0.05912691942724851,-0.012857417002494764,-0.012940788991759353
2023-07-13,5.144,5.553,5.09,5.545,42027347.7,2023-07-13 23:59:59.999,225543938.8358,403917,21063431.3,112990876.4562,0,2023-07-13,65.93095642331633,5.1756,0.1769946178134352,2.087069112968019,0.07795489891135299,0.07506563386701205
2023-07-14,5.544,5.742,5.281,5.45,49977619.1,2023-07-14 23:59:59.999,277565063.8778,482892,24048297.4,133563321.865,0,2023-07-14,58.21342925659473,5.19775,0.18242110767232705,1.3827895423872922,-0.017132551848512145,-0.01728101212717762
2023-07-15,5.45,5.563,5.381,5.429,13444002.4,2023-07-15 23:59:59.999,73451210.9519,189105,6751807.2,36892348.9932,0,2023-07-15,52.669742913645365,5.2097500000000005,0.1895690056228084,1.1565709240267292,-0.00385321100917424,-0.0038606537518385995
2023-07-16,5.429,5.446,5.251,5.306,13883173.4,2023-07-16 23:59:59.999,74426741.3102,183405,6549492.6,35116223.0553,0,2023-07-16,43.70816599732264,5.22395,0.18535498658173669,0.44266410908679726,-0.022656106096887174,-0.022916699207766213
2023-07-17,5.305,5.415,5.16,5.299,23662242.7,2023-07-17 23:59:59.999,125008321.7987,275131,11475156.9,60621552.6469,0,2023-07-17,45.56873691556177,5.234350000000001,0.1833269368847862,0.35264866744939627,-0.0013192612137202797,-0.001320132204922844
2023-07-18,5.298,5.388,5.057,5.179,22469868.5,2023-07-18 23:59:59.999,117397425.0935,278114,10858805.2,56752845.2366,0,2023-07-18,44.33129667345554,5.2494499999999995,0.16373453321308393,-0.4302696481768796,-0.022645782223061017,-0.022906136068870684
2023-07-19,5.18,5.255,5.126,5.189,17340589.1,2023-07-19 23:59:59.999,90132341.8169,207763,8678126.4,45106355.1051,0,2023-07-19,49.440715883668915,5.2598,0.1520652906802367,-0.46558948253930366,0.0019308746862327641,0.0019290129438480725
2023-07-20,5.189,5.487,5.181,5.351,28256860.4,2023-07-20 23:59:59.999,150717947.1812,317820,14219687.0,75868816.0563,0,2023-07-20,63.169984686064325,5.268549999999999,0.15202440073599693,0.5423471469108561,0.031219888225091585,0.030742458943565035
2023-07-21,5.351,5.702,5.331,5.484,49731908.4,2023-07-21 23:59:59.999,274614881.2179,476881,24165872.8,133458558.044,0,2023-07-21,63.88888888888889,5.2753499999999995,0.1586619295635331,1.3150602704377838,0.024855167258456268,0.024551302370900294
2023-07-22,5.483,5.515,5.25,5.31,19173786.5,2023-07-22 23:59:59.999,102964511.1389,237228,8731784.1,46889218.9481,0,2023-07-22,56.18729096989966,5.26615,0.1504377034844164,0.29148277981086235,-0.03172866520787754,-0.03224292644622057
2023-07-23,5.31,5.486,5.269,5.387,18161639.9,2023-07-23 23:59:59.999,98204452.2708,220576,9115729.0,49298655.0898,0,2023-07-23,60.17060367454067,5.2642,0.1484968899131413,0.8269533461059547,0.014500941619585594,0.014396808444549146
2023-07-24,5.388,5.415,5.076,5.205,23459765.3,2023-07-24 23:59:59.999,122913243.9644,290607,11057967.7,57922814.5632,0,2023-07-24,52.35507246376812,5.25715,0.14775416103565053,-0.35295114286099355,-0.03378503805457578,-0.03436894163146444
2023-07-25,5.206,5.252,5.121,5.171,15685198.8,2023-07-25 23:59:59.999,81200200.0351,194078,7239440.4,37489713.667,0,2023-07-25,48.7546699875467,5.2555,0.14856099225280617,-0.5687899543387926,-0.0065321805955811385,-0.006553608652847747
2023-07-26,5.171,5.291,5.11,5.231,18296566.8,2023-07-26 23:59:59.999,95277654.2987,208700,9017449.7,46971362.8487,0,2023-07-26,52.72045028142588,5.2667,0.136820320121268,-0.2609261545971994,0.011603171533552503,0.01153637097438959
2023-07-27,5.232,5.334,5.175,5.235,16228788.5,2023-07-27 23:59:59.999,85236126.1691,197278,8147473.9,42802456.2083,0,2023-07-27,37.10482529118138,5.27275,0.13231377180253334,-0.28530665769500174,0.0007646721468170803,0.0007643799340261876
2023-07-28,5.235,5.271,5.156,5.215,12513385.4,2023-07-28 23:59:59.999,65267417.0428,153902,6145441.0,32063298.812,0,2023-07-28,39.574090505767515,5.27725,0.1284997952002564,-0.4844365697469717,-0.003820439350525451,-0.0038277558697645494
2023-07-29,5.215,5.257,5.199,5.245,7589520.7,2023-07-29 23:59:59.999,39738411.3915,103607,3840405.1,20109063.855,0,2023-07-29,41.90140845070422,5.28565,0.11992553609892061,-0.33896033590769303,0.0057526366251199335,0.005736153395524815
2023-07-30,5.245,5.274,5.078,5.18,15035058.6,2023-07-30 23:59:59.999,78133453.5298,174775,7351675.1,38211041.572,0,2023-07-30,44.155844155844136,5.2883000000000004,0.11677963952938729,-0.9273876887824039,-0.012392755004766554,-0.012470185576868917
2023-07-31,5.181,5.259,5.033,5.105,18244322.3,2023-07-31 23:59:59.999,93953287.5593,203898,8975346.9,46227802.3379,0,2023-07-31,41.53577661431065,5.2829999999999995,0.12272648235719652,-1.4503797108918062,-0.014478764478764394,-0.014584604654762728
2023-08-01,5.104,5.204,4.932,5.204,20733275.3,2023-08-01 23:59:59.999,105350677.7494,222814,10312812.9,52415067.4331,0,2023-08-01,51.111111111111086,5.286,0.11984946697807759,-0.6841916119243064,0.019392752203721608,0.019207109033629734
2023-08-02,5.204,5.218,5.005,5.056,17623881.5,2023-08-02 23:59:59.999,90109112.8617,199092,8609647.0,44025091.3062,0,2023-08-02,44.7347585114806,5.26155,0.11396604987627605,-1.803607304308161,-0.028439661798616345,-0.028851903805702437
2023-08-03,5.056,5.072,4.923,4.975,14838840.9,2023-08-03 23:59:59.999,74342633.2427,166402,6903432.9,34589229.3551,0,2023-08-03,34.094754653130266,5.2378,0.12184830948519856,-2.1567800251830644,-0.016020569620253222,-0.016150286234000263
2023-08-04,4.974,5.042,4.933,4.99,12883886.2,2023-08-04 23:59:59.999,64322475.6931,141934,6244708.4,31177630.8762,0,2023-08-04,26.785714285714306,5.21585,0.1250903988834505,-1.8054942826621643,0.0030150753768845018,0.0030105391528712842
2023-08-05,4.99,4.992,4.924,4.971,7517422.5,2023-08-05 23:59:59.999,37257326.3629,104266,3657273.4,18127052.915,0,2023-08-05,31.353135313531382,5.1991,0.13446145993781813,-1.6963968716796964,-0.0038076152304609145,-0.003814882650891739
2023-08-06,4.97,5.044,4.954,5.002,12354863.5,2023-08-06 23:59:59.999,61708963.6979,136626,6182087.0,30882567.1807,0,2023-08-06,27.694090382387017,5.18425,0.13916588926502277,-1.3095881538394019,0.0062361697847515,0.0062168053428917
2023-08-07,5.002,5.047,4.808,4.967,19103084.1,2023-08-07 23:59:59.999,94673230.4921,202779,9324805.8,46219837.7953,0,2023-08-07,33.37988826815641,5.17365,0.1474160867397481,-1.4018144462403588,-0.006997201119552154,-0.00702179633021383
2023-08-08,4.967,5.098,4.929,5.056,14563210.5,2023-08-08 23:59:59.999,73063439.6982,159382,7470694.0,37478457.7851,0,2023-08-08,42.542153047989615,5.167,0.14966981201852508,-0.741632520967294,0.017918260519428353,0.017759620719342967
2023-08-09,5.057,5.105,4.989,5.057,11818622.0,2023-08-09 23:59:59.999,59653878.5736,132823,5858278.4,29572075.8321,0,2023-08-09,37.78089887640456,5.152299999999999,0.14501219548778055,-0.6571861054819317,0.0001977848101266666,0.00019776525328976254
2023-08-10,5.058,5.066,4.97,5.004,10801771.8,2023-08-10 23:59:59.999,54174888.0165,121438,5232479.6,26243573.9162,0,2023-08-10,34.82260183968461,5.1283,0.1256541200789563,-0.9892234327206726,-0.01048052204864558,-0.010535829493181409
2023-08-11,5.004,5.018,4.95,5.004,9526242.8,2023-08-11 23:59:59.999,47557491.3068,111215,4662699.3,23279914.3867,0,2023-08-11,35.76248313090419,5.113,0.12090535662755857,-0.9015316032338302,0.0,0.0
2023-08-12,5.004,5.041,4.992,5.037,5568177.0,2023-08-12 23:59:59.999,27946469.9965,80092,2746937.0,13787011.6769,0,2023-08-12,36.021505376344095,5.0954999999999995,0.10319093186482552,-0.5669102792542988,0.006594724220623682,0.006573074158848932
2023-08-13,5.037,5.042,4.96,4.982,8213650.6,2023-08-13 23:59:59.999,41206378.8566,93427,3934508.5,19746586.3276,0,2023-08-13,36.51226158038152,5.08435,0.10278351034128926,-0.9957822967920603,-0.010919197935278846,-0.01097924992352469
2023-08-14,4.982,5.054,4.945,4.986,12218750.9,2023-08-14 23:59:59.999,61076581.5805,135171,5976880.7,29887375.8806,0,2023-08-14,41.025641025640994,5.0751,0.10289949106402514,-0.8658934954747368,0.0008028904054595554,0.0008025682613773624
2023-08-15,4.987,4.996,4.601,4.812,18180958.3,2023-08-15 23:59:59.999,88310413.4824,192420,8625463.0,41894152.1992,0,2023-08-15,23.441734417344264,5.05415,0.11176021087542137,-2.1666924042396736,-0.034897713598074476,-0.035521186988933556
2023-08-16,4.812,4.838,4.509,4.668,21647269.0,2023-08-16 23:59:59.999,101925749.6918,217733,10493902.1,49412672.0734,0,2023-08-16,23.569482288828397,5.0258,0.13330755890508672,-2.684018842883089,-0.029925187032418976,-0.030382083688122917
2023-08-17,4.668,4.815,4.116,4.424,45912260.7,2023-08-17 23:59:59.999,210503848.0815,439322,22831920.3,104711096.7453,0,2023-08-17,19.286510590858498,4.98625,0.18248716608996704,-3.0810385850521005,-0.05227077977720651,-0.05368645020427587
2023-08-18,4.424,4.557,4.36,4.509,23477367.0,2023-08-18 23:59:59.999,105003661.5621,216161,11572735.1,51771725.1836,0,2023-08-18,25.129265770424013,4.94945,0.20084832585329637,-2.192948326199706,0.01921338155515362,0.019031135218913368
2023-08-19,4.508,4.548,4.447,4.514,9075873.7,2023-08-19 23:59:59.999,40852590.5097,106691,4362713.0,19636574.6522,0,2023-08-19,26.023084994753432,4.91615,0.21530230276756873,-1.8678388239727466,0.001108893324462068,0.0011082789563967026
2023-08-20,4.514,4.528,4.459,4.515,7951536.7,2023-08-20 23:59:59.999,35744695.7683,96799,3988985.6,17932791.4386,0,2023-08-20,23.618634886240514,4.88665,0.2281041486462886,-1.6292996081202473,0.00022153300841809553,0.00022150847360463327
2023-08-21,4.516,4.535,4.347,4.421,15597708.1,2023-08-21 23:59:59.999,69443391.0173,151534,7601124.8,33834670.5947,0,2023-08-21,22.19959266802445,4.8475,0.23775960880060096,-1.7938286580782845,-0.020819490586932332,-0.021039272024842473
2023-08-22,4.422,4.447,4.21,4.421,18978746.6,2023-08-22 23:59:59.999,82904312.0312,181239,9509122.4,41549768.7015,0,2023-08-22,14.4456886898096,4.81575,0.2505080889505267,-1.575797418972607,0.0,0.0
2023-08-23,4.421,4.534,4.375,4.486,17266876.2,2023-08-23 23:59:59.999,76783218.0967,158522,8791373.8,39091657.5064,0,2023-08-23,20.167189132706284,4.7913,0.25790147037021255,-1.1837854183682928,0.014702555982809118,0.014595521253910223
2023-08-24,4.486,4.514,4.36,4.421,14011763.4,2023-08-24 23:59:59.999,62236475.9126,141774,6834059.3,30355474.9141,0,2023-08-24,19.917440660474654,4.76285,0.266082946106266,-1.2847497556775953,-0.01448952296032091,-0.014595521253910332
2023-08-25,4.42,4.494,4.352,4.488,16737624.7,2023-08-25 23:59:59.999,74255495.0016,167932,8538084.1,37890299.7391,0,2023-08-25,25.09652509652507,4.7387,0.26810781413092505,-0.9350715898104147,0.015154942320741993,0.015041253376289117
2023-08-26,4.487,4.51,4.472,4.502,8806353.6,2023-08-26 23:59:59.999,39585916.2711,88286,4163571.1,18716990.7927,0,2023-08-26,23.697148475909415,4.7137,0.2655633733428227,-0.797173184446303,0.0031194295900176527,0.0031145742641451356
2023-08-27,4.503,4.544,4.456,4.486,10383247.0,2023-08-27 23:59:59.999,46792724.9682,92727,5214982.8,23506221.0982,0,2023-08-27,24.642126789365918,4.68965,0.26318620084238836,-0.7737867690181764,-0.0035539760106619855,-0.003560306386523982
2023-08-28,4.486,4.619,4.411,4.607,21542730.4,2023-08-28 23:59:59.999,97246908.2437,211616,10863546.1,49078712.3659,0,2023-08-28,32.694063926940615,4.667199999999999,0.24906257932317358,-0.24170632201590608,0.026972804279982165,0.026615449855763352
2023-08-29,4.607,4.808,4.535,4.674,37847734.2,2023-08-29 23:59:59.999,176159097.3217,321725,19098542.3,88916161.296,0,2023-08-29,43.01619433198379,4.6480500000000005,0.23162798553341774,0.1120330945340628,0.014543086607336608,0.014438350162886231
2023-08-30,4.673,4.676,4.5,4.53,16418574.0,2023-08-30 23:59:59.999,75160531.231,157905,7912986.9,36220404.1227,0,2023-08-30,43.01619433198379,4.624350000000001,0.21708360625187886,-0.43462517335614687,-0.030808729139923052,-0.031293296621723636
2023-08-31,4.531,4.531,4.214,4.268,29513631.2,2023-08-31 23:59:59.999,129187061.2854,270371,13953596.2,61081599.6564,0,2023-08-31,42.24652087475145,4.58755,0.2116535090490892,-1.5097788902043983,-0.05783664459161153,-0.05957660605543577
2023-09-01,4.268,4.293,4.129,4.214,20928984.7,2023-09-01 23:59:59.999,88433209.9305,195159,10478812.1,44281793.1392,0,2023-09-01,34.87179487179485,4.5464,0.19931656914289966,-1.6676987840468307,-0.012652296157450671,-0.012733018057509515
2023-09-02,4.214,4.27,4.196,4.258,9370304.9,2023-09-02 23:59:59.999,39675474.9994,112969,4489459.4,19012001.8196,0,2023-09-02,37.37672583826426,4.5102,0.18093808187260302,-1.3938469856089892,0.010441385856668095,0.010387251089290285
2023-09-03,4.258,4.298,4.22,4.256,9063139.1,2023-09-03 23:59:59.999,38662952.5263,106926,4347536.2,18547662.5268,0,2023-09-03,37.24137931034483,4.4737,0.1510699036457118,-1.4410547352340177,-0.0004697040864255486,-0.0004698144319444646
2023-09-04,4.256,4.318,4.186,4.258,14266180.4,2023-09-04 23:59:59.999,60620821.9759,146682,6944673.3,29516520.1023,0,2023-09-04,41.17009750812564,4.446,0.13579279880971612,-1.3844622222084144,0.00046992481203012026,0.00046981443194451297
2023-09-05,4.258,4.302,4.194,4.254,11689225.5,2023-09-05 23:59:59.999,49683662.3925,127925,5735941.9,24380653.8452,0,2023-09-05,40.992448759439,4.4253,0.13166228728373838,-1.3010559328263904,-0.0009394081728512083,-0.0009398496932423847
2023-09-06,4.254,4.286,4.164,4.269,14711440.5,2023-09-06 23:59:59.999,62299374.0203,151663,7355618.1,31158391.0865,0,2023-09-06,37.62827822120869,4.41755,0.1362256158697809,-1.0904703865828014,0.0035260930888576514,0.0035198909977796657
2023-09-07,4.269,4.309,4.23,4.29,12670021.3,2023-09-07 23:59:59.999,54024463.7257,122663,6300745.4,26871575.5261,0,2023-09-07,42.13685474189675,4.4066,0.1372854881668339,-0.8493250201237864,0.004919184820801004,0.0049071251641004746
2023-09-08,4.291,4.33,4.197,4.249,13709104.9,2023-09-08 23:59:59.999,58335154.1075,135413,6600668.3,28096603.8315,0,2023-09-08,35.19206939281284,4.39335,0.13914977730619338,-1.0373714050750074,-0.009557109557109644,-0.009603071807251177
2023-09-09,4.249,4.276,4.231,4.234,6522150.9,2023-09-09 23:59:59.999,27744949.4043,71128,3247315.3,13814202.4418,0,2023-09-09,33.41584158415844,4.3793,0.14040096715120656,-1.0348931559959778,-0.00353024240997879,-0.003536488420001073
2023-09-10,4.235,4.235,4.085,4.145,19385916.2,2023-09-10 23:59:59.999,80582983.0125,180730,9552335.1,39712114.1313,0,2023-09-10,30.64699205448356,4.3655,0.1493644430249431,-1.4762549609158184,-0.021020311761927313,-0.021244384125415176
2023-09-11,4.146,4.153,3.902,3.985,35730410.5,2023-09-11 23:59:59.999,143795116.9903,287672,17371711.3,69930314.2889,0,2023-09-11,16.195652173913047,4.3437,0.17107711403169526,-2.0967152855614826,-0.03860072376357049,-0.03936547634507985
2023-09-12,3.985,4.095,3.948,3.984,24656311.7,2023-09-12 23:59:59.999,98901087.3694,213399,12291198.6,49301259.3908,0,2023-09-12,9.601873536299749,4.3186,0.18533253186223184,-1.8054034908923984,-0.0002509410288581426,-0.00025097251982648564
2023-09-13,3.984,4.101,3.946,3.995,20371245.7,2023-09-13 23:59:59.999,81605634.4385,198080,10257613.7,41087369.7574,0,2023-09-13,12.898751733703193,4.2973,0.19705358608134196,-1.5341004749602123,0.0027610441767067506,0.002757239495886113
2023-09-14,3.996,4.085,3.968,4.055,18726213.9,2023-09-14 23:59:59.999,75491853.0147,194005,9607100.9,38735648.9775,0,2023-09-14,29.479768786127124,4.275650000000001,0.19877791759739805,-1.1100327574962439,0.015018773466833446,0.01490710834913816
2023-09-15,4.055,4.17,4.043,4.135,15935504.5,2023-09-15 23:59:59.999,65324809.6167,178744,7965074.1,32654853.3037,0,2023-09-15,42.7522935779816,4.2573,0.19365653262831156,-0.6315304644782247,0.019728729963008673,0.019536640908278436
2023-09-16,4.135,4.223,4.128,4.181,12949753.7,2023-09-16 23:59:59.999,54055822.0375,149413,6312468.8,26352515.4132,0,2023-09-16,42.96160877513712,4.24205,0.18657874730367632,-0.3272076851316544,0.011124546553809012,0.011063123898773387
2023-09-17,4.181,4.185,4.021,4.066,14638149.1,2023-09-17 23:59:59.999,60154077.0322,152188,7138524.3,29339191.4048,0,2023-09-17,35.606060606060595,4.215,0.16930072900062987,-0.8800907171489243,-0.027505381487682445,-0.027890737168273144
2023-09-18,4.067,4.216,3.999,4.103,19431369.3,2023-09-18 23:59:59.999,80220925.1883,227686,9539475.7,39392059.8669,0,2023-09-18,38.84892086330935,4.18645,0.13181984315978276,-0.6330609868716639,0.009099852434825362,0.009058698253894123
2023-09-19,4.102,4.169,4.073,4.148,17500980.0,2023-09-19 23:59:59.999,72099680.5761,179220,8829187.6,36380359.6715,0,2023-09-19,42.79891304347828,4.16735,0.10420338159042332,-0.18569454949222625,0.010967584694126176,0.01090787690723179
2023-09-20,4.148,4.165,4.056,4.136,16793948.7,2023-09-20 23:59:59.999,69069603.1694,186634,8236401.6,33876139.15,0,2023-09-20,40.927694406548426,4.16075,0.10164172111746823,-0.24350237016742618,-0.0028929604628735728,-0.0028971531611527873
2023-09-21,4.135,4.164,3.991,4.007,16558544.8,2023-09-21 23:59:59.999,67235229.6512,180566,7819785.4,31751203.5138,0,2023-09-21,33.174791914387626,4.150399999999999,0.10636352757424193,-1.348206507159198,-0.03118955512572541,-0.031686305552120576
2023-09-22,4.007,4.034,3.971,4.015,10701025.3,2023-09-22 23:59:59.999,42924756.1091,127102,5100226.2,20461031.9555,0,2023-09-22,35.519801980198025,4.13825,0.10730030410578471,-1.148645393199365,0.001996506114299912,0.0019945157447174293
2023-09-23,4.015,4.037,3.995,4.03,7923234.1,2023-09-23 23:59:59.999,31807579.2129,96763,3922333.6,15747010.1895,0,2023-09-23,37.37623762376241,4.12695,0.10614115476514084,-0.9134063051652442,0.0037359900373601374,0.0037290285598668544
2023-09-24,4.029,4.058,3.956,3.987,11150909.8,2023-09-24 23:59:59.999,44838716.2612,116860,5410002.5,21760750.8191,0,2023-09-24,39.63254593175857,4.1134,0.1058282620601247,-1.1943879407958913,-0.010669975186104241,-0.010727307559373669
2023-09-25,3.987,4.087,3.939,4.066,17358155.1,2023-09-25 23:59:59.999,70038884.0646,173479,8711989.9,35163812.3279,0,2023-09-25,55.94713656387665,4.104,0.10091789261902967,-0.37654373286858306,0.01981439678956609,0.019620646806936922
2023-09-26,4.065,4.088,3.968,4.01,13873467.1,2023-09-26 23:59:59.999,55827456.3147,134440,6638831.6,26716478.105,0,2023-09-26,51.766304347826065,4.09105,0.09507917752081063,-0.8524474244874523,-0.0137727496310871,-0.01386847388767711
2023-09-27,4.011,4.073,3.963,3.989,20523892.0,2023-09-27 23:59:59.999,82367448.6316,160052,9894195.6,39723893.728,0,2023-09-27,49.59785522788202,4.076,0.08524392244507877,-1.020600618842386,-0.0052369077306733125,-0.00525066839520824
2023-09-28,3.99,4.099,3.979,4.07,19355081.4,2023-09-28 23:59:59.999,78300668.6432,161256,9550551.5,38640640.9239,0,2023-09-28,50.97783572359847,4.06705,0.0748925370333779,0.039389772557517744,0.020305841062923102,0.02010242653123411
2023-09-29,4.071,4.12,4.048,4.07,16148170.8,2023-09-29 23:59:59.999,65916026.5633,143412,7961602.2,32502912.1783,0,2023-09-29,45.269286754002955,4.05885,0.06380915210821393,0.17473982385930117,0.0,0.0
2023-09-30,4.071,4.116,4.067,4.101,9975712.1,2023-09-30 23:59:59.999,40821233.0773,100715,5075926.5,20773902.2879,0,2023-09-30,44.047619047619044,4.056649999999999,0.061395418122635936,0.722366609042591,0.007616707616707519,0.007587846955418482
2023-10-01,4.101,4.287,4.098,4.261,22517162.0,2023-10-01 23:59:59.999,94384245.5055,190568,11115546.2,46589949.3049,0,2023-10-01,63.59832635983264,4.07045,0.07413889879019232,2.570175752667201,0.039014874420872925,0.03827302810785275
2023-10-02,4.261,4.297,4.013,4.117,38714922.8,2023-10-02 23:59:59.999,162762436.1899,283012,18458895.1,77655732.3105,0,2023-10-02,50.849514563106816,4.0771,0.07190776254218106,0.5548775068143018,-0.033794883830086886,-0.0343791317300074
2023-10-03,4.116,4.159,4.045,4.073,17169202.6,2023-10-03 23:59:59.999,70450742.8963,161457,8159196.2,33483372.6299,0,2023-10-03,45.44349939246663,4.081,0.06928810939329035,-0.1154599262420444,-0.010687393733300854,-0.010744914121492012
2023-10-04,4.073,4.073,3.947,4.038,22105988.7,2023-10-04 23:59:59.999,88892490.084,199245,10677498.6,42938395.8891,0,2023-10-04,44.208037825059115,4.08015,0.0697267410617046,-0.6045026536189161,-0.008593174564203276,-0.008630308775629762
2023-10-05,4.038,4.081,3.994,4.02,15167256.7,2023-10-05 23:59:59.999,61198095.9837,141101,7540967.7,30424759.1,0,2023-10-05,50.88435374149658,4.0744,0.06970720719463094,-0.7804071083798961,-0.004457652303120563,-0.004467617259716268
2023-10-06,4.02,4.092,3.988,4.065,13064467.5,2023-10-06 23:59:59.999,52880697.8085,127038,6314586.4,25562085.4717,0,2023-10-06,53.23834196891195,4.0686,0.06504039229288039,-0.05535021965717257,0.011194029850746468,0.011131840368844419
2023-10-07,4.065,4.111,4.04,4.048,8663931.0,2023-10-07 23:59:59.999,35302026.0856,89766,4187050.8,17064681.8283,0,2023-10-07,51.162790697674396,4.0677,0.06520259922273965,-0.30213519452963505,-0.0041820418204182586,-0.004190811014609548
2023-10-08,4.048,4.069,3.993,4.008,11239823.4,2023-10-08 23:59:59.999,45231557.0501,110368,5425811.1,21836547.7758,0,2023-10-08,51.361867704280144,4.06295,0.06595171677372008,-0.8331852859650786,-0.00988142292490124,-0.0099305682026008
2023-10-09,4.008,4.027,3.736,3.875,37421344.0,2023-10-09 23:59:59.999,145037295.9835,276486,17400755.3,67428959.6464,0,2023-10-09,38.42424242424246,4.049300000000001,0.07504672227584455,-2.32255313375762,-0.033183632734530955,-0.03374670097725337
2023-10-10,3.875,3.891,3.765,3.809,19706294.0,2023-10-10 23:59:59.999,75345656.1451,156589,9691813.1,37059904.5366,0,2023-10-10,37.964071856287475,4.0329500000000005,0.08941004004690464,-2.504752261407285,-0.017032258064516137,-0.017178975308843335
2023-10-11,3.809,3.821,3.692,3.737,23567996.5,2023-10-11 23:59:59.999,88277785.3297,188679,11339214.7,42479876.8083,0,2023-10-11,35.77878103837476,4.01945,0.11125053517614165,-2.5388641911052394,-0.018902599107377238,-0.01908353699312012
2023-10-12,3.737,3.737,3.6,3.671,25697170.4,2023-10-12 23:59:59.999,94281391.1344,183716,12398534.9,45490035.5675,0,2023-10-12,27.09529276693459,4.00225,0.13584777664386855,-2.438391029898031,-0.01766122558201777,-0.017819045988649713
2023-10-13,3.672,3.787,3.664,3.718,16692674.6,2023-10-13 23:59:59.999,61888628.2788,140971,8197992.4,30402502.6354,0,2023-10-13,30.827886710239667,3.9866499999999996,0.14970120239339774,-1.7945747642962677,0.0128030509397985,0.01272178478455511
2023-10-14,3.717,3.76,3.714,3.731,8565019.3,2023-10-14 23:59:59.999,31990103.5024,85077,4238054.1,15827596.279,0,2023-10-14,29.444444444444485,3.97385,0.16024299803448847,-1.5155108365342278,0.0034965034965035446,0.0034904049397685676
2023-10-15,3.731,3.774,3.703,3.751,13975122.8,2023-10-15 23:59:59.999,52311933.5021,121147,6630008.9,24819194.5714,0,2023-10-15,16.4473684210527,3.9581000000000004,0.16608301664854339,-1.2469667530079565,0.005360493165371238,0.005346176860729513
2023-10-16,3.75,3.9,3.732,3.773,34606875.2,2023-10-16 23:59:59.999,131264619.6091,240111,16921053.9,64182782.6233,0,2023-10-16,23.040752351097282,3.9462500000000005,0.1705791605033486,-1.0156574782568433,0.0058651026392961825,0.00584796988242312
2023-10-17,3.773,3.777,3.621,3.669,21458014.0,2023-10-17 23:59:59.999,79512381.1561,167171,10310074.6,38212981.56,0,2023-10-17,21.060171919770852,3.93025,0.1810448839322073,-1.4430123311179877,-0.027564272462231698,-0.027951295609028468
2023-10-18,3.669,3.722,3.626,3.65,18340614.7,2023-10-18 23:59:59.999,67373109.9626,140448,8971801.2,32969721.8616,0,2023-10-18,21.55425219941357,3.90925,0.18819890792827107,-1.3775319041639131,-0.005178522758244819,-0.005191977778744925
2023-10-19,3.65,3.659,3.551,3.646,22391305.0,2023-10-19 23:59:59.999,81090212.1988,158501,10767363.9,39004441.3785,0,2023-10-19,22.005988023952213,3.8880500000000007,0.1929588107073719,-1.254412789510178,-0.0010958904109589218,-0.0010964913379288583
2023-10-20,3.646,3.803,3.635,3.714,30703875.8,2023-10-20 23:59:59.999,114400448.8902,212410,15164457.2,56489462.6928,0,2023-10-20,24.602026049204056,3.8687000000000005,0.18985953255838028,-0.8148129194009865,0.018650575973669703,0.018478786674042683
2023-10-21,3.714,3.978,3.704,3.906,37302683.9,2023-10-21 23:59:59.999,143822606.7992,227839,18688747.2,72042949.7544,0,2023-10-21,41.80138568129332,3.8509499999999997,0.16639789819687759,0.33083350569047926,0.05169628432956386,0.05040436952397318
2023-10-22,3.905,3.97,3.8,3.965,37689055.6,2023-10-22 23:59:59.999,146119882.6235,258649,18199213.0,70547128.8564,0,2023-10-22,47.57062146892655,3.84335,0.1568013409519768,0.7758224468071182,0.015104966717869761,0.014992022632323937
2023-10-23,3.964,4.368,3.914,4.357,93545836.4,2023-10-23 23:59:59.999,383699868.1803,603770,47113231.3,193297922.7385,0,2023-10-23,71.06643356643356,3.85755,0.18837406095354056,2.6513735355696437,0.09886506935687267,0.09427789204849378
2023-10-24,4.356,4.42,4.078,4.186,74169502.6,2023-10-24 23:59:59.999,316304044.1302,534420,35567724.9,151638380.8227,0,2023-10-24,65.09207365892712,3.8649500000000003,0.19847218417894266,1.6176070280485284,-0.03924718843240771,-0.04003812311149717
2023-10-25,4.185,4.352,4.131,4.289,39085622.9,2023-10-25 23:59:59.999,166186617.2134,333084,18917773.5,80452432.0458,0,2023-10-25,71.56249999999997,3.8784,0.2177145402830401,1.8859558000407253,0.02460582895365504,0.02430798151093542
2023-10-26,4.289,4.451,4.14,4.234,52608206.3,2023-10-26 23:59:59.999,225834808.2585,417952,25939177.7,111376643.5644,0,2023-10-26,72.18282111899133,3.8868500000000004,0.22835758546658697,1.5202034970316072,-0.012823501981813923,-0.012906432822069974
2023-10-27,4.233,4.237,4.017,4.134,41878043.5,2023-10-27 23:59:59.999,173300742.771,331437,20745444.7,85862712.5821,0,2023-10-27,65.7337367624811,3.8911500000000006,0.23232696446834825,1.0452940774900246,-0.02361832782239004,-0.023901711453096757
2023-10-28,4.134,4.223,4.129,4.179,20429227.5,2023-10-28 23:59:59.999,85394140.0875,162298,9773501.6,40855522.882,0,2023-10-28,66.54357459379617,3.8997,0.2398774028938065,1.1643447720819537,0.010885341074020394,0.010826522206201894
2023-10-29,4.18,4.353,4.122,4.313,26221948.2,2023-10-29 23:59:59.999,111024162.1724,212271,12658078.8,53590734.1961,0,2023-10-29,69.141689373297,3.9215999999999993,0.25689408015576887,1.5235851280133559,0.03206508734146918,0.03156173419992767
2023-10-30,4.312,4.53,4.23,4.521,48257845.5,2023-10-30 23:59:59.999,210572949.1603,367754,24307569.8,106111835.2633,0,2023-10-30,72.61185006045949,3.9571999999999994,0.28792828054025843,1.958126513109814,0.048226292603756216,0.04709949064676214
2023-10-31,4.522,4.6,4.267,4.449,55598763.9,2023-10-31 23:59:59.999,247745201.098,448143,26759436.8,119253774.0914,0,2023-10-31,74.04438964241677,3.9928,0.3028968210604985,1.506123433064627,-0.015925680159256772,-0.016053856488563334
2023-11-01,4.449,4.812,4.321,4.732,61790260.5,2023-11-01 23:59:59.999,279541497.7435,547934,30398172.4,137563428.7991,0,2023-11-01,78.68504772004243,4.04585,0.3348022629272234,2.0494186449066807,0.06360979995504623,0.06166859429223576
2023-11-02,4.732,4.804,4.516,4.633,54963897.4,2023-11-02 23:59:59.999,256826672.677,518607,26528771.2,123982320.7749,0,2023-11-02,74.91166077738517,4.091600000000001,0.34982377518151103,1.547636376970337,-0.02092138630600171,-0.021143339681629042
2023-11-03,4.633,4.648,4.455,4.614,25553052.1,2023-11-03 23:59:59.999,116389925.1137,368917,12633753.8,57553750.145,0,2023-11-03,73.2919254658385,4.13575,0.3575532165001663,1.337563131668199,-0.004101014461472041,-0.00410944668294939
2023-11-04,4.614,4.784,4.587,4.687,20314001.5,2023-11-04 23:59:59.999,94935600.9951,286912,9725596.1,45460756.351,0,2023-11-04,71.53888582460011,4.18255,0.3657063065215268,1.3793855643293549,0.01582141309059404,0.01569755918900734
2023-11-05,4.687,4.912,4.654,4.762,39437682.6,2023-11-05 23:59:59.999,188495598.5605,519485,18670111.4,89237405.6229,0,2023-11-05,71.78786221979223,4.232,0.3741802267668661,1.4164297364922418,0.016001706848730368,0.015875029124101808
2023-11-06,4.763,4.997,4.674,4.97,34746879.3,2023-11-06 23:59:59.999,168339860.9929,493881,16861878.3,81713130.6159,0,2023-11-06,68.63221884498479,4.2970500000000005,0.38410873939843326,1.7519778411028368,0.043679126417471625,0.0427520920438663
2023-11-07,4.97,5.009,4.72,4.929,40686718.8,2023-11-07 23:59:59.999,199411532.9631,635760,19301560.6,94611717.3405,0,2023-11-07,74.52145214521455,4.361,0.37711829778514006,1.5061586863748884,-0.008249496981891258,-0.008283712385296549
2023-11-08,4.929,5.098,4.86,5.033,30935572.2,2023-11-08 23:59:59.999,154162463.5873,461768,14605108.0,72802496.31,0,2023-11-08,74.53825857519793,4.43035,0.3660828601892809,1.6462120069986454,0.02109961452627318,0.020880100070982323
2023-11-09,5.034,5.269,4.371,5.093,61426120.2,2023-11-09 23:59:59.999,307319442.0906,870469,29157047.1,145952432.7898,0,2023-11-09,78.23800131492442,4.4993,0.3537157794467625,1.6784662559544008,0.011921319292668375,0.011850820108244611
2023-11-10,5.093,5.321,4.97,5.303,35114659.2,2023-11-10 23:59:59.999,180360405.5991,633085,17352235.8,89156998.7457,0,2023-11-10,85.83690987124464,4.5691500000000005,0.36803393364450004,1.9939737424018542,0.0412330649911643,0.040405650252525335
2023-11-11,5.302,5.684,5.086,5.56,47556163.8,2023-11-11 23:59:59.999,257090031.7027,865390,23306037.7,126012693.4903,0,2023-11-11,87.46608790016278,4.648899999999999,0.4015178963018829,2.2691392049807564,0.04846313407505187,0.047325410107498085
2023-11-12,5.56,5.86,5.345,5.712,50138524.5,2023-11-12 23:59:59.999,284941581.2109,868804,24440922.6,138934794.2085,0,2023-11-12,87.58731864588931,4.71665,0.45976484549816926,2.164911062135488,0.027338129496402797,0.026971116774792175
2023-11-13,5.712,5.895,5.328,5.352,45288979.5,2023-11-13 23:59:59.999,253472549.084,852775,21739048.1,121727836.1741,0,2023-11-13,70.64083457526083,4.77495,0.4628511725088313,1.2467290443970744,-0.0630252100840335,-0.06509890221135582
2023-11-14,5.353,5.526,4.96,5.2,28966797.1,2023-11-14 23:59:59.999,217692376.3891,675812,19493673.1,103290675.2899,0,2023-11-14,67.94075489727666,4.820500000000001,0.4573042865799321,0.8298632029850141,-0.02840059790732441,-0.0288116972385457
2023-11-15,5.2,5.642,5.186,5.567,32089103.9,2023-11-15 23:59:59.999,173889246.8115,454340,16185330.7,87723479.4783,0,2023-11-15,69.17776757005053,4.88715,0.4644097867165027,1.4639011051139026,0.07057692307692309,0.06819768361398906
2023-11-16,5.567,5.8,5.267,5.355,47197422.6,2023-11-16 23:59:59.999,262092471.2228,717333,23025294.7,127911788.9123,0,2023-11-16,65.76419213973801,4.9482,0.43979416237738744,0.9249781711539076,-0.038081552002874,-0.03882560530165854
2023-11-17,5.355,5.489,5.052,5.245,36472992.5,2023-11-17 23:59:59.999,193137285.5134,526186,17911536.7,94832824.3947,0,2023-11-17,63.25073498530031,5.0015,0.4048757444193523,0.6014190856239429,-0.020541549953314697,-0.020755462051451633
2023-11-18,5.244,5.294,4.988,5.292,24604872.8,2023-11-18 23:59:59.999,127016781.1554,341673,11943396.0,61677939.4015,0,2023-11-18,62.84501061571126,5.05045,0.3753594032084734,0.6435165815357077,0.008960915157292693,0.008921004404448787
2023-11-19,5.291,5.483,5.173,5.436,26407332.9,2023-11-19 23:59:59.999,140609152.2906,321055,12974703.7,69073625.3049,0,2023-11-19,63.90264026402642,5.0962000000000005,0.36298972001997654,0.9361146645731431,0.027210884353741527,0.026847250036188056
2023-11-20,5.436,5.572,5.251,5.302,33790082.4,2023-11-20 23:59:59.999,183272426.6258,427919,16116303.9,87409058.8396,0,2023-11-20,57.06382978723405,5.13885,0.3317080636218563,0.4918481577402628,-0.024650478292862488,-0.024959388422063574
2023-11-21,5.303,5.329,4.811,4.855,40553276.0,2023-11-21 23:59:59.999,205859041.268,556686,20004850.3,101572990.6983,0,2023-11-21,48.657474600870835,5.145,0.32483696315175775,-0.8927555447700593,-0.08430780837419827,-0.08807500612354541
2023-11-22,4.854,5.29,4.839,5.174,27814808.9,2023-11-22 23:59:59.999,142005014.1708,329507,13406140.6,68418673.6062,0,2023-11-22,52.37293840457758,5.1720500000000005,0.30165551544448593,0.0064643273540899585,0.06570545829042218,0.0636369820205491
2023-11-23,5.174,5.22,5.081,5.138,15752701.8,2023-11-23 23:59:59.999,81186524.4179,201958,7643735.3,39401545.3041,0,2023-11-23,50.763488293179506,5.19825,0.2719264364496117,-0.22156727674826246,-0.006957866254348799,-0.006982185076145688
2023-11-24,5.138,5.294,5.12,5.242,24604040.5,2023-11-24 23:59:59.999,128399652.4958,269737,11935936.5,62285109.9352,0,2023-11-24,48.92643435410067,5.226,0.24388003953233023,0.06560602512071906,0.020241339042428974,0.020039206213522776
2023-11-25,5.241,5.39,5.211,5.331,17258850.2,2023-11-25 23:59:59.999,91680724.0525,220324,8480879.7,45055520.2743,0,2023-11-25,45.71642349420129,5.25445,0.21880211559204607,0.34985950566733404,0.016978252575353014,0.01683573293940947
2023-11-26,5.331,5.417,5.14,5.329,27699227.6,2023-11-26 23:59:59.999,146872648.2893,309887,13153647.4,69765121.0261,0,2023-11-26,42.40982956797464,5.272399999999999,0.2087323645199326,0.27116063256493933,-0.00037516413430893625,-0.00037523452597894264
2023-11-27,5.33,5.378,5.034,5.155,30350552.9,2023-11-27 23:59:59.999,157784056.4068,340210,14558647.4,75686035.975,0,2023-11-27,45.7851946940522,5.2837,0.19481708019299673,-0.6606196944975354,-0.032651529367611065,-0.03319648584572184
2023-11-28,5.155,5.315,5.103,5.275,28637912.4,2023-11-28 23:59:59.999,148946791.1485,318095,14310868.0,74449291.2487,0,2023-11-28,51.62689804772234,5.2958,0.18573002477614114,-0.11199050893935729,0.023278370514064006,0.023011561893206935
2023-11-29,5.276,5.404,5.152,5.16,27027008.9,2023-11-29 23:59:59.999,142531178.2367,329920,13190532.7,69575070.3363,0,2023-11-29,40.087676570871906,5.29915,0.18245497641647265,-0.7626539036259301,-0.02180094786729858,-0.02204209986865883
2023-11-30,5.161,5.575,5.118,5.475,43897080.4,2023-11-30 23:59:59.999,236099813.229,489203,21552257.0,115957373.6033,0,2023-11-30,52.78293135435992,5.30775,0.1866513425676166,0.8960557031054357,0.06104651162790686,0.059255696209093045
2023-12-01,5.474,5.527,5.368,5.471,27420449.1,2023-12-01 23:59:59.999,149483214.7012,351519,13663028.0,74503436.0076,0,2023-12-01,55.512195121951216,5.3033,0.1813052384013416,0.9249594853336517,-0.0007305936073058739,-0.0007308606208755844
2023-12-02,5.47,5.607,5.452,5.564,20509731.3,2023-12-02 23:59:59.999,113118392.6448,254296,9982811.7,55060521.6587,0,2023-12-02,56.48854961832062,5.2959000000000005,0.16613149515457143,1.6137819005996124,0.016998720526411937,0.016855858979507553
2023-12-03,5.563,5.627,5.427,5.542,23795732.7,2023-12-03 23:59:59.999,131284651.0493,297137,11409460.9,62950921.5955,0,2023-12-03,52.684903748733525,5.305400000000001,0.17471884180675448,1.3541756432983205,-0.003953989935298385,-0.0039618276204098435
2023-12-04,5.542,5.725,5.374,5.638,42526786.0,2023-12-04 23:59:59.999,237687164.5668,479965,20535757.6,114799562.0353,0,2023-12-04,58.677685950413235,5.327299999999999,0.18777480913437852,1.6546415434119939,0.017322266329844904,0.017173946251134217
2023-12-05,5.637,5.949,5.511,5.908,48063498.0,2023-12-05 23:59:59.999,272664598.6904,571650,23858955.3,135401133.2918,0,2023-12-05,79.93177942012505,5.34435,0.22288426899740024,2.5288909017018804,0.04788932245477118,0.04677797197721254
2023-12-06,5.909,6.203,5.766,6.05,61273883.0,2023-12-06 23:59:59.999,367629734.3218,694479,30321971.8,181986009.9948,0,2023-12-06,77.68647281921615,5.379099999999999,0.27314424567516316,2.4562113631266773,0.0240352064996614,0.023750907373616653
2023-12-07,6.05,6.311,5.903,6.247,43144936.5,2023-12-07 23:59:59.999,263619391.0895,573347,21123523.3,129044113.3993,0,2023-12-07,81.81296615031553,5.4292,0.3326619273268641,2.458351656203967,0.03256198347107442,0.0320430764686828
2023-12-08,6.247,6.922,6.172,6.846,50407264.4,2023-12-08 23:59:59.999,330155491.6794,677362,24687187.6,161710217.7506,0,2023-12-08,85.8355674709562,5.5069,0.4571287852606515,2.9293714226209913,0.0958860252921403,0.0915631915965608
2023-12-09,6.846,7.697,6.835,7.11,99685063.4,2023-12-09 23:59:59.999,733598133.2179,1391116,47791203.1,351693997.9966,0,2023-12-09,86.86282635723165,5.5906,0.58016135686384,2.6189265831377893,0.03856266432953559,0.037837703707156015
2023-12-10,7.109,7.36,6.962,7.351,38743535.3,2023-12-10 23:59:59.999,279152583.0252,596814,19517078.5,140605325.0497,0,2023-12-10,88.12217194570137,5.69305,0.6958884873600081,2.3824937904775,0.03389592123769325,0.03333411457680094
2023-12-11,7.352,7.367,6.158,6.708,76137821.9,2023-12-11 23:59:59.999,511218451.7673,1035816,36491277.9,244986257.888,0,2023-12-11,74.87984620314002,5.7857,0.7017673253618083,1.3142532669563836,-0.08747109236838524,-0.09153551443098815
2023-12-12,6.707,7.344,6.697,7.135,75784318.2,2023-12-12 23:59:59.999,535560028.2188,1084869,37411683.4,264436860.6174,0,2023-12-12,77.12952158693116,5.88375,0.747318988819856,1.6743184887833997,0.06365533691115077,0.06171140696783724
2023-12-13,7.135,7.652,6.612,7.607,62511005.3,2023-12-13 23:59:59.999,439884105.315,932127,30878338.0,217441791.8379,0,2023-12-13,82.32496697490093,6.0072,0.8182097659223678,1.955244323192043,0.06615276804484949,0.06405662508636452
2023-12-14,7.607,7.778,6.91,7.513,66577536.2,2023-12-14 23:59:59.999,493165576.969,954896,33095859.8,245235300.2352,0,2023-12-14,78.59147025813694,6.12075,0.862795571016987,1.61364991519247,-0.012357039568818284,-0.012434022628140657
2023-12-15,7.513,7.569,6.918,6.953,46306789.1,2023-12-15 23:59:59.999,334908164.1945,719122,22350130.8,161660868.2654,0,2023-12-15,67.98543689320388,6.20185,0.8608838343899249,0.8725335172919247,-0.07453746838812725,-0.07746163227014279
2023-12-16,6.953,7.358,6.863,7.09,36865494.4,2023-12-16 23:59:59.999,263119718.4845,609167,17674475.2,126151631.9559,0,2023-12-16,68.32372718539865,6.2899,0.8569586921188866,0.9336506034167176,0.019703725010786544,0.019512119427155195
2023-12-17,7.091,7.165,6.749,6.79,37485993.4,2023-12-17 23:59:59.999,261339606.0988,595340,18382799.7,128155999.0314,0,2023-12-17,64.0477262494372,6.371650000000001,0.8201933838066608,0.5100626367630081,-0.042313117066290484,-0.0432343989734313
2023-12-18,6.79,6.886,6.375,6.883,38849048.9,2023-12-18 23:59:59.999,258431499.7036,627867,18628710.6,123934627.4941,0,2023-12-18,64.0234287001577,6.45205,0.7850974109847514,0.5489127768991845,0.013696612665684782,0.013603661845622334
2023-12-19,6.882,7.048,6.61,6.707,28972528.4,2023-12-19 23:59:59.999,197797975.7981,488109,14265010.8,97408772.6694,0,2023-12-19,59.19447640966629,6.5294,0.7250091396870103,0.24496242913112887,-0.025570245532471336,-0.025902846298627
2023-12-20,6.707,7.143,6.618,6.959,33716891.4,2023-12-20 23:59:59.999,234374774.2572,564205,16720625.3,116226023.8013,0,2023-12-20,60.20202020202021,6.6036,0.6863254866915061,0.5178301066936,0.03757268525421198,0.03688402874511279
2023-12-21,6.96,8.447,6.922,8.432,103845906.6,2023-12-21 23:59:59.999,804460877.2513,1638318,51050296.8,395538355.693,0,2023-12-21,69.06299075205027,6.751650000000001,0.7459257247476,2.2527041825358447,0.21166834315275196,0.1919982059362936
2023-12-22,8.432,8.583,7.851,7.958,62150957.9,2023-12-22 23:59:59.999,506845434.1957,1172298,30347759.2,247484660.1736,0,2023-12-22,59.917945058865506,6.871350000000001,0.7373460428050295,1.4737313783717327,-0.05621442125237197,-0.057856279794269674
2023-12-23,7.959,8.448,7.584,8.333,41667081.9,2023-12-23 23:59:59.999,329812899.4923,714793,20580082.7,162930583.3186,0,2023-12-23,60.696169319573194,7.010900000000001,0.7366235130635835,1.7948110215779638,0.04712239256094497,0.046045823395332836
2023-12-24,8.332,9.25,8.319,8.619,93526716.0,2023-12-24 23:59:59.999,822920741.2025,1555186,44941290.9,395489714.8659,0,2023-12-24,61.003123915307185,7.15995,0.7457416989662625,1.9565085364309327,0.0343213728549141,0.033745533265192376
2023-12-25,8.619,9.4,8.507,9.202,70914380.8,2023-12-25 23:59:59.999,645643561.1074,1312440,34480538.0,313845970.3264,0,2023-12-25,71.86951946685373,7.32465,0.8152026080082233,2.302924428304898,0.06764125768650664,0.06545178306801475
2023-12-26,9.203,9.595,8.299,8.825,62617229.2,2023-12-26 23:59:59.999,563524260.1654,1227390,30062057.6,270635078.5772,0,2023-12-26,64.95046001415429,7.4634,0.8229547790852199,1.6545259042222547,-0.04096935448815486,-0.04183224891391651
2023-12-27,8.825,9.032,8.413,8.703,41125383.4,2023-12-27 23:59:59.999,360990573.7703,888474,20105835.2,176464829.1352,0,2023-12-27,60.33572236891738,7.5862,0.8150950606480762,1.370146936127965,-0.013824362606232321,-0.013920809011983835
2023-12-28,8.704,8.923,8.272,8.435,38361018.9,2023-12-28 23:59:59.999,327888180.5435,859894,18598876.4,159005130.907,0,2023-12-28,58.41855368882397,7.665649999999999,0.8165891368486415,0.9421506670650256,-0.030793979087670786,-0.031278077809444894
2023-12-29,8.436,8.694,8.038,8.298,37467157.1,2023-12-29 23:59:59.999,314393411.2377,855155,18203399.5,152883646.9211,0,2023-12-29,63.30892539085691,7.72505,0.8172511998659712,0.7010696345186929,-0.016241849436870237,-0.016375194087255518
2023-12-30,8.297,8.496,8.101,8.355,21010776.2,2023-12-30 23:59:59.999,174939564.7857,512081,9892719.8,82363862.9585,0,2023-12-30,62.718680876734375,7.77525,0.8238744714669843,0.7036872971287754,0.006869125090383177,0.00684564013668083
2023-12-31,8.356,8.66,8.025,8.207,25468951.2,2023-12-31 23:59:59.999,214420393.9413,601751,12194254.3,102682140.9121,0,2023-12-31,64.69612113669363,7.850200000000001,0.7891250718013791,0.4521463235042233,-0.017713943746259675,-0.017872713399782386
2024-01-01,8.208,8.676,8.068,8.607,18891378.5,2024-01-01 23:59:59.999,157802607.229,454748,9207005.9,76955901.5137,0,2024-01-01,66.80967238689547,7.923800000000002,0.7875526782703474,0.8674975260073612,0.0487388814426708,0.04758837701976274
2024-01-02,8.608,8.819,8.321,8.418,28820161.3,2024-01-02 23:59:59.999,247367704.0737,610439,14005892.4,120218043.9385,0,2024-01-02,66.64073137521882,7.964349999999999,0.7912525230679047,0.5733315051446207,-0.021958870686650367,-0.022203555318958505
2024-01-03,8.418,8.587,6.419,7.624,59130365.7,2024-01-03 23:59:59.999,454998910.4457,1131507,27671951.5,213274270.6529,0,2024-01-03,55.850783037128274,7.9699,0.7883038353580887,-0.43879020307299976,-0.0943216916132098,-0.09907110399647791
2024-01-04,7.624,7.997,7.461,7.874,26375273.0,2024-01-04 23:59:59.999,203984618.7677,575323,12990330.5,100472762.9798,0,2024-01-04,43.744394618834065,8.01595,0.7518305712678262,-0.18880583661373,0.03279118572927597,0.032265026169644793
2024-01-05,7.874,7.952,7.159,7.445,35728095.4,2024-01-05 23:59:59.999,268761305.7943,730697,17312532.8,130256506.9986,0,2024-01-05,44.190260475651186,8.0337,0.7327681546159208,-0.8033919000049414,-0.054483108966217886,-0.05602352638557342
2024-01-06,7.446,7.447,6.94,7.134,23724799.2,2024-01-06 23:59:59.999,170068806.6154,479773,11551958.3,82810522.1511,0,2024-01-06,36.221558262468385,8.0509,0.7055713548892665,-1.2995142073814772,-0.04177300201477496,-0.042670579199272474
2024-01-07,7.134,7.324,6.812,6.897,27199051.8,2024-01-07 23:59:59.999,194043467.9367,554384,13365231.8,95350072.2959,0,2024-01-07,29.986052998605288,8.0516,0.7043575945858762,-1.6392241794153466,-0.033221194280908306,-0.03378555248754557
2024-01-08,6.897,7.502,6.504,7.481,39710390.9,2024-01-08 23:59:59.999,277597296.7261,733879,19608416.6,137118424.8761,0,2024-01-08,30.002323960027866,8.090300000000001,0.6453866323850604,-0.9440852497181429,0.08467449615774969,0.08127993844111363
2024-01-09,7.48,7.526,6.906,7.125,37368519.6,2024-01-09 23:59:59.999,269328666.4658,733032,18139736.6,130703801.6983,0,2024-01-09,30.14946286781877,8.098600000000001,0.6309783881512591,-1.5430005500705173,-0.04758722095976475,-0.048756746735553656
2024-01-10,7.126,8.089,6.791,7.988,39455653.8,2024-01-10 23:59:59.999,288863997.5615,871721,19302294.1,141462136.138,0,2024-01-10,42.88273939876568,8.0764,0.6264251456926562,-0.1411182175681226,0.12112280701754385,0.11433068939885456
2024-01-11,7.988,8.58,7.854,8.149,49874099.8,2024-01-11 23:59:59.999,410742136.2462,1073705,24698989.3,203429292.1003,0,2024-01-11,47.091131000813654,8.08595,0.6259808703132796,0.1007219277618573,0.020155232849273785,0.019954804784513835
2024-01-12,8.149,8.219,7.291,7.566,40510552.0,2024-01-12 23:59:59.999,319144784.2822,913514,19464467.4,153489979.6131,0,2024-01-12,43.17418873554643,8.0476,0.6334985897032959,-0.7602226868816876,-0.07154252055466925,-0.0742306941272452
2024-01-13,7.566,7.752,7.368,7.614,19033249.5,2024-01-13 23:59:59.999,145162050.1363,497263,9238377.3,70469618.5074,0,2024-01-13,43.07864748739024,7.99735,0.6255985996570849,-0.6127731107616438,0.006344171292624878,0.006324131749468081
2024-01-14,7.614,7.7,7.314,7.321,20942719.9,2024-01-14 23:59:59.999,158183019.143,534477,9934864.0,75050585.0128,0,2024-01-14,41.9425245543834,7.9033,0.5742481675137527,-1.0140215205581034,-0.038481744155503095,-0.03924172729580006
2024-01-15,7.321,7.695,7.308,7.507,22395779.9,2024-01-15 23:59:59.999,169251392.5127,567757,10969873.7,82911536.5109,0,2024-01-15,39.591218773656315,7.8374,0.5373485000672099,-0.614870982162739,0.025406365250648877,0.025088987926359746
2024-01-16,7.507,7.698,7.336,7.488,21337559.2,2024-01-16 23:59:59.999,160450483.0079,538926,10429600.4,78440394.8284,0,2024-01-16,40.9073132577239,7.776650000000001,0.5018455701846459,-0.5751769411729517,-0.002530971093645862,-0.0025341794155743207
2024-01-17,7.489,7.597,7.253,7.351,20415761.0,2024-01-17 23:59:59.999,151129030.4951,494519,9914443.1,73397811.9017,0,2024-01-17,46.937401839802554,7.72245,0.48526340920571265,-0.7654605580255802,-0.018295940170940272,-0.018465380783340445
2024-01-18,7.35,7.394,6.811,7.017,33320376.4,2024-01-18 23:59:59.999,237634899.7798,645740,16131012.2,115051911.2445,0,2024-01-18,40.563752477427876,7.6584,0.4898165499753338,-1.3094698413769392,-0.045435995102707016,-0.04650058212179881
2024-01-19,7.017,7.052,6.566,6.89,30553133.7,2024-01-19 23:59:59.999,208824916.3348,612245,14765531.0,100945955.4069,0,2024-01-19,43.45364472753007,7.5851500000000005,0.48970240963074474,-1.4195355920837143,-0.018098902664956618,-0.018264691244584547
2024-01-20,6.89,6.947,6.773,6.91,14306828.0,2024-01-20 23:59:59.999,98061867.0379,286152,7006540.4,48023426.6694,0,2024-01-20,47.163120567375884,7.520299999999999,0.48889672787253513,-1.24832089315827,0.002902757619738905,0.002898552754011479
2024-01-21,6.91,6.975,6.798,6.813,12083952.0,2024-01-21 23:59:59.999,83280308.0668,241475,5801421.9,39986480.923,0,2024-01-21,48.897058823529406,7.4306,0.4412789307626139,-1.3995682933075235,-0.014037626628075284,-0.014137085988047452
2024-01-22,6.814,6.848,6.284,6.341,39258227.3,2024-01-22 23:59:59.999,257477849.0865,648747,19267320.1,126416484.2397,0,2024-01-22,34.57792207792208,7.32675,0.441074510352119,-2.234883170222316,-0.06927931894906791,-0.07179606707363649
2024-01-23,6.342,6.454,5.962,6.355,40142566.7,2024-01-23 23:59:59.999,248378459.1685,614306,19687605.0,121807586.996,0,2024-01-23,38.5211687537269,7.263300000000001,0.4851375388249158,-1.8722525620261319,0.0022078536508438606,0.0022054199235229475
2024-01-24,6.356,6.54,6.256,6.461,25701145.9,2024-01-24 23:59:59.999,164369813.9807,388172,12681574.3,81097712.3916,0,2024-01-24,20.60069310743164,7.192649999999999,0.4943210415341539,-1.4801109775324965,0.016679779701022746,0.01654219993461097
2024-01-25,6.461,6.57,6.346,6.44,19760057.3,2024-01-25 23:59:59.999,127523434.0941,356193,9915396.9,63995178.7538,0,2024-01-25,15.221815221815248,7.142399999999999,0.517840292386754,-1.356402756461069,-0.00325027085590468,-0.003255564459766185
2024-01-26,6.44,6.73,6.357,6.669,19250563.1,2024-01-26 23:59:59.999,126126503.6155,337571,9534932.4,62466787.8256,0,2024-01-26,28.67332382310984,7.11915,0.5285650161654052,-0.8516454669393673,0.03555900621117991,0.034941383533906765
2024-01-27,6.668,6.754,6.526,6.668,14899278.1,2024-01-27 23:59:59.999,99094614.1857,262342,7317904.1,48671927.5339,0,2024-01-27,26.99416342412451,7.1076999999999995,0.536057842517448,-0.8202473037892131,-0.0001499475183684984,-0.00014995876162157682
2024-01-28,6.668,6.874,6.563,6.866,19626837.5,2024-01-28 23:59:59.999,131585899.2215,342963,9718611.8,65175142.2429,0,2024-01-28,38.39877613462517,7.076949999999999,0.531133690671723,-0.3971693072853499,0.0296940611877623,0.0292617301469526
2024-01-29,6.867,7.295,6.7,7.032,37399355.0,2024-01-29 23:59:59.999,260214404.3645,589487,18294828.6,127287469.8936,0,2024-01-29,37.764039155074705,7.0723,0.5310979788664604,-0.07588053730879153,0.0241771045732595,0.023889465347375523
2024-01-30,7.032,7.082,6.817,6.836,22475667.3,2024-01-30 23:59:59.999,157027888.0599,409800,10935815.9,76408531.3641,0,2024-01-30,34.608120868744095,7.0147,0.48721616298294856,-0.366777651434881,-0.027872582480090946,-0.02826839512953135
2024-01-31,6.836,6.885,6.581,6.651,26014331.3,2024-01-31 23:59:59.999,175637349.5848,416063,12702040.6,85769663.3764,0,2024-01-31,33.84118190212372,6.9398,0.41318106136635224,-0.6989671768714781,-0.02706260971328267,-0.027435545951060403
2024-02-01,6.651,6.816,6.525,6.789,16850357.7,2024-02-01 23:59:59.999,112668679.6209,305792,8182673.8,54724802.6309,0,2024-02-01,44.213197969543124,6.90095,0.38689594344057393,-0.2893542873684728,0.020748759585024867,0.02053643601722597
2024-02-02,6.789,7.025,6.762,6.945,16297558.0,2024-02-02 23:59:59.999,112236256.1256,297104,8207663.5,56512372.6021,0,2024-02-02,51.37568784392198,6.8675,0.3490741890656248,0.2220158419831803,0.02297834732655768,0.022718320886797087
2024-02-03,6.944,7.008,6.81,6.825,10259323.6,2024-02-03 23:59:59.999,70815211.7099,214588,5062300.5,34948277.4048,0,2024-02-03,47.97522629823726,6.842699999999999,0.3323794755811683,-0.05325238560248077,-0.017278617710583144,-0.017429635135283648
2024-02-04,6.825,6.825,6.633,6.665,11789321.0,2024-02-04 23:59:59.999,79695000.7237,246256,5554658.7,37552186.1773,0,2024-02-04,46.577243293247,6.8006,0.29503619759764155,-0.4596046217519586,-0.02344322344322347,-0.023722387440351465
2024-02-05,6.665,6.972,6.587,6.733,21463708.0,2024-02-05 23:59:59.999,146083825.4108,350711,10823496.0,73677797.7196,0,2024-02-05,61.149032992036396,6.7628499999999985,0.2468144999114878,-0.12094103065542575,0.010202550637659291,0.010150855932471716
2024-02-06,6.733,6.831,6.635,6.808,15120347.8,2024-02-06 23:59:59.999,101837316.8167,259661,7459468.6,50254073.8771,0,2024-02-06,62.45189664650906,6.7357,0.2050425116337669,0.3526098047859345,0.011139165305213083,0.011077581707929135
2024-02-07,6.808,6.964,6.668,6.939,16034949.1,2024-02-07 23:59:59.999,109171378.8509,295420,8080517.1,55044341.1498,0,2024-02-07,62.96095444685466,6.7318,0.2000925049182296,1.0355210460515512,0.019242068155111758,0.01905928064633893
2024-02-08,6.94,7.107,6.867,7.011,20879463.7,2024-02-08 23:59:59.999,145820463.0747,352554,10354595.2,72328565.9213,0,2024-02-08,65.06596306068602,6.73785,0.20684300555132273,1.320566771266651,0.01037613488975353,0.010322672307418738
2024-02-09,7.011,7.329,6.957,7.192,26640713.3,2024-02-09 23:59:59.999,190408850.0033,391437,13230582.5,94572871.0058,0,2024-02-09,64.15809420682189,6.751949999999999,0.22775066583351658,1.93215681012179,0.025816573955213196,0.025488952944488514
2024-02-10,7.192,7.29,7.055,7.2,15472697.2,2024-02-10 23:59:59.999,111064467.1023,261876,7219720.3,51818236.7778,0,2024-02-10,64.34735706580366,6.771300000000001,0.24868815813813283,1.7238456515564344,0.0011123470522802492,0.0011117288526904154
2024-02-11,7.2,7.343,7.075,7.098,17707930.2,2024-02-11 23:59:59.999,127785118.8689,292782,8336845.7,60147818.1778,0,2024-02-11,56.598407281001144,6.80915,0.23708676514867774,1.2183303434034432,-0.01416666666666666,-0.014267971797704894
2024-02-12,7.099,7.38,6.976,7.342,24626129.0,2024-02-12 23:59:59.999,176699415.3034,405512,12021000.0,86263868.0585,0,2024-02-12,58.44226579520696,6.858500000000001,0.24028064731023066,2.012230304073315,0.03437588052972673,0.03379823085033787
2024-02-13,7.342,7.456,7.108,7.36,27067120.3,2024-02-13 23:59:59.999,197523570.974,439747,13080267.1,95457819.4141,0,2024-02-13,65.80217129071168,6.903449999999999,0.24602598813996396,1.8556982676979232,0.0024516480523020245,0.0024486476661425183
2024-02-14,7.359,7.715,7.279,7.653,30857393.2,2024-02-14 23:59:59.999,233990296.5357,493802,14934405.3,113250912.1247,0,2024-02-14,78.36919592298979,6.9641,0.27371881461058933,2.51681639415279,0.03980978260869561,0.03903779508699912
2024-02-15,7.652,7.958,7.529,7.784,37476248.7,2024-02-15 23:59:59.999,291230292.0354,538972,18433760.6,143272559.8073,0,2024-02-15,78.28311540648093,7.01985,0.3200747075593385,2.3874113822577954,0.017117470273095625,0.01697261705592001
2024-02-16,7.784,7.873,7.54,7.655,25501586.6,2024-02-16 23:59:59.999,196776266.5976,392040,12319473.7,95030373.9447,0,2024-02-16,70.49653579676674,7.0692,0.33852755465589884,1.7304352096107645,-0.016572456320657736,-0.016711315774056837
2024-02-17,7.655,7.718,7.341,7.712,22686512.8,2024-02-17 23:59:59.999,171359622.941,400639,10687861.7,80752397.3003,0,2024-02-17,76.57279808268423,7.1114999999999995,0.36371858699338083,1.651001685022296,0.007446113651208286,0.00741852819859734
2024-02-18,7.713,7.927,7.682,7.866,20385696.1,2024-02-18 23:59:59.999,158818493.7645,371341,9825369.8,76556462.6863,0,2024-02-18,86.10944076969332,7.153200000000001,0.4001121684809997,1.7815004295073016,0.01996887966804972,0.01977211670137323
2024-02-19,7.866,8.155,7.654,8.037,33881060.5,2024-02-19 23:59:59.999,265607430.2751,518075,16364850.2,128272385.3847,0,2024-02-19,86.91959229898076,7.2132499999999995,0.4383024520486198,1.8794099739798509,0.021739130434782705,0.021506205220963682
2024-02-20,8.037,8.126,7.35,7.735,45557129.0,2024-02-20 23:59:59.999,352751616.8968,710887,21481148.6,166362489.2524,0,2024-02-20,73.25639739086803,7.267449999999999,0.4320950766455315,1.082053523103562,-0.03757621002861766,-0.03830039520555195
2024-02-21,7.735,7.737,7.23,7.474,29012765.2,2024-02-21 23:59:59.999,215057304.2751,519644,13954284.1,103444525.3622,0,2024-02-21,62.60009420631182,7.301699999999999,0.41912843151403345,0.4110911764625344,-0.03374272786037491,-0.034325152961737285
2024-02-22,7.473,7.695,7.279,7.486,24198945.5,2024-02-22 23:59:59.999,181966011.852,437556,11596946.3,87233235.8073,0,2024-02-22,61.51236063984487,7.328750000000001,0.41229790902650115,0.38139897524896504,0.001605565962001565,0.001604278418945031
2024-02-23,7.487,7.652,7.271,7.571,29869485.2,2024-02-23 23:59:59.999,222079707.8381,572740,14189501.6,105537172.9755,0,2024-02-23,59.633960345704104,7.3660499999999995,0.39781620656865985,0.5151876585616868,0.011354528453112467,0.011290549638932343
2024-02-24,7.571,7.896,7.438,7.826,22082905.7,2024-02-24 23:59:59.999,170978672.7097,448026,10561200.5,81767234.036,0,2024-02-24,64.13730803974704,7.4241,0.37413646539063244,1.074206973063637,0.033681151763307327,0.033126364667051114
2024-02-25,7.825,7.95,7.683,7.931,16477941.9,2024-02-25 23:59:59.999,128505142.4719,347535,7923464.3,61813485.701,0,2024-02-25,68.78664862426703,7.484,0.35296876259320226,1.2664010172344036,0.013416815742397281,0.013327607312961988
2024-02-26,7.931,8.128,7.591,8.119,27517790.5,2024-02-26 23:59:59.999,216779904.0038,521065,13321724.3,104998123.6294,0,2024-02-26,67.97778806108283,7.549550000000001,0.34239596575686765,1.6631329132083301,0.023704450888916817,0.02342786277912675
2024-02-27,8.119,8.456,8.0,8.376,32550934.1,2024-02-27 23:59:59.999,265687298.1814,641818,15667644.8,127883132.6825,0,2024-02-27,71.16666666666666,7.6213999999999995,0.35795212852272357,2.108103122935044,0.03165414459908855,0.031163479687926317
2024-02-28,8.377,8.738,7.676,8.35,51682470.9,2024-02-28 23:59:59.999,430746077.2333,1011896,24868489.6,207363915.4776,0,2024-02-28,66.33849038912331,7.68835,0.3629621228582119,1.8229174845841087,-0.00310410697230179,-0.003108934705471592
2024-02-29,8.35,8.918,8.033,8.27,46815625.0,2024-02-29 23:59:59.999,402149612.9671,958964,22894089.9,196779524.2687,0,2024-02-29,61.671469740634,7.74225,0.36540804516573866,1.4442758088717695,-0.009580838323353325,-0.009627029827164199
2024-03-01,8.27,8.685,8.27,8.672,25719985.2,2024-03-01 23:59:59.999,216754481.2124,561217,12680980.5,106882062.4422,0,2024-03-01,71.59235668789808,7.815849999999999,0.39729337893492883,2.154956627505808,0.04860943168077392,0.04746493566169049
2024-03-02,8.672,9.48,8.59,9.476,42613821.2,2024-03-02 23:59:59.999,385013217.4807,947789,20948401.3,189323831.6266,0,2024-03-02,78.43326885880077,7.934749999999999,0.5107808135314523,3.0174391033681536,0.09271217712177116,0.08866284159924857
2024-03-03,9.476,9.924,8.528,9.79,52072724.9,2024-03-03 23:59:59.999,489129539.539,1139192,25025557.4,235252902.7375,0,2024-03-03,79.49110974862047,8.05715,0.6385843121173443,2.7135805987065584,0.03313634444913438,0.032599170245879716
2024-03-04,9.791,10.324,9.583,9.878,70045888.4,2024-03-04 23:59:59.999,695815920.9352,1465429,33637732.7,334213929.7978,0,2024-03-04,78.95564642969487,8.18305,0.7348637163291726,2.3064820895862135,0.008988764044943975,0.008948605576014235
2024-03-05,9.878,10.789,8.05,9.32,103546868.6,2024-03-05 23:59:59.999,1020111699.446,2382838,49703242.1,490378847.2806,0,2024-03-05,73.07132459970887,8.266399999999999,0.765479787624295,1.3763916657680821,-0.056489167847742494,-0.058147433420933314
2024-03-06,9.321,10.57,8.931,10.552,60463466.5,2024-03-06 23:59:59.999,600007793.1722,1366223,29398105.7,291760118.804,0,2024-03-06,84.92964139809351,8.4048,0.9102166659348481,2.358998775082518,0.1321888412017167,0.12415278671751362
2024-03-07,10.552,11.009,10.243,10.415,42100631.6,2024-03-07 23:59:59.999,442807785.7036,990740,20523900.1,215878539.6304,0,2024-03-07,82.32178327080115,8.5428,0.995759884393124,1.8801721472652322,-0.01298332069749819,-0.013068340702078246
2024-03-08,10.414,10.711,9.966,10.648,41937411.3,2024-03-08 23:59:59.999,436343380.5805,993336,20425825.7,212529250.0367,0,2024-03-08,82.88095746954477,8.6896,1.0797136754949541,1.813814203198125,0.022371579452712398,0.022125006379875158
2024-03-09,10.648,10.97,10.423,10.504,30263971.4,2024-03-09 23:59:59.999,323407783.7056,722590,15045364.2,160773367.3562,0,2024-03-09,79.31260945709282,8.821499999999999,1.1335930068862252,1.4842187538025873,-0.013523666416228375,-0.01361594409231542
2024-03-10,10.505,10.585,9.968,10.268,26685074.5,2024-03-10 23:59:59.999,275652774.6369,643611,12691254.4,131101326.7818,0,2024-03-10,74.86699297722922,8.933049999999998,1.1617519200252737,1.1490835323697688,-0.022467631378522368,-0.022723873991600984
2024-03-11,10.269,11.262,9.76,11.062,52281525.7,2024-03-11 23:59:59.999,558728633.0472,1217363,25796663.7,275699645.0961,0,2024-03-11,77.73798303487277,9.0994,1.2180083138590572,1.611319050673659,0.07732761978963754,0.07448354856359214
2024-03-12,11.062,11.167,10.053,10.747,44382649.2,2024-03-12 23:59:59.999,473180333.0747,1128840,21112759.9,225059424.312,0,2024-03-12,72.1051650195786,9.26305,1.2079642498623786,1.2284717864531705,-0.028475863315856054,-0.028889165713470014
2024-03-13,10.748,11.402,10.648,11.385,34661127.9,2024-03-13 23:59:59.999,380445165.709,837572,16951203.0,186117426.1461,0,2024-03-13,75.39748953974896,9.458,1.2206346494207994,1.5786869567518635,0.05936540429887405,0.057670053656686655
2024-03-14,11.385,11.91,10.678,11.567,69010810.1,2024-03-14 23:59:59.999,783590144.5466,1735418,33507295.2,380484135.7268,0,2024-03-14,77.12687181174923,9.6578,1.2225456874460603,1.5616594288499632,0.015985946420729036,0.015859516797561545
2024-03-15,11.567,11.72,9.965,10.821,71009156.9,2024-03-15 23:59:59.999,757373259.9487,1664853,34841610.3,371631436.9905,0,2024-03-15,66.73415355863573,9.80755,1.1685975163679694,0.8672361405916958,-0.06449381862194181,-0.06666752572375294
2024-03-16,10.822,10.911,9.502,9.689,50637862.3,2024-03-16 23:59:59.999,516358738.3041,1095011,24638869.9,251386155.1232,0,2024-03-16,51.57801155726774,9.89545,1.0829994642066616,-0.19062797981274418,-0.10461140375196376,-0.11049746918664455
2024-03-17,9.689,10.252,9.197,10.087,38607659.9,2024-03-17 23:59:59.999,378250655.891,855456,18698045.3,183199228.9028,0,2024-03-17,52.1732767452071,9.993849999999998,0.9992664296205773,0.09321838224403332,0.041077510579007104,0.04025624466983125
2024-03-18,10.087,10.455,9.605,9.911,51143971.3,2024-03-18 23:59:59.999,511469911.4111,1149303,25063141.1,250695851.4393,0,2024-03-18,50.238404854789756,10.0706,0.9246264907337768,-0.17261023948529064,-0.017448200654307522,-0.017602214648126932
2024-03-19,9.911,10.003,8.606,8.769,72415325.3,2024-03-19 23:59:59.999,662240420.309,1432145,35218070.0,322144659.7616,0,2024-03-19,46.32911392405063,10.09155,0.8875948859570937,-1.4900378775547967,-0.11522550701241041,-0.12242247662735278
2024-03-20,8.769,9.575,8.49,9.489,55217826.3,2024-03-20 23:59:59.999,497678125.7146,1142287,27300936.4,246097808.512,0,2024-03-20,42.39954239954241,10.1525,0.7927099755026419,-0.8370022082531341,0.08210742387957581,0.07891045819440294
2024-03-21,9.489,9.589,9.076,9.185,34626559.6,2024-03-21 23:59:59.999,323357556.8007,764048,16975980.4,158502685.0471,0,2024-03-21,41.41061452513967,10.17815,0.7494001302784781,-1.3252599777784189,-0.03203709558436085,-0.03256151432453252
2024-03-22,9.186,9.373,8.7,8.943,32571253.6,2024-03-22 23:59:59.999,293430531.411,773273,16121040.5,145200017.4577,0,2024-03-22,38.1085228065281,10.1515,0.7843464258780777,-1.5407732605488476,-0.026347305389221698,-0.026700615303045034
2024-03-23,8.942,9.23,8.858,8.976,18253822.8,2024-03-23 23:59:59.999,165580661.3355,434724,8678078.7,78722844.0678,0,2024-03-23,39.17540379710967,10.1108,0.8241989795510404,-1.376851983750513,0.0036900369003691758,0.003683245416296589
2024-03-24,8.976,9.438,8.952,9.378,16522949.6,2024-03-24 23:59:59.999,151486329.4484,410784,8136755.1,74595881.8906,0,2024-03-24,43.83997785160576,10.0858,0.8390808003237369,-0.8435421233889692,0.04478609625668439,0.04381217188705396
2024-03-25,9.378,9.84,9.293,9.746,22458401.9,2024-03-25 23:59:59.999,215154902.8075,520871,11111540.6,106451475.6903,0,2024-03-25,40.32068255369228,10.1071,0.8238873134485063,-0.43828809365756727,0.039240776284922285,0.038490423753920006
2024-03-26,9.746,10.065,9.532,9.694,29820846.1,2024-03-26 23:59:59.999,292189059.6877,612038,14872738.7,145690842.626,0,2024-03-26,41.94338179035961,10.0642,0.8218375815966033,-0.45045396838728463,-0.00533552226554479,-0.005349806998130144
2024-03-27,9.695,9.823,9.316,9.457,27472525.6,2024-03-27 23:59:59.999,262328985.3045,650234,13489564.4,128785718.9001,0,2024-03-27,34.2843169220737,10.0163,0.8282087900995955,-0.6753128035899504,-0.02444811223437182,-0.024751929389809184
2024-03-28,9.457,9.669,9.306,9.533,18742280.6,2024-03-28 23:59:59.999,178248748.0868,468705,8961941.6,85214716.4786,0,2024-03-28,33.12873258128732,9.960550000000001,0.82094422369567,-0.5208027386748478,0.008036375171830201,0.008004255478065797
2024-03-29,9.534,9.822,9.35,9.611,23947594.6,2024-03-29 23:59:59.999,228568644.9466,550586,11549277.6,110254031.575,0,2024-03-29,38.71268656716419,9.9159,0.814086953844173,-0.3745300161859145,0.008182104269380153,0.008148812329706311
2024-03-30,9.611,9.71,9.394,9.439,12180589.0,2024-03-30 23:59:59.999,116277353.1296,323466,5932247.8,56632976.7457,0,2024-03-30,47.159090909090914,9.87445,0.8163174998274545,-0.5334321512059227,-0.017896160649256143,-0.01805823349834003
2024-03-31,9.44,9.658,9.424,9.658,9918862.6,2024-03-31 23:59:59.999,94765883.3011,265876,4785715.9,45722976.6957,0,2024-03-31,44.9182658137882,9.80425,0.7677419299809405,-0.19049369884439024,0.023201610340078282,0.02293654510854268
2024-04-01,9.657,9.756,8.93,9.153,29518092.3,2024-04-01 23:59:59.999,273187347.3474,655153,14186244.2,131283217.776,0,2024-04-01,41.670329670329686,9.72455,0.7471853483139688,-0.7649373763681375,-0.05228825843860008,-0.05370489304870782
2024-04-02,9.153,9.153,8.379,8.588,31357805.5,2024-04-02 23:59:59.999,271323720.9219,659267,15417213.5,133392748.22,0,2024-04-02,47.7221243392902,9.5847,0.6786567305294746,-1.4686364330644668,-0.06172839506172856,-0.06371581438610786
2024-04-03,8.587,8.791,8.29,8.421,22763215.3,2024-04-03 23:59:59.999,195367393.902,502862,11063456.4,94941059.2271,0,2024-04-03,34.385964912280684,9.4274,0.5467965464010424,-1.8405383256789396,-0.019445738239403765,-0.01963729396867941
2024-04-04,8.421,8.716,8.268,8.492,20888397.6,2024-04-04 23:59:59.999,177700736.4641,424052,10246411.4,87140637.9881,0,2024-04-04,39.12770630687168,9.31095,0.47806534182142807,-1.7130503476361645,0.008431302695641962,0.008395957793154645
2024-04-05,8.492,8.516,8.081,8.386,20410851.6,2024-04-05 23:59:59.999,169522711.2275,439408,9693994.6,80527764.9375,0,2024-04-05,40.871845296624066,9.2458,0.511453203084674,-1.6810922188274087,-0.012482336316533393,-0.01256089509243894
2024-04-06,8.385,8.561,8.335,8.5,11521626.3,2024-04-06 23:59:59.999,97196493.2131,245202,5627296.5,47469242.8549,0,2024-04-06,42.40102171136653,9.166450000000001,0.4969790289955489,-1.3410022578758953,0.01359408538039597,0.013502514747699932
2024-04-07,8.501,8.748,8.462,8.712,12473868.3,2024-04-07 23:59:59.999,107683842.9657,283196,5961181.9,51460837.7548,0,2024-04-07,38.68116927260368,9.1065,0.4742342858682139,-0.8318673106432234,0.024941176470588244,0.024635222134388585
2024-04-08,8.712,9.103,8.574,9.05,17709300.0,2024-04-08 23:59:59.999,157780982.407,376626,8653133.4,77067761.2922,0,2024-04-08,38.04945054945057,9.12055,0.46782829452278046,-0.1508031917393223,0.038797061524334264,0.03806337208117542
2024-04-09,9.049,9.115,8.638,8.665,27632311.9,2024-04-09 23:59:59.999,245507995.4511,515861,13479346.8,119762965.8755,0,2024-04-09,34.14483821263482,9.07935,0.4699509800845268,-0.8816877026737436,-0.04254143646408859,-0.04347283454426555
2024-04-10,8.665,8.708,8.123,8.415,29195119.0,2024-04-10 23:59:59.999,245271589.9809,513990,14486205.1,121698637.0511,0,2024-04-10,34.00859422958871,9.04085,0.49186960991312495,-1.272390054979287,-0.028851702250432765,-0.029276095524800063
2024-04-11,8.415,8.547,8.187,8.388,20628754.9,2024-04-11 23:59:59.999,172101199.5303,375722,10294974.1,85892224.9235,0,2024-04-11,32.15955126207545,9.0131,0.5128873786281822,-1.2187860845239595,-0.0032085561497324777,-0.003213714603095672
2024-04-12,8.387,8.497,6.446,7.234,65877045.9,2024-04-12 23:59:59.999,491691618.9186,1031531,30696204.3,229240057.377,0,2024-04-12,22.26371061843642,8.926,0.6492954886468384,-2.6059013647641476,-0.13757749165474487,-0.1480099795097673
2024-04-13,7.234,7.33,5.609,6.389,95138561.9,2024-04-13 23:59:59.999,622840581.1192,1422243,46211365.4,302867206.1657,0,2024-04-13,19.241629689390905,8.77655,0.8521016417616614,-2.801954465272365,-0.11680951064418021,-0.12421437190969993
2024-04-14,6.389,6.923,6.189,6.849,63910390.6,2024-04-14 23:59:59.999,418990596.8533,1028054,31669407.1,207512720.7132,0,2024-04-14,22.98518945951149,8.631699999999999,0.9219958956400628,-1.9335227070207535,0.07199874784786342,0.06952489459556185
2024-04-15,6.849,7.205,6.432,6.704,57391305.4,2024-04-15 23:59:59.999,391851924.1359,857267,28354630.8,193596487.2752,0,2024-04-15,24.69518495556936,8.4822,0.9811913596280254,-1.8122866478095827,-0.021170973864797826,-0.021398293035986296
2024-04-16,6.704,6.817,6.362,6.696,41069600.6,2024-04-16 23:59:59.999,270705028.4288,773806,20500532.1,135154831.985,0,2024-04-16,27.90751985053717,8.34415,1.0298470134203386,-1.6003833370610536,-0.0011933174224343368,-0.0011940299926076895
2024-04-17,6.695,6.773,6.319,6.576,36696483.8,2024-04-17 23:59:59.999,240682207.8736,619132,18133987.7,118934567.5778,0,2024-04-17,28.217237308146423,8.196299999999999,1.0619473225106912,-1.5257818967604082,-0.017921146953405076,-0.018083675433295462
2024-04-18,6.577,6.826,6.442,6.779,29443456.4,2024-04-18 23:59:59.999,195852413.2817,568389,14852911.4,98795047.2886,0,2024-04-18,30.386993359285555,8.0547,1.052147233042099,-1.2124728934671416,0.030869829683698446,0.030402940694949913
2024-04-19,6.778,6.913,6.266,6.678,40158752.3,2024-04-19 23:59:59.999,266987607.4193,698539,19876991.2,132164270.8708,0,2024-04-19,30.4218248509858,7.91665,1.0420405727519901,-1.1886773244623015,-0.014898952647883212,-0.015011056927365825
2024-04-20,6.677,7.279,6.604,7.236,20541438.6,2024-04-20 23:59:59.999,142218828.4255,405586,10246765.0,70923379.8496,0,2024-04-20,36.84977111943404,7.79555,0.9670574725740396,-0.5786109056275975,0.0835579514824798,0.08025002601158593
2024-04-21,7.237,7.284,6.956,7.134,15686527.7,2024-04-21 23:59:59.999,111891852.7747,341749,7722697.9,55071256.4599,0,2024-04-21,33.19846678023852,7.694599999999999,0.9222387748803793,-0.607868607641999,-0.014096185737976663,-0.0141964805963488
2024-04-22,7.133,7.585,7.076,7.46,24741148.8,2024-04-22 23:59:59.999,182829346.6717,469822,12120885.4,89560331.021,0,2024-04-22,33.02732707087958,7.6382,0.8989238361262971,-0.1982370394892539,0.04569666386319038,0.044683327278969724
2024-04-23,7.461,7.536,7.2,7.238,21306806.4,2024-04-23 23:59:59.999,157500804.8879,413583,10648736.9,78734905.2354,0,2024-04-23,34.218093342180936,7.5790500000000005,0.8834926786091749,-0.3860247042871854,-0.029758713136729176,-0.030210489074118742
2024-04-24,7.239,7.497,6.851,6.928,30721017.3,2024-04-24 23:59:59.999,220377990.6137,556590,15116259.3,108515702.7819,0,2024-04-24,33.769919231608824,7.50085,0.867504301520177,-0.6603425470008187,-0.0428295109146174,-0.043773753881416765
2024-04-25,6.928,6.998,6.699,6.855,26376726.2,2024-04-25 23:59:59.999,181157987.4795,460065,12901248.6,88601647.7028,0,2024-04-25,33.43419062027232,7.4243,0.8527091254523376,-0.6676368095603551,-0.010536951501154634,-0.010592858245856217
2024-04-26,6.855,6.948,6.709,6.762,21702465.0,2024-04-26 23:59:59.999,148282889.1275,372519,10577083.7,72282640.6751,0,2024-04-26,43.381940549635445,7.3374,0.825438409827868,-0.6970841108787155,-0.013566739606127087,-0.013659608728583638
2024-04-27,6.761,6.864,6.5,6.805,19742123.5,2024-04-27 23:59:59.999,132024264.7323,366237,9587701.4,64127745.6021,0,2024-04-27,57.52532561505064,7.242050000000001,0.7663211828347558,-0.570322222313204,0.006359065365276528,0.006338931817735128
2024-04-28,6.805,6.947,6.68,6.723,12989037.7,2024-04-28 23:59:59.999,88941315.8251,247536,6343429.7,43444061.1626,0,2024-04-28,47.35959765297569,7.1257,0.6443151484517577,-0.6250047061095164,-0.012049963262307117,-0.012123152616529747
2024-04-29,6.723,6.821,6.463,6.583,21753124.3,2024-04-29 23:59:59.999,143541929.3316,374711,10467433.8,69061555.8757,0,2024-04-29,47.45905081898363,7.021600000000001,0.5427047661076729,-0.8081742180848703,-0.020824036888293818,-0.021043915001159885
2024-04-30,6.584,6.665,6.03,6.418,36747407.9,2024-04-30 23:59:59.999,232196582.6142,579533,18191945.7,114965841.6392,0,2024-04-30,44.52324665090623,6.9217499999999985,0.44835428601448374,-1.1235534391294413,-0.02506456023089776,-0.025384025798074514
2024-05-01,6.417,6.932,6.124,6.894,53356320.9,2024-05-01 23:59:59.999,349018081.1074,939036,26763705.7,175124314.1909,0,2024-05-01,55.494125777470636,6.84705,0.2864197278896749,0.16392027304098392,0.0741664069803678,0.07154492540700859
2024-05-02,6.894,7.407,6.688,7.27,35673617.7,2024-05-02 23:59:59.999,250486392.8981,636151,18130966.8,127317280.8312,0,2024-05-02,58.004564721225954,6.8488500000000005,0.28908026111531854,1.456861836138981,0.054540179866550575,0.053104823450754325
2024-05-03,7.269,7.383,6.999,7.242,27219298.0,2024-05-03 23:59:59.999,195616146.5118,479412,13520359.9,97174525.0066,0,2024-05-03,59.41883767535071,6.891499999999999,0.2804606173651104,1.2497298312073233,-0.0038514442916093294,-0.003858880201978523
2024-05-04,7.241,7.248,7.101,7.117,15748317.7,2024-05-04 23:59:59.999,112946869.4445,271464,7852130.3,56327431.5552,0,2024-05-04,47.676688793440064,6.9049000000000005,0.2846935379041796,0.7450116415054943,-0.017260425296879323,-0.017411123026315402
2024-05-05,7.118,7.398,7.009,7.298,18369437.1,2024-05-05 23:59:59.999,131707847.9994,319197,9023975.9,64703172.6352,0,2024-05-05,53.1060606060606,6.934599999999999,0.2934802781828703,1.238243340404507,0.02543206407194054,0.025114049697121957
2024-05-06,7.299,7.471,7.054,7.116,23540405.4,2024-05-06 23:59:59.999,170611303.7524,389585,11331896.7,82148983.6987,0,2024-05-06,43.10897435897436,6.9556,0.29052029551022546,0.5521128901452411,-0.024938339271033172,-0.0252545682106672
2024-05-07,7.116,7.292,6.977,6.987,17987116.6,2024-05-07 23:59:59.999,128479967.9117,338866,8702871.5,62207781.3646,0,2024-05-07,44.777361631294205,6.97615,0.2764514376278549,0.03924739944599672,-0.018128161888701477,-0.018294490233275035
2024-05-08,6.988,7.187,6.88,6.979,22289964.4,2024-05-08 23:59:59.999,156781754.4964,437756,11188355.5,78709255.7327,0,2024-05-08,51.213707758210376,6.98615,0.2725341649238106,-0.026235242843769914,-0.001144983540861566,-0.0011456395352990175
2024-05-09,6.98,7.086,6.777,7.044,18203337.4,2024-05-09 23:59:59.999,126412142.667,340780,8758972.7,60843789.3524,0,2024-05-09,54.515050167224054,7.00445,0.2628702851982199,0.15045443409541798,0.009313655251468544,0.009270550598944978
2024-05-10,7.045,7.147,6.69,6.742,21084287.9,2024-05-10 23:59:59.999,145839940.6949,376579,10080911.6,69769114.5975,0,2024-05-10,49.565595134665514,6.97975,0.2631767216913231,-0.9033853696181166,-0.04287336740488357,-0.0438195738220907
2024-05-11,6.742,6.806,6.63,6.657,12060075.9,2024-05-11 23:59:59.999,81037326.6072,242394,5916755.7,39757114.3916,0,2024-05-11,46.84300341296929,6.9559,0.269987894461919,-1.1070866736292084,-0.012607534856125757,-0.012687684193302403
2024-05-12,6.657,6.788,6.581,6.613,9371584.7,2024-05-12 23:59:59.999,62737193.459,183521,4470366.2,29930726.6857,0,2024-05-12,47.61491760624459,6.913549999999999,0.25262505501065385,-1.1897078062479731,-0.0066095838966501175,-0.006631523926041212
2024-05-13,6.612,6.822,6.427,6.666,19813107.0,2024-05-13 23:59:59.999,131643209.4353,363048,9792260.5,65077089.9736,0,2024-05-13,51.870211807120334,6.884949999999999,0.24625863062231226,-0.889105894265298,0.008014516860728849,0.007982571193022604
2024-05-14,6.666,6.694,6.465,6.482,16573526.9,2024-05-14 23:59:59.999,109391031.6096,313500,8010250.7,52873454.1663,0,2024-05-14,51.429848078641655,6.8626499999999995,0.2618549769346553,-1.4536672338864451,-0.027602760276027594,-0.027990875166192298
2024-05-15,6.483,7.028,6.456,6.957,23073517.5,2024-05-15 23:59:59.999,155249798.4578,440241,11536953.0,77634191.9354,0,2024-05-15,51.40813589628968,6.867750000000001,0.26269010659585923,0.33975394489183164,0.07327985189756236,0.07071924222214855
2024-05-16,6.957,7.064,6.811,7.022,18053877.7,2024-05-16 23:59:59.999,125120187.8388,326180,9173752.5,63559910.2339,0,2024-05-16,43.56178608515058,6.880750000000001,0.2636131286128004,0.535823085683528,0.009343107661348382,0.009299730804736306
2024-05-17,7.023,7.298,6.995,7.195,19941733.5,2024-05-17 23:59:59.999,142979727.0156,344709,9799258.3,70250988.0922,0,2024-05-17,48.86528247223564,6.90025,0.27200578070130177,1.0836166762340793,0.02463685559669604,0.024338262593090583
2024-05-18,7.195,7.227,7.06,7.155,9723241.0,2024-05-18 23:59:59.999,69540678.0966,204997,4751828.2,33975877.0252,0,2024-05-18,50.956696878147035,6.921849999999999,0.2743321603615043,0.8498821271730045,-0.005559416261292527,-0.005574927330916871
2024-05-19,7.155,7.179,6.883,6.928,11991808.8,2024-05-19 23:59:59.999,84287541.1929,226473,5750398.0,40414792.1712,0,2024-05-19,40.89566929133858,6.939099999999999,0.26249529318723647,-0.0422864725124097,-0.03172606568832992,-0.03224024174828028
2024-05-20,6.928,7.587,6.845,7.574,24139845.3,2024-05-20 23:59:59.999,173652411.9884,421012,12154064.2,87466508.1932,0,2024-05-20,59.174679487179496,6.996900000000001,0.26890692969909397,2.1460956794448247,0.09324480369515009,0.08915015821946903
2024-05-21,7.573,7.672,7.431,7.613,22443037.3,2024-05-21 23:59:59.999,169771851.5602,383981,10906803.2,82522914.6197,0,2024-05-21,63.00914380714881,7.032850000000001,0.30061783309883283,1.9298588976565016,0.005149194613150332,0.005135982844472536
2024-05-22,7.613,7.7,7.383,7.47,21079665.4,2024-05-22 23:59:59.999,159203938.7327,375489,10113480.0,76379282.0739,0,2024-05-22,59.661550570641474,7.04285,0.31203158999688746,1.3689319084784364,-0.018783659529751806,-0.01896231317934967
2024-05-23,7.47,7.61,6.837,7.203,37072679.5,2024-05-23 23:59:59.999,269071854.1191,568410,17654725.1,128134461.132,0,2024-05-23,52.89828654757565,7.040900000000001,0.3108411169682847,0.5214882817981215,-0.03574297188755016,-0.036397393237500034
2024-05-24,7.203,7.387,7.02,7.248,18671056.2,2024-05-24 23:59:59.999,134647360.5014,353384,9107257.8,65657384.7096,0,2024-05-24,60.176991150442475,7.0474499999999995,0.313894295815422,0.6389093483811802,0.006247396917950843,0.006227962833452335
2024-05-25,7.248,7.44,7.222,7.426,9119401.2,2024-05-25 23:59:59.999,66757708.2863,197854,4317825.0,31612486.349,0,2024-05-25,64.90887941062428,7.0538500000000015,0.3205068806194454,1.1611295185948656,0.024558498896247283,0.024261787014210175
2024-05-26,7.425,7.642,7.368,7.561,18247710.6,2024-05-26 23:59:59.999,136882368.4216,307065,8887686.1,66680148.7279,0,2024-05-26,67.75280898876403,7.076099999999999,0.33990755708944453,1.426564340469789,0.018179369781847532,0.01801610082124447
2024-05-27,7.561,7.784,7.381,7.646,19725818.5,2024-05-27 23:59:59.999,149389637.463,376790,9956658.9,75421191.1626,0,2024-05-27,68.13471502590673,7.109050000000001,0.36203656037854304,1.4831375025731317,0.011241899219679885,0.011179178698088162
2024-05-28,7.646,7.674,7.28,7.375,25720221.8,2024-05-28 23:59:59.999,191277961.7583,480154,12504387.7,92990557.806,0,2024-05-28,66.00932233775546,7.12885,0.3653631610764559,0.6737132426673162,-0.035443369081872844,-0.036086733048337497
2024-05-29,7.375,7.569,7.143,7.181,21612082.2,2024-05-29 23:59:59.999,158615714.8984,433965,10416710.7,76466022.0674,0,2024-05-29,54.46570972886763,7.1357,0.36497268823295687,0.12411887645435478,-0.026305084745762652,-0.026657253097702983
2024-05-30,7.18,7.248,6.925,7.001,18913998.4,2024-05-30 23:59:59.999,133791278.9552,366644,9246795.7,65415818.6306,0,2024-05-30,49.59969500571865,7.148649999999999,0.3547190548770026,-0.4162449069762992,-0.025066146776214993,-0.02538565313311993
2024-05-31,7.001,7.063,6.804,6.988,17370811.8,2024-05-31 23:59:59.999,120932977.279,307705,8695878.4,60571190.371,0,2024-05-31,45.79780755176615,7.1652000000000005,0.3378957484790292,-0.5244221059235895,-0.0018568775889158395,-0.0018586037232503673
2024-06-01,6.989,7.14,6.962,7.067,8988884.4,2024-06-01 23:59:59.999,63470025.2374,176964,4345726.2,30687634.2603,0,2024-06-01,48.2414068745004,7.187900000000001,0.31319321428119046,-0.3860236891705275,0.011305094447624509,0.011241669436907143
2024-06-02,7.067,7.132,6.92,6.993,12391688.6,2024-06-02 23:59:59.999,87194526.1546,223582,5918015.0,41650993.35,0,2024-06-02,51.3835674755215,7.20425,0.29235610495312664,-0.7225776935079545,-0.010471204188481686,-0.010526412986987504
2024-06-03,6.994,7.194,6.936,7.012,17749034.3,2024-06-03 23:59:59.999,126115696.5803,326518,8693541.0,61774701.914,0,2024-06-03,33.68176538908244,7.2307500000000005,0.24335805870146177,-0.8988812664237732,0.0027170027170027033,0.00271331833725828
2024-06-04,7.012,7.24,6.944,7.186,16016307.4,2024-06-04 23:59:59.999,113672320.2045,310935,8005687.7,56829335.2306,0,2024-06-04,38.502961766289694,7.2421999999999995,0.23504548271658207,-0.23910265941067058,0.02481460353679421,0.024511721632339063
2024-06-05,7.186,7.305,7.153,7.257,12671887.4,2024-06-05 23:59:59.999,91616822.717,269543,6240348.3,45132157.7322,0,2024-06-05,44.03361344537814,7.253950000000001,0.22926093499306155,0.013303618429766134,0.009880322849985967,0.00983183160467279
2024-06-06,7.257,7.295,7.058,7.15,12543420.4,2024-06-06 23:59:59.999,90266247.244,257766,6052723.8,43574656.1775,0,2024-06-06,48.36923076923077,7.251700000000001,0.23008925041382947,-0.4420023961010234,-0.014744384731982807,-0.0148541635900835
2024-06-07,7.151,7.299,5.976,6.654,37956493.7,2024-06-07 23:59:59.999,256130051.8091,631757,17629312.5,119137567.5992,0,2024-06-07,35.6936416184971,7.226650000000001,0.26568922783503185,-2.1553376652348257,-0.06937062937062943,-0.07189417910963138
2024-06-08,6.654,6.683,6.333,6.379,17374194.3,2024-06-08 23:59:59.999,112601398.8914,316045,8360832.6,54189631.1204,0,2024-06-08,25.908881730326712,7.1992,0.320810913317118,-2.5566461923608013,-0.04132852419597244,-0.042206832336466826
2024-06-09,6.379,6.536,6.37,6.523,11700879.7,2024-06-09 23:59:59.999,75538299.0209,222875,5912889.9,38173712.9682,0,2024-06-09,26.214482126489443,7.146649999999999,0.3415918270595576,-1.8257169832440525,0.022574071171030052,0.022323047554140798
2024-06-10,6.523,6.58,6.353,6.506,15754249.3,2024-06-10 23:59:59.999,102068413.0852,298372,7888732.3,51113179.755,0,2024-06-10,23.03689687795648,7.0912999999999995,0.3515897878856301,-1.6647241193205349,-0.002606162808523549,-0.0026095647627990947
2024-06-11,6.506,6.526,6.205,6.375,26836990.5,2024-06-11 23:59:59.999,170760710.8106,468908,12971985.9,82545758.8288,0,2024-06-11,24.670719351570398,7.03655,0.37405410176968024,-1.7685944275711816,-0.020135259760221347,-0.02034073700666988
2024-06-12,6.374,6.925,6.27,6.734,28230067.5,2024-06-12 23:59:59.999,187017823.0955,497552,14190051.0,94020514.9645,0,2024-06-12,39.551192145862544,7.0131,0.37775275957497706,-0.738843047272573,0.056313725490195976,0.054785229694392805
2024-06-13,6.735,6.741,6.334,6.357,19298090.3,2024-06-13 23:59:59.999,125279199.4589,416242,9353768.0,60720035.5238,0,2024-06-13,36.21575342465753,6.9685500000000005,0.40044980958677795,-1.5271576745936164,-0.055984555984555984,-0.05761275278461103
2024-06-14,6.358,6.486,5.95,6.16,26973335.6,2024-06-14 23:59:59.999,168602265.0918,456584,13116447.6,82012841.382,0,2024-06-14,33.571428571428555,6.90525,0.423717616366296,-1.7588364779144436,-0.03098946043731321,-0.031479790408843314
2024-06-15,6.16,6.256,6.104,6.219,10608792.0,2024-06-15 23:59:59.999,65719525.0985,203532,5305792.0,32863453.2744,0,2024-06-15,33.03999999999999,6.838150000000001,0.42065603838487564,-1.4718676151119798,0.009577922077922185,0.009532344576323924
2024-06-16,6.22,6.422,6.144,6.393,12819503.0,2024-06-16 23:59:59.999,80453257.2416,229538,6314158.9,39636479.3952,0,2024-06-16,38.461538461538446,6.775499999999999,0.3858766505915583,-0.9912494042166521,0.02797877472262411,0.02759451966283745
2024-06-17,6.393,6.415,5.976,6.065,24202883.8,2024-06-17 23:59:59.999,149972152.6343,423731,12127943.3,75121917.3276,0,2024-06-17,33.72292884152631,6.709999999999999,0.3899203697358137,-1.6541839053881988,-0.05130611606444535,-0.05266909938857618
2024-06-18,6.065,6.085,5.4,5.767,44292939.8,2024-06-18 23:59:59.999,254790325.5045,662194,21700757.3,124849777.0718,0,2024-06-18,26.607319485657754,6.6393,0.42650095328845644,-2.0452474801622196,-0.04913437757625727,-0.050382527762737946
2024-06-19,5.768,5.99,5.726,5.793,22366595.9,2024-06-19 23:59:59.999,131290533.1166,382286,11293661.0,66305289.466,0,2024-06-19,25.5020080321285,6.5789,0.4570265338354468,-1.7195938130869324,0.004508409918501766,0.004498277481211455
2024-06-20,5.793,5.971,5.593,5.639,25145437.8,2024-06-20 23:59:59.999,145333477.7553,401743,12362043.5,71442934.3381,0,2024-06-20,25.10708401976936,6.511449999999999,0.4917022499741473,-1.7743461618202285,-0.02658380804419125,-0.026943547289441996
2024-06-21,5.638,5.734,5.545,5.608,22785311.8,2024-06-21 23:59:59.999,128640954.2148,371465,11116944.0,62776337.919,0,2024-06-21,29.649805447470797,6.4385,0.512722506253732,-1.6197845615714197,-0.005497428622096234,-0.00551259509275622
2024-06-22,5.608,5.8,5.537,5.748,13487497.0,2024-06-22 23:59:59.999,76694451.4434,247675,6568915.1,37360717.1315,0,2024-06-22,37.043121149897345,6.376250000000001,0.5174136973530737,-1.2142121540537687,0.024964336661911668,0.024657818484489637
2024-06-23,5.749,5.814,5.562,5.649,13633941.6,2024-06-23 23:59:59.999,77934635.1252,231491,6787954.6,38792902.5701,0,2024-06-23,31.71548117154812,6.3081000000000005,0.5190298541237606,-1.2698691506150641,-0.017223382045929103,-0.017373429873653527
2024-06-24,5.648,5.736,5.338,5.725,33163874.3,2024-06-24 23:59:59.999,185806418.1367,554207,16271758.9,91160019.9923,0,2024-06-24,34.05471621069823,6.235049999999999,0.491025722874433,-1.0387439521787163,0.013453708620994709,0.013364011097178139
2024-06-25,5.725,5.97,5.702,5.839,16446296.8,2024-06-25 23:59:59.999,95922825.1865,310813,8161346.3,47596532.9999,0,2024-06-25,38.98026315789474,6.164149999999999,0.4348597202706054,-0.7477123882562955,0.019912663755458748,0.01971699986109744
2024-06-26,5.839,5.944,5.74,5.797,15298636.6,2024-06-26 23:59:59.999,89396915.9269,256889,7773761.6,45424841.7819,0,2024-06-26,27.848699763593388,6.096500000000001,0.374469800620802,-0.799797472328837,-0.007193012502140883,-0.007219006943804844
2024-06-27,5.796,6.376,5.702,6.285,28082793.3,2024-06-27 23:59:59.999,171372044.0908,448967,14216375.5,86691047.8082,0,2024-06-27,48.38274932614555,6.07805,0.3540920895653723,0.5844524802969171,0.08418147317578062,0.08082529968461497
2024-06-28,6.286,6.437,6.158,6.189,26024952.2,2024-06-28 23:59:59.999,164169480.7918,454059,13275759.8,83768492.1745,0,2024-06-28,50.68235294117647,6.06855,0.3480908040910749,0.34603039949451025,-0.015274463007159955,-0.015392319284986335
2024-06-29,6.189,6.305,6.062,6.08,11379913.7,2024-06-29 23:59:59.999,70069142.1354,225909,5826603.4,35880837.2467,0,2024-06-29,46.804597701149426,6.0464,0.3313426275626761,0.10140560617617529,-0.017611892066569768,-0.017768826779148872
2024-06-30,6.079,6.258,6.02,6.212,13517701.5,2024-06-30 23:59:59.999,82908210.8379,257367,6802489.3,41729822.7267,0,2024-06-30,45.75714955461791,6.0317,0.3160479810310796,0.570482998852853,0.021710526315789513,0.021478209308365036
2024-07-01,6.213,6.446,6.19,6.327,21023105.2,2024-07-01 23:59:59.999,133246061.2507,334287,10469641.2,66367630.154,0,2024-07-01,56.82291666666664,6.0293,0.3134756097254919,0.9496751605673354,0.01851255634256277,0.018343284878306585
2024-07-02,6.327,6.605,6.311,6.528,34398632.1,2024-07-02 23:59:59.999,221755349.3907,509260,17158331.4,110561681.6181,0,2024-07-02,70.8721886999451,6.019,0.29173257400378444,1.7447485997686243,0.03176861071597914,0.03127442749705865
2024-07-03,6.528,6.543,5.99,6.075,33474983.7,2024-07-03 23:59:59.999,207605049.7334,520268,16562087.5,102662754.8451,0,2024-07-03,56.26666666666666,6.0049,0.2811597972274451,0.24932440801019798,-0.06939338235294112,-0.07191862843519367
2024-07-04,6.076,6.132,5.529,5.555,39068628.3,2024-07-04 23:59:59.999,227660464.8459,620068,18969290.0,110557863.2882,0,2024-07-04,48.39449541284402,5.97465,0.2957611545222678,-1.4188813966385991,-0.08559670781893014,-0.08948356613501894
2024-07-05,5.556,5.914,4.888,5.683,81798330.9,2024-07-05 23:59:59.999,443610027.9702,1172930,40527606.2,219762822.3325,0,2024-07-05,51.38223368964246,5.947850000000001,0.2967372176081339,-0.8925405519902034,0.023042304230423083,0.02278083922339116
2024-07-06,5.683,6.304,5.625,6.237,42839607.0,2024-07-06 23:59:59.999,253618689.1048,707003,21640658.8,128123680.2649,0,2024-07-06,57.81899584266069,5.94005,0.28628647319576456,1.0372477493791454,0.0974837233855359,0.09302003522900121
2024-07-07,6.238,6.311,5.88,5.907,28012799.8,2024-07-07 23:59:59.999,172432346.8978,614637,13983156.1,86086409.6153,0,2024-07-07,53.84157236450268,5.932149999999999,0.2848333353829834,-0.08829724921832881,-0.05291005291005291,-0.05436120921888738
2024-07-08,5.907,6.293,5.69,5.94,42322739.7,2024-07-08 23:59:59.999,253138745.6293,809002,21532004.7,128827351.4809,0,2024-07-08,53.24283559577678,5.9408,0.28216840809052834,-0.002835186282594922,0.005586592178770999,0.0055710450494554295
2024-07-09,5.94,6.183,5.838,6.116,23464481.0,2024-07-09 23:59:59.999,141779284.1445,548704,11687443.0,70604321.2725,0,2024-07-09,54.101273319514355,5.956950000000001,0.2825070981839994,0.5629947035752288,0.02962962962962945,0.029199154692262135
2024-07-10,6.116,6.258,6.047,6.092,17164262.3,2024-07-10 23:59:59.999,105217199.1301,406138,8646966.1,53009954.0846,0,2024-07-10,54.39118785352783,5.9796,0.27369602808134247,0.41067457495800697,-0.003924133420536324,-0.003931853033900517
2024-07-11,6.092,6.246,5.891,5.9,16552834.2,2024-07-11 23:59:59.999,100477430.6597,373609,8138854.6,49406797.2345,0,2024-07-11,43.715311785830885,5.9942,0.26029004064924965,-0.3619039736020395,-0.03151674326986198,-0.03202408412124147
2024-07-12,5.9,6.1,5.795,6.1,14712647.8,2024-07-12 23:59:59.999,87314550.9129,321897,7445498.8,44183111.508,0,2024-07-12,48.59488474897379,6.0118,0.2546050811874189,0.34641885224228564,0.03389830508474567,0.03333642026759171
2024-07-13,6.1,6.303,6.072,6.231,12592198.4,2024-07-13 23:59:59.999,78308695.6094,282044,6219401.2,38694573.2174,0,2024-07-13,52.36751332706177,6.0409,0.24399523290884864,0.7791135823994456,0.021475409836065662,0.021248062382819465
2024-07-14,6.232,6.356,6.156,6.316,12726214.2,2024-07-14 23:59:59.999,79520990.7913,256373,6480997.3,40502302.5553,0,2024-07-14,51.654996817313815,6.07045,0.23946903436370864,1.0253935363812225,0.013641470069009731,0.013549262831310655
2024-07-15,6.316,6.536,6.289,6.483,21118547.6,2024-07-15 23:59:59.999,135200295.418,398184,10438167.3,66829576.0469,0,2024-07-15,52.44207889793363,6.10265,0.2497845966725697,1.5227119889165224,0.026440785307156434,0.02609726979946296
2024-07-16,6.483,6.51,6.12,6.334,26337859.6,2024-07-16 23:59:59.999,166700334.5713,490619,13091228.0,82872841.9767,0,2024-07-16,46.91279439847231,6.129499999999999,0.24399493091830238,0.8381321662312474,-0.022983186796236343,-0.023251418076410596
2024-07-17,6.333,6.531,6.238,6.25,19721137.7,2024-07-17 23:59:59.999,126366415.3854,379561,9583845.9,61416925.4823,0,2024-07-17,53.15542733501622,6.12775,0.24294419436772913,0.5032019815009786,-0.013261761919797888,-0.013350484368137894
2024-07-18,6.25,6.402,6.013,6.088,20597699.2,2024-07-18 23:59:59.999,127656351.4164,364376,9937523.1,61590689.9703,0,2024-07-18,61.035196687370615,6.1227,0.2426535542011663,-0.14300223260374223,-0.025919999999999943,-0.026261843188925358
2024-07-19,6.089,6.348,5.97,6.336,17763171.3,2024-07-19 23:59:59.999,109592986.3547,334590,8898525.8,54916624.133,0,2024-07-19,62.87968441814597,6.1354999999999995,0.24699573829295138,0.8117548966055279,0.04073587385019706,0.03992803395273997
2024-07-20,6.335,6.395,6.219,6.329,10778207.3,2024-07-20 23:59:59.999,68098209.2293,209069,5385685.4,34038072.3537,0,2024-07-20,52.31388329979878,6.14135,0.250266862827697,0.7497996254070295,-0.0011047979797981222,-0.0011054087189565694
2024-07-21,6.329,6.444,6.092,6.427,15855983.5,2024-07-21 23:59:59.999,99512433.0349,298289,7830158.2,49155111.1426,0,2024-07-21,64.80637813211845,6.14635,0.25512293733793,1.1000578894568662,0.015484278717016853,0.015365620595980779
2024-07-22,6.428,6.473,6.075,6.092,17174396.2,2024-07-22 23:59:59.999,107400318.1018,309421,8091490.2,50617682.9122,0,2024-07-22,53.69290573372204,6.12455,0.2389074859441258,-0.1362452075177465,-0.052123852497277134,-0.05353143135623378
2024-07-23,6.092,6.161,5.798,5.913,22380274.7,2024-07-23 23:59:59.999,133938694.4141,401614,10932312.9,65433774.6623,0,2024-07-23,45.0752062105774,6.1164499999999995,0.24338024721591328,-0.835934724889608,-0.029382797110965142,-0.029823118194222474
2024-07-24,5.912,5.993,5.645,5.742,15458392.8,2024-07-24 23:59:59.999,90612222.289,274679,7229686.8,42410139.0261,0,2024-07-24,42.07427536231884,6.1258,0.22345177272709113,-1.7175965771761732,-0.028919330289193357,-0.029345735139820688
2024-07-25,5.742,5.775,5.534,5.751,24401742.9,2024-07-25 23:59:59.999,138445326.2977,394972,11825958.4,67108623.6913,0,2024-07-25,46.32098765432099,6.1292,0.2167772565224638,-1.744647967536245,0.0015673981191222097,0.0015661710327448761
2024-07-26,5.752,5.887,5.723,5.862,14137734.7,2024-07-26 23:59:59.999,82255762.5363,241225,7089980.9,41258031.7111,0,2024-07-26,43.85330578512398,6.11045,0.22308824663686402,-1.1136848477921792,0.01930099113197703,0.019117089557083536
2024-07-27,5.863,5.94,5.709,5.821,15237608.3,2024-07-27 23:59:59.999,88909417.1488,261969,7430734.2,43370647.0378,0,2024-07-27,38.89490790899241,6.10615,0.22799106053143153,-1.2507069326987452,-0.006994199931763978,-0.007018773999102305
2024-07-28,5.821,5.841,5.667,5.716,9795812.7,2024-07-28 23:59:59.999,56205056.0864,184608,4716108.0,27066897.3603,0,2024-07-28,33.92282958199358,6.094949999999999,0.24167409002106413,-1.56802080010716,-0.01803813777701413,-0.018202808221977354
2024-07-29,5.716,5.873,5.616,5.647,18003236.1,2024-07-29 23:59:59.999,103647927.5064,291934,8764211.5,50479208.4206,0,2024-07-29,26.357466063348426,6.0714999999999995,0.2614674177107927,-1.6235292477991876,-0.012071378586424042,-0.012144829376921299
2024-07-30,5.647,5.722,5.477,5.516,15210283.5,2024-07-30 23:59:59.999,85384962.8989,263429,7230127.4,40606284.4339,0,2024-07-30,26.628571428571433,6.0427,0.28932864212851006,-1.8204212210903665,-0.023198158314149175,-0.023471470759644335
2024-07-31,5.517,5.556,5.33,5.386,18929782.0,2024-07-31 23:59:59.999,103522663.4549,330912,9196108.0,50316803.3017,0,2024-07-31,25.946547884187098,6.017,0.3234836691527991,-1.9506394299674656,-0.023567802755619982,-0.02384996554164818
2024-08-01,5.385,5.421,5.02,5.338,31545127.2,2024-08-01 23:59:59.999,165050386.9562,455878,15424490.9,80673504.5482,0,2024-08-01,27.705112960761014,5.978899999999999,0.35639361740124476,-1.7982925863636998,-0.008911994058670603,-0.008951943407074746
2024-08-02,5.338,5.367,4.993,5.12,26914130.6,2024-08-02 23:59:59.999,139094623.6755,431491,13356541.8,69071215.3228,0,2024-08-02,13.196125907990321,5.92335,0.39906143505153974,-2.0130985593640376,-0.040839265642562794,-0.04169661193091602
2024-08-03,5.12,5.206,4.852,5.041,25324517.3,2024-08-03 23:59:59.999,127480021.3659,410191,12310704.6,61989057.4426,0,2024-08-03,12.645011600928086,5.8595999999999995,0.4333976416496701,-1.8887966184682219,-0.015429687499999956,-0.01554996395092258
2024-08-04,5.041,5.095,4.527,4.687,31217068.0,2024-08-04 23:59:59.999,149788839.862,470992,14954330.9,71792775.5737,0,2024-08-04,6.0606060606060765,5.7698,0.4808938607023123,-2.251640306696045,-0.07022416187264435,-0.07281175615992476
2024-08-05,4.688,4.725,3.584,4.195,128295289.5,2024-08-05 23:59:59.999,516794317.854,1405224,62363422.6,251126976.3387,0,2024-08-05,5.615348619560137,5.662850000000001,0.5770536119379573,-2.5436977945089407,-0.10497119692767232,-0.11089937902139961
2024-08-06,4.196,4.599,4.188,4.505,33197377.0,2024-08-06 23:59:59.999,146327884.7504,534613,16095183.4,70934208.8291,0,2024-08-06,18.95943562610229,5.5756,0.6143223395255227,-1.7427333032148677,0.07389749702026216,0.07129455114113169
2024-08-07,4.504,4.637,4.399,4.575,33942836.8,2024-08-07 23:59:59.999,154123984.3647,533333,17303190.2,78582400.0857,0,2024-08-07,23.073373327180434,5.49995,0.6405028842517763,-1.4440996640952048,0.015538290788013276,0.015418807667183359
2024-08-08,4.574,4.903,4.475,4.876,27882613.9,2024-08-08 23:59:59.999,131409296.6198,447087,14042014.8,66218760.044,0,2024-08-08,32.208214721431474,5.42695,0.6231663185092035,-0.8841138932508954,0.06579234972677606,0.06371851289154055
2024-08-09,4.877,4.92,4.727,4.781,16138690.8,2024-08-09 23:59:59.999,77468360.038,297366,7815407.8,37523852.1746,0,2024-08-09,27.875562832582887,5.34955,0.6009698718239536,-0.9460540813376241,-0.0194831829368336,-0.019675481975058907
2024-08-10,4.781,4.829,4.717,4.751,8992724.0,2024-08-10 23:59:59.999,42742093.9776,195841,4494897.0,21365183.666,0,2024-08-10,28.00164473684211,5.26575,0.558147582349149,-0.9222471193613409,-0.006274837900020813,-0.006294607439181941
2024-08-11,4.751,4.825,4.463,4.493,13458930.7,2024-08-11 23:59:59.999,62423640.1409,249582,6481818.5,30034913.5857,0,2024-08-11,26.34429400386847,5.1858,0.547994391056664,-1.2642465165822523,-0.054304356977478374,-0.05583449211676132
2024-08-12,4.492,4.677,4.446,4.584,18913627.8,2024-08-12 23:59:59.999,86399200.1788,365506,9289502.8,42437080.7408,0,2024-08-12,29.612581511315668,5.11935,0.5356103527733398,-0.9995139138517553,0.02025372802136638,0.020051349324415355
2024-08-13,4.585,4.612,4.393,4.543,15533087.3,2024-08-13 23:59:59.999,70144161.6576,269649,7773903.0,35111507.2142,0,2024-08-13,30.671434247119578,5.0594,0.5293141938276849,-0.9756020262099961,-0.008944153577661318,-0.008984392635172079
2024-08-14,4.542,4.552,4.345,4.38,16116343.7,2024-08-14 23:59:59.999,71854656.7976,249143,7931493.4,35358241.7415,0,2024-08-14,30.27450980392156,4.99085,0.5237812193916924,-1.1662311999453272,-0.03587937486242576,-0.03653886238891154
2024-08-15,4.38,4.478,4.224,4.274,17183158.7,2024-08-15 23:59:59.999,74838492.6472,323954,8170837.6,35600391.8286,0,2024-08-15,29.601226993865012,4.91145,0.5047914081949532,-1.2627988306683178,-0.024200913242009126,-0.02449856749139888
2024-08-16,4.275,4.384,4.208,4.289,15781682.1,2024-08-16 23:59:59.999,67785968.9232,256879,8000221.6,34374825.6659,0,2024-08-16,32.72349272349271,4.83485,0.47485646307519264,-1.1495052556830554,0.003509592887225077,0.0035034486377875248
2024-08-17,4.289,4.382,4.271,4.366,6623262.5,2024-08-17 23:59:59.999,28646794.9421,152291,3308788.8,14312599.6594,0,2024-08-17,35.955056179775255,4.76735,0.4374901231944546,-0.9173921392086138,0.017952902774539536,0.01779365259300876
2024-08-18,4.365,4.52,4.341,4.388,14276663.5,2024-08-18 23:59:59.999,63146633.9973,209565,7256214.1,32084701.3343,0,2024-08-18,42.78126508932881,4.704400000000001,0.39252373712743166,-0.8060659014292487,0.005038937242327179,0.005026284285231767
2024-08-19,4.389,4.501,4.341,4.479,16442950.0,2024-08-19 23:59:59.999,72714539.5452,259094,7898403.2,34930860.0046,0,2024-08-19,58.50299401197604,4.65255,0.3453270722663677,-0.5025670268507997,0.02073837739288975,0.020526264812179264
2024-08-20,4.478,4.601,4.452,4.52,13645391.3,2024-08-20 23:59:59.999,61876271.6962,267947,6927110.3,31421532.2787,0,2024-08-20,50.535331905781575,4.60925,0.29981465765589566,-0.2976839114465012,0.009153828979682865,0.009112186618976696
2024-08-21,4.521,4.745,4.487,4.661,16526468.9,2024-08-21 23:59:59.999,75946539.5601,289199,8083381.3,37151354.1819,0,2024-08-21,52.921195652173886,4.5754,0.24672302817031602,0.3469477520392166,0.031194690265486713,0.030718023546464062
2024-08-22,4.66,4.711,4.591,4.688,12502761.1,2024-08-22 23:59:59.999,58200235.9899,215877,6042472.1,28130616.3352,0,2024-08-22,42.153589315525835,4.553800000000001,0.2131630460668,0.6295650323834462,0.005792748337266618,0.005776034884107536
2024-08-23,4.688,4.951,4.679,4.89,18277377.9,2024-08-23 23:59:59.999,87511283.8644,285565,8827253.3,42301990.49,0,2024-08-23,54.17624521072798,4.546250000000001,0.19706501064116527,1.7443482172790776,0.04308873720136508,0.042186251212069065
2024-08-24,4.89,5.099,4.842,4.981,17730945.1,2024-08-24 23:59:59.999,88009518.6872,247535,8897936.4,44185221.6339,0,2024-08-24,58.41874084919472,4.56095,0.2179730729339441,1.9270728918305167,0.018609406952965202,0.018438370604365643
2024-08-25,4.981,4.992,4.742,4.816,15935994.7,2024-08-25 23:59:59.999,77244365.9554,269871,7671592.2,37181884.8302,0,2024-08-25,62.686567164179095,4.5920000000000005,0.2070573274242128,1.0818259985606542,-0.03312587833768321,-0.03368696608462644
2024-08-26,4.817,4.863,4.525,4.553,17898821.4,2024-08-26 23:59:59.999,83839834.886,314470,8598008.4,40283055.8728,0,2024-08-26,48.92733564013842,4.5944,0.20627253305442625,-0.20070534543286325,-0.054609634551495034,-0.0561573516538749
2024-08-27,4.554,4.655,4.236,4.374,23736376.8,2024-08-27 23:59:59.999,106233955.4418,352542,11358652.2,50829924.0679,0,2024-08-27,44.66203411244471,4.58435,0.21208222709737742,-0.9918322854249261,-0.039314737535690814,-0.040108434098068996
2024-08-28,4.375,4.451,4.162,4.251,25486986.3,2024-08-28 23:59:59.999,109994479.8121,387162,12098678.6,52217934.9452,0,2024-08-28,45.81983149708362,4.5531,0.21289110138890704,-1.4190353567109717,-0.02812071330589838,-0.028523672877922908
2024-08-29,4.252,4.401,4.174,4.249,14042183.2,2024-08-29 23:59:59.999,60118133.1925,239687,6579815.4,28177186.0768,0,2024-08-29,49.13134120917302,4.5265,0.21612825139388994,-1.2839598627680648,-0.00047047753469786624,-0.0004705882439787087
2024-08-30,4.248,4.331,4.096,4.276,17152031.5,2024-08-30 23:59:59.999,72479272.4468,279918,8399283.7,35501073.6604,0,2024-08-30,49.55203308063405,4.50275,0.21625834330859747,-1.0485144597470215,0.006354436337961955,0.0063343320301243585
2024-08-31,4.275,4.315,4.214,4.255,7099717.3,2024-08-31 23:59:59.999,30302318.6276,123363,3438731.9,14679244.2297,0,2024-08-31,46.021505376344095,4.49085,0.22325799920377612,-1.056401118173288,-0.004911131898970966,-0.004923231137461299
2024-09-01,4.256,4.256,4.028,4.065,15617285.5,2024-09-01 23:59:59.999,64882793.1978,245917,7363895.0,30600201.9077,0,2024-09-01,39.6673064619322,4.4649,0.24129494944885296,-1.6573077924482877,-0.04465334900117501,-0.045681019025563464
2024-09-02,4.065,4.232,4.048,4.206,15417729.0,2024-09-02 23:59:59.999,63866376.8103,226344,7614598.4,31552714.1773,0,2024-09-02,41.53750774953504,4.44805,0.24724726063736577,-0.9789795016374776,0.03468634686346861,0.034098334280734104
2024-09-03,4.205,4.283,4.051,4.059,15351641.1,2024-09-03 23:59:59.999,64233183.0914,230158,7633566.9,31959230.4898,0,2024-09-03,36.59104130308321,4.432,0.26188285850145127,-1.424300934144314,-0.03495007132667627,-0.035575439423747454
2024-09-04,4.059,4.195,3.864,4.109,27469571.4,2024-09-04 23:59:59.999,111427409.3408,356746,13318863.6,54055108.2819,0,2024-09-04,33.04668304668306,4.42375,0.26960729237764786,-1.167438748500613,0.012318305001231877,0.012243052044512068
2024-09-05,4.11,4.126,3.969,4.019,18522266.8,2024-09-05 23:59:59.999,74757498.5656,247546,9219375.5,37212127.0794,0,2024-09-05,30.21880544056772,4.41025,0.28313040978551035,-1.3818720507500295,-0.021903139449987785,-0.0221465744342086
2024-09-06,4.019,4.095,3.814,3.956,34166355.2,2024-09-06 23:59:59.999,135702181.3547,410723,16533398.5,65680614.096,0,2024-09-06,19.909793814433,4.38975,0.30079488989578124,-1.4420125293693822,-0.015675541179397956,-0.015799701706598474
2024-09-07,3.957,4.132,3.931,4.079,14225597.7,2024-09-07 23:59:59.999,57682004.8671,192021,7351281.4,29820328.563,0,2024-09-07,21.527777777777757,4.3743,0.3087208072677414,-0.956527687956899,0.031092012133468128,0.030618446574955698
2024-09-08,4.079,4.205,4.055,4.162,11952157.7,2024-09-08 23:59:59.999,49508307.1694,175805,5885798.5,24377136.3018,0,2024-09-08,28.229027962716373,4.3584499999999995,0.31119015594300947,-0.6312860360402175,0.020348124540328527,0.020143867636021297
2024-09-09,4.161,4.338,4.108,4.285,16671695.7,2024-09-09 23:59:59.999,70272602.4377,216914,8587709.0,36213555.1292,0,2024-09-09,40.161527165932455,4.3467,0.3091994927449408,-0.19954754599450952,0.02955309947140794,0.029124824078300394
2024-09-10,4.285,4.287,4.194,4.248,12873290.7,2024-09-10 23:59:59.999,54538406.9817,161551,6215278.1,26332506.2888,0,2024-09-10,44.83606557377051,4.32605,0.3007806465954205,-0.2594914296629766,-0.008634772462077,-0.00867226811010539
2024-09-11,4.248,4.255,4.057,4.19,19459917.4,2024-09-11 23:59:59.999,80687747.0402,250762,9600707.3,39826609.5691,0,2024-09-11,47.359307359307365,4.30115,0.2896470220222503,-0.3837429407144432,-0.01365348399246702,-0.013747550005591322
2024-09-12,4.19,4.297,4.186,4.293,13114925.0,2024-09-12 23:59:59.999,55552040.2997,179964,6425604.7,27222737.404,0,2024-09-12,51.751592356687915,4.2713,0.25438410658322563,0.08530407143537706,0.024582338902148004,0.024285055308377216
2024-09-13,4.293,4.469,4.269,4.418,17368446.7,2024-09-13 23:59:59.999,75794160.2194,212375,8873653.3,38742302.8556,0,2024-09-13,55.243722304283615,4.24315,0.19621585186791032,0.8911104701046614,0.02911716748194726,0.028701315755501788
2024-09-14,4.419,4.443,4.343,4.435,8941855.8,2024-09-14 23:59:59.999,39321741.4046,118184,4453153.9,19590742.8151,0,2024-09-14,56.666666666666664,4.2241,0.15094505796563437,1.3971971182257268,0.00384789497510174,0.0038405107636172663
2024-09-15,4.435,4.555,4.348,4.392,16339129.1,2024-09-15 23:59:59.999,73223429.6588,217446,7504832.4,33632183.2584,0,2024-09-15,63.59102244389029,4.21605,0.1360384910625081,1.29338394321908,-0.00969560315670781,-0.00974291155431311
2024-09-16,4.391,4.392,4.146,4.192,21923482.3,2024-09-16 23:59:59.999,93390751.4595,264849,10682502.7,45502919.5732,0,2024-09-16,49.44532488114104,4.206950000000001,0.13090714868516315,-0.11420308325526228,-0.04553734061930792,-0.046606757188488564
2024-09-17,4.192,4.285,4.125,4.154,19281983.2,2024-09-17 23:59:59.999,80783682.7165,231500,9975279.4,41791292.3793,0,2024-09-17,54.11968777103208,4.2021,0.13098609808933404,-0.3672145418607328,-0.009064885496183228,-0.009106221564820499
2024-09-18,4.155,4.176,3.97,4.174,29032201.1,2024-09-18 23:59:59.999,118088754.8054,315442,14234988.6,57895497.4334,0,2024-09-18,52.894033837934124,4.19835,0.13064587530715888,-0.18638169741486604,0.004814636494944846,0.004803083201088657
2024-09-19,4.175,4.348,4.175,4.252,25782719.6,2024-09-19 23:59:59.999,109614776.3728,287873,12510054.6,53192563.6279,0,2024-09-19,60.486048604860486,4.197150000000001,0.1300037549985423,0.4219108901940117,0.01868711068519402,0.01851465182469245
2024-09-20,4.252,4.403,4.186,4.337,22299194.6,2024-09-20 23:59:59.999,96097140.3852,267977,10720370.5,46198084.6862,0,2024-09-20,66.81376875551634,4.20125,0.1331785011021917,1.019308663759738,0.01999059266227654,0.019793404373527654
2024-09-21,4.337,4.476,4.281,4.46,13120272.4,2024-09-21 23:59:59.999,57428176.7007,193718,6527249.4,28582499.4262,0,2024-09-21,66.81376875551635,4.221,0.14097032161728265,1.6953923156170128,0.028360617938667287,0.02796590117874352
2024-09-22,4.459,4.482,4.23,4.307,16184121.8,2024-09-22 23:59:59.999,70318360.3023,224976,7688204.7,33409569.7047,0,2024-09-22,56.02660016625107,4.22605,0.1422083256798625,0.5692353075180289,-0.0343049327354259,-0.03490715995999906
2024-09-23,4.308,4.46,4.228,4.455,20560265.6,2024-09-23 23:59:59.999,90013988.8679,256198,10045368.4,43979230.759,0,2024-09-23,56.921824104234545,4.24585,0.1452606640637781,1.4398254430956672,0.03436266542837241,0.0337854548507991
2024-09-24,4.455,4.684,4.398,4.634,24679791.3,2024-09-24 23:59:59.999,111969055.9858,307335,12173664.5,55252705.3188,0,2024-09-24,64.08759124087592,4.2721,0.16528504882885323,2.189550734106234,0.04017957351290691,0.03939336508741189
2024-09-25,4.633,4.772,4.589,4.635,20124086.5,2024-09-25 23:59:59.999,94238221.6348,282063,9344667.1,43753304.4549,0,2024-09-25,66.94592536176695,4.302899999999999,0.17285951094531268,1.9212133494064234,0.0002157962883038156,0.00021577300763398727
2024-09-26,4.635,4.875,4.562,4.812,18934946.8,2024-09-26 23:59:59.999,90035313.8862,264355,9684313.3,46055637.646,0,2024-09-26,68.7094448449892,4.3457,0.18777565000494906,2.4832825767755855,0.03818770226537227,0.037476599094614066
2024-09-27,4.812,4.963,4.807,4.884,14717751.1,2024-09-27 23:59:59.999,72039452.1283,243656,7129554.2,34898947.3727,0,2024-09-27,67.46626686656674,4.38595,0.21227724547230542,2.346224150835695,0.014962593516209433,0.01485175813602576
2024-09-28,4.883,4.93,4.741,4.794,12286277.2,2024-09-28 23:59:59.999,59256775.8474,186364,6036868.5,29121873.6094,0,2024-09-28,62.75764036958067,4.41755,0.2239068121434859,1.6812797984849133,-0.018427518427518552,-0.01859942023626576
2024-09-29,4.795,4.859,4.68,4.765,12042499.9,2024-09-29 23:59:59.999,57385690.9222,206992,5861851.6,27936365.5809,0,2024-09-29,63.38837042354627,4.44155,0.23442908814045388,1.3797349235356418,-0.006049228201918999,-0.006067598906027114
2024-09-30,4.765,4.769,4.396,4.429,22226676.9,2024-09-30 23:59:59.999,102050227.8927,330330,10456001.7,48018978.247,0,2024-09-30,57.75016350555919,4.4506,0.2300161092711984,-0.09390646624029327,-0.0705141657922349,-0.07312371216510415
2024-10-01,4.43,4.56,4.05,4.15,49208813.3,2024-10-01 23:59:59.999,211290054.4994,513405,23298886.1,100039483.783,0,2024-10-01,49.88700564971753,4.4486,0.23256111816499878,-1.2839635548542,-0.06299390381575976,-0.0650654906984542
2024-10-02,4.15,4.267,4.001,4.099,31493107.9,2024-10-02 23:59:59.999,130208340.3491,413619,15178196.7,62789477.7498,0,2024-10-02,47.91782343142698,4.4389,0.24319537304732533,-1.397641722130364,-0.012289156626506093,-0.012365292720406491
2024-10-03,4.098,4.171,3.986,4.128,28198234.4,2024-10-03 23:59:59.999,114726949.8251,370337,13401386.2,54533906.978,0,2024-10-03,46.46118721461188,4.4244,0.25295649719196195,-1.171742980671772,0.007074896316174639,0.007049986657061064
2024-10-04,4.128,4.211,4.1,4.193,16639907.8,2024-10-04 23:59:59.999,69197717.6269,239186,8030855.7,33412696.2049,0,2024-10-04,45.84295612009237,4.4123,0.258157255212777,-0.8494822267119715,0.015746124031007724,0.015623440009363965
2024-10-05,4.192,4.231,4.073,4.135,12209098.6,2024-10-05 23:59:59.999,50817276.0928,158839,5693224.4,23701981.2779,0,2024-10-05,40.25194961007797,4.39945,0.26551231014784776,-0.9959990173440314,-0.013832578106367732,-0.013929139712970941
2024-10-06,4.136,4.195,4.093,4.189,9249509.6,2024-10-06 23:59:59.999,38418848.304,151138,4657665.2,19349052.0046,0,2024-10-06,46.23724489795917,4.399299999999999,0.2656364947938492,-0.7916833873418087,0.013059250302297487,0.012974713489243209
2024-10-07,4.19,4.269,4.122,4.128,25735969.0,2024-10-07 23:59:59.999,108157439.1603,283897,12336163.8,51872621.5447,0,2024-10-07,38.960162052667116,4.398,0.26696047410578155,-1.0113856776153822,-0.014561947958940058,-0.014669013785636186
2024-10-08,4.129,4.182,4.041,4.102,21980353.1,2024-10-08 23:59:59.999,90457835.6019,256029,10860327.6,44712101.3179,0,2024-10-08,29.969879518072275,4.3944,0.2706007741033085,-1.0805586235624325,-0.006298449612403001,-0.006318368529072641
2024-10-09,4.101,4.148,3.948,4.021,16526683.7,2024-10-09 23:59:59.999,67033169.3226,252618,7894185.3,32015978.2077,0,2024-10-09,28.196022727272734,4.3828499999999995,0.2817009005423339,-1.284518435345296,-0.019746465138956726,-0.01994403173505202
2024-10-10,4.022,4.076,3.96,4.071,16014896.6,2024-10-10 23:59:59.999,64517725.7833,243567,7797782.6,31405672.2427,0,2024-10-10,21.077283372365315,4.36955,0.2901327237082388,-1.029011812884045,0.012434717731907519,0.012358041605704844
2024-10-11,4.071,4.194,4.05,4.172,13298397.5,2024-10-11 23:59:59.999,55011280.2655,185111,6646602.9,27496770.6717,0,2024-10-11,22.824427480915986,4.35515,0.29254424316411665,-0.6260591492728628,0.024809629083763163,0.024506867617684194
2024-10-12,4.171,4.262,4.151,4.204,11110291.6,2024-10-12 23:59:59.999,46802578.3664,168225,5536177.4,23318465.3517,0,2024-10-12,26.437699680511173,4.35,0.2943376149541316,-0.49602902443424357,0.007670182166826578,0.007640915876178794
2024-10-13,4.203,4.215,4.083,4.161,11979325.8,2024-10-13 23:59:59.999,49715912.4601,194841,5731314.4,23786565.9541,0,2024-10-13,26.145339652448627,4.3353,0.29615360523329,-0.5885459333263855,-0.010228353948620428,-0.01028102301390053
2024-10-14,4.162,4.4,4.131,4.377,20787015.2,2024-10-14 23:59:59.999,89113622.053,302169,9940365.1,42593672.2274,0,2024-10-14,47.73123909249561,4.32245,0.28797358705277665,0.1894270948884022,0.05191059841384282,0.05060812820795405
2024-10-15,4.377,4.535,4.291,4.407,32660262.7,2024-10-15 23:59:59.999,144110856.8963,426113,15651164.6,69070563.9613,0,2024-10-15,64.32552954292082,4.31105,0.2793327528952567,0.34349713381437663,0.006854009595613553,0.0068306276510917766
2024-10-16,4.406,4.41,4.284,4.312,15620943.4,2024-10-16 23:59:59.999,67795576.1227,257144,7687995.9,33358141.3722,0,2024-10-16,61.31774707757705,4.2860499999999995,0.2533002119350812,0.1024476047680986,-0.02155661447696844,-0.02179235225315389
2024-10-17,4.312,4.35,4.143,4.19,18710893.6,2024-10-17 23:59:59.999,79057540.9695,265957,8918088.0,37673720.3263,0,2024-10-17,52.99806576402323,4.25135,0.21109470934564808,-0.2906278427828575,-0.028293135435992545,-0.02870109967264963
2024-10-18,4.19,4.31,4.17,4.31,12488080.6,2024-10-18 23:59:59.999,53013710.8841,189965,6106172.0,25925986.4289,0,2024-10-18,55.37190082644628,4.22715,0.16919570573758133,0.4896696381201193,0.028639618138424527,0.02823717018160977
2024-10-19,4.31,4.482,4.308,4.429,15839510.7,2024-10-19 23:59:59.999,69672560.4986,231976,7356767.4,32357014.4554,0,2024-10-19,62.78260869565219,4.21035,0.12348717170977513,1.7706292643407597,0.027610208816705395,0.02723592082540478
2024-10-20,4.43,4.594,4.356,4.578,15004078.8,2024-10-20 23:59:59.999,67310962.6234,242079,7339587.9,32951069.8786,0,2024-10-20,65.62248995983936,4.2177999999999995,0.140671547259774,2.5605746650019428,0.033641905622036505,0.03308839658931374
2024-10-21,4.577,4.617,4.333,4.376,17414835.4,2024-10-21 23:59:59.999,77618416.7262,264998,8096397.7,36073144.887,0,2024-10-21,58.946608946608954,4.229100000000001,0.1439769352801689,1.0203023124095718,-0.04412407164700738,-0.04512715641069482
2024-10-22,4.377,4.437,4.269,4.323,16266111.1,2024-10-22 23:59:59.999,70686393.8236,231523,7984936.6,34701008.8266,0,2024-10-22,57.8202406227884,4.2402999999999995,0.14202301517725546,0.5822999877645537,-0.012111517367458857,-0.012185459434185345
2024-10-23,4.323,4.332,4.101,4.208,20577304.9,2024-10-23 23:59:59.999,86660628.3706,270092,9869757.6,41570520.4875,0,2024-10-23,56.46164478230824,4.2443,0.13980290637004947,-0.2596512543445697,-0.026601896830904526,-0.026962130250086053
2024-10-24,4.208,4.267,4.14,4.207,12441584.7,2024-10-24 23:59:59.999,52337593.4042,201726,6423836.0,27030825.4751,0,2024-10-24,54.86409155937053,4.245,0.13956737666629995,-0.2722699308940709,-0.00023764258555136752,-0.00023767082702494112
2024-10-25,4.206,4.219,3.836,3.993,27866892.3,2024-10-25 23:59:59.999,113459665.9926,332349,13230454.2,53918362.1665,0,2024-10-25,44.076770350761095,4.2379,0.14876647188069053,-1.6462042616457804,-0.05086760161635373,-0.052206976527299595
2024-10-26,3.993,4.059,3.94,4.034,15349578.2,2024-10-26 23:59:59.999,61585263.9425,215427,7220181.4,28973503.6908,0,2024-10-26,44.40789473684211,4.23015,0.15534012765892488,-1.2627130089057237,0.010267968945654848,0.010215611450935712
2024-10-27,4.034,4.132,4.004,4.126,12080588.4,2024-10-27 23:59:59.999,48987471.0265,146126,5777445.9,23418385.32,0,2024-10-27,48.88463989802424,4.23005,0.1554099756265632,-0.6695194409528973,0.022806147744174554,0.022549975117040086
2024-10-28,4.126,4.225,4.002,4.13,25687548.6,2024-10-28 23:59:59.999,105781172.5451,294034,12771686.9,52596030.8099,0,2024-10-28,40.899042004421524,4.231450000000001,0.15431801579184865,-0.6574086601582618,0.0009694619486184664,0.0009689923238812569
2024-10-29,4.131,4.252,4.119,4.195,24758491.4,2024-10-29 23:59:59.999,103354911.2521,260511,12496458.6,52159014.7744,0,2024-10-29,42.385057471264375,4.24015,0.1465376815129706,-0.30811187630263676,0.0157384987893463,0.015615932946228164
2024-10-30,4.194,4.221,4.121,4.191,18422467.6,2024-10-30 23:59:59.999,76930229.3003,219780,8660020.0,36165365.7999,0,2024-10-30,45.34973097617216,4.24615,0.14162153976090544,-0.38941816402439927,-0.0009535160905841389,-0.0009539709762351536
2024-10-31,4.192,4.217,3.9,3.957,28323113.0,2024-10-31 23:59:59.999,114089386.1747,311337,12952775.4,52135182.1348,0,2024-10-31,41.755130927105434,4.2354,0.15506786289620617,-1.795342985969607,-0.05583392984967783,-0.05745320653964717
2024-11-01,3.958,3.995,3.843,3.908,26451091.7,2024-11-01 23:59:59.999,103908106.0531,302067,13175867.6,51777754.2392,0,2024-11-01,35.02235469448587,4.220599999999999,0.17147944482629035,-1.8229590159722344,-0.012383118524134429,-0.012460428222750914
2024-11-02,3.908,3.944,3.82,3.906,15963038.7,2024-11-02 23:59:59.999,61938613.3192,188136,7130370.9,27681238.6565,0,2024-11-02,28.653061224489804,4.20785,0.18508441174668486,-1.630877485312623,-0.0005117707267143778,-0.0005119017260490618
2024-11-03,3.907,3.929,3.663,3.783,30455110.8,2024-11-03 23:59:59.999,114677038.8126,335908,14162677.3,53316374.6311,0,2024-11-03,16.84737281067558,4.1781500000000005,0.20327742903683518,-1.9438951086320402,-0.03149001536098317,-0.03199648680359506
2024-11-04,3.783,3.836,3.675,3.749,19968188.2,2024-11-04 23:59:59.999,75219116.5913,253065,9503996.0,35807114.9715,0,2024-11-04,19.5926285160039,4.14525,0.21706920433726545,-1.8254547033043755,-0.008987575997885244,-0.009028207897117193
2024-11-05,3.75,3.918,3.742,3.855,19599832.6,2024-11-05 23:59:59.999,75510842.5659,238704,9776543.5,37686463.1367,0,2024-11-05,28.413284132841326,4.122400000000001,0.2225756878907341,-1.2013890759321009,0.02827420645505474,0.027881869261517898
2024-11-06,3.855,4.13,3.855,4.114,39586819.9,2024-11-06 23:59:59.999,160271006.719,417921,19081389.5,77239796.0398,0,2024-11-06,46.172638436482075,4.1186,0.22200886657976815,-0.020719893177541852,0.06718547341115433,0.0650247842154726
2024-11-07,4.113,4.201,4.047,4.166,34104461.4,2024-11-07 23:59:59.999,140658415.2139,359325,16813816.3,69353882.9402,0,2024-11-07,48.39718530101644,4.111400000000001,0.21776940966857897,0.2507239197787005,0.012639766650461848,0.012560551608014836
2024-11-08,4.167,4.393,4.114,4.326,46984895.4,2024-11-08 23:59:59.999,201373792.5961,575089,22622574.7,96971474.4056,0,2024-11-08,63.59183673469387,4.10625,0.21097514819481028,1.0415918741153656,0.038406144983197166,0.03768698469208663
2024-11-09,4.326,4.644,4.263,4.635,31689303.9,2024-11-09 23:59:59.999,139504095.2694,411309,15010224.2,66084971.9716,0,2024-11-09,70.12726054922973,4.1091,0.21795289205656868,2.4129067296959983,0.0714285714285714,0.06899287148695142
2024-11-10,4.635,5.482,4.587,5.244,102813013.6,2024-11-10 23:59:59.999,525881112.6151,1287124,49507924.5,253057456.916,0,2024-11-10,77.81094527363183,4.1525,0.330999840989043,3.297584665716294,0.1313915857605179,0.12344836688363503
2024-11-11,5.243,5.792,4.976,5.714,65696469.6,2024-11-11 23:59:59.999,344301385.5446,947504,31560711.9,165406051.2922,0,2024-11-11,81.9870759289176,4.22205,0.48090511975696343,3.1023791153523,0.08962623951182325,0.08583473790712812
2024-11-12,5.713,5.848,5.125,5.312,85958498.0,2024-11-12 23:59:59.999,466906787.2915,1330318,41738316.4,226686939.7701,0,2024-11-12,69.85424813366512,4.27725,0.5390526656215746,1.919571251552653,-0.07035351767588383,-0.07295089163444864
2024-11-13,5.312,5.434,4.913,5.078,70706549.4,2024-11-13 23:59:59.999,364610310.3592,1185306,34700390.0,179071621.3223,0,2024-11-13,64.57443312520539,4.3208,0.5675112426412834,1.334246695229995,-0.04405120481927716,-0.04505092889164609
2024-11-14,5.078,5.219,4.69,4.78,51233065.6,2024-11-14 23:59:59.999,253800187.8025,786484,24761222.6,122766747.3632,0,2024-11-14,63.24428709365949,4.36015,0.570860594557894,0.7354685259457352,-0.0586845214651438,-0.06047693677912213
2024-11-15,4.779,5.175,4.706,5.164,38679603.7,2024-11-15 23:59:59.999,191322341.8631,645892,18492247.4,91490707.7142,0,2024-11-15,68.24520627542127,4.41665,0.5923952516761664,1.2615732450342796,0.08033472803347275,0.0772709264810314
2024-11-16,5.163,5.807,5.135,5.785,49285220.5,2024-11-16 23:59:59.999,270892487.1994,787978,23721147.9,130418878.2334,0,2024-11-16,73.13469588771238,4.4996,0.6616566449355886,1.9426994496898493,0.1202556158017043,0.113556887661244
2024-11-17,5.785,6.147,5.313,5.425,57277156.6,2024-11-17 23:59:59.999,324110852.2881,995129,27052394.1,153133904.0136,0,2024-11-17,69.10190786412284,4.564349999999999,0.68648266547521,1.253709734104102,-0.06222990492653424,-0.06425046121911676
2024-11-18,5.426,6.097,5.395,6.009,53969617.7,2024-11-18 23:59:59.999,313857819.6433,1002718,25742146.7,149669910.4466,0,2024-11-18,73.3085808580858,4.65505,0.7518389717696452,1.8008510476826345,0.10764976958525363,0.1022404459252678
2024-11-19,6.01,6.049,5.662,5.807,32612278.7,2024-11-19 23:59:59.999,191042291.4343,750721,15743004.9,92226627.3021,0,2024-11-19,69.7411003236246,4.73585,0.7854280948013129,1.363778564950577,-0.03361624230321181,-0.034194258961878034
2024-11-20,5.808,6.085,5.534,5.725,50830830.5,2024-11-20 23:59:59.999,297242269.2624,1064287,24786753.3,145076074.2878,0,2024-11-20,66.89741976085588,4.82425,0.7926161794290462,1.1364264613533963,-0.014120888582745073,-0.014221536949609584
2024-11-21,5.724,5.973,5.476,5.939,46373445.5,2024-11-21 23:59:59.999,267079040.7183,997265,23028362.3,132683307.4831,0,2024-11-21,67.98539257455872,4.925800000000001,0.799126931488074,1.2678836866545027,0.03737991266375551,0.03669821959341985
2024-11-22,5.939,6.694,5.882,6.634,61095161.4,2024-11-22 23:59:59.999,380671367.3324,1297275,30008997.3,187003044.2272,0,2024-11-22,71.12005856515373,5.0622,0.8472658564918805,1.8551437992651643,0.1170230678565416,0.11066717149113761
2024-11-23,6.635,9.448,6.586,8.523,200467951.7,2024-11-23 23:59:59.999,1636329735.4793,4274047,98416181.8,803059451.1939,0,2024-11-23,77.59795570698466,5.2992,1.0968071653179152,2.9392586973714425,0.2847452517334941,0.2505604510152999
2024-11-24,8.524,10.512,8.03,8.829,188408886.3,2024-11-24 23:59:59.999,1706242491.1549,4203353,91477547.2,828787172.1037,0,2024-11-24,76.59101023587004,5.5532,1.2900995718397683,2.53918385177703,0.03590285110876468,0.03527336637928499
2024-11-25,8.831,9.369,8.12,8.242,78684200.4,2024-11-25 23:59:59.999,689701115.5026,2247517,38063267.8,333629678.9804,0,2024-11-25,68.4310294546515,5.77255,1.3573630579364675,1.819299549638683,-0.06648544569033865,-0.0687987250028198
2024-11-26,8.24,8.476,7.555,8.072,67624118.7,2024-11-26 23:59:59.999,541515525.0225,1874100,32717674.9,262277551.2181,0,2024-11-26,70.82704497434347,5.97045,1.390941539313385,1.5108830533865532,-0.020626061635525605,-0.02084174986531803
2024-11-27,8.072,8.576,7.843,8.462,47611081.3,2024-11-27 23:59:59.999,393888620.878,1496225,22983424.6,190132372.6934,0,2024-11-27,74.94839280448244,6.18525,1.4288134523362288,1.5934550422081513,0.04831516352824594,0.047184269246568045
2024-11-28,8.461,8.759,8.008,8.622,42229774.3,2024-11-28 23:59:59.999,351579338.0387,1224172,20328714.1,169370154.7477,0,2024-11-28,78.91330523780853,6.40005,1.4572289664031357,1.524777540954609,0.018908059560387658,0.018731524027067185
2024-11-29,8.622,9.085,8.443,9.031,42394944.1,2024-11-29 23:59:59.999,368893540.3005,1301982,20791239.9,180907138.0051,0,2024-11-29,78.99235267656319,6.61985,1.5076483002897152,1.5992788235403879,0.0474367896079797,0.04634602694371895
2024-11-30,9.032,9.237,8.607,8.953,54258938.0,2024-11-30 23:59:59.999,484342385.3257,1571738,26716043.1,238557035.2109,0,2024-11-30,75.85700293829575,6.8053,1.556816187641726,1.379546292650867,-0.008636917284907675,-0.008674431616642905
2024-12-01,8.952,9.397,8.703,9.299,47515641.4,2024-12-01 23:59:59.999,430546943.1057,1512876,23024779.4,208649395.7914,0,2024-12-01,81.69175392670154,6.9845500000000005,1.629253121589334,1.4205588863578524,0.0386462638221825,0.03791819584404128
2024-12-02,9.299,10.21,8.461,10.022,97709025.0,2024-12-02 23:59:59.999,895362292.3516,2507533,46804225.9,429295242.3909,0,2024-12-02,82.09886418173089,7.220049999999999,1.7130201545802297,1.635678361698325,0.0777502957307239,0.07487580904147283
2024-12-03,10.022,10.403,9.063,9.783,86441808.3,2024-12-03 23:59:59.999,848034101.9295,2267929,41704651.4,409175827.238,0,2024-12-03,81.6157760814249,7.455299999999999,1.7263866463309034,1.3483074634219805,-0.02384753542207152,-0.02413649106224121
2024-12-04,9.786,11.666,9.669,10.526,105109970.3,2024-12-04 23:59:59.999,1128619799.7395,2717982,51503009.9,552919902.1873,0,2024-12-04,84.5445387825586,7.7426,1.7358290723510628,1.6034988953319425,0.07594807318818364,0.0732022014562955
2024-12-05,10.526,11.247,9.901,10.381,80136872.6,2024-12-05 23:59:59.999,854479096.7891,2188632,38596748.2,411705076.0802,0,2024-12-05,82.28197674418601,8.003449999999999,1.7198542005212947,1.382413694881436,-0.01377541326239784,-0.013871174720478836
2024-12-06,10.381,10.889,10.024,10.682,46835274.0,2024-12-06 23:59:59.999,490751021.8457,1534879,22799112.2,238980307.2055,0,2024-12-06,81.20567375886522,8.2483,1.735907925644074,1.4019752799371685,0.028995279838165855,0.028582869706470195
2024-12-07,10.683,10.945,10.314,10.604,34689521.4,2024-12-07 23:59:59.999,369021104.5248,1199530,16594623.3,176563000.4204,0,2024-12-07,72.25668449197858,8.507249999999999,1.6778957333825595,1.2496306881793244,-0.007302003370155519,-0.00732879349079958
2024-12-08,10.604,10.821,10.2,10.402,28459667.8,2024-12-08 23:59:59.999,296780079.849,941087,13518113.5,140966897.4133,0,2024-12-08,67.20630059068034,8.7269,1.620189231962293,1.033891576955613,-0.019049415314975504,-0.0192331930758984
2024-12-09,10.402,10.406,7.546,8.467,95465340.1,2024-12-09 23:59:59.999,867824270.3149,2295120,42902184.3,390956619.2247,0,2024-12-09,51.90065889508362,8.8599,1.4701092297399438,-0.2672590526280156,-0.18602191886175723,-0.20582184069074042
2024-12-10,8.468,8.717,7.586,8.389,80686878.3,2024-12-10 23:59:59.999,665157202.991,1952767,38869036.8,320714436.7209,0,2024-12-10,52.720096104341856,8.9931,1.2794428433782574,-0.4721586455592868,-0.00921223573875063,-0.0092549307959828
2024-12-11,8.389,9.264,8.027,8.992,45557214.3,2024-12-11 23:59:59.999,398735648.9798,1226175,22496663.7,196760728.3501,0,2024-12-11,54.38741721854304,9.14575,1.0590198981770858,-0.1451814080780276,0.07187984265109093,0.06941396928717793
2024-12-12,8.991,9.671,8.907,9.06,55155826.6,2024-12-12 23:59:59.999,508023666.5801,1331036,26663332.4,245716571.4597,0,2024-12-12,53.68190988567586,9.26705,0.8799859732723373,-0.23528784127098942,0.007562277580071219,0.007533826903552746
2024-12-13,9.061,9.233,8.772,9.088,37762209.8,2024-12-13 23:59:59.999,339801604.9534,1074023,18574085.8,167224402.2527,0,2024-12-13,50.511945392491455,9.2953,0.8637622175224046,-0.23999660530951972,0.003090507726269065,0.003085741923907324
2024-12-14,9.088,9.212,8.351,8.55,32090917.4,2024-12-14 23:59:59.999,279429713.9889,843124,15064585.8,131273200.8453,0,2024-12-14,46.65671146507384,9.28135,0.873883123281405,-0.836896812074596,-0.05919894366197165,-0.06102357903012649
2024-12-15,8.55,9.26,8.362,9.027,42332535.8,2024-12-15 23:59:59.999,373332698.6464,1027257,20427951.3,180093338.6289,0,2024-12-15,47.79149074374797,9.320599999999999,0.8417837201901196,-0.34878317667356307,0.05578947368421039,0.054288803367348884
2024-12-16,9.026,9.202,8.582,8.754,37815231.4,2024-12-16 23:59:59.999,336655558.6242,1059372,18299834.1,162954579.7823,0,2024-12-16,38.89278206026628,9.3547,0.8013861083990749,-0.7495762575670487,-0.030242605516782928,-0.03070934754731421
2024-12-17,8.754,8.971,8.376,8.485,37297213.7,2024-12-17 23:59:59.999,324416873.271,997565,17809786.1,155006991.9677,0,2024-12-17,38.689438828860226,9.35585,0.8000530426483005,-1.088490329487844,-0.030728809687000203,-0.03121084008251393
2024-12-18,8.485,8.546,7.511,7.676,54370067.2,2024-12-18 23:59:59.999,441056037.7482,1362961,25776489.3,209293809.4723,0,2024-12-18,25.44796691936594,9.30855,0.8705783603887228,-1.8752476219039589,-0.09534472598703592,-0.10020132054073613
2024-12-19,7.677,7.797,6.758,6.937,84648281.3,2024-12-19 23:59:59.999,620353187.1308,1824602,40815312.5,299435263.554,0,2024-12-19,23.085339168490137,9.20385,1.018982995311996,-2.224620048056765,-0.09627410109431989,-0.10122917374228915
2024-12-20,6.938,7.356,6.039,7.288,80819484.7,2024-12-20 23:59:59.999,540336772.4276,1687326,39021266.1,261277048.6618,0,2024-12-20,23.68176178660049,9.1206,1.1049445044403354,-1.6585448342749378,0.05059824131468926,0.04935975555449287
2024-12-21,7.288,7.798,6.832,6.97,49169511.4,2024-12-21 23:59:59.999,355349973.2843,1225137,23797539.6,171854745.1187,0,2024-12-21,22.831937799043047,9.00415,1.20348587007569,-1.6902151081109635,-0.04363336992316147,-0.044613935185224794
2024-12-22,6.97,7.262,6.681,6.839,38093529.2,2024-12-22 23:59:59.999,264692666.9224,930787,18617795.9,129393918.2744,0,2024-12-22,23.076923076923066,8.845,1.270401262758819,-1.5790286571691103,-0.018794835007173494,-0.018973702656473412
2024-12-23,6.838,7.565,6.651,7.38,40611216.8,2024-12-23 23:59:59.999,285609723.6871,1050858,19977494.0,140516789.1777,0,2024-12-23,39.59410300593527,8.72485,1.2904941638148735,-1.0421201720311881,0.07910513232928773,0.07613211649642197
2024-12-24,7.379,7.636,7.15,7.547,27827789.3,2024-12-24 23:59:59.999,205949984.026,680511,13714000.1,101498723.2854,0,2024-12-24,42.07454819277108,8.5759,1.2426964696930671,-0.8279576108026834,0.022628726287262868,0.02237649469035022
2024-12-25,7.548,7.677,7.349,7.498,20199514.9,2024-12-25 23:59:59.999,151094846.2111,590186,9797597.2,73282539.1374,0,2024-12-25,34.300126103404764,8.431750000000001,1.188309142613649,-0.785780371887274,-0.006492646084536813,-0.006513814989010984
2024-12-26,7.499,7.59,6.877,6.93,28028600.6,2024-12-26 23:59:59.999,198640199.7501,660973,13424300.9,95108804.0893,0,2024-12-26,29.745150247242265,8.24415,1.1078012017639736,-1.1862687979643396,-0.075753534275807,-0.07877650511190855
2024-12-27,6.93,7.307,6.811,6.907,25442391.5,2024-12-27 23:59:59.999,178672561.5506,691396,12179783.9,85543875.3653,0,2024-12-27,29.240434037692737,8.0593,0.9961223292020717,-1.1567856338719285,-0.003318903318903277,-0.0033244230949759667
2024-12-28,6.908,7.183,6.787,7.11,15427708.7,2024-12-28 23:59:59.999,107231965.2902,414863,7586160.6,52768660.1552,0,2024-12-28,35.35990239934931,7.8947,0.8498915782233369,-0.9232942414141609,0.029390473432749475,0.02896685370831374
2024-12-29,7.111,7.151,6.803,6.862,15282312.0,2024-12-29 23:59:59.999,106839695.3362,385951,6939536.6,48536008.1025,0,2024-12-29,26.914054169332488,7.814450000000001,0.868578359037101,-1.096561974046739,-0.03488045007032348,-0.035503299378891524
2024-12-30,6.862,7.108,6.532,6.701,34092700.5,2024-12-30 23:59:59.999,231427047.1901,680081,16578290.6,112572694.2965,0,2024-12-30,27.572645837885077,7.73005,0.8915195469700511,-1.15426521325008,-0.023462547362285147,-0.023742175445224407
2024-12-31,6.701,6.927,6.56,6.637,22632659.7,2024-12-31 23:59:59.999,151924847.7828,513469,10728487.3,72012581.4118,0,2024-12-31,28.865507776761206,7.6123,0.8713653593480669,-1.1192779119997323,-0.009550813311446027,-0.009596714827245728
2025-01-01,6.637,7.14,6.515,7.052,25994477.3,2025-01-01 23:59:59.999,177489648.4759,518902,13052882.8,89168509.3286,0,2025-01-01,42.15686274509803,7.5119,0.8092482476433835,-0.5683052157842512,0.0625282507156848,0.06065121037183588
2025-01-02,7.052,7.358,7.05,7.175,25123774.1,2025-01-02 23:59:59.999,181211470.8794,527016,12471004.8,89969100.9173,0,2025-01-02,53.53955978584175,7.416250000000001,0.7214460533489879,-0.33439783734363304,0.01744186046511631,0.017291497110061043
2025-01-03,7.175,7.994,7.132,7.749,38825786.0,2025-01-03 23:59:59.999,295956570.1798,742891,19151953.2,145827520.758,0,2025-01-03,56.42956764295676,7.3762,0.6759966209804896,0.5514820465511756,0.08000000000000007,0.0769610411361284
2025-01-04,7.75,7.88,7.603,7.676,21243065.0,2025-01-04 23:59:59.999,164118234.1369,460074,10458802.8,80842008.6456,0,2025-01-04,60.56886227544911,7.30865,0.5598842244026276,0.6561177900519464,-0.00942057039618005,-0.00946522463635955
2025-01-05,7.675,7.733,7.457,7.67,18110115.2,2025-01-05 23:59:59.999,137608090.6309,428588,9033240.0,68678364.8387,0,2025-01-05,62.92379471228615,7.25445,0.45530330838866817,0.9126882944704341,-0.0007816571130797589,-0.000781962766288689
2025-01-06,7.671,7.989,7.536,7.768,30437078.7,2025-01-06 23:59:59.999,235924194.574,620218,14792052.1,114689260.78,0,2025-01-06,56.998556998557,7.2186,0.3743413021887943,1.4676446248052974,0.01277705345501956,0.012696115609858971
2025-01-07,7.768,7.888,7.002,7.008,49782986.6,2025-01-07 23:59:59.999,371004144.3008,887873,24254403.1,180791652.9837,0,2025-01-07,41.991084695393766,7.185199999999999,0.36094344213344254,-0.49093564064390854,-0.09783728115345003,-0.10296037735493345
2025-01-08,7.009,7.131,6.415,6.755,50077990.4,2025-01-08 23:59:59.999,340260113.1283,918172,23794482.2,161788640.9309,0,2025-01-08,39.59092182684225,7.176100000000001,0.3697179436987359,-1.138976366110955,-0.03610159817351599,-0.036769382221928146
2025-01-09,6.754,6.841,6.448,6.553,34057214.5,2025-01-09 23:59:59.999,226284906.4061,724843,16300289.8,108345437.9519,0,2025-01-09,44.11489228847955,7.13935,0.39375764319823786,-1.4891139515095118,-0.029903774981495213,-0.030360011354802388
2025-01-10,6.553,6.808,6.476,6.727,28351683.4,2025-01-10 23:59:59.999,188626393.2484,676297,14321822.8,95321608.6575,0,2025-01-10,47.31663685152058,7.127199999999999,0.4029011371464127,-0.9932957817752892,0.02655272394323216,0.02620631898610898
2025-01-11,6.728,6.877,6.582,6.738,12862998.6,2025-01-11 23:59:59.999,86101928.5421,382545,6599625.6,44185753.8552,0,2025-01-11,44.11764705882353,7.12215,0.40731240757740705,-0.9431335575678352,0.0016352014270848425,0.0016338659408923451
2025-01-12,6.738,6.817,6.54,6.629,12609222.7,2025-01-12 23:59:59.999,84354147.7239,389653,6053786.3,40511742.9949,0,2025-01-12,46.14621237181607,7.0846,0.4167969845306834,-1.0930981194909783,-0.016176907094093362,-0.016309181725106793
2025-01-13,6.629,6.808,5.97,6.392,46864383.6,2025-01-13 23:59:59.999,296127850.0791,841365,22276479.5,140823080.6133,0,2025-01-13,45.014520813165554,7.0268500000000005,0.42918861943289055,-1.4791864724625288,-0.03575199879318136,-0.036406754795280834
2025-01-14,6.391,6.685,6.364,6.665,24839799.2,2025-01-14 23:59:59.999,161383667.1954,479042,12055430.0,78355470.6092,0,2025-01-14,50.423216444981875,6.985199999999999,0.4214082406185659,-0.7598332665018415,0.04270963704630781,0.04182274516669838
2025-01-15,6.665,7.194,6.554,7.161,37969657.6,2025-01-15 23:59:59.999,260321628.9326,697496,19222198.8,131818904.2328,0,2025-01-15,51.608143995278844,6.9967500000000005,0.4229783962358931,0.38831770478508704,0.07441860465116279,0.07177968239413074
2025-01-16,7.16,7.389,6.843,7.149,39783993.0,2025-01-16 23:59:59.999,283560991.725,795054,19424409.9,138510638.8255,0,2025-01-16,49.60341671751068,7.00885,0.42373654612789063,0.3307479642261035,-0.0016757436112274648,-0.001677149240087955
2025-01-17,7.15,7.598,7.149,7.502,30026810.1,2025-01-17 23:59:59.999,222299009.8132,613927,14525552.2,107569311.0901,0,2025-01-17,45.9600915930651,7.028450000000001,0.4375038616348974,1.0823904461789233,0.04937753531962508,0.04819716487498078
2025-01-18,7.502,7.587,6.831,7.039,36735857.6,2025-01-18 23:59:59.999,260494245.2449,751417,17636757.9,125113930.5122,0,2025-01-18,40.760081230055114,7.037299999999999,0.43574631682856296,0.0039013525401049238,-0.06171687549986671,-0.06370353703370105
2025-01-19,7.039,7.234,6.1,6.242,67737763.7,2025-01-19 23:59:59.999,448630016.0531,1196421,31729734.1,210004842.5936,0,2025-01-19,33.152430391694196,7.01435,0.4654648242667295,-1.65930905996328,-0.1132263105554766,-0.12016547077740684
2025-01-20,6.242,7.152,6.05,6.377,80381584.2,2025-01-20 23:59:59.999,518331861.4453,1450102,39523330.8,255329065.016,0,2025-01-20,33.730994152046776,7.0013499999999995,0.479963515607038,-1.300828041503004,0.021627683434796596,0.02139712348454694
2025-01-21,6.378,6.845,6.15,6.624,32486233.4,2025-01-21 23:59:59.999,210985454.2102,787000,15951681.8,103618833.9786,0,2025-01-21,44.89633173843699,6.97995,0.4870752103365484,-0.7307906303711363,0.03873294652657977,0.038001649749823875
2025-01-22,6.624,6.698,6.41,6.447,18857381.5,2025-01-22 23:59:59.999,123769565.7685,520805,9185015.6,60318290.3977,0,2025-01-22,45.82202930005426,6.943549999999999,0.4987930142360729,-0.995503116178343,-0.026721014492753548,-0.027084510754475394
2025-01-23,6.446,6.502,6.191,6.35,31453205.7,2025-01-23 23:59:59.999,199286194.0718,672551,16035458.4,101635846.4411,0,2025-01-23,47.16559620217816,6.873600000000001,0.47753681588374813,-1.096459964099326,-0.015045757716767527,-0.015160093423882857
2025-01-24,6.349,6.545,6.196,6.317,21845233.9,2025-01-24 23:59:59.999,139741028.905,475174,10840386.0,69378709.5283,0,2025-01-24,44.040697674418595,6.80565,0.4534313938683986,-1.077671300681538,-0.005196850393700658,-0.0052104009880368125
2025-01-25,6.318,6.407,6.241,6.321,14496865.7,2025-01-25 23:59:59.999,91704583.7534,351421,6946467.7,43963428.4647,0,2025-01-25,43.92659481503057,6.738199999999999,0.4169560875505193,-1.000584983543262,0.0006332119677061598,0.000633011573598306
2025-01-26,6.321,6.469,6.16,6.172,18302159.3,2025-01-26 23:59:59.999,115830041.0669,375502,8614281.2,54549985.8009,0,2025-01-26,43.42067376907573,6.6584,0.35805974214568365,-1.3584325260506365,-0.02357221958550859,-0.023854488989247236
2025-01-27,6.172,6.209,5.477,5.949,52081222.2,2025-01-27 23:59:59.999,302612770.5346,896385,24140773.4,140109024.6576,0,2025-01-27,43.59641514888695,6.605449999999999,0.38119500120729743,-1.722084491981614,-0.036130913804277354,-0.03679979629514576
2025-01-28,5.949,6.034,5.596,5.646,22107454.8,2025-01-28 23:59:59.999,129469336.2614,490924,11109814.0,65119679.5683,0,2025-01-28,35.39696188019488,6.55,0.43513869537032374,-2.077498530050638,-0.05093292990418552,-0.052275808374470975
2025-01-29,5.645,5.878,5.539,5.762,26174330.9,2025-01-29 23:59:59.999,149930050.1199,578934,13034375.3,74673696.148,0,2025-01-29,27.50080411707944,6.5104500000000005,0.4694464237108446,-1.5943246389730907,0.020545518951470054,0.020337306831039143
2025-01-30,5.762,6.254,5.716,6.123,21822405.0,2025-01-30 23:59:59.999,132062126.3416,476813,11078082.9,67061091.924,0,2025-01-30,35.164835164835154,6.48025,0.47418638074313063,-0.7533957416493662,0.06265185699409948,0.060767535833480886
2025-01-31,6.123,6.498,6.026,6.318,39201685.7,2025-01-31 23:59:59.999,246403557.9979,641746,19267063.5,121142434.9836,0,2025-01-31,32.06060606060605,6.45925,0.4714631062176274,-0.2995992647933714,0.031847133757961776,0.03135052988407601
2025-02-01,6.318,6.491,5.856,5.904,30502017.2,2025-02-01 23:59:59.999,190331334.1066,599183,14094025.8,87997083.6487,0,2025-02-01,32.54383266687172,6.422999999999999,0.48539067282057935,-1.0692418067782758,-0.06552706552706544,-0.06777261508172198
2025-02-02,5.904,6.044,4.843,5.15,63050331.5,2025-02-02 23:59:59.999,341769353.7521,1130335,29666427.5,160829339.0927,0,2025-02-02,32.98004987531172,6.3609,0.5628366968903821,-2.1514233288094116,-0.1277100271002709,-0.13663337262252648
2025-02-03,5.15,5.275,3.805,5.174,128483798.6,2025-02-03 23:59:59.999,589815058.2854,1898445,60968964.7,280533476.1408,0,2025-02-03,30.57797868905392,6.28635,0.6166129277185416,-1.8039680162329346,0.004660194174757271,0.0046493690881926
2025-02-04,5.175,5.225,4.579,4.738,62603464.7,2025-02-04 23:59:59.999,300352370.1501,968871,29960015.7,143687956.7542,0,2025-02-04,21.30249543517955,6.1652000000000005,0.67132419025319,-2.125947523895618,-0.0842674913026672,-0.08803097802724369
2025-02-05,4.739,4.86,4.625,4.686,30664419.2,2025-02-05 23:59:59.999,145518301.3166,549910,15196126.8,72145578.0985,0,2025-02-05,22.144890857323617,6.042050000000001,0.7063508502736126,-1.9197966555497459,-0.010975094976783506,-0.011035765650989859
2025-02-06,4.685,4.835,4.431,4.487,30603966.8,2025-02-06 23:59:59.999,141629185.7034,560833,14814051.3,68561236.2322,0,2025-02-06,21.45265093472264,5.891299999999999,0.7000719587060042,-2.005936650563283,-0.042466922748612856,-0.043395013091757584
2025-02-07,4.487,4.934,4.455,4.588,37567936.6,2025-02-07 23:59:59.999,175951094.5572,678544,18592137.5,87100862.4814,0,2025-02-07,24.046832782948044,5.76875,0.7031103735306836,-1.6793238223336666,0.02250947180744367,0.02225987227327791
2025-02-08,4.588,4.763,4.494,4.741,21153794.9,2025-02-08 23:59:59.999,97226067.66,416371,10480786.0,48198019.7019,0,2025-02-08,27.29885057471263,5.6937,0.7295483173625,-1.305876495533907,0.03334786399302514,0.032803884652856885
2025-02-09,4.741,4.873,4.508,4.759,27122979.6,2025-02-09 23:59:59.999,128582385.2328,478355,13239556.2,62778319.2208,0,2025-02-09,28.904150492684394,5.6128,0.7394323284919885,-1.1546695581206934,0.0037966673697533704,0.0037894782189922802
2025-02-10,4.758,4.919,4.604,4.842,26858579.5,2025-02-10 23:59:59.999,129179785.6158,506438,13500348.5,64916488.0708,0,2025-02-10,32.75163602368339,5.5237,0.7182315342841288,-0.9491368276936767,0.01744063878966151,0.01729029637689316
2025-02-11,4.842,5.208,4.745,4.806,34034801.6,2025-02-11 23:59:59.999,169075136.2109,608096,17009385.1,84512307.7986,0,2025-02-11,35.72399728076138,5.44165,0.7007229556139442,-0.9071345456965515,-0.0074349442379181285,-0.0074627212015894884
2025-02-12,4.805,5.326,4.75,5.225,48975346.0,2025-02-12 23:59:59.999,245840444.7983,830418,24667697.4,123876598.9255,0,2025-02-12,41.72573189522342,5.3854,0.6683757531257736,-0.2399847679241236,0.08718268830628362,0.08358966053659735
2025-02-13,5.226,5.275,5.064,5.128,23810280.5,2025-02-13 23:59:59.999,122652983.8994,477042,11442707.9,58961840.1747,0,2025-02-13,33.310969473331085,5.32595,0.6330995992966675,-0.3126680228828279,-0.01856459330143534,-0.018739078232505715
2025-02-14,5.129,5.373,5.095,5.169,25414039.0,2025-02-14 23:59:59.999,132793937.3473,464516,12404803.5,64825476.4327,0,2025-02-14,29.678103997170126,5.26835,0.58864878948864,-0.1687763599859022,0.007995319812792445,0.00796352659553328
2025-02-15,5.168,5.217,4.975,5.018,19781751.1,2025-02-15 23:59:59.999,100530486.0105,354137,9874261.9,50216177.7579,0,2025-02-15,32.72230889235567,5.210649999999999,0.550748129937449,-0.34979692082091984,-0.02921261365834782,-0.02964779826967169
2025-02-16,5.018,5.044,4.822,4.875,18369373.1,2025-02-16 23:59:59.999,90544485.405,356732,8532743.5,42072666.0902,0,2025-02-16,42.95954941116229,5.15695,0.5268063136516872,-0.5352061900048133,-0.02849740932642486,-0.028911343494420035
2025-02-17,4.876,5.067,4.771,4.887,29026387.8,2025-02-17 23:59:59.999,142203077.9117,477604,13793816.1,67624048.8791,0,2025-02-17,42.60690365790826,5.119,0.5169684913518879,-0.44877009698079146,0.002461538461538293,0.0024585138382071017
2025-02-18,4.887,4.915,4.557,4.766,34038222.3,2025-02-18 23:59:59.999,160954922.3108,578090,16465598.9,77878737.3726,0,2025-02-18,50.86100861008609,5.0692,0.4994434376047351,-0.6070757510682443,-0.024759566196030147,-0.025071239611467247
2025-02-19,4.766,4.903,4.695,4.881,19746147.3,2025-02-19 23:59:59.999,95145449.4944,415059,9932582.6,47888085.6784,0,2025-02-19,55.7726465364121,5.007099999999999,0.43451290332498355,-0.29021002376467,0.024129248845992546,0.023842738228460156
2025-02-20,4.882,5.066,4.876,5.044,23629129.7,2025-02-20 23:59:59.999,117638678.0216,418823,11411353.2,56832547.0591,0,2025-02-20,66.84815486993347,4.9434,0.30684959456095134,0.3278479156667657,0.033394796148330075,0.03284930119766251
2025-02-21,5.045,5.337,4.947,5.058,38947376.4,2025-02-21 23:59:59.999,200765825.1306,627806,19400876.3,100017305.9854,0,2025-02-21,65.0063856960409,4.9011,0.21070955314717438,0.7446268935438835,0.0027755749405233843,0.0027717301451002704
2025-02-22,5.058,5.212,5.022,5.041,23452061.0,2025-02-22 23:59:59.999,119646962.1356,385151,11336818.9,57821682.1309,0,2025-02-22,60.48951048951054,4.89565,0.2052724184772073,0.7080834389649853,-0.0033610122578092705,-0.003366673147279474
2025-02-23,5.04,5.129,4.902,4.951,15677925.4,2025-02-23 23:59:59.999,78566482.1663,308268,7551815.5,37867718.9896,0,2025-02-23,56.39147802929428,4.8845,0.19516484260102107,0.34073759962979955,-0.017853600476096187,-0.018014898721207966
2025-02-24,4.951,4.978,4.328,4.412,39636561.0,2025-02-24 23:59:59.999,184816878.084,656792,18925008.6,88292563.6975,0,2025-02-24,39.019407558733384,4.8682,0.22006903222710714,-2.0729858962128302,-0.10886689557665108,-0.11526147498802986
2025-02-25,4.412,4.755,4.133,4.638,69181950.8,2025-02-25 23:59:59.999,304693645.9998,1019252,33090140.3,145758955.9305,0,2025-02-25,46.08938547486033,4.865799999999999,0.22240991079324599,-1.024234932640947,0.0512239347234813,0.04995513744208377
2025-02-26,4.638,4.93,4.59,4.753,44658794.1,2025-02-26 23:59:59.999,212916731.7722,795313,22082144.1,105312764.4444,0,2025-02-26,37.20173535791756,4.879099999999999,0.2059066983346101,-0.612413296992794,0.024795170332039707,0.024492758798532504
2025-02-27,4.753,5.183,4.712,4.932,44455410.0,2025-02-27 23:59:59.999,221674376.3158,771917,22529750.1,112361868.16,0,2025-02-27,44.911734164070616,4.8963,0.19435401773190694,0.1836854232118066,0.037660424994740316,0.03696858767022563
2025-02-28,4.932,4.932,4.45,4.711,53073270.9,2025-02-28 23:59:59.999,246357604.5032,872799,25941508.4,120361951.5112,0,2025-02-28,39.126305792972474,4.8948,0.19572660846488377,-0.9390649612823397,-0.04480940794809407,-0.0458443855841938
2025-03-01,4.711,4.817,4.521,4.661,26422209.2,2025-03-01 23:59:59.999,122854269.9109,424943,13465676.5,62592499.1055,0,2025-03-01,41.097256857855356,4.8899,0.200474411014703,-1.141791607424713,-0.010613457864572462,-0.010670182327300352
2025-03-02,4.662,5.227,4.563,5.202,48825163.8,2025-03-02 23:59:59.999,239442620.2436,784243,24026971.3,117853337.6674,0,2025-03-02,56.8039950062422,4.9079,0.21178959270218137,1.3886423607866503,0.1160695129800473,0.109813149635856
2025-03-03,5.202,5.248,4.43,4.469,53702108.4,2025-03-03 23:59:59.999,258870085.5083,941863,25473433.6,122727562.4598,0,2025-03-03,43.30985915492958,4.89105,0.23269733560573458,-1.813729404771056,-0.14090734332948862,-0.1518784970751453
2025-03-04,4.469,4.512,4.011,4.326,62057139.4,2025-03-04 23:59:59.999,263797138.3429,964096,30193167.6,128351880.7354,0,2025-03-04,43.006993006993,4.8461,0.25091011181005146,-2.0728538847957463,-0.031998209890355955,-0.0325213424204476
2025-03-05,4.325,4.547,4.273,4.521,31262067.5,2025-03-05 23:59:59.999,137371183.3473,461472,14995649.7,65908592.8573,0,2025-03-05,44.4203347799132,4.8157499999999995,0.2517268517515402,-1.1709120340126615,0.04507628294036059,0.04408988078160105
2025-03-06,4.521,4.662,4.339,4.428,32930913.7,2025-03-06 23:59:59.999,147781481.9038,509428,15860341.7,71175671.7707,0,2025-03-06,40.2408111533587,4.7787,0.25152923864382143,-1.3942713057570588,-0.020570670205706687,-0.02078519346607764
2025-03-07,4.428,4.678,4.208,4.41,49283731.8,2025-03-07 23:59:59.999,220949852.0871,740019,24456569.4,109742958.0782,0,2025-03-07,39.74683544303799,4.7483,0.25774979707603907,-1.312513157479608,-0.004065040650406471,-0.004073325387635786
2025-03-08,4.409,4.443,4.256,4.287,22699072.9,2025-03-08 23:59:59.999,98650144.565,408439,10654543.1,46319657.4973,0,2025-03-08,38.45682792406614,4.7189,0.27546341814267,-1.5679032915227493,-0.02789115646258511,-0.028287501842914658
2025-03-09,4.287,4.348,3.975,4.015,33933021.9,2025-03-09 23:59:59.999,141087067.445,534597,15654256.8,65097446.7598,0,2025-03-09,36.42691415313226,4.6753,0.31379847706533887,-2.1042167131439364,-0.06344763237695361,-0.06554984021711509
2025-03-10,4.015,4.283,3.77,3.866,50627376.5,2025-03-10 23:59:59.999,204816810.8557,732942,23867456.9,96735250.1176,0,2025-03-10,41.072596468279926,4.6303,0.3610773499259914,-2.1167209744855375,-0.03711083437110829,-0.03781696661258579
2025-03-11,3.867,4.121,3.65,4.041,48172881.7,2025-03-11 23:59:59.999,188164940.7456,705551,23326694.9,91163814.6151,0,2025-03-11,40.07316262055206,4.588299999999999,0.3788003362390778,-1.444824483087506,0.04526642524573199,0.044271805310197435
2025-03-12,4.041,4.097,3.844,3.966,36160417.1,2025-03-12 23:59:59.999,143890599.4285,510903,17969849.9,71507781.4891,0,2025-03-12,36.73744523087295,4.5344,0.3871484687301494,-1.468170600969589,-0.018559762435040872,-0.01873415599873243
2025-03-13,3.965,4.11,3.822,3.977,36134734.4,2025-03-13 23:59:59.999,143297592.51,483861,17434434.4,69153090.7458,0,2025-03-13,32.94033583422652,4.48035,0.38565764405628583,-1.3051731445171018,0.002773575390822014,0.0027697361279493665
2025-03-14,3.978,4.225,3.965,4.184,30270222.4,2025-03-14 23:59:59.999,124784793.7054,411216,14651388.0,60381581.9058,0,2025-03-14,40.538599640933576,4.4375,0.3672570446432524,-0.6902522462060481,0.05204928337943171,0.05073996053706818
2025-03-15,4.185,4.426,4.182,4.347,23788828.5,2025-03-15 23:59:59.999,102779790.3097,350409,11356991.3,49059581.325,0,2025-03-15,44.58247066942721,4.4073,0.347088961746712,-0.17373067612563173,0.03895793499043987,0.03821822524403334
2025-03-16,4.347,4.361,4.181,4.296,28457833.6,2025-03-16 23:59:59.999,121837973.6069,375799,14334523.0,61362727.4737,0,2025-03-16,31.187707641196027,4.4015,0.3479743638441287,-0.3031832541757522,-0.011732229123533555,-0.011801594800091538
2025-03-17,4.296,4.465,4.294,4.369,24280737.1,2025-03-17 23:59:59.999,106617828.6669,389434,12156884.3,53399173.0068,0,2025-03-17,47.13958810068649,4.388050000000001,0.343522231714629,-0.055454926177313985,0.016992551210428086,0.016849792762735048
2025-03-18,4.37,4.485,4.228,4.448,27621056.9,2025-03-18 23:59:59.999,119328959.95,410860,13484902.3,58293793.1848,0,2025-03-18,53.62232779097389,4.3728,0.3330795068639394,0.22577192066853655,0.018081940947585418,0.017920406978982582
2025-03-19,4.448,4.595,4.434,4.535,33403325.7,2025-03-19 23:59:59.999,150934881.7921,477037,17120101.3,77361982.5381,0,2025-03-19,50.44416243654824,4.35295,0.3089558774461392,0.5892427148654498,0.019559352517985573,0.019370526618818634
2025-03-20,4.536,4.566,4.324,4.396,25665416.4,2025-03-20 23:59:59.999,113424527.1254,368563,12406502.8,54854252.2647,0,2025-03-20,49.01356350184957,4.3372,0.29756142222738974,0.1976062607842562,-0.030650496141124584,-0.031130047025724993
2025-03-21,4.396,4.584,4.376,4.497,26762176.6,2025-03-21 23:59:59.999,120043113.2159,435314,13459491.9,60373154.0931,0,2025-03-21,52.55131964809383,4.329,0.29034081606221135,0.5786303223863736,0.0229754322111011,0.022715471247195508
2025-03-22,4.497,4.545,4.412,4.443,17041265.5,2025-03-22 23:59:59.999,76235600.3046,298976,8252546.6,36914114.8345,0,2025-03-22,54.76772616136918,4.29105,0.20821559549781946,0.7297724247634019,-0.012008005336891281,-0.012080683834798942
2025-03-23,4.443,4.515,4.395,4.5,15845071.8,2025-03-23 23:59:59.999,70570671.1925,276959,7644068.9,34043017.9462,0,2025-03-23,67.06544686840253,4.2926,0.2097199636560145,0.9889378025078245,0.01282916948008106,0.012747572822502684
2025-03-24,4.501,4.773,4.466,4.619,27344878.5,2025-03-24 23:59:59.999,127488284.1414,431558,13710920.8,63914100.8318,0,2025-03-24,77.06685837526955,4.307250000000001,0.22204738114121064,1.4039796299229588,0.026444444444444493,0.026100834672194307
2025-03-25,4.619,4.719,4.581,4.635,18597737.8,2025-03-25 23:59:59.999,86446437.4172,327489,8912569.5,41424932.5635,0,2025-03-25,74.10714285714282,4.31295,0.22917207393500255,1.4052759329277584,0.0034639532366314008,0.0034579675693502364
2025-03-26,4.635,4.766,4.591,4.691,26095321.8,2025-03-26 23:59:59.999,122219172.1774,400359,12708891.9,59517027.673,0,2025-03-26,79.88458367683425,4.3261,0.24323519049003453,1.5001941095153732,0.012081984897518883,0.012009580328502505
2025-03-27,4.692,4.757,4.492,4.621,26382466.1,2025-03-27 23:59:59.999,121825215.6114,400509,12591486.5,58158279.6867,0,2025-03-27,75.31446540880503,4.33665,0.25150123469004787,1.1306107516745831,-0.014922191430398524,-0.015034647458191533
2025-03-28,4.622,4.644,4.238,4.278,32895625.3,2025-03-28 23:59:59.999,143216847.0457,462605,15372397.3,66865968.4131,0,2025-03-28,53.33806818181816,4.3362,0.25160277799087155,-0.23131700080875822,-0.07422635793118393,-0.07712552122791566
2025-03-29,4.279,4.301,3.992,4.047,26340519.2,2025-03-29 23:59:59.999,108378319.9266,383397,12159616.0,50019244.231,0,2025-03-29,39.83739837398372,4.3378,0.24954602992357658,-1.16531607450961,-0.0539971949509116,-0.05550974476648532
2025-03-30,4.047,4.17,3.982,4.041,20811122.9,2025-03-30 23:59:59.999,84914144.2387,317992,10281029.1,41954625.685,0,2025-03-30,41.090146750524106,4.34655,0.23476247233968203,-1.3015282934910208,-0.001482579688658059,-0.00148367979739169
2025-03-31,4.041,4.09,3.945,4.019,22299698.0,2025-03-31 23:59:59.999,89764407.9167,363112,10932554.6,44014751.25,0,2025-03-31,37.31884057971017,4.3454500000000005,0.2363159069819976,-1.3814135669879775,-0.005444196980945337,-0.005459070629272594
2025-04-01,4.019,4.28,4.011,4.169,25621770.4,2025-04-01 23:59:59.999,106881713.9855,371558,12801824.9,53394246.3578,0,2025-04-01,40.38594073053064,4.3556,0.22315333410976296,-0.8361963344370957,0.03732271709380419,0.03664308343159555
2025-04-02,4.168,4.236,3.907,3.963,35398021.1,2025-04-02 23:59:59.999,145222818.0886,484518,17164780.5,70434333.2709,0,2025-04-02,31.783439490445858,4.3549,0.2244218067978438,-1.7462652386228137,-0.04941232909570625,-0.05067488469036172
2025-04-03,3.962,4.106,3.842,4.057,28597825.5,2025-04-03 23:59:59.999,113777004.0238,409028,14053465.5,55917782.7885,0,2025-04-03,38.88524590163935,4.34855,0.23120609966932792,-1.2609961433412709,0.02371940449154697,0.023442470016012382
2025-04-04,4.058,4.129,3.943,4.031,33804131.9,2025-04-04 23:59:59.999,136729986.0387,423816,16691429.5,67539698.1113,0,2025-04-04,33.93103448275862,4.33275,0.24186901086960153,-1.247576111197983,-0.006408676361843946,-0.0064293000892816695
2025-04-05,4.031,4.068,3.894,3.954,17217802.4,2025-04-05 23:59:59.999,68251585.605,256080,8131818.6,32241733.0181,0,2025-04-05,33.401221995926704,4.31565,0.25626513305371595,-1.4112337316063743,-0.01910195981146101,-0.019286759386603396
2025-04-06,3.953,3.974,3.597,3.681,39871119.9,2025-04-06 23:59:59.999,151225428.531,478530,18622960.8,70609216.7787,0,2025-04-06,25.754884547069267,4.28125,0.292361685692812,-2.0531076039515312,-0.06904400606980277,-0.07154327035154112
2025-04-07,3.681,3.731,3.278,3.59,92664450.7,2025-04-07 23:59:59.999,325284209.8573,903894,44505560.0,156232056.7255,0,2025-04-07,19.024683925346167,4.23835,0.32744983946614475,-1.9799979168016453,-0.024721543058951467,-0.02503225189669667
2025-04-08,3.589,3.702,3.339,3.375,41017600.4,2025-04-08 23:59:59.999,145306883.5553,477733,20030690.7,71019163.7621,0,2025-04-08,16.129032258064512,4.18035,0.37186135998596576,-2.165726495569193,-0.05988857938718661,-0.06175687817569434
2025-04-09,3.374,3.75,3.246,3.641,64370302.8,2025-04-09 23:59:59.999,225013120.9519,661686,31257264.6,109239085.9127,0,2025-04-09,24.637681159420282,4.1426,0.38683797777701506,-1.2966668962609897,0.07881481481481489,0.07586304486880333
2025-04-10,3.641,3.648,3.389,3.461,47915638.8,2025-04-10 23:59:59.999,167720649.0407,456001,23948814.5,83839965.7532,0,2025-04-10,23.394495412844023,4.0908,0.4057834008668038,-1.5520595437237423,-0.04943696786597096,-0.05070080454008927
2025-04-11,3.461,3.597,3.448,3.555,28369883.9,2025-04-11 23:59:59.999,99989427.5596,345165,13254093.6,46724852.7843,0,2025-04-11,31.27912998446402,4.0464,0.4137220526393051,-1.1877539446233407,0.027159780410286105,0.02679749860199706
2025-04-12,3.555,3.755,3.523,3.711,24591721.0,2025-04-12 23:59:59.999,89839049.0847,326619,11330946.7,41416689.1178,0,2025-04-12,40.94827586206897,4.00695,0.40573305652345826,-0.7294204779266956,0.04388185654008425,0.04294631882325621
2025-04-13,3.711,3.815,3.613,3.665,41633623.3,2025-04-13 23:59:59.999,154133233.7943,443618,20799303.6,77042938.9681,0,2025-04-13,40.084388185654,3.9592499999999995,0.38556764373156077,-0.7631605109604624,-0.012395580706009102,-0.012473046739845664
2025-04-14,3.664,3.797,3.628,3.673,30292735.5,2025-04-14 23:59:59.999,112512250.546,429126,14417396.3,53545315.7728,0,2025-04-14,40.80765143464399,3.91115,0.35567686028941675,-0.6695684386277357,0.0021828103683492195,0.002180431498915414
2025-04-15,3.673,3.733,3.514,3.517,28182161.1,2025-04-15 23:59:59.999,102381687.8351,354499,13180475.9,47896683.9303,0,2025-04-15,32.73305084745763,3.85245,0.31471699483833354,-1.0658782509419837,-0.04247209365641169,-0.043400413345684896
2025-04-16,3.517,3.617,3.466,3.555,30176037.0,2025-04-16 23:59:59.999,106759907.1667,359877,14596219.1,51636965.1791,0,2025-04-16,38.139534883720934,3.79915,0.2638658500830855,-0.9252807815908063,0.010804663065112408,0.010746709763358892
2025-04-17,3.555,3.697,3.537,3.633,25935198.3,2025-04-17 23:59:59.999,94243511.4936,331562,12867418.8,46770598.8028,0,2025-04-17,37.55868544600938,3.7668999999999997,0.2406554427043483,-0.5563971398083003,0.021940928270042237,0.021703689983860734
2025-04-18,3.633,3.746,3.609,3.673,17786938.2,2025-04-18 23:59:59.999,65621520.5051,260334,8301547.7,30624199.0235,0,2025-04-18,39.58090803259605,3.7481999999999998,0.23212442216704163,-0.3239641882485084,0.011010184420588986,0.01095001359846531
2025-04-19,3.672,3.89,3.642,3.878,20134535.8,2025-04-19 23:59:59.999,75468218.4366,271658,9518409.2,35730441.4955,0,2025-04-19,47.94149512459372,3.74005,0.22402313672349836,0.6157846105434435,0.05581268717669485,0.054310789982929854
2025-04-20,3.878,3.949,3.786,3.878,24911994.4,2025-04-20 23:59:59.999,96611816.5035,333422,11995533.3,46505440.5402,0,2025-04-20,56.26191989828354,3.7329999999999997,0.21688755271863122,0.6685492006455038,0.0,0.0
2025-04-21,3.878,3.983,3.767,3.776,27759346.0,2025-04-21 23:59:59.999,107859280.2202,356009,13508670.7,52525899.956,0,2025-04-21,55.871212121212125,3.7133499999999997,0.19164036355979097,0.32691442886171296,-0.026302217637957814,-0.026654308537205913
2025-04-22,3.777,4.038,3.686,4.008,44348298.8,2025-04-22 23:59:59.999,169812209.7384,507336,21655747.5,82986690.1449,0,2025-04-22,69.76889444097438,3.7156,0.19496110272797468,1.4997863466538763,0.06144067796610164,0.05962711549930937
2025-04-23,4.008,4.198,3.997,4.093,37497095.1,2025-04-23 23:59:59.999,153468774.7164,490711,19274183.1,78897240.0826,0,2025-04-23,65.91549295774647,3.7174,0.19841461108672773,1.8930057516571894,0.021207584830339243,0.0209858337277022
2025-04-24,4.092,4.284,3.927,4.269,38941229.1,2025-04-24 23:59:59.999,159377194.6026,479946,18331746.3,75055004.9674,0,2025-04-24,78.53107344632768,3.7293,0.22373435846077785,2.4122356696261,0.04300024431957006,0.042101410265559115
2025-04-25,4.269,4.372,4.213,4.251,30740851.6,2025-04-25 23:59:59.999,131855668.6297,454242,15220707.4,65295878.2672,0,2025-04-25,75.97014925373135,3.74415,0.24797650036808702,2.0439436771131594,-0.0042164441321151935,-0.004225358399171876
2025-04-26,4.252,4.361,4.196,4.262,23527376.9,2025-04-26 23:59:59.999,100644001.9703,335294,11687555.6,50008590.4532,0,2025-04-26,73.05439330543932,3.7732,0.2729620370714094,1.790725205762312,0.0025876264408373206,0.0025842842997721915
2025-04-27,4.262,4.289,4.053,4.086,30899691.2,2025-04-27 23:59:59.999,127565402.0802,363684,14699988.2,60677611.5612,0,2025-04-27,65.8867924528302,3.7980000000000005,0.27792823761021823,1.0362387157072783,-0.041295166588456,-0.04217203728099495
2025-04-28,4.086,4.264,4.007,4.239,33135822.5,2025-04-28 23:59:59.999,138092717.9793,406125,15934100.5,66435712.7046,0,2025-04-28,69.25170068027212,3.8412000000000006,0.2758589647247639,1.4420412271063987,0.037444933920704804,0.03676089597506972
2025-04-29,4.24,4.328,4.097,4.143,22663940.0,2025-04-29 23:59:59.999,96181106.0522,347116,10679500.1,45349832.6834,0,2025-04-29,72.1985815602837,3.8663000000000003,0.2794984417583315,0.9899876301966948,-0.02264685067232841,-0.022907229275235353
2025-04-30,4.143,4.174,4.022,4.063,22009621.8,2025-04-30 23:59:59.999,90225096.2737,314540,10418219.8,42715841.6766,0,2025-04-30,67.4931129476584,3.8964,0.26562446779750004,0.6272012566515826,-0.019309678976587086,-0.019498546089675134
2025-05-01,4.063,4.222,4.061,4.174,20117522.5,2025-05-01 23:59:59.999,83497832.5185,275854,10048595.3,41704695.6367,0,2025-05-01,68.21548821548824,3.9273499999999997,0.25974892228755947,0.949570831046385,0.027319714496677472,0.026953191649419447
2025-05-02,4.174,4.286,4.122,4.159,19108356.4,2025-05-02 23:59:59.999,80204679.1853,298007,9303872.2,39060238.0358,0,2025-05-02,66.64383561643835,3.9497500000000003,0.25942646762278093,0.8065869373986138,-0.003593675131768226,-0.0036001478942345256
2025-05-03,4.159,4.17,4.008,4.024,17757427.9,2025-05-03 23:59:59.999,72633596.2619,238180,8112411.9,33202127.5623,0,2025-05-03,55.251798561151084,3.9677,0.25096929985887845,0.22433022697062177,-0.03245972589564794,-0.03299822796333648
2025-05-04,4.024,4.049,3.894,3.917,26995581.1,2025-05-04 23:59:59.999,107292410.1892,307229,12618881.1,50180055.5425,0,2025-05-04,51.302605210420836,3.9798999999999998,0.24164695865984104,-0.2602970893937148,-0.026590457256461253,-0.02695037811374385
2025-05-05,3.918,4.02,3.879,3.915,25558125.8,2025-05-05 23:59:59.999,100675903.5148,321152,12781873.8,50361149.7853,0,2025-05-05,54.97494631352901,3.9997999999999996,0.2166111237802465,-0.3914849732557121,-0.0005105948429919849,-0.000510725240927728
2025-05-06,3.915,3.975,3.821,3.968,27266153.8,2025-05-06 23:59:59.999,106175793.6863,349423,13657404.9,53192095.6713,0,2025-05-06,48.35796387520525,4.02045,0.19003087698713617,-0.2760077774284589,0.013537675606641209,0.01344685997986002
2025-05-07,3.969,4.006,3.876,3.967,20289457.1,2025-05-07 23:59:59.999,80035576.5216,279237,9962055.7,39305696.899,0,2025-05-07,44.444444444444436,4.0371500000000005,0.1675339007267226,-0.41872122415646146,-0.0002520161290322509,-0.00025204789043326606
2025-05-08,3.966,4.491,3.963,4.455,45591401.5,2025-05-08 23:59:59.999,194048514.3894,520745,23770364.2,101123726.859,0,2025-05-08,56.43153526970954,4.07625,0.16931778747630438,2.2369179614575656,0.12301487269977307,0.1160169193905795
2025-05-09,4.455,4.862,4.432,4.8,50341004.7,2025-05-09 23:59:59.999,234200708.3698,630803,24989644.3,116226049.4231,0,2025-05-09,65.48223350253807,4.12235,0.2278859998888627,2.9736359422276126,0.07744107744107742,0.0745888569910726
2025-05-10,4.8,5.32,4.796,5.306,50331782.3,2025-05-10 23:59:59.999,254019363.0017,725328,24661736.1,124470546.4374,0,2025-05-10,73.01587301587303,4.19375,0.34228871700284724,3.2494497912145563,0.10541666666666671,0.10022233780170271
2025-05-11,5.306,5.361,4.952,5.095,39414147.9,2025-05-11 23:59:59.999,200971394.5504,563578,19196676.9,97909874.7481,0,2025-05-11,71.90620929222752,4.2597,0.38229350807170925,2.184970401964863,-0.03976630229928391,-0.040578589040859855
2025-05-12,5.095,5.393,4.886,5.068,49951171.9,2025-05-12 23:59:59.999,257700446.2043,738483,24477577.9,126325594.221,0,2025-05-12,69.03996325218188,4.3126999999999995,0.41742532896452844,1.8094254171724764,-0.0052993130520118115,-0.005313404215795552
2025-05-13,5.068,5.271,4.82,5.19,36201577.9,2025-05-13 23:59:59.999,182116174.6132,534781,17394460.9,87516258.882,0,2025-05-13,73.76305038583749,4.36755,0.45721415861726633,1.798828808117627,0.02407261247040271,0.02378743471890483
2025-05-14,5.191,5.266,4.944,4.978,29546153.5,2025-05-14 23:59:59.999,150233430.3807,456271,13849950.3,70438554.6561,0,2025-05-14,69.59314775160597,4.4030000000000005,0.4762603224443888,1.2073229133362038,-0.040847784200385484,-0.04170549323239714
2025-05-15,4.979,5.025,4.674,4.776,43386769.5,2025-05-15 23:59:59.999,208665585.1833,536601,20487897.3,98545612.451,0,2025-05-15,62.40725474031325,4.42925,0.48187669038337433,0.7195824303602042,-0.04057854560064278,-0.041424827855099246
2025-05-16,4.775,4.954,4.705,4.752,25773168.9,2025-05-16 23:59:59.999,124889440.3758,404791,12419678.4,60187670.8221,0,2025-05-16,62.17659137577001,4.45375,0.4853695146869723,0.6144802897074176,-0.005025125628140725,-0.005037794029957181
2025-05-17,4.751,4.767,4.553,4.61,28528063.3,2025-05-17 23:59:59.999,132903037.9706,420953,13246755.9,61721932.7799,0,2025-05-17,61.998361998362,4.4799500000000005,0.4785687515895648,0.27174778873054095,-0.029882154882154732,-0.030337725051786498
2025-05-18,4.611,4.92,4.503,4.791,33425367.1,2025-05-18 23:59:59.999,157586960.2356,448592,16189350.8,76302466.2818,0,2025-05-18,67.36883942766296,4.50755,0.479857048338462,0.5906967522545835,0.039262472885032595,0.03851130089242798
2025-05-19,4.791,4.819,4.41,4.593,31751498.6,2025-05-19 23:59:59.999,144516526.434,445881,15335121.9,69833258.2683,0,2025-05-19,62.49999999999999,4.53005,0.4723554053309491,0.13326829605325424,-0.04132748904195371,-0.04220575255732873
2025-05-20,4.594,4.725,4.515,4.674,26526072.8,2025-05-20 23:59:59.999,122200327.4217,392452,12516361.8,57669705.9923,0,2025-05-20,62.88321167883211,4.5606,0.46015974342795607,0.24643615965887858,0.017635532331809367,0.01748183077300991
2025-05-21,4.674,4.876,4.61,4.736,40733718.3,2025-05-21 23:59:59.999,192063779.8643,473542,19908716.1,93889152.5193,0,2025-05-21,63.72724027133165,4.5887,0.4524033016749773,0.32559444074487576,0.013264869490799969,0.013177661465038145
2025-05-22,4.737,4.976,4.728,4.946,29705505.1,2025-05-22 23:59:59.999,144812163.4035,381306,14428374.3,70348449.792,0,2025-05-22,59.7304795877923,4.62805,0.44725825284151366,0.7108868265258497,0.04434121621621623,0.04338627151751991
2025-05-23,4.947,5.117,4.527,4.558,51086276.3,2025-05-23 23:59:59.999,245686941.9734,598184,24166207.5,116230582.767,0,2025-05-23,45.28448947778644,4.65475,0.4246690197245285,-0.22782448331823044,-0.07844723008491705,-0.08169523827573189
2025-05-24,4.557,4.63,4.51,4.542,20622322.8,2025-05-24 23:59:59.999,94550689.4726,300965,9602274.9,44029971.0184,0,2025-05-24,31.599229287090566,4.686,0.38902293261871734,-0.3701581267475946,-0.003510311540149247,-0.003516487140125849
2025-05-25,4.542,4.562,4.346,4.521,24689960.1,2025-05-25 23:59:59.999,110023933.563,320279,11911632.6,53094211.3192,0,2025-05-25,34.782608695652186,4.7162999999999995,0.34715840461199005,-0.5625673969157721,-0.004623513870541607,-0.004634235370898621
2025-05-26,4.52,4.615,4.419,4.464,24755002.8,2025-05-26 23:59:59.999,111846751.4906,319919,11798204.5,53312563.9882,0,2025-05-26,34.237995824634666,4.741099999999999,0.30618723201766274,-0.9050018126948357,-0.012607830126078134,-0.012687983233458116
2025-05-27,4.465,4.613,4.368,4.532,27158129.6,2025-05-27 23:59:59.999,122919528.1682,363105,12985390.4,58795321.4504,0,2025-05-27,32.33082706766916,4.76935,0.25233567346546726,-0.9406121486523866,0.015232974910394104,0.015118118086749907
2025-05-28,4.532,4.66,4.415,4.585,31850734.8,2025-05-28 23:59:59.999,144400039.6932,393947,15623053.8,70864852.0104,0,2025-05-28,38.46153846153846,4.77585,0.24539083219289967,-0.7777389167088956,0.011694616063548047,0.011626762542668236
2025-05-29,4.586,4.68,4.328,4.331,35598963.7,2025-05-29 23:59:59.999,161011872.2638,399092,17012054.7,76964438.2598,0,2025-05-29,37.321937321937334,4.7524,0.26461757907573286,-1.5924867934771474,-0.0553980370774263,-0.05699164347593846
2025-05-30,4.33,4.355,4.003,4.047,52990871.4,2025-05-30 23:59:59.999,220994326.8352,543130,24877593.0,103785896.0108,0,2025-05-30,32.506203473945405,4.68945,0.2755175942382744,-2.331793008632304,-0.06557377049180346,-0.0678225963387613
2025-05-31,4.046,4.118,3.893,4.074,31488403.4,2025-05-31 23:59:59.999,126196444.2925,403855,15209239.9,60966803.8051,0,2025-05-31,35.894736842105246,4.6384,0.29059601185024075,-1.9422152300247832,0.006671608598962209,0.00664945191088557
2025-06-01,4.074,4.099,3.967,4.063,18378505.3,2025-06-01 23:59:59.999,74228124.8959,264524,9058520.4,36591814.7112,0,2025-06-01,28.959537572254305,4.588150000000001,0.2991657303377616,-1.7553815385442055,-0.0027000490918016595,-0.0027037007990243713
2025-06-02,4.064,4.17,3.948,4.146,24483443.8,2025-06-02 23:59:59.999,98823863.5668,328371,12358137.2,49909887.0442,0,2025-06-02,36.160990712074295,4.53595,0.279028290393829,-1.3975285425345672,0.020428254984002026,0.020222397007998206
2025-06-03,4.146,4.221,4.09,4.136,23988009.9,2025-06-03 23:59:59.999,99938418.9007,297814,11351022.9,47293634.4557,0,2025-06-03,32.57772020725386,4.49385,0.2722597975581722,-1.3143695955461079,-0.002411963338157186,-0.002414876807459764
2025-06-04,4.135,4.212,3.981,4.005,25095219.5,2025-06-04 23:59:59.999,102884290.5742,285028,11696412.6,47983336.0947,0,2025-06-04,27.340359578425293,4.4553,0.2845149334682018,-1.5826937254607312,-0.031673114119922685,-0.03218555668580552
2025-06-05,4.005,4.074,3.734,3.81,38757234.5,2025-06-05 23:59:59.999,151898528.6529,425049,17919245.7,70264914.9035,0,2025-06-05,14.455569461827281,4.408199999999999,0.3096720846282278,-1.9317207772155471,-0.048689138576779034,-0.049914391381712955
2025-06-06,3.811,3.99,3.799,3.883,20234656.3,2025-06-06 23:59:59.999,79046513.8323,284385,10005615.2,39077225.8233,0,2025-06-06,23.694466095089638,4.37185,0.32692543411560215,-1.4952951009224351,0.01916010498687659,0.018978861610920616
2025-06-07,3.884,4.057,3.865,4.029,15820115.0,2025-06-07 23:59:59.999,63359652.2884,220097,7927320.2,31749116.6641,0,2025-06-07,31.84713375796177,4.33375,0.3198315140295123,-0.952845440902611,0.03759979397373159,0.03691015545967989
2025-06-08,4.028,4.11,3.972,4.022,18206799.0,2025-06-08 23:59:59.999,73652777.3395,225855,8696191.4,35184909.3121,0,2025-06-08,32.16583273766976,4.3052,0.32095475988482347,-0.8823673470417697,-0.0017374038222883748,-0.0017389148587498753
2025-06-09,4.023,4.16,3.96,4.151,33169601.8,2025-06-09 23:59:59.999,134175837.0809,285071,16091523.5,65117347.5068,0,2025-06-09,39.36097892590072,4.27905,0.3104593328705191,-0.4124533761508946,0.032073595226255414,0.03156997772044123
2025-06-10,4.151,4.317,4.094,4.293,40883867.6,2025-06-10 23:59:59.999,172302009.6301,403467,20128373.1,84845123.6246,0,2025-06-10,42.265372168284784,4.2569,0.2913574220204573,0.12390279866447174,0.03420862442784878,0.033636520171521904
2025-06-11,4.292,4.343,4.142,4.186,34065719.1,2025-06-11 23:59:59.999,145152325.9998,364085,16284480.3,69414296.6109,0,2025-06-11,37.5234521575985,4.2189,0.24215934292610974,-0.13586095668437004,-0.02492429536454699,-0.02524016521861561
2025-06-12,4.187,4.202,3.904,3.917,45166472.2,2025-06-12 23:59:59.999,182552277.7334,441210,21979507.4,88883179.5836,0,2025-06-12,37.17472118959107,4.18685,0.23728647464744881,-1.137232960289594,-0.06426182513139034,-0.06641956934011373
2025-06-13,3.916,3.916,3.659,3.834,67440470.3,2025-06-13 23:59:59.999,255191600.0639,569207,31703642.6,119961572.8922,0,2025-06-13,42.462845010615716,4.1514500000000005,0.2343075969702674,-1.3548429675555225,-0.02118968598417148,-0.021417410060241417
2025-06-14,3.834,3.844,3.714,3.779,20384079.6,2025-06-14 23:59:59.999,77076403.6615,238493,10279132.6,38866784.6434,0,2025-06-14,39.76405274115197,4.11435,0.2314399490104931,-1.4489719749497345,-0.014345331246739756,-0.014449220256100898
2025-06-15,3.779,3.832,3.732,3.819,19057835.7,2025-06-15 23:59:59.999,72119258.9078,230482,9091334.7,34415780.3013,0,2025-06-15,41.70068027210885,4.0821000000000005,0.22500290056160643,-1.1693182592015654,0.010584810796506972,0.010529183876027203
2025-06-16,3.819,3.99,3.784,3.846,32098595.7,2025-06-16 23:59:59.999,125431270.6832,329732,15737999.3,61497770.4438,0,2025-06-16,39.39179632248939,4.0478,0.20412885506870662,-0.9885912500321269,0.0070699135899450205,0.007045038923208838
2025-06-17,3.846,3.896,3.66,3.715,39570089.2,2025-06-17 23:59:59.999,149191387.5852,378926,19462191.8,73412644.4709,0,2025-06-17,36.28664495114006,4.0043,0.17411886441550034,-1.661508653707059,-0.0340613624544982,-0.03465496899686552
2025-06-18,3.716,3.784,3.571,3.621,40077026.7,2025-06-18 23:59:59.999,146485305.1506,391383,19185285.6,70119182.0733,0,2025-06-18,37.182910547396524,3.9688000000000003,0.17636851371362283,-1.9720073196553565,-0.025302826379542398,-0.025628447386218348
2025-06-19,3.621,3.656,3.493,3.546,35249925.1,2025-06-19 23:59:59.999,125739971.129,354083,16981132.7,60590591.4671,0,2025-06-19,40.420899854862114,3.94375,0.1988262597770217,-2.0004902795338313,-0.02071251035625521,-0.020930023131488024
2025-06-20,3.546,3.575,3.328,3.437,57677484.0,2025-06-20 23:59:59.999,199968785.3216,425990,27488258.6,95358088.4213,0,2025-06-20,34.229137199434234,3.9119,0.22602372953687955,-2.1011068217176394,-0.03073886068809928,-0.031221209784319328
2025-06-21,3.436,3.506,3.2,3.322,39976872.5,2025-06-21 23:59:59.999,134776080.0363,352105,18583008.1,62682044.9369,0,2025-06-21,24.439624005784538,3.87485,0.2583698440487181,-2.1397620996967226,-0.033459412278149525,-0.03403198667659368
2025-06-22,3.322,3.361,3.014,3.151,86035431.0,2025-06-22 23:59:59.999,273615664.7136,605630,41440190.0,131873743.0324,0,2025-06-22,21.848739495798313,3.8251,0.2964065309282417,-2.274241386952421,-0.05147501505117402,-0.052847148415965606
2025-06-23,3.152,3.42,3.11,3.414,67381140.0,2025-06-23 23:59:59.999,218558298.637,527052,33120909.2,107457991.9404,0,2025-06-23,28.078524687685928,3.789,0.3004873234878856,-1.247972778509302,0.08346556648682979,0.08016476159711151
2025-06-24,3.413,3.521,3.383,3.438,40878943.7,2025-06-24 23:59:59.999,140525080.2028,382535,20473810.5,70378620.4866,0,2025-06-24,22.648752399232265,3.7606499999999996,0.30573729262755595,-1.0553177769944024,0.007029876977152849,0.0070052825884085925
2025-06-25,3.437,3.458,3.338,3.351,33379245.3,2025-06-25 23:59:59.999,113565116.2928,331205,16178054.3,55036263.5624,0,2025-06-25,22.942320155541182,3.7377000000000002,0.31878669654284586,-1.2130368180154802,-0.02530541012216414,-0.02563109820548426
2025-06-26,3.351,3.432,3.268,3.297,36855052.7,2025-06-26 23:59:59.999,122829973.2996,329956,17603640.2,58676977.3982,0,2025-06-26,26.656626506024125,3.7083999999999997,0.33140917625078753,-1.2413657480886422,-0.01611459265890769,-0.016245844665579243
2025-06-27,3.296,3.397,3.271,3.358,33085601.3,2025-06-27 23:59:59.999,110089982.9314,306648,16272251.7,54160698.7064,0,2025-06-27,31.776416539050544,3.67485,0.3312093113013247,-0.9566458103339344,0.018501668183196873,0.018332594565755103
2025-06-28,3.358,3.424,3.328,3.405,16842414.3,2025-06-28 23:59:59.999,56755476.1841,179269,8473943.4,28558309.2734,0,2025-06-28,35.59322033898306,3.6439999999999997,0.3258643566659724,-0.7334340043976858,0.013996426444311982,0.013899380946126505
2025-06-29,3.405,3.582,3.377,3.541,23247269.4,2025-06-29 23:59:59.999,80400007.5815,223200,11633721.6,40235776.5782,0,2025-06-29,40.02869440459111,3.6134999999999997,0.303706835786127,-0.2387170503170858,0.03994126284875188,0.039164233528291036
2025-06-30,3.541,3.559,3.35,3.395,37047091.2,2025-06-30 23:59:59.999,127142006.5178,357811,18657535.4,64049728.9755,0,2025-06-30,35.09583608724388,3.5686,0.2613951233750779,-0.6641286867119551,-0.041231290595876824,-0.042105412119107184
2025-07-01,3.396,3.418,3.255,3.279,33263481.4,2025-07-01 23:59:59.999,110719818.1056,323482,15929944.9,53032443.2195,0,2025-07-01,35.44726301735648,3.52325,0.22475410539674537,-1.0867432190786448,-0.034167893961708384,-0.03476526314814824
2025-07-02,3.278,3.625,3.24,3.545,50549121.5,2025-07-02 23:59:59.999,175064686.9609,414057,24911102.6,86325822.9942,0,2025-07-02,47.72455089820359,3.5046500000000003,0.2049760640661708,0.1968522528902389,0.08112229338212873,0.07799966212157965
2025-07-03,3.544,3.665,3.496,3.538,38768625.2,2025-07-03 23:59:59.999,138763508.0684,342485,19492126.9,69764952.5798,0,2025-07-03,49.75031210986267,3.4898499999999997,0.19008980564059552,0.25330132690565094,-0.001974612129760245,-0.0019765642464973075
2025-07-04,3.538,3.561,3.31,3.355,48978978.6,2025-07-04 23:59:59.999,166459950.2156,370392,23376552.4,79459684.7238,0,2025-07-04,47.553699284009554,3.4686499999999993,0.1794929334426481,-0.6331725590540477,-0.051724137931034475,-0.05310982531394841
2025-07-05,3.356,3.388,3.305,3.352,20706899.5,2025-07-05 23:59:59.999,69346023.0048,210402,9430098.6,31586313.9818,0,2025-07-05,50.95907928388746,3.4452999999999996,0.1609338209786659,-0.5797414081926755,-0.0008941877794337305,-0.0008945878038085577
2025-07-06,3.352,3.446,3.326,3.393,30436052.1,2025-07-06 23:59:59.999,102939255.574,243413,15330993.5,51849930.1216,0,2025-07-06,58.43793584379358,3.42265,0.13058744800668082,-0.2270509183890575,0.012231503579952285,0.012157303182256505
2025-07-07,3.393,3.437,3.321,3.367,27404572.1,2025-07-07 23:59:59.999,92747248.1859,228873,13016795.2,44062963.9707,0,2025-07-07,48.03675856307434,3.40525,0.11135097427339227,-0.3435084448034335,-0.007662835249042099,-0.007692345623155614
2025-07-08,3.368,3.475,3.324,3.447,28892256.1,2025-07-08 23:59:59.999,97988401.2225,267963,14568002.4,49412488.3747,0,2025-07-08,50.35913806863527,3.3965500000000004,0.09980585099424746,0.5054813870872907,0.02376002376002373,0.023482147355790857
2025-07-09,3.446,3.658,3.415,3.619,41532672.8,2025-07-09 23:59:59.999,146889514.5748,348837,21203699.8,74997784.0088,0,2025-07-09,60.01494768310913,3.4002000000000003,0.10665862907352591,2.0514045783315713,0.04989846243109963,0.048693457046877185
2025-07-10,3.619,3.894,3.588,3.88,52028269.0,2025-07-10 23:59:59.999,193094641.215,418315,26278594.2,97616083.7121,0,2025-07-10,68.86731391585761,3.4223500000000002,0.15134250976215538,3.023935579760283,0.07211936999171042,0.0696374090535767
2025-07-11,3.88,4.111,3.811,3.906,81627703.9,2025-07-11 23:59:59.999,324260472.1239,607273,39918108.1,158646922.4649,0,2025-07-11,68.1456953642384,3.45155,0.18381640582544054,2.4723038074825814,0.006701030927835028,0.006678678819305095
2025-07-12,3.906,4.066,3.793,3.89,52576513.5,2025-07-12 23:59:59.999,206817935.7821,451870,25194931.5,99110204.4601,0,2025-07-12,66.39621365787696,3.4885000000000006,0.19420323049526017,2.067421839359149,-0.004096262160778297,-0.004104674824132274
2025-07-13,3.891,4.075,3.875,3.983,41911629.5,2025-07-13 23:59:59.999,166736248.96,382590,20576269.7,81857049.6497,0,2025-07-13,65.38997214484681,3.51695,0.22235284311215708,2.0959929878878123,0.023907455012853518,0.023626146569152295
2025-07-14,3.983,4.195,3.9,3.949,55467891.7,2025-07-14 23:59:59.999,225429718.3795,501490,26616207.7,108215332.2309,0,2025-07-14,70.92145015105739,3.5424999999999995,0.2413506948253769,1.6842710989256233,-0.008536279186542872,-0.008572921894994874
2025-07-15,3.949,4.099,3.8,4.082,53239925.6,2025-07-15 23:59:59.999,209573442.6062,522729,25837618.8,101711915.0348,0,2025-07-15,79.94034302759134,3.57905,0.2650146917438016,1.8978193121693723,0.03367941250949613,0.03312468208314074
2025-07-16,4.083,4.269,4.011,4.156,46835956.4,2025-07-16 23:59:59.999,193980195.3211,437514,24005439.6,99466828.6107,0,2025-07-16,76.58833768494341,3.622,0.2856984055701522,1.8691038857368705,0.01812836844683985,0.01796600884932797
2025-07-17,4.156,4.305,4.065,4.26,59342973.3,2025-07-17 23:59:59.999,248383943.4134,545499,29301271.7,122665643.9441,0,2025-07-17,78.97271268057784,3.6671,0.3118295587050259,1.9013591991157308,0.025024061597690217,0.024716087044298223
2025-07-18,4.259,4.627,4.137,4.229,83364359.6,2025-07-18 23:59:59.999,365767744.2587,748082,40353234.7,177220172.739,0,2025-07-18,89.94515539305303,3.7083,0.3293216472787409,1.5811289792294607,-0.0072769953051642355,-0.0073036017909274414
2025-07-19,4.228,4.453,4.132,4.408,39374223.4,2025-07-19 23:59:59.999,168681670.0482,435581,19495687.4,83566910.1047,0,2025-07-19,91.57480314960631,3.75165,0.36161978796879435,1.8150278879557313,0.04232679120359428,0.04145551336026188
2025-07-20,4.408,4.588,4.349,4.481,49216448.3,2025-07-20 23:59:59.999,220195005.3195,492805,23616257.2,105666181.2097,0,2025-07-20,91.78187403993857,3.80595,0.38596365727203974,1.748998868886255,0.016560798548094224,0.016425163953392465
2025-07-21,4.482,4.677,4.394,4.5,60659432.3,2025-07-21 23:59:59.999,275438319.8698,543031,28380789.1,128923537.3686,0,2025-07-21,93.74517374517374,3.8669999999999995,0.39469361868359104,1.6037756123628881,0.004240124972104464,0.004231160972268122
2025-07-22,4.501,4.556,4.279,4.552,77935454.4,2025-07-22 23:59:59.999,343730622.0434,660840,38477672.6,169679860.8202,0,2025-07-22,93.6069455406472,3.91735,0.4151547935765045,1.528706906001428,0.011555555555555541,0.01148930004775571
2025-07-23,4.553,4.554,3.992,4.113,85130398.3,2025-07-23 23:59:59.999,361426875.7968,685735,40748878.2,172916407.1672,0,2025-07-23,66.10169491525426,3.9461,0.40733781402518277,0.40973362711099115,-0.09644112478031619,-0.10141400757574259
2025-07-24,4.114,4.2,3.891,3.999,83725299.9,2025-07-24 23:59:59.999,337430092.6582,670803,41074538.1,165586550.429,0,2025-07-24,54.28983417447729,3.9783,0.3828714364379758,0.05406514571204768,-0.027716994894237845,-0.028108359383605785
2025-07-25,3.999,4.1,3.86,4.086,58667530.4,2025-07-25 23:59:59.999,233214250.8839,548388,28546461.9,113478190.8712,0,2025-07-25,56.21546961325968,4.015,0.3537490933565863,0.20070722818342654,0.02175543885971498,0.021522166530749058
2025-07-26,4.087,4.195,4.067,4.123,25683921.7,2025-07-26 23:59:59.999,105909187.543,268192,12773025.9,52671874.0383,0,2025-07-26,57.93056501021103,4.0515,0.32247113293583984,0.22172527304708006,0.009055310817425388,0.009014557329332677
2025-07-27,4.123,4.252,4.111,4.239,28797437.6,2025-07-27 23:59:59.999,120198618.6571,296715,13928721.0,58145492.14,0,2025-07-27,58.57908847184987,4.0951,0.2813839669207965,0.5114008504987216,0.028134853262187676,0.02774633864573707
2025-07-28,4.239,4.31,3.927,3.963,53640523.7,2025-07-28 23:59:59.999,221227775.4396,461930,25353521.0,104658323.0287,0,2025-07-28,50.40369088811997,4.1209,0.2393484357212102,-0.6597076748139665,-0.065109695682944,-0.06732607816220203
2025-07-29,3.963,4.079,3.817,3.902,55051249.6,2025-07-29 23:59:59.999,216854135.505,495783,27194191.5,107186517.2696,0,2025-07-29,44.58483754512635,4.13505,0.2152691033104511,-1.0825984612566795,-0.015392379510471899,-0.015512072007378525
2025-07-30,3.902,3.919,3.618,3.804,57267532.7,2025-07-30 23:59:59.999,217165992.4961,481002,26819326.5,101750082.8774,0,2025-07-30,39.56109134045077,4.13125,0.22061275312203849,-1.4833684606572666,-0.02511532547411588,-0.02543609751777564
2025-07-31,3.803,3.918,3.663,3.679,41790482.2,2025-07-31 23:59:59.999,158811539.8884,390626,20237526.8,76932501.3631,0,2025-07-31,32.98183948447567,4.1198999999999995,0.23796791026054168,-1.8527708190456251,-0.032860147213459534,-0.033412168560506585
2025-08-01,3.679,3.722,3.442,3.545,76121915.4,2025-08-01 23:59:59.999,274830965.8969,634410,35446700.3,128020431.7808,0,2025-08-01,31.10497237569058,4.10265,0.26632494497092923,-2.0938707039285043,-0.03642294101658061,-0.037102816138546504
2025-08-02,3.545,3.628,3.425,3.506,42368509.8,2025-08-02 23:59:59.999,149259716.1762,396721,20279945.2,71424440.029,0,2025-08-02,22.994011976047858,4.0788,0.2971752274121308,-1.9274823308391906,-0.01100141043723557,-0.011062373485048094
2025-08-03,3.506,3.625,3.456,3.6,23869469.3,2025-08-03 23:59:59.999,85194044.9519,238183,11653143.3,41595228.0258,0,2025-08-03,23.950325251330568,4.06135,0.31491523921956216,-1.464997378797353,0.02681118083285794,0.026458058963021544
2025-08-04,3.6,3.755,3.595,3.718,29517408.3,2025-08-04 23:59:59.999,108364543.7044,293509,14653411.7,53800449.0898,0,2025-08-04,28.156424581005567,4.04315,0.3240450382895589,-1.0034099016490836,0.032777777777777795,0.03225204383718797
2025-08-05,3.718,3.724,3.535,3.619,38353383.1,2025-08-05 23:59:59.999,139074924.0396,331883,18144872.6,65803656.9259,0,2025-08-05,24.60533478497551,4.0163,0.336221120846443,-1.1816628265344835,-0.026627218934911157,-0.0269881447176468
2025-08-06,3.619,3.696,3.55,3.673,27149432.5,2025-08-06 23:59:59.999,98338194.7102,293151,13178686.0,47740877.7716,0,2025-08-06,34.84848484848483,3.98695,0.3394333474577816,-0.924923854274657,0.014921248963802203,0.014811022255924922
2025-08-07,3.672,3.872,3.642,3.864,33495759.2,2025-08-07 23:59:59.999,125630401.756,296110,16965845.6,63678636.5649,0,2025-08-07,45.58534990189665,3.9686999999999997,0.33552411474724225,-0.31204910585599077,0.05200108902804246,0.05069414951274129
2025-08-08,3.864,3.997,3.805,3.977,52332318.3,2025-08-08 23:59:59.999,204078923.5381,445837,25593254.4,99816295.9229,0,2025-08-08,46.495176848874586,3.9471499999999997,0.31927125490482,0.09349416692366787,0.029244306418219512,0.028824849875282058
2025-08-09,3.978,4.164,3.968,4.134,36548498.3,2025-08-09 23:59:59.999,149156428.1241,340293,17653960.9,72051910.006,0,2025-08-09,50.32835820895523,3.9298,0.29741387076645787,0.6865853279598609,0.03947699270807159,0.038717695034023114
2025-08-10,4.135,4.18,3.964,4.047,39304429.2,2025-08-10 23:59:59.999,159524602.5845,364148,18858006.9,76513948.2047,0,2025-08-10,44.16767922235723,3.90715,0.2674433092866244,0.5229145585022638,-0.021044992743106117,-0.021269595365848167
2025-08-11,4.046,4.158,3.815,3.852,52918078.7,2025-08-11 23:59:59.999,210540744.8505,486748,24752417.9,98526270.7443,0,2025-08-11,46.45367412140575,3.87215,0.22025135759918668,-0.09148638273853037,-0.04818383988139363,-0.049383371957849406
2025-08-12,3.852,4.233,3.833,4.155,56021630.5,2025-08-12 23:59:59.999,226760332.0715,501031,28087884.4,113815469.1011,0,2025-08-12,57.000553403431105,3.87425,0.22285347439652067,1.259796378585801,0.07866043613707174,0.07571993437153247
2025-08-13,4.156,4.318,4.097,4.278,58564394.4,2025-08-13 23:59:59.999,247451626.8584,493205,28997984.2,122551223.8453,0,2025-08-13,62.93668122270741,3.8882000000000003,0.2392058351648577,1.6295589099294085,0.029602888086642354,0.029173182352802134
2025-08-14,4.277,4.37,3.901,3.983,93565734.6,2025-08-14 23:59:59.999,383585334.6569,676779,44026042.1,180640012.7007,0,2025-08-14,57.5924075924076,3.88305,0.2358077885818537,0.42386216588136794,-0.06895745675549314,-0.07145030646070663
2025-08-15,3.983,4.1,3.816,3.892,59301317.7,2025-08-15 23:59:59.999,233920766.266,505902,28293165.5,111606759.0743,0,2025-08-15,58.856559469116895,3.8715,0.22899517346803003,0.08952153746097073,-0.02284710017574698,-0.023112139875748602
2025-08-16,3.892,3.995,3.886,3.963,25094100.5,2025-08-16 23:59:59.999,98749607.8417,274878,12010926.4,47274768.0565,0,2025-08-16,61.47664490205927,3.8577,0.21347306004831007,0.4932706730121835,0.0182425488180884,0.018078149884539343
2025-08-17,3.963,4.192,3.923,4.05,37709885.1,2025-08-17 23:59:59.999,153531009.584,363956,18289264.4,74429603.6106,0,2025-08-17,61.34072580645161,3.86205,0.21659529930766977,0.8677473638660099,0.02195306585919754,0.021715566910149777
2025-08-18,4.05,4.06,3.831,3.912,53510384.6,2025-08-18 23:59:59.999,209391484.054,483154,25396429.3,99363163.4774,0,2025-08-18,54.84031936127744,3.86255,0.21670389085975827,0.2281915650144083,-0.034074074074074034,-0.03466812894587683
2025-08-19,3.912,3.959,3.709,3.717,52630425.6,2025-08-19 23:59:59.999,200723807.9581,453131,24557384.0,93693158.6931,0,2025-08-19,52.33333333333332,3.8582,0.21880407000465035,-0.6453262043845848,-0.049846625766871155,-0.0511318608574558
2025-08-20,3.717,3.904,3.693,3.883,44994169.1,2025-08-20 23:59:59.999,170775283.5783,391283,21446445.9,81375343.2427,0,2025-08-20,54.74683544303798,3.8684,0.21472758751514454,0.0679931264024025,0.04465967177831587,0.04369115943441519
2025-08-21,3.883,3.923,3.771,3.796,32251630.2,2025-08-21 23:59:59.999,123767729.4971,303454,15866634.2,60902943.746,0,2025-08-21,48.38709677419355,3.88095,0.20177566359455243,-0.421012120523605,-0.022405356682977162,-0.022660170001848914
2025-08-22,3.795,4.204,3.685,4.181,81002938.3,2025-08-22 23:59:59.999,318695572.6707,578201,38938239.3,153360480.7086,0,2025-08-22,54.285714285714285,3.9147,0.19197261317306993,1.3871770332152615,0.10142255005268708,0.09660257162674657
2025-08-23,4.181,4.267,4.026,4.228,43816561.9,2025-08-23 23:59:59.999,182047979.3882,390786,21731235.6,90304727.8721,0,2025-08-23,52.07048458149779,3.9461,0.1891278876652226,1.4905258208085852,0.011241329825400603,0.011178615633563222
2025-08-24,4.227,4.284,4.013,4.11,66459232.7,2025-08-24 23:59:59.999,274082459.1277,481843,32281710.4,133104715.0897,0,2025-08-24,51.368970013037824,3.9656999999999996,0.184500492077719,0.7821117351774639,-0.027909176915799305,-0.02830603949984783
2025-08-25,4.11,4.147,3.686,3.73,74326027.7,2025-08-25 23:59:59.999,289260179.2634,601321,34960401.5,136017565.3928,0,2025-08-25,47.54625905068384,3.97125,0.1749444648665599,-1.3790090482943549,-0.09245742092457432,-0.09701479485241919
2025-08-26,3.731,3.922,3.704,3.886,48319038.1,2025-08-26 23:59:59.999,184131948.7531,411238,23745072.2,90478009.156,0,2025-08-26,44.24967935014963,3.9818999999999996,0.16182378329553126,-0.592619935382809,0.04182305630026817,0.04097211729952424
2025-08-27,3.886,3.933,3.822,3.837,40608171.1,2025-08-27 23:59:59.999,157560492.4033,339088,19559733.9,75904949.5743,0,2025-08-27,40.26490066225166,3.98055,0.16296769940882555,-0.8808493985049523,-0.01260936695831183,-0.012689539690432955
2025-08-28,3.836,4.021,3.806,3.979,42422804.3,2025-08-28 23:59:59.999,167046858.9322,388410,20673311.0,81404618.2851,0,2025-08-28,49.90530303030303,3.98065,0.1629660200231455,-0.010124810066327714,0.03700807922856386,0.03633972017997614
2025-08-29,3.979,4.002,3.72,3.771,60248690.7,2025-08-29 23:59:59.999,230652038.3193,496557,29102397.4,111460336.8839,0,2025-08-29,47.28577837595334,3.9625,0.16518713470381752,-1.1592912507584914,-0.052274440814275014,-0.0536903131685716
2025-08-30,3.772,3.823,3.709,3.808,24727528.1,2025-08-30 23:59:59.999,93378202.381,251984,12442120.3,46988889.1578,0,2025-08-30,46.469248291571745,3.9505500000000007,0.16738278694774286,-0.851640736777224,0.009811721028904818,0.009763898652898837
2025-08-31,3.807,3.875,3.732,3.74,33013984.2,2025-08-31 23:59:59.999,125760092.7758,247237,15342472.9,58481463.4845,0,2025-08-31,42.876838235294116,3.94495,0.1726442874756422,-1.1871229740452052,-0.017857142857142794,-0.01801850550267825
2025-09-01,3.739,3.889,3.608,3.691,64929898.0,2025-09-01 23:59:59.999,242401256.5327,517405,30912939.8,115541456.0073,0,2025-09-01,44.70531863919502,3.9217500000000003,0.17410217054202645,-1.3253711845269602,-0.013101604278074941,-0.013188187378579122
2025-09-02,3.691,3.825,3.674,3.818,42161542.5,2025-09-02 23:59:59.999,158578752.5787,358094,21202000.5,79778506.9448,0,2025-09-02,52.501238236750865,3.8987499999999997,0.15375814055666737,-0.5251754457204778,0.03440801950690875,0.0338293012556944
2025-09-03,3.819,3.905,3.783,3.866,25562416.5,2025-09-03 23:59:59.999,98369924.0502,246410,12934178.7,49785764.2033,0,2025-09-03,49.552866912151494,3.8929,0.15260540791297578,-0.1762716037909995,0.012572027239392325,0.012493655482583256
2025-09-04,3.866,3.876,3.722,3.762,28173173.3,2025-09-04 23:59:59.999,106466385.9972,253492,12684618.1,47953275.3115,0,2025-09-04,49.11366006256518,3.8863999999999996,0.15538895171072853,-0.8005717178115866,-0.02690118986032075,-0.027269649907300516
2025-09-05,3.761,3.894,3.754,3.827,40845174.7,2025-09-05 23:59:59.999,156176703.899,289800,20570342.8,78684807.4571,0,2025-09-05,38.92365456821026,3.8796,0.15483519251150435,-0.33971604999355537,0.017278043593833114,0.017130475564726612
2025-09-06,3.827,3.884,3.779,3.822,20103128.6,2025-09-06 23:59:59.999,76892054.8529,176708,9690586.6,37071147.9422,0,2025-09-06,36.953727506426745,3.8682000000000003,0.14994511275821598,-0.3081127430575012,-0.0013065064018813466,-0.0013073606254838921
2025-09-07,3.822,4.087,3.819,3.993,45317710.9,2025-09-07 23:59:59.999,179670597.6284,349502,22665310.0,89824872.8076,0,2025-09-07,46.36420136730888,3.8722499999999997,0.1522663438572465,0.7930183186982297,0.04474097331240179,0.04376898226300289
2025-09-08,3.993,4.082,3.978,4.044,45639458.9,2025-09-08 23:59:59.999,183984936.1677,340695,22519490.7,90811508.3331,0,2025-09-08,62.265624999999986,3.8885999999999994,0.15227482080305108,1.0205232827099575,0.01277235161532686,0.012691473077140749
2025-09-09,4.045,4.183,4.001,4.137,54705705.8,2025-09-09 23:59:59.999,224293365.4341,423072,27072446.6,111048126.6387,0,2025-09-09,60.31224322103531,3.9013,0.16206077481862297,1.45439265154565,0.022997032640949655,0.022736586321049565
2025-09-10,4.138,4.226,4.054,4.217,40354251.9,2025-09-10 23:59:59.999,167336747.0147,348647,20089929.3,83351578.5467,0,2025-09-10,65.22435897435895,3.9223499999999993,0.17452590668217263,1.68828803471902,0.01933768431230365,0.019153087285148404
2025-09-11,4.216,4.258,4.126,4.242,34393960.5,2025-09-11 23:59:59.999,144501342.1282,318736,16688863.4,70128721.16,0,2025-09-11,61.626878868258174,3.9254,0.17973910917324715,1.7614419113140003,0.0059283851078966165,0.005910881378067904
2025-09-12,4.242,4.322,4.151,4.318,35918229.9,2025-09-12 23:59:59.999,152276973.281,294882,17061056.0,72371516.2703,0,2025-09-12,77.37737737737737,3.9299,0.18862100680597038,2.0575650961254186,0.01791607732201772,0.017757475950124713
2025-09-13,4.318,4.625,4.302,4.492,58051086.1,2025-09-13 23:59:59.999,260493170.1805,497135,28860470.1,129486014.7182,0,2025-09-13,80.1056338028169,3.9490000000000003,0.22386603136244787,2.425557806583266,0.04029643353404366,0.03950570478358126
2025-09-14,4.491,4.498,4.275,4.314,37665517.5,2025-09-14 23:59:59.999,164941732.0764,343498,17833571.2,78129943.9085,0,2025-09-14,73.03370786516852,3.9781999999999997,0.23174568638028317,1.44900215941439,-0.03962600178094389,-0.040432488909232095
2025-09-15,4.314,4.401,4.101,4.148,48905585.7,2025-09-15 23:59:59.999,206313689.5805,394929,22681368.5,95792314.3127,0,2025-09-15,66.76449009537782,3.9913000000000003,0.23365676580938277,0.670641825659075,-0.03847936949466857,-0.03923925759968379
2025-09-16,4.147,4.294,4.106,4.251,41967265.4,2025-09-16 23:59:59.999,176432495.4452,352867,19716434.4,82893038.9944,0,2025-09-16,66.16878267363704,4.012,0.23757325739559645,1.0060054848767281,0.024831243972999184,0.024527959009372324
2025-09-17,4.251,4.431,4.13,4.402,47172021.4,2025-09-17 23:59:59.999,199944917.1727,378211,23156525.1,98237558.7961,0,2025-09-17,68.58529819694868,4.03315,0.25282035956089977,1.458941046680819,0.03552105386967774,0.03490473372761687
2025-09-18,4.402,4.594,4.371,4.532,54266749.2,2025-09-18 23:59:59.999,244903896.1954,459258,27542340.7,124316084.2144,0,2025-09-18,76.22615803814713,4.0712,0.2680943667286992,1.7187977711829772,0.029532030895047745,0.029104360061489996
2025-09-19,4.531,4.88,4.315,4.355,88690903.8,2025-09-19 23:59:59.999,405695124.0723,731171,42798705.0,196016965.6823,0,2025-09-19,66.70886075949369,4.0985499999999995,0.26773169503122907,0.9578619370040884,-0.039055604589585124,-0.03983873286129371
2025-09-20,4.355,4.459,4.287,4.353,33476174.1,2025-09-20 23:59:59.999,146133359.6107,348265,15602897.2,68123829.5981,0,2025-09-20,66.83576410906784,4.1292,0.25948564507113026,0.8624754557757971,-0.0004592422502871507,-0.00045934773430575675
2025-09-21,4.353,4.385,4.233,4.259,24601681.2,2025-09-21 23:59:59.999,105961475.7351,269586,11653065.2,50204530.6256,0,2025-09-21,58.866666666666674,4.1576,0.23929950403116335,0.423736774593544,-0.021594302779691987,-0.021830871629083867
2025-09-22,4.259,4.277,3.787,4.035,72157734.7,2025-09-22 23:59:59.999,290209562.402,597968,33919831.8,136427355.0368,0,2025-09-22,49.73102211595937,4.16845,0.22773125319593884,-0.5859977413165163,-0.05259450575252411,-0.05402808921916436
2025-09-23,4.034,4.057,3.924,3.964,36637121.7,2025-09-23 23:59:59.999,146757346.1335,338991,16333160.7,65460958.917,0,2025-09-23,44.76075105996367,4.17335,0.22185966996251755,-0.9436144930503554,-0.01759603469640647,-0.01775268525417059
2025-09-24,3.964,4.114,3.883,3.989,37294812.3,2025-09-24 23:59:59.999,149937542.2334,306790,18009772.1,72434316.8253,0,2025-09-24,42.85714285714287,4.1847,0.20486352324383592,-0.955270108124965,0.006306760847628601,0.00628695645552796
2025-09-25,3.989,4.003,3.768,3.801,64753327.8,2025-09-25 23:59:59.999,252052439.2545,503808,30932811.9,120448615.1778,0,2025-09-25,37.46446844798181,4.183400000000001,0.20732060094677102,-1.8444862606691974,-0.04712960641764852,-0.048276382916157864
2025-09-26,3.801,3.969,3.773,3.922,39677956.9,2025-09-26 23:59:59.999,153351346.5449,358344,18939564.1,73182974.5304,0,2025-09-26,39.02439024390246,4.1884,0.1991924221716647,-1.3374002740446378,0.031833727966324554,0.03133753776704275
2025-09-27,3.923,3.925,3.848,3.887,18856772.0,2025-09-27 23:59:59.999,73251529.9325,185285,8928097.8,34690143.9399,0,2025-09-27,31.831831831831835,4.1831000000000005,0.20596036920289645,-1.437655220496839,-0.008924018357980623,-0.008964075904068426
2025-09-28,3.887,4.028,3.79,3.994,30886725.9,2025-09-28 23:59:59.999,119748154.9019,258906,15219791.2,59041147.9126,0,2025-09-28,39.96235884567128,4.1806,0.20803071635061782,-0.8969829228752051,0.027527656290198044,0.027155583123537313
2025-09-29,3.995,4.022,3.855,3.977,42191850.2,2025-09-29 23:59:59.999,166946721.9528,324118,20186733.4,79918743.7044,0,2025-09-29,44.08304498269897,4.172600000000001,0.21281704521683542,-0.9190993127486937,-0.004256384576865391,-0.004265468768069993
2025-09-30,3.977,3.991,3.805,3.906,33024072.9,2025-09-30 23:59:59.999,128344480.3817,300134,14966878.3,58179120.3561,0,2025-09-30,37.79193205944797,4.15705,0.22062100748874808,-1.137924275016302,-0.017852652753331588,-0.018013933771066314
2025-10-01,3.906,4.123,3.882,4.122,38553919.2,2025-10-01 23:59:59.999,155675822.0442,325462,19054647.0,76902270.7205,0,2025-10-01,40.52774018944518,4.15105,0.21981941750848819,-0.13215393039096762,0.055299539170506895,0.05382465001378008
2025-10-02,4.122,4.339,4.097,4.306,48005501.8,2025-10-02 23:59:59.999,203314078.8976,381095,23421995.7,99210369.2543,0,2025-10-02,42.62402088772846,4.15045,0.2193556292946336,0.7091224442253476,0.04463852498787002,0.04367091647390405
2025-10-03,4.306,4.382,4.177,4.319,44669922.0,2025-10-03 23:59:59.999,190759426.8298,395919,22228141.4,94949643.314,0,2025-10-03,48.68421052631577,4.1418,0.20831115390224902,0.8506505613384099,0.003019043195541027,0.0030144950363927008
2025-10-04,4.32,4.328,4.133,4.188,30173206.2,2025-10-04 23:59:59.999,127283536.6041,263325,13816976.8,58305716.9223,0,2025-10-04,44.48897795591182,4.1355,0.20470325119697666,0.25646881372431624,-0.03033109516091692,-0.03080060097027369
2025-10-05,4.187,4.376,4.074,4.131,46314757.9,2025-10-05 23:59:59.999,195616898.8104,373268,21111517.1,89316262.9026,0,2025-10-05,45.61643835616438,4.13465,0.20468390906360925,-0.017832373911059043,-0.013610315186246336,-0.013703784593662852
2025-10-06,4.131,4.439,4.106,4.398,50824138.1,2025-10-06 23:59:59.999,218705366.0158,441664,26397666.9,113694592.3755,0,2025-10-06,62.07584830339321,4.142,0.21160414879546874,1.2098061472671904,0.06463326071169195,0.06263038371794183
2025-10-07,4.398,4.436,4.107,4.136,60167428.4,2025-10-07 23:59:59.999,255779452.0032,470114,28249444.3,120093734.6134,0,2025-10-07,55.07674144037781,4.1287,0.20256879272843178,0.03603714028046958,-0.059572532969531466,-0.061420754926441286
2025-10-08,4.137,4.241,4.06,4.192,35259465.4,2025-10-08 23:59:59.999,146491512.0349,346952,16121994.8,67008776.4065,0,2025-10-08,55.8840579710145,4.1117,0.17994505008644054,0.4462473402931973,0.013539651837524147,0.013448809812613002
2025-10-09,4.193,4.197,3.961,4.072,42499312.7,2025-10-09 23:59:59.999,172038417.7141,378717,19139915.9,77464717.5818,0,2025-10-09,58.17742908871454,4.09755,0.17069531951182085,-0.14968190149016122,-0.028625954198473358,-0.029043667770519498
2025-10-10,4.072,4.289,0.942,2.937,227100984.8,2025-10-10 23:59:59.999,718914717.7642,1525594,104347450.6,332718693.2537,0,2025-10-10,31.561213028828135,4.02675,0.30218239089397275,-3.6062657283771458,-0.27873280943025547,-0.3267456270317387
2025-10-11,2.937,3.314,2.849,2.994,132674538.8,2025-10-11 23:59:59.999,409319660.791,989995,65317480.2,201695331.9458,0,2025-10-11,33.419977720014856,3.9635,0.3746992478158499,-2.5874084499803187,0.019407558733401498,0.019221633780953658
2025-10-12,2.995,3.306,2.906,3.238,78304988.4,2025-10-12 23:59:59.999,243219863.7804,569035,38126510.8,118451156.4148,0,2025-10-12,36.64310954063603,3.92365,0.4076291238731006,-1.6820437006200035,0.08149632598530387,0.07834556925800672
2025-10-13,3.238,3.442,3.19,3.373,92845891.7,2025-10-13 23:59:59.999,307012076.8595,617124,45360968.6,150031134.389,0,2025-10-13,39.75576662143826,3.8941000000000003,0.425576500634972,-1.2244567057215434,0.041692402717727006,0.04084670082406982
2025-10-14,3.373,3.396,3.063,3.246,95183429.1,2025-10-14 23:59:59.999,303510293.6392,611401,45756252.2,145896643.8506,0,2025-10-14,39.01464713715046,3.85695,0.44865981427506796,-1.3617221345913404,-0.03765194189149135,-0.03837908698711382
2025-10-15,3.245,3.339,3.076,3.134,54933358.7,2025-10-15 23:59:59.999,175305874.2803,438066,26199941.1,83652641.215,0,2025-10-15,32.96551724137932,3.8236,0.47693642961374383,-1.4458950023140105,-0.03450400492914363,-0.035113325158570456
2025-10-16,3.135,3.204,2.958,3.014,67216076.2,2025-10-16 23:59:59.999,208134842.4519,550397,32595890.9,101025057.6893,0,2025-10-16,27.221438645980243,3.7781999999999996,0.509201914245863,-1.500779904042178,-0.03828972559029997,-0.039042043729525404
2025-10-17,3.015,3.058,2.768,2.889,81769646.6,2025-10-17 23:59:59.999,236540540.4727,586997,39568321.4,114494973.7107,0,2025-10-17,25.746268656716424,3.7283,0.545579566292452,-1.538364066131653,-0.04147312541473125,-0.042357678720205516
2025-10-18,2.888,2.968,2.886,2.929,25094391.4,2025-10-18 23:59:59.999,73372594.6919,227252,12809725.5,37461251.5278,0,2025-10-18,27.966398319915996,3.6750499999999997,0.569720935840351,-1.3095007626840316,0.013845621322256862,0.013750646361498257
2025-10-19,2.929,3.056,2.882,3.007,39598544.7,2025-10-19 23:59:59.999,117863971.9149,277980,19248599.7,57281752.0386,0,2025-10-19,30.47255038220986,3.6265499999999995,0.5837775779560886,-1.061277485458,0.02663024923181978,0.026281836160795637
2025-10-20,3.006,3.129,2.945,3.083,41162462.1,2025-10-20 23:59:59.999,126175634.1526,309596,19851068.4,60844684.2637,0,2025-10-20,25.530331224413857,3.5854,0.5919911450245127,-0.8486613426949093,0.02527435982707016,0.02496024489762128
2025-10-21,3.083,3.188,2.946,3.004,60293429.9,2025-10-21 23:59:59.999,185282778.3419,395065,28766659.2,88399346.8034,0,2025-10-21,27.39616613418532,3.5295,0.5914392347646632,-0.8885105503849424,-0.0256243918261434,-0.025958415002125028
2025-10-22,3.003,3.027,2.826,2.916,57585708.2,2025-10-22 23:59:59.999,170403595.6273,399861,27728939.4,82048661.2115,0,2025-10-22,24.842271293375404,3.46,0.5768805404004299,-0.9430028609084188,-0.02929427430093212,-0.029731919755476628
2025-10-23,2.917,3.035,2.909,3.001,28791043.2,2025-10-23 23:59:59.999,85429696.8477,250091,14013402.7,41586297.5525,0,2025-10-23,28.58856457417035,3.3941000000000003,0.5481536377004795,-0.7171347099858105,0.02914951989026071,0.028732752311818426
2025-10-24,3.001,3.134,2.989,3.076,30494511.1,2025-10-24 23:59:59.999,92942407.9137,259390,14530124.0,44294618.8938,0,2025-10-24,54.82303955586399,3.3385,0.5190101408582882,-0.5057704644574053,0.024991669443518827,0.024684485185167478
2025-10-25,3.076,3.105,3.024,3.088,16162317.1,2025-10-25 23:59:59.999,49502165.9119,160053,8187819.3,25081614.4777,0,2025-10-25,53.36676217765042,3.28635,0.486575604011341,-0.4076447696201738,0.0039011703511053764,0.003893580519132241
2025-10-26,3.089,3.238,3.055,3.193,28292077.8,2025-10-26 23:59:59.999,89023689.0138,227552,14211302.2,44743497.533,0,2025-10-26,48.21002386634845,3.2261,0.4103084718881753,-0.08067101283012537,0.03400259067357503,0.03343728157011513
2025-10-27,3.193,3.245,3.116,3.138,35476472.3,2025-10-27 23:59:59.999,112736478.8591,288787,16996969.0,54019522.572,0,2025-10-27,40.01699235344095,3.1762,0.35009406254537284,-0.10911353286675475,-0.01722518008142815,-0.01737525942180414
2025-10-28,3.137,3.193,2.985,3.047,41535845.9,2025-10-28 23:59:59.999,128978950.4647,356459,19366527.0,60188910.1623,0,2025-10-28,41.279579316389146,3.11895,0.25629372027143754,-0.2807325904192985,-0.028999362651370264,-0.02942815430726882
2025-10-29,3.047,3.175,3.021,3.077,47134824.3,2025-10-29 23:59:59.999,145928792.0196,374279,23566207.2,72985688.4099,0,2025-10-29,47.30878186968839,3.0692,0.12396884157783718,0.0629190359506795,0.009845749917952062,0.009797596336332762
2025-10-30,3.077,3.117,2.778,2.869,80829115.1,2025-10-30 23:59:59.999,236591416.6205,532952,38530005.7,112761105.8627,0,2025-10-30,43.67916303400176,3.0658000000000003,0.12863027391077608,-1.5299664224963843,-0.06759831004224881,-0.0699915593406769
2025-10-31,2.868,2.923,2.823,2.881,39750450.9,2025-10-31 23:59:59.999,114736841.6186,306916,20222447.1,58399935.2683,0,2025-10-31,49.61315280464217,3.06015,0.1343065131392526,-1.333889145154508,0.0041826420355524085,0.004173919103163646
2025-11-01,2.88,2.972,2.862,2.97,28292746.1,2025-11-01 23:59:59.999,82664583.857,227512,13922174.6,40683785.0967,0,2025-11-01,51.89289012003695,3.0467500000000003,0.1288883135368004,-0.5954767961029013,0.030892051371051776,0.030424496712216875
2025-11-02,2.969,3.013,2.861,2.984,34336109.3,2025-11-02 23:59:59.999,101158414.4879,275341,15668299.2,46206979.7546,0,2025-11-02,48.87144259077526,3.0273000000000003,0.10401523166820995,-0.4162851854055339,0.00471380471380467,0.004702729526906124
2025-11-03,2.983,2.992,2.45,2.582,100682033.1,2025-11-03 23:59:59.999,269686843.152,628535,46950813.3,125699340.4735,0,2025-11-03,31.375464684014858,2.9941,0.13258201036197065,-3.108264830763235,-0.13471849865951746,-0.1447003899170637
2025-11-04,2.582,2.661,2.341,2.506,112835791.9,2025-11-04 23:59:59.999,283869270.0429,766004,54839694.1,137856971.7204,0,2025-11-04,31.445603576751097,2.9627,0.16747854535978934,-2.7269164478284944,-0.029434546862897037,-0.029876435950574258
2025-11-05,2.507,2.675,2.382,2.667,55753360.1,2025-11-05 23:59:59.999,142962633.9276,444957,28318358.3,72610395.1299,0,2025-11-05,41.20141342756183,2.94535,0.17943163922739588,-1.55128717097236,0.06424581005586605,0.06226638872600078
2025-11-06,2.667,2.681,2.526,2.664,51584087.8,2025-11-06 23:59:59.999,134882360.5422,420173,25258577.1,66088999.0861,0,2025-11-06,37.35933983495874,2.9341,0.1898988373292154,-1.422336249124816,-0.0011248593925757833,-0.0011254925217343693
2025-11-07,2.664,3.339,2.661,3.251,120845762.8,2025-11-07 23:59:59.999,358712638.0028,1053914,59454508.2,176436684.9836,0,2025-11-07,54.74254742547424,2.9501999999999997,0.20266451406473135,1.4842262908637485,0.22034534534534522,0.1991338886436255
2025-11-08,3.25,3.526,3.077,3.248,91160809.0,2025-11-08 23:59:59.999,298747493.8868,855441,44188382.0,144890674.2629,0,2025-11-08,54.357298474945544,2.96225,0.21311471459494208,1.3408271716155913,-0.0009227929867732243,-0.0009232190223366949
2025-11-09,3.248,3.305,3.029,3.229,57575857.7,2025-11-09 23:59:59.999,182779968.3411,573439,27880532.6,88617650.4054,0,2025-11-09,51.02857142857143,2.9695500000000004,0.2198622714769161,1.180056943181541,-0.0058497536945812945,-0.005866930523293369
2025-11-10,3.229,3.315,3.124,3.264,52505216.2,2025-11-10 23:59:59.999,169201477.6783,550495,25073505.5,80833304.5015,0,2025-11-10,53.641618497109825,2.98255,0.22948259307462252,1.2264546788892126,0.010839269123567474,0.010780945325722222
2025-11-11,3.265,3.384,3.039,3.053,53460352.0,2025-11-11 23:59:59.999,170717520.1148,566417,25379680.6,81085394.0144,0,2025-11-11,50.16216216216216,2.9894000000000003,0.2294362427159699,0.27720119213568684,-0.06464460784313719,-0.06682872334911971
2025-11-12,3.053,3.144,2.873,2.925,47773386.9,2025-11-12 23:59:59.999,144034887.4307,480230,23695621.8,71503445.5508,0,2025-11-12,46.09856262833675,2.9856000000000003,0.22986297977626002,-0.2636353190017209,-0.04192597445135937,-0.04283023306892103
2025-11-13,2.925,3.046,2.76,2.851,53897153.0,2025-11-13 23:59:59.999,157444388.0701,546345,26387102.3,77080175.0763,0,2025-11-13,49.50385887541344,2.9743500000000003,0.2307101793160457,-0.5346534789478247,-0.02529914529914523,-0.025624670753284805
2025-11-14,2.851,2.92,2.748,2.811,58402498.0,2025-11-14 23:59:59.999,166123477.4796,573541,29106726.3,82831179.6707,0,2025-11-14,48.099891422366994,2.9605,0.23184012185814462,-0.6448409309044202,-0.014030164854437088,-0.014129518006140162
2025-11-15,2.812,2.949,2.81,2.83,27904070.8,2025-11-15 23:59:59.999,80243470.2166,280085,14077315.7,40501262.1763,0,2025-11-15,46.049661399548526,2.94235,0.22683550148682113,-0.4952928411275478,0.0067591604411241235,0.006736419730751398
2025-11-16,2.83,2.897,2.691,2.783,37075956.0,2025-11-16 23:59:59.999,103423492.7804,371648,18025623.6,50313023.1845,0,2025-11-16,44.43213296398892,2.9246,0.2245984486941742,-0.6304584952535021,-0.01660777385159018,-0.016747229111392606
2025-11-17,2.783,2.866,2.624,2.663,44752804.5,2025-11-17 23:59:59.999,123364123.294,465153,21652740.7,59718199.213,0,2025-11-17,52.65922521339461,2.9054,0.22993417822003678,-1.0542147403942461,-0.043118936399568875,-0.04407617571195861
2025-11-18,2.664,2.802,2.613,2.754,45003601.1,2025-11-18 23:59:59.999,122672833.5251,430530,22782526.5,62122911.82,0,2025-11-18,58.06241872561769,2.8892499999999997,0.2285864744767788,-0.5916798021824303,0.034171986481412064,0.033601093474668046
2025-11-19,2.753,2.766,2.566,2.69,40296641.4,2025-11-19 23:59:59.999,107616890.3718,380231,19359912.2,51694418.9755,0,2025-11-19,50.79805690492714,2.8802999999999996,0.23288490493224687,-0.8171418411827234,-0.023238925199709493,-0.023513206692715345
2025-11-20,2.691,2.82,2.503,2.541,57061955.4,2025-11-20 23:59:59.999,151205946.8011,467798,27013710.5,71691785.166,0,2025-11-20,46.124763705103966,2.8632999999999997,0.24492922715291063,-1.3158903236925097,-0.05539033457249076,-0.056983489275720764
2025-11-21,2.542,2.592,2.246,2.345,102336337.9,2025-11-21 23:59:59.999,245414351.7431,676834,49086205.2,117782276.0578,0,2025-11-21,12.123745819397996,2.8320499999999997,0.26926165614809633,-1.808835342422902,-0.07713498622589521,-0.08027230243978423
2025-11-22,2.345,2.355,2.255,2.308,40567985.7,2025-11-22 23:59:59.999,93305799.6231,325941,20342050.2,46791443.949,0,2025-11-22,11.788617886178855,2.79825,0.2907545311192093,-1.6861302147652437,-0.015778251599147253,-0.015904053252389694
2025-11-23,2.308,2.368,2.243,2.257,31843140.6,2025-11-23 23:59:59.999,73789079.2034,247625,15257759.6,35392239.4498,0,2025-11-23,11.489698890649763,2.782,0.31179716753386344,-1.6837869444179,-0.02209705372616977,-0.02234485081045441
2025-11-24,2.257,2.395,2.24,2.338,48717917.4,2025-11-24 23:59:59.999,112206157.0637,351497,23938210.6,55128696.9776,0,2025-11-24,14.602446483180444,2.7736,0.32172894769884003,-1.353934742632332,0.035888347363757234,0.03525936521447806
2025-11-25,2.338,2.348,2.175,2.294,56030656.8,2025-11-25 23:59:59.999,126573082.6375,317915,27649252.7,62488526.6943,0,2025-11-25,16.73970201577565,2.75495,0.3386021535947183,-1.3613321566516763,-0.018819503849443975,-0.01899884434269773
2025-11-26,2.294,2.37,2.238,2.343,41010782.9,2025-11-26 23:59:59.999,94388706.6849,262700,19231297.5,44271632.4161,0,2025-11-26,22.59887005649719,2.7389,0.3505376171690558,-1.12940803100475,0.021360069747166532,0.021135140818479666
2025-11-27,2.342,2.39,2.307,2.335,29751353.1,2025-11-27 23:59:59.999,69706634.839,202332,14527764.0,34044851.2367,0,2025-11-27,24.09638554216869,2.6931000000000003,0.33978257753735147,-1.053909245716506,-0.0034144259496372564,-0.00342026840479801
2025-11-28,2.335,2.376,2.258,2.282,44957227.1,2025-11-28 23:59:59.999,104108700.403,270597,21865380.4,50647896.0904,0,2025-11-28,23.785926660059474,2.6447999999999996,0.3250929583624841,-1.1159884908841105,-0.022698072805139136,-0.022959639680976685
2025-11-29,2.283,2.297,2.224,2.257,22637180.3,2025-11-29 23:59:59.999,51180775.0842,165259,10822575.5,24470892.853,0,2025-11-29,21.773399014778335,2.5962,0.3052077118395663,-1.1113742767361718,-0.010955302366345232,-0.011015753604485175
2025-11-30,2.257,2.292,2.201,2.206,22894423.0,2025-11-30 23:59:59.999,51722045.8085,169570,10849022.2,24519586.7895,0,2025-11-30,21.687929342492637,2.5433,0.2734010164344574,-1.233718895411865,-0.022596366858661954,-0.022855577004087926
2025-12-01,2.206,2.208,1.96,2.039,86356307.7,2025-12-01 23:59:59.999,177011969.4295,455436,40480244.2,82875080.3278,0,2025-12-01,20.731707317073187,2.4926,0.26786964622058235,-1.6933609552254913,-0.07570262919310966,-0.07872142923899256
2025-12-02,2.039,2.286,2.03,2.248,62022142.1,2025-12-02 23:59:59.999,134389986.0665,351092,32208724.5,69814206.4399,0,2025-12-02,28.631756756756758,2.4587499999999998,0.25269825462922074,-0.8339986372649425,0.10250122609122125,0.09758144043912657
2025-12-03,2.247,2.398,2.239,2.364,46838600.9,2025-12-03 23:59:59.999,108080859.4577,307858,23537369.2,54345038.2076,0,2025-12-03,36.812297734627826,2.4344,0.23581111977267538,-0.29854402145185793,0.05160142348754437,0.05031416751240702
2025-12-04,2.364,2.373,2.243,2.27,33714208.4,2025-12-04 23:59:59.999,78102212.1053,233361,15336708.2,35548776.2784,0,2025-12-04,38.52667231160033,2.40735,0.22089489641246499,-0.621788924192861,-0.0397631133671742,-0.04057526805054037
2025-12-05,2.271,2.306,2.08,2.123,53239437.2,2025-12-05 23:59:59.999,116353336.8699,315823,24435332.9,53422769.1694,0,2025-12-05,40.19434628975264,2.3720000000000003,0.20574972020961652,-1.2102082070698346,-0.06475770925110125,-0.06694964877219219
2025-12-06,2.124,2.163,2.085,2.126,25162052.5,2025-12-06 23:59:59.999,53389390.1789,185739,12591748.8,26719773.9558,0,2025-12-06,41.71220400728597,2.33915,0.18839188578463822,-1.1314181558948053,0.0014130946773431852,0.0014120971986369454
2025-12-07,2.126,2.159,2.037,2.091,45490147.2,2025-12-07 23:59:59.999,95700179.2228,262420,21510888.5,45257200.4869,0,2025-12-07,42.32902033271718,2.31055,0.17986529315608032,-1.2206357110233752,-0.01646284101599238,-0.016599859473259565
2025-12-08,2.092,2.178,2.08,2.129,45931989.0,2025-12-08 23:59:59.999,98031705.4918,280605,23476567.2,50110180.9129,0,2025-12-08,39.94225216554377,2.2793,0.15069317030595122,-0.9973909215317929,0.018173122907699568,0.0180099654648458
2025-12-09,2.128,2.39,2.087,2.291,64409685.4,2025-12-09 23:59:59.999,144477480.3658,376110,32240860.3,72337386.4254,0,2025-12-09,49.87035436473638,2.2593500000000004,0.11584075956612896,0.27321989357236354,0.07609206200093932,0.07333601756001597
2025-12-10,2.292,2.316,2.18,2.189,52617416.0,2025-12-10 23:59:59.999,117524319.0958,347283,26010432.0,58115559.4579,0,2025-12-10,43.636363636363626,2.24175,0.09580400770660137,-0.5506032708104062,-0.044522042776080295,-0.04554358493063256
2025-12-11,2.189,2.191,2.006,2.065,66712815.0,2025-12-11 23:59:59.999,137354533.266,402939,32481482.3,66810768.782,0,2025-12-11,39.81900452488686,2.22775,0.1002758694697243,-1.6230225762254606,-0.05664687071722252,-0.05831459212772985
2025-12-12,2.064,2.095,1.943,2.01,57527361.3,2025-12-12 23:59:59.999,115891969.4596,325401,26892388.3,54240827.6061,0,2025-12-12,39.75903614457829,2.21285,0.10944466276815412,-1.8534480793249324,-0.026634382566586012,-0.026995504342011752
2025-12-13,2.01,2.056,2.007,2.037,21696589.9,2025-12-13 23:59:59.999,44146777.6251,154307,10852859.4,22083848.7082,0,2025-12-13,41.72932330827066,2.20185,0.11565341826250967,-1.4253794005969116,0.013432835820895495,0.013343415173684356
2025-12-14,2.037,2.044,1.93,1.951,42490359.8,2025-12-14 23:59:59.999,84105463.8834,223226,19857611.0,39297808.7038,0,2025-12-14,40.65934065934066,2.1825,0.12376527018178697,-1.8704762625247926,-0.04221894943544424,-0.04313607560369457
2025-12-15,1.951,2.008,1.827,1.899,70641484.4,2025-12-15 23:59:59.999,135669987.3664,366716,33618376.7,64633392.1954,0,2025-12-15,44.39999999999999,2.16275,0.13595234264841144,-1.9400180597261798,-0.02665299846232705,-0.02701462981082537
2025-12-16,1.9,1.943,1.86,1.897,44635354.8,2025-12-16 23:59:59.999,84820369.1741,291156,22855793.4,43446810.752,0,2025-12-16,33.17353787152442,2.14045,0.14130313624861815,-1.7228916955647595,-0.0010531858873090716,-0.0010537408772716347
2025-12-17,1.897,1.953,1.789,1.814,68085865.6,2025-12-17 23:59:59.999,126571414.2175,350970,31724830.0,59018621.9206,0,2025-12-17,22.772277227722753,2.1144,0.15122531115771345,-1.9864399530757881,-0.04375329467580391,-0.0447393392599323
2025-12-18,1.814,1.888,1.719,1.758,73008549.7,2025-12-18 23:59:59.999,131323488.5827,385287,33820588.3,60866826.8435,0,2025-12-18,23.662551440329196,2.0882,0.165388728687452,-1.9965084841059804,-0.030871003307607503,-0.03135755242995961
2025-12-19,1.759,1.88,1.737,1.849,57094087.8,2025-12-19 23:59:59.999,103454973.731,303648,29378231.6,53223274.9673,0,2025-12-19,35.04366812227072,2.0677999999999996,0.16860342756710855,-1.2977197626241113,0.05176336746302623,0.050468153142002606
2025-12-20,1.849,1.868,1.825,1.83,22283217.0,2025-12-20 23:59:59.999,41004774.488,149537,11520930.5,21205368.3855,0,2025-12-20,34.120171673819755,2.0490000000000004,0.17328042376754735,-1.2638473246913626,-0.010275824770145991,-0.010328985551658188
2025-12-21,1.83,1.851,1.748,1.801,33861005.8,2025-12-21 23:59:59.999,60761091.4226,196995,16354428.6,29357842.4844,0,2025-12-21,34.34125269978401,2.0370999999999997,0.18195832373609588,-1.297549873796532,-0.015846994535519188,-0.01597390065951061
2025-12-22,1.802,1.853,1.755,1.783,44614426.5,2025-12-22 23:59:59.999,80783278.6144,250439,22421006.7,40608301.1076,0,2025-12-22,30.905077262693155,2.01385,0.18329506697357978,-1.2594446965300765,-0.009994447529150463,-0.010044727312815662
2025-12-23,1.783,1.801,1.722,1.764,39193807.3,2025-12-23 23:59:59.999,68929519.6576,227061,18302280.7,32210689.2164,0,2025-12-23,15.465268676277859,1.98385,0.17170423621664913,-1.2803993940056462,-0.010656197420078506,-0.010713381296403783
2025-12-24,1.764,1.775,1.704,1.736,38183559.8,2025-12-24 23:59:59.999,66078212.7346,195677,18137003.8,31404841.5898,0,2025-12-24,17.126269956458657,1.95715,0.1662994366481101,-1.3298301212406014,-0.015873015873015928,-0.01600034134644119
2025-12-25,1.737,1.751,1.676,1.682,49778945.1,2025-12-25 23:59:59.999,85696913.7121,198460,23383916.3,40286557.1561,0,2025-12-25,19.063004846526667,1.9350999999999998,0.17228064618676897,-1.4691145268030563,-0.031105990783410142,-0.03160005468740212
2025-12-26,1.682,1.753,1.651,1.723,59359515.4,2025-12-26 23:59:59.999,101559747.9288,264341,30071727.6,51477706.6691,0,2025-12-26,26.280991735537214,1.91495,0.17234527003420078,-1.113752642946967,0.024375743162901475,0.024083395995036422
2025-12-27,1.722,1.927,1.721,1.909,57747632.9,2025-12-27 23:59:59.999,104781525.2179,270506,29800794.3,54065457.7781,0,2025-12-27,41.62303664921466,1.9058499999999998,0.16729119742156257,0.01882944260397886,0.10795124782356358,0.10251258719781801
2025-12-28,1.909,1.915,1.827,1.85,31339964.8,2025-12-28 23:59:59.999,58624220.4789,211951,15114207.2,28284942.6904,0,2025-12-28,43.147896879240164,1.8919000000000001,0.1591377754552483,-0.26329386520664855,-0.030906233630172864,-0.03139390565337711
2025-12-29,1.85,1.904,1.815,1.823,45201104.4,2025-12-29 23:59:59.999,83959882.6059,247019,22253995.5,41360440.5088,0,2025-12-29,44.662921348314605,1.8684999999999998,0.1288995937195101,-0.3529879240659937,-0.014594594594594668,-0.01470214339370754
2025-12-30,1.823,1.846,1.791,1.809,29914161.3,2025-12-30 23:59:59.999,54383124.2652,187131,14556268.1,26467644.6213,0,2025-12-30,43.92265193370165,1.8494999999999997,0.10495287161890395,-0.38588748812000073,-0.0076796489303345705,-0.007709289283367861
2025-12-31,1.809,1.844,1.759,1.789,33215699.6,2025-12-31 23:59:59.999,59896232.1582,198246,16457625.9,29695429.9749,0,2025-12-31,48.108925869894094,1.8356999999999999,0.09253682054074752,-0.5046639783721136,-0.0110558319513544,-0.011117401886576036
2026-01-01,1.789,2.033,1.764,1.997,129360196.2,2026-01-01 23:59:59.999,242714862.8491,370343,64064186.0,120155157.4087,0,2026-01-01,64.69864698646987,1.83505,0.091285252731845,1.7741091266487072,0.11626607043040815,0.10998924990709615
2026-01-02,1.998,2.169,1.967,2.164,77742933.5,2026-01-02 23:59:59.999,158348797.4127,398118,40333482.3,82160022.25,0,2026-01-02,67.71653543307087,1.8414000000000001,0.10880808792500665,2.9648531295058165,0.08362543815723589,0.08031230655055696
2026-01-03,2.163,2.218,2.107,2.124,37645282.0,2026-01-03 23:59:59.999,80759426.3186,276224,18478415.8,39659025.1071,0,2026-01-03,66.15384615384615,1.8500500000000002,0.12382053013174671,2.212476393926867,-0.01848428835489835,-0.0186572576045427
2026-01-04,2.124,2.179,2.114,2.141,36057609.6,2026-01-04 23:59:59.999,77313272.5612,232931,17840987.6,38262922.627,0,2026-01-04,68.93095768374164,1.8621500000000002,0.13966624690386886,1.9965453800153303,0.008003766478342778,0.007971906227853372
2026-01-05,2.141,2.236,2.094,2.206,56544397.5,2026-01-05 23:59:59.999,122145446.8749,338371,28139435.0,60833960.8762,0,2026-01-05,72.38095238095238,1.8776000000000004,0.15941848270974146,2.0599869878195265,0.030359645025688886,0.02990791122376494
2026-01-06,2.207,2.261,2.113,2.234,59148667.8,2026-01-06 23:59:59.999,130208564.7058,375118,28972854.6,63815577.945,0,2026-01-06,74.63312368972746,1.8986,0.17726382359577098,1.8920950321191292,0.012692656391659174,0.0126127798156983
2026-01-07,2.234,2.248,2.118,2.144,42785506.0,2026-01-07 23:59:59.999,93040831.9062,274658,20571749.9,44762001.7858,0,2026-01-07,70.07874015748033,1.9179000000000002,0.18209740018955037,1.2416432072322068,-0.040286481647269445,-0.041120457438453384
2026-01-08,2.143,2.158,2.081,2.11,41100375.9,2026-01-08 23:59:59.999,87051901.932,266714,20395153.2,43209795.2269,0,2026-01-08,71.4859437751004,1.93095,0.1862057365219676,0.9615708051984561,-0.01585820895522405,-0.0159852957205806
2026-01-09,2.11,2.143,2.047,2.083,48000139.4,2026-01-09 23:59:59.999,100223943.1107,276242,23138671.8,48313068.3631,0,2026-01-09,68.32993890020367,1.9436,0.1875755005829706,0.7431674156100101,-0.012796208530805542,-0.012878785209140039
2026-01-10,2.083,2.129,2.067,2.091,17054906.6,2026-01-10 23:59:59.999,35836163.8712,138978,8905268.2,18712600.2441,0,2026-01-10,61.31840796019901,1.9581000000000004,0.18718043644401924,0.7100100978755154,0.0038406144983196278,0.003833258167661479
2026-01-11,2.091,2.125,2.032,2.07,22853081.0,2026-01-11 23:59:59.999,47696018.4856,150822,10773085.4,22494494.4934,0,2026-01-11,64.36031331592687,1.9724500000000003,0.1840247337438075,0.530091787204024,-0.010043041606886849,-0.010093813169219012
2026-01-12,2.069,2.152,2.02,2.052,44847785.3,2026-01-12 23:59:59.999,93083550.3609,261594,21843475.4,45342506.4169,0,2026-01-12,65.12549537648613,1.98685,0.17802521257869694,0.36595940011137557,-0.008695652173912993,-0.008733679968754553
2026-01-13,2.053,2.343,2.05,2.282,85704161.7,2026-01-13 23:59:59.999,188502711.8375,445679,42482263.4,93348624.2825,0,2026-01-13,74.30626927029805,2.01415,0.17939203613728397,1.4930986111056883,0.1120857699805069,0.10623732413136086
2026-01-14,2.283,2.299,2.193,2.223,48780830.3,2026-01-14 23:59:59.999,110251063.6334,297154,23571174.9,53301455.2853,0,2026-01-14,71.44268774703556,2.0412,0.16703438031863038,1.088398685667005,-0.025854513584575023,-0.02619461645782446
2026-01-15,2.223,2.237,2.095,2.116,49278474.7,2026-01-15 23:59:59.999,106861914.8254,287202,23662243.6,51325919.3354,0,2026-01-15,56.53128430296377,2.06085,0.14986494796810274,0.3679979925108197,-0.04813315339631119,-0.04933012098600647
2026-01-16,2.116,2.154,2.053,2.118,40243591.5,2026-01-16 23:59:59.999,84781138.5231,220642,19845947.1,41817270.1084,0,2026-01-16,46.916890080428935,2.0713,0.14595496781364617,0.31996170256860357,0.000945179584120881,0.0009447331831616659
2026-01-17,2.119,2.235,2.112,2.177,34811371.8,2026-01-17 23:59:59.999,76130040.7336,229166,17757838.1,38816958.1393,0,2026-01-17,53.4640522875817,2.08765,0.1379562382863298,0.6476691529856958,0.027856468366383558,0.027475535073195844
2026-01-18,2.176,2.202,2.059,2.064,38170587.9,2026-01-18 23:59:59.999,81945486.0223,227758,17774215.4,38205693.4888,0,2026-01-18,45.52845528455285,2.0997,0.12337836540713308,-0.289353809172251,-0.05190629306384931,-0.05330193463309406
2026-01-19,2.063,2.064,1.83,2.028,67961874.9,2026-01-19 23:59:59.999,134099526.2863,372787,33333618.5,65787877.4581,0,2026-01-19,39.30288461538462,2.11065,0.10449340194737854,-0.7909590314766624,-0.01744186046511631,-0.0175957618903796
2026-01-20,2.028,2.05,1.88,1.897,52386429.4,2026-01-20 23:59:59.999,103004647.9527,312324,25047960.7,49263327.839,0,2026-01-20,31.97860962566844,2.1160500000000004,0.08857436660206858,-2.4730631265376126,-0.06459566074950696,-0.06677639477605964
2026-01-21,1.897,1.999,1.871,1.953,52638179.3,2026-01-21 23:59:59.999,102043926.9814,302548,26446148.9,51270212.0994,0,2026-01-21,39.400665926748054,2.1138500000000002,0.09216077198375551,-1.745319581614963,0.029520295202952074,0.02909296094166477
2026-01-22,1.953,1.981,1.902,1.925,29548038.1,2026-01-22 23:59:59.999,57318924.2462,211483,14273820.7,27689551.8336,0,2026-01-22,39.664804469273754,2.1019,0.10043898382395522,-1.7612683169919576,-0.014336917562724039,-0.01444068415479436
2026-01-23,1.925,1.983,1.895,1.924,39379141.1,2026-01-23 23:59:59.999,76288963.0561,246266,19926357.6,38623359.8227,0,2026-01-23,40.85155350978134,2.0919,0.10780874878085575,-1.5573875209450065,-0.0005194805194805863,-0.000519615496232866
2026-01-24,1.924,1.939,1.897,1.929,18044932.4,2026-01-24 23:59:59.999,34662318.9109,125506,9073594.6,17432475.9177,0,2026-01-24,40.64665127020785,2.0812999999999997,0.11302309963248847,-1.3475121501288314,0.0025987525987527516,0.0025953816800774318
2026-01-25,1.929,1.943,1.779,1.822,41573784.6,2026-01-25 23:59:59.999,77007639.6108,226476,19124316.6,35449857.8263,0,2026-01-25,36.9747899159664,2.0621,0.1229085667778161,-1.9534846617651382,-0.055469155002591974,-0.0570669350858254
2026-01-26,1.823,1.898,1.816,1.875,39531571.0,2026-01-26 23:59:59.999,73530597.7054,231056,20948735.9,38967620.7924,0,2026-01-26,41.03343465045592,2.04415,0.12269700591726143,-1.3785992472714734,0.029088913282107498,0.028673860584607486
2026-01-27,1.874,1.899,1.826,1.875,32917769.0,2026-01-27 23:59:59.999,61229964.7436,202171,16738739.0,31142111.7604,0,2026-01-27,23.11756935270806,2.0307000000000004,0.12587801111438277,-1.236911821386493,0.0,0.0
2026-01-28,1.876,1.895,1.828,1.87,33577306.8,2026-01-28 23:59:59.999,62479162.8219,227997,16992563.5,31628462.3844,0,2026-01-28,24.89331436699858,2.0187,0.12931320605823537,-1.149921222531856,-0.002666666666666595,-0.0026702285558788097
2026-01-29,1.87,1.875,1.695,1.735,61091011.3,2026-01-29 23:59:59.999,107507741.4744,296037,27679617.6,48681682.5548,0,2026-01-29,23.939808481532154,2.0012999999999996,0.14290449515233342,-1.863482318846086,-0.07219251336898391,-0.0749310174676727
2026-01-30,1.735,1.747,1.65,1.689,79829085.1,2026-01-30 23:59:59.999,135436882.2921,333039,40313526.6,68412157.3846,0,2026-01-30,22.32258064516131,1.9811999999999999,0.15718195958491277,-1.8589919655642646,-0.026512968299711837,-0.026870775573159516
2026-01-31,1.688,1.69,1.395,1.546,130138638.4,2026-01-31 23:59:59.999,201126445.9222,490520,64309121.3,99430551.1211,0,2026-01-31,13.27124563445868,1.9549999999999996,0.1831309568760037,-2.233374449503531,-0.08466548253404382,-0.0884656876604328
2026-02-01,1.546,1.559,1.457,1.494,62624760.9,2026-02-01 23:59:59.999,95132857.4846,307937,30873857.2,46915378.9208,0,2026-02-01,14.285714285714292,1.9271,0.20834508317238803,-2.0787627593862927,-0.03363518758085382,-0.03421386345460466
2026-02-02,1.495,1.575,1.449,1.541,76866178.9,2026-02-02 23:59:59.999,116433144.8941,357130,39322911.5,59553367.7003,0,2026-02-02,19.90111248454882,1.89005,0.2077968327047072,-1.6797657377965083,0.03145917001338683,0.030974469627353084
2026-02-03,1.542,1.567,1.43,1.499,100553708.1,2026-02-03 23:59:59.999,151542975.721,361964,50281761.8,75788281.5474,0,2026-02-03,22.361111111111114,1.8538500000000002,0.2097952071551321,-1.6914113759405756,-0.027255029201816883,-0.027633337217517925
2026-02-04,1.498,1.533,1.424,1.461,69651159.7,2026-02-04 23:59:59.999,102565977.1397,319430,34780840.3,51224892.5976,0,2026-02-04,14.957264957264954,1.8211000000000002,0.21769411180297177,-1.654155902599311,-0.02535023348899268,-0.02567708635189824
2026-02-05,1.461,1.478,1.231,1.245,151728809.5,2026-02-05 23:59:59.999,203553045.5167,644643,75799846.3,101784401.4944,0,2026-02-05,11.797752808988761,1.77745,0.24127500688065948,-2.2068178833929646,-0.14784394250513344,-0.15998560285189145
2026-02-06,1.245,1.407,1.099,1.367,165349457.1,2026-02-06 23:59:59.999,208680701.2825,590663,82850772.6,104762470.2775,0,2026-02-06,22.453016815034616,1.7369500000000002,0.23864562474183104,-1.5502065055674723,0.09799196787148579,0.09348302782514142
2026-02-07,1.366,1.401,1.316,1.371,77476990.3,2026-02-07 23:59:59.999,105618295.2485,296180,39224683.1,53495591.316,0,2026-02-07,22.376237623762364,1.7023,0.23897018091450747,-1.3863654399563927,0.002926115581565414,0.002921842838364772
2026-02-08,1.372,1.375,1.323,1.337,34666423.2,2026-02-08 23:59:59.999,46916536.1761,167558,17350678.3,23485023.5513,0,2026-02-08,24.119530416221977,1.6677500000000003,0.23935414743143074,-1.3818436135298315,-0.02479941648431805,-0.025112102460371245
2026-02-09,1.337,1.35,1.275,1.319,42876911.9,2026-02-09 23:59:59.999,56383042.1577,195732,21683010.6,28524857.1067,0,2026-02-09,19.179600886917953,1.6388500000000001,0.24504398638009298,-1.3052758597547218,-0.013462976813762184,-0.01355442438462861
2026-02-10,1.319,1.327,1.263,1.282,38160450.8,2026-02-10 23:59:59.999,48942412.9301,166740,18177619.5,23317604.0367,0,2026-02-10,18.423855165069213,1.6053000000000002,0.24570245162539645,-1.3158191864235473,-0.028051554207733087,-0.028452515236699203
2026-02-11,1.283,1.296,1.223,1.255,52395329.3,2026-02-11 23:59:59.999,65667637.6121,210251,25849921.1,32402098.1134,0,2026-02-11,18.002081165452637,1.5718,0.2454942597635114,-1.290457871826326,-0.021060842433697435,-0.021285785914731178
2026-02-12,1.254,1.303,1.247,1.282,49153787.6,2026-02-12 23:59:59.999,62705565.8416,201552,24217070.5,30895654.7772,0,2026-02-12,23.44665885111371,1.5397,0.23890233635039124,-1.0786834651212402,0.021513944223107595,0.021285785914731112
2026-02-13,1.282,1.341,1.25,1.329,41772989.2,2026-02-13 23:59:59.999,54180113.5034,171217,21723542.2,28181112.2091,0,2026-02-13,28.922716627634642,1.5097,0.22469303036058288,-0.8042083001418261,0.0366614664586582,0.036005421232629835
2026-02-14,1.329,1.438,1.328,1.42,42743934.2,2026-02-14 23:59:59.999,58983378.3743,168892,21187725.1,29232115.4584,0,2026-02-14,42.144638403990015,1.4896,0.21295994186698483,-0.32682202760682755,0.06847253574115864,0.06623009188206096
2026-02-15,1.42,1.437,1.329,1.356,52418146.6,2026-02-15 23:59:59.999,72367740.9434,198426,24901575.9,34372410.3807,0,2026-02-15,41.52334152334153,1.46365,0.19433212887650078,-0.553948544805023,-0.04507042253521121,-0.04611768209496547
2026-02-16,1.357,1.389,1.331,1.375,46647421.9,2026-02-16 23:59:59.999,63324895.4984,160803,23587182.4,32020643.3622,0,2026-02-16,39.44020356234096,1.43865,0.16915961785743094,-0.37627183606931947,0.014011799410029502,0.013914541600330793
2026-02-17,1.376,1.38,1.338,1.347,40963471.4,2026-02-17 23:59:59.999,55763112.6441,158764,20066208.7,27321642.1318,0,2026-02-17,40.15544041450776,1.4125,0.13617809545625262,-0.4809877813355237,-0.02036363636363636,-0.020573833690307682
2026-02-18,1.346,1.372,1.298,1.31,44060052.0,2026-02-18 23:59:59.999,58822989.6601,160853,22373790.3,29875379.7481,0,2026-02-18,40.20752269779506,1.3912499999999999,0.11466513028442502,-0.7085850755016848,-0.027468448403860424,-0.02785276021516675
2026-02-19,1.31,1.321,1.258,1.285,49984552.8,2026-02-19 23:59:59.999,64414876.0212,160869,24104632.4,31060005.7769,0,2026-02-19,53.448275862068954,1.3710499999999999,0.09298753452386883,-0.9253928544359019,-0.019083969465648942,-0.019268418865877143
2026-02-20,1.286,1.364,1.272,1.34,66356061.0,2026-02-20 23:59:59.999,87451560.0337,218131,33624044.7,44317272.0303,0,2026-02-20,47.36842105263159,1.36075,0.08351544135816086,-0.24845704773339142,0.04280155642023353,0.04191089561563695
2026-02-21,1.34,1.397,1.327,1.357,49351456.3,2026-02-21 23:59:59.999,67434976.7815,166778,25017366.0,34180825.2742,0,2026-02-21,48.66920152091255,1.3538999999999999,0.07740590211405253,0.04004862569048618,0.01268656716417893,0.012606766889911917
2026-02-22,1.358,1.364,1.3,1.311,39812604.8,2026-02-22 23:59:59.999,52840683.9884,139317,18778054.8,24927211.3629,0,2026-02-22,47.58364312267658,1.3424,0.06408497646411122,-0.4899744328935609,-0.03389830508474578,-0.03448617607116932
2026-02-23,1.31,1.312,1.235,1.264,83435260.4,2026-02-23 23:59:59.999,106008000.1341,236594,40255928.1,51158289.4748,0,2026-02-23,45.14991181657849,1.3306499999999999,0.05472060612530793,-1.218005514181881,-0.03585049580472921,-0.036508909056897104
2026-02-24,1.263,1.279,1.222,1.236,59569175.8,2026-02-24 23:59:59.999,74324997.3033,178762,29129909.6,36355018.3131,0,2026-02-24,45.878136200716845,1.3194,0.0493797315972399,-1.6889520720817688,-0.022151898734177222,-0.022400936689166658
2026-02-25,1.237,1.752,1.233,1.662,281628584.6,2026-02-25 23:59:59.999,430183470.714,980684,143764358.7,219373221.1132,0,2026-02-25,71.26436781609196,1.34025,0.08869633290933455,3.6275456881502985,0.34466019417475713,0.29614133739775733
2026-02-26,1.663,1.694,1.521,1.608,262713234.6,2026-02-26 23:59:59.999,421738619.4537,900851,134276369.0,215677915.592,0,2026-02-26,66.5650406504065,1.3523,0.10700324637468622,2.389647124393144,-0.032490974729241784,-0.03303052567648172
2026-02-27,1.607,1.681,1.545,1.598,154821872.9,2026-02-27 23:59:59.999,247981357.7172,594839,77179801.5,123664105.9703,0,2026-02-27,64.20274551214362,1.36365,0.12030368370781315,1.9479869009595434,-0.006218905472636815,-0.0062383234126917025
2026-02-28,1.599,1.674,1.454,1.66,166254089.4,2026-02-28 23:59:59.999,256816133.5862,637419,84257296.7,130190708.9484,0,2026-02-28,63.071895424836605,1.3798,0.1370522758427239,2.04447535275917,0.038798498122653235,0.03806475502436886
2026-03-01,1.66,1.679,1.503,1.532,117153411.6,2026-03-01 23:59:59.999,184784599.3429,478257,57029667.9,89944582.6695,0,2026-03-01,58.96130346232179,1.39045,0.1403159873773136,1.0087945261673439,-0.0771084337349397,-0.08024353105005225
2026-03-02,1.533,1.603,1.496,1.507,105138182.7,2026-03-02 23:59:59.999,161979738.3484,453400,50612681.1,78007667.3443,0,2026-03-02,56.68016194331983,1.4017,0.1401830006887135,0.7511609787396848,-0.016318537859007942,-0.01645315167404126
2026-03-03,1.507,1.557,1.471,1.532,86798467.6,2026-03-03 23:59:59.999,130876057.4363,358607,44803796.9,67595092.0884,0,2026-03-03,59.39086294416244,1.41555,0.13860108413788677,0.8401810182390067,0.016589250165892633,0.016453151674041277
2026-03-04,1.532,1.573,1.506,1.538,87255161.5,2026-03-04 23:59:59.999,134055866.6057,388754,43446294.1,66766073.6711,0,2026-03-04,61.94968553459119,1.42835,0.13743449156440465,0.7978346538184394,0.003916449086161844,0.003908799765052639
2026-03-05,1.539,1.555,1.479,1.529,74242400.6,2026-03-05 23:59:59.999,113010694.0399,314005,35590424.7,54194555.0545,0,2026-03-05,63.00639658848614,1.43835,0.1371009136519459,0.6611918008812867,-0.0058517555266580645,-0.00586894413652705
2026-03-06,1.528,1.547,1.452,1.488,60835528.0,2026-03-06 23:59:59.999,91193294.3547,250128,29589598.5,44368866.8694,0,2026-03-06,58.008658008658,1.44175,0.1374645887338895,0.33645028458589327,-0.026814911706998013,-0.0271809905360251
2026-03-07,1.487,1.517,1.429,1.446,51121971.3,2026-03-07 23:59:59.999,75332547.9384,209847,24140205.6,35581828.0677,0,2026-03-07,54.68914646996839,1.44625,0.1359747944831133,-0.0018385760460269051,-0.028225806451612878,-0.028631812674327153
2026-03-08,1.446,1.484,1.423,1.451,54044577.8,2026-03-08 23:59:59.999,78437271.112,215445,27355183.4,39703800.4914,0,2026-03-08,57.7092511013216,1.45005,0.1349368175655741,0.007040332039388308,0.003457814661134151,0.003451850165477838
2026-03-09,1.451,1.532,1.449,1.492,77815525.5,2026-03-09 23:59:59.999,115977139.1496,278576,39624639.1,59058426.2062,0,2026-03-09,62.63858093126385,1.4572999999999998,0.1329899481677944,0.26092197551817176,0.028256374913852467,0.027864527879518267
2026-03-10,1.492,1.546,1.477,1.484,63148191.1,2026-03-10 23:59:59.999,95564141.892,241295,30325840.5,45912624.9725,0,2026-03-10,64.05895691609979,1.466,0.1284609299522592,0.1401204242152807,-0.00536193029490617,-0.005376357036380406
2026-03-11,1.485,1.554,1.471,1.522,64887327.9,2026-03-11 23:59:59.999,98331400.6414,241920,33198214.4,50332381.0911,0,2026-03-11,35.829959514170056,1.4778499999999999,0.12163546703157392,0.3629697906165786,0.025606469002695365,0.025284114694305335
2026-03-12,1.522,1.526,1.483,1.515,51649101.8,2026-03-12 23:59:59.999,77699290.0477,199556,26005112.3,39129242.7017,0,2026-03-12,39.5973154362416,1.4866,0.11741845994019098,0.24186997525317558,-0.0045992115637319975,-0.004609820478161695
2026-03-13,1.515,1.549,1.444,1.461,80376534.1,2026-03-13 23:59:59.999,121008589.5967,286572,37718619.2,56833782.8714,0,2026-03-13,36.04887983706721,1.4918,0.11361828984524448,-0.271083115596543,-0.035643564356435564,-0.03629430619276995
2026-03-14,1.461,1.461,1.402,1.411,49345891.2,2026-03-14 23:59:59.999,70529726.137,216546,23432156.1,33478836.2964,0,2026-03-14,24.008350730688974,1.4968,0.10726582816825359,-0.7998819518310796,-0.03422313483915129,-0.0348224598978855
2026-03-15,1.411,1.444,1.388,1.438,60676771.4,2026-03-15 23:59:59.999,86152651.5579,220406,30938419.3,43931092.7341,0,2026-03-15,37.56613756613756,1.5055,0.09357265681355802,-0.721364576988476,0.019135364989369075,0.01895458642817783
2026-03-16,1.438,1.662,1.429,1.64,166210765.2,2026-03-16 23:59:59.999,261196943.5959,623223,85337854.7,134050570.8313,0,2026-03-16,61.98198198198198,1.5257,0.07386338739785357,1.5474513697068994,0.14047287899860916,0.1314429825372521
2026-03-17,1.64,1.643,1.581,1.62,78467248.1,2026-03-17 23:59:59.999,126125007.6916,280343,39345120.6,63264832.7842,0,2026-03-17,58.00000000000001,1.5235999999999998,0.07029516714683248,1.3713602785613985,-0.012195121951219412,-0.012270092591814247
2026-03-18,1.62,1.653,1.537,1.577,76356004.1,2026-03-18 23:59:59.999,121723401.9386,268794,36043192.0,57481564.7999,0,2026-03-18,53.32197614991481,1.5220500000000001,0.06865893967929651,0.8003327790477008,-0.02654320987654335,-0.02690184126339152
2026-03-19,1.577,1.577,1.493,1.52,67781962.3,2026-03-19 23:59:59.999,103686269.9106,222034,33434807.6,51151067.5529,0,2026-03-19,49.29133858267718,1.5181499999999999,0.0662922357761521,0.027906737166732372,-0.03614457831325302,-0.036813973122716316
2026-03-20,1.521,1.552,1.493,1.498,57100244.1,2026-03-20 23:59:59.999,87005833.6347,188379,27929284.8,42560865.3647,0,2026-03-20,50.811688311688314,1.51005,0.057340602845863065,-0.21014777316505423,-0.014473684210526305,-0.014579449763157273
2026-03-21,1.498,1.515,1.454,1.465,45148833.7,2026-03-21 23:59:59.999,67474603.0495,173119,21812383.9,32612506.5244,0,2026-03-21,51.56507413509062,1.5067,0.05794471047100846,-0.719651537837326,-0.022029372496662147,-0.022275642625997037
2026-03-22,1.465,1.483,1.392,1.41,65665453.8,2026-03-22 23:59:59.999,94612561.087,218008,30729907.4,44288654.9516,0,2026-03-22,46.87975646879755,1.50185,0.06184639289137327,-1.4851310756526241,-0.03754266211604107,-0.03826553807895384
2026-03-23,1.41,1.492,1.402,1.418,114714299.4,2026-03-23 23:59:59.999,165597620.2488,318434,57953799.7,83643928.9342,0,2026-03-23,44.07051282051281,1.49615,0.06413249031242997,-1.2185711114488464,0.005673758865248235,0.005657723719858855
2026-03-24,1.418,1.428,1.357,1.4,102047943.1,2026-03-24 23:59:59.999,142589485.0689,297404,47577777.5,66507757.8768,0,2026-03-24,43.37539432176656,1.48925,0.0667626392369582,-1.3368255212803717,-0.012693935119887145,-0.012775191488722805
2026-03-25,1.4,1.411,1.342,1.359,87747470.7,2026-03-25 23:59:59.999,120949132.514,275095,41444075.1,57148230.0975,0,2026-03-25,37.20565149136577,1.48075,0.0720481381328503,-1.6898424186271679,-0.02928571428571425,-0.029723101452206233
2026-03-26,1.36,1.366,1.299,1.321,94128230.6,2026-03-26 23:59:59.999,124600077.9926,255487,45991933.8,60889332.6504,0,2026-03-26,35.479041916167674,1.4724,0.08036128943707263,-1.8839916713700149,-0.02796173657100809,-0.028360109628818388
2026-03-27,1.321,1.339,1.269,1.289,82300757.0,2026-03-27 23:59:59.999,106626353.3838,223176,41460119.5,53721544.3276,0,2026-03-27,36.68730650154797,1.46455,0.09014810911400649,-1.947350884287428,-0.024224072672218044,-0.02452230158313796
2026-03-28,1.29,1.305,1.252,1.257,67227032.7,2026-03-28 23:59:59.999,86194181.7106,202000,31650624.5,40585550.9704,0,2026-03-28,37.7388535031847,1.45485,0.10141591019158883,-1.9508773290722707,-0.02482544608223436,-0.025138794348940036
2026-03-29,1.258,1.275,1.218,1.26,64157036.4,2026-03-29 23:59:59.999,80674679.3754,178178,31871647.4,40097366.2541,0,2026-03-29,35.26490066225166,1.4432500000000001,0.10985965926910973,-1.668037214198117,0.0023866348448688957,0.002383791355276419
2026-03-30,1.26,1.286,1.231,1.243,93662849.3,2026-03-30 23:59:59.999,118372232.8319,226959,45082054.4,56995318.6661,0,2026-03-30,2.625298329355644,1.4312,0.11806536993051674,-1.594032188361062,-0.013492063492063444,-0.01358390843481252
2026-03-31,1.242,1.277,1.225,1.251,91358357.9,2026-03-31 23:59:59.999,114359869.3452,231608,45170615.1,56541115.7365,0,2026-03-31,4.668304668304657,1.41765,0.1225613809613172,-1.3597268461963417,0.006436041834271711,0.006415418956199816
2026-04-01,1.251,1.301,1.246,1.254,79411199.5,2026-04-01 23:59:59.999,100935674.5462,199036,39775561.7,50569431.0752,0,2026-04-01,5.994550408719363,1.4045999999999998,0.1255100750746727,-1.1999036723577752,0.0023980815347721673,0.00239521072595485
2026-04-02,1.255,1.269,1.202,1.236,81852153.6,2026-04-02 23:59:59.999,100177865.4948,220204,39667658.8,48559682.6252,0,2026-04-02,6.707317073170728,1.3933499999999999,0.13018540421861974,-1.2086608398569993,-0.014354066985645897,-0.014458083175229888
2026-04-03,1.236,1.266,1.228,1.237,50694862.6,2026-04-03 23:59:59.999,63148408.9161,140613,25300880.4,31517289.9008,0,2026-04-03,7.491856677524467,1.3846500000000002,0.13468023532558374,-1.0963004307429556,0.0008090614886733238,0.0008087343748520029
2026-04-04,1.237,1.265,1.232,1.253,32954421.7,2026-04-04 23:59:59.999,41157922.2382,106718,17408109.0,21744367.2272,0,2026-04-04,13.44827586206894,1.3754,0.13715354437535598,-0.8924304549142452,0.012934518997574695,0.01285158250358032
2026-04-05,1.253,1.254,1.214,1.244,51430642.0,2026-04-05 23:59:59.999,63300789.4342,141515,25721297.5,31656712.0857,0,2026-04-05,15.98360655737703,1.3556000000000001,0.12498901003471852,-0.8928785016298691,-0.0071827613727054596,-0.0072086815969435005
2026-04-06,1.243,1.316,1.23,1.24,77364574.3,2026-04-06 23:59:59.999,98477775.1785,205248,39639890.8,50469769.3181,0,2026-04-06,12.916666666666643,1.3366,0.11075311566479006,-0.8722102256009986,-0.003215434083601254,-0.003220614700042172
2026-04-07,1.24,1.331,1.203,1.314,93021761.1,2026-04-07 23:59:59.999,116311391.8424,258098,45811694.0,57363703.3451,0,2026-04-07,35.47297297297298,1.3234499999999998,0.09523349420729894,-0.09922979387304119,0.059677419354838834,0.05796454044547339
2026-04-08,1.314,1.335,1.263,1.267,66771778.4,2026-04-08 23:59:59.999,86966003.7841,212733,32991323.8,42987153.6429,0,2026-04-08,34.768211920529794,1.3108,0.08387747955694651,-0.5221902259266523,-0.035768645357686535,-0.03642401872341686
2026-04-09,1.268,1.36,1.233,1.299,82568396.8,2026-04-09 23:59:59.999,105482517.0963,232454,40872225.3,52287522.9631,0,2026-04-09,46.28378378378378,1.30085,0.07137320371403132,-0.02592009190749604,0.02525651144435681,0.024942836349460547
2026-04-10,1.299,1.326,1.281,1.305,55024024.7,2026-04-10 23:59:59.999,71580905.7703,165553,27941690.1,36344693.3939,0,2026-04-10,52.962962962962955,1.29285,0.06007913639073876,0.20223326648671358,0.004618937644341736,0.004608303086194181
2026-04-11,1.305,1.315,1.263,1.286,49168464.3,2026-04-11 23:59:59.999,63288103.2692,144356,23807079.1,30651767.1584,0,2026-04-11,55.64202334630353,1.28665,0.05337777477549163,-0.01217735289142264,-0.014559386973180044,-0.014666414959229055
2026-04-12,1.285,1.287,1.212,1.223,67329924.1,2026-04-12 23:59:59.999,83012869.7197,216442,31778507.9,39173316.3279,0,2026-04-12,44.1640378548896,1.2769,0.04532444440956153,-1.1892037663594444,-0.048989113530326533,-0.05022976911039228
2026-04-13,1.223,1.239,1.141,1.226,200845425.7,2026-04-13 23:59:59.999,237326191.5252,479883,97842696.7,115644249.7861,0,2026-04-13,47.194719471947174,1.2682,0.03624129656655001,-1.164417501523656,0.002452984464431651,0.0024499808089842798
2026-04-14,1.226,1.227,1.139,1.161,105205428.2,2026-04-14 23:59:59.999,123864386.7312,289831,50673851.3,59680283.6446,0,2026-04-14,37.50000000000002,1.2583,0.03716407430475799,-2.6181198326670807,-0.05301794453507336,-0.05447513479826516
2026-04-15,1.162,1.196,1.145,1.18,74336673.2,2026-04-15 23:59:59.999,86977046.178,212123,37231297.0,43560730.7131,0,2026-04-15,40.15957446808508,1.25125,0.038008136220148266,-1.8745986277072466,0.01636520241171402,0.016232735761818926
2026-04-16,1.18,1.353,1.169,1.328,156450328.6,2026-04-16 23:59:59.999,199230557.6967,456040,78353203.9,99859959.2728,0,2026-04-16,59.0909090909091,1.2532,0.040934607646097416,1.8273046769297956,0.12542372881355934,0.11815961257666874
2026-04-17,1.328,1.355,1.284,1.332,97492741.8,2026-04-17 23:59:59.999,128909229.9199,279470,48768015.7,64488683.7628,0,2026-04-17,59.33202357563851,1.25695,0.044574567896279824,1.6836955138776277,0.003012048192771122,0.0030075210639553224
2026-04-18,1.332,1.34,1.269,1.271,72900359.3,2026-04-18 23:59:59.999,94903616.6044,177800,34632217.3,45094239.2039,0,2026-04-18,51.6245487364621,1.2574999999999998,0.044681916723518546,0.30213565106293383,-0.04579579579579596,-0.04687757991088057
2026-04-19,1.271,1.291,1.233,1.239,71162541.1,2026-04-19 23:59:59.999,89873906.5827,181812,34082367.7,43071077.1678,0,2026-04-19,49.56672443674178,1.2573,0.04475912136364312,-0.4088552107920662,-0.025177025963807886,-0.02549938956031146
2026-04-20,1.238,1.294,1.236,1.279,63981090.6,2026-04-20 23:59:59.999,80965675.5276,163916,33123296.1,41923325.6682,0,2026-04-20,53.1810766721044,1.2587,0.04498900448101456,0.45122136473516816,0.03228410008071014,0.031773919949700136
2026-04-21,1.28,1.291,1.255,1.278,50615129.9,2026-04-21 23:59:59.999,64464248.372,148627,24522762.6,31236586.7625,0,2026-04-21,46.666666666666664,1.2599,0.04517672896505745,0.4006487502448372,-0.0007818608287724071,-0.000782166641362505
2026-04-22,1.277,1.326,1.267,1.27,54674416.1,2026-04-22 23:59:59.999,70858989.9205,163611,27241690.9,35313547.2165,0,2026-04-22,50.299401197604794,1.2616,0.044868697305326936,0.18721292358543004,-0.006259780907668211,-0.006279455484843136
2026-04-23,1.271,1.277,1.211,1.24,64113619.7,2026-04-23 23:59:59.999,79674091.5466,191709,29183310.8,36260002.0405,0,2026-04-23,44.08817635270541,1.26175,0.044787069303811634,-0.48563123995587915,-0.023622047244094557,-0.02390552085355448
2026-04-24,1.24,1.269,1.224,1.253,52071516.1,2026-04-24 23:59:59.999,64928926.4783,173525,26157971.6,32632904.9119,0,2026-04-24,44.86166007905137,1.26175,0.044787069303811634,-0.195368889637424,0.010483870967741948,0.010429296296985765
2026-04-25,1.253,1.274,1.236,1.246,35034683.4,2026-04-25 23:59:59.999,44034424.6717,140156,17337047.1,21805590.821,0,2026-04-25,45.95141700404857,1.26185,0.04474756680222028,-0.3542092035988307,-0.005586592178770888,-0.005602255548669787
2026-04-26,1.245,1.274,1.235,1.259,34735981.9,2026-04-26 23:59:59.999,43724986.1841,133666,17313108.2,21797753.4142,0,2026-04-26,54.05405405405404,1.2628,0.044460035253238356,-0.08547001769917048,0.010433386837881198,0.010379334696948692
2026-04-27,1.26,1.274,1.209,1.231,52010512.0,2026-04-27 23:59:59.999,64238183.2134,180072,24838070.1,30695325.9522,0,2026-04-27,50.53304904051174,1.25865,0.04328762431607429,-0.6387506923019679,-0.022239872915011727,-0.022490907859893463
2026-04-28,1.231,1.24,1.215,1.228,31508827.6,2026-04-28 23:59:59.999,38674308.724,122802,15191716.4,18647238.5939,0,2026-04-28,58.23095823095824,1.2567,0.0437674476244743,-0.6557384896246773,-0.002437043054427379,-0.0024400174773658223
2026-04-29,1.228,1.26,1.176,1.211,63312701.3,2026-04-29 23:59:59.999,77244829.6244,182840,30585861.3,37350675.6861,0,2026-04-29,53.827160493827186,1.2523000000000002,0.043714504373418075,-0.9447665161020063,-0.01384364820846895,-0.013940365153995413
2026-04-30,1.21,1.225,1.195,1.203,35789029.8,2026-04-30 23:59:59.999,43320900.8389,126078,17995589.4,21785844.3017,0,2026-04-30,26.41509433962257,1.2471999999999999,0.0431894236320196,-1.023398700028749,-0.006606110652353392,-0.00662802757841334
2026-05-01,1.204,1.228,1.191,1.204,52015975.2,2026-05-01 23:59:59.999,62923369.4859,141119,25108796.2,30384443.5115,0,2026-05-01,25.572519083969368,1.2431,0.04320441008170376,-0.9050002054433381,0.0008312551953448821,0.0008309098940873815
2026-05-02,1.203,1.24,1.193,1.227,33807530.1,2026-05-02 23:59:59.999,40968862.7705,119455,17007669.3,20627468.4198,0,2026-05-02,40.17857142857142,1.2433,0.04311563396974809,-0.3780531213210691,0.01910299003322269,0.018922818842145184
2026-05-03,1.227,1.228,1.202,1.209,31603815.1,2026-05-03 23:59:59.999,38322729.8838,124735,15254275.1,18502487.5282,0,2026-05-03,42.857142857142826,1.24245,0.04363903971617741,-0.7665154920354433,-0.014669926650366705,-0.01477859409611872
2026-05-04,1.208,1.263,1.196,1.228,66577330.6,2026-05-04 23:59:59.999,81912132.6823,214173,33327971.8,41024979.6863,0,2026-05-04,36.50793650793648,1.2458,0.03942561280747523,-0.4514831535256466,0.01571546732837037,0.015593258092294917
2026-05-05,1.228,1.296,1.224,1.278,49108962.7,2026-05-05 23:59:59.999,62161958.278,168773,24638705.6,31190444.5401,0,2026-05-05,50.0,1.2507000000000001,0.036821189522837174,0.7414209142555789,0.04071661237785018,0.03990952623039236
2026-05-06,1.277,1.333,1.268,1.317,54377177.0,2026-05-06 23:59:59.999,71100467.6841,194496,27182416.4,35539776.6752,0,2026-05-06,58.736059479553916,1.25015,0.035669941613616085,1.8741269813147545,0.030516431924882514,0.03006006680580082
2026-05-07,1.318,1.338,1.288,1.31,49539942.4,2026-05-07 23:59:59.999,64949904.4669,180417,23722495.9,31103189.2469,0,2026-05-07,64.22764227642281,1.24905,0.0332715699403814,1.8318943202624653,-0.005315110098709108,-0.005329285548083733
2026-05-08,1.31,1.39,1.292,1.374,50642663.8,2026-05-08 23:59:59.999,67807214.717,189063,25197994.8,33762761.6324,0,2026-05-08,70.37037037037044,1.2542,0.04330625332240341,2.766344137603439,0.04885496183206106,0.047699056587097416
2026-05-09,1.374,1.392,1.337,1.345,29950811.4,2026-05-09 23:59:59.999,40789660.3463,121528,14311190.1,19500220.7165,0,2026-05-09,65.51724137931035,1.2595,0.04761965536230128,1.795477085029202,-0.021106259097525615,-0.021332180746355314
2026-05-10,1.345,1.419,1.327,1.381,52074125.5,2026-05-10 23:59:59.999,71511804.4319,187074,24949403.3,34264643.083,0,2026-05-10,67.83625730994154,1.2646000000000002,0.054746689378236825,2.126155961610927,0.026765799256505574,0.026413861373352634
2026-05-11,1.382,1.385,1.333,1.362,41848125.9,2026-05-11 23:59:59.999,56949607.8107,164440,20696122.4,28167327.691,0,2026-05-11,69.66966966966967,1.2688000000000001,0.05889383845873526,1.5825085007033757,-0.013758146270818172,-0.013853666699834366
2026-05-12,1.361,1.368,1.302,1.334,42173702.5,2026-05-12 23:59:59.999,56277475.5299,149703,19853704.0,26507597.927,0,2026-05-12,64.80446927374304,1.272,0.060674281363111544,1.0218497624875786,-0.02055800293685761,-0.020772260233888697
2026-05-13,1.334,1.438,1.314,1.328,73241925.7,2026-05-13 23:59:59.999,100163166.0658,235778,35541473.0,48618976.319,0,2026-05-13,66.85878962536023,1.2764,0.06141780984615611,0.8401471841677781,-0.004497751124437732,-0.004507896439189817
2026-05-14,1.328,1.422,1.312,1.363,53726567.3,2026-05-14 23:59:59.999,73199969.5364,180543,26461782.2,36052254.6365,0,2026-05-14,71.3903743315508,1.2818999999999998,0.06407963793497677,1.2656126441022404,0.026355421686746983,0.026014101660153447
2026-05-15,1.364,1.375,1.287,1.314,48721041.4,2026-05-15 23:59:59.999,64629952.4098,191236,23909129.3,31717123.8008,0,2026-05-15,63.033175355450254,1.2853,0.06387825589999459,0.44929216672621114,-0.03595011005135729,-0.03661223265197678
2026-05-16,1.314,1.319,1.246,1.266,31084160.1,2026-05-16 23:59:59.999,39569694.8524,124666,14989398.8,19070780.8758,0,2026-05-16,54.36241610738254,1.28565,0.0637456087072418,-0.3082565277593406,-0.0365296803652968,-0.03721359634043432
2026-05-17,1.267,1.292,1.212,1.25,35080612.6,2026-05-17 23:59:59.999,44267895.0414,126243,17043882.0,21529603.3949,0,2026-05-17,54.6067415730337,1.2866,0.06302580923285962,-0.580714479440875,-0.012638230647709303,-0.012718772407774671
2026-05-18,1.249,1.254,1.214,1.252,46677577.6,2026-05-18 23:59:59.999,57575990.9164,179062,22850053.8,28194383.0603,0,2026-05-18,52.80373831775701,1.2878,0.06207262298464352,-0.5767437926516623,0.0016000000000000458,0.0015987213636970735
2026-05-19,1.252,1.26,1.217,1.224,26047463.7,2026-05-19 23:59:59.999,32212531.8829,120905,12603566.1,15586414.6769,0,2026-05-19,43.349753694581274,1.2884499999999999,0.06128919796629429,-1.051571926841723,-0.022364217252396235,-0.022618088587772513
2026-05-20,1.224,1.257,1.218,1.248,30791445.9,2026-05-20 23:59:59.999,38215157.6053,120987,15223202.7,18896259.8073,0,2026-05-20,41.1764705882353,1.2907,0.058760978799343964,-0.7266727149969919,0.019607843137254832,0.019418085857101516
2026-05-21,1.247,1.309,1.243,1.292,56783177.6,2026-05-21 23:59:59.999,72225784.2662,175769,29104950.1,37033187.9598,0,2026-05-21,47.89719626168224,1.2951000000000001,0.05510840988436713,-0.056252757183609,0.03525641025641035,0.03464913541317428
2026-05-22,1.291,1.346,1.248,1.257,76891971.7,2026-05-22 23:59:59.999,100346877.1539,239397,37303894.4,48707530.4545,0,2026-05-22,35.33834586466163,1.2966,0.05354329284237678,-0.7395884320483687,-0.027089783281733837,-0.02746347575229983
2026-05-23,1.257,1.337,1.197,1.294,82034207.7,2026-05-23 23:59:59.999,103200179.0925,241365,39514606.1,49727771.4538,0,2026-05-23,43.73464373464374,1.30085,0.04944031487278827,-0.1385508975342354,0.029435163086714455,0.029010266470598504
2026-05-24,1.295,1.297,1.226,1.244,38434031.6,2026-05-24 23:59:59.999,48625681.1202,152449,18383827.3,23275890.1749,0,2026-05-24,33.729216152019006,1.30165,0.04831614634755519,-1.1931829079517862,-0.03863987635239574,-0.039406201761721195
2026-05-25,1.244,1.295,1.238,1.26,38905712.3,2026-05-25 23:59:59.999,49286627.0412,146086,19128907.8,24238726.6672,0,2026-05-25,37.79904306220096,1.30075,0.04894344209589401,-0.8325936684256763,0.012861736334405238,0.012779726646399021
2026-05-26,1.26,1.309,1.233,1.249,55910803.6,2026-05-26 23:59:59.999,70636861.8194,199419,27809033.0,35133479.8469,0,2026-05-26,39.40149625935163,1.29735,0.050103340554501274,-0.9650055158978045,-0.0087301587301587,-0.008768489819945975
2026-05-27,1.249,1.278,1.222,1.228,56045485.9,2026-05-27 23:59:59.999,70276580.0904,210344,27512433.0,34505970.2422,0,2026-05-27,37.98076923076924,1.29325,0.05231974064381422,-1.247139209733727,-0.016813450760608584,-0.016956401418490002
2026-05-28,1.228,1.234,1.175,1.211,58312903.7,2026-05-28 23:59:59.999,70045198.7686,239655,28087818.6,33742645.4061,0,2026-05-28,30.904522613065353,1.2851000000000001,0.051771664653898423,-1.431284863938025,-0.01384364820846895,-0.013940365153995413
2026-05-29,1.211,1.234,1.176,1.192,55282464.8,2026-05-29 23:59:59.999,66634839.573,181456,26416563.2,31847966.022,0,2026-05-29,33.423913043478265,1.27745,0.05372196941547813,-1.5905969369652437,-0.0156895127993395,-0.015813895927797295
2026-05-30,1.193,1.22,1.182,1.189,37512246.0,2026-05-30 23:59:59.999,44922652.9778,133118,17982176.8,21534865.5588,0,2026-05-30,38.080495356037176,1.26785,0.05134637278208898,-1.5356488828263426,-0.00251677852348986,-0.002519950934513165
2026-05-31,1.189,1.202,1.156,1.188,45682219.1,2026-05-31 23:59:59.999,53889154.1991,136679,21129067.7,24934043.1367,0,2026-05-31,39.93506493506494,1.25915,0.0492525980931929,-1.4445938438693966,-0.000841042893187649,-0.0008413967681916905
2026-06-01,1.188,1.206,1.123,1.158,81597201.3,2026-06-01 23:59:59.999,94709512.7507,224992,38584602.8,44782295.9745,0,2026-06-01,36.01190476190477,1.25035,0.050871639270689835,-1.8153533348631141,-0.025252525252525304,-0.025576841789649737
2026-06-02,1.159,1.161,1.055,1.079,100312630.3,2026-06-02 23:59:59.999,111545868.1062,276571,46362569.2,51571941.7444,0,2026-06-02,31.26614987080106,1.2379000000000002,0.06043778878868525,-2.629149794933405,-0.06822107081174433,-0.07065969287480584
2026-06-03,1.078,1.132,1.055,1.103,82454339.5,2026-06-03 23:59:59.999,90778458.0193,239264,40237175.3,44306387.9645,0,2026-06-03,31.26614987080106,1.2249,0.060074427504397315,-2.0291495909982213,0.022242817423540284,0.021999053995367782
2026-06-04,1.103,1.116,1.006,1.037,110412395.7,2026-06-04 23:59:59.999,115878369.0118,319564,52541586.4,55144689.2284,0,2026-06-04,18.826405867970678,1.2110499999999997,0.06962340424690538,-2.4998777621210038,-0.059836808703535915,-0.061701811023975255
2026-06-05,1.037,1.042,0.909,0.944,128225369.3,2026-06-05 23:59:59.999,124688577.4661,380996,60703198.4,59062760.2839,0,2026-06-05,16.488222698072832,1.19495,0.09038308818276675,-2.7765149990509883,-0.08968177434908386,-0.0939610420840266
2026-06-06,0.944,0.961,0.883,0.942,83161016.1,2026-06-06 23:59:59.999,77521615.971,223643,39886650.3,37200943.4697,0,2026-06-06,9.259259259259267,1.17955,0.1054870782706814,-2.25193458662722,-0.0021186440677966045,-0.0021208915691376244
2026-06-07,0.942,1.0,0.939,0.973,62641056.2,2026-06-07 23:59:59.999,60381969.2531,172640,31185200.7,30083279.7169,0,2026-06-07,17.191283292978213,1.1656,0.11354220174376246,-1.6962855840566844,0.03290870488322728,0.0323788076096421
2026-06-08,0.973,0.995,0.95,0.974,48217997.9,2026-06-08 23:59:59.999,46958974.3968,159946,24556089.6,23925238.6521,0,2026-06-08,14.07035175879399,1.1531,0.1203328279047646,-1.4883719024848792,0.0010277492291881352,0.0010272214565300948
2026-06-09,0.974,0.978,0.927,0.955,60831970.9,2026-06-09 23:59:59.999,58251924.7943,159344,29507976.4,28269671.2593,0,2026-06-09,13.793103448275872,1.13845,0.12587900413525493,-1.4573518535536392,-0.019507186858316206,-0.019699963161804838
2026-06-10,0.955,0.965,0.901,0.915,80221044.1,2026-06-10 23:59:59.999,74945156.8283,168381,39141358.7,36565389.0573,0,2026-06-10,13.176470588235304,1.1196,0.12984014462317547,-1.5757838270574474,-0.041884816753926635,-0.04278727520520886
2026-06-11,0.916,0.974,0.915,0.951,75807474.4,2026-06-11 23:59:59.999,71936893.7985,151997,38653335.0,36687661.1374,0,2026-06-11,20.720720720720706,1.1042999999999998,0.13082253949521527,-1.171816420866885,0.03934426229508192,0.03858999726986895
2026-06-12,0.951,0.974,0.938,0.957,69589899.4,2026-06-12 23:59:59.999,66553519.2522,141188,34511825.3,33011850.8813,0,2026-06-12,22.737819025522043,1.08745,0.12674237233553654,-1.0292532607378375,0.006309148264984188,0.006289328907563918
2026-06-13,0.956,0.995,0.955,0.98,59824384.8,2026-06-13 23:59:59.999,58586784.2912,126371,29818246.7,29199967.6464,0,2026-06-13,26.829268292682926,1.07425,0.12328011534702664,-0.7645190770197728,0.024033437826541215,0.023749180211663282
2026-06-14,0.98,0.998,0.947,0.998,49125986.5,2026-06-14 23:59:59.999,47690277.2951,119408,24254280.2,23557841.776,0,2026-06-14,29.700854700854705,1.06115,0.11622132922270147,-0.5433598154689232,0.01836734693877551,0.01820070464684637
2026-06-15,0.997,1.046,0.985,1.009,73515772.9,2026-06-15 23:59:59.999,74639242.566,179861,37448461.8,38018454.9952,0,2026-06-15,33.407572383073486,1.04915,0.10789677083103487,-0.37211493625582714,0.011022044088176308,0.010961744042144938
2026-06-16,1.009,1.033,0.986,1.013,56830548.8,2026-06-16 23:59:59.999,57462331.5859,145819,28212780.9,28540509.8334,0,2026-06-16,41.17647058823528,1.0384,0.09952540007971668,-0.25521123230507486,0.003964321110009994,0.003956483895074507
2026-06-17,1.013,1.042,0.984,1.003,79051831.3,2026-06-17 23:59:59.999,80166633.79,189696,38285852.1,38839565.5366,0,2026-06-17,36.111111111111086,1.028,0.0910465467883322,-0.27458482371792636,-0.009871668311944748,-0.009920716286747878
2026-06-18,1.003,1.01,0.938,0.974,70176769.0,2026-06-18 23:59:59.999,68127133.9414,176791,34160122.4,33164525.0371,0,2026-06-18,40.24767801857585,1.0171,0.08308011351115847,-0.5187763735326525,-0.02891326021934193,-0.029339484319400384
2026-06-19,0.973,0.981,0.945,0.96,40177641.4,2026-06-19 23:59:59.999,38569676.2032,127482,19513415.4,18740239.0341,0,2026-06-19,53.27868852459017,1.00565,0.07335298578915858,-0.6223332221433165,-0.014373716632443578,-0.014478019180653225
2026-06-20,0.96,0.976,0.948,0.968,34564026.3,2026-06-20 23:59:59.999,33270540.3697,114288,17388994.7,16744900.9149,0,2026-06-20,55.20000000000001,0.99465,0.05981486787514445,-0.4455414004362323,0.008333333333333304,0.008298802814695064
2026-06-21,0.969,0.975,0.939,0.94,32023493.1,2026-06-21 23:59:59.999,30769003.9177,106827,15313873.7,14731766.2725,0,2026-06-21,43.31983805668015,0.9837499999999999,0.046963451612309,-0.9315754804643276,-0.02892561983471076,-0.02935221201252745
2026-06-22,0.94,0.978,0.927,0.935,42705691.0,2026-06-22 23:59:59.999,40821754.1642,144772,20850838.8,19941163.6186,0,2026-06-22,42.23107569721116,0.9765499999999999,0.042409625247781246,-0.9797304210362869,-0.005319148936170137,-0.005333345975362505
2026-06-23,0.936,0.938,0.881,0.91,62025094.6,2026-06-23 23:59:59.999,56207601.2258,162757,29067136.4,26345158.5495,0,2026-06-23,41.24513618677043,0.9669000000000001,0.033046856653993026,-1.7217976461650817,-0.0267379679144385,-0.02710192977779127
2026-06-24,0.91,0.919,0.841,0.888,93617240.3,2026-06-24 23:59:59.999,82411722.6311,187816,45313084.3,39899445.6274,0,2026-06-24,44.35146443514643,0.95945,0.03320664958731284,-2.151677476890011,-0.0241758241758242,-0.02447285651872569
2026-06-25,0.888,0.898,0.816,0.843,98396049.8,2026-06-25 23:59:59.999,84244518.9667,183937,47472230.2,40671590.6414,0,2026-06-25,28.225806451612897,0.9543999999999999,0.042154352937167267,-2.6426689591474943,-0.05067567567567577,-0.052004784990314704
2026-06-26,0.843,0.865,0.802,0.853,92198834.4,2026-06-26 23:59:59.999,77118811.6475,205372,45249086.2,37863060.8838,0,2026-06-26,29.365079365079367,0.94995,0.0478456674381678,-2.0263067732369078,0.011862396204033177,0.011792589489823624
2026-06-27,0.852,0.86,0.806,0.815,45882849.0,2026-06-27 23:59:59.999,38350421.1576,125192,21780021.0,18218604.2647,0,2026-06-27,19.101123595505598,0.9420499999999998,0.056160929460494634,-2.26224888406398,-0.04454865181711609,-0.04557143425081644
2026-06-28,0.814,0.821,0.795,0.811,63238940.4,2026-06-28 23:59:59.999,51130544.7131,147365,30151793.1,24382923.9296,0,2026-06-28,13.043478260869549,0.9338999999999998,0.06272404053490403,-1.9593763244829492,-0.00490797546012256,-0.004920059125449647
2026-06-29,0.81,0.84,0.805,0.826,63747170.4,2026-06-29 23:59:59.999,52295819.8868,178225,32835169.0,26941360.9606,0,2026-06-29,14.396887159533065,0.92745,0.06693160293576117,-1.5157264363946061,0.018495684340320562,0.018326719405565114
2026-06-30,0.825,0.828,0.8,0.822,49552690.5,2026-06-30 23:59:59.999,40386746.3994,129569,24742248.0,20171048.4342,0,2026-06-30,12.840466926070022,0.9228,0.07095187396340327,-1.4206812923925347,-0.004842615012106588,-0.004854378464798199
2026-07-01,0.822,0.85,0.805,0.827,62690612.8,2026-07-01 23:59:59.999,52216905.9004,153208,29649136.6,24703663.9149,0,2026-07-01,15.079365079365061,0.9166000000000001,0.07372166715689592,-1.2153821726428353,0.006082725060827299,0.006064299967511446
2026-07-02,0.827,0.868,0.823,0.841,62735400.6,2026-07-02 23:59:59.999,53147546.7581,136110,32238401.3,27319098.5511,0,2026-07-02,21.94092827004218,0.9108,0.07492915951239586,-0.9315465494905594,0.016928657799274438,0.016786964949256692
2026-07-03,0.841,0.892,0.836,0.881,57552352.7,2026-07-03 23:59:59.999,49958139.1914,127223,29598712.7,25697967.7295,0,2026-07-03,34.9809885931559,0.90585,0.07337092137303879,-0.33869003598381325,0.04756242568370994,0.04646596596323152
2026-07-04,0.88,0.9,0.866,0.884,45607243.7,2026-07-04 23:59:59.999,40221820.3617,113039,22850950.3,20155470.9058,0,2026-07-04,33.720930232558146,0.90015,0.07019467289708281,-0.23007443917686762,0.0034052213393871433,0.0033994367014640097
2026-07-05,0.884,0.891,0.859,0.882,40132666.4,2026-07-05 23:59:59.999,35077504.6573,93333,20804561.5,18186653.1961,0,2026-07-05,37.5,0.8937999999999999,0.06541092776860223,-0.18039799162830428,-0.002262443438914019,-0.002265006630852125
2026-07-06,0.882,0.908,0.847,0.885,59811933.1,2026-07-06 23:59:59.999,52369041.4442,135066,29299753.1,25672537.3321,0,2026-07-06,39.130434782608695,0.8874000000000001,0.05909083104555524,-0.040615438258937715,0.00340136054421758,0.0033955890011381075
2026-07-07,0.885,0.887,0.844,0.85,58929733.5,2026-07-07 23:59:59.999,50899769.6254,129332,28190945.2,24356470.8098,0,2026-07-07,37.499999999999986,0.8797499999999999,0.05291888030373919,-0.5621812069575827,-0.039548022598870136,-0.04035129552356746
2026-07-08,0.849,0.857,0.815,0.827,55726745.8,2026-07-08 23:59:59.999,46267476.706,129592,27120688.0,22514710.5569,0,2026-07-08,37.34439834024895,0.8724000000000001,0.04921852451830645,-0.9224169242032829,-0.027058823529411802,-0.027431654460670862
2026-07-09,0.827,0.839,0.819,0.826,36082582.1,2026-07-09 23:59:59.999,29924865.301,102159,18717128.9,15525791.0372,0,2026-07-09,45.68527918781726,0.8657,0.04565788106260887,-0.8695103468678499,-0.0012091898428052694,-0.0012099215027131982
2026-07-10,0.825,0.895,0.82,0.877,84855734.3,2026-07-10 23:59:59.999,73665263.195,201432,43913074.2,38112837.6876,0,2026-07-10,55.04201680672269,0.86115,0.03897134572141071,0.40670907577338544,0.06174334140435844,0.05991221885120506
2026-07-11,0.877,0.887,0.849,0.854,40895577.8,2026-07-11 23:59:59.999,35811279.0104,116873,20525667.3,17989469.7765,0,2026-07-11,58.74439461883409,0.85685,0.034274856488942136,-0.08315133284130585,-0.026225769669327326,-0.026575798583613253
2026-07-12,0.853,0.859,0.832,0.843,37354471.4,2026-07-12 23:59:59.999,31633600.8166,111924,18320085.2,15524329.8108,0,2026-07-12,56.956521739130416,0.85225,0.02900249531860752,-0.3189380740651421,-0.012880562060889944,-0.012964235786714422
2026-07-13,0.843,0.859,0.824,0.835,45202871.1,2026-07-13 23:59:59.999,37714341.3925,130638,20822353.4,17369987.5761,0,2026-07-13,52.017937219730946,0.8484999999999999,0.02581615157365928,-0.522928445065928,-0.009489916963226541,-0.009535233150999944
2026-07-14,0.836,0.86,0.827,0.851,47305569.9,2026-07-14 23:59:59.999,40007369.3466,129005,23781902.6,20117002.8261,0,2026-07-14,56.17021276595745,0.84665,0.024105633715190578,0.1804557412344127,0.01916167664670665,0.018980403722518715
2026-07-15,0.851,0.868,0.837,0.847,47717223.8,2026-07-15 23:59:59.999,40681203.7857,130761,22788310.4,19436814.4155,0,2026-07-15,54.27350427350427,0.8468500000000001,0.02409034525916298,0.006226560822859881,-0.004700352526439522,-0.004711433921319781
2026-07-16,0.847,0.873,0.826,0.859,54932281.1,2026-07-16 23:59:59.999,46549691.2619,150491,26800595.5,22724674.8293,0,2026-07-16,53.879310344827594,0.8471499999999998,0.02420803472469423,0.4895068986294927,0.01416765053128688,0.014068227332200962
2026-07-17,0.858,0.87,0.833,0.848,64346516.8,2026-07-17 23:59:59.999,54792101.6882,161828,31568027.2,26880642.7512,0,2026-07-17,41.87192118226601,0.8488000000000001,0.02299565171643617,-0.03478918579325729,-0.012805587892898762,-0.012888286192352343
2026-07-18,0.849,0.853,0.829,0.838,29321408.5,2026-07-18 23:59:59.999,24584469.3542,102437,14620630.6,12262032.2076,0,2026-07-18,39.04761904761905,0.85015,0.021396691775045718,-0.5678447924445102,-0.011792452830188704,-0.011862535309820057
2026-07-19,0.837,0.841,0.805,0.819,46947252.5,2026-07-19 23:59:59.999,38605700.7709,117575,22992904.4,18909618.1497,0,2026-07-19,36.12334801762114,0.8498000000000001,0.02186465539994635,-1.4086661525923585,-0.022673031026252954,-0.022934016629013586
2026-07-20,0.819,0.832,0.799,0.826,63076050.7,2026-07-20 23:59:59.999,51383964.7567,164811,30129651.7,24546483.003,0,2026-07-20,37.229437229437224,0.8499999999999999,0.021613835675338023,-1.1103998550051237,0.008547008547008517,0.00851068966790861
2026-07-21,0.827,0.868,0.824,0.8466,58437495.7,2026-07-21 23:59:59.999,49803966.6466476,299386,28805463.0,24543971.5000276,0,2026-07-21,49.215143120960306,0.8509800000000001,0.020950256824716944,-0.20906664947575065,0.02493946731234864,0.024633554565845227
2026-07-22,0.8466,0.8578,0.8285,0.835,42704347.4,2026-07-22 23:59:59.999,36000323.1408861,227461,20583336.9,17357541.7136661,0,2026-07-22,51.94931773879143,0.85068,0.021142762802347427,-0.7416249307899873,-0.013701866288684195,-0.013796603235967885
2026-07-23,0.8351,0.8413,0.805,0.8145,41559054.3,2026-07-23 23:59:59.999,34059659.08583,251694,18614052.2,15254347.99119,0,2026-07-23,47.441032487761476,0.847355,0.021351555421472667,-1.5387637739477569,-0.024550898203592797,-0.024857296808755643
2026-07-24,0.8146,0.8193,0.7859,0.8084,42457434.2,2026-07-24 23:59:59.999,34111504.0057516,257232,20160550.6,16208299.13324,0,2026-07-24,30.923248053392683,0.8435749999999999,0.021214143072123312,-1.6580919568805,-0.007489257213014078,-0.007517442512633834
2026-07-25,0.8085,0.8245,0.8055,0.8131,36301170.8,2026-07-25 23:59:59.999,29592620.31541,204290,17934704.9,14620462.57889,0,2026-07-25,37.337461300309634,0.84013,0.020216775159835793,-1.3370084885595346,0.005813953488372103,0.005797117684325915
2026-07-26,0.8132,0.8315,0.8122,0.8275,32686089.3,2026-07-26 23:59:59.999,26893507.99998,184890,15910297.9,13090829.23202,0,2026-07-26,45.30018192844149,0.8372550000000001,0.01739105859100856,-0.5609204263760892,0.017709998770139013,0.017555004037426155
2026-07-27,0.8275,0.8276,0.7472,0.7584,77592109.8,2026-07-27 23:59:59.999,61367288.6802387,378953,37253584.5,29511684.33986,0,2026-07-27,33.053097345132755,0.8326749999999998,0.024476280095978607,-3.034570600955129,-0.08350453172205441,-0.08719815631040595
2026-07-28,0.7584,0.7716,0.7472,0.7606,55985725.4,2026-07-28 23:59:59.999,42569887.6023271,315331,27075338.2,20592005.04509,0,2026-07-28,28.699340245051886,0.829355,0.02931213998490363,-2.345615162707676,0.0029008438818567406,0.0028966445533474337
2026-07-29,0.7606,0.776,0.75,0.7632,48881699.4,2026-07-29 23:59:59.999,37220394.3449596,324863,23077218.1,17575296.25536,0,2026-07-29,30.12333965844404,0.826215,0.03284161789991412,-1.9187544350598156,0.00341835393110701,0.003412524639917477
2026-07-30,0.7632,0.7789,0.7602,0.7683,30154865.9,2026-07-30 23:59:59.999,23181944.01533,221583,14636040.5,11252778.51755,0,2026-07-30,27.75870524767045,0.8207800000000001,0.03298892314844956,-1.5908370141044321,0.006682389937106903,0.006660161739512465
2026-07-31,0.7682,0.7742,0.7424,0.7585,36349654.8,2026-07-31 23:59:59.999,27632639.7804074,236451,17538248.6,13337252.73099,0,2026-07-31,27.923038973852996,0.816005,0.03478984233136918,-1.6529249961029324,-0.012755434075231054,-0.012837483085002335
2026-08-01,0.7585,0.7842,0.7574,0.7807,37775214.7,2026-08-01 23:59:59.999,29120381.7563,238437,19155918.9,14765224.21435,0,2026-08-01,36.66821777570964,0.81289,0.03503380169237097,-0.9188269170059785,0.029268292682926855,0.028848154337658343
2026-08-02,0.7808,0.801,0.7794,0.7981,40990937.3,2026-08-02 23:59:59.999,32512166.53098,259023,20146050.9,15979024.18337,0,2026-08-02,45.1007969995312,0.811045,0.03477884222172258,-0.37220905507644075,0.02228769053413604,0.022042949755717953
2026-08-03,0.7982,0.8318,0.7868,0.8243,48256871.4,2026-08-03 23:59:59.999,39153326.851209,323482,23658602.2,19199569.894334,0,2026-08-03,49.63440860215055,0.8097100000000002,0.03365884411764704,0.4334670539785551,0.03282796642024799,0.03230063843721854
2026-08-04,0.8244,0.8473,0.8203,0.8334,16755547.4,2026-08-04 23:59:59.999,14006129.7128518,110888,8363535.7,6984412.3578918,0,2026-08-04,47.01357466063349,0.8090299999999999,0.03299669996209731,0.738558705203656,0.011039670023049952,0.01097917766917134
