timestamp,open,high,low,close,volume,quote_volume,trades
2026-07-05 07:30:00,1763.09,1766.31,1763.08,1765.92,1785.9923,3151939.853572,13862
2026-07-05 07:35:00,1765.91,1767.84,1765.91,1767.15,2383.7528,4212163.290526,16156
2026-07-05 07:40:00,1767.16,1768.61,1766.71,1767.68,2039.4532,3604782.258093,14685
2026-07-05 07:45:00,1767.68,1767.99,1766.07,1767.24,1907.6376,3370662.747412,10328
2026-07-05 07:50:00,1767.25,1770.22,1767.24,1769.72,2714.6484,4801466.798755,29564
2026-07-05 07:55:00,1769.73,1772.35,1769.28,1770.1,2528.5023,4476775.927896,17701
2026-07-05 08:00:00,1770.09,1773.27,1769.22,1769.89,2994.5449,5302912.068588,21132
2026-07-05 08:05:00,1769.88,1769.89,1767.99,1768.82,3175.2296,5616098.146112,21699
2026-07-05 08:10:00,1768.82,1769.66,1766.9,1769.17,2840.024,5022837.583804,19124
2026-07-05 08:15:00,1769.17,1770.43,1767.61,1768.33,3732.9896,6602651.945988,22756
2026-07-05 08:20:00,1768.32,1769.06,1767.96,1767.97,3820.9065,6757435.998656,21417
2026-07-05 08:25:00,1767.97,1767.97,1766.7,1767.48,1507.0482,2663673.24906,12829
2026-07-05 08:30:00,1767.49,1769.87,1767.48,1768.33,2923.734,5171880.712664,17426
2026-07-05 08:35:00,1768.33,1768.56,1766.46,1767.42,2494.6642,4410029.25498,20022
2026-07-05 08:40:00,1767.42,1768.2,1767.28,1767.78,3108.4956,5495323.791687,17393
2026-07-05 08:45:00,1767.78,1770.43,1767.77,1769.62,3548.525,6277456.666184,15753
2026-07-05 08:50:00,1769.63,1769.63,1766.81,1768.15,3671.7138,6491165.440187,18166
2026-07-05 08:55:00,1768.15,1768.59,1767.09,1767.71,3951.9384,6986885.955025,18545
2026-07-05 09:00:00,1767.72,1767.83,1766.22,1766.22,4125.2434,7288604.412371,20479
2026-07-05 09:05:00,1766.22,1767.7,1766.0,1767.69,3963.1462,7002564.372053,20806
2026-07-05 09:10:00,1767.7,1767.7,1765.63,1766.27,4312.8452,7618869.190575,23894
2026-07-05 09:15:00,1766.27,1767.31,1766.08,1766.75,3459.8833,6111899.805364,26355
2026-07-05 09:20:00,1766.76,1767.0,1762.52,1763.06,6341.3719,11186720.948929,51413
2026-07-05 09:25:00,1763.06,1763.78,1761.01,1761.19,21093.0408,37172311.453035,59469
2026-07-05 09:30:00,1761.2,1762.75,1760.1,1760.6,18062.3623,31815610.831038,64024
2026-07-05 09:35:00,1760.6,1762.36,1753.29,1754.26,12289.8799,21624558.174134,62902
2026-07-05 09:40:00,1754.27,1756.55,1748.79,1752.58,14155.1992,24811987.028795,63211
2026-07-05 09:45:00,1752.58,1755.08,1750.31,1753.91,18558.2296,32544290.205843,59647
2026-07-05 09:50:00,1753.91,1756.69,1753.57,1756.25,17334.928,30428207.72489,53053
2026-07-05 09:55:00,1756.25,1758.78,1756.24,1757.98,4713.5629,8285061.329816,20900
2026-07-05 10:00:00,1757.99,1758.73,1755.03,1758.58,1088.3944,1911898.133566,7971
2026-07-05 10:05:00,1758.58,1759.53,1757.13,1758.53,542.938,954630.068091,6166
2026-07-05 10:10:00,1758.52,1760.79,1758.52,1759.2,346.1859,609225.668615,3833
2026-07-05 10:15:00,1759.2,1759.98,1757.61,1759.98,466.4516,820344.731636,2968
2026-07-05 10:20:00,1759.98,1761.96,1759.97,1760.19,666.1651,1173119.606445,3061
2026-07-05 10:25:00,1760.18,1760.18,1758.69,1758.88,343.4114,604260.173731,2757
2026-07-05 10:30:00,1758.88,1760.55,1758.54,1758.97,256.2414,450767.994836,2871
2026-07-05 10:35:00,1758.96,1760.48,1758.96,1759.47,293.8548,517101.338275,1941
2026-07-05 10:40:00,1759.47,1759.94,1758.97,1759.32,223.9904,394072.938421,1968
2026-07-05 10:45:00,1759.32,1760.97,1759.31,1760.75,287.8805,506780.102116,2326
2026-07-05 10:50:00,1760.75,1761.32,1760.17,1761.11,229.3688,403833.615763,2377
2026-07-05 10:55:00,1761.11,1761.75,1760.77,1761.39,308.6307,543582.169245,2744
2026-07-05 11:00:00,1761.39,1765.0,1761.39,1761.78,820.5996,1446893.833706,8286
2026-07-05 11:05:00,1761.78,1763.45,1761.78,1763.44,106.8936,188440.432532,1287
2026-07-05 11:10:00,1763.45,1764.55,1762.97,1763.91,403.2658,711252.510904,3644
2026-07-05 11:15:00,1763.9,1763.9,1761.57,1762.39,225.2764,397028.191984,3618
2026-07-05 11:20:00,1762.39,1762.96,1759.09,1759.58,610.0598,1074302.6436,4204
2026-07-05 11:25:00,1759.58,1760.03,1758.92,1759.23,264.4975,465426.769046,2526
2026-07-05 11:30:00,1759.23,1762.0,1758.7,1761.49,668.7989,1177644.441135,3081
2026-07-05 11:35:00,1761.49,1762.46,1761.49,1761.98,257.4819,453668.6744,2266
2026-07-05 11:40:00,1761.98,1761.98,1760.98,1761.69,214.986,378681.655223,1609
2026-07-05 11:45:00,1761.69,1762.93,1760.6,1760.6,592.4768,1043393.471316,3811
2026-07-05 11:50:00,1760.61,1761.39,1759.61,1760.01,246.834,434579.128725,2455
2026-07-05 11:55:00,1760.01,1760.73,1759.51,1760.08,354.2713,623604.056573,2098
2026-07-05 12:00:00,1760.08,1760.08,1756.03,1757.24,821.5668,1444906.926564,5967
2026-07-05 12:05:00,1757.25,1759.23,1757.0,1758.27,424.7371,746666.204065,2156
2026-07-05 12:10:00,1758.26,1760.18,1758.26,1760.02,169.2969,297845.074751,1424
2026-07-05 12:15:00,1760.02,1762.74,1760.02,1761.56,553.0551,974266.007697,3375
2026-07-05 12:20:00,1761.56,1765.0,1761.3,1764.91,700.9703,1236719.876232,3244
2026-07-05 12:25:00,1764.91,1766.87,1764.21,1766.16,584.5986,1032038.406769,3907
2026-07-05 12:30:00,1766.15,1769.44,1763.88,1764.52,745.7021,1317646.60472,6590
2026-07-05 12:35:00,1764.53,1766.73,1764.53,1765.22,167.2848,295380.742381,6427
2026-07-05 12:40:00,1765.22,1765.22,1764.08,1764.57,113.556,200369.275838,2831
2026-07-05 12:45:00,1764.58,1766.01,1764.57,1765.81,226.8585,400532.492788,2779
2026-07-05 12:50:00,1765.8,1765.8,1764.14,1765.35,138.7091,244810.952894,3625
2026-07-05 12:55:00,1765.35,1765.36,1764.46,1765.12,103.1171,182002.912164,1864
2026-07-05 13:00:00,1765.12,1765.61,1763.16,1764.95,287.4149,507047.052834,6000
2026-07-05 13:05:00,1764.96,1767.55,1764.7,1765.95,239.7156,423362.461931,6998
2026-07-05 13:10:00,1765.94,1766.35,1765.22,1765.22,139.5209,246372.315968,3452
2026-07-05 13:15:00,1765.22,1765.62,1763.98,1765.52,130.6829,230669.998391,3929
2026-07-05 13:20:00,1765.53,1766.06,1764.54,1764.87,319.7679,564512.626831,4690
2026-07-05 13:25:00,1764.87,1765.22,1761.51,1763.53,370.0562,652651.876465,6912
2026-07-05 13:30:00,1763.54,1764.12,1762.85,1763.2,340.5513,600612.430433,3861
2026-07-05 13:35:00,1763.21,1763.81,1762.75,1763.55,112.9833,199227.04029,2445
2026-07-05 13:40:00,1763.56,1765.14,1763.55,1765.12,93.5307,165043.34158,1615
2026-07-05 13:45:00,1765.13,1767.08,1765.13,1766.24,452.4778,799204.933193,6198
2026-07-05 13:50:00,1766.25,1766.36,1765.32,1766.19,209.025,369126.996119,3793
2026-07-05 13:55:00,1766.2,1766.26,1765.37,1766.26,250.9934,443242.435855,2030
2026-07-05 14:00:00,1766.25,1767.96,1764.96,1765.89,351.6587,621194.579719,8332
2026-07-05 14:05:00,1765.89,1767.62,1765.88,1767.14,222.2337,392700.06127,5003
2026-07-05 14:10:00,1767.14,1768.75,1766.7,1767.66,344.1385,608313.08878,5335
2026-07-05 14:15:00,1767.66,1767.99,1765.24,1765.37,235.5979,416272.148672,5208
2026-07-05 14:20:00,1765.37,1767.07,1765.2,1766.96,291.507,514810.548897,4204
2026-07-05 14:25:00,1766.97,1767.44,1766.7,1767.43,160.2935,283269.262371,3100
2026-07-05 14:30:00,1767.43,1767.77,1765.25,1765.26,315.7969,557829.809637,4723
2026-07-05 14:35:00,1765.26,1769.12,1765.0,1769.08,466.0356,823519.802761,4541
2026-07-05 14:40:00,1769.08,1771.44,1767.78,1768.79,637.6677,1128335.247186,6764
2026-07-05 14:45:00,1768.79,1769.16,1767.22,1767.86,129.3206,228650.937461,3541
2026-07-05 14:50:00,1767.86,1768.57,1767.37,1768.57,163.9564,289899.69896,2731
2026-07-05 14:55:00,1768.57,1772.77,1768.56,1772.56,521.3236,923289.623143,5024
2026-07-05 15:00:00,1772.56,1781.28,1771.22,1777.15,2125.2228,3778235.991603,18610
2026-07-05 15:05:00,1777.14,1779.5,1775.41,1776.29,1021.5338,1815375.51467,16486
2026-07-05 15:10:00,1776.3,1776.3,1773.94,1774.5,680.3037,1207436.161765,7088
2026-07-05 15:15:00,1774.5,1775.59,1773.36,1774.7,738.9622,1311331.022256,7451
2026-07-05 15:20:00,1774.7,1775.89,1772.57,1773.1,543.2474,963821.129531,10169
2026-07-05 15:25:00,1773.1,1775.54,1773.1,1774.69,239.0393,424194.822422,5442
2026-07-05 15:30:00,1774.69,1777.57,1774.68,1776.31,170.5331,302927.665195,6053
2026-07-05 15:35:00,1776.31,1778.94,1773.83,1774.79,380.1266,675347.453185,9164
2026-07-05 15:40:00,1774.8,1775.32,1770.28,1771.46,537.1887,952013.528474,8557
2026-07-05 15:45:00,1771.46,1773.06,1770.11,1772.73,239.6801,424676.83501,5780
2026-07-05 15:50:00,1772.74,1775.06,1772.73,1774.0,1475.7618,2617682.761397,4236
2026-07-05 15:55:00,1774.01,1776.06,1774.0,1774.67,310.6851,551420.613541,3276
2026-07-05 16:00:00,1774.66,1777.5,1774.15,1774.97,433.6258,770046.811292,5168
2026-07-05 16:05:00,1774.98,1776.74,1773.29,1773.3,535.6009,950535.512118,6293
2026-07-05 16:10:00,1773.29,1775.62,1773.29,1774.01,183.4504,325601.989341,3611
2026-07-05 16:15:00,1774.01,1774.5,1773.03,1773.97,170.3907,302232.45553,3266
2026-07-05 16:20:00,1773.97,1773.98,1772.0,1773.91,210.7923,373774.034758,3237
2026-07-05 16:25:00,1773.9,1773.91,1770.97,1771.3,314.2006,556944.30526,3338
2026-07-05 16:30:00,1771.29,1773.49,1770.65,1773.29,426.6675,755981.61985,3666
2026-07-05 16:35:00,1773.29,1773.49,1771.31,1771.32,310.2876,550027.441969,3716
2026-07-05 16:40:00,1771.31,1771.73,1770.31,1770.98,171.4103,303588.824789,2494
2026-07-05 16:45:00,1770.97,1772.35,1770.76,1771.42,780.5986,1382951.924279,3329
2026-07-05 16:50:00,1771.41,1772.47,1770.46,1772.35,647.2198,1146823.526676,2759
2026-07-05 16:55:00,1772.36,1773.6,1772.18,1773.0,293.7324,520750.750737,3499
2026-07-05 17:00:00,1773.0,1776.65,1772.99,1776.65,432.3704,767305.818354,4316
2026-07-05 17:05:00,1776.65,1777.12,1775.74,1776.58,334.5541,594345.827299,4230
2026-07-05 17:10:00,1776.59,1777.24,1775.77,1776.62,254.9235,452919.686692,2774
2026-07-05 17:15:00,1776.62,1778.16,1776.14,1776.66,132.8067,235988.634792,3346
2026-07-05 17:20:00,1776.67,1785.75,1775.88,1784.74,2132.5956,3801052.593694,19374
2026-07-05 17:25:00,1784.74,1784.74,1778.85,1778.91,886.5381,1578988.050855,12303
2026-07-05 17:30:00,1778.91,1781.03,1777.73,1780.11,665.6999,1184833.77834,11065
2026-07-05 17:35:00,1780.11,1782.7,1779.42,1781.92,623.2787,1110500.84453,6029
2026-07-05 17:40:00,1781.93,1782.0,1776.36,1776.67,573.9746,1021839.283912,8174
2026-07-05 17:45:00,1776.67,1780.81,1776.5,1780.08,303.9482,540554.059775,6941
2026-07-05 17:50:00,1780.08,1780.08,1777.69,1778.18,237.7847,422941.346336,4524
2026-07-05 17:55:00,1778.18,1780.09,1778.16,1779.48,229.3695,408090.527726,4485
2026-07-05 18:00:00,1779.47,1780.29,1779.01,1779.92,266.6173,474446.526222,4713
2026-07-05 18:05:00,1779.92,1781.64,1778.66,1779.55,315.4951,561677.961787,5669
2026-07-05 18:10:00,1779.55,1780.13,1777.8,1778.55,297.742,529675.021223,3469
2026-07-05 18:15:00,1778.55,1780.3,1778.55,1779.36,163.8889,291634.729648,4840
2026-07-05 18:20:00,1779.35,1779.83,1778.93,1779.5,109.6988,195203.988453,3384
2026-07-05 18:25:00,1779.5,1781.2,1779.48,1779.67,382.8182,681699.159847,3384
2026-07-05 18:30:00,1779.68,1780.63,1779.12,1779.63,365.6037,650658.217029,3569
2026-07-05 18:35:00,1779.63,1781.73,1778.74,1781.32,134.7906,239907.050075,2991
2026-07-05 18:40:00,1781.32,1781.49,1780.61,1780.96,274.4067,488665.969147,2846
2026-07-05 18:45:00,1780.97,1782.0,1779.74,1781.99,235.6427,419617.408998,2672
2026-07-05 18:50:00,1782.0,1786.23,1781.05,1784.4,839.8113,1498574.488076,7881
2026-07-05 18:55:00,1784.4,1784.41,1780.73,1781.28,653.8022,1165295.999761,4081
2026-07-05 19:00:00,1781.28,1784.12,1780.46,1783.33,311.4681,555077.557025,4895
2026-07-05 19:05:00,1783.33,1783.87,1781.99,1782.58,144.5458,257678.287631,4038
2026-07-05 19:10:00,1782.58,1784.23,1782.28,1783.45,88.7861,158356.787786,1916
2026-07-05 19:15:00,1783.45,1784.52,1782.59,1783.27,137.9049,245978.908938,4169
2026-07-05 19:20:00,1783.26,1783.34,1780.57,1781.15,339.2866,604425.776233,4269
2026-07-05 19:25:00,1781.15,1781.51,1777.7,1780.1,574.9163,1023037.357785,6565
2026-07-05 19:30:00,1780.09,1782.51,1779.38,1781.58,184.928,329420.571994,3982
2026-07-05 19:35:00,1781.57,1781.9,1780.6,1781.4,403.0492,717950.093451,3069
2026-07-05 19:40:00,1781.4,1782.1,1780.72,1782.07,315.1121,561344.753399,3131
2026-07-05 19:45:00,1782.08,1782.88,1781.39,1781.64,150.4851,268187.498379,4535
2026-07-05 19:50:00,1781.64,1781.64,1780.57,1780.69,82.646,147201.363147,1926
2026-07-05 19:55:00,1780.7,1781.44,1780.31,1781.43,144.2734,256935.841189,1236
2026-07-05 20:00:00,1781.44,1781.94,1780.33,1780.39,191.4178,340947.962801,2953
2026-07-05 20:05:00,1780.39,1783.53,1780.25,1782.47,161.7956,288345.487135,2981
2026-07-05 20:10:00,1782.47,1783.26,1780.64,1781.03,215.9579,384759.081824,3232
2026-07-05 20:15:00,1781.02,1781.51,1777.75,1777.87,277.5017,493894.078063,3927
2026-07-05 20:20:00,1777.87,1779.69,1777.87,1778.96,157.8466,280822.631209,3171
2026-07-05 20:25:00,1778.95,1779.25,1776.36,1777.48,353.695,628552.871764,3013
2026-07-05 20:30:00,1777.49,1777.83,1776.4,1777.83,197.0118,350096.923252,3029
2026-07-05 20:35:00,1777.83,1777.91,1776.26,1776.81,73.7976,131148.445172,3151
2026-07-05 20:40:00,1776.8,1777.69,1776.64,1777.69,76.1651,135340.81179,1999
2026-07-05 20:45:00,1777.7,1778.2,1777.65,1777.77,42.1673,74968.143872,1283
2026-07-05 20:50:00,1777.78,1777.98,1777.16,1777.17,69.4369,123438.12608,1265
2026-07-05 20:55:00,1777.16,1777.82,1777.1,1777.1,98.8472,175698.701603,2336
2026-07-05 21:00:00,1777.1,1777.27,1773.02,1773.64,670.9875,1190768.145261,9874
2026-07-05 21:05:00,1773.64,1773.9,1769.29,1770.2,1653.5218,2928305.390073,12716
2026-07-05 21:10:00,1770.2,1774.02,1770.2,1773.12,467.0178,827750.313656,6718
2026-07-05 21:15:00,1773.12,1780.12,1772.36,1779.73,766.5206,1361030.251435,5061
2026-07-05 21:20:00,1779.73,1782.96,1778.26,1778.75,879.7431,1566645.614615,9551
2026-07-05 21:25:00,1778.74,1780.83,1778.34,1780.71,244.0891,434409.391734,5660
2026-07-05 21:30:00,1780.71,1786.23,1780.71,1780.98,1049.2362,1871027.74728,12670
2026-07-05 21:35:00,1780.99,1781.22,1778.53,1780.55,587.242,1045273.054816,3541
2026-07-05 21:40:00,1780.56,1783.5,1780.07,1782.85,380.274,677419.138909,4695
2026-07-05 21:45:00,1782.85,1784.04,1781.54,1781.86,245.5763,437768.709138,3494
2026-07-05 21:50:00,1781.87,1783.75,1780.95,1783.25,846.243,1508074.004168,3322
2026-07-05 21:55:00,1783.25,1793.25,1783.24,1786.88,3012.8115,5391850.190329,16767
2026-07-05 22:00:00,1786.91,1790.88,1784.34,1787.21,835.5456,1492946.873764,12205
2026-07-05 22:05:00,1787.21,1789.74,1785.43,1788.11,478.6094,855636.356955,6352
2026-07-05 22:10:00,1788.1,1793.22,1787.81,1792.73,1063.4865,1904706.53481,8864
2026-07-05 22:15:00,1792.72,1798.17,1791.04,1794.57,1580.0541,2837238.13968,26798
2026-07-05 22:20:00,1794.58,1801.79,1793.25,1798.92,2548.4131,4584527.776733,28281
2026-07-05 22:25:00,1798.91,1804.0,1796.66,1801.59,3001.5377,5405171.565085,20929
2026-07-05 22:30:00,1801.6,1808.0,1796.48,1797.11,3878.9335,6997058.155474,31789
2026-07-05 22:35:00,1797.11,1797.11,1793.17,1794.88,1543.917,2771290.0082,14380
2026-07-05 22:40:00,1794.92,1795.17,1787.84,1789.72,1612.6762,2888403.038492,10665
2026-07-05 22:45:00,1789.73,1792.31,1786.44,1786.45,1626.6026,2911236.20094,10429
2026-07-05 22:50:00,1786.45,1789.01,1786.19,1788.4,664.7543,1188378.30912,5210
2026-07-05 22:55:00,1788.39,1790.0,1786.19,1790.0,923.0595,1650523.667594,6379
2026-07-05 23:00:00,1789.99,1793.11,1788.79,1793.02,886.3324,1587408.666685,8428
2026-07-05 23:05:00,1793.03,1796.44,1793.03,1794.83,785.9636,1410953.492323,7997
2026-07-05 23:10:00,1794.82,1801.25,1794.82,1801.08,1181.0701,2124495.485882,8558
2026-07-05 23:15:00,1801.08,1802.75,1797.17,1799.67,1243.9823,2238595.387593,19533
2026-07-05 23:20:00,1799.66,1799.99,1791.17,1791.25,852.2365,1530357.816008,18342
2026-07-05 23:25:00,1791.25,1794.58,1790.59,1791.89,517.8799,928508.348055,11377
2026-07-05 23:30:00,1791.89,1793.21,1790.23,1790.24,331.833,594539.734175,9464
2026-07-05 23:35:00,1790.23,1790.74,1788.19,1788.19,395.7427,708152.140582,9544
2026-07-05 23:40:00,1788.2,1790.94,1788.2,1789.54,389.1052,696387.49139,8723
2026-07-05 23:45:00,1789.54,1789.54,1783.74,1785.92,1779.8764,3180227.689758,19536
2026-07-05 23:50:00,1785.92,1785.92,1782.75,1783.84,547.5591,976918.087813,8236
2026-07-05 23:55:00,1783.85,1785.96,1783.53,1785.65,387.7346,691970.055476,4594
2026-07-06 00:00:00,1785.65,1787.86,1780.62,1787.47,1156.3166,2062815.554139,11502
2026-07-06 00:05:00,1787.48,1787.79,1781.95,1783.7,1119.6755,1998624.499651,7093
2026-07-06 00:10:00,1783.7,1786.62,1780.21,1786.61,551.2656,983515.548669,6467
2026-07-06 00:15:00,1786.61,1790.32,1782.91,1783.21,809.9341,1446951.596978,8460
2026-07-06 00:20:00,1783.22,1785.74,1781.58,1781.59,647.5251,1154675.36847,6398
2026-07-06 00:25:00,1781.59,1782.62,1776.27,1777.98,1277.8341,2272480.809535,12008
2026-07-06 00:30:00,1777.98,1780.4,1774.35,1780.4,1073.7623,1908224.391456,20328
2026-07-06 00:35:00,1780.39,1784.47,1779.31,1783.57,618.4051,1101943.249667,11883
2026-07-06 00:40:00,1783.57,1788.65,1783.43,1788.11,485.6666,867806.646912,9753
2026-07-06 00:45:00,1788.12,1793.02,1786.68,1788.83,1419.028,2540211.903666,12823
2026-07-06 00:50:00,1788.84,1791.87,1788.38,1789.59,554.687,993154.742808,6501
2026-07-06 00:55:00,1789.59,1794.13,1789.01,1793.28,498.7482,893647.132785,4874
2026-07-06 01:00:00,1793.27,1795.11,1791.16,1792.34,474.4466,850824.026824,8634
2026-07-06 01:05:00,1792.35,1795.28,1791.0,1794.53,567.334,1017256.515582,6984
2026-07-06 01:10:00,1794.52,1794.7,1791.16,1792.94,336.223,602755.125649,5566
2026-07-06 01:15:00,1792.95,1793.58,1790.76,1792.03,285.9834,512559.890776,6587
2026-07-06 01:20:00,1792.03,1793.41,1789.23,1789.36,389.1825,697161.664842,10537
2026-07-06 01:25:00,1789.36,1789.94,1786.09,1789.83,394.5195,705335.364633,12159
2026-07-06 01:30:00,1789.84,1797.77,1788.91,1797.19,1269.6245,2278818.906437,18129
2026-07-06 01:35:00,1797.19,1799.02,1793.38,1794.26,700.299,1258289.254787,11447
2026-07-06 01:40:00,1794.26,1795.21,1792.23,1792.23,208.737,374398.911078,4069
2026-07-06 01:45:00,1792.23,1792.23,1785.4,1787.11,566.4338,1013029.785183,7377
2026-07-06 01:50:00,1787.12,1787.5,1785.41,1786.91,246.2131,439827.295064,5605
2026-07-06 01:55:00,1786.91,1787.28,1785.41,1786.31,235.4509,420597.436195,4119
2026-07-06 02:00:00,1786.31,1788.68,1786.2,1787.08,423.9079,757710.379342,8678
2026-07-06 02:05:00,1787.07,1787.07,1781.64,1782.76,828.6747,1478042.708271,12122
2026-07-06 02:10:00,1782.75,1782.88,1780.87,1782.0,378.2163,673878.934417,7663
2026-07-06 02:15:00,1782.0,1784.38,1781.81,1783.69,791.5596,1411299.319298,5840
2026-07-06 02:20:00,1783.69,1790.28,1783.68,1787.99,720.0831,1287135.549973,6759
2026-07-06 02:25:00,1787.99,1788.39,1784.99,1785.0,272.9091,487699.212473,5108
2026-07-06 02:30:00,1785.0,1788.05,1783.49,1784.74,394.4317,704224.522703,7670
2026-07-06 02:35:00,1784.75,1786.47,1783.24,1784.07,298.3745,532517.096296,4383
2026-07-06 02:40:00,1784.06,1784.06,1780.08,1780.98,666.8744,1188178.695137,6577
2026-07-06 02:45:00,1780.99,1783.97,1780.99,1781.7,464.4728,827706.002555,4600
2026-07-06 02:50:00,1781.69,1784.16,1779.26,1783.7,719.5317,1281218.498344,4975
2026-07-06 02:55:00,1783.69,1784.56,1781.47,1783.71,351.4394,626602.305723,4517
2026-07-06 03:00:00,1783.71,1784.99,1783.0,1784.48,550.9284,982836.675671,4680
2026-07-06 03:05:00,1784.48,1784.8,1782.31,1783.17,256.1015,456725.025165,4703
2026-07-06 03:10:00,1783.17,1784.75,1781.5,1782.42,257.8538,459826.640421,3722
2026-07-06 03:15:00,1782.42,1783.18,1781.0,1781.46,254.191,453013.355753,4016
2026-07-06 03:20:00,1781.46,1782.0,1774.64,1776.69,1668.1463,2966296.2254,11664
2026-07-06 03:25:00,1776.69,1778.82,1776.12,1777.57,520.0158,924238.745685,5956
2026-07-06 03:30:00,1777.57,1777.98,1772.22,1775.9,1207.9058,2143436.888859,10794
2026-07-06 03:35:00,1775.91,1780.28,1775.66,1778.57,724.5875,1288949.719124,7981
2026-07-06 03:40:00,1778.57,1778.67,1775.87,1776.4,274.9447,488717.962288,7189
2026-07-06 03:45:00,1776.39,1778.4,1776.02,1777.89,290.6487,516553.035946,8557
2026-07-06 03:50:00,1777.88,1778.12,1776.46,1777.37,284.8898,506342.650928,6549
2026-07-06 03:55:00,1777.37,1779.87,1776.76,1779.71,359.3748,639012.139547,4365
2026-07-06 04:00:00,1779.7,1781.92,1778.77,1781.69,675.8111,1203033.504336,6796
2026-07-06 04:05:00,1781.7,1782.39,1777.34,1777.34,305.3036,543420.522552,6607
2026-07-06 04:10:00,1777.34,1781.34,1777.34,1781.0,272.3162,484769.258985,3122
2026-07-06 04:15:00,1781.0,1781.71,1779.93,1781.41,424.4967,755947.237998,4961
2026-07-06 04:20:00,1781.41,1782.46,1779.32,1779.32,1678.391,2989693.194973,5240
2026-07-06 04:25:00,1779.32,1779.32,1776.47,1778.16,434.5065,772356.268366,5851
2026-07-06 04:30:00,1778.15,1779.99,1776.34,1778.46,303.0799,538926.370465,5669
2026-07-06 04:35:00,1778.45,1781.68,1777.97,1781.48,245.9556,437692.279051,3400
2026-07-06 04:40:00,1781.47,1784.79,1781.2,1782.54,971.935,1733240.943343,6314
2026-07-06 04:45:00,1782.55,1782.95,1781.26,1781.69,2459.2172,4381889.983023,4000
2026-07-06 04:50:00,1781.69,1782.54,1780.66,1780.88,632.4862,1126759.273835,6628
2026-07-06 04:55:00,1780.88,1780.97,1777.04,1777.98,706.2627,1256750.441583,6226
2026-07-06 05:00:00,1777.98,1778.18,1775.61,1775.69,421.5825,749219.841012,9894
2026-07-06 05:05:00,1775.69,1776.76,1773.54,1774.84,485.9642,862673.637534,9702
2026-07-06 05:10:00,1774.84,1777.19,1774.84,1775.64,219.8902,390619.06996,3574
2026-07-06 05:15:00,1775.64,1776.55,1773.44,1776.04,370.0121,656843.626176,6173
2026-07-06 05:20:00,1776.05,1776.36,1773.36,1774.47,379.9142,674089.325806,4024
2026-07-06 05:25:00,1774.48,1774.48,1766.48,1767.61,2423.617,4289475.390367,13744
2026-07-06 05:30:00,1767.61,1770.13,1764.42,1768.54,1456.0069,2573604.016108,12872
2026-07-06 05:35:00,1768.54,1774.34,1768.53,1772.76,626.4335,1110069.769768,6002
2026-07-06 05:40:00,1772.76,1774.31,1772.39,1772.4,358.3398,635534.024791,3825
2026-07-06 05:45:00,1772.39,1773.38,1771.83,1773.37,604.8644,1072109.385285,3718
2026-07-06 05:50:00,1773.38,1775.72,1772.23,1775.53,361.1255,640554.408891,5550
2026-07-06 05:55:00,1775.54,1776.11,1774.06,1774.06,169.4957,300869.749867,3329
2026-07-06 06:00:00,1774.06,1775.28,1772.81,1774.17,226.692,402167.577669,8183
2026-07-06 06:05:00,1774.16,1774.21,1771.37,1773.38,430.3271,762884.916729,7122
2026-07-06 06:10:00,1773.38,1773.59,1772.32,1773.46,381.04,675531.196563,3771
2026-07-06 06:15:00,1773.46,1774.56,1771.2,1771.8,354.587,628677.523489,6501
2026-07-06 06:20:00,1771.79,1772.15,1770.05,1772.03,419.1266,742462.979732,4178
2026-07-06 06:25:00,1772.04,1772.65,1771.26,1772.64,220.7898,391216.422564,2880
2026-07-06 06:30:00,1772.64,1772.8,1770.01,1770.22,228.2691,404411.905169,4076
2026-07-06 06:35:00,1770.22,1773.47,1770.22,1772.84,289.1881,512559.353446,2967
2026-07-06 06:40:00,1772.85,1774.44,1772.85,1774.44,222.9506,395484.843021,2530
2026-07-06 06:45:00,1774.45,1774.77,1771.91,1772.34,448.3811,794977.836279,2619
2026-07-06 06:50:00,1772.34,1772.75,1769.38,1769.49,377.458,668506.870339,2899
2026-07-06 06:55:00,1769.49,1770.28,1769.23,1769.63,382.0546,676073.154609,2036
2026-07-06 07:00:00,1769.64,1769.64,1766.98,1767.97,534.9164,945749.215847,4846
2026-07-06 07:05:00,1767.98,1771.56,1767.97,1770.58,374.4751,662872.822253,4618
2026-07-06 07:10:00,1770.58,1770.91,1769.07,1770.53,381.601,675408.803369,5507
2026-07-06 07:15:00,1770.53,1771.0,1769.75,1770.75,917.7976,1624945.290062,4579
2026-07-06 07:20:00,1770.75,1773.39,1770.75,1771.93,437.7835,775713.304464,7736
2026-07-06 07:25:00,1771.93,1773.1,1770.85,1770.86,537.8043,953279.136886,4111
2026-07-06 07:30:00,1770.86,1771.69,1768.53,1771.25,811.6372,1436676.523915,7526
2026-07-06 07:35:00,1771.24,1774.42,1771.03,1773.44,578.1245,1024896.877954,7976
2026-07-06 07:40:00,1773.44,1775.0,1772.93,1775.0,318.9594,565938.557819,4490
2026-07-06 07:45:00,1774.99,1775.54,1773.63,1774.34,211.6878,375591.879381,2544
2026-07-06 07:50:00,1774.34,1774.34,1772.32,1772.57,304.5118,539848.358054,2188
2026-07-06 07:55:00,1772.56,1773.33,1772.25,1772.32,526.6863,933613.034892,2051
2026-07-06 08:00:00,1772.32,1775.66,1772.31,1775.59,575.1752,1020453.411714,4933
2026-07-06 08:05:00,1775.59,1778.6,1774.99,1775.0,560.3983,995676.081578,4835
2026-07-06 08:10:00,1774.99,1774.99,1772.04,1773.19,759.8552,1347286.325257,6401
2026-07-06 08:15:00,1773.19,1773.63,1770.97,1772.69,330.1127,585012.746298,7714
2026-07-06 08:20:00,1772.69,1773.66,1771.22,1771.74,352.6064,625069.14896,4807
2026-07-06 08:25:00,1771.74,1772.19,1770.83,1772.16,382.7114,677916.425977,2524
2026-07-06 08:30:00,1772.16,1772.16,1766.99,1767.0,716.7982,1268118.026905,7559
2026-07-06 08:35:00,1767.0,1767.55,1763.08,1765.01,1570.4458,2771845.956112,19328
2026-07-06 08:40:00,1765.02,1767.3,1764.76,1766.47,392.0551,692562.517375,5638
2026-07-06 08:45:00,1766.47,1767.63,1765.26,1766.31,947.5729,1673439.936925,6476
2026-07-06 08:50:00,1766.31,1766.82,1765.18,1765.43,540.2116,953988.314676,4721
2026-07-06 08:55:00,1765.43,1766.08,1765.0,1765.55,452.3362,798672.7371,3266
2026-07-06 09:00:00,1765.54,1766.3,1764.99,1765.01,641.3122,1132324.684385,4842
2026-07-06 09:05:00,1765.01,1765.49,1764.21,1764.21,258.4471,456062.491038,3460
2026-07-06 09:10:00,1764.22,1764.22,1763.15,1763.48,337.1747,594697.996004,3265
2026-07-06 09:15:00,1763.48,1765.64,1763.26,1764.4,371.0843,654804.746585,3500
2026-07-06 09:20:00,1764.41,1764.62,1761.19,1763.03,961.0792,1693856.671951,8335
2026-07-06 09:25:00,1763.04,1763.04,1760.66,1762.44,466.3945,821836.061956,3918
2026-07-06 09:30:00,1762.45,1762.61,1758.11,1758.11,1112.0361,1957017.100344,8402
2026-07-06 09:35:00,1758.11,1758.89,1756.0,1756.59,1318.6785,2317464.094335,6564
2026-07-06 09:40:00,1756.6,1758.59,1756.05,1757.35,623.9557,1096663.474165,4262
2026-07-06 09:45:00,1757.34,1757.35,1755.77,1756.24,853.7589,1499359.889849,4820
2026-07-06 09:50:00,1756.25,1759.38,1756.25,1759.1,1292.2673,2272299.532793,4215
2026-07-06 09:55:00,1759.11,1760.19,1758.27,1758.67,778.0432,1368733.865056,3681
2026-07-06 10:00:00,1758.67,1763.2,1758.24,1763.0,1828.5983,3220459.586048,9638
2026-07-06 10:05:00,1763.0,1766.86,1762.44,1765.61,1369.0829,2416398.068405,12165
2026-07-06 10:10:00,1765.62,1766.64,1765.37,1766.14,460.6933,813568.620111,4543
2026-07-06 10:15:00,1766.14,1767.64,1765.61,1766.4,874.5474,1545127.853439,6820
2026-07-06 10:20:00,1766.41,1768.0,1766.12,1767.18,635.9443,1123819.196914,3985
2026-07-06 10:25:00,1767.17,1767.82,1766.97,1767.08,417.5599,737953.331385,2309
2026-07-06 10:30:00,1767.08,1771.38,1766.53,1769.93,798.1271,1412068.486169,5265
2026-07-06 10:35:00,1769.93,1774.32,1769.32,1773.89,921.8018,1632785.691734,6170
2026-07-06 10:40:00,1773.89,1774.06,1770.92,1772.76,627.0896,1111459.415741,6615
2026-07-06 10:45:00,1772.77,1772.84,1770.64,1770.73,403.1857,714223.207929,5415
2026-07-06 10:50:00,1770.73,1771.88,1769.45,1769.78,703.2701,1245315.903067,7762
2026-07-06 10:55:00,1769.77,1771.09,1769.7,1771.09,242.2218,428763.220284,2816
2026-07-06 11:00:00,1771.1,1773.5,1770.8,1771.0,424.0889,751495.629842,7825
2026-07-06 11:05:00,1770.99,1771.0,1768.03,1768.04,1031.4463,1824775.782715,4402
2026-07-06 11:10:00,1768.05,1768.75,1768.02,1768.52,333.4222,589607.691143,3485
2026-07-06 11:15:00,1768.51,1770.0,1767.67,1770.0,195.0627,344932.856383,3779
2026-07-06 11:20:00,1770.0,1771.87,1769.37,1769.55,253.188,448171.890936,4118
2026-07-06 11:25:00,1769.56,1770.43,1769.24,1769.39,197.783,350049.201888,2617
2026-07-06 11:30:00,1769.39,1775.17,1768.91,1774.09,615.2796,1091064.482451,5857
2026-07-06 11:35:00,1774.09,1775.65,1771.12,1771.66,400.233,709901.514116,4795
2026-07-06 11:40:00,1771.67,1773.33,1771.5,1773.0,257.8963,457062.63063,3586
2026-07-06 11:45:00,1773.0,1774.06,1772.0,1772.54,310.7761,551005.038714,2795
2026-07-06 11:50:00,1772.54,1773.0,1771.98,1772.41,353.9574,627419.748208,2420
2026-07-06 11:55:00,1772.41,1773.83,1759.59,1759.64,3088.7645,5453099.358324,12726
2026-07-06 12:00:00,1759.64,1760.92,1738.76,1740.19,10670.0217,18666529.130776,89404
2026-07-06 12:05:00,1740.19,1744.41,1735.59,1742.61,9497.2693,16515927.63802,50099
2026-07-06 12:10:00,1742.62,1752.34,1742.01,1747.75,3002.9016,5248743.327977,26319
2026-07-06 12:15:00,1747.76,1752.77,1746.22,1750.65,1529.6025,2676870.614696,14332
2026-07-06 12:20:00,1750.65,1751.82,1746.6,1749.63,1462.4967,2557216.722759,13928
2026-07-06 12:25:00,1749.64,1751.11,1747.1,1749.99,1796.4073,3141218.875208,14283
2026-07-06 12:30:00,1749.99,1752.53,1748.73,1752.41,905.5287,1585650.409595,12605
2026-07-06 12:35:00,1752.42,1752.55,1748.74,1748.8,396.014,693258.749156,5879
2026-07-06 12:40:00,1748.79,1749.12,1739.09,1740.65,1843.3755,3212343.59423,17740
2026-07-06 12:45:00,1740.64,1740.78,1735.27,1739.5,2810.8668,4886295.502742,22083
2026-07-06 12:50:00,1739.5,1746.01,1739.5,1745.22,1219.1376,2124931.502954,10132
2026-07-06 12:55:00,1745.22,1746.0,1739.64,1740.85,1164.524,2029062.198113,7548
2026-07-06 13:00:00,1740.85,1741.85,1731.84,1733.51,3959.618,6873507.238377,28836
2026-07-06 13:05:00,1733.51,1738.37,1733.15,1738.0,1560.8245,2709041.701966,20805
2026-07-06 13:10:00,1738.0,1739.48,1735.06,1735.06,1212.1044,2106266.111339,8918
2026-07-06 13:15:00,1735.07,1738.06,1732.99,1735.64,1067.3948,1852522.409942,12015
2026-07-06 13:20:00,1735.65,1738.71,1733.61,1737.35,883.3804,1533867.092973,10199
2026-07-06 13:25:00,1737.35,1737.53,1732.16,1735.18,1226.3809,2127541.900636,11727
2026-07-06 13:30:00,1735.16,1742.92,1733.5,1740.48,2693.1086,4684879.586152,35399
2026-07-06 13:35:00,1740.48,1742.08,1728.95,1738.22,2615.7226,4536614.519014,26098
2026-07-06 13:40:00,1738.22,1745.0,1736.29,1744.74,2307.8171,4018152.218587,17173
2026-07-06 13:45:00,1744.74,1749.49,1741.98,1749.44,2197.7081,3838201.899007,22042
2026-07-06 13:50:00,1749.43,1753.54,1748.25,1749.83,2277.3976,3988588.067389,25866
2026-07-06 13:55:00,1749.83,1750.46,1744.88,1744.89,1441.9773,2520119.598356,9861
2026-07-06 14:00:00,1744.89,1749.59,1742.97,1745.6,946.2744,1652252.128244,13889
2026-07-06 14:05:00,1745.6,1747.65,1743.2,1746.71,563.9933,984068.704058,13216
2026-07-06 14:10:00,1746.72,1750.39,1744.14,1747.98,654.5451,1143758.954849,10370
2026-07-06 14:15:00,1747.98,1749.34,1743.27,1744.73,761.2412,1329526.705583,8686
2026-07-06 14:20:00,1744.74,1753.88,1742.1,1748.43,1617.8265,2826408.957949,15304
2026-07-06 14:25:00,1748.44,1763.14,1748.44,1751.77,4263.9511,7495334.066541,37098
2026-07-06 14:30:00,1751.77,1756.15,1751.16,1752.3,970.4019,1702158.598805,14619
2026-07-06 14:35:00,1752.3,1754.34,1749.45,1754.25,959.0238,1680889.886164,11903
2026-07-06 14:40:00,1754.25,1755.82,1751.93,1752.4,812.1936,1424387.027212,9942
2026-07-06 14:45:00,1752.41,1753.43,1748.18,1748.46,602.0276,1054232.848949,8957
2026-07-06 14:50:00,1748.47,1750.44,1745.55,1749.9,511.1575,893795.616454,8921
2026-07-06 14:55:00,1749.9,1751.79,1749.28,1751.78,330.4973,578497.030118,4750
2026-07-06 15:00:00,1751.79,1758.04,1751.56,1757.11,1628.856,2859096.558459,15300
2026-07-06 15:05:00,1757.12,1766.9,1756.26,1761.91,2143.9976,3775556.209609,29507
2026-07-06 15:10:00,1761.91,1764.03,1759.99,1763.49,1807.6456,3185736.078301,21272
2026-07-06 15:15:00,1763.49,1765.75,1760.29,1762.09,1684.4582,2969951.950041,13575
2026-07-06 15:20:00,1762.08,1763.15,1760.0,1760.62,893.9495,1574278.606536,8706
2026-07-06 15:25:00,1760.61,1766.65,1758.86,1765.75,1125.1635,1982335.739531,10969
2026-07-06 15:30:00,1765.74,1766.45,1762.05,1762.23,785.5243,1385828.099764,8961
2026-07-06 15:35:00,1762.23,1763.71,1759.72,1763.45,1290.4051,2273403.491681,8365
2026-07-06 15:40:00,1763.44,1782.0,1763.07,1777.73,6699.2317,11883157.964351,40734
2026-07-06 15:45:00,1777.76,1777.76,1771.39,1774.66,1951.4345,3463128.14631,31850
2026-07-06 15:50:00,1774.66,1787.8,1774.34,1785.95,6623.6362,11811382.906965,57902
2026-07-06 15:55:00,1785.94,1788.96,1784.41,1788.57,2813.4723,5027092.387662,30277
2026-07-06 16:00:00,1788.57,1789.73,1782.42,1786.3,4216.1885,7532163.249186,20073
2026-07-06 16:05:00,1786.31,1796.22,1784.97,1793.97,2894.0161,5184978.138026,31753
2026-07-06 16:10:00,1793.97,1804.0,1793.96,1800.41,6737.4883,12130946.240125,48559
2026-07-06 16:15:00,1800.41,1805.0,1796.67,1804.77,7681.155,13831721.185725,33291
2026-07-06 16:20:00,1804.76,1805.0,1791.32,1793.06,3609.0739,6490012.205709,30990
2026-07-06 16:25:00,1793.05,1793.05,1785.68,1788.01,3790.4122,6782081.303817,25206
2026-07-06 16:30:00,1788.0,1797.41,1787.5,1792.01,2082.9667,3733971.340082,14810
2026-07-06 16:35:00,1792.01,1796.66,1791.24,1793.01,1089.4526,1954088.876573,11544
2026-07-06 16:40:00,1793.01,1795.34,1792.16,1795.1,716.4197,1284934.253261,8778
2026-07-06 16:45:00,1795.1,1796.69,1792.8,1793.44,609.0991,1093157.076596,8569
2026-07-06 16:50:00,1793.45,1794.56,1792.2,1792.65,502.4685,900992.880072,9356
2026-07-06 16:55:00,1792.66,1792.68,1790.31,1792.51,1095.6507,1962594.61442,9099
2026-07-06 17:00:00,1792.5,1792.54,1789.28,1791.18,712.3933,1276000.675267,16807
2026-07-06 17:05:00,1791.18,1796.7,1790.73,1795.19,1610.47,2889804.450192,15457
2026-07-06 17:10:00,1795.2,1795.3,1790.66,1793.36,663.3005,1188969.799052,13787
2026-07-06 17:15:00,1793.37,1796.0,1793.37,1795.95,1725.4421,3096533.787368,9849
2026-07-06 17:20:00,1795.94,1798.0,1793.59,1796.28,1198.041,2151489.818393,12656
2026-07-06 17:25:00,1796.29,1800.4,1795.86,1796.02,878.857,1580711.959852,14463
2026-07-06 17:30:00,1796.03,1797.33,1793.23,1793.77,1627.5331,2922864.294764,18043
2026-07-06 17:35:00,1793.77,1793.77,1788.5,1791.19,1077.8449,1930091.417471,15792
2026-07-06 17:40:00,1791.19,1791.52,1788.02,1789.52,1159.5729,2075954.368523,9000
2026-07-06 17:45:00,1789.51,1791.2,1787.47,1790.0,883.8501,1581842.572298,7395
2026-07-06 17:50:00,1790.01,1793.13,1787.38,1788.24,1829.1288,3274587.398858,9350
2026-07-06 17:55:00,1788.25,1788.47,1787.3,1788.26,1591.9443,2846397.002146,4071
2026-07-06 18:00:00,1788.27,1790.55,1786.76,1790.18,883.8632,1580898.858408,6501
2026-07-06 18:05:00,1790.17,1791.05,1789.04,1789.86,519.7809,930346.133099,5508
2026-07-06 18:10:00,1789.87,1790.9,1788.3,1789.37,388.0317,694434.576979,3827
2026-07-06 18:15:00,1789.38,1792.18,1787.46,1789.37,364.8353,653039.391916,5144
2026-07-06 18:20:00,1789.37,1793.82,1789.37,1793.63,709.3098,1271422.952348,5975
2026-07-06 18:25:00,1793.62,1796.24,1791.42,1792.53,493.0455,884481.394598,7776
2026-07-06 18:30:00,1792.54,1792.96,1791.29,1791.33,372.3543,667338.488749,7405
2026-07-06 18:35:00,1791.32,1796.15,1790.77,1793.5,350.4938,628822.265381,5414
2026-07-06 18:40:00,1793.5,1794.9,1793.03,1794.04,476.0017,853990.966427,3979
2026-07-06 18:45:00,1794.03,1795.0,1792.99,1793.9,443.0693,794783.31674,5397
2026-07-06 18:50:00,1793.89,1795.66,1793.89,1794.59,353.2611,634043.261811,5515
2026-07-06 18:55:00,1794.6,1794.8,1792.2,1792.68,206.2125,369827.844742,5742
2026-07-06 19:00:00,1792.69,1793.78,1791.18,1791.54,315.2819,565138.469248,8067
2026-07-06 19:05:00,1791.53,1794.32,1791.53,1794.06,359.9768,645491.924107,7372
2026-07-06 19:10:00,1794.06,1795.62,1793.35,1795.28,341.6356,612985.875142,4690
2026-07-06 19:15:00,1795.28,1796.56,1794.06,1795.85,488.3718,876796.971804,7045
2026-07-06 19:20:00,1795.85,1798.46,1794.99,1798.34,614.6041,1104162.384973,6882
2026-07-06 19:25:00,1798.33,1798.8,1796.36,1797.0,283.7814,510096.673694,4514
2026-07-06 19:30:00,1797.0,1797.0,1793.15,1794.69,814.6088,1461929.441624,5256
2026-07-06 19:35:00,1794.7,1795.0,1793.94,1794.45,255.7641,458983.471093,3348
2026-07-06 19:40:00,1794.44,1796.58,1793.69,1795.96,169.9323,305099.944234,3215
2026-07-06 19:45:00,1795.96,1797.36,1795.01,1796.03,240.9947,432891.559105,3731
2026-07-06 19:50:00,1796.04,1796.04,1793.0,1795.5,408.3994,732946.287412,4332
2026-07-06 19:55:00,1795.51,1795.96,1792.01,1792.76,748.8633,1343877.677235,5105
2026-07-06 20:00:00,1792.76,1793.31,1788.01,1788.2,555.2919,994104.767316,7110
2026-07-06 20:05:00,1788.21,1789.96,1788.2,1788.73,175.2871,313626.059638,3087
2026-07-06 20:10:00,1788.74,1788.79,1787.26,1788.42,251.6802,450031.653731,2424
2026-07-06 20:15:00,1788.42,1789.44,1787.47,1787.81,164.1221,293508.05773,3179
2026-07-06 20:20:00,1787.81,1790.27,1787.76,1788.8,225.6651,403706.279006,3484
2026-07-06 20:25:00,1788.8,1791.38,1788.24,1791.29,171.4084,306829.732891,2841
2026-07-06 20:30:00,1791.29,1796.18,1790.97,1796.06,461.3345,827823.87133,5736
2026-07-06 20:35:00,1796.06,1796.06,1793.72,1793.99,871.5239,1563780.807481,2815
2026-07-06 20:40:00,1794.0,1794.79,1792.99,1793.23,188.085,337410.227623,2429
2026-07-06 20:45:00,1793.24,1793.52,1791.74,1793.52,195.5104,350501.523241,3386
2026-07-06 20:50:00,1793.53,1796.4,1793.0,1796.19,1172.3664,2103945.577,5084
2026-07-06 20:55:00,1796.19,1796.28,1792.86,1793.04,383.1505,687509.035754,3949
2026-07-06 21:00:00,1793.04,1794.35,1792.63,1793.53,323.5375,580256.882692,3306
2026-07-06 21:05:00,1793.53,1825.0,1793.52,1823.52,16199.8768,29376265.566,43261
2026-07-06 21:10:00,1823.52,1833.4,1819.02,1819.2,9247.5915,16887741.359663,56802
2026-07-06 21:15:00,1819.2,1820.71,1815.43,1817.51,2091.076,3802263.767578,16243
2026-07-06 21:20:00,1817.5,1818.4,1815.96,1816.53,746.8018,1356920.950905,6187
2026-07-06 21:25:00,1816.53,1816.53,1813.16,1813.42,738.981,1341036.199112,9065
2026-07-06 21:30:00,1813.41,1815.46,1807.27,1813.41,1763.1377,3193361.624315,17381
2026-07-06 21:35:00,1813.41,1813.8,1810.2,1811.5,1064.0004,1927101.237823,9347
2026-07-06 21:40:00,1811.5,1815.53,1811.5,1814.29,818.153,1483430.573184,13328
2026-07-06 21:45:00,1814.3,1815.0,1812.02,1813.73,530.6088,962124.045086,8314
2026-07-06 21:50:00,1813.73,1819.68,1813.73,1816.04,1604.4625,2915489.695176,15247
2026-07-06 21:55:00,1816.04,1818.08,1813.3,1814.88,674.5522,1224411.028993,6623
2026-07-06 22:00:00,1814.88,1816.82,1813.0,1814.3,699.6748,1269594.522602,7995
2026-07-06 22:05:00,1814.3,1814.3,1811.91,1812.93,687.5582,1246404.27088,5038
2026-07-06 22:10:00,1812.93,1814.61,1811.99,1814.12,466.2087,845394.778609,4424
2026-07-06 22:15:00,1814.11,1816.32,1812.61,1813.05,761.279,1381125.602923,6137
2026-07-06 22:20:00,1813.05,1813.76,1811.51,1811.94,565.8357,1025588.20892,3821
2026-07-06 22:25:00,1811.93,1811.99,1809.11,1809.31,406.9826,736843.618456,4226
2026-07-06 22:30:00,1809.31,1809.83,1807.33,1807.34,330.0385,596895.035244,2656
2026-07-06 22:35:00,1807.34,1809.57,1807.34,1809.18,746.0173,1349201.236833,4141
2026-07-06 22:40:00,1809.19,1809.19,1806.37,1808.12,227.8711,411907.494248,3746
2026-07-06 22:45:00,1808.13,1808.55,1804.7,1808.54,1034.8967,1869106.682086,11095
2026-07-06 22:50:00,1808.53,1808.54,1804.84,1805.72,341.3337,616793.680617,6055
2026-07-06 22:55:00,1805.72,1806.55,1804.84,1806.3,201.11,363136.759031,3728
2026-07-06 23:00:00,1806.29,1809.66,1805.46,1808.56,479.1756,866362.391883,8072
2026-07-06 23:05:00,1808.56,1810.08,1806.28,1806.29,440.6018,797205.303261,4573
2026-07-06 23:10:00,1806.29,1808.63,1806.28,1808.41,409.2969,739800.501792,4656
2026-07-06 23:15:00,1808.41,1808.66,1805.28,1806.01,258.2575,466574.402434,5108
2026-07-06 23:20:00,1806.01,1806.02,1802.44,1802.77,838.2196,1511774.749716,8764
2026-07-06 23:25:00,1802.76,1804.15,1802.05,1803.51,401.9801,724774.713792,5032
2026-07-06 23:30:00,1803.51,1804.63,1802.36,1803.18,271.0582,488840.966289,4438
2026-07-06 23:35:00,1803.18,1804.67,1802.01,1802.17,336.4936,606785.942302,5371
2026-07-06 23:40:00,1802.16,1803.14,1800.28,1800.44,870.0059,1566943.899612,7412
2026-07-06 23:45:00,1800.45,1800.8,1797.55,1800.72,1304.5983,2347330.875887,10190
2026-07-06 23:50:00,1800.71,1801.45,1799.25,1800.7,701.5869,1263289.723542,6834
2026-07-06 23:55:00,1800.7,1800.7,1797.77,1799.56,623.5683,1121885.389868,4823
2026-07-07 00:00:00,1799.56,1801.55,1797.86,1799.46,691.4517,1244395.550288,8640
2026-07-07 00:05:00,1799.46,1801.4,1798.56,1799.74,505.3711,909701.484116,7008
2026-07-07 00:10:00,1799.74,1800.35,1797.55,1797.88,264.0266,475011.943332,4051
2026-07-07 00:15:00,1797.88,1800.57,1794.86,1800.25,1286.7235,2313146.802107,7634
2026-07-07 00:20:00,1800.24,1806.09,1800.24,1805.76,1105.0926,1993467.347498,13209
2026-07-07 00:25:00,1805.76,1810.16,1804.99,1806.04,1359.3263,2458623.245946,12764
2026-07-07 00:30:00,1806.05,1807.79,1804.29,1806.42,872.8393,1576449.761165,9365
2026-07-07 00:35:00,1806.42,1806.74,1798.32,1799.65,1115.9048,2010075.631267,8993
2026-07-07 00:40:00,1799.65,1801.72,1799.21,1801.51,270.133,486300.75618,3461
2026-07-07 00:45:00,1801.5,1803.92,1800.71,1803.38,284.0654,511978.566137,5685
2026-07-07 00:50:00,1803.38,1806.64,1802.04,1806.15,311.6924,562322.542061,4899
2026-07-07 00:55:00,1806.14,1806.33,1802.8,1803.74,192.2388,346904.144604,3449
2026-07-07 01:00:00,1803.74,1803.74,1789.83,1790.59,3786.3766,6792420.830409,17346
2026-07-07 01:05:00,1790.58,1794.78,1787.35,1794.37,1378.2742,2468661.281389,20248
2026-07-07 01:10:00,1794.37,1798.16,1794.37,1795.39,449.4003,807246.884946,9013
2026-07-07 01:15:00,1795.39,1796.8,1793.93,1795.36,264.2796,474420.241173,5894
2026-07-07 01:20:00,1795.36,1795.41,1792.46,1793.17,318.405,571042.21253,6534
2026-07-07 01:25:00,1793.17,1793.69,1790.64,1791.75,327.7295,587421.268194,5601
2026-07-07 01:30:00,1791.76,1793.22,1788.1,1791.77,1258.8137,2254184.650128,8998
2026-07-07 01:35:00,1791.78,1792.78,1788.82,1792.18,941.2575,1685762.631199,11222
2026-07-07 01:40:00,1792.18,1795.24,1790.81,1795.19,559.2333,1002813.994924,5544
2026-07-07 01:45:00,1795.19,1797.9,1795.19,1796.83,484.8184,871084.624166,6191
2026-07-07 01:50:00,1796.83,1796.83,1794.45,1795.25,337.8624,606817.030076,5904
2026-07-07 01:55:00,1795.25,1795.83,1791.89,1792.64,833.83,1495546.411824,8304
2026-07-07 02:00:00,1792.65,1794.48,1791.89,1793.96,339.7437,609206.688624,9530
2026-07-07 02:05:00,1793.96,1793.96,1790.39,1790.39,535.8443,960348.339204,8652
2026-07-07 02:10:00,1790.4,1792.61,1790.39,1791.84,236.379,423463.787733,5078
2026-07-07 02:15:00,1791.84,1793.11,1789.18,1790.4,440.1048,788286.747917,7006
2026-07-07 02:20:00,1790.4,1791.0,1782.84,1784.03,2220.3234,3968437.259257,11600
2026-07-07 02:25:00,1784.03,1784.97,1778.11,1779.92,2041.7476,3637376.382229,8660
2026-07-07 02:30:00,1779.93,1781.99,1777.0,1780.17,1699.5044,3023593.128981,16331
2026-07-07 02:35:00,1780.16,1783.02,1779.41,1782.41,484.5438,862998.060693,10476
2026-07-07 02:40:00,1782.4,1784.34,1782.0,1783.88,383.3956,683720.042464,5229
2026-07-07 02:45:00,1783.88,1784.73,1780.0,1780.01,468.0562,834491.106154,5658
2026-07-07 02:50:00,1780.02,1780.86,1777.0,1778.91,620.4021,1103729.510405,5659
2026-07-07 02:55:00,1778.91,1779.36,1777.54,1778.57,232.1053,412785.236204,3406
2026-07-07 03:00:00,1778.57,1780.83,1777.2,1779.63,576.7406,1026324.475843,6093
2026-07-07 03:05:00,1779.63,1781.56,1778.92,1780.85,937.6202,1669598.730191,5509
2026-07-07 03:10:00,1780.85,1780.93,1778.62,1778.63,485.8858,864741.861503,3287
2026-07-07 03:15:00,1778.63,1779.97,1775.49,1775.53,1129.713,2008300.002367,6923
2026-07-07 03:20:00,1775.53,1777.24,1774.5,1776.18,1159.8595,2059203.990724,5910
2026-07-07 03:25:00,1776.18,1776.65,1773.41,1774.15,431.0667,765071.401744,9547
2026-07-07 03:30:00,1774.15,1775.66,1773.87,1774.9,360.9646,640602.498964,7658
2026-07-07 03:35:00,1774.89,1775.51,1774.0,1774.15,300.2678,532915.553555,4778
2026-07-07 03:40:00,1774.16,1774.16,1769.0,1771.65,1635.3111,2896218.502695,12166
2026-07-07 03:45:00,1771.64,1771.65,1768.85,1769.97,665.705,1178660.701108,9067
2026-07-07 03:50:00,1769.98,1772.2,1769.98,1771.0,498.663,883286.632534,6410
2026-07-07 03:55:00,1771.01,1772.07,1770.01,1771.56,341.5507,604938.392133,3965
2026-07-07 04:00:00,1771.55,1773.3,1768.6,1770.46,1212.5612,2147145.322476,13328
2026-07-07 04:05:00,1770.47,1773.43,1770.47,1772.87,609.8648,1080885.254335,5206
2026-07-07 04:10:00,1772.88,1773.71,1771.0,1771.26,816.8119,1447504.338638,7148
2026-07-07 04:15:00,1771.25,1771.73,1769.13,1769.79,378.7238,670565.722032,5469
2026-07-07 04:20:00,1769.78,1772.15,1769.14,1769.86,491.2126,869778.260853,7175
2026-07-07 04:25:00,1769.86,1772.72,1769.44,1771.88,574.0468,1016797.11336,4249
2026-07-07 04:30:00,1771.88,1772.21,1770.3,1770.74,681.5878,1207186.300472,5883
2026-07-07 04:35:00,1770.74,1770.87,1765.94,1768.31,913.6534,1615482.220688,11227
2026-07-07 04:40:00,1768.32,1768.72,1765.23,1765.44,570.2103,1007441.744659,8042
2026-07-07 04:45:00,1765.44,1766.33,1762.66,1763.34,1066.826,1882222.747027,11709
2026-07-07 04:50:00,1763.35,1766.35,1762.76,1765.92,554.6683,978867.086886,6632
2026-07-07 04:55:00,1765.92,1767.41,1765.0,1766.53,460.1619,812787.204629,5311
2026-07-07 05:00:00,1766.52,1767.31,1765.4,1766.29,371.5238,656235.364262,5361
2026-07-07 05:05:00,1766.3,1766.3,1762.46,1763.0,578.8626,1021295.855631,6188
2026-07-07 05:10:00,1763.01,1763.57,1757.57,1758.22,2229.7799,3924734.30496,15041
2026-07-07 05:15:00,1758.21,1761.92,1757.66,1759.28,1237.2288,2176997.670314,9910
2026-07-07 05:20:00,1759.29,1763.71,1759.23,1762.91,640.631,1128937.235869,7329
2026-07-07 05:25:00,1762.91,1762.91,1759.28,1761.41,479.7014,844667.814845,6818
2026-07-07 05:30:00,1761.41,1768.07,1761.41,1767.99,1109.6697,1959588.303381,12502
2026-07-07 05:35:00,1768.0,1769.99,1767.0,1769.99,1177.2032,2082554.257927,6505
2026-07-07 05:40:00,1769.99,1770.0,1768.4,1769.01,445.5226,788234.274588,3492
2026-07-07 05:45:00,1769.01,1770.46,1768.57,1769.68,473.507,837851.662982,3895
2026-07-07 05:50:00,1769.69,1772.75,1769.68,1772.61,659.746,1168813.677815,4810
2026-07-07 05:55:00,1772.62,1773.71,1770.2,1770.58,891.4682,1579266.243541,3685
2026-07-07 06:00:00,1770.57,1774.05,1770.44,1771.61,1670.4747,2960186.705751,5128
2026-07-07 06:05:00,1771.62,1771.62,1768.6,1769.52,869.3208,1538448.767985,3616
2026-07-07 06:10:00,1769.52,1769.88,1764.84,1766.62,1704.0084,3010356.265484,4831
2026-07-07 06:15:00,1766.62,1769.71,1766.62,1768.6,272.4003,481675.254628,4136
2026-07-07 06:20:00,1768.6,1769.44,1767.62,1768.48,1905.7969,3370576.688713,4036
2026-07-07 06:25:00,1768.43,1771.28,1767.54,1770.89,610.2679,1080021.117077,3788
2026-07-07 06:30:00,1770.89,1773.37,1769.82,1773.37,466.594,826734.141283,4403
2026-07-07 06:35:00,1773.36,1776.19,1773.0,1774.99,1378.6062,2446114.305806,6275
2026-07-07 06:40:00,1774.98,1775.43,1774.0,1775.42,534.6973,948922.625969,2724
2026-07-07 06:45:00,1775.42,1778.82,1774.58,1778.72,779.5666,1385013.331282,4798
2026-07-07 06:50:00,1778.72,1782.39,1777.52,1780.34,1583.8387,2819039.66765,11678
2026-07-07 06:55:00,1780.33,1780.79,1778.58,1779.11,1142.3805,2033594.18161,3912
2026-07-07 07:00:00,1779.11,1781.76,1778.05,1779.87,352.2039,626937.886959,7360
2026-07-07 07:05:00,1779.86,1780.2,1778.71,1779.05,537.2992,956280.596635,4160
2026-07-07 07:10:00,1779.06,1782.59,1779.06,1781.86,298.7449,532123.741372,3279
2026-07-07 07:15:00,1781.85,1781.97,1779.01,1779.81,579.5828,1031873.302089,3116
2026-07-07 07:20:00,1779.8,1780.61,1778.3,1778.74,294.9496,524862.156223,2946
2026-07-07 07:25:00,1778.75,1779.05,1777.23,1778.12,304.6282,541696.402335,3107
2026-07-07 07:30:00,1778.11,1778.94,1775.15,1775.26,536.4503,953195.283577,3801
2026-07-07 07:35:00,1775.25,1775.26,1771.1,1771.43,985.346,1746871.123449,8794
2026-07-07 07:40:00,1771.42,1774.08,1771.26,1773.14,440.429,780534.453036,6507
2026-07-07 07:45:00,1773.15,1775.67,1772.97,1774.16,306.6303,544009.4291,3516
2026-07-07 07:50:00,1774.16,1774.9,1771.65,1772.48,382.4588,678212.873003,4013
2026-07-07 07:55:00,1772.48,1772.7,1771.08,1771.24,391.8489,694343.442932,2146
2026-07-07 08:00:00,1771.23,1772.77,1770.77,1771.07,286.0133,506755.848361,4280
2026-07-07 08:05:00,1771.07,1771.45,1768.6,1770.4,1758.7278,3113039.51464,5424
2026-07-07 08:10:00,1770.39,1775.8,1770.39,1772.88,974.006,1727128.430022,10519
2026-07-07 08:15:00,1772.88,1774.36,1772.02,1774.36,603.533,1070176.102602,8425
2026-07-07 08:20:00,1774.35,1774.97,1772.85,1773.67,326.2516,578748.068401,4797
2026-07-07 08:25:00,1773.67,1774.08,1770.14,1772.14,290.9429,515590.993714,4734
2026-07-07 08:30:00,1772.14,1772.61,1768.51,1769.7,1041.3981,1843230.944328,7430
2026-07-07 08:35:00,1769.71,1770.64,1768.37,1770.27,265.6387,470005.047207,3305
2026-07-07 08:40:00,1770.27,1771.37,1769.02,1770.74,819.206,1450517.185855,3709
2026-07-07 08:45:00,1770.75,1771.03,1769.66,1770.85,391.5806,693190.326389,2902
2026-07-07 08:50:00,1770.86,1771.21,1768.97,1769.63,611.3299,1082297.034668,3851
2026-07-07 08:55:00,1769.62,1772.83,1769.52,1770.78,665.7997,1179536.041813,3231
2026-07-07 09:00:00,1770.77,1772.42,1768.81,1772.01,711.5726,1260117.971006,5564
2026-07-07 09:05:00,1772.04,1773.6,1770.92,1771.89,853.485,1512376.011601,5234
2026-07-07 09:10:00,1771.89,1774.49,1771.88,1774.48,410.5356,727881.923838,3397
2026-07-07 09:15:00,1774.48,1775.0,1773.4,1773.57,639.8462,1135203.166256,3506
2026-07-07 09:20:00,1773.58,1773.85,1772.1,1772.44,674.7412,1196381.478967,3643
2026-07-07 09:25:00,1772.46,1774.57,1772.46,1773.29,500.5304,887743.060697,2469
2026-07-07 09:30:00,1773.29,1774.2,1773.05,1774.19,278.4883,493933.051367,2318
2026-07-07 09:35:00,1774.19,1774.58,1773.03,1774.1,744.5543,1320742.638183,3014
2026-07-07 09:40:00,1774.09,1779.49,1774.09,1779.08,1559.8748,2772420.336918,11076
2026-07-07 09:45:00,1779.08,1783.04,1775.48,1778.89,1397.2479,2486254.36723,16470
2026-07-07 09:50:00,1778.89,1780.2,1777.87,1777.87,370.4477,659036.906203,4667
2026-07-07 09:55:00,1777.87,1778.88,1777.84,1778.16,284.4315,505822.004706,2661
2026-07-07 10:00:00,1778.16,1784.66,1778.0,1783.69,1324.9823,2361080.467819,9467
2026-07-07 10:05:00,1783.7,1783.97,1781.09,1781.41,384.0368,684474.040676,3697
2026-07-07 10:10:00,1781.42,1781.42,1779.72,1779.96,309.3939,550872.754098,3820
2026-07-07 10:15:00,1779.96,1783.63,1779.95,1783.36,413.7894,737365.088917,6174
2026-07-07 10:20:00,1783.35,1783.56,1780.55,1781.04,316.1113,563186.935696,5223
2026-07-07 10:25:00,1781.05,1781.97,1779.18,1779.18,325.9165,580547.796473,4638
2026-07-07 10:30:00,1779.17,1779.17,1775.37,1776.76,731.7419,1299954.772807,9205
2026-07-07 10:35:00,1776.75,1777.71,1776.11,1777.58,484.6486,861192.995801,3837
2026-07-07 10:40:00,1777.58,1778.23,1776.49,1776.68,334.6997,594970.147013,3766
2026-07-07 10:45:00,1776.68,1777.4,1775.4,1775.4,289.5635,514406.305872,5029
2026-07-07 10:50:00,1775.4,1775.4,1774.35,1775.16,940.6217,1669338.864717,4264
2026-07-07 10:55:00,1775.16,1775.8,1774.42,1775.8,885.3348,1571240.29149,2217
2026-07-07 11:00:00,1775.8,1775.8,1772.0,1773.82,855.5067,1517020.576153,7506
2026-07-07 11:05:00,1773.82,1775.81,1773.46,1774.27,263.3501,467347.780166,3913
2026-07-07 11:10:00,1774.27,1774.27,1772.64,1773.19,214.5255,380400.431637,2400
2026-07-07 11:15:00,1773.19,1774.95,1772.8,1774.87,118.6416,210450.518525,2423
2026-07-07 11:20:00,1774.87,1777.38,1774.56,1777.37,330.3505,586754.655672,2709
2026-07-07 11:25:00,1777.37,1779.6,1776.65,1777.14,284.3495,505672.654917,3246
2026-07-07 11:30:00,1777.13,1777.74,1775.26,1776.14,161.9755,287768.901316,3289
2026-07-07 11:35:00,1776.14,1779.15,1775.3,1776.89,256.5073,455977.882641,3815
2026-07-07 11:40:00,1776.89,1780.64,1776.88,1780.63,285.1956,507193.824015,2715
2026-07-07 11:45:00,1780.64,1785.0,1780.64,1782.8,988.5561,1762073.137319,6913
2026-07-07 11:50:00,1782.8,1783.71,1778.43,1779.59,547.7259,975108.04972,4455
2026-07-07 11:55:00,1779.59,1780.95,1779.59,1780.77,212.1602,377765.917583,2593
2026-07-07 12:00:00,1780.77,1782.62,1780.27,1782.62,663.2945,1181519.158936,3927
2026-07-07 12:05:00,1782.62,1792.41,1782.61,1792.4,2327.8781,4162259.487802,23876
2026-07-07 12:10:00,1792.39,1792.55,1788.9,1791.08,1790.7366,3205546.017885,14650
2026-07-07 12:15:00,1791.09,1791.09,1788.1,1788.76,727.9647,1302733.135903,5904
2026-07-07 12:20:00,1788.76,1794.57,1788.0,1793.44,1863.3286,3339332.328564,7422
2026-07-07 12:25:00,1793.44,1794.46,1791.01,1791.13,542.0346,971429.357781,3745
2026-07-07 12:30:00,1791.13,1791.18,1786.0,1787.72,857.9991,1533897.566817,6314
2026-07-07 12:35:00,1787.73,1788.06,1784.09,1784.44,414.0056,739107.880649,5741
2026-07-07 12:40:00,1784.44,1786.29,1784.44,1785.8,255.6493,456428.440945,3220
2026-07-07 12:45:00,1785.79,1785.79,1781.51,1781.7,671.854,1197918.723987,4201
2026-07-07 12:50:00,1781.7,1783.75,1781.7,1782.86,192.5689,343345.739465,2278
2026-07-07 12:55:00,1782.86,1782.99,1781.33,1781.97,181.1518,322852.652916,2691
2026-07-07 13:00:00,1781.97,1783.28,1777.56,1778.87,718.8795,1280010.89542,7450
2026-07-07 13:05:00,1778.87,1779.05,1776.75,1778.39,526.7522,936400.680513,5676
2026-07-07 13:10:00,1778.38,1778.8,1774.78,1777.05,844.6324,1500984.584426,5372
2026-07-07 13:15:00,1777.05,1778.26,1775.0,1776.82,601.0919,1068021.425482,10219
2026-07-07 13:20:00,1776.82,1776.82,1772.54,1772.55,631.138,1119811.352078,15097
2026-07-07 13:25:00,1772.54,1772.54,1770.0,1771.85,946.493,1676360.534488,19303
2026-07-07 13:30:00,1771.86,1776.22,1770.4,1773.28,2274.6442,4035156.018842,40131
2026-07-07 13:35:00,1773.29,1773.92,1766.06,1767.64,2466.619,4362209.607448,24174
2026-07-07 13:40:00,1767.63,1772.5,1766.57,1772.47,1039.9207,1840159.582931,17751
2026-07-07 13:45:00,1772.46,1781.97,1770.95,1778.94,3245.6947,5771975.687309,48222
2026-07-07 13:50:00,1778.94,1780.24,1767.61,1770.55,1533.7107,2719750.330352,33214
2026-07-07 13:55:00,1770.56,1771.05,1766.24,1769.01,1183.1677,2092206.470667,27382
2026-07-07 14:00:00,1769.02,1775.0,1763.43,1773.99,2284.0441,4039439.353438,24594
2026-07-07 14:05:00,1773.99,1778.57,1768.83,1772.38,1689.2803,2996659.083609,23503
2026-07-07 14:10:00,1772.37,1773.25,1767.22,1767.22,892.4283,1580210.930325,12791
2026-07-07 14:15:00,1767.23,1772.48,1765.18,1770.67,1456.2722,2577172.623322,20175
2026-07-07 14:20:00,1770.67,1771.69,1767.38,1767.87,902.1941,1596504.819693,16125
2026-07-07 14:25:00,1767.87,1772.2,1765.19,1772.2,2203.6758,3894557.176602,15249
2026-07-07 14:30:00,1772.2,1777.3,1770.46,1775.72,1242.6624,2205053.618369,15057
2026-07-07 14:35:00,1775.71,1776.03,1761.19,1768.77,3600.6323,6357872.447494,39491
2026-07-07 14:40:00,1768.78,1772.37,1766.79,1770.36,1393.83,2467145.921506,14527
2026-07-07 14:45:00,1770.36,1781.0,1770.36,1779.05,1718.6441,3052908.280614,25118
2026-07-07 14:50:00,1779.04,1790.0,1777.21,1786.6,2720.2571,4854567.456172,39080
2026-07-07 14:55:00,1786.59,1792.93,1785.66,1789.46,1882.8806,3369560.696464,17389
2026-07-07 15:00:00,1789.45,1791.63,1785.3,1786.59,2037.7282,3643553.548217,16158
2026-07-07 15:05:00,1786.6,1787.79,1783.0,1787.76,822.6094,1468823.035658,11987
2026-07-07 15:10:00,1787.76,1789.97,1785.76,1785.95,706.0601,1262292.559897,8856
2026-07-07 15:15:00,1785.94,1790.16,1785.5,1788.36,582.5173,1041516.180567,9851
2026-07-07 15:20:00,1788.36,1794.24,1787.47,1792.76,1559.8147,2794849.3597,12852
2026-07-07 15:25:00,1792.76,1795.68,1791.03,1792.73,1375.4938,2466227.963297,11120
2026-07-07 15:30:00,1792.74,1796.13,1791.1,1792.92,773.8563,1388594.986138,11917
2026-07-07 15:35:00,1792.92,1799.36,1791.27,1794.29,3286.513,5904645.828787,26848
2026-07-07 15:40:00,1794.29,1796.21,1790.83,1795.39,1160.009,2081229.677992,18352
2026-07-07 15:45:00,1795.38,1801.79,1795.31,1797.76,2541.3138,4572939.408217,33642
2026-07-07 15:50:00,1797.76,1803.03,1797.0,1798.5,1052.8748,1895477.853896,14367
2026-07-07 15:55:00,1798.49,1798.49,1795.51,1797.45,744.9829,1338534.639322,8289
2026-07-07 16:00:00,1797.45,1798.27,1795.0,1796.01,795.1572,1428458.611255,8944
2026-07-07 16:05:00,1796.01,1800.33,1794.17,1794.49,832.6695,1495631.617957,9163
2026-07-07 16:10:00,1794.48,1795.8,1793.0,1795.18,1431.6541,2568768.243841,13790
2026-07-07 16:15:00,1795.19,1797.39,1792.44,1794.69,797.6922,1431764.205326,18151
2026-07-07 16:20:00,1794.69,1801.76,1794.69,1801.69,2245.9109,4042366.296683,23614
2026-07-07 16:25:00,1801.69,1805.05,1801.28,1802.52,926.7074,1671243.099113,21185
2026-07-07 16:30:00,1802.52,1803.87,1798.99,1800.76,722.3514,1301060.599378,16441
2026-07-07 16:35:00,1800.77,1803.0,1798.98,1803.0,537.9002,968757.332233,11812
2026-07-07 16:40:00,1802.99,1806.27,1800.52,1805.32,881.9697,1591307.423704,15104
2026-07-07 16:45:00,1805.32,1805.72,1803.35,1804.83,577.3103,1041724.03774,10208
2026-07-07 16:50:00,1804.82,1813.16,1804.21,1806.7,2533.7902,4584056.415653,27152
2026-07-07 16:55:00,1806.69,1806.7,1801.29,1802.23,1743.1036,3143710.012412,15436
2026-07-07 17:00:00,1802.23,1802.95,1800.77,1802.62,1260.7873,2272093.694175,14562
2026-07-07 17:05:00,1802.61,1807.23,1802.01,1806.3,871.1836,1572272.639795,12849
2026-07-07 17:10:00,1806.3,1807.24,1803.78,1804.5,481.5933,869497.828691,11220
2026-07-07 17:15:00,1804.5,1804.9,1798.54,1802.59,770.0243,1386485.894025,18028
2026-07-07 17:20:00,1802.6,1805.91,1801.52,1804.43,563.738,1016838.560672,13936
2026-07-07 17:25:00,1804.43,1806.31,1803.37,1806.26,493.5488,890962.988816,9676
2026-07-07 17:30:00,1806.27,1806.82,1803.87,1805.72,609.4731,1100427.813694,11405
2026-07-07 17:35:00,1805.72,1808.41,1805.29,1805.99,737.2085,1331956.381045,11710
2026-07-07 17:40:00,1805.98,1808.36,1805.13,1808.35,340.9668,615969.043481,6717
2026-07-07 17:45:00,1808.36,1808.58,1805.05,1806.34,925.0456,1671168.632486,6051
2026-07-07 17:50:00,1806.34,1810.35,1805.08,1809.4,710.3943,1284444.80184,6415
2026-07-07 17:55:00,1809.4,1810.39,1808.14,1810.39,568.3224,1028522.550948,3894
2026-07-07 18:00:00,1810.39,1810.39,1806.04,1806.24,496.3853,897477.446145,8097
2026-07-07 18:05:00,1806.24,1806.6,1802.72,1804.19,488.4719,881319.458114,5784
2026-07-07 18:10:00,1804.18,1805.12,1802.65,1803.91,651.7579,1175969.410457,4249
2026-07-07 18:15:00,1803.91,1804.48,1801.56,1804.38,1460.5905,2633411.847644,6968
2026-07-07 18:20:00,1804.37,1806.9,1802.88,1802.89,443.5058,800800.008577,4608
2026-07-07 18:25:00,1802.89,1803.27,1800.29,1800.76,746.4002,1344876.640445,5307
2026-07-07 18:30:00,1800.77,1802.34,1799.02,1800.78,879.4941,1583489.077672,6804
2026-07-07 18:35:00,1800.77,1803.58,1800.42,1803.28,287.6613,518412.863531,3813
2026-07-07 18:40:00,1803.29,1804.57,1802.2,1804.57,204.2983,368374.163266,3327
2026-07-07 18:45:00,1804.57,1804.94,1794.19,1796.54,1178.8438,2121494.251242,11940
2026-07-07 18:50:00,1796.54,1796.55,1787.94,1789.02,2337.3424,4186450.957107,22199
2026-07-07 18:55:00,1789.02,1790.73,1785.88,1786.6,1057.6885,1890943.098498,10731
2026-07-07 19:00:00,1786.6,1789.36,1781.52,1785.76,2476.6935,4420455.806167,27627
2026-07-07 19:05:00,1785.77,1787.68,1780.28,1780.54,1376.7609,2455480.002951,13569
2026-07-07 19:10:00,1780.54,1783.79,1778.2,1779.63,2125.1299,3782542.996798,16384
2026-07-07 19:15:00,1779.62,1780.41,1773.5,1779.51,2128.1702,3781088.03766,30157
2026-07-07 19:20:00,1779.52,1782.22,1777.67,1781.53,1070.1923,1905759.022235,13187
2026-07-07 19:25:00,1781.52,1784.8,1779.68,1783.14,724.6158,1291950.746247,7510
2026-07-07 19:30:00,1783.14,1790.0,1783.14,1789.06,926.9524,1656265.244961,8795
2026-07-07 19:35:00,1789.06,1789.94,1787.43,1789.75,491.4604,879201.374614,6263
2026-07-07 19:40:00,1789.76,1791.16,1788.83,1789.56,433.7712,776355.241915,5110
2026-07-07 19:45:00,1789.56,1792.39,1788.92,1790.93,1302.5634,2332825.327063,7022
2026-07-07 19:50:00,1790.94,1792.03,1788.73,1789.9,515.6155,923259.129421,4697
2026-07-07 19:55:00,1789.91,1790.49,1789.11,1790.45,435.7265,779851.893964,4709
2026-07-07 20:00:00,1790.46,1793.12,1787.99,1791.65,1005.3247,1799261.012434,9321
2026-07-07 20:05:00,1791.64,1791.64,1786.01,1786.74,709.5253,1268712.540164,8587
2026-07-07 20:10:00,1786.75,1789.25,1786.68,1789.18,220.6624,394572.722913,3533
2026-07-07 20:15:00,1789.17,1790.04,1785.72,1787.29,441.3529,788847.008452,3818
2026-07-07 20:20:00,1787.29,1788.4,1786.64,1788.39,115.6014,206630.871798,1491
2026-07-07 20:25:00,1788.4,1789.13,1787.07,1787.46,165.7828,296434.676561,2010
2026-07-07 20:30:00,1787.47,1787.67,1784.56,1785.56,376.1164,671622.537935,3728
2026-07-07 20:35:00,1785.55,1785.97,1784.8,1784.81,181.9909,324951.277607,1859
2026-07-07 20:40:00,1784.81,1786.19,1783.69,1783.72,235.0301,419533.118056,2120
2026-07-07 20:45:00,1783.72,1784.07,1781.78,1782.12,352.1349,627863.554864,2932
2026-07-07 20:50:00,1782.12,1782.52,1781.39,1781.83,1049.2019,1869773.183512,1666
2026-07-07 20:55:00,1781.82,1784.13,1781.54,1784.12,196.6326,350592.41191,1845
2026-07-07 21:00:00,1784.12,1788.19,1784.12,1787.83,674.255,1204646.806615,6886
2026-07-07 21:05:00,1787.82,1789.4,1785.78,1786.49,265.6888,474986.457561,3360
2026-07-07 21:10:00,1786.49,1788.51,1786.15,1786.3,664.901,1188226.645563,4139
2026-07-07 21:15:00,1786.3,1786.3,1776.08,1779.11,1771.3013,3153036.398825,20562
2026-07-07 21:20:00,1779.1,1779.1,1775.66,1775.66,1357.6302,2413411.724161,10194
2026-07-07 21:25:00,1775.66,1778.49,1775.04,1778.49,657.1588,1167382.374024,7754
2026-07-07 21:30:00,1778.48,1778.48,1774.74,1776.43,799.3535,1420096.151299,8619
2026-07-07 21:35:00,1776.42,1776.43,1771.05,1774.84,1707.6146,3028962.10944,11715
2026-07-07 21:40:00,1774.84,1775.39,1773.41,1775.28,1021.319,1811989.62588,5899
2026-07-07 21:45:00,1775.28,1778.18,1773.81,1777.35,1019.907,1812006.034442,9519
2026-07-07 21:50:00,1777.35,1778.13,1772.0,1772.12,682.7453,1212252.21061,7421
2026-07-07 21:55:00,1772.13,1774.67,1772.09,1773.84,627.5434,1112455.943442,7054
2026-07-07 22:00:00,1773.83,1773.98,1765.35,1773.27,2871.5388,5080990.867113,31394
2026-07-07 22:05:00,1773.26,1776.98,1771.82,1774.75,732.7202,1300327.639112,10147
2026-07-07 22:10:00,1774.75,1777.46,1773.91,1775.44,480.3282,853025.322216,4583
2026-07-07 22:15:00,1775.44,1777.19,1774.5,1775.69,491.2288,872221.670496,4146
2026-07-07 22:20:00,1775.69,1776.77,1771.34,1771.87,387.7701,687814.686362,4989
2026-07-07 22:25:00,1771.86,1772.73,1770.36,1772.73,239.2411,423735.785938,2813
2026-07-07 22:30:00,1772.72,1776.11,1771.83,1776.04,265.3352,470707.827485,2979
2026-07-07 22:35:00,1776.03,1778.57,1775.9,1777.58,555.5032,987476.0565,5248
2026-07-07 22:40:00,1777.58,1778.02,1776.94,1777.54,263.1907,467861.102958,2288
2026-07-07 22:45:00,1777.54,1777.54,1775.05,1775.24,266.4991,473463.181045,3750
2026-07-07 22:50:00,1775.24,1777.23,1775.24,1775.52,227.4817,404114.538367,3286
2026-07-07 22:55:00,1775.51,1776.27,1775.29,1775.55,294.373,522733.006401,2144
2026-07-07 23:00:00,1775.55,1777.98,1774.52,1777.85,381.834,678376.472448,5336
2026-07-07 23:05:00,1777.85,1780.06,1776.94,1778.89,440.7674,784091.262583,4807
2026-07-07 23:10:00,1778.88,1779.35,1777.72,1778.59,281.4412,500561.63203,3542
2026-07-07 23:15:00,1778.59,1780.94,1778.53,1780.57,232.4096,413668.192543,4124
2026-07-07 23:20:00,1780.56,1780.57,1779.12,1779.12,183.9124,327381.297586,2729
2026-07-07 23:25:00,1779.13,1780.0,1778.0,1779.99,152.2238,270761.545588,2927
2026-07-07 23:30:00,1779.99,1780.77,1778.0,1778.15,247.2971,440073.116277,3254
2026-07-07 23:35:00,1778.15,1778.15,1776.2,1776.72,219.3674,389829.451405,3166
2026-07-07 23:40:00,1776.72,1776.72,1772.25,1772.44,640.8807,1137210.387573,4589
2026-07-07 23:45:00,1772.43,1773.16,1771.73,1772.25,375.8251,666033.182478,6747
2026-07-07 23:50:00,1772.26,1772.96,1770.4,1770.83,360.7336,639173.664456,5578
2026-07-07 23:55:00,1770.83,1771.46,1768.0,1771.45,817.4602,1446745.200993,6576
2026-07-08 00:00:00,1771.45,1774.44,1770.02,1773.93,563.9028,999485.712278,11685
2026-07-08 00:05:00,1773.93,1775.61,1772.87,1774.84,297.6997,528205.721292,4819
2026-07-08 00:10:00,1774.84,1775.42,1772.74,1774.58,201.129,356848.796087,3446
2026-07-08 00:15:00,1774.59,1775.9,1771.94,1775.22,414.5477,735075.266705,6066
2026-07-08 00:20:00,1775.21,1779.13,1774.68,1779.13,1090.2111,1938301.430302,6380
2026-07-08 00:25:00,1779.12,1782.01,1777.92,1779.7,1046.7823,1863249.796068,7464
2026-07-08 00:30:00,1779.71,1780.46,1777.59,1778.22,481.2287,856138.109541,8925
2026-07-08 00:35:00,1778.22,1782.39,1777.3,1782.39,418.1207,744163.545946,5289
2026-07-08 00:40:00,1782.38,1785.0,1780.1,1783.05,886.5316,1579969.745208,5882
2026-07-08 00:45:00,1783.05,1783.35,1780.71,1780.93,499.778,890594.240134,5224
2026-07-08 00:50:00,1780.94,1781.09,1780.06,1780.38,1095.4171,1950550.882874,3453
2026-07-08 00:55:00,1780.4,1781.23,1779.04,1780.29,809.8978,1442096.572093,4303
2026-07-08 01:00:00,1780.29,1780.75,1777.71,1777.8,405.1586,720993.63001,6368
2026-07-08 01:05:00,1777.79,1778.31,1775.99,1776.22,306.0996,543798.339062,7305
2026-07-08 01:10:00,1776.22,1780.56,1776.22,1779.75,1245.3185,2215457.237032,4868
2026-07-08 01:15:00,1779.75,1779.75,1776.01,1776.21,332.6409,591239.412448,6148
2026-07-08 01:20:00,1776.2,1778.63,1775.99,1776.0,424.2129,753726.61695,5894
2026-07-08 01:25:00,1776.0,1776.78,1772.93,1772.93,370.4892,657507.473299,4043
2026-07-08 01:30:00,1772.94,1773.35,1769.5,1769.77,606.1787,1073850.225583,7500
2026-07-08 01:35:00,1769.76,1769.95,1750.0,1754.52,7298.6376,12825358.855529,55269
2026-07-08 01:40:00,1754.52,1760.39,1753.3,1759.31,1727.4886,3033888.722174,20070
2026-07-08 01:45:00,1759.3,1762.47,1758.74,1760.68,1054.695,1856787.655562,12827
2026-07-08 01:50:00,1760.68,1761.75,1756.91,1757.67,877.6369,1544403.70667,7879
2026-07-08 01:55:00,1757.67,1757.91,1752.61,1755.94,1124.6144,1973526.046859,10750
2026-07-08 02:00:00,1755.93,1755.93,1750.0,1753.5,1630.0902,2855849.533244,14384
2026-07-08 02:05:00,1753.5,1757.17,1750.53,1750.82,1080.6064,1895401.360639,17825
2026-07-08 02:10:00,1750.83,1754.24,1750.53,1751.25,849.41,1488325.451764,15526
2026-07-08 02:15:00,1751.26,1754.09,1749.38,1752.98,1034.5487,1811565.776387,10335
2026-07-08 02:20:00,1752.99,1753.63,1749.48,1752.53,1291.6264,2262938.346016,9197
2026-07-08 02:25:00,1752.52,1755.54,1752.21,1752.21,813.208,1426487.880296,7165
2026-07-08 02:30:00,1752.21,1753.04,1745.93,1747.21,1334.8522,2334294.923525,15327
2026-07-08 02:35:00,1747.21,1750.11,1741.21,1748.54,2373.2577,4141699.121656,27163
2026-07-08 02:40:00,1748.54,1755.34,1748.54,1755.33,1528.9043,2680864.669302,12720
2026-07-08 02:45:00,1755.34,1759.67,1755.34,1758.01,849.8033,1493855.191125,14762
2026-07-08 02:50:00,1758.01,1759.06,1754.9,1756.37,1107.723,1945594.68881,10669
2026-07-08 02:55:00,1756.37,1758.0,1755.87,1757.62,278.626,489520.029423,5975
2026-07-08 03:00:00,1757.63,1762.1,1757.63,1760.66,760.3079,1338357.195466,9109
2026-07-08 03:05:00,1760.67,1760.86,1758.8,1760.49,265.9617,468025.249578,4453
2026-07-08 03:10:00,1760.49,1763.54,1760.22,1762.33,742.8929,1309341.014965,4811
2026-07-08 03:15:00,1762.33,1762.33,1760.48,1761.32,295.945,521240.309023,4131
2026-07-08 03:20:00,1761.33,1763.04,1760.48,1761.57,1144.6665,2017173.325821,3723
2026-07-08 03:25:00,1761.57,1763.87,1760.76,1763.28,316.0491,557024.148538,3806
2026-07-08 03:30:00,1763.27,1763.28,1758.46,1758.71,333.7539,587573.850585,4356
2026-07-08 03:35:00,1758.71,1760.02,1758.55,1759.1,317.433,558457.404241,3973
2026-07-08 03:40:00,1759.1,1759.24,1756.52,1757.59,955.1553,1678778.619351,3894
2026-07-08 03:45:00,1757.59,1757.63,1755.01,1755.24,479.4487,842230.124413,4686
2026-07-08 03:50:00,1755.25,1755.59,1749.21,1749.93,1345.1961,2357301.776578,11980
2026-07-08 03:55:00,1749.94,1751.78,1749.78,1751.78,952.5293,1667622.867339,8666
2026-07-08 04:00:00,1751.74,1752.44,1749.49,1752.32,872.4567,1527650.122531,11122
2026-07-08 04:05:00,1752.31,1755.05,1750.92,1754.74,540.807,947814.450884,10492
2026-07-08 04:10:00,1754.74,1755.91,1753.8,1753.9,325.0723,570359.493307,7367
2026-07-08 04:15:00,1753.91,1755.5,1753.91,1754.96,375.2976,658537.425348,5865
2026-07-08 04:20:00,1754.97,1758.0,1754.84,1757.75,609.0941,1069667.758842,6089
2026-07-08 04:25:00,1757.76,1758.0,1756.97,1757.29,287.9138,505995.898161,4413
2026-07-08 04:30:00,1757.3,1758.0,1753.77,1754.25,572.2502,1004761.534539,9119
2026-07-08 04:35:00,1754.25,1756.03,1751.73,1753.23,542.5301,951223.380793,10160
2026-07-08 04:40:00,1753.24,1755.86,1753.01,1754.12,390.4642,685078.384663,6243
2026-07-08 04:45:00,1754.13,1755.42,1752.75,1752.75,450.4125,790222.679321,5822
2026-07-08 04:50:00,1752.74,1754.93,1752.01,1754.06,346.4365,607566.899154,3516
2026-07-08 04:55:00,1754.05,1756.51,1753.63,1756.5,292.4665,513250.770646,3830
2026-07-08 05:00:00,1756.5,1758.0,1755.33,1756.56,726.7725,1276492.914365,5925
2026-07-08 05:05:00,1756.56,1759.69,1756.56,1758.4,272.1575,478525.874894,4674
2026-07-08 05:10:00,1758.4,1758.41,1756.37,1756.4,346.6254,609132.404652,4227
2026-07-08 05:15:00,1756.41,1757.82,1755.66,1757.06,251.5061,441837.152655,4044
2026-07-08 05:20:00,1757.07,1757.93,1755.06,1755.08,377.9627,663926.265282,3477
2026-07-08 05:25:00,1755.07,1756.2,1754.11,1755.78,254.6375,447015.272406,4137
2026-07-08 05:30:00,1755.77,1756.1,1751.82,1754.62,576.5408,1011158.61587,6365
2026-07-08 05:35:00,1754.62,1754.95,1752.24,1752.79,358.7087,628974.940141,3422
2026-07-08 05:40:00,1752.8,1754.33,1752.22,1752.41,279.7957,490458.041885,3515
2026-07-08 05:45:00,1752.41,1753.01,1750.65,1751.79,499.1219,874374.752651,4190
2026-07-08 05:50:00,1751.79,1752.93,1750.88,1752.92,634.5888,1111618.029567,4568
2026-07-08 05:55:00,1752.93,1755.17,1752.93,1754.14,424.5387,744762.197292,3482
2026-07-08 06:00:00,1754.15,1754.29,1751.82,1752.85,319.3986,559863.629829,5557
2026-07-08 06:05:00,1752.85,1753.39,1751.22,1752.93,589.3992,1032844.27693,4015
2026-07-08 06:10:00,1752.93,1753.03,1750.63,1752.29,558.3533,978049.077812,3922
2026-07-08 06:15:00,1752.29,1752.85,1751.24,1751.61,457.4097,801452.845567,4350
2026-07-08 06:20:00,1751.61,1754.28,1748.47,1753.74,1032.0378,1806810.64863,9606
2026-07-08 06:25:00,1753.75,1754.23,1751.14,1751.58,657.9423,1153363.298656,6204
2026-07-08 06:30:00,1751.57,1752.24,1746.69,1748.43,762.2061,1333614.182903,8309
2026-07-08 06:35:00,1748.44,1748.98,1746.34,1747.6,394.3052,689233.341122,6123
2026-07-08 06:40:00,1747.6,1749.0,1746.82,1747.93,663.7311,1160226.136112,4182
2026-07-08 06:45:00,1747.93,1751.42,1747.25,1751.42,1082.5462,1894495.069981,4615
2026-07-08 06:50:00,1751.43,1755.0,1751.43,1753.65,432.3569,758112.00705,5759
2026-07-08 06:55:00,1753.65,1753.65,1751.28,1751.81,343.8167,602509.874182,3450
2026-07-08 07:00:00,1751.81,1752.4,1746.83,1747.09,776.7926,1358220.976926,7185
2026-07-08 07:05:00,1747.09,1747.5,1745.01,1747.49,737.2824,1287703.16833,6658
2026-07-08 07:10:00,1747.5,1751.88,1746.51,1751.21,647.7829,1133838.888631,8744
2026-07-08 07:15:00,1751.21,1751.21,1747.87,1749.2,360.4725,630611.139964,11822
2026-07-08 07:20:00,1749.2,1751.32,1748.57,1751.28,273.1636,477982.122813,6826
2026-07-08 07:25:00,1751.29,1753.45,1751.28,1753.06,512.79,898747.78258,10491
2026-07-08 07:30:00,1753.07,1756.85,1753.06,1756.85,543.0789,953178.29205,8399
2026-07-08 07:35:00,1756.85,1757.05,1752.48,1752.49,686.693,1205344.866561,5778
2026-07-08 07:40:00,1752.49,1754.97,1752.48,1754.94,1336.787,2344398.913386,6182
2026-07-08 07:45:00,1754.94,1757.39,1754.51,1757.17,629.1149,1104584.510387,4603
2026-07-08 07:50:00,1757.17,1757.34,1755.15,1756.61,579.3107,1017495.422262,4855
2026-07-08 07:55:00,1756.6,1757.4,1755.4,1756.7,397.2653,697675.579785,3018
2026-07-08 08:00:00,1756.7,1757.63,1754.79,1756.29,704.498,1237284.563625,6626
2026-07-08 08:05:00,1756.29,1758.61,1755.04,1757.02,832.0663,1462249.954105,8000
2026-07-08 08:10:00,1757.01,1758.7,1756.14,1757.38,425.3437,747378.096947,8252
2026-07-08 08:15:00,1757.39,1757.98,1737.28,1743.39,5849.351,10202173.55411,72156
2026-07-08 08:20:00,1743.39,1745.68,1732.56,1735.61,2819.8185,4899119.148305,41402
2026-07-08 08:25:00,1735.61,1736.41,1731.07,1731.15,2789.3792,4836044.991282,37125
2026-07-08 08:30:00,1731.14,1736.21,1730.0,1736.21,3414.9402,5916439.641695,23389
2026-07-08 08:35:00,1736.22,1736.85,1727.0,1728.68,4777.2705,8262829.013914,38486
2026-07-08 08:40:00,1728.68,1734.11,1725.18,1733.2,6213.3512,10735809.667166,32779
2026-07-08 08:45:00,1733.21,1743.11,1732.92,1739.21,2579.2401,4485540.917709,21404
2026-07-08 08:50:00,1739.21,1742.0,1738.18,1738.36,995.1869,1731562.90204,8622
2026-07-08 08:55:00,1738.35,1740.44,1734.27,1735.32,1155.9577,2007172.308915,8606
2026-07-08 09:00:00,1735.32,1737.52,1732.77,1737.42,1059.0289,1838137.481545,10690
2026-07-08 09:05:00,1737.43,1737.55,1732.33,1733.31,783.0975,1358332.18543,7904
2026-07-08 09:10:00,1733.32,1734.82,1732.74,1733.27,643.9848,1116420.595227,10199
2026-07-08 09:15:00,1733.27,1734.44,1730.81,1731.73,1294.3437,2242131.779379,12388
2026-07-08 09:20:00,1731.74,1733.21,1729.7,1731.76,1397.9283,2421507.10136,8982
2026-07-08 09:25:00,1731.76,1735.29,1731.45,1735.04,439.5733,761770.408462,4374
2026-07-08 09:30:00,1735.04,1740.52,1734.88,1739.15,1493.5509,2595913.003278,7274
2026-07-08 09:35:00,1739.15,1739.39,1736.97,1738.8,643.3611,1118414.779886,4807
2026-07-08 09:40:00,1738.79,1740.77,1737.68,1740.61,1141.7881,1986212.327479,6287
2026-07-08 09:45:00,1740.62,1740.7,1737.91,1738.68,494.4675,859912.920993,4314
2026-07-08 09:50:00,1738.66,1739.29,1737.09,1737.11,642.2206,1116323.404964,4712
2026-07-08 09:55:00,1737.11,1737.59,1735.74,1736.05,425.7364,739309.683777,4080
2026-07-08 10:00:00,1736.06,1737.99,1734.06,1735.0,563.8125,978743.720742,12523
2026-07-08 10:05:00,1734.99,1735.24,1733.75,1734.14,361.5302,626945.228678,8122
2026-07-08 10:10:00,1734.14,1735.98,1732.6,1735.98,567.5074,984132.978612,8106
2026-07-08 10:15:00,1735.97,1737.44,1735.06,1737.44,716.0439,1243095.090347,8529
2026-07-08 10:20:00,1737.45,1739.49,1737.33,1738.39,362.6841,630556.108086,6530
2026-07-08 10:25:00,1738.39,1740.35,1738.11,1739.89,275.9942,480042.680595,3563
2026-07-08 10:30:00,1739.89,1741.66,1738.49,1741.35,586.4278,1020551.361887,8009
2026-07-08 10:35:00,1741.35,1742.3,1739.35,1740.86,601.9048,1047653.163084,4334
2026-07-08 10:40:00,1740.85,1741.16,1739.99,1740.83,209.2723,364216.327348,2924
2026-07-08 10:45:00,1740.83,1740.83,1738.13,1739.38,526.28,915716.601527,3420
2026-07-08 10:50:00,1739.39,1740.74,1739.39,1739.92,297.4144,517461.758021,2744
2026-07-08 10:55:00,1739.92,1740.55,1738.5,1739.34,349.2631,607426.563031,2499
2026-07-08 11:00:00,1739.34,1740.38,1737.73,1738.05,637.9612,1109447.648659,5852
2026-07-08 11:05:00,1738.05,1739.37,1737.5,1738.39,329.4768,572834.907735,4124
2026-07-08 11:10:00,1738.39,1738.72,1736.02,1737.75,270.7399,470463.64735,4142
2026-07-08 11:15:00,1737.75,1740.5,1737.13,1739.98,357.5617,621496.151763,4060
2026-07-08 11:20:00,1739.98,1739.98,1737.19,1737.68,202.5369,352088.683093,3320
2026-07-08 11:25:00,1737.67,1738.58,1737.31,1738.57,233.0932,405078.005629,2435
2026-07-08 11:30:00,1738.58,1739.08,1736.57,1738.8,517.2993,899229.346158,4203
2026-07-08 11:35:00,1738.81,1739.92,1736.65,1736.65,304.569,529331.521682,4098
2026-07-08 11:40:00,1736.65,1748.05,1736.21,1746.24,2496.5411,4354178.430771,11306
2026-07-08 11:45:00,1746.23,1750.96,1744.0,1748.46,1831.1492,3201230.419668,10623
2026-07-08 11:50:00,1748.45,1750.2,1746.14,1750.09,500.5411,875218.950266,5976
2026-07-08 11:55:00,1750.09,1750.14,1747.11,1747.95,681.2859,1190698.051517,4579
2026-07-08 12:00:00,1747.95,1748.06,1745.23,1746.74,950.1735,1659751.967131,7773
2026-07-08 12:05:00,1746.73,1750.73,1746.73,1750.57,702.8505,1229605.911494,10253
2026-07-08 12:10:00,1750.57,1751.25,1747.61,1747.73,807.3487,1412326.002629,9385
2026-07-08 12:15:00,1747.74,1749.66,1747.02,1749.26,481.9108,842727.505965,7638
2026-07-08 12:20:00,1749.25,1749.3,1746.41,1746.42,393.2385,687104.030701,4850
2026-07-08 12:25:00,1746.41,1747.63,1746.0,1747.49,380.5053,664537.903663,3716
2026-07-08 12:30:00,1747.48,1747.8,1744.13,1745.64,501.2101,875103.373512,9965
2026-07-08 12:35:00,1745.65,1746.01,1744.07,1745.69,388.2959,677584.507199,6751
2026-07-08 12:40:00,1745.69,1745.69,1743.4,1744.0,683.1883,1191738.074797,6129
2026-07-08 12:45:00,1744.0,1744.38,1742.82,1742.84,327.8845,571746.317011,5140
2026-07-08 12:50:00,1742.83,1744.99,1742.34,1744.8,746.9708,1302671.550912,5838
2026-07-08 12:55:00,1744.79,1747.1,1738.2,1738.58,1698.6072,2959865.895061,11306
2026-07-08 13:00:00,1738.58,1740.43,1738.09,1739.97,456.2337,793561.21971,6158
2026-07-08 13:05:00,1739.98,1742.93,1737.42,1742.92,911.5578,1585767.622917,8996
2026-07-08 13:10:00,1742.93,1742.93,1739.09,1740.03,1371.668,2387583.19721,11253
2026-07-08 13:15:00,1740.03,1741.0,1738.15,1738.29,491.3022,854753.160897,8026
2026-07-08 13:20:00,1738.3,1739.0,1736.26,1737.19,840.356,1460515.312485,6062
2026-07-08 13:25:00,1737.19,1737.82,1733.89,1736.57,1025.0124,1779103.964145,9696
2026-07-08 13:30:00,1736.59,1743.13,1736.59,1741.21,2084.8573,3626851.044099,17955
2026-07-08 13:35:00,1741.21,1742.22,1737.83,1741.58,1003.2651,1745832.431132,17166
2026-07-08 13:40:00,1741.58,1744.25,1738.63,1739.36,875.4511,1524782.903676,10003
2026-07-08 13:45:00,1739.35,1739.82,1731.22,1733.7,1441.4086,2501668.725753,12778
2026-07-08 13:50:00,1733.71,1735.83,1732.06,1733.55,923.0267,1600522.050739,10465
2026-07-08 13:55:00,1733.55,1738.9,1731.57,1737.72,1124.436,1950956.35276,12507
2026-07-08 14:00:00,1737.71,1740.62,1736.55,1737.0,859.1973,1493587.965263,25880
2026-07-08 14:05:00,1737.0,1739.06,1734.9,1737.94,1437.8971,2498259.29645,22692
2026-07-08 14:10:00,1737.94,1739.93,1735.04,1735.6,537.2283,933231.882105,16963
2026-07-08 14:15:00,1735.6,1735.6,1726.06,1731.32,2337.8647,4044646.421897,23506
2026-07-08 14:20:00,1731.32,1740.95,1731.23,1736.36,1314.7691,2284861.369206,16530
2026-07-08 14:25:00,1736.36,1738.97,1732.61,1732.82,1079.45,1873322.65953,13128
2026-07-08 14:30:00,1732.81,1733.87,1728.0,1732.51,953.4067,1650913.826744,27168
2026-07-08 14:35:00,1732.51,1732.99,1728.98,1730.11,598.7377,1036272.001254,19157
2026-07-08 14:40:00,1730.12,1732.76,1728.42,1729.77,712.9224,1233447.974303,16869
2026-07-08 14:45:00,1729.77,1729.77,1722.13,1726.43,2468.6807,4259453.355118,26708
2026-07-08 14:50:00,1726.43,1733.23,1723.65,1732.33,1544.4316,2669395.726902,22458
2026-07-08 14:55:00,1732.32,1732.47,1729.06,1729.62,440.1965,761833.766609,6624
2026-07-08 15:00:00,1729.62,1730.53,1725.7,1725.77,1158.8266,2001746.141202,9618
2026-07-08 15:05:00,1725.77,1728.5,1722.52,1722.71,2130.9477,3678136.259467,9395
2026-07-08 15:10:00,1722.7,1723.21,1716.73,1717.53,2817.7447,4846301.405832,17582
2026-07-08 15:15:00,1717.54,1720.41,1713.44,1719.65,2536.2326,4353049.698627,25022
2026-07-08 15:20:00,1719.66,1720.0,1715.12,1715.34,1261.8868,2168191.98396,20772
2026-07-08 15:25:00,1715.33,1720.45,1714.87,1717.47,1547.368,2657458.185731,22847
2026-07-08 15:30:00,1717.46,1721.12,1716.35,1720.54,731.6993,1257686.455635,16934
2026-07-08 15:35:00,1720.54,1723.54,1720.05,1721.0,942.3672,1622428.204534,16066
2026-07-08 15:40:00,1721.01,1722.38,1718.51,1719.56,618.1276,1063385.873608,11043
2026-07-08 15:45:00,1719.55,1722.51,1718.33,1722.09,1627.1111,2798437.167466,16246
2026-07-08 15:50:00,1722.09,1723.94,1721.43,1722.25,1182.3161,2036917.935423,12429
2026-07-08 15:55:00,1722.26,1723.89,1721.79,1722.96,783.4283,1349626.883613,7880
2026-07-08 16:00:00,1722.96,1725.75,1722.78,1724.53,870.7797,1501532.051678,13896
2026-07-08 16:05:00,1724.53,1728.95,1724.53,1728.37,987.6472,1705301.553634,11579
2026-07-08 16:10:00,1728.37,1728.54,1726.35,1726.58,552.1669,953915.556523,5890
2026-07-08 16:15:00,1726.58,1728.01,1725.19,1726.69,544.5683,940215.73106,5990
2026-07-08 16:20:00,1726.7,1732.09,1726.7,1729.74,806.6776,1395446.838502,7833
2026-07-08 16:25:00,1729.74,1733.52,1729.64,1731.23,623.6299,1079942.053964,6262
2026-07-08 16:30:00,1731.22,1732.13,1729.04,1729.07,466.4581,807171.728458,4573
2026-07-08 16:35:00,1729.06,1731.25,1726.82,1730.75,1256.3644,2172530.964673,12354
2026-07-08 16:40:00,1730.74,1737.5,1729.6,1735.89,1339.6147,2323417.202826,18268
2026-07-08 16:45:00,1735.89,1735.99,1734.39,1734.63,355.622,617098.310658,4511
2026-07-08 16:50:00,1734.63,1735.97,1733.18,1735.5,772.3914,1340062.050581,5720
2026-07-08 16:55:00,1735.5,1738.18,1735.29,1736.38,655.5088,1138475.826379,6302
2026-07-08 17:00:00,1736.39,1736.48,1733.69,1734.25,1792.1862,3109535.845267,5777
2026-07-08 17:05:00,1734.25,1738.08,1732.81,1735.94,1084.5704,1881633.73064,6458
2026-07-08 17:10:00,1735.94,1735.95,1734.0,1734.01,341.6126,592651.33506,3965
2026-07-08 17:15:00,1734.01,1737.16,1734.0,1737.09,374.3217,649582.527303,3790
2026-07-08 17:20:00,1737.09,1741.98,1736.65,1740.25,965.3633,1679286.331582,9096
2026-07-08 17:25:00,1740.25,1743.0,1740.03,1743.0,623.0297,1084929.055634,6035
2026-07-08 17:30:00,1742.99,1746.52,1742.92,1744.24,1171.1378,2043107.656769,8585
2026-07-08 17:35:00,1744.24,1745.0,1742.97,1744.88,696.7774,1215301.689109,5783
2026-07-08 17:40:00,1744.87,1744.87,1740.68,1740.86,362.2914,631091.062517,4812
2026-07-08 17:45:00,1740.85,1740.88,1738.9,1739.0,448.044,779517.84824,5830
2026-07-08 17:50:00,1739.0,1739.61,1731.78,1732.53,1851.7023,3213139.42182,9303
2026-07-08 17:55:00,1732.53,1733.38,1730.96,1733.15,939.8158,1627855.44983,8396
2026-07-08 18:00:00,1733.16,1739.2,1732.34,1737.95,1152.6319,2001634.861353,15749
2026-07-08 18:05:00,1737.95,1739.1,1736.2,1737.71,397.183,690146.283698,11662
2026-07-08 18:10:00,1737.71,1740.32,1737.35,1740.06,402.9626,700888.886497,6725
2026-07-08 18:15:00,1740.05,1740.36,1737.2,1738.88,902.5155,1569178.282561,13134
2026-07-08 18:20:00,1738.88,1739.09,1736.34,1736.6,346.5285,602080.73833,6766
2026-07-08 18:25:00,1736.61,1737.77,1735.75,1737.0,277.1855,481411.851465,6513
2026-07-08 18:30:00,1737.0,1737.0,1732.45,1732.52,415.8724,721294.199657,10266
2026-07-08 18:35:00,1732.52,1732.73,1730.59,1731.14,627.1146,1085927.965167,8519
2026-07-08 18:40:00,1731.15,1732.35,1730.03,1732.35,429.8959,744329.261219,7226
2026-07-08 18:45:00,1732.34,1737.46,1732.0,1737.46,427.7521,742141.928344,8990
2026-07-08 18:50:00,1737.46,1741.2,1737.45,1738.01,896.5383,1559466.307282,10580
2026-07-08 18:55:00,1738.01,1738.01,1736.58,1737.46,326.3182,566862.897699,5394
2026-07-08 19:00:00,1737.46,1740.39,1736.84,1737.08,390.1226,678146.781027,8629
2026-07-08 19:05:00,1737.08,1737.23,1735.0,1736.55,392.6711,681736.737252,7093
2026-07-08 19:10:00,1736.56,1736.56,1733.81,1734.16,279.9903,485710.594731,4091
2026-07-08 19:15:00,1734.17,1735.91,1733.61,1734.1,276.7467,480125.842364,2535
2026-07-08 19:20:00,1734.09,1737.73,1734.08,1737.44,256.5402,445383.653148,3133
2026-07-08 19:25:00,1737.45,1738.74,1737.0,1738.17,237.8078,413262.997174,3422
2026-07-08 19:30:00,1738.16,1740.0,1738.1,1738.78,522.7445,909151.561089,5172
2026-07-08 19:35:00,1738.78,1740.0,1738.06,1739.35,329.4332,572974.582881,4339
2026-07-08 19:40:00,1739.36,1740.48,1738.96,1740.47,220.1147,382933.787108,3604
2026-07-08 19:45:00,1740.47,1740.47,1736.15,1736.26,442.376,768967.744275,6674
2026-07-08 19:50:00,1736.26,1737.77,1734.22,1737.77,613.8235,1065496.616323,6826
2026-07-08 19:55:00,1737.76,1741.52,1737.67,1740.98,937.5624,1631168.068602,8183
2026-07-08 20:00:00,1740.99,1741.31,1737.41,1738.67,534.1557,928724.704519,5935
2026-07-08 20:05:00,1738.67,1740.68,1738.61,1740.29,310.5555,540279.081983,5741
2026-07-08 20:10:00,1740.28,1740.28,1735.57,1738.13,653.0393,1134783.072624,6122
2026-07-08 20:15:00,1738.12,1738.12,1734.62,1735.07,361.9435,628269.302767,6151
2026-07-08 20:20:00,1735.07,1739.11,1734.8,1737.52,555.6603,965502.693246,8751
2026-07-08 20:25:00,1737.53,1739.36,1737.52,1739.35,183.2739,318570.077486,1742
2026-07-08 20:30:00,1739.35,1739.41,1736.98,1737.6,360.1436,626043.009801,6055
2026-07-08 20:35:00,1737.6,1737.68,1734.93,1736.44,232.3227,403298.268673,5514
2026-07-08 20:40:00,1736.44,1738.77,1736.44,1737.68,287.6001,499863.437968,3833
2026-07-08 20:45:00,1737.68,1737.93,1737.0,1737.25,188.0792,326760.58817,2802
2026-07-08 20:50:00,1737.26,1738.67,1735.77,1736.2,161.9751,281396.867033,4152
2026-07-08 20:55:00,1736.21,1736.75,1735.67,1736.42,406.6933,706140.619599,3375
2026-07-08 21:00:00,1736.42,1737.53,1735.13,1736.37,344.6103,598383.987891,5540
2026-07-08 21:05:00,1736.37,1737.11,1734.71,1735.63,300.9919,522495.746916,4440
2026-07-08 21:10:00,1735.64,1735.68,1731.41,1733.07,381.7847,661736.790292,5605
2026-07-08 21:15:00,1733.07,1734.3,1732.02,1733.55,200.6947,347803.991368,3879
2026-07-08 21:20:00,1733.54,1734.06,1733.07,1733.88,172.2627,298663.561958,2124
2026-07-08 21:25:00,1733.88,1735.34,1733.0,1735.33,211.9012,367490.765931,2025
2026-07-08 21:30:00,1735.33,1736.18,1734.81,1735.24,171.3512,297384.050441,2048
2026-07-08 21:35:00,1735.23,1737.0,1733.04,1736.37,374.3236,649580.525271,3408
2026-07-08 21:40:00,1736.37,1736.79,1734.81,1735.23,198.0009,343741.125825,2410
2026-07-08 21:45:00,1735.23,1739.01,1734.81,1738.28,322.9075,561081.221117,5149
2026-07-08 21:50:00,1738.29,1739.36,1737.26,1738.98,155.7852,270807.581785,2212
2026-07-08 21:55:00,1738.98,1740.0,1738.06,1738.06,137.0063,238286.555507,2435
2026-07-08 22:00:00,1738.07,1741.67,1737.9,1740.36,605.0646,1052844.024247,6099
2026-07-08 22:05:00,1740.36,1743.43,1738.82,1739.33,446.2603,777091.942349,5757
2026-07-08 22:10:00,1739.32,1739.95,1738.05,1738.35,116.2493,202152.622153,2716
2026-07-08 22:15:00,1738.34,1739.71,1736.83,1737.99,279.5851,486005.729065,3468
2026-07-08 22:20:00,1737.98,1739.71,1736.83,1739.58,158.9518,276217.109924,2417
2026-07-08 22:25:00,1739.58,1740.18,1738.66,1739.64,95.7785,166588.895926,1932
2026-07-08 22:30:00,1739.65,1741.0,1738.28,1740.32,248.0279,431455.91152,4474
2026-07-08 22:35:00,1740.31,1740.31,1738.81,1739.08,179.133,311552.495324,2113
2026-07-08 22:40:00,1739.08,1740.41,1739.08,1740.23,96.7075,168275.347597,1601
2026-07-08 22:45:00,1740.22,1740.54,1740.05,1740.05,128.834,224199.047069,1075
2026-07-08 22:50:00,1740.05,1740.06,1738.95,1739.15,192.3408,334578.001997,2046
2026-07-08 22:55:00,1739.14,1741.6,1739.14,1741.4,186.7307,324999.259771,1744
2026-07-08 23:00:00,1741.39,1741.39,1739.93,1740.8,258.0702,449234.043747,3478
2026-07-08 23:05:00,1740.79,1742.64,1740.76,1741.9,234.8707,409133.841018,2825
2026-07-08 23:10:00,1741.9,1744.0,1741.29,1741.77,293.0725,510685.318582,5300
2026-07-08 23:15:00,1741.78,1742.35,1740.29,1740.36,225.8859,393357.508973,3522
2026-07-08 23:20:00,1740.35,1741.6,1739.58,1740.51,346.8219,603647.171508,3941
2026-07-08 23:25:00,1740.52,1740.65,1739.73,1740.65,210.0082,365418.269451,2245
2026-07-08 23:30:00,1740.64,1742.73,1738.82,1741.42,466.6651,812500.675595,6300
2026-07-08 23:35:00,1741.42,1742.25,1740.86,1740.86,384.6969,669991.852051,5947
2026-07-08 23:40:00,1740.86,1742.34,1740.08,1742.14,176.5068,307304.890964,3816
2026-07-08 23:45:00,1742.13,1742.7,1740.46,1741.42,213.5942,371975.751806,7183
2026-07-08 23:50:00,1741.42,1744.23,1741.08,1743.34,428.0912,746008.274925,7042
2026-07-08 23:55:00,1743.34,1744.81,1743.31,1743.54,594.9236,1037687.981648,5689
2026-07-09 00:00:00,1743.55,1744.25,1741.45,1742.19,653.4735,1138856.865367,14216
2026-07-09 00:05:00,1742.19,1742.73,1740.95,1740.95,498.925,869129.376819,8688
2026-07-09 00:10:00,1740.94,1743.7,1740.14,1742.96,622.121,1083901.613356,5351
2026-07-09 00:15:00,1742.96,1743.25,1740.02,1740.39,344.5819,600121.049321,6208
2026-07-09 00:20:00,1740.39,1742.3,1739.43,1739.72,396.743,690759.632255,4045
2026-07-09 00:25:00,1739.74,1741.98,1738.89,1741.9,252.2037,438922.600026,3636
2026-07-09 00:30:00,1741.91,1744.68,1740.27,1740.91,424.5937,739841.202975,6427
2026-07-09 00:35:00,1740.92,1741.98,1739.86,1739.86,204.8857,356717.960684,4503
2026-07-09 00:40:00,1739.86,1740.49,1737.79,1740.29,264.7949,460513.257088,4855
2026-07-09 00:45:00,1740.29,1741.92,1739.84,1740.69,245.6924,427773.945878,3660
2026-07-09 00:50:00,1740.69,1740.84,1736.98,1737.9,470.1549,817594.822023,5532
2026-07-09 00:55:00,1737.91,1738.28,1737.26,1738.22,181.2844,315035.055665,3099
2026-07-09 01:00:00,1738.22,1740.82,1737.77,1739.25,569.4958,990591.601509,7648
2026-07-09 01:05:00,1739.25,1756.24,1738.0,1754.69,3694.6377,6457319.835246,17600
2026-07-09 01:10:00,1754.68,1756.79,1746.9,1747.94,1590.4611,2785196.009545,23083
2026-07-09 01:15:00,1747.94,1751.08,1745.7,1750.94,1213.0049,2121970.40654,18245
2026-07-09 01:20:00,1750.94,1751.86,1746.33,1746.8,716.2123,1252738.93071,9899
2026-07-09 01:25:00,1746.81,1748.18,1744.86,1746.66,309.2192,540116.867681,7449
2026-07-09 01:30:00,1746.66,1747.33,1741.44,1742.0,677.9199,1182265.38537,8733
2026-07-09 01:35:00,1742.0,1742.65,1739.56,1739.89,539.7153,939612.742979,5524
2026-07-09 01:40:00,1739.89,1739.93,1734.25,1736.6,858.4877,1490741.58402,8321
2026-07-09 01:45:00,1736.61,1736.91,1732.83,1735.53,630.1994,1093305.878175,7697
2026-07-09 01:50:00,1735.54,1735.54,1730.29,1733.08,1334.7968,2311725.06847,9090
2026-07-09 01:55:00,1733.07,1733.21,1730.58,1731.79,417.1804,722511.122744,5436
2026-07-09 02:00:00,1731.8,1734.42,1728.67,1733.73,862.5837,1493370.034922,10545
2026-07-09 02:05:00,1733.74,1738.21,1733.11,1737.36,443.7444,770232.616323,7325
2026-07-09 02:10:00,1737.37,1739.47,1737.35,1737.96,559.5948,972602.816731,6116
2026-07-09 02:15:00,1737.96,1738.76,1734.42,1736.43,370.6024,643403.551774,5610
2026-07-09 02:20:00,1736.42,1738.18,1735.29,1736.12,291.247,505776.652989,4382
2026-07-09 02:25:00,1736.12,1737.42,1734.0,1735.44,267.097,463481.080998,3697
2026-07-09 02:30:00,1735.44,1735.49,1729.23,1729.82,775.3153,1343179.906577,12123
2026-07-09 02:35:00,1729.83,1730.8,1727.45,1730.66,504.5691,872490.145567,13112
2026-07-09 02:40:00,1730.67,1731.36,1726.69,1726.71,393.0549,679542.060688,9745
2026-07-09 02:45:00,1726.71,1728.26,1725.13,1726.15,551.2531,951837.427809,10627
2026-07-09 02:50:00,1726.14,1728.98,1723.6,1728.98,810.9249,1399539.842198,13703
2026-07-09 02:55:00,1728.98,1728.98,1727.01,1727.3,400.8594,692575.506351,6592
2026-07-09 03:00:00,1727.3,1728.07,1724.51,1724.79,470.1567,811469.959237,8570
2026-07-09 03:05:00,1724.78,1726.8,1723.59,1725.98,439.7426,758656.914861,6088
2026-07-09 03:10:00,1725.98,1728.14,1724.52,1728.01,410.8411,709041.29154,4744
2026-07-09 03:15:00,1728.02,1730.07,1721.93,1724.29,737.9469,1273426.318736,8656
2026-07-09 03:20:00,1724.29,1728.92,1724.29,1728.76,233.8783,403895.240498,4752
2026-07-09 03:25:00,1728.76,1729.89,1727.47,1729.3,230.776,398999.135695,3387
2026-07-09 03:30:00,1729.31,1734.61,1729.31,1732.4,587.1707,1017041.011308,6223
2026-07-09 03:35:00,1732.41,1733.41,1731.32,1731.55,210.1485,364120.485438,6878
2026-07-09 03:40:00,1731.55,1731.55,1727.63,1730.68,347.4656,600833.979961,6916
2026-07-09 03:45:00,1730.68,1730.69,1728.56,1729.27,336.2449,581551.353406,5100
2026-07-09 03:50:00,1729.27,1730.42,1729.0,1730.32,142.8636,247095.361522,4210
2026-07-09 03:55:00,1730.33,1731.26,1730.32,1730.7,301.7409,522247.341981,2907
2026-07-09 04:00:00,1730.7,1732.36,1730.35,1732.13,379.5571,657260.85379,6312
2026-07-09 04:05:00,1732.12,1733.73,1732.12,1732.76,328.9821,570008.093778,4476
2026-07-09 04:10:00,1732.76,1733.03,1730.64,1731.33,371.4968,643322.545042,5572
2026-07-09 04:15:00,1731.34,1734.0,1731.17,1731.66,147.3046,255195.396415,4776
2026-07-09 04:20:00,1731.66,1731.66,1730.84,1731.18,154.6877,267817.311696,3648
2026-07-09 04:25:00,1731.18,1733.66,1730.89,1733.66,311.7628,540208.799334,3853
2026-07-09 04:30:00,1733.65,1738.9,1733.51,1737.2,572.701,994644.592975,8262
2026-07-09 04:35:00,1737.19,1740.88,1737.17,1739.46,591.7498,1029162.341779,8115
2026-07-09 04:40:00,1739.46,1741.36,1739.13,1740.17,750.9166,1306568.066698,5477
2026-07-09 04:45:00,1740.18,1740.34,1738.33,1739.16,558.0032,970528.592631,6704
2026-07-09 04:50:00,1739.16,1741.61,1739.16,1739.96,453.9595,790279.40255,5627
2026-07-09 04:55:00,1739.95,1743.94,1739.51,1742.51,1131.0081,1970185.979922,6873
2026-07-09 05:00:00,1742.51,1742.75,1739.75,1742.56,487.2456,848309.32029,5890
2026-07-09 05:05:00,1742.56,1742.69,1740.17,1742.22,321.9598,560567.965291,3731
2026-07-09 05:10:00,1742.22,1748.46,1741.77,1744.39,1616.7322,2822288.671705,9727
2026-07-09 05:15:00,1744.39,1745.46,1742.17,1742.98,1127.913,1967781.838002,9610
2026-07-09 05:20:00,1742.99,1743.19,1738.66,1739.75,503.7118,876779.833255,7902
2026-07-09 05:25:00,1739.74,1740.0,1738.51,1739.33,240.7728,418749.272311,3656
2026-07-09 05:30:00,1739.34,1740.07,1737.46,1740.07,283.7281,493225.289329,3406
2026-07-09 05:35:00,1740.07,1742.47,1739.8,1741.51,423.8595,738126.20468,3285
2026-07-09 05:40:00,1741.5,1743.16,1741.3,1742.76,282.9469,492989.434148,3155
2026-07-09 05:45:00,1742.76,1746.47,1742.15,1746.46,844.803,1474058.528516,4446
2026-07-09 05:50:00,1746.46,1748.33,1745.91,1747.75,583.4821,1019337.17405,5744
2026-07-09 05:55:00,1747.75,1749.48,1747.34,1749.39,646.64,1130658.663862,3739
2026-07-09 06:00:00,1749.38,1753.7,1749.13,1750.29,2068.9641,3623843.483658,12304
2026-07-09 06:05:00,1750.28,1751.35,1746.72,1746.75,934.1876,1633973.25782,6457
2026-07-09 06:10:00,1746.75,1747.74,1745.91,1747.74,504.5438,881501.084019,3340
2026-07-09 06:15:00,1747.73,1749.02,1746.32,1747.94,422.8476,739193.965044,5523
2026-07-09 06:20:00,1747.94,1751.44,1746.74,1750.45,884.6416,1547811.598518,6565
2026-07-09 06:25:00,1750.44,1755.6,1750.0,1752.94,1805.0173,3165054.466263,13924
2026-07-09 06:30:00,1752.94,1753.34,1751.63,1752.27,329.4784,577385.387485,8445
2026-07-09 06:35:00,1752.27,1755.0,1752.26,1753.55,947.8788,1662398.754365,10264
2026-07-09 06:40:00,1753.54,1755.27,1752.8,1755.26,661.6465,1160402.636347,6279
2026-07-09 06:45:00,1755.26,1755.44,1753.44,1753.44,741.4499,1300833.996055,6043
2026-07-09 06:50:00,1753.44,1754.21,1753.05,1753.16,540.5444,947854.541711,3412
2026-07-09 06:55:00,1753.17,1755.69,1752.86,1755.26,402.036,705206.678714,3976
2026-07-09 07:00:00,1755.27,1762.36,1754.67,1756.09,2183.884,3840011.832279,15203
2026-07-09 07:05:00,1756.08,1756.6,1753.29,1753.41,963.2546,1689888.949539,7021
2026-07-09 07:10:00,1753.41,1754.05,1752.14,1753.81,603.7161,1058147.972754,4412
2026-07-09 07:15:00,1753.82,1757.29,1751.49,1757.16,690.3513,1210565.132659,9503
2026-07-09 07:20:00,1757.16,1757.16,1752.27,1752.28,863.427,1515769.145323,7558
2026-07-09 07:25:00,1752.28,1753.6,1749.83,1752.48,3943.3749,6904318.738902,7927
2026-07-09 07:30:00,1752.48,1752.94,1751.69,1752.39,775.7393,1359367.622776,7747
2026-07-09 07:35:00,1752.39,1752.59,1750.97,1751.57,984.5312,1724525.827283,7610
2026-07-09 07:40:00,1751.57,1756.04,1751.04,1756.0,703.9209,1233870.747084,8757
2026-07-09 07:45:00,1756.0,1761.71,1755.99,1757.12,1034.6523,1819001.515025,8206
2026-07-09 07:50:00,1757.11,1757.12,1755.35,1755.36,860.7387,1511530.231632,5346
2026-07-09 07:55:00,1755.35,1755.36,1752.18,1753.31,660.3955,1158106.828101,3851
2026-07-09 08:00:00,1753.3,1754.17,1750.92,1753.05,441.7717,774106.959749,5768
2026-07-09 08:05:00,1753.05,1754.71,1752.59,1753.28,555.9848,974854.696435,5029
2026-07-09 08:10:00,1753.28,1754.65,1752.94,1754.24,403.1418,707051.798793,5028
2026-07-09 08:15:00,1754.23,1755.94,1753.88,1755.13,591.9676,1038793.826596,7148
2026-07-09 08:20:00,1755.14,1757.61,1755.14,1756.5,479.4773,842302.79691,6876
2026-07-09 08:25:00,1756.5,1758.06,1755.87,1758.06,277.0793,486875.613464,4171
2026-07-09 08:30:00,1758.05,1758.6,1756.53,1756.79,384.3055,675542.296201,3912
2026-07-09 08:35:00,1756.79,1758.08,1756.48,1757.69,582.0939,1022953.961068,5971
2026-07-09 08:40:00,1757.69,1758.68,1756.85,1757.77,335.4617,589579.590098,4783
2026-07-09 08:45:00,1757.77,1757.78,1755.27,1755.56,292.4233,513544.001721,5686
2026-07-09 08:50:00,1755.55,1755.56,1752.59,1754.99,443.8743,778751.232362,6474
2026-07-09 08:55:00,1755.0,1755.18,1753.94,1754.45,174.3133,305815.642058,3262
2026-07-09 09:00:00,1754.45,1755.03,1752.81,1753.14,610.2408,1070046.424072,6660
2026-07-09 09:05:00,1753.14,1753.54,1751.4,1752.38,466.9668,818364.948884,6031
2026-07-09 09:10:00,1752.38,1753.13,1752.05,1752.59,441.1492,773128.292337,3505
2026-07-09 09:15:00,1752.58,1754.19,1751.66,1752.07,894.1677,1567166.929559,6379
2026-07-09 09:20:00,1752.06,1752.71,1751.9,1751.9,206.1523,361253.891652,1747
2026-07-09 09:25:00,1751.9,1754.06,1751.21,1753.65,325.6611,570813.788611,4914
2026-07-09 09:30:00,1753.65,1755.08,1752.85,1754.31,355.1545,622975.337643,3795
2026-07-09 09:35:00,1754.31,1755.41,1753.26,1754.56,220.1308,386195.966682,3009
2026-07-09 09:40:00,1754.56,1754.69,1749.47,1750.08,584.696,1024117.998102,4923
2026-07-09 09:45:00,1750.09,1752.62,1749.49,1752.09,299.6316,524667.026693,2635
2026-07-09 09:50:00,1752.09,1755.24,1752.09,1755.23,429.4183,753331.527849,3094
2026-07-09 09:55:00,1755.23,1756.52,1755.23,1755.78,267.0775,468971.780317,1926
2026-07-09 10:00:00,1755.77,1755.97,1754.83,1755.26,256.5454,450320.527866,2374
2026-07-09 10:05:00,1755.26,1756.64,1755.0,1756.18,227.4087,399263.567687,3006
2026-07-09 10:10:00,1756.19,1757.34,1755.01,1755.68,412.3244,724239.980344,3010
2026-07-09 10:15:00,1755.67,1756.56,1755.0,1755.18,109.6545,192519.698884,2252
2026-07-09 10:20:00,1755.18,1755.19,1753.0,1753.05,274.5924,481572.858907,2763
2026-07-09 10:25:00,1753.04,1753.05,1752.3,1752.7,368.7626,646312.967906,2323
2026-07-09 10:30:00,1752.69,1753.46,1752.08,1753.01,307.9563,539769.78238,2894
2026-07-09 10:35:00,1753.0,1754.48,1752.91,1753.49,224.114,393014.566252,2257
2026-07-09 10:40:00,1753.48,1753.49,1751.87,1752.65,158.2349,277300.348195,2515
2026-07-09 10:45:00,1752.65,1752.66,1750.6,1750.6,259.2591,454066.034109,2669
2026-07-09 10:50:00,1750.6,1750.96,1744.1,1745.65,1245.3907,2174793.728974,12555
2026-07-09 10:55:00,1745.65,1746.74,1744.26,1746.31,537.7965,938802.287641,6227
2026-07-09 11:00:00,1746.31,1748.09,1745.77,1746.83,768.2357,1342053.732909,7611
2026-07-09 11:05:00,1746.83,1747.62,1745.91,1746.24,429.07,749524.003835,5302
2026-07-09 11:10:00,1746.24,1748.49,1745.82,1748.39,165.9475,289999.651705,5013
2026-07-09 11:15:00,1748.39,1748.39,1743.11,1743.11,522.4502,911863.056125,7644
2026-07-09 11:20:00,1743.11,1744.59,1741.26,1741.59,626.2809,1091430.232197,9023
2026-07-09 11:25:00,1741.58,1744.04,1741.56,1742.44,394.0983,686877.081443,4305
2026-07-09 11:30:00,1742.45,1743.39,1741.54,1742.75,554.229,965862.998451,6115
2026-07-09 11:35:00,1742.76,1744.3,1741.96,1743.72,589.2864,1026935.772352,4323
2026-07-09 11:40:00,1743.72,1743.73,1742.13,1742.46,149.8964,261221.899257,3313
2026-07-09 11:45:00,1742.46,1744.02,1741.4,1742.94,597.2569,1040781.184996,4757
2026-07-09 11:50:00,1742.93,1744.85,1742.33,1743.69,508.3533,886431.839755,4318
2026-07-09 11:55:00,1743.69,1745.7,1743.69,1744.02,470.5097,821063.621011,3216
2026-07-09 12:00:00,1744.02,1744.3,1740.47,1741.05,597.6422,1041490.620607,8558
2026-07-09 12:05:00,1741.05,1745.51,1739.16,1744.23,1021.329,1779132.885468,9554
2026-07-09 12:10:00,1744.23,1744.46,1740.22,1740.69,685.5454,1194561.265402,5188
2026-07-09 12:15:00,1740.69,1742.5,1739.07,1741.17,320.8991,558544.142332,5448
2026-07-09 12:20:00,1741.17,1742.31,1740.04,1741.95,302.8714,527400.28628,4854
2026-07-09 12:25:00,1741.95,1743.44,1738.47,1741.05,5489.3179,9557870.579818,27933
2026-07-09 12:30:00,1741.06,1743.27,1739.79,1742.91,2553.5039,4446464.690939,15316
2026-07-09 12:35:00,1742.91,1747.2,1742.7,1746.09,824.8275,1439486.818128,13491
2026-07-09 12:40:00,1746.09,1746.8,1737.35,1738.7,1787.1195,3112527.416886,12703
2026-07-09 12:45:00,1738.71,1738.85,1734.7,1738.73,1448.7514,2515830.146328,13895
2026-07-09 12:50:00,1738.73,1743.4,1738.73,1742.1,3807.9703,6634439.289081,9541
2026-07-09 12:55:00,1742.11,1743.23,1741.41,1741.8,464.1673,808627.705375,4016
2026-07-09 13:00:00,1741.8,1748.56,1741.7,1747.14,1354.0063,2363544.890749,10442
2026-07-09 13:05:00,1747.14,1749.33,1746.36,1749.11,483.6633,845322.375698,6061
2026-07-09 13:10:00,1749.1,1750.55,1748.05,1748.99,572.0268,1000534.749564,5003
2026-07-09 13:15:00,1748.99,1749.0,1746.09,1746.95,415.7787,726525.715898,4897
2026-07-09 13:20:00,1746.94,1747.04,1744.02,1745.21,435.3973,760061.376632,7154
2026-07-09 13:25:00,1745.2,1746.94,1742.43,1743.86,703.8967,1227841.600133,11508
2026-07-09 13:30:00,1743.86,1744.73,1735.94,1740.68,1359.5903,2365915.643875,38226
2026-07-09 13:35:00,1740.69,1743.72,1738.18,1738.9,3906.6336,6798838.730784,26559
2026-07-09 13:40:00,1738.9,1745.98,1738.12,1745.98,928.8282,1617449.810953,23453
2026-07-09 13:45:00,1745.97,1746.27,1740.39,1743.5,734.649,1281191.66014,21627
2026-07-09 13:50:00,1743.49,1752.0,1742.47,1748.41,1453.1648,2540448.876318,27794
2026-07-09 13:55:00,1748.41,1748.68,1745.32,1746.99,544.0303,950422.333535,9701
2026-07-09 14:00:00,1746.99,1749.83,1745.43,1747.45,438.5153,766560.132502,9342
2026-07-09 14:05:00,1747.45,1748.93,1743.17,1743.17,503.9486,879588.896196,7533
2026-07-09 14:10:00,1743.17,1743.45,1740.94,1742.35,484.2861,843785.427492,7674
2026-07-09 14:15:00,1742.35,1742.35,1734.92,1737.57,1827.7945,3176158.144834,15621
2026-07-09 14:20:00,1737.58,1738.43,1733.36,1737.76,4808.2874,8342871.201925,25069
2026-07-09 14:25:00,1737.76,1740.74,1736.77,1740.37,910.637,1583281.538678,15428
2026-07-09 14:30:00,1740.38,1740.38,1736.65,1737.91,623.5688,1084095.632821,16937
2026-07-09 14:35:00,1737.9,1742.49,1736.34,1742.26,647.348,1125841.176012,16006
2026-07-09 14:40:00,1742.26,1744.04,1741.01,1741.13,473.5233,825189.271795,12836
2026-07-09 14:45:00,1741.13,1744.01,1740.72,1741.99,615.6225,1072656.129291,9215
2026-07-09 14:50:00,1742.0,1742.0,1737.0,1740.58,805.6545,1401411.341205,8253
2026-07-09 14:55:00,1740.57,1743.72,1739.85,1743.14,482.4455,840096.202448,4858
2026-07-09 15:00:00,1743.14,1744.72,1740.0,1741.26,387.1148,674530.027936,6346
2026-07-09 15:05:00,1741.27,1747.76,1740.38,1746.68,1308.7397,2284391.820994,9345
2026-07-09 15:10:00,1746.69,1747.57,1744.25,1745.43,354.5335,619013.791999,4947
2026-07-09 15:15:00,1745.42,1747.08,1743.47,1744.9,414.9641,724187.850799,6771
2026-07-09 15:20:00,1744.91,1749.37,1743.97,1745.22,553.3178,966370.392585,7182
2026-07-09 15:25:00,1745.22,1746.77,1741.53,1742.63,483.6411,843768.575892,4926
2026-07-09 15:30:00,1742.63,1745.43,1741.99,1741.99,321.4892,560527.283482,5304
2026-07-09 15:35:00,1741.99,1742.0,1738.71,1741.39,602.5868,1048700.46831,6756
2026-07-09 15:40:00,1741.4,1742.64,1740.88,1741.05,430.4694,749728.086283,3884
2026-07-09 15:45:00,1741.05,1742.95,1740.38,1742.7,426.4953,742981.271163,4110
2026-07-09 15:50:00,1742.71,1742.71,1740.15,1740.32,163.6432,284950.292301,3017
2026-07-09 15:55:00,1740.33,1740.51,1737.52,1739.51,494.4769,859872.181225,4848
2026-07-09 16:00:00,1739.51,1742.7,1739.36,1742.32,393.4237,684923.372887,4174
2026-07-09 16:05:00,1742.32,1743.84,1738.84,1739.34,351.8665,612795.504026,4721
2026-07-09 16:10:00,1739.35,1739.55,1737.78,1738.66,397.6294,691372.971672,3353
2026-07-09 16:15:00,1738.66,1739.45,1736.53,1737.31,466.3249,810464.092363,4684
2026-07-09 16:20:00,1737.3,1738.69,1736.0,1736.56,280.8431,487854.159005,4110
2026-07-09 16:25:00,1736.56,1736.56,1731.99,1736.16,706.2646,1224715.488794,7574
2026-07-09 16:30:00,1736.16,1737.36,1735.52,1735.85,379.1499,658314.763912,4851
2026-07-09 16:35:00,1735.86,1740.0,1735.14,1739.18,499.2268,867828.543873,5970
2026-07-09 16:40:00,1739.18,1740.25,1738.37,1738.66,223.2554,388343.079016,3327
2026-07-09 16:45:00,1738.66,1739.38,1735.43,1736.4,459.7325,798358.319768,4376
2026-07-09 16:50:00,1736.4,1739.41,1735.17,1738.96,455.4884,791371.42003,4773
2026-07-09 16:55:00,1738.96,1739.8,1737.87,1739.25,954.6326,1660007.881714,5246
2026-07-09 17:00:00,1739.25,1741.46,1739.24,1739.96,410.5631,714544.418543,7341
2026-07-09 17:05:00,1739.97,1742.25,1739.26,1740.0,194.0806,337809.252983,5537
2026-07-09 17:10:00,1740.0,1741.39,1738.46,1739.57,262.7305,457123.681883,6966
2026-07-09 17:15:00,1739.58,1744.41,1739.58,1743.51,564.4884,983061.948119,6808
2026-07-09 17:20:00,1743.51,1743.99,1742.0,1742.01,301.1367,524931.014844,5208
2026-07-09 17:25:00,1742.01,1742.71,1741.26,1742.71,189.5457,330171.174867,2715
2026-07-09 17:30:00,1742.71,1743.43,1740.47,1741.53,321.811,560549.615088,4944
2026-07-09 17:35:00,1741.52,1752.5,1740.97,1751.13,2250.9929,3934564.40373,9157
2026-07-09 17:40:00,1751.13,1751.13,1748.57,1749.57,479.9428,839680.9589,4434
2026-07-09 17:45:00,1749.58,1750.47,1748.59,1748.77,458.4286,802067.541714,4257
2026-07-09 17:50:00,1748.77,1749.61,1747.89,1747.92,148.624,259888.650631,2895
2026-07-09 17:55:00,1747.92,1748.8,1746.32,1748.52,320.4222,560000.970038,3870
2026-07-09 18:00:00,1748.53,1750.78,1747.7,1748.03,541.8991,947996.489108,4240
2026-07-09 18:05:00,1748.03,1757.59,1747.47,1753.37,1366.7059,2396752.474764,12414
2026-07-09 18:10:00,1753.38,1757.28,1752.8,1756.24,771.5456,1354604.043216,7022
2026-07-09 18:15:00,1756.25,1759.82,1754.89,1759.04,1141.2341,2005557.921161,7639
2026-07-09 18:20:00,1759.04,1759.04,1753.27,1753.77,649.4783,1140434.490011,9226
2026-07-09 18:25:00,1753.78,1754.74,1751.51,1754.74,757.4285,1327790.97104,7627
2026-07-09 18:30:00,1754.73,1754.74,1752.57,1753.76,1052.7647,1846080.251689,4113
2026-07-09 18:35:00,1753.77,1754.51,1752.1,1752.74,704.1157,1234538.611596,5237
2026-07-09 18:40:00,1752.73,1754.82,1752.73,1754.34,597.6107,1048103.882021,4317
2026-07-09 18:45:00,1754.33,1754.68,1753.46,1753.57,231.4612,406020.858247,2459
2026-07-09 18:50:00,1753.57,1754.48,1749.49,1750.92,320.3996,561241.374208,4141
2026-07-09 18:55:00,1750.93,1751.56,1750.05,1751.55,231.04,404526.409281,2512
2026-07-09 19:00:00,1751.56,1751.8,1749.76,1751.63,223.4584,391210.752467,3556
2026-07-09 19:05:00,1751.62,1751.7,1749.49,1750.6,488.2178,854644.025573,4123
2026-07-09 19:10:00,1750.6,1750.6,1748.58,1748.97,243.6563,426259.524895,2636
2026-07-09 19:15:00,1748.98,1749.7,1747.12,1748.53,430.7218,753064.837352,4665
2026-07-09 19:20:00,1748.52,1748.99,1747.62,1748.77,239.8772,419385.132511,2467
2026-07-09 19:25:00,1748.76,1750.19,1747.8,1749.86,272.0162,475724.104771,3853
2026-07-09 19:30:00,1749.86,1750.44,1748.84,1748.91,399.0338,698165.207058,2934
2026-07-09 19:35:00,1748.9,1751.27,1748.81,1750.99,218.1914,381923.399651,2461
2026-07-09 19:40:00,1751.0,1752.95,1750.68,1752.19,226.2672,396377.503222,3566
2026-07-09 19:45:00,1752.18,1752.38,1749.11,1749.74,341.6177,598117.932744,7467
2026-07-09 19:50:00,1749.74,1749.74,1747.9,1748.55,281.8967,492955.021791,5769
2026-07-09 19:55:00,1748.55,1749.76,1747.63,1748.51,733.8126,1283394.286842,6247
2026-07-09 20:00:00,1748.51,1749.69,1745.66,1746.25,541.4953,946342.178841,7795
2026-07-09 20:05:00,1746.25,1748.0,1746.0,1747.06,272.8231,476625.03154,4085
2026-07-09 20:10:00,1747.06,1747.81,1746.0,1746.34,317.8628,555296.766871,4214
2026-07-09 20:15:00,1746.34,1747.65,1745.27,1746.14,602.9869,1053089.792352,6408
2026-07-09 20:20:00,1746.13,1747.65,1746.04,1747.44,223.0138,389630.518731,3566
2026-07-09 20:25:00,1747.45,1749.0,1747.25,1748.07,212.3784,371262.032626,3991
2026-07-09 20:30:00,1748.07,1750.0,1747.17,1749.93,256.3921,448394.374899,4931
2026-07-09 20:35:00,1749.93,1750.36,1749.15,1749.15,354.0726,619593.435187,2713
2026-07-09 20:40:00,1749.16,1750.0,1748.82,1749.94,119.7538,209513.967588,2495
2026-07-09 20:45:00,1749.95,1750.11,1749.02,1749.02,98.8259,172928.252045,2628
2026-07-09 20:50:00,1749.02,1749.03,1747.65,1747.88,129.5973,226598.992432,2623
2026-07-09 20:55:00,1747.88,1749.03,1747.88,1748.76,160.9492,281408.300035,2894
2026-07-09 21:00:00,1748.77,1750.97,1748.77,1750.93,237.0454,414897.074038,4966
2026-07-09 21:05:00,1750.92,1750.93,1749.16,1749.9,332.0191,581005.837595,2121
2026-07-09 21:10:00,1749.89,1749.9,1746.74,1748.37,270.5809,473009.245638,3606
2026-07-09 21:15:00,1748.37,1749.7,1747.85,1748.97,240.2056,420008.183921,2911
2026-07-09 21:20:00,1748.98,1749.1,1747.27,1747.52,337.988,590866.674498,2119
2026-07-09 21:25:00,1747.52,1747.66,1745.94,1746.42,190.2916,332403.792063,2037
2026-07-09 21:30:00,1746.42,1746.92,1746.41,1746.67,227.9926,398243.061442,906
2026-07-09 21:35:00,1746.67,1747.35,1746.37,1747.34,175.9543,307359.128479,1647
2026-07-09 21:40:00,1747.35,1747.43,1745.27,1745.84,388.1594,677745.758698,3181
2026-07-09 21:45:00,1745.83,1746.59,1745.01,1746.59,374.0252,652947.267955,2964
2026-07-09 21:50:00,1746.59,1748.42,1745.83,1748.15,345.616,603820.718966,3876
2026-07-09 21:55:00,1748.14,1748.76,1747.51,1748.17,272.0932,475669.800658,1840
2026-07-09 22:00:00,1748.17,1750.24,1747.08,1748.37,576.315,1007730.842911,6477
2026-07-09 22:05:00,1748.37,1750.77,1747.23,1748.37,293.5655,513439.755811,4167
2026-07-09 22:10:00,1748.37,1748.37,1747.91,1748.2,122.8564,214766.417924,1469
2026-07-09 22:15:00,1748.21,1751.08,1747.92,1749.47,312.6763,547030.580885,4003
2026-07-09 22:20:00,1749.46,1750.45,1749.02,1750.09,205.1594,358995.646034,2776
2026-07-09 22:25:00,1750.1,1750.19,1748.98,1749.1,138.7399,242729.558998,1556
2026-07-09 22:30:00,1749.11,1749.63,1747.01,1747.01,142.4476,249139.021663,2081
2026-07-09 22:35:00,1747.02,1748.49,1746.33,1748.46,358.5474,626596.146733,2417
2026-07-09 22:40:00,1748.46,1750.98,1748.31,1750.08,314.0686,549474.772878,2615
2026-07-09 22:45:00,1750.08,1751.04,1749.73,1749.75,222.5176,389538.98035,2489
2026-07-09 22:50:00,1749.74,1749.75,1748.29,1748.54,170.5138,298193.353509,1729
2026-07-09 22:55:00,1748.54,1748.7,1747.5,1747.52,125.1347,218749.823075,1708
2026-07-09 23:00:00,1747.53,1748.76,1746.74,1748.76,152.6159,266678.170454,2939
2026-07-09 23:05:00,1748.75,1749.07,1747.21,1747.66,177.378,310106.855903,3504
2026-07-09 23:10:00,1747.67,1747.78,1746.27,1746.27,251.3952,439202.213099,4044
2026-07-09 23:15:00,1746.28,1746.28,1742.37,1742.98,774.3859,1350498.28385,8248
2026-07-09 23:20:00,1742.98,1748.0,1741.56,1748.0,703.831,1227354.316883,7761
2026-07-09 23:25:00,1748.0,1748.56,1746.43,1746.43,401.2975,701373.895728,4929
2026-07-09 23:30:00,1746.44,1746.44,1744.25,1745.18,259.8194,453419.864984,3184
2026-07-09 23:35:00,1745.18,1746.21,1744.82,1746.04,239.109,417387.09346,2720
2026-07-09 23:40:00,1746.05,1747.0,1746.05,1746.9,166.3964,290638.535351,3110
2026-07-09 23:45:00,1746.91,1747.54,1745.79,1745.95,198.8503,347266.82171,3637
2026-07-09 23:50:00,1745.95,1747.61,1745.95,1747.6,155.1816,271029.79297,2520
2026-07-09 23:55:00,1747.61,1747.61,1745.16,1745.16,228.8168,399634.062236,3228
2026-07-10 00:00:00,1745.17,1745.41,1742.49,1743.81,416.1448,725759.583353,5317
2026-07-10 00:05:00,1743.81,1744.83,1742.36,1744.07,231.9709,404488.99686,4120
2026-07-10 00:10:00,1744.07,1745.07,1741.45,1745.06,262.1872,457062.060639,8380
2026-07-10 00:15:00,1745.06,1746.36,1743.94,1744.98,199.5295,348218.02695,5942
2026-07-10 00:20:00,1744.98,1746.42,1740.26,1741.08,415.5487,724377.111074,5812
2026-07-10 00:25:00,1741.09,1742.32,1740.5,1742.07,259.4329,451766.948353,4614
2026-07-10 00:30:00,1742.08,1742.22,1737.68,1738.66,619.379,1077678.823258,9274
2026-07-10 00:35:00,1738.67,1742.03,1738.67,1741.68,413.5282,719681.347587,7970
2026-07-10 00:40:00,1741.67,1744.13,1740.88,1740.98,643.2884,1121014.593389,7839
2026-07-10 00:45:00,1740.97,1741.31,1739.64,1740.27,208.5787,363065.185071,4685
2026-07-10 00:50:00,1740.27,1741.57,1738.09,1739.19,417.0719,725718.243004,6190
2026-07-10 00:55:00,1739.2,1743.15,1739.2,1743.09,398.0526,693347.656318,6012
2026-07-10 01:00:00,1743.09,1744.43,1738.4,1738.41,543.9541,947365.997176,7826
2026-07-10 01:05:00,1738.41,1740.59,1738.25,1740.45,346.6197,603058.956109,5274
2026-07-10 01:10:00,1740.44,1742.89,1739.4,1742.88,314.7896,548158.443512,5928
2026-07-10 01:15:00,1742.88,1749.08,1742.7,1748.69,732.701,1279253.241484,8469
2026-07-10 01:20:00,1748.7,1751.77,1746.72,1748.0,612.1281,1070862.791829,8362
2026-07-10 01:25:00,1748.0,1750.78,1747.5,1750.54,407.6826,713091.64634,3766
2026-07-10 01:30:00,1750.54,1751.09,1748.13,1748.57,735.4578,1286405.820038,4893
2026-07-10 01:35:00,1748.56,1752.88,1748.33,1750.32,644.5417,1128466.824673,5976
2026-07-10 01:40:00,1750.33,1750.78,1749.4,1749.4,251.4524,440040.94719,3501
2026-07-10 01:45:00,1749.4,1776.25,1749.38,1770.05,11369.5429,20103641.734542,48487
2026-07-10 01:50:00,1770.05,1777.47,1769.06,1771.22,4113.9202,7296303.096122,25751
2026-07-10 01:55:00,1771.2,1772.45,1766.18,1767.62,1876.8939,3320984.300366,20234
2026-07-10 02:00:00,1767.62,1769.95,1764.56,1768.92,1264.5996,2235702.065039,20201
2026-07-10 02:05:00,1768.93,1768.93,1764.57,1767.13,621.4349,1097506.244882,11694
2026-07-10 02:10:00,1767.13,1770.31,1765.46,1768.61,1371.7184,2425110.133988,14531
2026-07-10 02:15:00,1768.62,1770.54,1766.39,1770.34,513.9801,908827.688015,7964
2026-07-10 02:20:00,1770.33,1770.33,1765.85,1766.0,384.6243,679789.022272,4863
2026-07-10 02:25:00,1766.01,1768.14,1765.5,1766.7,319.7445,564979.239108,3812
2026-07-10 02:30:00,1766.68,1768.1,1765.69,1767.4,494.5574,873679.760621,4599
2026-07-10 02:35:00,1767.41,1770.0,1767.41,1769.99,777.943,1375883.503013,4963
2026-07-10 02:40:00,1769.99,1769.99,1768.28,1769.0,662.5135,1171974.117246,2296
2026-07-10 02:45:00,1769.0,1773.0,1767.53,1771.75,1913.9006,3389442.58629,9708
2026-07-10 02:50:00,1771.75,1775.0,1771.38,1774.43,1137.9818,2018552.964124,12312
2026-07-10 02:55:00,1774.43,1774.44,1772.53,1772.86,501.5353,889535.773466,4402
2026-07-10 03:00:00,1772.87,1773.42,1769.83,1770.26,805.4077,1427020.162613,6921
2026-07-10 03:05:00,1770.25,1771.22,1769.6,1770.99,416.4158,737273.154831,5023
2026-07-10 03:10:00,1771.0,1772.61,1769.6,1772.23,400.1435,708959.180274,4958
2026-07-10 03:15:00,1772.23,1773.0,1770.2,1770.86,646.1133,1144929.496099,7085
2026-07-10 03:20:00,1770.85,1772.01,1770.46,1770.55,597.939,1058907.220422,5329
2026-07-10 03:25:00,1770.54,1771.51,1770.46,1770.52,344.2761,609772.288979,4334
2026-07-10 03:30:00,1770.52,1770.78,1769.22,1770.71,484.3005,857332.993433,5528
2026-07-10 03:35:00,1770.7,1773.35,1770.7,1772.82,722.005,1279812.91804,4958
2026-07-10 03:40:00,1772.82,1776.12,1772.81,1775.89,2013.2907,3573751.434579,9448
2026-07-10 03:45:00,1775.88,1779.68,1774.7,1777.78,1666.2526,2961647.186544,14362
2026-07-10 03:50:00,1777.78,1778.15,1775.57,1775.58,347.9058,618337.136545,3607
2026-07-10 03:55:00,1775.58,1776.15,1775.04,1776.12,507.5511,901289.500164,3692
2026-07-10 04:00:00,1776.13,1778.12,1775.73,1777.42,832.2165,1478648.022417,7327
2026-07-10 04:05:00,1777.41,1778.33,1777.28,1778.23,496.9715,883591.806059,4000
2026-07-10 04:10:00,1778.23,1779.65,1778.1,1779.32,538.0118,957101.828564,4227
2026-07-10 04:15:00,1779.32,1780.33,1778.01,1778.44,648.5718,1153939.465984,7886
2026-07-10 04:20:00,1778.44,1779.21,1775.11,1775.26,530.6592,943042.636382,6495
2026-07-10 04:25:00,1775.26,1775.91,1773.9,1773.9,334.1955,593269.906937,3055
2026-07-10 04:30:00,1773.91,1775.2,1771.94,1775.19,510.3862,905144.222228,8456
2026-07-10 04:35:00,1775.19,1777.72,1774.97,1775.36,1258.9168,2236471.503136,10817
2026-07-10 04:40:00,1775.37,1775.93,1775.08,1775.79,238.7126,423855.62583,3120
2026-07-10 04:45:00,1775.79,1777.95,1775.52,1777.16,704.6604,1252020.855712,5727
2026-07-10 04:50:00,1777.17,1777.57,1775.64,1775.77,649.5486,1153883.186229,3601
2026-07-10 04:55:00,1775.77,1775.77,1773.93,1774.75,192.8316,342226.078957,3161
2026-07-10 05:00:00,1774.74,1774.75,1772.73,1773.79,303.979,539110.879437,5147
2026-07-10 05:05:00,1773.79,1775.0,1772.9,1772.91,353.4697,627131.536992,3693
2026-07-10 05:10:00,1772.92,1773.66,1772.58,1772.64,517.9146,918313.351897,3322
2026-07-10 05:15:00,1772.64,1774.69,1772.54,1774.46,365.2173,647641.544411,2858
2026-07-10 05:20:00,1774.46,1774.67,1773.23,1774.15,602.6688,1069221.656226,3784
2026-07-10 05:25:00,1774.15,1774.52,1773.08,1773.77,202.6777,359530.142596,3063
2026-07-10 05:30:00,1773.78,1779.11,1773.09,1777.85,1335.6813,2373377.350229,10371
2026-07-10 05:35:00,1777.85,1779.09,1776.75,1776.75,348.3477,619370.583405,5910
2026-07-10 05:40:00,1776.76,1779.32,1776.69,1779.15,529.6393,941871.997664,6354
2026-07-10 05:45:00,1779.14,1779.26,1777.28,1778.87,383.4886,682066.734575,5554
2026-07-10 05:50:00,1778.87,1779.23,1778.29,1778.47,403.1703,717155.376934,4054
2026-07-10 05:55:00,1778.46,1780.0,1778.08,1779.04,582.7399,1036706.939386,4380
2026-07-10 06:00:00,1779.04,1779.88,1777.11,1777.39,342.5241,609182.781096,7455
2026-07-10 06:05:00,1777.39,1779.55,1776.51,1777.92,1198.0414,2130121.212041,5335
2026-07-10 06:10:00,1777.92,1778.57,1777.54,1777.95,336.5011,598372.78865,3119
2026-07-10 06:15:00,1777.95,1777.95,1774.11,1774.46,374.5716,665398.273817,5399
2026-07-10 06:20:00,1774.45,1775.23,1772.55,1772.75,487.0863,863905.411534,4143
2026-07-10 06:25:00,1772.75,1772.76,1769.23,1770.48,1441.0913,2551213.722018,5719
2026-07-10 06:30:00,1770.47,1772.45,1770.27,1771.41,385.0331,682117.37284,3205
2026-07-10 06:35:00,1771.42,1772.84,1771.1,1772.33,254.3996,450851.077448,2178
2026-07-10 06:40:00,1772.33,1773.58,1772.32,1773.11,629.5269,1116093.838866,1887
2026-07-10 06:45:00,1773.1,1773.94,1773.0,1773.6,222.1978,394055.766661,1829
2026-07-10 06:50:00,1773.59,1774.18,1771.39,1771.72,447.3951,793138.279111,2782
2026-07-10 06:55:00,1771.71,1771.72,1770.53,1771.17,249.8799,442537.676336,1783
2026-07-10 07:00:00,1771.17,1771.61,1768.57,1770.66,713.8438,1263232.126834,3787
2026-07-10 07:05:00,1770.66,1771.18,1770.03,1771.17,292.769,518383.48931,3022
2026-07-10 07:10:00,1771.17,1773.89,1770.92,1773.89,276.8341,490563.552877,3424
2026-07-10 07:15:00,1773.88,1775.12,1772.6,1774.64,323.1443,573191.993236,5492
2026-07-10 07:20:00,1774.64,1777.45,1774.32,1777.18,411.1987,730119.829391,3708
2026-07-10 07:25:00,1777.18,1777.19,1775.62,1776.02,331.6127,589016.560579,3421
2026-07-10 07:30:00,1776.02,1776.03,1773.42,1773.96,396.0316,702931.349878,4034
2026-07-10 07:35:00,1773.95,1774.11,1772.54,1773.19,358.8539,636304.399452,3713
2026-07-10 07:40:00,1773.19,1773.19,1772.13,1772.2,350.7659,621750.867116,3023
2026-07-10 07:45:00,1772.21,1772.21,1771.49,1771.79,283.0023,501420.142572,1944
2026-07-10 07:50:00,1771.79,1772.69,1771.78,1772.3,387.8487,687430.210323,2072
2026-07-10 07:55:00,1772.31,1773.56,1772.31,1773.2,494.4694,876661.833719,2637
2026-07-10 08:00:00,1773.2,1774.0,1772.63,1773.47,386.3869,685195.154618,3650
2026-07-10 08:05:00,1773.47,1775.61,1773.47,1775.55,305.2637,541682.447796,1893
2026-07-10 08:10:00,1775.55,1776.1,1775.09,1776.1,154.8919,275015.617985,2608
2026-07-10 08:15:00,1776.09,1789.59,1776.09,1785.39,4042.1364,7207783.889998,32888
2026-07-10 08:20:00,1785.39,1787.14,1784.26,1784.87,965.3077,1723570.592782,11035
2026-07-10 08:25:00,1784.87,1786.28,1783.43,1785.64,806.6819,1439808.561935,5807
2026-07-10 08:30:00,1785.65,1788.12,1784.94,1788.12,935.0236,1670112.38591,7612
2026-07-10 08:35:00,1788.12,1789.48,1785.01,1785.06,747.1984,1335386.400799,9118
2026-07-10 08:40:00,1785.05,1785.75,1784.55,1785.52,348.347,621892.488659,2554
2026-07-10 08:45:00,1785.52,1785.6,1784.23,1785.56,597.5543,1066621.905039,5746
2026-07-10 08:50:00,1785.56,1785.56,1783.22,1784.36,551.9626,984752.242024,5165
2026-07-10 08:55:00,1784.36,1785.52,1783.96,1783.99,339.7998,606464.465501,3486
2026-07-10 09:00:00,1783.99,1784.61,1781.27,1784.56,527.5933,940796.168668,5897
2026-07-10 09:05:00,1784.57,1784.88,1783.56,1784.76,332.4533,593207.142666,2918
2026-07-10 09:10:00,1784.76,1785.7,1781.67,1783.1,936.2863,1670015.497245,6840
2026-07-10 09:15:00,1783.09,1786.41,1782.98,1785.61,421.0893,751338.716246,4454
2026-07-10 09:20:00,1785.61,1787.24,1785.06,1786.25,483.8672,864287.048518,4230
2026-07-10 09:25:00,1786.25,1788.61,1786.24,1788.53,1260.7732,2253430.136014,5125
2026-07-10 09:30:00,1788.52,1792.7,1788.12,1791.16,2462.6784,4409481.174299,17941
2026-07-10 09:35:00,1791.16,1794.46,1790.39,1792.67,1207.4488,2164787.11209,13052
2026-07-10 09:40:00,1792.66,1792.96,1791.28,1792.95,971.476,1741123.139695,6388
2026-07-10 09:45:00,1792.95,1794.94,1791.95,1792.36,1083.8591,1944104.438864,8984
2026-07-10 09:50:00,1792.35,1792.66,1791.28,1792.65,406.3523,728083.392433,5528
2026-07-10 09:55:00,1792.65,1793.0,1791.96,1792.56,538.1138,964581.134886,5450
2026-07-10 10:00:00,1792.55,1794.16,1789.45,1790.41,929.0037,1664511.190866,8820
2026-07-10 10:05:00,1790.41,1792.58,1790.12,1791.8,592.8214,1062073.953591,4672
2026-07-10 10:10:00,1791.79,1792.02,1790.0,1790.51,277.8402,497649.843458,2870
2026-07-10 10:15:00,1790.51,1792.88,1790.51,1792.76,493.2959,883752.808849,3994
2026-07-10 10:20:00,1792.76,1799.69,1792.38,1799.61,2860.4794,5138061.286149,17315
2026-07-10 10:25:00,1799.6,1802.99,1796.71,1800.35,3562.8862,6415325.563416,15044
2026-07-10 10:30:00,1800.34,1802.41,1798.8,1799.42,1130.7184,2035491.161253,12595
2026-07-10 10:35:00,1799.42,1799.42,1796.25,1798.79,1034.4972,1859819.311975,9316
2026-07-10 10:40:00,1798.8,1799.82,1797.47,1799.81,941.8657,1693954.017212,5063
2026-07-10 10:45:00,1799.82,1799.99,1797.8,1798.52,618.5357,1112414.740777,4729
2026-07-10 10:50:00,1798.52,1798.61,1797.06,1797.15,453.9532,815998.499508,4368
2026-07-10 10:55:00,1797.16,1798.57,1796.96,1797.01,519.2541,933527.177963,3472
2026-07-10 11:00:00,1797.01,1798.8,1797.01,1798.27,950.8638,1709566.257713,6722
2026-07-10 11:05:00,1798.28,1800.0,1797.07,1797.5,1237.315,2225877.066568,9198
2026-07-10 11:10:00,1797.5,1800.0,1797.5,1799.92,1081.905,1946071.621285,6185
2026-07-10 11:15:00,1799.93,1802.0,1797.16,1797.17,1396.6952,2512434.456493,8781
2026-07-10 11:20:00,1797.17,1798.12,1796.13,1798.03,691.6867,1243020.694161,6398
2026-07-10 11:25:00,1798.03,1798.1,1796.72,1797.46,575.5636,1034540.92699,6810
2026-07-10 11:30:00,1797.45,1797.45,1794.84,1795.44,710.0007,1275001.55581,8807
2026-07-10 11:35:00,1795.43,1796.22,1794.5,1795.54,729.5377,1309737.315539,6061
2026-07-10 11:40:00,1795.53,1797.8,1794.25,1797.51,859.6098,1543993.923247,5869
2026-07-10 11:45:00,1797.5,1801.66,1797.09,1801.18,1171.8798,2109066.054927,8643
2026-07-10 11:50:00,1801.19,1802.41,1799.17,1800.06,1722.7549,3102477.714469,8547
2026-07-10 11:55:00,1800.06,1801.23,1798.84,1801.22,872.2201,1570309.318239,5532
2026-07-10 12:00:00,1801.22,1801.66,1799.18,1799.91,693.1066,1248071.283496,6641
2026-07-10 12:05:00,1799.91,1800.7,1798.31,1800.69,432.4837,778221.124459,6134
2026-07-10 12:10:00,1800.69,1807.18,1800.51,1804.56,4532.4965,8176913.791032,24464
2026-07-10 12:15:00,1804.57,1805.0,1800.97,1801.66,1627.5471,2933136.573436,7527
2026-07-10 12:20:00,1801.66,1801.72,1799.98,1801.34,994.7814,1791440.670845,4656
2026-07-10 12:25:00,1801.34,1802.17,1800.82,1800.83,506.1734,911921.838668,4091
2026-07-10 12:30:00,1800.83,1801.0,1798.03,1799.05,1014.1905,1825365.46984,6748
2026-07-10 12:35:00,1799.05,1799.92,1795.4,1797.27,1244.0633,2236633.200406,7550
2026-07-10 12:40:00,1797.28,1797.4,1794.4,1794.6,1378.6072,2475497.286616,5820
2026-07-10 12:45:00,1794.6,1795.74,1794.6,1795.43,738.8095,1326137.678676,4525
2026-07-10 12:50:00,1795.43,1795.67,1793.35,1793.73,790.3749,1418183.283004,3777
2026-07-10 12:55:00,1793.72,1795.13,1792.98,1793.95,869.9484,1560735.516637,5423
2026-07-10 13:00:00,1793.95,1796.26,1793.65,1795.54,1072.7229,1925672.462564,6941
2026-07-10 13:05:00,1795.55,1796.96,1795.01,1795.44,706.9234,1269518.672762,5965
2026-07-10 13:10:00,1795.44,1796.0,1793.93,1794.54,594.3696,1066843.858195,4364
2026-07-10 13:15:00,1794.55,1796.11,1794.14,1795.44,543.8904,976485.050642,5240
2026-07-10 13:20:00,1795.43,1798.75,1794.65,1798.74,802.8323,1442266.278218,4586
2026-07-10 13:25:00,1798.75,1798.75,1795.0,1795.51,849.5527,1525851.457445,5404
2026-07-10 13:30:00,1795.51,1799.4,1794.78,1797.51,1445.3281,2598045.517288,13637
2026-07-10 13:35:00,1797.51,1802.34,1797.3,1799.87,1247.0569,2244566.661717,11978
2026-07-10 13:40:00,1799.86,1803.74,1796.96,1801.52,1339.6999,2412854.727379,10707
2026-07-10 13:45:00,1801.53,1806.38,1801.41,1804.82,1538.5419,2775569.306353,11015
2026-07-10 13:50:00,1804.82,1812.0,1803.53,1806.51,3259.2945,5896485.877014,23690
2026-07-10 13:55:00,1806.52,1806.52,1803.56,1803.82,1296.5065,2339709.489104,14693
2026-07-10 14:00:00,1803.82,1804.49,1798.72,1798.72,811.0845,1461594.929535,8786
2026-07-10 14:05:00,1798.72,1799.89,1795.43,1797.61,1065.0627,1914620.053675,17951
2026-07-10 14:10:00,1797.61,1797.61,1792.28,1793.43,976.271,1752183.39494,13653
2026-07-10 14:15:00,1793.44,1794.22,1784.86,1786.78,2262.8503,4049005.557072,15667
2026-07-10 14:20:00,1786.78,1787.9,1780.0,1787.32,2349.7032,4191565.037799,21488
2026-07-10 14:25:00,1787.31,1790.0,1785.45,1788.97,1100.9195,1968547.966038,19201
2026-07-10 14:30:00,1788.98,1794.67,1775.0,1783.54,5601.0474,9993792.412273,37114
2026-07-10 14:35:00,1783.53,1787.32,1780.45,1787.19,1216.8655,2170384.65841,13620
2026-07-10 14:40:00,1787.19,1789.47,1785.06,1788.0,997.8808,1783949.060356,9838
2026-07-10 14:45:00,1787.99,1789.19,1785.24,1788.62,918.0257,1640964.567322,10149
2026-07-10 14:50:00,1788.62,1789.0,1784.69,1786.47,794.9171,1420414.409104,8529
2026-07-10 14:55:00,1786.47,1786.95,1784.07,1785.06,686.7981,1226038.034271,7373
2026-07-10 15:00:00,1785.06,1788.01,1784.03,1786.87,1178.4955,2104947.08997,10416
2026-07-10 15:05:00,1786.86,1791.29,1785.81,1789.22,1107.6537,1980544.001108,9431
2026-07-10 15:10:00,1789.22,1790.49,1787.33,1788.15,519.3185,928888.331549,5572
2026-07-10 15:15:00,1788.15,1795.59,1788.15,1791.02,1578.7191,2828694.30174,10329
2026-07-10 15:20:00,1791.02,1794.7,1790.5,1794.21,650.5725,1166447.900385,8279
2026-07-10 15:25:00,1794.21,1796.88,1793.25,1793.81,546.2371,980625.484514,6686
2026-07-10 15:30:00,1793.81,1794.82,1791.44,1793.48,448.1013,803419.200588,6196
2026-07-10 15:35:00,1793.48,1793.48,1789.04,1789.67,774.7166,1387420.311134,5906
2026-07-10 15:40:00,1789.67,1789.96,1786.4,1788.03,579.4415,1036070.854177,6172
2026-07-10 15:45:00,1788.04,1790.01,1787.13,1789.3,671.2436,1200589.96087,6270
2026-07-10 15:50:00,1789.31,1790.76,1788.1,1790.55,560.141,1002487.115042,6889
2026-07-10 15:55:00,1790.56,1791.23,1789.7,1791.11,284.5756,509523.527754,5761
2026-07-10 16:00:00,1791.11,1791.64,1788.08,1789.17,721.2141,1290845.424663,7602
2026-07-10 16:05:00,1789.17,1792.56,1788.2,1791.09,598.5451,1071626.370214,6718
2026-07-10 16:10:00,1791.1,1794.05,1790.6,1793.41,446.9748,801163.866236,7619
2026-07-10 16:15:00,1793.41,1796.26,1792.63,1793.7,687.3481,1233230.973003,8241
2026-07-10 16:20:00,1793.7,1793.83,1790.36,1791.02,558.7227,1000853.286169,4927
2026-07-10 16:25:00,1791.01,1792.1,1789.75,1791.35,440.3111,788493.747742,3632
2026-07-10 16:30:00,1791.34,1792.87,1790.78,1792.63,520.6247,932842.836473,3758
2026-07-10 16:35:00,1792.63,1793.2,1785.86,1787.02,1093.2775,1955179.179309,7116
2026-07-10 16:40:00,1787.02,1791.66,1787.02,1790.12,730.6777,1307859.51751,5545
2026-07-10 16:45:00,1790.12,1792.4,1789.45,1791.01,604.9904,1083401.38514,4838
2026-07-10 16:50:00,1791.01,1795.93,1791.01,1794.76,779.1366,1397685.392597,6974
2026-07-10 16:55:00,1794.75,1799.53,1794.04,1797.49,598.3959,1075293.956095,5920
2026-07-10 17:00:00,1797.48,1799.0,1795.33,1798.29,1424.3534,2559422.701923,6625
2026-07-10 17:05:00,1798.29,1798.29,1793.45,1793.51,813.6665,1461012.862248,5521
2026-07-10 17:10:00,1793.51,1794.2,1791.75,1791.93,753.0887,1350259.154883,5408
2026-07-10 17:15:00,1791.93,1792.8,1789.29,1789.63,389.411,697552.628032,4946
2026-07-10 17:20:00,1789.63,1793.47,1789.22,1793.47,343.2401,614919.098728,4076
2026-07-10 17:25:00,1793.47,1795.0,1793.47,1793.49,310.7329,557551.274422,3002
2026-07-10 17:30:00,1793.49,1793.5,1789.2,1790.45,375.2075,671970.5103,4141
2026-07-10 17:35:00,1790.46,1791.34,1789.45,1791.0,337.8741,604898.971053,3131
2026-07-10 17:40:00,1791.0,1791.5,1788.57,1789.33,422.4794,756140.244458,3364
2026-07-10 17:45:00,1789.33,1790.86,1788.49,1790.79,214.0389,383021.938233,3080
2026-07-10 17:50:00,1790.8,1791.67,1789.21,1789.62,326.8951,585245.969111,3374
2026-07-10 17:55:00,1789.62,1790.96,1788.02,1788.03,338.0443,604895.187419,3797
2026-07-10 18:00:00,1788.03,1791.03,1788.03,1790.27,438.8057,785440.206244,5162
2026-07-10 18:05:00,1790.26,1791.45,1789.64,1790.8,389.8756,698183.36682,5514
2026-07-10 18:10:00,1790.81,1794.0,1788.7,1789.25,751.1117,1345654.403765,5178
2026-07-10 18:15:00,1789.26,1789.5,1787.7,1789.5,295.8535,529087.459791,5558
2026-07-10 18:20:00,1789.5,1791.28,1789.06,1791.13,218.0914,390428.140398,4480
2026-07-10 18:25:00,1791.12,1792.73,1790.13,1790.14,707.2575,1267105.554879,2809
2026-07-10 18:30:00,1790.14,1790.14,1788.3,1789.06,315.3306,564222.94781,3403
2026-07-10 18:35:00,1789.06,1789.55,1787.75,1789.01,204.2286,365262.575485,3341
2026-07-10 18:40:00,1789.01,1790.02,1787.74,1788.56,286.8355,513083.308028,3651
2026-07-10 18:45:00,1788.57,1788.57,1786.57,1786.95,305.5354,546135.415171,3086
2026-07-10 18:50:00,1786.96,1787.67,1781.2,1782.23,1595.2878,2846881.812597,6840
2026-07-10 18:55:00,1782.24,1785.06,1782.24,1784.94,565.7583,1009281.539196,5227
2026-07-10 19:00:00,1784.94,1786.01,1784.1,1786.01,317.6808,567215.33563,4159
2026-07-10 19:05:00,1786.01,1786.97,1785.0,1786.92,581.7538,1039107.299925,5334
2026-07-10 19:10:00,1786.92,1788.27,1786.92,1787.86,298.2914,533256.87711,3636
2026-07-10 19:15:00,1787.85,1789.58,1786.15,1786.16,354.7951,634426.428649,5802
2026-07-10 19:20:00,1786.16,1786.93,1785.2,1786.57,269.7977,481854.348246,5128
2026-07-10 19:25:00,1786.56,1789.21,1786.55,1788.26,236.4248,422646.817483,4024
2026-07-10 19:30:00,1788.26,1793.43,1788.09,1792.29,1323.9087,2372006.475893,11498
2026-07-10 19:35:00,1792.28,1797.31,1792.28,1796.81,1401.8701,2517117.175077,11170
2026-07-10 19:40:00,1796.8,1796.91,1795.8,1796.0,286.2702,514225.299493,5056
2026-07-10 19:45:00,1796.0,1796.49,1794.42,1794.64,376.2544,675621.753231,3244
2026-07-10 19:50:00,1794.65,1795.35,1793.67,1794.1,462.6418,830134.797946,4226
2026-07-10 19:55:00,1794.1,1794.11,1791.91,1792.68,632.7376,1134550.598069,4398
2026-07-10 20:00:00,1792.68,1793.11,1790.23,1790.55,609.7387,1092411.956363,3117
2026-07-10 20:05:00,1790.55,1791.78,1790.3,1791.44,337.3411,604180.301733,2838
2026-07-10 20:10:00,1791.44,1793.07,1791.43,1792.95,500.2753,896612.883457,3426
2026-07-10 20:15:00,1792.96,1794.36,1792.08,1792.86,843.2307,1512368.318963,7636
2026-07-10 20:20:00,1792.86,1793.87,1789.73,1792.1,753.7849,1350634.308375,10456
2026-07-10 20:25:00,1792.11,1792.32,1789.65,1791.4,418.9059,750233.085133,5224
2026-07-10 20:30:00,1791.4,1793.02,1791.28,1792.75,251.9226,451501.992515,4280
2026-07-10 20:35:00,1792.74,1794.46,1792.74,1793.16,233.9111,419557.388235,3882
2026-07-10 20:40:00,1793.16,1793.16,1791.98,1791.99,161.7951,289990.778319,2362
2026-07-10 20:45:00,1791.99,1792.53,1791.11,1792.32,358.8349,642956.618017,2493
2026-07-10 20:50:00,1792.31,1794.15,1791.79,1792.73,435.0568,779913.474668,2733
2026-07-10 20:55:00,1792.73,1792.73,1790.13,1790.14,296.2468,530559.160262,3058
2026-07-10 21:00:00,1790.13,1791.84,1789.6,1791.84,391.0883,700277.902176,4315
2026-07-10 21:05:00,1791.84,1792.52,1790.24,1792.08,638.2845,1143520.401192,5474
2026-07-10 21:10:00,1792.08,1793.14,1791.28,1792.18,526.3433,943224.699893,5002
2026-07-10 21:15:00,1792.17,1792.98,1791.54,1791.54,392.2354,703019.08387,4074
2026-07-10 21:20:00,1791.54,1793.3,1791.38,1793.3,213.5568,382672.856839,2234
2026-07-10 21:25:00,1793.29,1793.98,1792.15,1793.37,301.8545,541206.684667,3915
2026-07-10 21:30:00,1793.37,1795.79,1793.37,1794.72,509.3019,914085.210797,4852
2026-07-10 21:35:00,1794.72,1796.99,1794.72,1796.04,509.9693,915902.799305,4158
2026-07-10 21:40:00,1796.04,1796.04,1794.85,1795.71,243.8496,437833.772021,3969
2026-07-10 21:45:00,1795.71,1795.74,1794.11,1794.52,591.4612,1061572.276936,9269
2026-07-10 21:50:00,1794.52,1795.15,1793.95,1794.53,455.9898,818282.029443,11680
2026-07-10 21:55:00,1794.52,1794.67,1793.78,1794.37,231.5684,415460.298995,3226
2026-07-10 22:00:00,1794.37,1795.64,1793.71,1794.64,363.9248,653135.523732,5812
2026-07-10 22:05:00,1794.64,1795.76,1793.77,1795.47,297.71,534366.372064,5009
2026-07-10 22:10:00,1795.47,1796.23,1795.14,1795.94,302.5692,543331.399701,6294
2026-07-10 22:15:00,1795.94,1796.51,1794.71,1794.92,187.3216,336339.959963,3968
2026-07-10 22:20:00,1794.91,1794.91,1792.95,1793.99,325.6808,584160.310699,4093
2026-07-10 22:25:00,1793.99,1796.19,1793.58,1795.2,410.9334,737515.893959,5628
2026-07-10 22:30:00,1795.21,1795.96,1794.02,1794.37,390.794,701407.571774,5376
2026-07-10 22:35:00,1794.37,1794.99,1794.01,1794.74,245.5195,440586.491822,4473
2026-07-10 22:40:00,1794.74,1795.37,1793.55,1793.62,198.527,356260.694219,3211
2026-07-10 22:45:00,1793.62,1794.74,1793.56,1794.04,157.2699,282175.158104,2979
2026-07-10 22:50:00,1794.04,1796.17,1793.35,1795.78,327.8861,588282.135334,3913
2026-07-10 22:55:00,1795.78,1796.62,1794.83,1795.2,213.7511,383817.307678,2734
2026-07-10 23:00:00,1795.2,1795.2,1792.6,1793.05,231.452,415216.580658,3717
2026-07-10 23:05:00,1793.05,1793.16,1792.57,1793.03,144.5527,259175.671396,1950
2026-07-10 23:10:00,1793.04,1796.49,1792.96,1796.33,308.9317,554393.682126,2529
2026-07-10 23:15:00,1796.34,1798.0,1795.79,1796.13,480.1119,862868.058583,3051
2026-07-10 23:20:00,1796.14,1796.67,1794.91,1796.67,223.8608,401975.1522,2202
2026-07-10 23:25:00,1796.66,1797.94,1796.09,1796.1,240.8139,432800.052056,2348
2026-07-10 23:30:00,1796.09,1796.44,1795.43,1796.0,213.4831,383420.852365,2170
2026-07-10 23:35:00,1796.0,1796.83,1795.95,1796.82,220.8608,396760.81954,1233
2026-07-10 23:40:00,1796.81,1796.81,1795.4,1796.27,198.939,357283.802643,1329
2026-07-10 23:45:00,1796.27,1796.84,1795.57,1795.75,252.8715,454215.043956,1847
2026-07-10 23:50:00,1795.75,1796.38,1795.47,1796.36,210.7171,378398.678606,1329
2026-07-10 23:55:00,1796.36,1797.43,1795.89,1796.85,173.6245,311914.078182,1507
2026-07-11 00:00:00,1796.85,1797.2,1793.78,1794.78,773.8812,1389541.328748,4893
2026-07-11 00:05:00,1794.78,1795.95,1794.37,1794.66,286.8738,515017.068687,2971
2026-07-11 00:10:00,1794.65,1795.16,1793.05,1793.58,359.5545,645112.499789,3654
2026-07-11 00:15:00,1793.58,1793.91,1790.28,1791.8,378.8613,678721.248756,4332
2026-07-11 00:20:00,1791.79,1793.35,1791.44,1793.34,376.3083,674467.437789,2893
2026-07-11 00:25:00,1793.35,1795.14,1793.34,1793.65,247.5655,444194.992249,2171
2026-07-11 00:30:00,1793.64,1794.23,1792.92,1792.93,207.0232,371272.788129,1717
2026-07-11 00:35:00,1792.93,1793.22,1790.1,1791.06,283.044,506947.436371,2526
2026-07-11 00:40:00,1791.06,1793.65,1790.89,1793.65,368.9993,661368.833295,2574
2026-07-11 00:45:00,1793.65,1793.65,1791.83,1791.83,120.7303,216444.726041,1254
2026-07-11 00:50:00,1791.84,1793.48,1791.56,1793.48,98.2125,176046.86703,1229
2026-07-11 00:55:00,1793.47,1793.62,1792.8,1793.36,117.8988,211425.121913,1025
2026-07-11 01:00:00,1793.35,1793.43,1791.98,1792.66,141.1721,253056.633794,1682
2026-07-11 01:05:00,1792.66,1794.99,1792.63,1793.28,376.0204,674556.461823,2493
2026-07-11 01:10:00,1793.27,1794.09,1793.14,1793.72,78.0257,139940.985121,1056
2026-07-11 01:15:00,1793.72,1796.57,1793.71,1796.57,206.1398,370047.015419,2032
2026-07-11 01:20:00,1796.56,1799.29,1795.89,1795.89,440.1966,791390.838775,3563
2026-07-11 01:25:00,1795.9,1796.55,1795.32,1795.76,184.9956,332278.429524,2071
2026-07-11 01:30:00,1795.77,1797.33,1795.17,1795.46,263.9874,474153.55235,2761
2026-07-11 01:35:00,1795.46,1796.04,1790.67,1791.93,816.9626,1464390.399982,6878
2026-07-11 01:40:00,1791.93,1791.94,1789.17,1789.43,469.061,839715.753579,4844
2026-07-11 01:45:00,1789.43,1793.59,1788.25,1792.42,1391.4593,2491074.961044,4873
2026-07-11 01:50:00,1792.42,1792.68,1791.3,1791.8,208.524,373679.068478,1976
2026-07-11 01:55:00,1791.8,1791.88,1788.7,1789.09,426.6159,763611.42835,3018
2026-07-11 02:00:00,1789.09,1791.32,1786.77,1791.09,782.7978,1400197.205639,7766
2026-07-11 02:05:00,1791.09,1791.59,1790.25,1791.0,154.2508,276242.339513,3332
2026-07-11 02:10:00,1791.01,1791.35,1789.43,1790.18,196.4245,351745.711276,4249
2026-07-11 02:15:00,1790.19,1792.14,1790.19,1791.69,292.7025,524246.660705,2834
2026-07-11 02:20:00,1791.68,1791.68,1790.17,1790.47,371.3162,665102.834316,4268
2026-07-11 02:25:00,1790.47,1791.81,1790.33,1791.73,137.6854,246605.789962,2727
2026-07-11 02:30:00,1791.74,1792.0,1791.28,1791.87,161.0776,288607.301198,2170
2026-07-11 02:35:00,1791.88,1792.83,1791.6,1792.82,185.5389,332510.817573,2620
2026-07-11 02:40:00,1792.83,1795.59,1792.64,1794.67,330.9051,593729.07012,4064
2026-07-11 02:45:00,1794.67,1795.45,1794.25,1795.06,860.1175,1543930.501279,3347
2026-07-11 02:50:00,1795.06,1796.04,1794.57,1795.18,512.1223,919511.833146,2807
2026-07-11 02:55:00,1795.18,1796.14,1795.18,1795.59,166.1657,298387.014726,2205
2026-07-11 03:00:00,1795.59,1796.13,1794.46,1794.78,595.9576,1070031.754099,3151
2026-07-11 03:05:00,1794.77,1795.96,1794.77,1795.76,194.3684,348991.418501,2140
2026-07-11 03:10:00,1795.76,1797.31,1795.76,1796.87,165.1093,296672.175717,1635
2026-07-11 03:15:00,1796.87,1797.42,1792.03,1796.83,1030.2461,1849006.856416,8607
2026-07-11 03:20:00,1796.82,1796.82,1795.61,1795.62,201.3394,361637.270344,2711
2026-07-11 03:25:00,1795.62,1796.02,1794.72,1795.16,185.3307,332730.128314,3190
2026-07-11 03:30:00,1795.17,1795.57,1794.85,1795.57,139.5637,250531.975148,1932
2026-07-11 03:35:00,1795.57,1797.65,1795.56,1797.46,314.1519,564547.657699,3959
2026-07-11 03:40:00,1797.47,1798.2,1796.74,1797.05,187.9314,337789.428801,2764
2026-07-11 03:45:00,1797.06,1798.24,1796.36,1797.07,353.9663,636194.786594,4344
2026-07-11 03:50:00,1797.06,1797.99,1797.06,1797.75,80.8343,145318.145098,1599
2026-07-11 03:55:00,1797.75,1798.04,1796.5,1796.5,229.0451,411698.332277,2117
2026-07-11 04:00:00,1796.5,1796.88,1795.9,1796.59,352.2919,632850.11814,3198
2026-07-11 04:05:00,1796.59,1796.92,1795.75,1795.8,135.0028,242491.296241,2277
2026-07-11 04:10:00,1795.81,1797.21,1795.8,1797.03,131.4062,236077.851562,2227
2026-07-11 04:15:00,1797.03,1798.23,1795.98,1797.18,166.8378,299767.463662,4185
2026-07-11 04:20:00,1797.19,1797.64,1796.67,1797.26,151.4142,272118.238044,2601
2026-07-11 04:25:00,1797.27,1797.94,1796.63,1796.84,211.4928,380084.521148,2702
2026-07-11 04:30:00,1796.85,1798.77,1796.66,1798.53,804.8114,1447146.043105,3291
2026-07-11 04:35:00,1798.52,1800.18,1798.17,1799.2,1354.9528,2438510.576901,5236
2026-07-11 04:40:00,1799.21,1799.21,1797.73,1797.76,129.0183,232002.518792,2524
2026-07-11 04:45:00,1797.76,1798.35,1797.43,1798.17,168.0284,302098.146653,2081
2026-07-11 04:50:00,1798.17,1798.17,1795.88,1796.03,207.3271,372491.564207,3473
2026-07-11 04:55:00,1796.03,1796.53,1796.03,1796.53,141.837,254777.330667,1108
2026-07-11 05:00:00,1796.52,1796.52,1795.07,1796.09,269.6465,484216.179101,5085
2026-07-11 05:05:00,1796.08,1797.4,1795.92,1797.07,460.5268,827629.19159,2943
2026-07-11 05:10:00,1797.08,1798.47,1797.08,1797.89,237.7536,427474.592536,2428
2026-07-11 05:15:00,1797.9,1798.28,1797.18,1797.98,149.9585,269611.609303,2455
2026-07-11 05:20:00,1797.98,1799.09,1797.81,1799.09,143.8584,258761.836455,1814
2026-07-11 05:25:00,1799.09,1800.18,1798.87,1799.21,394.1676,709416.371767,2228
2026-07-11 05:30:00,1799.22,1802.27,1798.56,1800.8,709.2606,1277317.007537,6598
2026-07-11 05:35:00,1800.79,1801.44,1800.36,1800.37,303.4368,546426.162188,3423
2026-07-11 05:40:00,1800.36,1800.37,1797.69,1798.33,287.0782,516386.567075,4056
2026-07-11 05:45:00,1798.33,1798.51,1797.81,1798.34,501.3211,901487.028725,1761
2026-07-11 05:50:00,1798.35,1798.84,1797.86,1798.34,225.5702,405674.197796,2463
2026-07-11 05:55:00,1798.33,1799.82,1798.33,1799.45,618.0517,1112030.637374,2339
2026-07-11 06:00:00,1799.44,1799.45,1794.6,1797.2,721.3392,1296134.839158,7062
2026-07-11 06:05:00,1797.2,1797.84,1797.19,1797.84,116.4329,209289.512403,1387
2026-07-11 06:10:00,1797.84,1798.81,1797.66,1798.22,904.111,1625710.51637,3041
2026-07-11 06:15:00,1798.22,1800.0,1798.22,1799.99,387.2282,696793.773303,2758
2026-07-11 06:20:00,1799.99,1803.29,1799.78,1802.24,967.6398,1743396.686638,5721
2026-07-11 06:25:00,1802.24,1802.84,1799.58,1799.95,3553.6505,6398005.039432,3299
2026-07-11 06:30:00,1799.96,1802.4,1799.95,1802.26,306.707,552496.444606,4609
2026-07-11 06:35:00,1802.26,1802.35,1800.99,1801.0,262.1127,472293.38407,3030
2026-07-11 06:40:00,1800.99,1801.39,1799.93,1799.94,374.2485,673949.929429,2025
2026-07-11 06:45:00,1799.94,1801.0,1799.81,1799.91,361.7573,651295.500963,3819
2026-07-11 06:50:00,1799.92,1800.14,1798.74,1799.93,600.6687,1080869.707814,3914
2026-07-11 06:55:00,1799.93,1799.94,1799.08,1799.32,283.7707,510623.215325,1466
2026-07-11 07:00:00,1799.31,1799.91,1798.77,1799.01,425.8659,766427.292221,3194
2026-07-11 07:05:00,1799.01,1799.02,1797.93,1798.59,192.2113,345682.987339,2411
2026-07-11 07:10:00,1798.59,1800.33,1798.53,1800.22,989.3921,1780498.770286,2527
2026-07-11 07:15:00,1800.22,1800.58,1799.46,1800.48,2599.3366,4678828.034411,2400
2026-07-11 07:20:00,1800.47,1801.0,1800.11,1800.46,185.932,334768.048839,2121
2026-07-11 07:25:00,1800.46,1802.0,1800.46,1801.0,336.1042,605417.925506,3903
2026-07-11 07:30:00,1801.0,1801.88,1800.04,1800.05,193.7332,348941.62195,2492
2026-07-11 07:35:00,1800.05,1800.78,1799.98,1800.78,144.698,260484.276508,2047
2026-07-11 07:40:00,1800.78,1801.84,1800.11,1800.56,389.8682,702209.897183,4313
2026-07-11 07:45:00,1800.57,1800.71,1799.64,1799.98,149.0432,268302.288435,2065
2026-07-11 07:50:00,1799.98,1800.54,1799.66,1799.66,182.399,328344.266965,1095
2026-07-11 07:55:00,1799.66,1800.0,1799.34,1800.0,119.8107,215611.385314,909
2026-07-11 08:00:00,1799.99,1800.54,1799.84,1799.84,134.102,241412.452806,1314
2026-07-11 08:05:00,1799.85,1800.39,1799.58,1800.16,344.1895,619556.319258,1455
2026-07-11 08:10:00,1800.16,1802.0,1800.15,1801.65,254.8087,459029.651468,2347
2026-07-11 08:15:00,1801.65,1801.74,1800.78,1801.05,128.6843,231775.674026,1527
2026-07-11 08:20:00,1801.06,1801.73,1801.0,1801.65,180.4349,325013.554173,2011
2026-07-11 08:25:00,1801.64,1801.73,1800.97,1801.32,176.0967,317208.114096,1686
2026-07-11 08:30:00,1801.32,1801.42,1800.99,1801.41,116.2232,209352.400097,1171
2026-07-11 08:35:00,1801.42,1802.16,1801.41,1802.11,250.9069,452127.16689,2270
2026-07-11 08:40:00,1802.11,1803.52,1802.05,1802.59,384.6897,693467.156246,4935
2026-07-11 08:45:00,1802.6,1802.6,1800.77,1800.78,259.258,467104.697652,2852
2026-07-11 08:50:00,1800.77,1800.84,1800.51,1800.84,149.1192,268509.700035,1536
2026-07-11 08:55:00,1800.84,1801.48,1800.83,1801.47,131.7842,237363.715464,1018
2026-07-11 09:00:00,1801.47,1802.59,1801.4,1802.33,138.0037,248662.088286,1964
2026-07-11 09:05:00,1802.33,1802.34,1800.9,1800.91,282.4174,508807.603628,2383
2026-07-11 09:10:00,1800.91,1800.92,1798.65,1798.66,287.7967,517984.547637,2692
2026-07-11 09:15:00,1798.66,1799.86,1798.58,1798.59,157.1761,282802.393316,2263
2026-07-11 09:20:00,1798.59,1798.94,1798.14,1798.94,242.5342,436199.039056,1815
2026-07-11 09:25:00,1798.94,1799.8,1798.63,1799.79,231.5658,416612.42425,2109
2026-07-11 09:30:00,1799.79,1800.0,1797.52,1798.25,357.0768,642279.979664,3639
2026-07-11 09:35:00,1798.24,1800.85,1797.67,1800.63,237.1753,426763.094082,2864
2026-07-11 09:40:00,1800.62,1800.62,1799.22,1799.22,189.2178,340599.593945,2477
2026-07-11 09:45:00,1799.23,1799.26,1797.79,1798.72,426.0582,766333.953275,3614
2026-07-11 09:50:00,1798.72,1799.18,1797.44,1797.8,409.7314,736802.583215,4065
2026-07-11 09:55:00,1797.81,1798.64,1795.15,1795.5,743.0015,1335023.44424,7838
2026-07-11 10:00:00,1795.51,1796.94,1795.23,1796.73,279.8337,502676.516495,3622
2026-07-11 10:05:00,1796.73,1796.84,1795.99,1796.21,212.0998,380999.627071,1876
2026-07-11 10:10:00,1796.22,1797.51,1796.21,1797.5,208.4317,374492.702711,1959
2026-07-11 10:15:00,1797.51,1797.51,1795.59,1795.91,426.5128,766068.575936,3763
2026-07-11 10:20:00,1795.9,1797.71,1795.9,1797.71,171.4487,308076.40107,1280
2026-07-11 10:25:00,1797.71,1798.92,1797.19,1798.92,257.6148,463132.181722,2601
2026-07-11 10:30:00,1798.92,1798.92,1797.71,1798.47,151.2479,271958.430333,1732
2026-07-11 10:35:00,1798.47,1798.47,1796.75,1797.1,264.2568,475045.945008,2666
2026-07-11 10:40:00,1797.09,1798.92,1797.09,1797.81,320.9906,577068.400062,2571
2026-07-11 10:45:00,1797.8,1799.28,1797.8,1798.61,260.9463,469414.311244,2227
2026-07-11 10:50:00,1798.62,1799.08,1798.04,1798.57,234.8023,422309.842225,1863
2026-07-11 10:55:00,1798.57,1798.66,1798.29,1798.3,170.6905,306981.030117,1766
2026-07-11 11:00:00,1798.3,1798.3,1797.2,1798.0,228.8244,411372.710327,1822
2026-07-11 11:05:00,1798.0,1799.37,1797.86,1798.41,226.1717,406780.181518,3305
2026-07-11 11:10:00,1798.42,1798.91,1798.14,1798.91,175.4058,315485.386039,1749
2026-07-11 11:15:00,1798.92,1799.01,1797.72,1798.25,284.5165,511595.55565,1690
2026-07-11 11:20:00,1798.25,1798.51,1797.85,1798.5,320.5464,576417.142356,2028
2026-07-11 11:25:00,1798.49,1799.63,1798.4,1799.04,654.7885,1178041.963817,2450
2026-07-11 11:30:00,1799.04,1799.75,1798.87,1799.59,223.8916,402835.31053,2262
2026-07-11 11:35:00,1799.59,1800.54,1799.58,1799.79,512.7148,922994.27405,3518
2026-07-11 11:40:00,1799.8,1801.02,1799.68,1799.97,454.5067,818307.916884,2803
2026-07-11 11:45:00,1799.97,1800.54,1799.26,1800.26,625.1671,1125202.517384,3046
2026-07-11 11:50:00,1800.26,1800.36,1799.4,1799.84,120.8747,217558.582239,3462
2026-07-11 11:55:00,1799.85,1801.02,1799.83,1800.48,165.3146,297622.747188,3206
2026-07-11 12:00:00,1800.47,1801.66,1800.47,1801.11,150.6249,271281.546168,2233
2026-07-11 12:05:00,1801.11,1801.14,1799.4,1800.17,199.603,359331.03134,3387
2026-07-11 12:10:00,1800.17,1800.45,1799.89,1800.45,128.52,231371.505122,1823
2026-07-11 12:15:00,1800.45,1800.86,1799.01,1799.13,203.8908,367000.2422,2284
2026-07-11 12:20:00,1799.14,1799.14,1798.65,1798.83,117.9617,212216.251072,1263
2026-07-11 12:25:00,1798.83,1800.73,1798.82,1800.05,488.4413,879143.162624,1283
2026-07-11 12:30:00,1800.04,1800.25,1799.28,1799.28,282.1145,507782.680372,1759
2026-07-11 12:35:00,1799.28,1799.96,1799.0,1799.01,180.9759,325683.833664,2437
2026-07-11 12:40:00,1799.0,1799.19,1798.42,1799.13,263.0446,473179.002973,2575
2026-07-11 12:45:00,1799.14,1800.47,1799.13,1800.46,268.3175,482866.707651,2340
2026-07-11 12:50:00,1800.47,1801.36,1800.46,1800.73,262.3006,472378.5909,2035
2026-07-11 12:55:00,1800.73,1800.97,1800.09,1800.1,257.2173,463176.552881,1639
2026-07-11 13:00:00,1800.1,1800.54,1799.18,1799.19,228.6246,411471.622775,1973
2026-07-11 13:05:00,1799.18,1799.95,1799.15,1799.55,239.3738,430757.552115,1766
2026-07-11 13:10:00,1799.56,1800.36,1799.15,1800.35,350.7605,631275.130843,1280
2026-07-11 13:15:00,1800.36,1802.5,1800.0,1802.3,420.1286,756703.694621,2530
2026-07-11 13:20:00,1802.3,1802.59,1801.52,1801.54,309.0336,556929.703314,2282
2026-07-11 13:25:00,1801.54,1801.97,1801.5,1801.66,214.4049,386297.094919,1313
2026-07-11 13:30:00,1801.65,1808.37,1801.5,1802.74,1511.3152,2728224.877533,6664
2026-07-11 13:35:00,1802.73,1803.56,1801.57,1802.42,441.7869,796321.562145,2698
2026-07-11 13:40:00,1802.41,1803.49,1801.7,1803.49,202.5107,365045.604128,1651
2026-07-11 13:45:00,1803.48,1804.99,1803.48,1804.44,292.6325,528006.854779,2323
2026-07-11 13:50:00,1804.44,1804.59,1802.56,1802.95,419.0546,755779.833762,2050
2026-07-11 13:55:00,1802.95,1802.96,1802.28,1802.61,259.3117,467428.695377,1340
2026-07-11 14:00:00,1802.61,1803.82,1802.61,1803.73,323.5066,583367.453495,1554
2026-07-11 14:05:00,1803.74,1804.3,1803.57,1804.3,260.9913,470767.200786,1038
2026-07-11 14:10:00,1804.29,1804.56,1802.64,1802.64,545.4825,984109.865661,2141
2026-07-11 14:15:00,1802.64,1803.99,1802.48,1803.85,406.2926,732690.001428,2273
2026-07-11 14:20:00,1803.84,1806.55,1802.82,1805.32,527.0169,951006.41641,3714
2026-07-11 14:25:00,1805.32,1807.38,1804.01,1805.99,674.5479,1218110.517094,6144
2026-07-11 14:30:00,1806.0,1809.0,1806.0,1807.54,1093.6188,1977111.494521,6254
2026-07-11 14:35:00,1807.55,1817.62,1807.55,1814.54,6253.4946,11341444.85205,33420
2026-07-11 14:40:00,1814.55,1814.89,1813.02,1814.41,963.4675,1747325.027798,9777
2026-07-11 14:45:00,1814.4,1815.23,1812.3,1812.52,1220.3612,2213196.11976,9469
2026-07-11 14:50:00,1812.52,1813.79,1811.21,1813.01,877.6702,1590759.451478,5798
2026-07-11 14:55:00,1813.01,1813.2,1810.64,1810.73,512.8969,929531.922972,4507
2026-07-11 15:00:00,1810.73,1814.46,1810.73,1814.46,1448.7141,2625846.883186,8375
2026-07-11 15:05:00,1814.46,1815.16,1813.25,1814.28,583.8591,1059246.124114,5795
2026-07-11 15:10:00,1814.29,1826.69,1813.83,1821.49,10998.1693,20042134.927852,35648
2026-07-11 15:15:00,1821.54,1822.06,1818.94,1819.9,1305.0606,2375375.864983,12897
2026-07-11 15:20:00,1819.9,1828.0,1819.9,1826.7,2294.7965,4187282.958507,18139
2026-07-11 15:25:00,1826.71,1826.91,1823.94,1824.26,768.3821,1402391.674886,5367
2026-07-11 15:30:00,1824.25,1824.42,1822.39,1823.5,401.0401,731248.120048,4448
2026-07-11 15:35:00,1823.5,1824.48,1813.26,1814.61,4320.8945,7851903.645678,28787
2026-07-11 15:40:00,1814.62,1816.78,1811.51,1812.16,1475.8401,2677256.222909,8513
2026-07-11 15:45:00,1812.16,1814.23,1808.73,1811.8,1937.804,3509354.049661,14497
2026-07-11 15:50:00,1811.8,1813.02,1809.33,1813.02,722.1443,1307867.13884,7952
2026-07-11 15:55:00,1813.02,1815.5,1812.84,1814.83,1354.5537,2457848.290058,7826
2026-07-11 16:00:00,1814.82,1816.13,1812.75,1814.11,584.9422,1061333.810717,11740
2026-07-11 16:05:00,1814.11,1814.72,1810.62,1811.72,942.2448,1707616.607818,9953
2026-07-11 16:10:00,1811.71,1815.06,1811.12,1814.98,491.7666,891807.11077,6360
2026-07-11 16:15:00,1814.97,1816.34,1813.24,1816.28,716.1212,1299652.965734,4689
2026-07-11 16:20:00,1816.28,1819.45,1815.07,1819.1,1616.5494,2937750.918974,7982
2026-07-11 16:25:00,1819.09,1820.4,1818.36,1820.01,4445.1906,8089527.090277,6123
2026-07-11 16:30:00,1820.0,1824.43,1819.31,1821.41,2034.6867,3705534.584695,8862
2026-07-11 16:35:00,1821.42,1821.55,1817.09,1818.95,3876.9908,7054477.855173,8494
2026-07-11 16:40:00,1818.96,1819.15,1817.09,1818.18,686.4674,1247944.21495,3878
2026-07-11 16:45:00,1818.19,1819.97,1816.3,1819.97,892.264,1622054.358612,5864
2026-07-11 16:50:00,1819.97,1821.41,1819.47,1819.93,647.3377,1178398.476794,4653
2026-07-11 16:55:00,1819.94,1823.58,1819.82,1823.34,995.848,1814696.229082,6060
2026-07-11 17:00:00,1823.34,1823.9,1820.66,1821.32,444.2197,809567.704456,4824
2026-07-11 17:05:00,1821.32,1822.84,1820.99,1821.43,244.967,446283.646362,3435
2026-07-11 17:10:00,1821.42,1821.43,1820.49,1820.5,180.0953,327972.254078,2650
2026-07-11 17:15:00,1820.5,1822.35,1820.04,1821.17,231.1704,421026.607519,2941
2026-07-11 17:20:00,1821.18,1821.18,1818.42,1819.69,258.6344,470553.309111,3487
2026-07-11 17:25:00,1819.68,1822.8,1819.57,1822.62,317.4016,578148.719717,3435
2026-07-11 17:30:00,1822.62,1827.0,1822.5,1827.0,1159.3629,2116053.537574,7946
2026-07-11 17:35:00,1827.0,1827.9,1824.61,1827.41,2173.7876,3969813.818257,5972
2026-07-11 17:40:00,1827.42,1830.0,1825.37,1826.56,873.0696,1595825.020322,8216
2026-07-11 17:45:00,1826.56,1828.56,1824.24,1824.99,547.4606,999633.994664,5850
2026-07-11 17:50:00,1824.99,1825.42,1824.44,1825.16,307.1083,560457.496672,2211
2026-07-11 17:55:00,1825.16,1825.47,1824.08,1824.73,416.004,759043.71456,2134
2026-07-11 18:00:00,1824.72,1825.36,1824.14,1824.46,511.7192,933675.304002,2709
2026-07-11 18:05:00,1824.47,1825.98,1824.0,1824.72,358.9753,655090.187684,2600
2026-07-11 18:10:00,1824.71,1825.07,1823.7,1824.32,445.3597,812535.688512,2314
2026-07-11 18:15:00,1824.32,1826.18,1824.07,1826.03,376.661,687570.891108,2420
2026-07-11 18:20:00,1826.02,1830.0,1825.47,1827.44,1263.7675,2309738.341691,6558
2026-07-11 18:25:00,1827.44,1827.65,1825.42,1825.98,550.1028,1004868.064407,2929
2026-07-11 18:30:00,1825.97,1826.84,1825.37,1826.75,403.9018,737590.618275,3224
2026-07-11 18:35:00,1826.75,1827.44,1826.55,1826.99,254.2056,464416.406012,2005
2026-07-11 18:40:00,1826.98,1829.82,1826.98,1828.58,1422.5442,2600966.160656,3390
2026-07-11 18:45:00,1828.58,1828.72,1825.93,1826.13,520.2784,950781.594009,4690
2026-07-11 18:50:00,1826.12,1826.18,1824.21,1825.51,520.7267,950416.821337,3602
2026-07-11 18:55:00,1825.5,1826.96,1825.5,1826.39,215.804,394128.644215,2490
2026-07-11 19:00:00,1826.39,1826.39,1823.97,1824.9,3091.7067,5640036.383576,3883
2026-07-11 19:05:00,1824.9,1824.92,1823.63,1824.5,1073.9972,1959300.681784,4960
2026-07-11 19:10:00,1824.5,1827.21,1823.99,1824.99,1108.1655,2022546.504182,5874
2026-07-11 19:15:00,1825.0,1825.55,1824.49,1825.55,812.2261,1482145.098932,2896
2026-07-11 19:20:00,1825.55,1825.55,1823.9,1824.31,227.2618,414638.210536,2387
2026-07-11 19:25:00,1824.31,1824.74,1818.96,1819.92,3330.7385,6064231.868471,9339
2026-07-11 19:30:00,1819.92,1820.67,1819.09,1820.05,545.2488,992206.932984,6194
2026-07-11 19:35:00,1820.05,1821.46,1819.75,1820.34,344.0313,626431.727166,3546
2026-07-11 19:40:00,1820.35,1822.06,1819.82,1821.22,614.2577,1118541.605661,4337
2026-07-11 19:45:00,1821.22,1823.96,1821.22,1822.7,664.0268,1210371.306437,4512
2026-07-11 19:50:00,1822.69,1824.18,1822.69,1824.18,252.1732,459862.115127,2801
2026-07-11 19:55:00,1824.19,1824.43,1823.95,1824.38,115.0201,209823.984158,1339
2026-07-11 20:00:00,1824.38,1825.26,1823.21,1825.25,549.6994,1002679.350968,3266
2026-07-11 20:05:00,1825.26,1825.26,1824.03,1824.39,218.8168,399241.580582,2749
2026-07-11 20:10:00,1824.39,1825.55,1824.37,1824.95,264.975,483529.343355,1485
2026-07-11 20:15:00,1824.96,1825.76,1824.9,1825.76,124.6389,227515.024874,1903
2026-07-11 20:20:00,1825.76,1826.05,1824.92,1825.26,233.8698,426914.518368,2196
2026-07-11 20:25:00,1825.25,1826.01,1825.01,1826.01,103.1791,188333.919264,1091
2026-07-11 20:30:00,1826.02,1826.56,1825.46,1825.73,162.5723,296850.712001,2294
2026-07-11 20:35:00,1825.72,1826.52,1825.57,1826.28,169.4582,309446.734238,2298
2026-07-11 20:40:00,1826.28,1828.57,1826.27,1827.57,866.272,1583215.533217,6094
2026-07-11 20:45:00,1827.56,1828.37,1825.4,1825.82,567.0508,1036045.253879,4020
2026-07-11 20:50:00,1825.81,1826.54,1825.5,1826.4,167.21,305347.044879,2345
2026-07-11 20:55:00,1826.4,1826.5,1825.97,1825.97,168.0131,306832.61379,944
2026-07-11 21:00:00,1825.97,1828.36,1825.97,1828.36,200.449,366224.154989,3024
2026-07-11 21:05:00,1828.36,1829.17,1827.87,1828.08,125.9222,230240.266112,2721
2026-07-11 21:10:00,1828.09,1828.29,1826.37,1826.51,245.0048,447759.019774,2663
2026-07-11 21:15:00,1826.52,1827.75,1826.07,1827.12,180.1548,329112.416005,3243
2026-07-11 21:20:00,1827.12,1828.73,1826.89,1827.2,1000.8169,1829326.70107,2279
2026-07-11 21:25:00,1827.19,1827.19,1825.44,1825.72,138.9018,253622.457728,2106
2026-07-11 21:30:00,1825.72,1826.97,1823.95,1825.0,247.0619,451016.807183,3881
2026-07-11 21:35:00,1824.99,1825.36,1824.75,1825.02,174.3814,318251.505215,1537
2026-07-11 21:40:00,1825.02,1825.02,1822.65,1823.27,408.0473,744165.286751,5129
2026-07-11 21:45:00,1823.26,1824.31,1823.1,1824.04,132.3734,241424.311375,1892
2026-07-11 21:50:00,1824.03,1825.57,1824.03,1824.19,355.1459,648041.184517,4261
2026-07-11 21:55:00,1824.19,1824.36,1823.35,1823.97,198.2271,361546.335685,2539
2026-07-11 22:00:00,1823.96,1823.96,1822.63,1822.8,226.9239,413727.100086,4514
2026-07-11 22:05:00,1822.79,1822.79,1821.61,1822.69,451.3561,822459.918991,3270
2026-07-11 22:10:00,1822.7,1824.21,1822.34,1822.47,504.1143,919124.515711,4167
2026-07-11 22:15:00,1822.47,1822.49,1819.34,1820.07,541.5177,986039.68458,5550
2026-07-11 22:20:00,1820.06,1820.06,1809.26,1814.0,2975.5557,5396182.201885,20265
2026-07-11 22:25:00,1814.0,1815.06,1812.62,1813.84,261.5714,474575.624793,2852
2026-07-11 22:30:00,1813.84,1817.03,1813.84,1815.4,537.2121,975551.65932,2758
2026-07-11 22:35:00,1815.4,1817.35,1812.92,1812.92,657.5768,1193717.555387,4305
2026-07-11 22:40:00,1812.93,1815.72,1812.7,1815.62,586.0239,1063131.247136,3604
2026-07-11 22:45:00,1815.62,1815.62,1813.01,1813.31,422.8921,767444.94534,3103
2026-07-11 22:50:00,1813.31,1813.53,1812.0,1812.31,591.4901,1072255.308601,2335
2026-07-11 22:55:00,1812.32,1814.42,1812.31,1813.73,225.2147,408367.722932,2632
2026-07-11 23:00:00,1813.73,1815.39,1812.77,1815.05,215.9358,391772.556808,2541
2026-07-11 23:05:00,1815.05,1815.86,1808.92,1808.93,843.6819,1528236.306611,5673
2026-07-11 23:10:00,1808.92,1809.45,1806.62,1808.44,1252.7278,2264852.244698,6052
2026-07-11 23:15:00,1808.44,1810.61,1808.44,1809.26,321.6804,582115.798654,2966
2026-07-11 23:20:00,1809.26,1809.26,1796.74,1798.25,4682.0006,8434559.624666,22812
2026-07-11 23:25:00,1798.25,1799.55,1792.03,1795.71,2892.1028,5191705.326252,20690
2026-07-11 23:30:00,1795.71,1796.49,1788.53,1790.42,2444.3097,4380276.447292,29262
2026-07-11 23:35:00,1790.42,1791.78,1786.58,1789.49,2149.7361,3845604.29399,19347
2026-07-11 23:40:00,1789.45,1792.13,1788.68,1791.31,828.3897,1483384.479388,5197
2026-07-11 23:45:00,1791.31,1794.24,1790.88,1794.2,742.3983,1330766.164094,5141
2026-07-11 23:50:00,1794.19,1794.51,1790.0,1790.74,475.5313,852277.832319,5226
2026-07-11 23:55:00,1790.74,1790.74,1787.76,1787.76,1184.2633,2118805.085226,6149
2026-07-12 00:00:00,1787.76,1791.18,1786.75,1788.72,1182.3066,2115022.731408,9773
2026-07-12 00:05:00,1788.71,1788.88,1783.09,1783.57,1573.4384,2809129.550472,12098
2026-07-12 00:10:00,1783.57,1787.43,1783.09,1784.14,1069.7937,1910747.975207,6563
2026-07-12 00:15:00,1784.14,1787.42,1783.09,1787.14,725.1947,1295024.234233,8132
2026-07-12 00:20:00,1787.14,1790.4,1786.96,1787.99,930.0398,1664106.991679,5787
2026-07-12 00:25:00,1787.98,1789.2,1787.22,1787.92,817.8534,1462696.088832,5589
2026-07-12 00:30:00,1787.93,1788.27,1779.46,1786.06,3154.2928,5625578.539274,26122
2026-07-12 00:35:00,1786.05,1787.15,1784.46,1784.86,563.6153,1006524.915717,10167
2026-07-12 00:40:00,1784.86,1787.13,1783.18,1786.65,510.3597,910973.741241,12449
2026-07-12 00:45:00,1786.65,1788.15,1784.97,1785.59,412.4735,736828.917538,12576
2026-07-12 00:50:00,1785.6,1789.12,1785.49,1788.49,439.411,785501.19744,6839
2026-07-12 00:55:00,1788.48,1790.9,1788.35,1788.98,558.7123,999736.92035,7351
2026-07-12 01:00:00,1788.98,1794.8,1788.16,1793.45,980.5826,1757421.712287,11493
2026-07-12 01:05:00,1793.45,1795.45,1792.51,1795.0,461.3286,827618.900297,6304
2026-07-12 01:10:00,1795.0,1796.63,1793.48,1793.48,619.0551,1111156.290008,4918
2026-07-12 01:15:00,1793.48,1802.13,1792.61,1800.49,1925.6935,3464506.35411,11657
2026-07-12 01:20:00,1800.5,1801.74,1798.59,1800.18,592.5791,1066761.987133,11149
2026-07-12 01:25:00,1800.18,1801.6,1799.3,1800.85,445.5789,802211.835737,6695
2026-07-12 01:30:00,1800.84,1804.15,1800.01,1803.32,973.4265,1754321.110757,10232
2026-07-12 01:35:00,1803.31,1805.92,1803.22,1805.22,655.6338,1183290.433088,5444
2026-07-12 01:40:00,1805.21,1808.29,1805.21,1806.75,931.4483,1683310.37872,5851
2026-07-12 01:45:00,1806.75,1807.69,1804.96,1806.77,299.7303,541379.711108,3792
2026-07-12 01:50:00,1806.77,1808.3,1806.22,1807.57,374.0916,676096.049662,3340
2026-07-12 01:55:00,1807.57,1807.57,1806.25,1806.7,207.2197,374375.713454,1946
2026-07-12 02:00:00,1806.7,1806.7,1803.18,1803.73,372.9673,673256.693647,4874
2026-07-12 02:05:00,1803.73,1805.58,1803.12,1804.36,257.6006,464852.692375,3662
2026-07-12 02:10:00,1804.35,1804.75,1802.97,1803.78,385.7095,695657.562558,3387
2026-07-12 02:15:00,1803.78,1806.23,1803.47,1804.78,616.5777,1112842.168598,4262
2026-07-12 02:20:00,1804.78,1807.54,1804.78,1806.76,243.7247,440336.754845,3604
2026-07-12 02:25:00,1806.76,1806.76,1804.87,1805.5,109.4473,197642.370802,2089
2026-07-12 02:30:00,1805.51,1805.81,1804.0,1805.52,279.463,504373.394436,3000
2026-07-12 02:35:00,1805.52,1807.13,1805.52,1805.56,343.5312,620555.465737,2814
2026-07-12 02:40:00,1805.57,1806.28,1804.85,1805.51,115.4135,208362.904851,1642
2026-07-12 02:45:00,1805.51,1806.0,1804.42,1804.93,131.1688,236789.521639,2549
2026-07-12 02:50:00,1804.93,1805.78,1804.46,1805.03,191.779,346240.882351,2100
2026-07-12 02:55:00,1805.02,1807.6,1805.0,1805.12,455.7773,823166.371135,2982
2026-07-12 03:00:00,1805.11,1805.84,1804.64,1804.69,392.233,707973.410112,2729
2026-07-12 03:05:00,1804.69,1805.38,1803.81,1803.92,216.8717,391415.058562,2105
2026-07-12 03:10:00,1803.92,1806.9,1802.66,1805.96,654.0205,1180988.457615,3137
2026-07-12 03:15:00,1805.97,1807.64,1805.87,1806.42,277.4636,501281.669073,2940
2026-07-12 03:20:00,1806.42,1808.44,1806.42,1807.17,614.4237,1110656.267077,3181
2026-07-12 03:25:00,1807.17,1807.46,1805.73,1807.46,226.7617,409656.291512,2122
2026-07-12 03:30:00,1807.46,1813.67,1807.1,1811.82,1427.5689,2585132.423565,7727
2026-07-12 03:35:00,1811.82,1812.43,1809.54,1809.54,585.3409,1059915.748069,3365
2026-07-12 03:40:00,1809.54,1811.51,1809.54,1810.32,172.5894,312477.326065,1959
2026-07-12 03:45:00,1810.32,1812.17,1809.69,1810.28,318.3035,576413.574074,2676
2026-07-12 03:50:00,1810.28,1810.64,1809.0,1810.64,917.4144,1660529.1143,2495
2026-07-12 03:55:00,1810.68,1811.54,1810.41,1811.53,780.9224,1414285.836116,2202
2026-07-12 04:00:00,1811.53,1811.78,1809.57,1810.53,303.1468,548826.98655,2617
2026-07-12 04:05:00,1810.53,1811.23,1810.11,1810.69,169.3808,306694.322358,1642
2026-07-12 04:10:00,1810.69,1810.7,1810.02,1810.3,60.995,110414.048032,573
2026-07-12 04:15:00,1810.29,1812.63,1808.04,1809.09,376.7826,682063.752137,3023
2026-07-12 04:20:00,1809.09,1810.44,1809.09,1810.08,164.8623,298346.350761,1673
2026-07-12 04:25:00,1810.09,1811.31,1809.62,1809.77,459.6243,832091.391864,2242
2026-07-12 04:30:00,1809.76,1810.39,1807.33,1807.33,375.869,679942.737087,2540
2026-07-12 04:35:00,1807.34,1807.34,1805.37,1806.69,505.7165,913522.270107,2703
2026-07-12 04:40:00,1806.68,1808.94,1806.68,1808.37,102.0585,184497.772698,1859
2026-07-12 04:45:00,1808.36,1808.37,1805.56,1805.71,166.9402,301585.164585,2123
2026-07-12 04:50:00,1805.71,1805.95,1805.12,1805.53,130.9808,236494.128289,1655
2026-07-12 04:55:00,1805.52,1805.92,1804.15,1805.92,415.7185,750400.595567,2908
2026-07-12 05:00:00,1805.92,1806.61,1805.53,1806.49,209.7889,378932.92354,1620
2026-07-12 05:05:00,1806.49,1807.15,1805.8,1806.27,134.7033,243345.466505,1450
2026-07-12 05:10:00,1806.27,1806.27,1804.42,1804.61,90.7327,163781.827481,1133
2026-07-12 05:15:00,1804.62,1804.85,1802.3,1803.57,297.8455,537162.903035,2712
2026-07-12 05:20:00,1803.56,1803.98,1801.3,1801.62,309.3333,557550.214567,2427
2026-07-12 05:25:00,1801.63,1803.19,1801.31,1801.61,285.0901,513683.502201,2566
2026-07-12 05:30:00,1801.6,1803.76,1801.31,1802.93,392.3686,707206.332777,3028
2026-07-12 05:35:00,1802.93,1805.79,1802.81,1805.56,139.888,252409.87693,1577
2026-07-12 05:40:00,1805.57,1805.71,1804.92,1805.16,143.9331,259841.022837,1172
2026-07-12 05:45:00,1805.17,1805.67,1804.61,1804.62,102.7502,185490.254937,910
2026-07-12 05:50:00,1804.61,1804.62,1804.0,1804.24,84.9357,153239.786797,688
2026-07-12 05:55:00,1804.24,1804.4,1803.25,1803.25,130.9804,236284.053894,1570
2026-07-12 06:00:00,1803.25,1803.25,1796.56,1796.57,1109.8236,1996251.830101,9029
2026-07-12 06:05:00,1796.58,1797.64,1794.76,1795.11,810.3179,1455261.366997,7315
2026-07-12 06:10:00,1795.12,1795.25,1792.86,1793.31,645.1468,1157486.060569,5839
2026-07-12 06:15:00,1793.31,1794.65,1792.28,1794.28,1258.5085,2257140.83457,5804
2026-07-12 06:20:00,1794.28,1794.64,1793.25,1793.66,180.581,323979.390997,3389
2026-07-12 06:25:00,1793.67,1794.66,1789.44,1790.89,713.2599,1277936.566371,6868
2026-07-12 06:30:00,1790.89,1793.84,1789.76,1793.69,502.1689,899976.180398,4095
2026-07-12 06:35:00,1793.69,1795.11,1793.69,1793.77,245.666,440819.294851,3240
2026-07-12 06:40:00,1793.76,1794.56,1793.76,1794.24,196.9519,353366.153719,2040
2026-07-12 06:45:00,1794.25,1795.25,1794.24,1794.97,175.4021,314804.961101,2478
2026-07-12 06:50:00,1794.96,1794.98,1792.79,1794.98,346.722,621948.735656,2782
2026-07-12 06:55:00,1794.98,1795.91,1794.87,1795.13,166.8774,299602.345052,1742
2026-07-12 07:00:00,1795.14,1797.05,1794.2,1796.79,424.4237,762197.253137,3365
2026-07-12 07:05:00,1796.79,1797.72,1796.78,1797.26,252.0771,453094.431349,1752
2026-07-12 07:10:00,1797.26,1798.0,1797.0,1798.0,110.102,197898.496205,1665
2026-07-12 07:15:00,1798.0,1798.34,1796.92,1797.71,195.0802,350675.953373,2337
2026-07-12 07:20:00,1797.71,1799.0,1797.37,1797.89,319.9157,575248.040359,2492
2026-07-12 07:25:00,1797.9,1797.94,1796.56,1796.91,156.7846,281760.724418,1597
2026-07-12 07:30:00,1796.92,1797.63,1796.41,1797.5,225.9374,406016.049651,2102
2026-07-12 07:35:00,1797.5,1797.5,1796.5,1796.72,152.7931,274559.390738,1060
2026-07-12 07:40:00,1796.72,1797.61,1796.71,1797.3,131.2274,235835.346233,1351
2026-07-12 07:45:00,1797.3,1798.67,1796.69,1798.59,107.3693,192995.509286,1821
2026-07-12 07:50:00,1798.58,1798.74,1797.52,1798.36,192.0028,345238.442455,1538
2026-07-12 07:55:00,1798.36,1799.1,1798.11,1798.78,308.0175,554030.518981,1839
2026-07-12 08:00:00,1798.78,1802.34,1798.73,1800.77,397.1586,715277.690376,3670
2026-07-12 08:05:00,1800.78,1808.85,1800.57,1805.02,846.4222,1528054.21047,8053
2026-07-12 08:10:00,1805.02,1808.26,1804.18,1807.71,302.3522,545945.111175,6911
2026-07-12 08:15:00,1807.71,1808.94,1805.68,1806.55,513.8283,928596.957139,9759
2026-07-12 08:20:00,1806.56,1806.56,1804.4,1804.85,331.4252,598257.746358,3316
2026-07-12 08:25:00,1804.85,1805.13,1803.86,1804.0,151.8247,273966.165172,2848
2026-07-12 08:30:00,1804.01,1805.26,1803.63,1805.25,192.2428,346913.06217,3396
2026-07-12 08:35:00,1805.26,1805.71,1803.85,1804.25,133.0318,240083.106917,2799
2026-07-12 08:40:00,1804.25,1805.38,1803.9,1805.0,97.8109,176502.631064,2125
2026-07-12 08:45:00,1804.99,1805.1,1803.22,1804.32,161.6465,291666.575361,4738
2026-07-12 08:50:00,1804.32,1805.18,1804.11,1804.67,155.8457,281269.001629,2857
2026-07-12 08:55:00,1804.67,1805.58,1804.22,1805.22,164.8285,297490.314615,2351
2026-07-12 09:00:00,1805.22,1805.99,1804.1,1804.47,218.144,393757.087857,3020
2026-07-12 09:05:00,1804.47,1804.66,1803.66,1804.0,129.7949,234161.146117,2824
2026-07-12 09:10:00,1804.0,1804.27,1801.02,1801.02,434.8699,783605.991178,4997
2026-07-12 09:15:00,1801.03,1801.06,1799.45,1800.54,657.5427,1183804.660154,6652
2026-07-12 09:20:00,1800.55,1800.62,1796.69,1797.43,621.3773,1117148.047836,6850
2026-07-12 09:25:00,1797.43,1800.08,1797.43,1799.61,407.5531,733269.471772,4995
2026-07-12 09:30:00,1799.62,1800.91,1799.6,1800.47,260.6094,469179.165596,3802
2026-07-12 09:35:00,1800.46,1801.66,1800.46,1801.66,311.3094,560672.312816,3686
2026-07-12 09:40:00,1801.66,1804.7,1801.66,1803.79,415.1868,748720.160417,7706
2026-07-12 09:45:00,1803.79,1804.1,1802.68,1802.92,227.8648,410958.442855,2824
2026-07-12 09:50:00,1802.91,1803.25,1802.3,1803.02,101.7122,183353.243521,1824
2026-07-12 09:55:00,1803.02,1803.02,1802.28,1802.39,109.1222,196706.414949,1148
2026-07-12 10:00:00,1802.4,1802.58,1800.79,1801.27,111.1809,200317.091829,2375
2026-07-12 10:05:00,1801.28,1801.93,1800.08,1800.18,194.0215,349441.443663,4071
2026-07-12 10:10:00,1800.18,1801.18,1800.0,1800.98,122.1166,219856.25526,2553
2026-07-12 10:15:00,1800.99,1801.11,1799.4,1801.11,342.2017,615956.737836,2369
2026-07-12 10:20:00,1801.11,1802.41,1800.84,1800.84,156.9376,282735.41306,2840
2026-07-12 10:25:00,1800.84,1801.43,1800.5,1800.77,140.6176,253255.882924,1838
2026-07-12 10:30:00,1800.77,1801.63,1800.28,1801.31,142.6568,256910.572385,2111
2026-07-12 10:35:00,1801.31,1801.64,1800.01,1800.02,337.703,608180.030234,3531
2026-07-12 10:40:00,1800.02,1800.02,1798.99,1799.93,210.2357,378291.901528,1556
2026-07-12 10:45:00,1799.93,1799.95,1799.0,1799.06,194.8532,350651.151786,1822
2026-07-12 10:50:00,1799.07,1801.28,1799.01,1799.28,386.2377,695157.656358,3375
2026-07-12 10:55:00,1799.27,1800.08,1799.27,1799.4,63.7204,114674.959334,1918
2026-07-12 11:00:00,1799.41,1800.79,1799.24,1800.79,254.3083,457710.272513,2425
2026-07-12 11:05:00,1800.79,1800.99,1799.7,1799.85,492.8237,887392.793378,1560
2026-07-12 11:10:00,1799.84,1800.33,1796.48,1798.35,424.9638,764100.771083,3343
2026-07-12 11:15:00,1798.35,1800.78,1798.35,1800.69,198.4741,357270.560075,1895
2026-07-12 11:20:00,1800.7,1800.7,1798.29,1799.53,255.3622,459607.633011,1658
2026-07-12 11:25:00,1799.54,1801.12,1799.54,1801.12,236.8962,426477.988677,1231
2026-07-12 11:30:00,1801.13,1804.14,1801.13,1804.14,979.5193,1765666.89223,3861
2026-07-12 11:35:00,1804.14,1806.57,1804.14,1804.94,382.1127,689929.795961,2784
2026-07-12 11:40:00,1804.93,1806.06,1804.55,1806.05,153.6811,277408.873563,1954
2026-07-12 11:45:00,1806.06,1806.84,1804.95,1805.33,225.8679,407833.787135,3349
2026-07-12 11:50:00,1805.32,1805.67,1803.43,1804.13,187.8808,338997.846715,2647
2026-07-12 11:55:00,1804.12,1804.98,1803.76,1803.77,125.5022,226463.530715,1509
2026-07-12 12:00:00,1803.77,1804.42,1803.0,1803.21,171.1678,308744.676059,1947
2026-07-12 12:05:00,1803.21,1804.8,1803.21,1804.74,237.9314,429192.709224,1803
2026-07-12 12:10:00,1804.74,1807.59,1804.55,1806.79,431.7814,780074.841398,4717
2026-07-12 12:15:00,1806.8,1808.0,1805.7,1806.02,198.7432,359112.246706,4631
2026-07-12 12:20:00,1806.01,1806.64,1805.4,1805.5,171.4753,309654.502303,2623
2026-07-12 12:25:00,1805.5,1807.47,1805.49,1807.47,141.6602,255877.422574,2569
2026-07-12 12:30:00,1807.46,1807.54,1805.28,1806.1,248.75,449350.126933,3776
2026-07-12 12:35:00,1806.09,1806.38,1805.24,1805.56,168.8231,304869.557297,2566
2026-07-12 12:40:00,1805.56,1806.0,1804.85,1805.99,199.2883,359805.190397,2388
2026-07-12 12:45:00,1805.99,1809.42,1805.99,1807.57,271.83,491478.872947,3201
2026-07-12 12:50:00,1807.58,1807.79,1805.56,1807.78,122.7877,221795.961698,2704
2026-07-12 12:55:00,1807.78,1807.82,1806.66,1807.01,160.1955,289511.167886,1841
2026-07-12 13:00:00,1807.02,1808.07,1805.33,1808.07,161.5397,291802.115331,2776
2026-07-12 13:05:00,1808.06,1808.37,1806.43,1808.2,234.7406,424314.608345,3998
2026-07-12 13:10:00,1808.2,1808.76,1807.31,1807.99,173.9452,314512.251633,3793
2026-07-12 13:15:00,1808.0,1809.78,1807.05,1809.2,173.0559,312948.634242,4823
2026-07-12 13:20:00,1809.2,1809.21,1806.89,1806.99,136.6861,247131.386395,3892
2026-07-12 13:25:00,1806.98,1807.67,1806.59,1807.67,297.5557,537748.013275,3035
2026-07-12 13:30:00,1807.67,1808.01,1806.59,1808.0,176.1365,318367.951118,4159
2026-07-12 13:35:00,1807.99,1808.97,1807.75,1807.76,230.8571,417514.54116,3449
2026-07-12 13:40:00,1807.76,1808.36,1807.36,1807.45,205.917,372282.504433,3859
2026-07-12 13:45:00,1807.45,1807.95,1805.94,1806.15,233.9736,422801.877035,4583
2026-07-12 13:50:00,1806.16,1806.91,1805.5,1806.47,247.8012,447617.613408,3153
2026-07-12 13:55:00,1806.46,1806.68,1805.95,1805.95,212.4676,383775.565863,2063
2026-07-12 14:00:00,1805.95,1806.9,1804.61,1806.9,274.1925,495145.831342,4122
2026-07-12 14:05:00,1806.89,1807.0,1805.11,1805.75,150.749,272278.048051,3482
2026-07-12 14:10:00,1805.75,1805.75,1804.2,1804.42,443.0627,799567.712123,5810
2026-07-12 14:15:00,1804.42,1805.72,1804.32,1805.29,245.2458,442718.002482,3372
2026-07-12 14:20:00,1805.29,1805.65,1804.93,1805.4,436.5683,788069.341865,3410
2026-07-12 14:25:00,1805.41,1805.92,1805.01,1805.59,249.403,450339.153385,1345
2026-07-12 14:30:00,1805.58,1809.4,1805.58,1809.38,516.1926,933295.291949,3456
2026-07-12 14:35:00,1809.38,1809.38,1808.19,1808.23,209.8603,379543.689034,3842
2026-07-12 14:40:00,1808.23,1810.23,1807.58,1809.59,482.1923,872422.240137,3393
2026-07-12 14:45:00,1809.58,1819.0,1809.08,1815.99,3935.4599,7141962.79824,15968
2026-07-12 14:50:00,1815.99,1822.0,1814.67,1819.38,3518.5461,6403391.710445,13340
2026-07-12 14:55:00,1819.38,1820.35,1819.01,1819.51,1076.8703,1959493.132817,8052
2026-07-12 15:00:00,1819.5,1820.78,1816.54,1818.86,730.1138,1327938.897515,8863
2026-07-12 15:05:00,1818.86,1824.99,1818.86,1820.74,4298.5101,7833976.467028,17532
2026-07-12 15:10:00,1820.74,1823.22,1820.74,1821.84,525.3384,957208.882472,6510
2026-07-12 15:15:00,1821.84,1821.85,1819.53,1819.54,638.1999,1162042.089542,5393
2026-07-12 15:20:00,1819.53,1822.98,1818.0,1822.85,968.6685,1762889.810289,6017
2026-07-12 15:25:00,1822.85,1826.44,1821.91,1826.15,4068.0322,7422315.267608,10621
2026-07-12 15:30:00,1826.15,1826.92,1820.3,1820.38,1444.4251,2634815.37069,10058
2026-07-12 15:35:00,1820.38,1820.97,1818.87,1820.5,607.1714,1105112.054484,5977
2026-07-12 15:40:00,1820.51,1822.41,1820.14,1821.81,420.6499,766013.583544,2451
2026-07-12 15:45:00,1821.8,1824.65,1821.8,1823.67,847.5236,1545237.618026,3583
2026-07-12 15:50:00,1823.68,1825.0,1822.71,1822.77,1135.3079,2070760.911003,4014
2026-07-12 15:55:00,1822.77,1822.77,1820.65,1820.93,443.4372,807636.420616,3077
2026-07-12 16:00:00,1820.94,1821.41,1818.87,1819.59,602.0765,1095691.726267,4229
2026-07-12 16:05:00,1819.59,1824.01,1819.59,1823.48,1001.3758,1824767.233108,7042
2026-07-12 16:10:00,1823.49,1824.39,1817.6,1818.1,2387.6243,4346263.603917,7938
2026-07-12 16:15:00,1818.11,1820.62,1817.91,1819.98,982.999,1788633.024239,5198
2026-07-12 16:20:00,1819.99,1823.0,1819.98,1822.16,800.5621,1458437.238079,5333
2026-07-12 16:25:00,1822.16,1824.01,1821.94,1822.66,3521.9328,6421895.645916,5404
2026-07-12 16:30:00,1822.67,1822.77,1819.13,1819.94,396.5718,722119.642083,2849
2026-07-12 16:35:00,1819.94,1820.6,1818.89,1819.5,323.2034,588107.538749,2024
2026-07-12 16:40:00,1819.5,1820.09,1819.26,1819.76,653.8054,1189791.524008,3719
2026-07-12 16:45:00,1819.77,1821.78,1819.42,1821.69,555.6392,1011595.866708,3169
2026-07-12 16:50:00,1821.69,1821.97,1819.46,1820.23,734.5494,1337252.840731,3805
2026-07-12 16:55:00,1820.23,1822.58,1820.23,1822.0,383.1798,697894.841597,2557
2026-07-12 17:00:00,1821.99,1822.54,1820.75,1820.84,246.7393,449445.364439,2225
2026-07-12 17:05:00,1820.84,1821.35,1819.93,1821.35,261.5586,476185.015494,2435
2026-07-12 17:10:00,1821.35,1821.71,1819.98,1819.98,396.9274,722831.428135,2195
2026-07-12 17:15:00,1819.99,1821.23,1819.17,1821.15,526.8024,958617.871957,2439
2026-07-12 17:20:00,1821.15,1821.16,1819.22,1819.23,470.7245,856976.724943,2233
2026-07-12 17:25:00,1819.22,1819.79,1818.69,1818.73,504.6945,918048.815164,2002
2026-07-12 17:30:00,1818.72,1819.95,1818.49,1819.93,236.1764,429582.716306,1034
2026-07-12 17:35:00,1819.94,1820.94,1819.17,1820.94,233.2124,424450.75844,1955
2026-07-12 17:40:00,1820.94,1822.31,1820.81,1821.57,249.3299,454210.321821,2436
2026-07-12 17:45:00,1821.57,1821.57,1820.61,1820.61,364.3887,663510.169445,2182
2026-07-12 17:50:00,1820.61,1821.08,1814.85,1816.55,1182.2521,2148752.592345,7065
2026-07-12 17:55:00,1816.55,1818.56,1816.0,1818.5,654.2898,1189112.627684,3588
2026-07-12 18:00:00,1818.51,1821.0,1818.5,1820.12,481.8054,876856.660612,3292
2026-07-12 18:05:00,1820.12,1820.13,1815.73,1816.02,692.0821,1257940.100445,4643
2026-07-12 18:10:00,1816.02,1817.46,1816.02,1817.25,365.853,664655.901773,3235
2026-07-12 18:15:00,1817.24,1817.54,1815.65,1815.84,395.825,718954.920305,2643
2026-07-12 18:20:00,1815.83,1817.86,1815.12,1816.43,804.7607,1461655.481691,3084
2026-07-12 18:25:00,1816.42,1820.0,1816.01,1818.7,324.7684,590511.959605,2605
2026-07-12 18:30:00,1818.7,1819.81,1818.7,1818.73,268.0695,487632.812992,1561
2026-07-12 18:35:00,1818.72,1822.0,1818.72,1821.51,769.1025,1400264.746121,2940
2026-07-12 18:40:00,1821.5,1822.33,1820.45,1821.16,337.2793,614362.810462,1901
2026-07-12 18:45:00,1821.16,1822.38,1821.15,1822.02,200.641,365538.615963,1302
2026-07-12 18:50:00,1822.01,1822.01,1821.26,1821.43,163.0809,297091.718296,1048
2026-07-12 18:55:00,1821.42,1821.43,1821.16,1821.42,267.1844,486652.089476,822
2026-07-12 19:00:00,1821.42,1822.22,1821.15,1821.59,615.9393,1121952.58368,1323
2026-07-12 19:05:00,1821.6,1822.45,1821.36,1821.91,185.9246,338734.35799,1713
2026-07-12 19:10:00,1821.9,1822.95,1820.75,1820.75,339.4989,618597.765473,2483
2026-07-12 19:15:00,1820.76,1821.44,1820.17,1820.39,268.9422,489681.736262,1686
2026-07-12 19:20:00,1820.4,1821.49,1820.39,1821.3,354.5486,645625.852999,1262
2026-07-12 19:25:00,1821.31,1821.77,1820.75,1821.69,208.2087,379227.656487,1352
2026-07-12 19:30:00,1821.7,1821.7,1819.45,1819.98,310.017,564355.929854,2349
2026-07-12 19:35:00,1819.99,1820.45,1819.26,1819.99,148.8933,270974.347905,2192
2026-07-12 19:40:00,1819.98,1819.98,1818.92,1818.93,132.0059,240194.141296,1300
2026-07-12 19:45:00,1818.93,1820.71,1818.71,1820.7,315.2052,573540.194791,1681
2026-07-12 19:50:00,1820.71,1823.0,1820.34,1822.28,1345.3545,2452204.74543,3935
2026-07-12 19:55:00,1822.28,1822.28,1821.22,1821.4,268.4247,489037.053243,1502
2026-07-12 20:00:00,1821.4,1822.36,1820.09,1820.19,390.0852,710470.396331,2595
2026-07-12 20:05:00,1820.19,1820.3,1819.72,1819.88,83.8817,152662.797763,1121
2026-07-12 20:10:00,1819.88,1820.13,1819.72,1819.72,68.1755,124071.512199,1013
2026-07-12 20:15:00,1819.73,1820.58,1818.81,1819.97,114.0019,207482.778698,1421
2026-07-12 20:20:00,1819.96,1820.52,1819.6,1819.72,246.857,449244.71386,1124
2026-07-12 20:25:00,1819.73,1820.02,1819.2,1819.89,175.4287,319232.737148,928
2026-07-12 20:30:00,1819.9,1820.83,1818.8,1819.86,186.4291,339283.886132,1728
2026-07-12 20:35:00,1819.86,1821.25,1819.72,1821.25,296.5419,539776.719468,1298
2026-07-12 20:40:00,1821.25,1824.0,1820.51,1823.09,1088.4442,1984035.685719,3336
2026-07-12 20:45:00,1823.09,1823.57,1821.77,1823.12,395.5137,720810.596231,2042
2026-07-12 20:50:00,1823.12,1823.12,1821.89,1821.94,325.9045,594021.66455,2114
2026-07-12 20:55:00,1821.93,1821.93,1820.79,1821.26,179.4825,326881.387918,1749
2026-07-12 21:00:00,1821.26,1823.63,1821.26,1822.68,348.988,636150.273994,2163
2026-07-12 21:05:00,1822.68,1822.92,1820.53,1820.76,218.1839,397443.667968,2131
2026-07-12 21:10:00,1820.76,1821.58,1820.07,1820.12,248.8875,453119.057448,2081
2026-07-12 21:15:00,1820.13,1820.13,1816.22,1816.25,584.8076,1063137.023978,3078
2026-07-12 21:20:00,1816.26,1816.88,1813.19,1814.57,1073.4898,1948375.072527,6198
2026-07-12 21:25:00,1814.56,1815.7,1814.13,1815.09,344.7136,625590.926901,3065
2026-07-12 21:30:00,1815.08,1815.09,1812.32,1813.53,323.6955,587028.773087,3233
2026-07-12 21:35:00,1813.53,1814.77,1812.76,1813.89,286.2374,519188.589939,2950
2026-07-12 21:40:00,1813.89,1814.13,1812.49,1813.24,289.1587,524306.897583,4376
2026-07-12 21:45:00,1813.25,1814.73,1810.78,1813.53,613.0692,1111283.372185,6754
2026-07-12 21:50:00,1813.52,1813.84,1811.47,1811.47,320.269,580393.27424,4565
2026-07-12 21:55:00,1811.46,1812.85,1811.46,1812.28,348.2279,631075.784125,3077
2026-07-12 22:00:00,1812.27,1812.27,1800.14,1801.9,3376.2508,6094454.862932,43521
2026-07-12 22:05:00,1801.91,1804.66,1797.67,1803.9,2435.4176,4384451.096267,22778
2026-07-12 22:10:00,1803.9,1805.49,1802.16,1802.46,414.0079,746718.069628,8596
2026-07-12 22:15:00,1802.46,1804.86,1798.56,1798.56,695.2356,1252365.692541,7098
2026-07-12 22:20:00,1798.56,1803.78,1797.67,1803.77,629.8354,1134218.652497,6364
2026-07-12 22:25:00,1803.78,1803.78,1801.23,1802.39,212.998,383964.466568,2829
2026-07-12 22:30:00,1802.39,1804.44,1801.96,1802.19,203.4103,366773.640543,4308
2026-07-12 22:35:00,1802.18,1803.73,1800.48,1802.78,236.3764,425883.081813,3612
2026-07-12 22:40:00,1802.79,1802.79,1801.09,1801.19,218.5552,393752.972704,2446
2026-07-12 22:45:00,1801.18,1801.18,1797.63,1799.5,915.7214,1647203.092821,7663
2026-07-12 22:50:00,1799.49,1803.56,1799.05,1803.56,338.7122,610129.015285,4600
2026-07-12 22:55:00,1803.55,1806.76,1803.45,1805.06,336.6201,607648.614711,5067
2026-07-12 23:00:00,1805.05,1805.05,1802.05,1802.79,380.0897,685426.664504,6886
2026-07-12 23:05:00,1802.8,1805.59,1801.51,1801.62,268.8253,484975.660466,3579
2026-07-12 23:10:00,1801.63,1803.62,1801.0,1803.43,360.1113,648908.269505,3500
2026-07-12 23:15:00,1803.43,1804.05,1802.22,1803.27,295.0736,532002.894789,3965
2026-07-12 23:20:00,1803.27,1804.79,1803.27,1804.42,154.9359,279528.674817,2423
2026-07-12 23:25:00,1804.42,1804.86,1803.27,1804.68,130.5473,235498.265897,2233
2026-07-12 23:30:00,1804.68,1808.92,1804.45,1808.3,781.7559,1412023.472706,4496
2026-07-12 23:35:00,1808.3,1808.94,1805.01,1807.49,277.1796,500734.295905,4331
2026-07-12 23:40:00,1807.49,1807.74,1805.72,1807.58,353.8405,639436.289285,2821
2026-07-12 23:45:00,1807.58,1807.73,1804.34,1805.19,382.984,691528.88022,4242
2026-07-12 23:50:00,1805.19,1808.64,1804.86,1806.76,332.5543,600860.253185,4689
2026-07-12 23:55:00,1806.76,1807.26,1805.94,1806.8,246.7159,445710.186787,2484
2026-07-13 00:00:00,1806.8,1813.51,1804.41,1813.25,1266.0244,2290623.760256,11657
2026-07-13 00:05:00,1813.25,1822.13,1812.49,1820.77,2778.9467,5055682.966052,23141
2026-07-13 00:10:00,1820.77,1846.0,1820.77,1840.05,16747.3297,30743864.065918,75160
2026-07-13 00:15:00,1840.06,1843.94,1833.7,1836.85,4779.6881,8785203.950453,40637
2026-07-13 00:20:00,1836.86,1839.46,1833.68,1833.89,1604.6707,2947430.669956,14158
2026-07-13 00:25:00,1833.88,1834.07,1831.33,1831.76,2857.9859,5238589.711757,8644
2026-07-13 00:30:00,1831.77,1833.42,1826.35,1826.36,2758.1273,5044810.592798,15414
2026-07-13 00:35:00,1826.36,1828.29,1812.2,1813.28,3774.2316,6865606.203238,31509
2026-07-13 00:40:00,1813.28,1815.0,1807.07,1814.42,3508.6367,6354035.905908,53865
2026-07-13 00:45:00,1814.42,1823.43,1814.13,1820.23,2922.4856,5320066.232074,22115
2026-07-13 00:50:00,1820.23,1826.38,1820.03,1825.48,1284.0865,2341357.056764,12200
2026-07-13 00:55:00,1825.48,1828.76,1824.64,1826.59,1299.2803,2373161.621874,9350
2026-07-13 01:00:00,1826.6,1829.99,1823.23,1825.78,1586.4575,2897685.034397,14411
2026-07-13 01:05:00,1825.78,1826.34,1817.67,1817.92,1271.9061,2318849.173234,9861
2026-07-13 01:10:00,1817.91,1823.68,1815.36,1822.52,1562.5527,2842450.262979,12401
2026-07-13 01:15:00,1822.51,1828.73,1817.99,1820.34,1332.1339,2428731.442214,15353
2026-07-13 01:20:00,1820.34,1821.49,1817.66,1818.23,631.002,1148145.10747,9303
2026-07-13 01:25:00,1818.23,1819.38,1814.99,1816.75,813.3883,1477947.199879,10425
2026-07-13 01:30:00,1816.74,1817.99,1812.4,1813.83,1019.0432,1849596.614646,23494
2026-07-13 01:35:00,1813.84,1819.14,1812.09,1818.44,806.4872,1464583.823469,19316
2026-07-13 01:40:00,1818.44,1820.48,1816.93,1818.29,533.7679,970555.35308,7692
2026-07-13 01:45:00,1818.28,1818.38,1811.04,1812.39,1188.0738,2154617.393051,11494
2026-07-13 01:50:00,1812.39,1814.89,1810.46,1811.74,925.684,1677591.859798,9248
2026-07-13 01:55:00,1811.75,1811.85,1805.32,1806.83,1797.2739,3248990.76433,25745
2026-07-13 02:00:00,1806.84,1807.95,1802.61,1803.7,2681.1457,4839979.145335,36538
2026-07-13 02:05:00,1803.69,1806.63,1799.56,1802.28,1550.7935,2795159.871642,24292
2026-07-13 02:10:00,1802.27,1805.99,1798.99,1805.01,1012.8131,1824985.334062,10564
2026-07-13 02:15:00,1805.02,1810.33,1805.01,1808.47,1510.3056,2730879.799895,11160
2026-07-13 02:20:00,1808.47,1810.66,1806.46,1806.46,550.1509,995051.337628,6980
2026-07-13 02:25:00,1806.45,1811.76,1806.14,1810.14,1010.2016,1827352.517342,8762
2026-07-13 02:30:00,1810.13,1810.7,1808.28,1809.76,456.5715,826127.734067,6068
2026-07-13 02:35:00,1809.77,1814.82,1808.88,1810.77,1310.8953,2375709.880223,7725
2026-07-13 02:40:00,1810.76,1813.41,1808.0,1811.61,621.9675,1126331.730115,7013
2026-07-13 02:45:00,1811.61,1811.61,1808.4,1810.32,422.736,765070.983065,4675
2026-07-13 02:50:00,1810.33,1811.69,1807.94,1808.82,353.6249,640001.587545,4559
2026-07-13 02:55:00,1808.82,1809.96,1806.51,1806.99,544.3482,984077.47823,3967
2026-07-13 03:00:00,1806.99,1806.99,1801.85,1802.63,929.8085,1677693.974438,7536
2026-07-13 03:05:00,1802.62,1802.78,1789.08,1789.47,5301.9026,9506800.922693,29844
2026-07-13 03:10:00,1789.48,1792.68,1785.0,1789.66,3538.7762,6327665.851236,20665
2026-07-13 03:15:00,1789.66,1794.83,1786.2,1790.53,2452.7391,4392144.382792,20500
2026-07-13 03:20:00,1790.54,1792.0,1787.0,1792.0,2106.5664,3769023.027339,12236
2026-07-13 03:25:00,1791.99,1795.61,1791.54,1795.21,827.5602,1484727.721092,6925
2026-07-13 03:30:00,1795.21,1795.21,1775.0,1775.71,7303.0333,13017246.757718,33473
2026-07-13 03:35:00,1775.71,1781.07,1775.07,1781.06,2377.1885,4226976.455914,10862
2026-07-13 03:40:00,1781.07,1782.09,1778.06,1779.15,1475.7055,2627011.914287,8844
2026-07-13 03:45:00,1779.15,1782.18,1778.08,1781.45,773.9403,1377719.632039,13022
2026-07-13 03:50:00,1781.45,1782.0,1779.19,1780.63,729.7702,1299275.822339,8846
2026-07-13 03:55:00,1780.62,1782.14,1779.78,1780.55,597.5146,1064121.268401,8152
2026-07-13 04:00:00,1780.54,1781.15,1777.83,1777.85,1124.0588,2000158.681053,11730
2026-07-13 04:05:00,1777.84,1780.97,1776.42,1780.29,1072.5926,1906866.479346,10408
2026-07-13 04:10:00,1780.29,1781.03,1778.97,1779.99,1068.9645,1902817.211291,6684
2026-07-13 04:15:00,1780.0,1782.69,1779.49,1782.42,646.9736,1152454.923935,5057
2026-07-13 04:20:00,1782.42,1783.47,1781.66,1782.66,498.1416,888029.357292,3988
2026-07-13 04:25:00,1782.66,1785.16,1782.63,1784.86,491.8191,877373.324337,3123
2026-07-13 04:30:00,1784.85,1784.86,1780.8,1781.77,496.7188,885544.688398,5055
2026-07-13 04:35:00,1781.78,1782.39,1778.27,1781.62,824.096,1467335.437546,6053
2026-07-13 04:40:00,1781.62,1781.62,1779.36,1780.75,575.9322,1025514.82961,3293
2026-07-13 04:45:00,1780.75,1781.86,1780.07,1781.55,372.1342,662777.261478,3357
2026-07-13 04:50:00,1781.56,1782.5,1781.0,1781.23,222.7261,396877.546113,2275
2026-07-13 04:55:00,1781.24,1781.24,1778.37,1779.03,485.6634,864450.721781,2768
2026-07-13 05:00:00,1779.03,1784.0,1773.99,1783.59,2129.4367,3785064.234702,18968
2026-07-13 05:05:00,1783.59,1785.28,1782.77,1785.02,689.9748,1231215.537516,9980
2026-07-13 05:10:00,1785.03,1786.61,1784.03,1784.54,590.4915,1054254.879212,10751
2026-07-13 05:15:00,1784.54,1786.44,1782.72,1784.85,761.777,1359307.953811,10403
2026-07-13 05:20:00,1784.85,1786.5,1780.02,1781.36,781.2991,1393519.003678,11230
2026-07-13 05:25:00,1781.36,1781.65,1778.39,1779.41,473.1017,842040.170538,8354
2026-07-13 05:30:00,1779.41,1781.83,1774.29,1781.83,2193.2577,3899302.146412,13560
2026-07-13 05:35:00,1781.83,1785.29,1781.8,1783.62,872.2261,1555655.836834,7782
2026-07-13 05:40:00,1783.62,1784.13,1781.94,1782.84,327.4829,583883.079333,4727
2026-07-13 05:45:00,1782.83,1782.84,1780.29,1781.4,381.5533,679731.539097,4344
2026-07-13 05:50:00,1781.41,1782.79,1780.35,1780.84,409.1033,728854.51631,3381
2026-07-13 05:55:00,1780.84,1781.64,1780.34,1781.64,440.1143,783776.996685,2704
2026-07-13 06:00:00,1781.64,1783.42,1781.29,1782.68,563.1551,1003847.912633,5073
2026-07-13 06:05:00,1782.69,1782.84,1780.13,1781.0,524.4808,934184.546336,3491
2026-07-13 06:10:00,1781.01,1781.01,1776.69,1777.79,883.3714,1570887.679218,4620
2026-07-13 06:15:00,1777.8,1778.62,1776.23,1777.42,755.2862,1342620.358197,4812
2026-07-13 06:20:00,1777.43,1777.54,1776.36,1776.71,525.8701,934383.579453,4424
2026-07-13 06:25:00,1776.72,1779.84,1776.08,1779.57,866.4962,1540897.281704,4546
2026-07-13 06:30:00,1779.58,1780.69,1776.36,1776.84,552.6848,982730.799839,4696
2026-07-13 06:35:00,1776.84,1777.32,1775.96,1777.17,577.4929,1025823.470607,4123
2026-07-13 06:40:00,1777.18,1778.94,1776.81,1778.77,260.3023,462719.376291,2646
2026-07-13 06:45:00,1778.76,1779.52,1777.17,1778.05,356.5005,633927.363385,3839
2026-07-13 06:50:00,1778.05,1778.76,1777.68,1777.96,429.2468,763274.496091,3453
2026-07-13 06:55:00,1777.96,1778.05,1777.39,1777.85,719.8094,1279649.389312,3897
2026-07-13 07:00:00,1777.85,1778.95,1776.44,1777.53,648.6377,1152937.882189,5331
2026-07-13 07:05:00,1777.53,1780.39,1776.9,1779.83,565.1088,1005115.236356,4149
2026-07-13 07:10:00,1779.84,1781.18,1778.57,1778.58,943.5519,1679595.671268,5597
2026-07-13 07:15:00,1778.58,1780.32,1778.58,1779.72,635.811,1131436.817185,6133
2026-07-13 07:20:00,1779.72,1787.22,1779.54,1787.22,1327.9603,2369337.803691,10652
2026-07-13 07:25:00,1787.22,1788.47,1786.73,1787.41,1541.9434,2756673.34231,7883
2026-07-13 07:30:00,1787.41,1791.39,1786.45,1791.17,1020.2365,1824935.075883,10608
2026-07-13 07:35:00,1791.17,1791.17,1788.7,1789.87,742.2856,1328642.053795,7475
2026-07-13 07:40:00,1789.87,1789.87,1787.21,1787.57,420.5734,752005.924306,4726
2026-07-13 07:45:00,1787.57,1788.04,1786.11,1786.22,466.62,834017.382582,3031
2026-07-13 07:50:00,1786.22,1787.46,1785.71,1786.04,334.8272,598158.663257,2807
2026-07-13 07:55:00,1786.04,1788.55,1785.88,1787.57,581.8338,1039953.732292,3823
2026-07-13 08:00:00,1787.58,1789.4,1786.51,1787.9,643.743,1150980.795213,5252
2026-07-13 08:05:00,1787.89,1787.89,1784.15,1784.62,645.6971,1153219.13046,6342
2026-07-13 08:10:00,1784.61,1786.93,1783.86,1786.78,720.9391,1287070.955614,6143
2026-07-13 08:15:00,1786.79,1787.71,1785.01,1785.43,838.4015,1497778.175177,4191
2026-07-13 08:20:00,1785.43,1786.03,1785.0,1785.78,296.0556,528568.904024,3140
2026-07-13 08:25:00,1785.78,1787.86,1785.78,1786.47,421.8322,753624.171641,4209
2026-07-13 08:30:00,1786.47,1788.31,1786.47,1786.99,331.2278,592038.935904,3565
2026-07-13 08:35:00,1786.99,1787.2,1784.47,1787.16,386.9252,691153.402454,4599
2026-07-13 08:40:00,1787.16,1788.79,1785.06,1788.66,475.1811,848798.352242,4028
2026-07-13 08:45:00,1788.66,1791.99,1788.41,1791.99,828.5859,1483698.947957,5639
2026-07-13 08:50:00,1791.98,1793.56,1789.13,1789.78,1220.0193,2186024.423378,8671
2026-07-13 08:55:00,1789.77,1790.18,1789.03,1790.17,294.361,526800.737347,4322
2026-07-13 09:00:00,1790.18,1790.55,1788.57,1789.17,334.925,599349.946225,7258
2026-07-13 09:05:00,1789.16,1789.53,1788.21,1788.61,262.4877,469552.183053,3540
2026-07-13 09:10:00,1788.62,1789.38,1788.26,1788.89,468.0806,837392.49992,3615
2026-07-13 09:15:00,1788.88,1788.89,1786.04,1786.04,630.6098,1126945.388763,6077
2026-07-13 09:20:00,1786.04,1787.4,1785.46,1786.81,495.8961,885866.624551,3545
2026-07-13 09:25:00,1786.82,1787.5,1786.44,1787.49,371.6208,664011.552857,2574
2026-07-13 09:30:00,1787.49,1787.5,1786.26,1787.22,436.0547,779084.911735,3049
2026-07-13 09:35:00,1787.23,1787.85,1786.31,1787.3,398.3173,711868.46107,3428
2026-07-13 09:40:00,1787.3,1787.31,1786.18,1786.69,412.1182,736304.82784,3185
2026-07-13 09:45:00,1786.7,1786.77,1786.16,1786.7,154.6848,276314.58165,2020
2026-07-13 09:50:00,1786.69,1786.7,1784.92,1786.39,347.6911,620864.0604,3053
2026-07-13 09:55:00,1786.39,1786.72,1785.55,1785.81,129.3593,231025.460501,1832
2026-07-13 10:00:00,1785.81,1786.89,1784.23,1784.56,531.6514,949018.938117,5297
2026-07-13 10:05:00,1784.55,1784.56,1782.07,1782.26,574.7519,1024982.356765,5398
2026-07-13 10:10:00,1782.27,1782.51,1781.14,1782.51,545.8602,972683.097042,3745
2026-07-13 10:15:00,1782.51,1785.29,1782.19,1785.05,751.9592,1340938.399783,5345
2026-07-13 10:20:00,1785.05,1785.58,1783.25,1783.25,645.0702,1150971.399028,6223
2026-07-13 10:25:00,1783.26,1783.26,1781.34,1782.22,731.8997,1304367.79992,4576
2026-07-13 10:30:00,1782.22,1783.8,1781.72,1782.39,626.5556,1117027.003585,4769
2026-07-13 10:35:00,1782.39,1783.65,1782.38,1783.05,650.0779,1158993.808554,2706
2026-07-13 10:40:00,1783.04,1784.19,1778.49,1779.51,1153.4404,2054622.542864,8847
2026-07-13 10:45:00,1779.51,1780.97,1777.1,1779.3,1341.1603,2385407.678844,7720
2026-07-13 10:50:00,1779.3,1780.35,1778.01,1779.74,683.7629,1216531.087452,3429
2026-07-13 10:55:00,1779.73,1780.61,1779.18,1779.43,368.6441,656122.421632,3030
2026-07-13 11:00:00,1779.43,1783.0,1779.43,1781.2,384.9163,685859.28278,5146
2026-07-13 11:05:00,1781.21,1784.8,1781.0,1784.23,615.9022,1098488.820951,7206
2026-07-13 11:10:00,1784.23,1784.98,1782.52,1782.53,324.3715,578579.715904,3115
2026-07-13 11:15:00,1782.52,1783.17,1780.0,1780.0,339.1441,604302.437678,5653
2026-07-13 11:20:00,1780.01,1782.94,1779.75,1781.27,411.0486,732337.489633,5926
2026-07-13 11:25:00,1781.28,1782.71,1781.28,1782.16,233.2293,415670.590486,2760
2026-07-13 11:30:00,1782.16,1783.21,1780.65,1782.92,1079.5311,1923674.578053,6655
2026-07-13 11:35:00,1782.93,1783.71,1781.57,1782.82,222.7392,397096.620516,4776
2026-07-13 11:40:00,1782.83,1783.08,1782.26,1782.26,133.2308,237496.838589,2323
2026-07-13 11:45:00,1782.27,1783.57,1782.24,1783.41,327.1535,583315.159752,2990
2026-07-13 11:50:00,1783.41,1783.7,1781.65,1781.68,208.0656,370948.863893,4328
2026-07-13 11:55:00,1781.68,1782.64,1780.7,1780.74,542.0205,965577.633639,4283
2026-07-13 12:00:00,1780.74,1783.54,1779.51,1780.13,637.9324,1136100.40237,8188
2026-07-13 12:05:00,1780.14,1782.51,1778.86,1780.04,1217.6095,2168202.627566,14550
2026-07-13 12:10:00,1780.04,1781.56,1778.81,1780.33,538.8007,959158.314573,10072
2026-07-13 12:15:00,1780.34,1781.65,1780.34,1781.42,209.9092,373876.236373,5461
2026-07-13 12:20:00,1781.42,1781.42,1776.06,1780.07,1679.9268,2987181.664486,10966
2026-07-13 12:25:00,1780.08,1781.69,1776.77,1777.05,444.7451,791314.641945,5691
2026-07-13 12:30:00,1777.05,1778.29,1774.34,1774.96,1533.2947,2723029.138049,13068
2026-07-13 12:35:00,1774.96,1775.8,1767.73,1770.14,4713.0625,8346071.894419,27781
2026-07-13 12:40:00,1770.15,1771.51,1768.8,1770.66,1069.7968,1894115.683373,6534
2026-07-13 12:45:00,1770.66,1772.55,1770.32,1771.73,652.8597,1156651.044591,6634
2026-07-13 12:50:00,1771.74,1772.26,1770.0,1770.97,595.4276,1054691.421446,5018
2026-07-13 12:55:00,1770.96,1772.49,1770.14,1772.33,623.9902,1105276.118441,4034
2026-07-13 13:00:00,1772.33,1772.64,1770.56,1771.58,457.2369,810076.536669,5008
2026-07-13 13:05:00,1771.57,1773.6,1770.92,1772.09,565.7704,1002880.876063,5111
2026-07-13 13:10:00,1772.09,1772.09,1768.46,1768.46,550.2559,973775.188416,4598
2026-07-13 13:15:00,1768.46,1769.22,1766.51,1768.29,1236.381,2185929.068998,7517
2026-07-13 13:20:00,1768.29,1769.87,1764.81,1769.52,1222.3735,2159618.774493,17219
2026-07-13 13:25:00,1769.52,1771.05,1768.46,1769.47,805.5754,1425706.926252,9196
2026-07-13 13:30:00,1769.47,1775.88,1769.39,1774.5,1737.9748,3081586.605267,19814
2026-07-13 13:35:00,1774.51,1776.54,1772.1,1772.1,750.4042,1331533.849582,10695
2026-07-13 13:40:00,1772.1,1772.6,1763.46,1768.16,2597.1771,4589635.534035,24725
2026-07-13 13:45:00,1768.16,1769.9,1765.12,1768.03,1950.4202,3447873.03304,25917
2026-07-13 13:50:00,1768.03,1769.33,1764.15,1768.74,2255.9114,3986054.784972,23639
2026-07-13 13:55:00,1768.73,1772.17,1767.63,1771.3,2421.2556,4287223.212048,13740
2026-07-13 14:00:00,1771.3,1774.44,1769.3,1769.3,3581.4443,6347254.029707,18595
2026-07-13 14:05:00,1769.31,1770.2,1767.56,1768.9,1652.3217,2922914.735019,18384
2026-07-13 14:10:00,1768.89,1774.35,1768.1,1773.87,1372.6331,2432573.170799,15661
2026-07-13 14:15:00,1773.86,1774.2,1762.44,1772.37,3976.2489,7026982.839205,41407
2026-07-13 14:20:00,1772.37,1773.92,1765.45,1770.33,2430.3224,4297833.490152,27468
2026-07-13 14:25:00,1770.33,1776.12,1770.16,1771.85,1050.1163,1862466.362257,19893
2026-07-13 14:30:00,1771.84,1775.21,1771.66,1773.1,768.2161,1362100.564119,19034
2026-07-13 14:35:00,1773.1,1776.1,1768.8,1775.45,1383.7726,2453321.926183,25361
2026-07-13 14:40:00,1775.46,1778.14,1774.39,1776.45,1019.6131,1811273.68792,17288
2026-07-13 14:45:00,1776.44,1779.16,1775.29,1778.06,880.206,1564635.337794,14399
2026-07-13 14:50:00,1778.05,1778.49,1774.71,1775.81,678.5703,1205105.317432,12455
2026-07-13 14:55:00,1775.81,1782.0,1775.8,1781.74,1130.9792,2012011.9211,12473
2026-07-13 15:00:00,1781.74,1782.73,1778.99,1779.16,1081.2801,1925401.387694,10016
2026-07-13 15:05:00,1779.17,1780.58,1777.58,1778.94,399.9891,711612.883705,4989
2026-07-13 15:10:00,1778.93,1779.79,1777.65,1778.12,771.3342,1371960.373325,3888
2026-07-13 15:15:00,1778.12,1784.88,1777.99,1783.3,624.1759,1112031.241909,9622
2026-07-13 15:20:00,1783.31,1786.53,1780.92,1785.97,967.9538,1726739.465178,13333
2026-07-13 15:25:00,1785.97,1786.44,1782.69,1782.73,371.0309,661918.804519,6022
2026-07-13 15:30:00,1782.73,1783.18,1779.75,1779.76,471.7923,840537.868031,7177
2026-07-13 15:35:00,1779.75,1780.32,1778.54,1779.31,419.2854,746061.752965,5781
2026-07-13 15:40:00,1779.31,1779.53,1775.62,1778.05,744.3699,1322812.054597,6823
2026-07-13 15:45:00,1778.04,1778.18,1775.5,1778.18,560.1034,995322.448289,10219
2026-07-13 15:50:00,1778.18,1778.59,1776.35,1777.22,566.7235,1007298.342162,10354
2026-07-13 15:55:00,1777.22,1777.28,1775.71,1777.01,235.6232,418598.448136,7016
2026-07-13 16:00:00,1777.0,1780.73,1776.02,1779.15,684.4691,1217263.872733,11380
2026-07-13 16:05:00,1779.15,1779.3,1776.34,1778.33,389.7772,692874.841757,8172
2026-07-13 16:10:00,1778.33,1779.41,1778.04,1778.32,214.311,381158.398246,6097
2026-07-13 16:15:00,1778.32,1778.32,1773.26,1773.94,705.6569,1252779.859547,15021
2026-07-13 16:20:00,1773.93,1774.2,1771.92,1772.28,1139.8967,2021112.819705,11768
2026-07-13 16:25:00,1772.29,1773.31,1771.0,1772.2,1233.0345,2185398.932096,10275
2026-07-13 16:30:00,1772.2,1772.26,1769.64,1769.92,769.4083,1362550.938491,9613
2026-07-13 16:35:00,1769.93,1771.12,1767.38,1770.32,1043.2159,1845204.180703,11427
2026-07-13 16:40:00,1770.32,1774.99,1770.32,1774.16,831.3992,1474217.689132,7786
2026-07-13 16:45:00,1774.16,1776.36,1773.33,1773.51,739.6194,1312987.973398,7886
2026-07-13 16:50:00,1773.5,1773.5,1770.07,1771.51,486.6153,862102.585986,6229
2026-07-13 16:55:00,1771.5,1772.4,1770.32,1772.05,325.5833,576721.831581,4325
2026-07-13 17:00:00,1772.05,1775.86,1771.94,1772.32,518.011,919003.627264,5329
2026-07-13 17:05:00,1772.32,1773.47,1769.96,1772.88,804.6898,1425662.293009,7085
2026-07-13 17:10:00,1772.87,1776.33,1772.87,1774.57,524.2865,930422.81921,5846
2026-07-13 17:15:00,1774.56,1774.58,1773.01,1774.21,362.7959,643548.062584,6087
2026-07-13 17:20:00,1774.21,1774.76,1770.39,1770.94,529.6037,938956.400467,6194
2026-07-13 17:25:00,1770.94,1772.12,1770.59,1771.53,320.5646,567855.491777,4776
2026-07-13 17:30:00,1771.52,1772.61,1770.26,1771.56,487.8652,864244.359226,6983
2026-07-13 17:35:00,1771.56,1771.57,1763.33,1768.55,3442.8221,6085633.773627,17237
2026-07-13 17:40:00,1768.55,1768.55,1765.69,1767.71,768.0814,1357266.59306,9363
2026-07-13 17:45:00,1767.71,1769.4,1765.39,1765.81,762.2447,1347261.485821,9704
2026-07-13 17:50:00,1765.81,1766.19,1758.0,1759.87,3866.7895,6811214.493836,23286
2026-07-13 17:55:00,1759.87,1761.52,1753.25,1753.62,3994.2665,7016588.82563,17938
2026-07-13 18:00:00,1753.62,1759.1,1753.61,1757.24,2199.8753,3864867.958689,20948
2026-07-13 18:05:00,1757.24,1760.8,1757.24,1758.35,4375.2267,7699593.17737,15809
2026-07-13 18:10:00,1758.34,1758.34,1752.31,1757.01,2303.7289,4043798.835866,22739
2026-07-13 18:15:00,1757.0,1757.57,1750.2,1753.36,2390.6428,4191066.000736,18976
2026-07-13 18:20:00,1753.36,1759.54,1751.73,1759.52,1623.5242,2850587.329565,14024
2026-07-13 18:25:00,1759.52,1759.52,1757.33,1758.52,752.2658,1322875.492962,8906
2026-07-13 18:30:00,1758.53,1760.24,1757.14,1757.99,579.5035,1019053.833397,9201
2026-07-13 18:35:00,1757.99,1761.48,1757.99,1761.16,507.9681,894256.790286,6016
2026-07-13 18:40:00,1761.16,1762.59,1760.5,1761.55,446.4411,786509.93054,4698
2026-07-13 18:45:00,1761.56,1763.59,1761.04,1763.54,530.7034,935219.764004,5048
2026-07-13 18:50:00,1763.54,1767.39,1763.06,1764.65,683.1715,1206150.550033,7140
2026-07-13 18:55:00,1764.66,1765.28,1763.83,1764.9,340.3383,600604.212421,3717
2026-07-13 19:00:00,1764.9,1766.47,1764.51,1765.91,700.8402,1237276.013641,5563
2026-07-13 19:05:00,1765.9,1766.84,1764.93,1766.14,220.0572,388601.665821,3372
2026-07-13 19:10:00,1766.14,1767.05,1765.44,1766.62,271.3482,479220.263962,2721
2026-07-13 19:15:00,1766.63,1768.74,1765.82,1765.83,431.0843,761934.454402,4307
2026-07-13 19:20:00,1765.83,1766.96,1764.54,1766.96,749.1824,1322700.486144,6152
2026-07-13 19:25:00,1766.96,1766.96,1764.6,1765.16,452.8417,799470.053707,6034
2026-07-13 19:30:00,1765.16,1771.75,1765.16,1771.68,938.041,1659777.896818,10556
2026-07-13 19:35:00,1771.67,1771.84,1769.17,1769.59,492.5358,871938.185722,6808
2026-07-13 19:40:00,1769.59,1771.85,1769.43,1771.85,437.644,774790.203554,5593
2026-07-13 19:45:00,1771.84,1771.85,1769.4,1770.48,536.5416,949944.149575,6863
2026-07-13 19:50:00,1770.47,1773.35,1770.47,1772.08,1680.7709,2978436.767895,10939
2026-07-13 19:55:00,1772.08,1775.26,1772.08,1774.92,767.6924,1361934.841237,6683
2026-07-13 20:00:00,1774.93,1775.89,1773.63,1775.88,804.618,1427645.782306,7681
2026-07-13 20:05:00,1775.88,1776.99,1772.72,1772.74,551.1612,978290.599405,8560
2026-07-13 20:10:00,1772.74,1772.74,1771.48,1771.48,366.5953,649647.12852,4081
2026-07-13 20:15:00,1771.48,1771.49,1767.2,1768.64,1051.1223,1860110.119148,9756
2026-07-13 20:20:00,1768.64,1770.39,1765.13,1770.18,795.8411,1406579.067598,8700
2026-07-13 20:25:00,1770.17,1771.11,1769.16,1769.9,217.7156,385351.393996,4150
2026-07-13 20:30:00,1769.89,1770.41,1768.67,1769.3,252.158,446162.539172,3917
2026-07-13 20:35:00,1769.3,1770.11,1768.18,1769.52,210.1211,371721.462386,3194
2026-07-13 20:40:00,1769.52,1770.0,1767.81,1768.2,182.8278,323444.466,4246
2026-07-13 20:45:00,1768.2,1768.2,1765.18,1765.47,301.6863,532971.092317,4134
2026-07-13 20:50:00,1765.46,1767.06,1761.72,1767.06,749.9594,1323344.609074,5970
2026-07-13 20:55:00,1767.05,1767.55,1766.49,1767.33,238.5238,421504.211481,2597
2026-07-13 21:00:00,1767.34,1767.34,1764.67,1765.24,286.2614,505576.080803,2994
2026-07-13 21:05:00,1765.23,1765.48,1762.67,1762.68,264.9258,467520.997655,4417
2026-07-13 21:10:00,1762.68,1763.06,1761.64,1763.06,390.2034,687678.311818,5418
2026-07-13 21:15:00,1763.06,1763.06,1761.75,1762.49,241.7728,426053.736506,2863
2026-07-13 21:20:00,1762.48,1763.75,1762.48,1762.62,318.2705,561248.256224,3739
2026-07-13 21:25:00,1762.62,1762.62,1760.53,1760.53,554.5652,976803.136365,6949
2026-07-13 21:30:00,1760.53,1760.54,1757.89,1758.6,685.2124,1205498.86919,7999
2026-07-13 21:35:00,1758.6,1758.6,1752.59,1755.4,1227.4753,2154922.692777,14655
2026-07-13 21:40:00,1755.4,1756.52,1753.57,1756.52,2517.498,4417100.931689,11938
2026-07-13 21:45:00,1756.52,1759.09,1755.2,1757.79,1225.1504,2152573.877856,7823
2026-07-13 21:50:00,1757.78,1760.01,1756.7,1759.61,633.3631,1114078.916256,4990
2026-07-13 21:55:00,1759.6,1762.48,1759.6,1761.68,615.2724,1083488.597604,4862
2026-07-13 22:00:00,1761.68,1766.42,1761.4,1764.32,797.399,1406724.54919,9708
2026-07-13 22:05:00,1764.31,1766.39,1763.36,1764.62,370.6707,654185.211337,5735
2026-07-13 22:10:00,1764.63,1768.13,1764.24,1766.26,708.0372,1251078.338704,6088
2026-07-13 22:15:00,1766.26,1767.8,1765.98,1767.72,251.7205,444757.241179,3722
2026-07-13 22:20:00,1767.72,1768.45,1765.53,1766.31,640.7056,1132142.950284,4226
2026-07-13 22:25:00,1766.31,1766.73,1766.06,1766.09,116.8852,206473.294154,1322
2026-07-13 22:30:00,1766.1,1766.82,1762.29,1763.32,454.4144,801658.199927,4981
2026-07-13 22:35:00,1763.32,1764.14,1762.47,1762.89,186.942,329694.09516,2393
2026-07-13 22:40:00,1762.89,1764.16,1762.75,1764.04,299.0495,527406.334973,2344
2026-07-13 22:45:00,1764.04,1764.77,1762.67,1762.67,206.2873,363831.32043,2011
2026-07-13 22:50:00,1762.67,1762.67,1758.41,1759.24,720.0038,1267457.212716,6312
2026-07-13 22:55:00,1759.25,1759.25,1756.41,1758.5,737.6458,1296735.457545,5158
2026-07-13 23:00:00,1758.51,1760.43,1756.49,1759.05,1050.2984,1846438.649103,6093
2026-07-13 23:05:00,1759.05,1761.06,1758.41,1759.99,331.2988,582984.853097,4130
2026-07-13 23:10:00,1759.99,1762.2,1759.58,1761.6,314.578,554079.83727,3488
2026-07-13 23:15:00,1761.6,1765.65,1761.51,1765.14,453.9781,800787.349242,4601
2026-07-13 23:20:00,1765.14,1767.53,1765.13,1767.22,576.844,1018800.174208,4585
2026-07-13 23:25:00,1767.22,1770.91,1767.04,1767.51,780.8482,1381276.089572,6734
2026-07-13 23:30:00,1767.51,1767.97,1765.66,1767.58,629.8971,1112873.126945,4982
2026-07-13 23:35:00,1767.57,1768.89,1766.93,1767.36,414.2302,732290.205887,3350
2026-07-13 23:40:00,1767.36,1767.78,1766.92,1767.23,287.3082,507802.257759,2497
2026-07-13 23:45:00,1767.24,1774.57,1766.77,1772.82,1417.9485,2511534.47417,9910
2026-07-13 23:50:00,1772.83,1778.05,1772.6,1775.79,1857.9825,3299930.200549,15736
2026-07-13 23:55:00,1775.79,1776.8,1774.6,1776.72,1147.1226,2036592.668902,6975
2026-07-14 00:00:00,1776.71,1777.45,1774.62,1775.9,761.5711,1352834.805631,13790
2026-07-14 00:05:00,1775.9,1776.7,1773.41,1776.19,488.9151,867910.777682,6324
2026-07-14 00:10:00,1776.2,1781.99,1776.2,1780.0,1317.7608,2345244.963901,11764
2026-07-14 00:15:00,1780.0,1780.0,1777.19,1777.77,334.3131,594517.391946,5759
2026-07-14 00:20:00,1777.78,1780.99,1776.31,1779.71,362.6032,644930.58696,7137
2026-07-14 00:25:00,1779.7,1779.7,1776.42,1778.84,588.5667,1046538.864374,4932
2026-07-14 00:30:00,1778.85,1783.6,1778.85,1780.96,1531.2752,2727524.663728,18011
2026-07-14 00:35:00,1780.97,1783.44,1779.9,1780.44,424.8112,756783.143976,9630
2026-07-14 00:40:00,1780.44,1782.28,1778.86,1779.35,267.0775,475478.821663,6901
2026-07-14 00:45:00,1779.35,1781.32,1779.35,1780.81,293.4226,522345.966897,8463
2026-07-14 00:50:00,1780.81,1784.0,1780.71,1783.86,572.1669,1019968.576485,8770
2026-07-14 00:55:00,1783.86,1788.64,1783.45,1786.02,1511.0936,2699123.037494,13504
2026-07-14 01:00:00,1786.02,1786.4,1784.24,1785.05,722.8295,1290308.500285,10563
2026-07-14 01:05:00,1785.05,1786.67,1783.96,1785.32,655.5768,1170340.242313,9560
2026-07-14 01:10:00,1785.32,1786.05,1784.1,1785.73,962.0188,1717038.184357,8250
2026-07-14 01:15:00,1785.74,1789.64,1784.42,1788.85,1188.0624,2123640.096003,10748
2026-07-14 01:20:00,1788.85,1792.94,1786.71,1792.64,1863.0011,3335731.164708,8433
2026-07-14 01:25:00,1792.65,1794.47,1786.52,1787.65,1243.8248,2227286.101378,8902
2026-07-14 01:30:00,1787.65,1788.41,1785.45,1786.07,457.2217,816924.753924,5688
2026-07-14 01:35:00,1786.08,1786.79,1783.57,1784.97,439.8596,785037.580216,6517
2026-07-14 01:40:00,1784.97,1785.35,1783.27,1784.36,347.5172,620147.384012,6922
2026-07-14 01:45:00,1784.37,1786.0,1783.98,1785.21,305.1926,544871.450435,6694
2026-07-14 01:50:00,1785.21,1786.08,1783.74,1785.07,355.0637,633741.820291,6799
2026-07-14 01:55:00,1785.08,1785.65,1784.56,1784.84,256.9546,458638.775891,3957
2026-07-14 02:00:00,1784.83,1786.63,1782.8,1785.94,615.3983,1098360.173387,8816
2026-07-14 02:05:00,1785.94,1789.02,1785.52,1786.04,601.1293,1074334.984852,10223
2026-07-14 02:10:00,1786.04,1786.04,1783.4,1783.94,227.3281,405631.637979,5494
2026-07-14 02:15:00,1783.93,1784.82,1780.3,1781.37,544.8951,971267.92401,6989
2026-07-14 02:20:00,1781.37,1781.85,1779.07,1779.16,608.8689,1083995.823434,8676
2026-07-14 02:25:00,1779.15,1779.37,1775.07,1778.05,634.9342,1128114.994534,10037
2026-07-14 02:30:00,1778.04,1780.61,1778.04,1778.33,294.6066,524247.872576,8214
2026-07-14 02:35:00,1778.33,1782.19,1778.33,1782.19,250.4146,445784.185405,5168
2026-07-14 02:40:00,1782.19,1785.55,1782.18,1785.11,510.9755,911600.668232,6805
2026-07-14 02:45:00,1785.11,1786.29,1784.38,1785.29,327.2234,584251.48289,7008
2026-07-14 02:50:00,1785.29,1785.89,1781.84,1781.84,218.8237,390224.3868,5143
2026-07-14 02:55:00,1781.85,1782.96,1781.63,1782.66,94.5302,168498.756109,3281
2026-07-14 03:00:00,1782.67,1783.96,1781.27,1781.66,260.5524,464457.178691,5707
2026-07-14 03:05:00,1781.66,1781.86,1780.57,1780.77,190.8156,339891.603361,3810
2026-07-14 03:10:00,1780.77,1780.77,1776.08,1776.55,431.5381,767311.37399,8256
2026-07-14 03:15:00,1776.55,1778.1,1775.86,1777.68,417.3896,741587.350353,8059
2026-07-14 03:20:00,1777.67,1777.83,1774.75,1776.26,340.4719,604608.850331,7784
2026-07-14 03:25:00,1776.27,1780.09,1776.26,1780.04,218.3404,388289.678476,3211
2026-07-14 03:30:00,1780.05,1781.09,1778.95,1778.95,246.7572,439198.298329,4816
2026-07-14 03:35:00,1778.96,1783.58,1778.95,1782.59,368.2074,655903.399864,5408
2026-07-14 03:40:00,1782.59,1782.6,1779.9,1781.01,297.9601,530689.519803,3903
2026-07-14 03:45:00,1781.01,1783.38,1780.68,1781.43,288.4233,514071.522967,3575
2026-07-14 03:50:00,1781.43,1783.45,1781.43,1783.16,337.8445,602208.690812,3216
2026-07-14 03:55:00,1783.16,1783.88,1782.26,1783.65,257.7133,459518.031095,3058
2026-07-14 04:00:00,1783.64,1786.0,1782.95,1785.76,563.9686,1006387.689802,4356
2026-07-14 04:05:00,1785.76,1787.72,1783.48,1783.82,634.2438,1132690.029427,6537
2026-07-14 04:10:00,1783.82,1784.07,1782.26,1783.9,255.7284,456026.066679,3196
2026-07-14 04:15:00,1783.89,1784.65,1782.36,1783.69,182.6363,325769.836211,2497
2026-07-14 04:20:00,1783.69,1787.27,1783.69,1786.24,305.3915,545411.152311,3202
2026-07-14 04:25:00,1786.23,1788.88,1786.23,1787.54,452.6575,809248.449907,3184
2026-07-14 04:30:00,1787.53,1788.95,1787.0,1787.67,417.1148,745581.136433,3960
2026-07-14 04:35:00,1787.67,1789.99,1787.06,1789.65,610.1066,1091249.936645,3547
2026-07-14 04:40:00,1789.66,1789.66,1786.13,1786.13,482.5595,862680.198341,3580
2026-07-14 04:45:00,1786.14,1786.51,1785.31,1785.79,531.3684,948957.764278,2788
2026-07-14 04:50:00,1785.79,1786.28,1785.0,1785.88,394.4308,704339.583813,2120
2026-07-14 04:55:00,1785.88,1786.74,1784.62,1785.93,861.035,1537207.251631,3558
2026-07-14 05:00:00,1785.92,1787.15,1784.53,1786.55,202.7642,362073.435693,2947
2026-07-14 05:05:00,1786.55,1793.26,1786.31,1791.45,1168.4239,2092188.157784,8194
2026-07-14 05:10:00,1791.45,1791.53,1789.68,1790.02,316.9947,567548.503455,3181
2026-07-14 05:15:00,1790.02,1790.44,1788.23,1789.14,668.399,1195715.436532,6113
2026-07-14 05:20:00,1789.15,1791.86,1788.68,1791.01,479.7089,858744.961598,7815
2026-07-14 05:25:00,1791.0,1792.24,1790.63,1790.7,845.1441,1513808.66211,5241
2026-07-14 05:30:00,1790.71,1791.99,1790.16,1790.32,385.0663,689681.27153,7576
2026-07-14 05:35:00,1790.32,1791.06,1786.77,1787.3,571.2352,1021685.702882,7074
2026-07-14 05:40:00,1787.29,1787.63,1785.44,1787.41,564.8043,1009013.832567,6126
2026-07-14 05:45:00,1787.42,1787.88,1786.49,1787.87,215.639,385372.26715,4206
2026-07-14 05:50:00,1787.87,1787.87,1786.9,1787.12,394.2354,704575.497182,3954
2026-07-14 05:55:00,1787.12,1787.34,1786.47,1787.04,203.4547,363522.571097,3041
2026-07-14 06:00:00,1787.03,1787.4,1784.97,1785.41,270.4586,483150.739152,5235
2026-07-14 06:05:00,1785.41,1785.92,1784.65,1784.82,404.8067,722645.831476,3272
2026-07-14 06:10:00,1784.82,1786.38,1784.82,1785.15,605.9099,1081701.657616,4573
2026-07-14 06:15:00,1785.16,1786.02,1784.99,1785.83,215.7842,385298.428663,3149
2026-07-14 06:20:00,1785.84,1787.34,1785.51,1786.97,410.8785,733970.447991,4311
2026-07-14 06:25:00,1786.97,1786.97,1784.9,1785.62,346.2786,618372.692489,3819
2026-07-14 06:30:00,1785.62,1787.04,1785.61,1787.04,399.9487,714444.29763,4144
2026-07-14 06:35:00,1787.03,1787.3,1784.24,1784.24,269.3346,480978.24625,4333
2026-07-14 06:40:00,1784.24,1785.15,1783.12,1784.52,621.9826,1109800.78205,3822
2026-07-14 06:45:00,1784.52,1784.7,1783.83,1783.92,273.0415,487173.252782,2295
2026-07-14 06:50:00,1783.92,1784.58,1782.96,1782.97,151.8889,270965.088788,2323
2026-07-14 06:55:00,1782.96,1783.7,1781.92,1783.19,456.2107,813284.059015,4491
2026-07-14 07:00:00,1783.19,1783.79,1781.55,1783.02,742.4263,1323520.901745,5234
2026-07-14 07:05:00,1783.03,1783.85,1781.85,1782.36,636.4869,1134797.238859,8421
2026-07-14 07:10:00,1782.36,1782.85,1781.27,1782.85,594.5917,1059559.769393,5629
2026-07-14 07:15:00,1782.85,1784.19,1782.28,1783.77,802.8177,1431615.282657,7427
2026-07-14 07:20:00,1783.77,1784.81,1781.78,1783.79,652.4786,1163780.484591,7016
2026-07-14 07:25:00,1783.8,1786.55,1783.75,1785.76,728.7401,1300982.292325,7202
2026-07-14 07:30:00,1785.76,1785.76,1782.19,1784.15,369.8518,659924.974831,8007
2026-07-14 07:35:00,1784.14,1784.4,1780.56,1781.04,493.3956,879156.692198,7666
2026-07-14 07:40:00,1781.03,1781.5,1779.52,1781.0,844.7779,1504198.863167,7645
2026-07-14 07:45:00,1780.99,1781.65,1779.41,1781.65,345.4046,614921.720992,4003
2026-07-14 07:50:00,1781.64,1782.48,1780.96,1781.93,397.872,708893.515121,3499
2026-07-14 07:55:00,1781.93,1781.96,1780.93,1781.21,390.4208,695520.966908,2534
2026-07-14 08:00:00,1781.21,1782.37,1779.0,1782.36,678.618,1208531.653395,6035
2026-07-14 08:05:00,1782.36,1782.69,1779.61,1779.7,569.87,1014685.27652,4127
2026-07-14 08:10:00,1779.7,1781.99,1779.56,1781.34,367.7096,654742.488028,5552
2026-07-14 08:15:00,1781.34,1783.79,1781.34,1783.79,274.4049,489241.766859,5032
2026-07-14 08:20:00,1783.79,1784.54,1782.5,1782.79,1563.3048,2788096.787464,6552
2026-07-14 08:25:00,1782.8,1787.66,1782.79,1786.55,628.5109,1121963.028623,7099
2026-07-14 08:30:00,1786.54,1786.82,1784.89,1786.11,304.153,543238.2833,7525
2026-07-14 08:35:00,1786.11,1789.0,1785.13,1788.61,426.7953,762860.197593,7586
2026-07-14 08:40:00,1788.62,1789.61,1787.68,1787.84,345.8464,618540.245968,5939
2026-07-14 08:45:00,1787.84,1788.14,1785.44,1785.99,204.4997,365410.731942,3451
2026-07-14 08:50:00,1786.0,1786.15,1784.57,1785.85,458.5047,818612.660088,4832
2026-07-14 08:55:00,1785.84,1786.86,1785.59,1785.93,514.6888,919392.583411,2831
2026-07-14 09:00:00,1785.94,1788.38,1785.27,1788.38,325.4175,581613.403135,4944
2026-07-14 09:05:00,1788.38,1788.63,1787.03,1787.87,430.119,769062.963858,5806
2026-07-14 09:10:00,1787.87,1788.48,1787.15,1788.47,278.578,498051.985308,4826
2026-07-14 09:15:00,1788.47,1789.56,1787.2,1788.36,689.6248,1233160.057448,6763
2026-07-14 09:20:00,1788.37,1789.33,1787.24,1787.9,532.7602,952763.202415,4360
2026-07-14 09:25:00,1787.9,1788.49,1787.42,1787.92,413.3625,739102.835046,3601
2026-07-14 09:30:00,1787.92,1788.22,1786.04,1786.04,301.9748,539734.338455,5369
2026-07-14 09:35:00,1786.05,1786.18,1782.9,1785.88,750.8838,1339795.545767,8835
2026-07-14 09:40:00,1785.87,1786.32,1785.04,1785.11,400.5325,715187.14241,5453
2026-07-14 09:45:00,1785.11,1788.58,1784.95,1785.7,462.0445,825421.628944,6563
2026-07-14 09:50:00,1785.7,1785.7,1784.39,1785.32,468.2001,835747.616242,4089
2026-07-14 09:55:00,1785.32,1786.57,1784.56,1786.19,344.1914,614698.243646,3923
2026-07-14 10:00:00,1786.19,1788.77,1786.11,1788.09,218.92,391373.553138,4893
2026-07-14 10:05:00,1788.09,1791.66,1788.09,1790.95,853.6451,1527970.78909,8341
2026-07-14 10:10:00,1790.95,1791.13,1789.49,1789.89,311.392,557547.662137,4137
2026-07-14 10:15:00,1789.89,1790.91,1789.4,1789.58,467.7293,837338.630008,5773
2026-07-14 10:20:00,1789.59,1790.37,1788.71,1790.16,479.374,857739.85322,5744
2026-07-14 10:25:00,1790.16,1790.16,1788.09,1788.39,543.8394,972807.352039,6568
2026-07-14 10:30:00,1788.39,1789.61,1786.11,1787.2,615.8385,1100665.964742,6923
2026-07-14 10:35:00,1787.19,1793.8,1787.1,1793.67,1062.3189,1903003.452709,10742
2026-07-14 10:40:00,1793.66,1795.0,1792.68,1794.38,1298.3432,2328895.767415,11426
2026-07-14 10:45:00,1794.38,1799.0,1793.79,1798.0,4180.9364,7513511.450915,21015
2026-07-14 10:50:00,1798.0,1799.71,1796.65,1798.1,10387.9313,18680515.162221,18302
2026-07-14 10:55:00,1798.1,1805.0,1797.61,1800.12,7532.4506,13562463.552972,24978
2026-07-14 11:00:00,1800.13,1800.57,1795.82,1796.18,1129.5842,2030785.738609,9705
2026-07-14 11:05:00,1796.18,1797.5,1795.82,1796.65,1100.1705,1976407.852397,6775
2026-07-14 11:10:00,1796.65,1798.72,1796.02,1798.72,677.3441,1217443.826911,4962
2026-07-14 11:15:00,1798.71,1799.91,1797.4,1798.72,506.6891,911438.730451,7334
2026-07-14 11:20:00,1798.72,1800.16,1796.98,1799.31,892.4919,1604830.811651,8054
2026-07-14 11:25:00,1799.3,1802.95,1798.27,1800.78,1035.0327,1862986.283771,8906
2026-07-14 11:30:00,1800.78,1801.0,1799.57,1800.42,784.0697,1411418.135881,7578
2026-07-14 11:35:00,1800.43,1800.66,1797.58,1797.82,504.0368,906583.368159,5365
2026-07-14 11:40:00,1797.82,1800.0,1797.81,1799.21,253.7478,456428.419561,4031
2026-07-14 11:45:00,1799.21,1799.21,1797.43,1798.35,402.9604,724668.224564,5952
2026-07-14 11:50:00,1798.35,1800.16,1798.35,1799.41,299.7552,539378.259472,4407
2026-07-14 11:55:00,1799.42,1799.93,1798.08,1798.09,243.8946,438618.492217,3198
2026-07-14 12:00:00,1798.09,1799.05,1797.15,1797.57,831.5927,1495081.762059,7136
2026-07-14 12:05:00,1797.57,1797.77,1795.41,1795.42,447.5815,804142.768165,4214
2026-07-14 12:10:00,1795.42,1796.49,1794.37,1795.8,961.9566,1727026.226654,5919
2026-07-14 12:15:00,1795.79,1800.0,1794.98,1800.0,372.3447,669402.878704,7499
2026-07-14 12:20:00,1799.99,1807.15,1799.47,1805.85,1472.3518,2654406.787293,17337
2026-07-14 12:25:00,1805.85,1808.48,1798.0,1801.4,2530.9929,4563368.718723,24013
2026-07-14 12:30:00,1801.4,1826.52,1800.88,1822.25,26147.6059,47563747.37892,130801
2026-07-14 12:35:00,1822.24,1831.75,1822.15,1823.45,7539.9323,13774399.805019,65412
2026-07-14 12:40:00,1823.44,1826.45,1821.86,1825.38,1912.1164,3487726.250769,28625
2026-07-14 12:45:00,1825.39,1853.39,1825.39,1842.62,21224.8271,39097656.281368,121811
2026-07-14 12:50:00,1842.62,1849.12,1842.62,1846.56,3754.9885,6934102.563955,39984
2026-07-14 12:55:00,1846.56,1867.71,1845.73,1861.04,11029.7908,20481158.466132,70339
2026-07-14 13:00:00,1861.04,1866.9,1857.11,1860.08,6267.0296,11664204.477276,65064
2026-07-14 13:05:00,1860.07,1865.29,1856.96,1856.97,3742.3222,6962025.546846,33028
2026-07-14 13:10:00,1856.96,1859.05,1854.41,1858.38,3423.2617,6357334.133525,23531
2026-07-14 13:15:00,1858.38,1863.88,1856.7,1863.54,4377.9797,8143951.705955,35792
2026-07-14 13:20:00,1863.54,1882.85,1863.36,1878.59,14644.3273,27440655.27016,106170
2026-07-14 13:25:00,1878.59,1882.63,1877.09,1880.01,5383.5791,10121616.754435,39808
2026-07-14 13:30:00,1880.01,1880.91,1871.95,1873.75,4227.5024,7927497.531351,49621
2026-07-14 13:35:00,1873.75,1878.82,1867.49,1876.38,4449.1666,8330063.784187,44404
2026-07-14 13:40:00,1876.37,1879.91,1869.14,1870.68,2895.3673,5425533.848077,36087
2026-07-14 13:45:00,1870.68,1874.99,1864.84,1870.82,4178.3687,7811518.226057,37277
2026-07-14 13:50:00,1870.83,1872.48,1867.3,1870.21,3492.0752,6531355.822538,31724
2026-07-14 13:55:00,1870.21,1872.25,1868.89,1871.31,1993.2627,3728283.342199,17627
2026-07-14 14:00:00,1871.3,1871.84,1862.54,1862.6,3537.2355,6603360.727731,36351
2026-07-14 14:05:00,1862.59,1865.82,1862.49,1864.7,1509.6721,2814701.97482,22038
2026-07-14 14:10:00,1864.71,1868.69,1861.51,1868.69,3404.3897,6349130.660746,26512
2026-07-14 14:15:00,1868.69,1868.69,1859.46,1864.78,3849.5775,7173173.252229,33422
2026-07-14 14:20:00,1864.78,1868.48,1863.49,1866.58,1005.341,1875687.280496,17431
2026-07-14 14:25:00,1866.57,1869.14,1863.31,1865.55,1609.4757,3002927.476261,21902
2026-07-14 14:30:00,1865.55,1873.4,1863.64,1869.92,2560.8768,4787722.606314,23883
2026-07-14 14:35:00,1869.92,1874.05,1868.6,1872.48,2051.1604,3837711.142349,21039
2026-07-14 14:40:00,1872.47,1873.52,1869.45,1870.91,765.9752,1433467.898887,12916
2026-07-14 14:45:00,1870.91,1873.79,1869.58,1873.02,1312.6228,2456795.518039,16057
2026-07-14 14:50:00,1873.02,1877.5,1871.12,1877.05,1579.9987,2962325.762004,18402
2026-07-14 14:55:00,1877.06,1884.56,1874.83,1881.16,3828.7301,7193601.841173,25289
2026-07-14 15:00:00,1881.17,1882.37,1876.25,1880.52,2681.3816,5038241.832553,31142
2026-07-14 15:05:00,1880.51,1880.51,1875.5,1878.44,1052.0011,1975376.624694,16215
2026-07-14 15:10:00,1878.44,1880.74,1877.06,1878.81,4022.3474,7559647.97921,15747
2026-07-14 15:15:00,1878.8,1880.86,1876.04,1877.63,1695.433,3184759.003725,17887
2026-07-14 15:20:00,1877.64,1880.15,1876.75,1877.38,2900.4423,5448790.525437,13707
2026-07-14 15:25:00,1877.37,1884.56,1876.98,1883.24,2384.9141,4484611.314752,21721
2026-07-14 15:30:00,1883.25,1888.8,1880.4,1883.16,5383.3335,10146992.526537,48796
2026-07-14 15:35:00,1883.17,1883.53,1879.28,1880.3,1946.7874,3661901.785841,19410
2026-07-14 15:40:00,1880.3,1882.26,1876.83,1880.49,1353.351,2543548.824961,19830
2026-07-14 15:45:00,1880.5,1882.63,1880.28,1881.58,2314.0258,4353571.618549,17111
2026-07-14 15:50:00,1881.57,1882.39,1874.57,1874.72,1467.8314,2757958.527031,15992
2026-07-14 15:55:00,1874.73,1876.76,1872.85,1875.22,1494.5327,2802084.15526,15076
2026-07-14 16:00:00,1875.22,1875.97,1868.76,1871.19,2703.3148,5060102.320861,27511
2026-07-14 16:05:00,1871.2,1876.45,1871.19,1876.22,1647.9844,3087563.72376,14941
2026-07-14 16:10:00,1876.23,1877.0,1872.01,1872.32,1121.8392,2103188.520887,11859
2026-07-14 16:15:00,1872.31,1873.28,1870.38,1873.08,911.3912,1706138.957553,13368
2026-07-14 16:20:00,1873.09,1875.79,1872.67,1874.98,1078.9779,2021839.918611,9643
2026-07-14 16:25:00,1874.98,1877.07,1874.9,1874.91,899.8962,1688209.964431,10074
2026-07-14 16:30:00,1874.9,1876.82,1873.79,1875.52,873.1347,1637471.353523,10897
2026-07-14 16:35:00,1875.52,1875.96,1873.95,1874.48,995.6972,1866973.099568,10124
2026-07-14 16:40:00,1874.48,1876.32,1873.31,1873.31,582.6196,1092350.364891,6635
2026-07-14 16:45:00,1873.32,1874.39,1872.53,1873.28,685.1937,1283593.946959,6336
2026-07-14 16:50:00,1873.28,1876.23,1873.27,1873.73,773.3302,1449852.440244,7427
2026-07-14 16:55:00,1873.73,1875.0,1873.31,1873.79,470.7623,882264.100359,8367
2026-07-14 17:00:00,1873.8,1873.8,1869.1,1870.45,908.9249,1700720.33734,10496
2026-07-14 17:05:00,1870.45,1871.22,1865.55,1867.99,1158.0737,2163171.249784,13015
2026-07-14 17:10:00,1867.98,1868.35,1860.56,1867.71,2500.0256,4662078.136753,24068
2026-07-14 17:15:00,1867.7,1869.48,1864.24,1864.72,1089.8879,2034185.502699,14094
2026-07-14 17:20:00,1864.72,1867.0,1863.87,1866.08,2552.3728,4761399.420063,13169
2026-07-14 17:25:00,1866.08,1870.58,1865.39,1869.58,814.0044,1521043.402316,10673
2026-07-14 17:30:00,1869.59,1870.31,1866.66,1867.32,838.8062,1567488.5845,8890
2026-07-14 17:35:00,1867.33,1869.16,1865.52,1867.75,832.8553,1555061.328935,9042
2026-07-14 17:40:00,1867.76,1869.31,1867.66,1868.83,264.8137,494738.06274,4385
2026-07-14 17:45:00,1868.83,1868.84,1866.71,1867.09,331.2849,618753.52512,5498
2026-07-14 17:50:00,1867.09,1870.61,1867.03,1870.61,587.1398,1097452.722031,6200
2026-07-14 17:55:00,1870.61,1873.14,1870.6,1871.54,702.5662,1314952.529724,8260
2026-07-14 18:00:00,1871.55,1872.5,1870.26,1872.01,599.107,1121165.121637,8058
2026-07-14 18:05:00,1872.01,1872.41,1869.37,1869.37,435.9961,815514.909207,6204
2026-07-14 18:10:00,1869.37,1871.98,1869.37,1869.86,458.3307,857576.056191,5653
2026-07-14 18:15:00,1869.86,1871.47,1869.86,1871.22,218.9755,409671.612775,4445
2026-07-14 18:20:00,1871.21,1871.36,1868.18,1868.68,561.7798,1050637.488102,8036
2026-07-14 18:25:00,1868.68,1870.99,1868.68,1870.4,362.0781,677103.784594,4950
2026-07-14 18:30:00,1870.4,1873.07,1868.67,1872.62,401.9926,752332.935833,5947
2026-07-14 18:35:00,1872.62,1875.56,1871.71,1875.56,949.3171,1778780.955522,9846
2026-07-14 18:40:00,1875.57,1875.62,1871.33,1873.12,1162.4646,2176803.849955,9884
2026-07-14 18:45:00,1873.13,1876.83,1873.13,1875.09,579.2269,1086260.221827,6417
2026-07-14 18:50:00,1875.08,1875.58,1873.08,1874.38,591.0628,1107862.589839,6495
2026-07-14 18:55:00,1874.39,1875.35,1873.77,1874.79,398.1995,746397.323872,5238
2026-07-14 19:00:00,1874.79,1876.38,1874.51,1875.5,404.1702,757974.453243,5854
2026-07-14 19:05:00,1875.49,1876.16,1874.43,1875.59,506.9074,950739.334798,7280
2026-07-14 19:10:00,1875.59,1878.33,1874.44,1877.24,652.016,1223902.099872,8801
2026-07-14 19:15:00,1877.25,1877.85,1874.5,1877.39,685.9818,1286813.323343,8012
2026-07-14 19:20:00,1877.4,1881.56,1877.39,1879.07,824.5466,1550065.890436,10904
2026-07-14 19:25:00,1879.07,1879.38,1876.59,1876.64,369.0349,693231.744276,6228
2026-07-14 19:30:00,1876.63,1876.63,1874.6,1876.34,988.1574,1853302.164534,11728
2026-07-14 19:35:00,1876.34,1877.55,1875.48,1877.55,243.172,456302.03718,4809
2026-07-14 19:40:00,1877.55,1880.0,1877.5,1879.54,367.9066,691199.953649,5354
2026-07-14 19:45:00,1879.55,1880.95,1879.55,1880.07,456.8116,858906.85748,4658
2026-07-14 19:50:00,1880.08,1880.08,1878.66,1878.72,386.0545,725481.212718,6614
2026-07-14 19:55:00,1878.73,1880.07,1875.84,1876.74,1031.7366,1937696.460993,10818
2026-07-14 20:00:00,1876.74,1878.55,1875.76,1875.91,526.3777,988078.082773,6300
2026-07-14 20:05:00,1875.91,1876.68,1875.32,1876.66,362.6247,680271.33237,4284
2026-07-14 20:10:00,1876.66,1876.7,1874.81,1874.82,359.1248,673724.019027,4136
2026-07-14 20:15:00,1874.82,1876.98,1874.53,1876.97,229.5746,430571.454215,4429
2026-07-14 20:20:00,1876.98,1876.98,1876.07,1876.71,237.586,445849.385491,2939
2026-07-14 20:25:00,1876.72,1876.85,1875.36,1875.8,76.3837,143293.158459,1128
2026-07-14 20:30:00,1875.81,1877.27,1875.81,1876.65,156.0016,292768.536222,2279
2026-07-14 20:35:00,1876.64,1876.65,1875.27,1875.53,156.3221,293277.082979,2220
2026-07-14 20:40:00,1875.52,1875.52,1873.63,1875.06,377.6902,707996.320963,4687
2026-07-14 20:45:00,1875.08,1875.5,1874.66,1875.19,108.4186,203299.64392,2162
2026-07-14 20:50:00,1875.18,1875.52,1874.5,1875.28,409.9313,768569.529641,3175
2026-07-14 20:55:00,1875.27,1876.8,1874.31,1875.42,540.1412,1012920.413288,3746
2026-07-14 21:00:00,1875.41,1876.01,1874.4,1875.92,347.9805,652593.372918,4832
2026-07-14 21:05:00,1875.93,1878.67,1875.93,1877.92,524.1755,984356.88015,4464
2026-07-14 21:10:00,1877.91,1878.47,1877.91,1878.15,306.1913,575099.127645,2561
2026-07-14 21:15:00,1878.14,1878.89,1877.79,1877.8,296.7402,557305.550225,3022
2026-07-14 21:20:00,1877.8,1879.57,1877.2,1877.32,378.046,710069.414898,4334
2026-07-14 21:25:00,1877.33,1879.27,1876.46,1878.29,304.8581,572409.038289,3945
2026-07-14 21:30:00,1878.3,1878.3,1877.38,1877.4,171.0806,321257.971965,2572
2026-07-14 21:35:00,1877.39,1878.3,1876.07,1877.9,428.5748,804347.249986,4615
2026-07-14 21:40:00,1877.89,1879.74,1876.41,1877.32,405.8602,762129.294353,8688
2026-07-14 21:45:00,1877.33,1878.6,1877.33,1877.44,356.1066,668755.643179,5573
2026-07-14 21:50:00,1877.43,1877.93,1875.14,1876.44,358.7523,673059.445221,4864
2026-07-14 21:55:00,1876.45,1876.71,1875.42,1876.46,447.0748,838776.765803,3988
2026-07-14 22:00:00,1876.46,1876.97,1874.07,1874.61,547.3198,1026265.626741,9917
2026-07-14 22:05:00,1874.6,1876.33,1873.33,1874.18,346.7863,650122.932612,6776
2026-07-14 22:10:00,1874.18,1874.58,1872.06,1872.75,701.4583,1313984.760725,8955
2026-07-14 22:15:00,1872.75,1876.08,1872.42,1876.08,1009.0889,1891505.908482,6181
2026-07-14 22:20:00,1876.07,1885.7,1875.7,1882.25,4247.7925,7991952.408262,32384
2026-07-14 22:25:00,1882.26,1882.62,1880.32,1881.61,668.4588,1257707.941589,8102
2026-07-14 22:30:00,1881.62,1896.14,1881.3,1893.61,10185.8164,19273534.959473,43171
2026-07-14 22:35:00,1893.6,1893.9,1886.24,1887.18,1752.7538,3312327.892771,17026
2026-07-14 22:40:00,1887.17,1889.53,1886.34,1887.14,654.5456,1235485.045157,9216
2026-07-14 22:45:00,1887.14,1888.97,1884.5,1885.36,577.4404,1089605.10788,8524
2026-07-14 22:50:00,1885.36,1885.54,1884.03,1884.48,459.6343,866267.93333,6894
2026-07-14 22:55:00,1884.48,1884.48,1882.04,1882.04,314.3196,591950.916381,5047
2026-07-14 23:00:00,1882.04,1883.24,1878.69,1882.17,1074.8398,2021111.844666,13556
2026-07-14 23:05:00,1882.18,1885.65,1882.18,1884.18,524.2972,987702.78291,6325
2026-07-14 23:10:00,1884.18,1888.18,1884.18,1886.56,1249.8672,2358314.717476,12404
2026-07-14 23:15:00,1886.56,1886.56,1884.21,1885.34,949.3062,1789398.714396,6589
2026-07-14 23:20:00,1885.34,1885.39,1884.42,1885.02,2618.1099,4935113.484827,4555
2026-07-14 23:25:00,1885.02,1886.42,1884.2,1885.81,403.3254,760322.818716,5890
2026-07-14 23:30:00,1885.81,1886.04,1884.73,1885.21,243.1229,458370.368223,4760
2026-07-14 23:35:00,1885.22,1888.0,1885.22,1887.68,633.3565,1195143.045601,7664
2026-07-14 23:40:00,1887.68,1889.66,1887.25,1888.88,729.4525,1377388.548331,8858
2026-07-14 23:45:00,1888.88,1891.37,1888.88,1891.3,970.3457,1834266.230947,10215
2026-07-14 23:50:00,1891.3,1893.32,1890.52,1891.99,1096.7806,2074623.362092,11112
2026-07-14 23:55:00,1891.99,1892.48,1890.15,1891.87,632.4216,1196022.453784,7619
2026-07-15 00:00:00,1891.87,1893.32,1890.18,1890.46,1847.7411,3495700.915881,16525
2026-07-15 00:05:00,1890.45,1891.33,1888.29,1889.58,649.4936,1227569.19051,11259
2026-07-15 00:10:00,1889.59,1889.83,1887.08,1887.44,510.4031,963858.592659,11511
2026-07-15 00:15:00,1887.43,1888.11,1885.1,1885.29,603.505,1138651.815749,10496
2026-07-15 00:20:00,1885.29,1886.31,1879.95,1881.79,2338.3823,4402198.469684,12267
2026-07-15 00:25:00,1881.79,1881.79,1878.88,1880.86,693.8939,1304634.395169,11518
2026-07-15 00:30:00,1880.86,1880.87,1878.19,1880.1,1087.3992,2043166.823463,13430
2026-07-15 00:35:00,1880.1,1880.39,1878.14,1880.15,563.0707,1058167.358347,10160
2026-07-15 00:40:00,1880.15,1880.55,1878.13,1879.41,314.0755,590129.275982,7092
2026-07-15 00:45:00,1879.41,1883.04,1879.41,1880.08,288.5749,542915.110133,9318
2026-07-15 00:50:00,1880.08,1881.71,1879.65,1881.69,362.267,681330.402882,7463
2026-07-15 00:55:00,1881.69,1882.35,1881.14,1881.58,291.8345,549171.036424,6931
2026-07-15 01:00:00,1881.58,1881.98,1876.17,1877.47,795.6645,1494377.452676,13762
2026-07-15 01:05:00,1877.46,1877.95,1875.02,1875.67,537.1224,1007655.942578,9667
2026-07-15 01:10:00,1875.66,1876.49,1874.4,1875.95,504.0533,945398.618157,8264
2026-07-15 01:15:00,1875.95,1877.31,1874.2,1874.96,1443.2108,2706487.057894,8524
2026-07-15 01:20:00,1874.96,1877.3,1874.6,1876.6,432.6143,811454.525773,6608
2026-07-15 01:25:00,1876.6,1879.57,1876.6,1879.17,527.4654,990883.812142,7567
2026-07-15 01:30:00,1879.17,1879.17,1876.48,1877.13,466.2054,875326.983326,7637
2026-07-15 01:35:00,1877.14,1877.67,1873.83,1873.83,870.9632,1633972.828595,9411
2026-07-15 01:40:00,1873.84,1873.84,1867.91,1869.95,2728.6688,5103519.220697,23867
2026-07-15 01:45:00,1869.94,1870.48,1867.28,1868.45,1145.2288,2140183.156976,13115
2026-07-15 01:50:00,1868.45,1869.98,1867.23,1869.97,616.9479,1152637.871466,10654
2026-07-15 01:55:00,1869.97,1870.52,1869.12,1870.2,576.8286,1078618.015401,7864
2026-07-15 02:00:00,1870.19,1870.65,1868.46,1869.05,909.1828,1699708.480511,10461
2026-07-15 02:05:00,1869.04,1870.53,1867.34,1870.43,540.1349,1009455.410591,7909
2026-07-15 02:10:00,1870.42,1873.04,1870.42,1871.19,467.3484,874751.242259,7814
2026-07-15 02:15:00,1871.2,1871.28,1867.69,1868.17,452.9921,846920.726381,7233
2026-07-15 02:20:00,1868.18,1869.12,1866.62,1867.38,432.8781,808622.054371,6335
2026-07-15 02:25:00,1867.38,1867.53,1864.83,1864.84,918.3168,1713917.494229,7379
2026-07-15 02:30:00,1864.84,1866.7,1864.83,1865.63,691.5231,1290261.720478,7853
2026-07-15 02:35:00,1865.62,1867.59,1865.62,1866.34,450.3599,840705.426762,4653
2026-07-15 02:40:00,1866.34,1867.02,1865.33,1867.02,636.1494,1187070.3284,4160
2026-07-15 02:45:00,1867.02,1867.58,1865.65,1865.89,745.7938,1392220.275755,5366
2026-07-15 02:50:00,1865.88,1866.86,1865.25,1865.82,873.1067,1629394.629019,4701
2026-07-15 02:55:00,1865.83,1866.71,1864.38,1864.6,978.8615,1826095.554868,6518
2026-07-15 03:00:00,1864.6,1867.64,1864.46,1867.59,702.7929,1311516.762197,6721
2026-07-15 03:05:00,1867.58,1870.35,1867.11,1869.35,874.0228,1633270.458281,6455
2026-07-15 03:10:00,1869.35,1871.19,1868.48,1870.61,500.1706,935324.298426,5739
2026-07-15 03:15:00,1870.61,1870.66,1869.24,1869.6,368.122,688375.555402,3985
2026-07-15 03:20:00,1869.6,1870.27,1868.24,1868.78,625.186,1168637.465877,4231
2026-07-15 03:25:00,1868.77,1869.35,1868.06,1868.79,269.658,503857.439041,2829
2026-07-15 03:30:00,1868.79,1874.71,1868.78,1874.03,798.5056,1495326.345122,10995
2026-07-15 03:35:00,1874.03,1874.03,1871.03,1871.2,355.2717,665210.595685,5512
2026-07-15 03:40:00,1871.2,1874.05,1870.0,1872.77,576.4954,1079631.918179,7703
2026-07-15 03:45:00,1872.77,1874.56,1871.84,1874.11,364.1922,682307.277668,4297
2026-07-15 03:50:00,1874.11,1878.84,1874.11,1878.39,1020.3219,1914912.645665,11044
2026-07-15 03:55:00,1878.4,1878.96,1876.07,1876.08,401.8215,754455.356714,4987
2026-07-15 04:00:00,1876.08,1877.12,1875.53,1876.04,600.4091,1126550.081465,5207
2026-07-15 04:05:00,1876.05,1877.9,1875.82,1876.2,289.4081,543195.218302,4900
2026-07-15 04:10:00,1876.22,1879.77,1876.22,1876.79,640.3246,1202754.809539,9761
2026-07-15 04:15:00,1876.8,1878.38,1875.86,1876.07,576.555,1082282.021435,5578
2026-07-15 04:20:00,1876.08,1877.75,1876.07,1876.83,426.0039,799657.609214,4526
2026-07-15 04:25:00,1876.84,1877.97,1875.43,1875.43,346.9195,651150.424269,4949
2026-07-15 04:30:00,1875.44,1876.87,1873.31,1876.22,396.6797,743973.299742,6656
2026-07-15 04:35:00,1876.22,1878.77,1875.98,1877.47,397.1619,745441.914294,4780
2026-07-15 04:40:00,1877.47,1878.07,1877.2,1877.82,267.1817,501676.424611,2128
2026-07-15 04:45:00,1877.82,1880.59,1877.25,1877.52,643.4915,1209142.531849,6272
2026-07-15 04:50:00,1877.52,1879.25,1877.13,1877.29,434.1212,815460.578542,5348
2026-07-15 04:55:00,1877.29,1877.57,1875.23,1876.49,439.8483,825179.384932,4496
2026-07-15 05:00:00,1876.5,1878.56,1875.69,1876.32,752.316,1412073.600609,12198
2026-07-15 05:05:00,1876.32,1876.44,1873.43,1875.09,763.6423,1431497.83593,6857
2026-07-15 05:10:00,1875.08,1875.21,1871.84,1872.54,714.3824,1338000.339341,5122
2026-07-15 05:15:00,1872.53,1874.57,1871.64,1874.28,413.0864,773710.975839,2922
2026-07-15 05:20:00,1874.29,1874.44,1872.62,1873.12,328.7205,615881.240197,2730
2026-07-15 05:25:00,1873.12,1873.37,1872.34,1872.57,367.3414,687998.586995,2104
2026-07-15 05:30:00,1872.56,1875.36,1872.44,1875.35,351.4627,658624.266547,2957
2026-07-15 05:35:00,1875.35,1876.08,1874.61,1874.74,334.2894,626904.430665,2734
2026-07-15 05:40:00,1874.74,1875.12,1873.82,1874.11,241.9298,453516.77764,2086
2026-07-15 05:45:00,1874.11,1876.99,1874.04,1876.91,278.8719,522997.814582,2069
2026-07-15 05:50:00,1876.91,1879.3,1876.91,1878.77,565.323,1061586.576185,3798
2026-07-15 05:55:00,1878.77,1883.54,1878.1,1882.68,800.3939,1505508.437336,6773
2026-07-15 06:00:00,1882.69,1884.59,1881.7,1882.96,933.9583,1758651.762567,8111
2026-07-15 06:05:00,1882.97,1889.92,1882.41,1888.26,2239.0395,4226305.395137,19406
2026-07-15 06:10:00,1888.26,1889.69,1887.06,1888.9,936.2304,1767794.591598,9512
2026-07-15 06:15:00,1888.91,1888.91,1885.74,1886.85,798.6812,1507137.261,8678
2026-07-15 06:20:00,1886.86,1887.65,1886.27,1886.83,395.8498,746978.891924,7112
2026-07-15 06:25:00,1886.82,1887.01,1885.23,1885.87,395.9555,746871.87627,4040
2026-07-15 06:30:00,1885.87,1891.32,1884.6,1890.28,1293.1598,2442845.433012,12839
2026-07-15 06:35:00,1890.28,1891.89,1884.01,1884.27,1308.3089,2471324.163917,9211
2026-07-15 06:40:00,1884.27,1885.86,1883.82,1885.21,665.8728,1255148.635371,4122
2026-07-15 06:45:00,1885.21,1885.5,1882.38,1882.79,505.744,952714.108596,4230
2026-07-15 06:50:00,1882.79,1883.15,1881.19,1881.44,447.0997,841463.085405,3546
2026-07-15 06:55:00,1881.45,1882.36,1875.52,1875.87,1901.2833,3570736.136466,7989
2026-07-15 07:00:00,1875.87,1876.5,1873.36,1876.07,1286.7754,2412070.799058,7035
2026-07-15 07:05:00,1876.07,1876.25,1874.2,1875.78,300.2713,563091.658819,3065
2026-07-15 07:10:00,1875.79,1876.87,1875.31,1876.68,296.3657,556010.545777,2594
2026-07-15 07:15:00,1876.67,1877.16,1874.26,1874.48,709.4874,1330869.566345,3752
2026-07-15 07:20:00,1874.48,1874.72,1869.21,1870.71,2275.8339,4258972.467622,12030
2026-07-15 07:25:00,1870.71,1870.71,1864.7,1866.17,2631.4188,4912657.533162,13232
2026-07-15 07:30:00,1866.16,1868.25,1865.64,1867.21,1504.6512,2809055.25174,7049
2026-07-15 07:35:00,1867.22,1869.19,1866.87,1868.0,666.1493,1244514.268694,6657
2026-07-15 07:40:00,1868.0,1869.99,1868.0,1869.85,913.4387,1707291.153122,6719
2026-07-15 07:45:00,1869.85,1871.26,1868.63,1871.25,953.7722,1783394.523021,4303
2026-07-15 07:50:00,1871.25,1871.25,1869.74,1870.4,793.9857,1485159.783171,3652
2026-07-15 07:55:00,1870.4,1870.4,1869.37,1870.04,816.131,1526079.224939,2858
2026-07-15 08:00:00,1870.04,1875.08,1870.03,1874.8,1455.8169,2726023.526042,7831
2026-07-15 08:05:00,1874.8,1874.8,1872.02,1872.44,863.9107,1618272.39633,4808
2026-07-15 08:10:00,1872.44,1874.34,1872.43,1873.9,519.4495,973115.461408,5412
2026-07-15 08:15:00,1873.9,1875.23,1873.71,1873.97,771.5862,1446220.753471,5739
2026-07-15 08:20:00,1873.98,1874.33,1872.67,1873.67,380.9488,713669.868005,4387
2026-07-15 08:25:00,1873.67,1875.27,1873.66,1874.57,461.2857,864553.745917,4313
2026-07-15 08:30:00,1874.57,1875.53,1873.88,1874.57,518.2726,971617.960636,4198
2026-07-15 08:35:00,1874.57,1876.07,1873.6,1876.07,478.1003,896320.421025,4861
2026-07-15 08:40:00,1876.08,1877.82,1875.39,1877.82,405.2701,760394.333666,4512
2026-07-15 08:45:00,1877.82,1879.03,1876.52,1877.24,522.1329,980385.139744,4158
2026-07-15 08:50:00,1877.25,1878.46,1877.0,1877.6,423.7285,795688.437722,2618
2026-07-15 08:55:00,1877.61,1879.64,1877.04,1879.22,825.8532,1551415.510802,3969
2026-07-15 09:00:00,1879.22,1881.7,1879.18,1881.46,751.9417,1413840.471361,3487
2026-07-15 09:05:00,1881.47,1883.06,1880.41,1882.72,801.4943,1508051.416814,5078
2026-07-15 09:10:00,1882.72,1886.24,1882.66,1882.8,1108.8568,2089567.750756,5805
2026-07-15 09:15:00,1882.85,1885.74,1882.84,1884.8,563.3326,1061484.010779,4256
2026-07-15 09:20:00,1884.81,1886.59,1883.12,1884.54,726.7799,1369901.926775,5159
2026-07-15 09:25:00,1884.54,1884.54,1882.86,1883.07,1315.2892,2477012.054603,6860
2026-07-15 09:30:00,1883.08,1883.09,1880.17,1880.63,1777.4881,3344371.715361,8984
2026-07-15 09:35:00,1880.62,1881.68,1879.45,1880.64,1099.469,2067202.185155,10538
2026-07-15 09:40:00,1880.64,1881.45,1879.19,1880.32,839.0983,1577457.806784,7115
2026-07-15 09:45:00,1880.31,1882.56,1880.31,1882.55,629.4637,1184232.818865,7508
2026-07-15 09:50:00,1882.56,1882.98,1880.36,1881.1,894.7064,1683474.819534,8163
2026-07-15 09:55:00,1881.1,1881.1,1879.25,1879.86,529.8679,996086.728157,5286
2026-07-15 10:00:00,1879.86,1883.88,1879.37,1883.37,948.0216,1783847.281682,9993
2026-07-15 10:05:00,1883.37,1886.55,1883.2,1885.15,1171.3469,2208211.664607,10919
2026-07-15 10:10:00,1885.15,1885.36,1883.73,1884.01,819.9217,1545218.195372,7211
2026-07-15 10:15:00,1884.01,1884.57,1882.76,1882.98,770.6838,1451820.651746,6404
2026-07-15 10:20:00,1882.98,1884.02,1878.64,1879.75,1042.4305,1961251.413565,9412
2026-07-15 10:25:00,1879.75,1880.46,1875.27,1876.42,1323.8207,2485300.524324,10189
2026-07-15 10:30:00,1876.43,1877.48,1875.97,1876.08,803.1585,1507178.786877,5304
2026-07-15 10:35:00,1876.08,1878.85,1874.98,1878.54,979.7744,1839013.674432,8334
2026-07-15 10:40:00,1878.54,1878.69,1877.75,1877.83,479.9178,901344.93464,4311
2026-07-15 10:45:00,1877.83,1879.89,1877.2,1879.45,641.4624,1205161.634815,5846
2026-07-15 10:50:00,1879.45,1879.92,1877.41,1877.69,590.087,1108586.205998,4694
2026-07-15 10:55:00,1877.69,1878.52,1877.12,1878.11,524.0053,983986.328596,3711
2026-07-15 11:00:00,1878.12,1880.99,1877.48,1879.92,592.5969,1114143.50281,6762
2026-07-15 11:05:00,1879.92,1881.68,1879.92,1881.45,361.3841,679714.938796,5666
2026-07-15 11:10:00,1881.46,1882.11,1880.91,1881.94,731.2677,1375968.160316,4614
2026-07-15 11:15:00,1881.93,1882.37,1879.39,1879.39,354.0844,666207.866175,3810
2026-07-15 11:20:00,1879.39,1881.02,1878.18,1878.18,301.3973,566654.100231,4010
2026-07-15 11:25:00,1878.18,1879.18,1877.74,1878.42,446.1228,837970.771244,4607
2026-07-15 11:30:00,1878.42,1881.5,1878.42,1880.84,437.2411,821791.489253,3497
2026-07-15 11:35:00,1880.85,1882.12,1880.51,1881.54,449.1633,845016.674549,3382
2026-07-15 11:40:00,1881.55,1882.18,1879.08,1881.45,575.377,1082194.48342,3595
2026-07-15 11:45:00,1881.46,1882.08,1880.87,1881.35,395.4571,744030.826358,2337
2026-07-15 11:50:00,1881.36,1884.48,1881.35,1883.48,983.8932,1853055.046269,5581
2026-07-15 11:55:00,1883.48,1885.71,1882.85,1884.62,699.1347,1317603.277321,3835
2026-07-15 12:00:00,1884.62,1885.04,1883.03,1883.03,471.4285,888247.885566,3715
2026-07-15 12:05:00,1883.03,1883.2,1879.25,1882.76,942.0856,1772267.629804,7786
2026-07-15 12:10:00,1882.75,1884.8,1881.59,1883.77,739.9715,1393391.404624,5201
2026-07-15 12:15:00,1883.78,1884.54,1883.57,1884.21,426.4325,803459.827845,3931
2026-07-15 12:20:00,1884.21,1884.21,1880.29,1881.45,566.6666,1066297.394346,5762
2026-07-15 12:25:00,1881.45,1885.7,1881.03,1885.59,825.3243,1554002.602888,8390
2026-07-15 12:30:00,1885.59,1894.71,1884.82,1889.55,4931.4102,9326275.693633,37560
2026-07-15 12:35:00,1889.55,1895.64,1888.25,1894.46,2100.862,3976120.500582,16318
2026-07-15 12:40:00,1894.46,1896.48,1891.0,1892.46,1501.657,2843693.336289,13237
2026-07-15 12:45:00,1892.46,1908.48,1891.66,1906.5,6520.9093,12396834.032865,27245
2026-07-15 12:50:00,1906.5,1929.94,1904.81,1929.47,15360.7427,29472629.435461,80662
2026-07-15 12:55:00,1929.46,1929.47,1923.46,1927.16,6569.3752,12659981.325479,37464
2026-07-15 13:00:00,1927.17,1945.3,1927.16,1937.43,14116.2066,27350724.644116,64194
2026-07-15 13:05:00,1937.43,1939.99,1931.55,1932.38,5408.8662,10468424.556636,26863
2026-07-15 13:10:00,1932.38,1939.93,1931.68,1938.77,3412.2059,6607644.15247,21671
2026-07-15 13:15:00,1938.77,1942.49,1935.34,1940.5,3793.212,7357258.518467,30082
2026-07-15 13:20:00,1940.51,1946.52,1937.08,1939.67,6181.5298,12002998.60507,34627
2026-07-15 13:25:00,1939.66,1939.66,1932.0,1936.83,3353.7095,6489333.065961,27300
2026-07-15 13:30:00,1936.82,1942.76,1934.65,1940.53,3436.5952,6665013.82012,39483
2026-07-15 13:35:00,1940.54,1942.22,1936.37,1937.48,2569.8862,4984705.27019,22264
2026-07-15 13:40:00,1937.48,1938.86,1931.07,1933.31,2132.7614,4125528.511752,18892
2026-07-15 13:45:00,1933.32,1933.32,1917.85,1920.91,5653.0898,10876678.572346,58800
2026-07-15 13:50:00,1920.9,1922.51,1917.16,1922.5,3163.054,6071460.719442,29400
2026-07-15 13:55:00,1922.5,1925.97,1920.28,1925.76,2271.6871,4369475.220758,27712
2026-07-15 14:00:00,1925.77,1931.88,1925.27,1929.2,3206.0948,6183847.911243,40967
2026-07-15 14:05:00,1929.2,1933.02,1927.82,1930.63,2932.6447,5662636.441452,25796
2026-07-15 14:10:00,1930.63,1935.51,1929.22,1929.29,1824.3953,3524944.546701,18901
2026-07-15 14:15:00,1929.28,1932.0,1926.82,1931.35,2603.6147,5023946.199352,19711
2026-07-15 14:20:00,1931.34,1931.34,1922.54,1924.27,2097.9196,4041707.486011,22786
2026-07-15 14:25:00,1924.28,1930.8,1919.12,1929.03,2780.9728,5350892.539082,26409
2026-07-15 14:30:00,1929.04,1933.26,1926.74,1932.75,2700.1251,5211779.029422,31850
2026-07-15 14:35:00,1932.75,1934.54,1928.06,1928.07,1598.8511,3087660.834253,25098
2026-07-15 14:40:00,1928.07,1930.41,1925.87,1927.79,1298.9188,2504301.250255,22161
2026-07-15 14:45:00,1927.79,1931.01,1924.62,1930.27,1930.0521,3718710.995459,21015
2026-07-15 14:50:00,1930.26,1932.79,1929.0,1932.36,1289.9435,2490353.071265,18141
2026-07-15 14:55:00,1932.36,1934.31,1929.36,1933.23,1528.4757,2953410.543637,15937
2026-07-15 15:00:00,1933.24,1933.74,1928.89,1930.11,1554.8784,3002320.135867,18927
2026-07-15 15:05:00,1930.12,1937.6,1930.12,1933.82,2180.6043,4216878.887097,22004
2026-07-15 15:10:00,1933.82,1934.78,1930.0,1930.41,857.85,1657418.472067,11097
2026-07-15 15:15:00,1930.41,1932.44,1926.7,1932.44,1169.5752,2256882.833526,16581
2026-07-15 15:20:00,1932.44,1932.44,1925.95,1928.9,1029.4721,1985093.796593,7814
2026-07-15 15:25:00,1928.9,1932.44,1928.0,1931.66,1183.6057,2284637.797684,7300
2026-07-15 15:30:00,1931.65,1933.97,1928.37,1932.33,1062.9108,2052751.853763,7967
2026-07-15 15:35:00,1932.33,1936.0,1931.79,1935.55,1563.7037,3024760.959555,10424
2026-07-15 15:40:00,1935.56,1936.0,1932.71,1934.2,999.7745,1933714.978907,8341
2026-07-15 15:45:00,1934.2,1935.25,1932.43,1934.69,1307.9578,2529236.006018,8505
2026-07-15 15:50:00,1934.68,1936.36,1931.35,1932.95,1215.5077,2350820.239709,14101
2026-07-15 15:55:00,1932.95,1933.38,1930.55,1931.95,917.2978,1772164.897982,8383
2026-07-15 16:00:00,1931.96,1932.95,1924.11,1926.63,2845.4369,5483623.784824,19464
2026-07-15 16:05:00,1926.63,1926.63,1920.8,1922.99,2461.5671,4733179.47272,19867
2026-07-15 16:10:00,1922.98,1924.02,1918.2,1918.26,1720.0117,3303723.409155,12611
2026-07-15 16:15:00,1918.26,1921.77,1917.71,1920.99,1455.9556,2795918.825691,14287
2026-07-15 16:20:00,1920.99,1920.99,1914.68,1919.01,1498.1977,2872808.160535,20065
2026-07-15 16:25:00,1919.0,1922.28,1918.2,1922.27,993.3085,1907928.044586,8810
2026-07-15 16:30:00,1922.28,1922.78,1914.15,1914.15,1537.6523,2950546.926292,12984
2026-07-15 16:35:00,1914.15,1914.42,1904.36,1908.41,3873.22,7392029.261534,37552
2026-07-15 16:40:00,1908.41,1911.99,1906.71,1911.98,1015.8646,1940143.521955,13782
2026-07-15 16:45:00,1911.99,1918.19,1910.57,1915.57,2197.3504,4207241.448134,19685
2026-07-15 16:50:00,1915.57,1918.49,1914.44,1917.19,778.9984,1492711.788045,14172
2026-07-15 16:55:00,1917.19,1920.78,1916.59,1919.62,827.7026,1587979.846074,12048
2026-07-15 17:00:00,1919.62,1922.5,1919.44,1921.67,1043.0329,2003812.9834,14543
2026-07-15 17:05:00,1921.67,1924.74,1921.4,1923.74,955.6498,1837863.301982,13869
2026-07-15 17:10:00,1923.74,1923.84,1919.76,1920.28,499.1122,959327.067525,9061
2026-07-15 17:15:00,1920.28,1923.9,1920.27,1921.25,759.961,1460984.752077,9472
2026-07-15 17:20:00,1921.26,1924.67,1921.25,1923.09,695.1901,1336875.760632,7247
2026-07-15 17:25:00,1923.09,1923.98,1920.88,1923.21,442.5991,850795.858793,6545
2026-07-15 17:30:00,1923.22,1926.16,1922.64,1923.31,943.5129,1815724.701488,10514
2026-07-15 17:35:00,1923.32,1923.75,1921.96,1923.27,452.9436,870928.338148,8892
2026-07-15 17:40:00,1923.27,1925.45,1922.03,1925.21,926.488,1782244.498139,8830
2026-07-15 17:45:00,1925.21,1931.22,1922.06,1924.84,2884.9809,5560096.284823,20980
2026-07-15 17:50:00,1924.84,1928.38,1924.31,1927.11,592.2042,1140800.675104,9753
2026-07-15 17:55:00,1927.11,1928.17,1926.68,1927.94,468.3685,902716.3806,5888
2026-07-15 18:00:00,1927.93,1930.0,1927.59,1928.92,1326.1975,2558207.935939,10478
2026-07-15 18:05:00,1928.91,1929.98,1927.47,1929.97,803.0181,1548895.348846,9125
2026-07-15 18:10:00,1929.96,1937.0,1929.74,1935.3,3904.9169,7554351.480773,19005
2026-07-15 18:15:00,1935.3,1935.42,1929.84,1930.78,1778.31,3434603.582525,12725
2026-07-15 18:20:00,1930.77,1931.72,1929.96,1930.83,443.1572,855677.753381,7377
2026-07-15 18:25:00,1930.83,1932.2,1929.3,1931.24,759.0037,1465465.657485,9287
2026-07-15 18:30:00,1931.24,1935.34,1930.75,1933.48,816.3277,1578692.093853,8693
2026-07-15 18:35:00,1933.47,1933.47,1930.59,1930.68,879.6092,1699427.978534,5530
2026-07-15 18:40:00,1930.68,1931.33,1928.09,1928.51,377.9069,729204.306867,5166
2026-07-15 18:45:00,1928.5,1929.51,1926.39,1928.66,1591.4676,3068916.901041,8903
2026-07-15 18:50:00,1928.65,1928.65,1923.61,1923.75,1258.1434,2422376.661849,7616
2026-07-15 18:55:00,1923.74,1924.92,1922.62,1924.47,655.7499,1261623.28326,5776
2026-07-15 19:00:00,1924.47,1929.06,1923.94,1928.37,724.5977,1395674.408644,5751
2026-07-15 19:05:00,1928.38,1928.38,1925.14,1925.69,547.2248,1054075.661916,4779
2026-07-15 19:10:00,1925.7,1927.19,1925.34,1926.4,877.4479,1690257.037436,3741
2026-07-15 19:15:00,1926.4,1926.47,1921.71,1921.98,632.0008,1215594.86593,5230
2026-07-15 19:20:00,1921.97,1924.14,1918.92,1922.28,915.4222,1758612.235282,13234
2026-07-15 19:25:00,1922.29,1924.61,1921.63,1924.14,664.2849,1277545.908066,6848
2026-07-15 19:30:00,1924.14,1927.67,1924.13,1924.72,832.9698,1604534.338728,13940
2026-07-15 19:35:00,1924.71,1925.6,1922.9,1925.6,623.4932,1199817.880807,9361
2026-07-15 19:40:00,1925.61,1927.65,1925.6,1927.65,464.0505,894094.208929,5502
2026-07-15 19:45:00,1927.64,1927.73,1925.26,1925.27,633.7068,1220932.35804,4550
2026-07-15 19:50:00,1925.27,1927.88,1922.66,1924.58,1169.9013,2252169.575035,13608
2026-07-15 19:55:00,1924.58,1926.49,1923.41,1924.15,723.558,1392794.667721,7668
2026-07-15 20:00:00,1924.15,1924.57,1921.2,1921.71,746.093,1434579.484022,9036
2026-07-15 20:05:00,1921.71,1924.42,1919.71,1921.33,897.8653,1725788.453687,6799
2026-07-15 20:10:00,1921.33,1923.39,1921.33,1922.84,215.4134,414165.26866,3256
2026-07-15 20:15:00,1922.85,1925.3,1922.79,1925.3,140.4356,270255.328429,2890
2026-07-15 20:20:00,1925.3,1927.0,1925.05,1925.44,167.5629,322735.318593,3075
2026-07-15 20:25:00,1925.45,1926.26,1924.89,1926.25,142.158,273709.625812,1543
2026-07-15 20:30:00,1926.26,1930.71,1926.26,1927.25,1038.9838,2003763.28359,5328
2026-07-15 20:35:00,1927.25,1927.25,1925.9,1926.85,203.6992,392432.962206,2014
2026-07-15 20:40:00,1926.85,1928.21,1925.43,1925.43,179.1781,345334.986335,2300
2026-07-15 20:45:00,1925.43,1925.61,1924.48,1924.62,454.571,875194.237514,1866
2026-07-15 20:50:00,1924.62,1924.95,1924.05,1924.4,66.4841,127952.21671,887
2026-07-15 20:55:00,1924.4,1924.51,1923.75,1923.75,229.2704,441134.823925,1403
2026-07-15 21:00:00,1923.75,1925.73,1923.46,1923.47,217.8475,419238.043603,2448
2026-07-15 21:05:00,1923.48,1925.32,1923.48,1925.03,273.7979,526908.508144,1873
2026-07-15 21:10:00,1925.04,1925.04,1921.29,1923.52,560.0533,1077070.838002,4117
2026-07-15 21:15:00,1923.52,1924.2,1922.35,1922.56,819.9576,1576917.883897,2146
2026-07-15 21:20:00,1922.56,1925.3,1922.56,1925.1,280.8656,540499.071518,1615
2026-07-15 21:25:00,1925.11,1925.4,1923.75,1923.75,251.575,484151.926946,1684
2026-07-15 21:30:00,1923.76,1923.76,1920.59,1920.95,431.4465,829535.083678,1971
2026-07-15 21:35:00,1920.95,1921.95,1919.8,1920.53,478.108,918349.205985,3966
2026-07-15 21:40:00,1920.54,1922.05,1919.82,1920.52,436.372,838255.170084,4584
2026-07-15 21:45:00,1920.53,1921.95,1920.1,1920.92,459.8107,883278.241367,4459
2026-07-15 21:50:00,1920.92,1922.0,1919.95,1921.84,279.2467,536466.38809,2286
2026-07-15 21:55:00,1921.83,1922.28,1920.9,1922.0,200.1883,384647.986848,1915
2026-07-15 22:00:00,1922.0,1925.0,1918.3,1922.59,1170.882,2250741.243962,8575
2026-07-15 22:05:00,1922.58,1924.07,1921.16,1922.7,297.5185,572055.964887,4319
2026-07-15 22:10:00,1922.69,1923.75,1920.42,1920.42,256.4836,492961.563536,3582
2026-07-15 22:15:00,1920.41,1921.51,1919.0,1920.28,387.9446,745147.882164,3611
2026-07-15 22:20:00,1920.28,1920.81,1919.33,1920.78,268.7072,515942.533542,4048
2026-07-15 22:25:00,1920.77,1924.26,1920.77,1924.26,268.5291,516261.014313,2717
2026-07-15 22:30:00,1924.26,1926.26,1923.62,1923.82,1039.7705,2001207.000441,8028
2026-07-15 22:35:00,1923.82,1925.9,1922.97,1924.39,318.5057,613036.015423,5447
2026-07-15 22:40:00,1924.39,1924.39,1923.0,1923.44,196.0903,377188.698758,2599
2026-07-15 22:45:00,1923.44,1926.2,1923.43,1924.65,434.817,837048.302208,4008
2026-07-15 22:50:00,1924.65,1928.58,1923.19,1923.21,1109.4006,2136764.235735,6333
2026-07-15 22:55:00,1923.22,1923.57,1921.93,1923.43,257.7278,495594.856777,2328
2026-07-15 23:00:00,1923.43,1927.28,1923.28,1925.95,475.423,915480.394637,3569
2026-07-15 23:05:00,1925.96,1926.58,1924.89,1925.87,299.6952,577172.610093,3520
2026-07-15 23:10:00,1925.86,1927.0,1925.1,1925.3,141.5876,272742.17124,2193
2026-07-15 23:15:00,1925.29,1925.45,1923.19,1924.65,118.1023,227263.096174,2649
2026-07-15 23:20:00,1924.64,1925.33,1921.66,1922.17,370.6211,713157.038337,2951
2026-07-15 23:25:00,1922.17,1922.17,1920.93,1921.84,350.6871,673921.340313,2533
2026-07-15 23:30:00,1921.84,1923.51,1921.05,1922.0,563.9208,1084012.399356,2880
2026-07-15 23:35:00,1922.01,1922.01,1920.0,1920.1,346.3736,665382.598072,2668
2026-07-15 23:40:00,1920.09,1920.19,1915.37,1915.63,1485.4395,2847656.252954,9885
2026-07-15 23:45:00,1915.63,1917.17,1914.89,1916.56,508.697,974620.402673,6505
2026-07-15 23:50:00,1916.56,1920.0,1916.44,1919.81,458.77,880289.930681,8576
2026-07-15 23:55:00,1919.82,1919.82,1917.46,1917.86,373.6572,716872.777707,4031
2026-07-16 00:00:00,1917.86,1921.99,1917.35,1921.99,979.4214,1880884.007308,9506
2026-07-16 00:05:00,1922.0,1923.09,1920.0,1923.01,650.63,1249956.61366,8563
2026-07-16 00:10:00,1923.01,1924.31,1922.07,1924.3,592.8524,1140292.981583,10104
2026-07-16 00:15:00,1924.31,1924.98,1919.09,1919.64,672.7445,1292837.370144,10897
2026-07-16 00:20:00,1919.64,1919.64,1916.24,1916.43,1151.1936,2208045.59733,15180
2026-07-16 00:25:00,1916.44,1917.72,1913.95,1915.64,968.4223,1855067.681681,10108
2026-07-16 00:30:00,1915.65,1917.12,1913.37,1916.88,613.5872,1175563.765616,11182
2026-07-16 00:35:00,1916.87,1916.88,1912.48,1913.24,465.8907,891826.786069,9897
2026-07-16 00:40:00,1913.25,1914.38,1911.69,1912.62,714.2573,1366233.833274,13344
2026-07-16 00:45:00,1912.63,1915.56,1911.61,1915.55,550.561,1053407.566126,12495
2026-07-16 00:50:00,1915.56,1918.47,1914.8,1916.9,569.8703,1092256.688311,11595
2026-07-16 00:55:00,1916.91,1916.91,1914.85,1914.86,329.1741,630492.793554,7941
2026-07-16 01:00:00,1914.85,1916.08,1913.55,1915.71,653.6007,1251653.413477,10925
2026-07-16 01:05:00,1915.71,1918.2,1915.49,1916.77,308.4548,591286.033958,8573
2026-07-16 01:10:00,1916.77,1917.56,1913.55,1914.21,548.3868,1050056.465246,8843
2026-07-16 01:15:00,1914.22,1914.86,1908.37,1908.4,1215.6329,2323466.163136,12288
2026-07-16 01:20:00,1908.4,1913.52,1908.12,1913.06,549.5538,1050264.940385,9018
2026-07-16 01:25:00,1913.06,1916.74,1913.06,1914.39,507.2463,971405.55043,9047
2026-07-16 01:30:00,1914.38,1917.21,1914.35,1917.2,355.1512,680540.748803,10207
2026-07-16 01:35:00,1917.2,1921.0,1917.2,1920.65,714.9309,1372133.763155,14102
2026-07-16 01:40:00,1920.66,1921.42,1916.82,1916.87,349.9969,671709.512706,11880
2026-07-16 01:45:00,1916.87,1923.8,1916.84,1922.94,584.8476,1123813.716651,9125
2026-07-16 01:50:00,1922.93,1926.0,1922.66,1923.83,701.5662,1349791.851878,13471
2026-07-16 01:55:00,1923.82,1925.2,1922.69,1922.7,287.449,553001.455124,8214
2026-07-16 02:00:00,1922.69,1922.74,1921.01,1921.7,768.6088,1477393.353646,9449
2026-07-16 02:05:00,1921.7,1922.3,1920.74,1920.74,189.5647,364251.983273,7228
2026-07-16 02:10:00,1920.75,1921.0,1919.87,1920.65,292.866,562364.758287,7374
2026-07-16 02:15:00,1920.64,1922.0,1918.97,1921.99,538.0089,1033195.759816,10807
2026-07-16 02:20:00,1922.0,1922.95,1919.43,1922.71,475.2155,912946.104571,11003
2026-07-16 02:25:00,1922.7,1923.86,1921.45,1922.23,390.3192,750384.234788,9801
2026-07-16 02:30:00,1922.23,1922.6,1920.53,1921.3,236.8007,454962.054897,7166
2026-07-16 02:35:00,1921.31,1923.2,1920.9,1920.9,425.4993,817898.793681,9886
2026-07-16 02:40:00,1920.91,1922.05,1920.48,1921.96,368.1747,707344.941926,9126
2026-07-16 02:45:00,1921.97,1925.47,1921.95,1924.14,461.4442,887602.525565,10259
2026-07-16 02:50:00,1924.15,1924.79,1923.03,1924.78,408.5274,785884.55092,5540
2026-07-16 02:55:00,1924.78,1926.23,1924.17,1925.37,579.8408,1116506.740956,6547
2026-07-16 03:00:00,1925.36,1926.5,1924.1,1924.1,640.1607,1232502.837252,8479
2026-07-16 03:05:00,1924.1,1925.82,1923.69,1925.81,313.4414,603317.05119,6783
2026-07-16 03:10:00,1925.81,1929.0,1925.43,1926.8,2011.03,3877195.000653,9752
2026-07-16 03:15:00,1926.8,1926.86,1922.91,1923.84,582.9292,1122125.836479,13277
2026-07-16 03:20:00,1923.84,1925.54,1923.22,1923.81,923.7729,1777888.501087,8944
2026-07-16 03:25:00,1923.82,1925.75,1923.81,1925.59,902.2004,1736531.858283,9616
2026-07-16 03:30:00,1925.58,1926.9,1924.63,1925.88,397.7983,766144.355335,8385
2026-07-16 03:35:00,1925.88,1926.8,1923.91,1924.0,256.6203,494008.934296,4588
2026-07-16 03:40:00,1924.0,1924.7,1922.09,1922.79,425.8883,819358.580691,2753
2026-07-16 03:45:00,1922.79,1922.79,1917.08,1917.39,866.3282,1663288.753905,6509
2026-07-16 03:50:00,1917.4,1918.95,1917.4,1918.51,515.6895,989210.453484,4808
2026-07-16 03:55:00,1918.51,1918.99,1918.2,1918.7,162.0504,310916.717347,2869
2026-07-16 04:00:00,1918.7,1919.26,1917.75,1918.16,435.2896,835170.206005,4477
2026-07-16 04:05:00,1918.16,1918.79,1916.02,1916.14,381.4725,731493.178431,5169
2026-07-16 04:10:00,1916.15,1920.98,1916.14,1919.72,475.852,912910.931213,7941
2026-07-16 04:15:00,1919.72,1919.72,1915.49,1916.16,485.1604,930094.934181,6811
2026-07-16 04:20:00,1916.16,1916.61,1914.13,1916.38,523.8665,1003460.416762,5714
2026-07-16 04:25:00,1916.39,1919.05,1916.39,1919.05,433.2593,831052.992447,6415
2026-07-16 04:30:00,1919.05,1920.4,1917.84,1918.7,457.7457,878380.428728,6505
2026-07-16 04:35:00,1918.69,1918.97,1918.2,1918.73,398.5034,764574.868633,4574
2026-07-16 04:40:00,1918.73,1919.9,1918.32,1919.37,301.7136,579018.21586,4238
2026-07-16 04:45:00,1919.38,1919.84,1917.62,1919.56,309.7115,594208.136564,4485
2026-07-16 04:50:00,1919.57,1919.92,1917.92,1919.53,617.0945,1184400.405359,5492
2026-07-16 04:55:00,1919.54,1919.74,1917.63,1918.31,327.5374,628346.214796,4032
2026-07-16 05:00:00,1918.3,1920.24,1917.64,1918.63,558.7362,1072010.983996,5771
2026-07-16 05:05:00,1918.62,1920.0,1917.72,1917.99,265.1212,508671.483227,7219
2026-07-16 05:10:00,1918.0,1921.57,1917.12,1921.52,564.541,1083322.639832,5928
2026-07-16 05:15:00,1921.51,1923.66,1921.1,1921.82,573.6018,1102561.747787,6599
2026-07-16 05:20:00,1921.82,1926.05,1921.82,1925.84,591.1194,1137755.313447,5051
2026-07-16 05:25:00,1925.83,1926.24,1924.34,1925.34,454.2631,874571.579398,3614
2026-07-16 05:30:00,1925.35,1927.63,1923.7,1924.27,639.1429,1230777.75446,6392
2026-07-16 05:35:00,1924.27,1925.11,1921.85,1925.11,454.4216,874282.020452,5436
2026-07-16 05:40:00,1925.1,1926.21,1924.15,1925.24,322.3656,620613.616602,3645
2026-07-16 05:45:00,1925.23,1925.63,1924.38,1925.48,191.2411,368119.917544,3429
2026-07-16 05:50:00,1925.48,1925.99,1924.3,1925.1,205.5704,395729.772229,3376
2026-07-16 05:55:00,1925.1,1926.1,1925.08,1925.66,153.1863,294977.943441,2211
2026-07-16 06:00:00,1925.65,1926.58,1924.03,1925.2,217.3937,418594.790864,4665
2026-07-16 06:05:00,1925.21,1929.48,1923.51,1927.4,1512.6441,2915275.120264,8133
2026-07-16 06:10:00,1927.39,1927.78,1923.04,1924.43,456.6356,879020.687072,5384
2026-07-16 06:15:00,1924.43,1925.72,1923.4,1925.71,124.3373,239233.91748,3475
2026-07-16 06:20:00,1925.71,1926.25,1923.03,1924.69,307.7387,592194.038378,3683
2026-07-16 06:25:00,1924.68,1925.11,1921.66,1922.58,567.596,1091271.95018,3391
2026-07-16 06:30:00,1922.57,1922.58,1921.28,1921.29,212.6475,408664.303169,2476
2026-07-16 06:35:00,1921.29,1921.29,1915.56,1917.31,937.6355,1798204.425416,8936
2026-07-16 06:40:00,1917.3,1919.97,1917.3,1919.37,160.6861,308361.161992,3019
2026-07-16 06:45:00,1919.36,1921.57,1918.58,1921.56,331.5548,636654.137138,3730
2026-07-16 06:50:00,1921.56,1922.69,1921.26,1921.77,162.2765,311892.158208,2132
2026-07-16 06:55:00,1921.77,1922.73,1921.77,1922.53,118.1081,227042.903016,1465
2026-07-16 07:00:00,1922.54,1922.54,1920.82,1921.75,337.9231,649390.79443,3929
2026-07-16 07:05:00,1921.75,1921.75,1919.02,1920.13,340.1048,653085.473729,4284
2026-07-16 07:10:00,1920.12,1922.0,1920.12,1920.66,351.7747,675850.202467,3583
2026-07-16 07:15:00,1920.66,1920.94,1917.8,1918.57,679.4125,1303992.62658,8541
2026-07-16 07:20:00,1918.57,1919.76,1918.1,1918.58,437.4434,839403.367998,4942
2026-07-16 07:25:00,1918.59,1918.96,1916.86,1917.14,566.5076,1086368.898377,5106
2026-07-16 07:30:00,1917.13,1917.69,1914.58,1915.35,974.3737,1866927.669214,6551
2026-07-16 07:35:00,1915.35,1915.8,1907.96,1908.78,2671.9347,5104028.656519,12431
2026-07-16 07:40:00,1908.77,1908.96,1905.0,1907.08,3681.3355,7021152.021917,13840
2026-07-16 07:45:00,1907.07,1910.0,1905.8,1909.23,1240.7996,2367940.761082,5773
2026-07-16 07:50:00,1909.23,1909.24,1905.0,1907.62,1468.7076,2800686.908987,11244
2026-07-16 07:55:00,1907.61,1910.81,1906.92,1910.63,1177.3255,2247602.359387,6545
2026-07-16 08:00:00,1910.64,1912.85,1907.53,1910.67,2147.5729,4102735.877511,10005
2026-07-16 08:05:00,1910.67,1910.68,1905.43,1906.77,1669.6119,3185099.463751,8699
2026-07-16 08:10:00,1906.77,1906.77,1884.11,1885.78,14486.7068,27436779.884606,83546
2026-07-16 08:15:00,1885.78,1887.34,1877.4,1878.36,9540.0195,17946991.454209,40809
2026-07-16 08:20:00,1878.36,1884.87,1875.56,1882.44,3665.4689,6890644.283391,19311
2026-07-16 08:25:00,1882.48,1892.15,1882.47,1892.14,3220.0669,6079896.77785,20920
2026-07-16 08:30:00,1892.14,1895.91,1891.28,1892.86,2261.9251,4282255.575286,20045
2026-07-16 08:35:00,1892.86,1896.51,1892.39,1894.78,1142.6901,2165027.379971,15978
2026-07-16 08:40:00,1894.78,1895.75,1888.6,1889.63,1747.0805,3305578.122645,16220
2026-07-16 08:45:00,1889.64,1892.25,1887.49,1888.21,2660.9259,5026677.495977,15761
2026-07-16 08:50:00,1888.2,1888.2,1884.58,1884.68,2119.8716,3997475.625568,14545
2026-07-16 08:55:00,1884.68,1886.43,1881.42,1886.09,4184.4052,7884407.925147,13218
2026-07-16 09:00:00,1886.09,1889.09,1885.76,1888.21,1657.1169,3128482.433067,11536
2026-07-16 09:05:00,1888.21,1888.97,1884.84,1886.96,1120.1879,2112970.414568,10961
2026-07-16 09:10:00,1886.96,1889.28,1885.84,1886.11,1820.478,3437277.417648,11182
2026-07-16 09:15:00,1886.1,1887.56,1885.68,1886.21,505.7265,954040.850458,7393
2026-07-16 09:20:00,1886.21,1887.67,1885.36,1885.37,829.9722,1565692.705502,7524
2026-07-16 09:25:00,1885.37,1886.68,1882.12,1882.97,1361.7011,2566132.036657,7189
2026-07-16 09:30:00,1882.97,1885.69,1880.41,1883.88,1603.9593,3021254.432808,14092
2026-07-16 09:35:00,1883.87,1886.07,1883.11,1883.11,1623.9501,3060726.208275,6671
2026-07-16 09:40:00,1883.12,1885.42,1883.11,1884.0,736.9374,1388768.864306,4601
2026-07-16 09:45:00,1884.0,1885.51,1883.13,1884.13,855.8903,1612662.255121,5697
2026-07-16 09:50:00,1884.13,1885.89,1882.7,1884.27,1353.2868,2550068.7703,6618
2026-07-16 09:55:00,1884.27,1885.6,1883.66,1884.67,689.4312,1299359.376711,6541
2026-07-16 10:00:00,1884.68,1886.41,1883.77,1885.37,868.5625,1637332.524054,9187
2026-07-16 10:05:00,1885.36,1888.53,1885.02,1888.0,680.9099,1284958.150967,5661
2026-07-16 10:10:00,1888.0,1888.0,1886.16,1886.59,387.7155,731524.554324,3668
2026-07-16 10:15:00,1886.58,1889.45,1886.13,1889.35,838.024,1581976.207924,7228
2026-07-16 10:20:00,1889.36,1889.4,1887.71,1888.19,673.7968,1272398.212645,6373
2026-07-16 10:25:00,1888.19,1888.9,1887.23,1888.9,495.1607,934874.944497,4433
2026-07-16 10:30:00,1888.9,1891.77,1888.54,1891.77,1909.298,3609208.796651,9551
2026-07-16 10:35:00,1891.77,1891.78,1889.11,1889.23,975.2572,1843602.907304,6453
2026-07-16 10:40:00,1889.23,1889.59,1888.13,1888.46,533.0828,1006878.914956,5176
2026-07-16 10:45:00,1888.45,1888.99,1886.35,1886.53,826.002,1559132.065061,6325
2026-07-16 10:50:00,1886.53,1887.76,1886.51,1886.94,301.3334,568657.631817,2795
2026-07-16 10:55:00,1886.94,1888.75,1886.94,1888.58,259.9381,490730.273027,2657
2026-07-16 11:00:00,1888.58,1888.58,1886.5,1886.73,780.5614,1473102.390345,6420
2026-07-16 11:05:00,1886.72,1887.02,1885.13,1886.7,1748.5482,3297972.638044,8089
2026-07-16 11:10:00,1886.71,1887.87,1885.0,1886.67,1174.8682,2216217.006278,6616
2026-07-16 11:15:00,1886.67,1887.69,1882.7,1884.98,2493.2446,4698828.445017,9674
2026-07-16 11:20:00,1884.97,1888.28,1884.88,1888.28,1062.6354,2004491.930568,5418
2026-07-16 11:25:00,1888.27,1888.27,1882.71,1883.21,972.4467,1834488.11429,6528
2026-07-16 11:30:00,1883.22,1884.62,1882.71,1884.56,746.7981,1406611.654034,6485
2026-07-16 11:35:00,1884.57,1885.43,1883.27,1884.98,362.692,683544.884106,3611
2026-07-16 11:40:00,1884.98,1887.92,1884.98,1887.32,1111.1676,2096288.75895,4674
2026-07-16 11:45:00,1887.31,1887.31,1879.81,1881.43,1708.0568,3216503.216247,9640
2026-07-16 11:50:00,1881.42,1884.21,1879.32,1884.05,1194.8394,2247776.316799,12232
2026-07-16 11:55:00,1884.04,1885.88,1883.88,1885.26,340.8116,642477.512731,3601
2026-07-16 12:00:00,1885.26,1885.26,1881.87,1881.87,545.6846,1028024.577997,6390
2026-07-16 12:05:00,1881.87,1882.31,1880.0,1880.78,868.6029,1633991.951896,7703
2026-07-16 12:10:00,1880.78,1880.85,1878.14,1880.74,1020.6283,1918457.558083,7588
2026-07-16 12:15:00,1880.74,1882.01,1879.04,1882.0,464.7236,873641.739104,6480
2026-07-16 12:20:00,1882.0,1882.59,1877.36,1879.03,2287.6929,4300645.943369,12795
2026-07-16 12:25:00,1879.03,1882.55,1878.79,1882.55,628.6191,1181873.307351,3631
2026-07-16 12:30:00,1882.55,1883.6,1880.0,1880.71,1007.7626,1896834.847932,7932
2026-07-16 12:35:00,1880.72,1880.73,1871.71,1873.14,3267.8746,6127737.165374,18560
2026-07-16 12:40:00,1873.13,1873.14,1867.68,1870.18,3081.2758,5761317.201905,19311
2026-07-16 12:45:00,1870.18,1874.2,1869.55,1873.21,1141.7603,2138022.822068,8960
2026-07-16 12:50:00,1873.21,1875.9,1872.58,1874.61,1052.7546,1973073.408422,7328
2026-07-16 12:55:00,1874.62,1874.62,1872.55,1872.55,430.8298,807256.887277,4792
2026-07-16 13:00:00,1872.55,1874.23,1871.05,1871.82,1132.0166,2120083.229424,15448
2026-07-16 13:05:00,1871.82,1874.13,1871.46,1874.13,719.8284,1347982.568088,10010
2026-07-16 13:10:00,1874.13,1876.16,1873.86,1875.73,984.6632,1846488.774011,11688
2026-07-16 13:15:00,1875.72,1878.4,1875.11,1877.7,859.7368,1613568.291583,10705
2026-07-16 13:20:00,1877.69,1884.31,1877.69,1883.41,1459.1681,2746330.089969,13485
2026-07-16 13:25:00,1883.41,1883.98,1881.44,1883.87,459.6191,865278.99597,5464
2026-07-16 13:30:00,1883.87,1887.53,1882.69,1883.39,1787.3157,3368920.713571,21118
2026-07-16 13:35:00,1883.38,1890.23,1882.07,1883.18,1870.425,3527906.352912,22058
2026-07-16 13:40:00,1883.17,1885.42,1877.38,1877.38,3505.3287,6601277.222781,25388
2026-07-16 13:45:00,1877.39,1881.41,1875.54,1879.17,1098.3601,2063280.798094,18281
2026-07-16 13:50:00,1879.17,1883.91,1878.79,1879.39,957.349,1801582.826051,15377
2026-07-16 13:55:00,1879.39,1882.99,1877.97,1882.81,890.2019,1673896.62545,11697
2026-07-16 14:00:00,1882.8,1886.49,1881.61,1882.71,1421.7295,2678835.334852,24766
2026-07-16 14:05:00,1882.71,1889.65,1882.71,1889.64,1467.1223,2768674.565688,17711
2026-07-16 14:10:00,1889.64,1893.0,1887.43,1888.61,1846.5798,3489817.047329,16748
2026-07-16 14:15:00,1888.61,1891.58,1887.12,1891.12,1927.8322,3642949.11483,14761
2026-07-16 14:20:00,1891.13,1891.21,1884.73,1885.35,1590.1221,3000274.871207,20502
2026-07-16 14:25:00,1885.34,1891.47,1884.02,1887.58,1301.1128,2456227.873005,20835
2026-07-16 14:30:00,1887.59,1890.26,1885.07,1888.77,704.7499,1330106.746282,19473
2026-07-16 14:35:00,1888.77,1891.04,1887.3,1888.05,615.3192,1162328.003864,14834
2026-07-16 14:40:00,1888.05,1889.68,1886.5,1888.54,721.5693,1362664.133297,11910
2026-07-16 14:45:00,1888.53,1889.04,1886.65,1887.62,807.1405,1523641.886178,13878
2026-07-16 14:50:00,1887.61,1887.74,1881.61,1882.06,1617.6711,3048948.305987,18903
2026-07-16 14:55:00,1882.07,1883.65,1874.98,1883.52,2837.9873,5333960.377421,25072
2026-07-16 15:00:00,1883.52,1884.32,1878.15,1878.75,2686.3943,5050867.931211,14643
2026-07-16 15:05:00,1878.74,1878.74,1875.42,1877.33,980.6304,1840227.481866,10507
2026-07-16 15:10:00,1877.32,1878.29,1871.12,1873.71,1309.9246,2455055.435008,12336
2026-07-16 15:15:00,1873.7,1879.19,1872.45,1878.87,804.3585,1508854.121883,10641
2026-07-16 15:20:00,1878.87,1882.71,1877.6,1881.79,784.1389,1474092.262475,9399
2026-07-16 15:25:00,1881.8,1894.38,1881.8,1891.29,4139.0402,7822680.4161,34334
2026-07-16 15:30:00,1891.3,1891.31,1887.72,1888.63,839.0825,1584776.916639,19037
2026-07-16 15:35:00,1888.62,1888.96,1885.73,1887.58,653.2388,1232901.620448,12589
2026-07-16 15:40:00,1887.57,1887.87,1881.94,1882.37,1187.471,2236695.75492,13243
2026-07-16 15:45:00,1882.36,1884.54,1878.36,1884.53,943.5201,1774508.452407,21071
2026-07-16 15:50:00,1884.54,1886.02,1882.0,1882.78,670.83,1263684.523797,15049
2026-07-16 15:55:00,1882.77,1882.89,1879.84,1881.88,613.7706,1154864.096098,10099
2026-07-16 16:00:00,1881.89,1882.33,1877.53,1878.18,888.9393,1670811.961148,13600
2026-07-16 16:05:00,1878.18,1879.8,1876.44,1879.79,1033.2321,1940006.961651,9933
2026-07-16 16:10:00,1879.78,1879.78,1875.51,1877.06,2742.0516,5145927.427687,7427
2026-07-16 16:15:00,1877.05,1879.26,1876.04,1877.61,778.3691,1461604.002684,8517
2026-07-16 16:20:00,1877.6,1877.6,1874.67,1876.53,1166.439,2188450.538112,11393
2026-07-16 16:25:00,1876.52,1881.02,1876.22,1879.91,439.8776,826780.061435,7659
2026-07-16 16:30:00,1879.92,1883.0,1879.81,1881.2,692.6959,1303249.161424,8788
2026-07-16 16:35:00,1881.21,1881.6,1876.35,1876.95,510.1022,958356.693343,10876
2026-07-16 16:40:00,1876.96,1879.33,1875.81,1875.94,441.4045,828670.491375,9323
2026-07-16 16:45:00,1875.93,1877.55,1874.98,1876.85,417.9354,784170.324499,9812
2026-07-16 16:50:00,1876.85,1879.41,1876.16,1878.5,307.3811,577388.444296,6634
2026-07-16 16:55:00,1878.5,1881.05,1878.29,1878.9,753.1075,1415817.06746,5362
2026-07-16 17:00:00,1878.9,1879.25,1874.54,1876.33,443.4916,832482.502715,7344
2026-07-16 17:05:00,1876.33,1876.83,1873.62,1874.68,777.0316,1456950.064488,7932
2026-07-16 17:10:00,1874.68,1875.05,1868.79,1869.02,1611.6452,3016540.356012,10872
2026-07-16 17:15:00,1869.02,1871.64,1862.57,1871.17,3608.768,6735904.004504,23954
2026-07-16 17:20:00,1871.17,1874.53,1871.17,1872.92,858.0308,1606797.428346,12591
2026-07-16 17:25:00,1872.91,1872.91,1867.98,1871.97,699.6786,1308728.67889,13118
2026-07-16 17:30:00,1871.96,1875.44,1871.64,1873.6,633.7917,1187465.384865,9186
2026-07-16 17:35:00,1873.61,1875.09,1872.25,1873.41,584.2703,1094614.591138,8370
2026-07-16 17:40:00,1873.41,1873.41,1869.56,1870.49,838.0484,1568224.355681,8046
2026-07-16 17:45:00,1870.49,1871.15,1867.62,1870.57,746.3812,1395165.62531,9223
2026-07-16 17:50:00,1870.56,1870.56,1866.13,1868.99,547.0391,1022037.083225,8588
2026-07-16 17:55:00,1868.99,1868.99,1863.94,1868.91,980.1795,1829091.020069,10097
2026-07-16 18:00:00,1868.92,1872.09,1868.1,1870.1,970.718,1815510.789918,7822
2026-07-16 18:05:00,1870.09,1873.86,1869.43,1873.48,475.613,890470.867361,8941
2026-07-16 18:10:00,1873.49,1875.63,1873.3,1874.4,1087.7959,2039260.481731,11561
2026-07-16 18:15:00,1874.4,1877.07,1874.01,1877.06,753.6012,1413779.794178,6967
2026-07-16 18:20:00,1877.07,1879.69,1876.62,1878.16,1085.4558,2038569.205807,9192
2026-07-16 18:25:00,1878.17,1878.74,1875.3,1875.53,454.0679,852527.869073,4642
2026-07-16 18:30:00,1875.54,1876.86,1874.02,1874.29,397.2222,744940.765565,5811
2026-07-16 18:35:00,1874.29,1874.29,1872.17,1873.27,325.0852,608961.765698,6342
2026-07-16 18:40:00,1873.27,1874.1,1871.45,1873.68,407.4108,763120.323443,5727
2026-07-16 18:45:00,1873.68,1875.84,1873.11,1875.6,201.2907,377335.411765,4209
2026-07-16 18:50:00,1875.6,1878.17,1875.52,1876.77,267.0691,501217.183712,3778
2026-07-16 18:55:00,1876.77,1877.42,1875.84,1875.85,383.8605,720416.156372,2690
2026-07-16 19:00:00,1875.85,1877.75,1875.6,1876.7,299.9095,562913.214053,3928
2026-07-16 19:05:00,1876.69,1877.36,1873.48,1874.83,288.5759,541068.013908,4226
2026-07-16 19:10:00,1874.84,1875.98,1873.61,1873.9,164.8099,308953.601336,3929
2026-07-16 19:15:00,1873.9,1876.14,1873.0,1874.5,360.1185,675042.420977,5257
2026-07-16 19:20:00,1874.5,1874.85,1872.29,1872.67,138.0862,258758.978306,3097
2026-07-16 19:25:00,1872.67,1875.51,1871.47,1874.68,293.4862,549608.36624,4319
2026-07-16 19:30:00,1874.69,1875.89,1873.84,1874.58,212.0501,397498.05853,3475
2026-07-16 19:35:00,1874.58,1876.46,1873.79,1874.92,714.2237,1339374.933981,4451
2026-07-16 19:40:00,1874.92,1875.51,1872.92,1873.42,423.1145,792912.91556,3836
2026-07-16 19:45:00,1873.41,1873.69,1871.09,1872.08,228.565,427928.141415,3894
2026-07-16 19:50:00,1872.08,1875.15,1872.08,1875.15,587.3482,1100480.319607,6014
2026-07-16 19:55:00,1875.15,1876.22,1873.97,1875.59,304.2048,570464.502946,4302
2026-07-16 20:00:00,1875.59,1875.7,1873.68,1874.05,747.9992,1402601.385159,5081
2026-07-16 20:05:00,1874.04,1875.0,1873.57,1873.83,159.7692,299445.843662,2578
2026-07-16 20:10:00,1873.82,1874.16,1872.59,1872.63,179.9779,337169.690617,2480
2026-07-16 20:15:00,1872.63,1874.41,1871.66,1874.41,226.0882,423373.8069,3291
2026-07-16 20:20:00,1874.4,1875.47,1872.97,1872.98,188.9505,354202.299249,3271
2026-07-16 20:25:00,1872.97,1873.85,1872.13,1873.45,122.2739,229048.051115,1682
2026-07-16 20:30:00,1873.44,1874.69,1871.82,1874.03,306.8499,574850.780232,3943
2026-07-16 20:35:00,1874.03,1874.77,1872.62,1872.62,391.8347,734140.495683,4199
2026-07-16 20:40:00,1872.63,1872.98,1871.94,1872.93,535.8838,1003498.910739,2490
2026-07-16 20:45:00,1872.93,1873.47,1871.8,1873.43,144.0903,269816.978357,3248
2026-07-16 20:50:00,1873.42,1873.74,1872.26,1872.89,223.2972,418261.130526,3090
2026-07-16 20:55:00,1872.89,1874.36,1871.89,1871.89,352.9379,661023.564626,3750
2026-07-16 21:00:00,1871.9,1874.61,1871.77,1874.61,368.3831,690041.114714,2982
2026-07-16 21:05:00,1874.61,1877.72,1874.61,1876.08,1127.2854,2114976.487526,5009
2026-07-16 21:10:00,1876.08,1877.96,1874.42,1875.84,606.1187,1137183.906897,4343
2026-07-16 21:15:00,1875.85,1878.17,1875.63,1878.17,154.024,289086.769644,2510
2026-07-16 21:20:00,1878.17,1878.26,1876.95,1877.36,377.1173,708178.034968,2358
2026-07-16 21:25:00,1877.36,1879.59,1877.09,1877.62,300.0218,563560.739953,3450
2026-07-16 21:30:00,1877.62,1879.19,1876.91,1878.93,198.2019,372282.702895,2365
2026-07-16 21:35:00,1878.94,1881.36,1878.68,1878.71,447.8892,842045.577878,4637
2026-07-16 21:40:00,1878.71,1879.72,1878.02,1879.31,369.4399,694174.107726,5324
2026-07-16 21:45:00,1879.31,1879.32,1877.18,1877.99,374.9714,704331.853789,4040
2026-07-16 21:50:00,1877.99,1879.59,1877.99,1878.76,291.5977,547901.186856,3750
2026-07-16 21:55:00,1878.75,1878.76,1877.64,1878.66,236.3246,443858.337676,3053
2026-07-16 22:00:00,1878.67,1881.59,1878.67,1880.98,1025.727,1928810.644644,9364
2026-07-16 22:05:00,1880.98,1881.32,1879.85,1880.67,315.5753,593425.455305,4515
2026-07-16 22:10:00,1880.66,1880.78,1879.07,1880.3,420.815,791115.884007,4613
2026-07-16 22:15:00,1880.29,1880.29,1878.77,1879.28,244.0047,458532.751216,2257
2026-07-16 22:20:00,1879.28,1879.28,1875.86,1875.86,237.2703,445423.963823,4008
2026-07-16 22:25:00,1875.87,1876.54,1873.48,1874.56,593.7223,1112986.035329,5803
2026-07-16 22:30:00,1874.56,1877.36,1874.21,1875.32,441.4092,827966.642865,4686
2026-07-16 22:35:00,1875.31,1876.59,1875.0,1875.51,170.1222,319136.501289,2350
2026-07-16 22:40:00,1875.52,1875.52,1869.75,1871.76,1167.4679,2184736.119146,7953
2026-07-16 22:45:00,1871.77,1872.98,1871.12,1871.74,523.6238,980294.965411,7936
2026-07-16 22:50:00,1871.74,1872.29,1868.92,1869.16,2855.9858,5338978.204105,9803
2026-07-16 22:55:00,1869.16,1870.27,1868.04,1868.89,1284.1791,2400480.257468,10322
2026-07-16 23:00:00,1868.89,1870.66,1867.01,1867.04,736.5071,1376184.366661,10678
2026-07-16 23:05:00,1867.04,1867.52,1865.85,1866.15,714.8648,1334517.596703,8093
2026-07-16 23:10:00,1866.16,1867.19,1865.26,1866.98,1003.8871,1873442.320831,6585
2026-07-16 23:15:00,1866.98,1866.98,1863.38,1863.45,956.4167,1783959.759373,8225
2026-07-16 23:20:00,1863.44,1864.19,1857.54,1858.37,3883.9294,7225355.327579,24534
2026-07-16 23:25:00,1858.37,1862.91,1858.17,1861.3,1201.3154,2235929.296229,8438
2026-07-16 23:30:00,1861.29,1863.73,1859.78,1861.3,2000.6962,3725094.136041,9518
2026-07-16 23:35:00,1861.31,1861.69,1858.74,1860.05,700.865,1303669.878859,6164
2026-07-16 23:40:00,1860.05,1863.38,1859.19,1863.2,705.943,1313663.799432,8950
2026-07-16 23:45:00,1863.2,1864.34,1861.11,1863.3,583.5226,1087045.239226,11949
2026-07-16 23:50:00,1863.31,1866.41,1863.31,1865.43,939.6392,1752649.146945,10421
2026-07-16 23:55:00,1865.43,1865.49,1863.45,1864.71,456.7886,851651.508713,4561
2026-07-17 00:00:00,1864.71,1866.59,1863.45,1865.01,1723.8275,3214679.340263,18122
2026-07-17 00:05:00,1865.0,1865.0,1862.45,1863.14,717.2151,1336753.606404,8512
2026-07-17 00:10:00,1863.14,1865.44,1860.66,1862.64,859.1369,1600672.573781,7760
2026-07-17 00:15:00,1862.64,1866.71,1862.44,1864.4,457.9316,853971.244922,7085
2026-07-17 00:20:00,1864.39,1864.53,1861.88,1861.89,454.0171,846001.926084,7102
2026-07-17 00:25:00,1861.88,1862.03,1859.46,1860.96,702.1163,1306497.776609,5391
2026-07-17 00:30:00,1860.96,1861.25,1855.06,1855.79,2237.3707,4155477.386768,16999
2026-07-17 00:35:00,1855.78,1857.04,1848.32,1854.05,4524.0078,8375984.851797,33016
2026-07-17 00:40:00,1854.04,1858.7,1854.04,1858.38,820.214,1522497.641502,10822
2026-07-17 00:45:00,1858.38,1862.46,1858.36,1862.37,919.5056,1710916.670118,12169
2026-07-17 00:50:00,1862.36,1863.99,1861.44,1863.99,896.9485,1670621.263121,7501
2026-07-17 00:55:00,1864.0,1865.79,1861.97,1865.77,651.4315,1214277.546213,6376
2026-07-17 01:00:00,1865.77,1870.39,1864.95,1867.9,1191.8778,2225992.633057,11927
2026-07-17 01:05:00,1867.9,1870.95,1867.08,1869.48,789.7048,1475959.55,8897
2026-07-17 01:10:00,1869.48,1871.08,1867.8,1867.97,466.1261,871225.479672,7013
2026-07-17 01:15:00,1867.98,1869.26,1862.2,1863.0,1135.2245,2117651.589227,9793
2026-07-17 01:20:00,1863.0,1863.0,1860.01,1862.1,521.6253,970810.325516,7905
2026-07-17 01:25:00,1862.09,1865.0,1861.25,1864.37,396.4687,738547.301774,6860
2026-07-17 01:30:00,1864.38,1864.57,1857.57,1857.82,1064.4849,1980680.067063,13181
2026-07-17 01:35:00,1857.83,1861.92,1857.25,1860.21,458.7651,853163.130075,7205
2026-07-17 01:40:00,1860.22,1860.94,1855.09,1855.32,653.8752,1214588.188714,5910
2026-07-17 01:45:00,1855.32,1855.98,1851.17,1854.6,1043.415,1934798.206623,10630
2026-07-17 01:50:00,1854.6,1854.77,1848.61,1849.62,1488.1974,2754081.241073,15675
2026-07-17 01:55:00,1849.61,1852.11,1848.07,1851.21,790.4554,1462595.9587,9253
2026-07-17 02:00:00,1851.22,1854.07,1849.14,1854.06,558.8558,1034854.858438,19887
2026-07-17 02:05:00,1854.07,1854.51,1846.3,1846.59,869.9463,1609464.379299,15659
2026-07-17 02:10:00,1846.6,1854.04,1844.31,1853.96,1480.5685,2736860.018368,21406
2026-07-17 02:15:00,1853.97,1855.61,1852.18,1853.19,900.4133,1669244.324119,15654
2026-07-17 02:20:00,1853.2,1853.78,1849.21,1850.66,1027.5554,1902477.389904,11011
2026-07-17 02:25:00,1850.67,1853.3,1849.07,1850.79,607.1795,1124091.475377,10944
2026-07-17 02:30:00,1850.78,1852.13,1847.89,1848.17,657.5862,1216923.439021,10215
2026-07-17 02:35:00,1848.18,1849.19,1845.17,1846.25,730.627,1349684.327357,10355
2026-07-17 02:40:00,1846.25,1848.58,1843.2,1846.53,1852.1715,3418929.259037,15551
2026-07-17 02:45:00,1846.53,1847.7,1843.47,1845.94,1671.8108,3086070.531581,11788
2026-07-17 02:50:00,1845.95,1847.13,1844.0,1844.25,1419.985,2620535.15676,15959
2026-07-17 02:55:00,1844.24,1849.0,1844.24,1848.1,696.3445,1285989.667864,11041
2026-07-17 03:00:00,1848.09,1851.97,1847.32,1850.52,695.1925,1285767.808321,15631
2026-07-17 03:05:00,1850.52,1854.89,1850.25,1853.05,757.3318,1403752.656577,12468
2026-07-17 03:10:00,1853.05,1854.52,1852.34,1854.08,333.4838,617950.126755,5545
2026-07-17 03:15:00,1854.08,1857.84,1852.91,1857.43,1492.0805,2768952.274804,10330
2026-07-17 03:20:00,1857.44,1857.67,1856.05,1856.91,405.188,752361.296825,5411
2026-07-17 03:25:00,1856.91,1859.64,1856.45,1857.96,546.6694,1015820.863649,7468
2026-07-17 03:30:00,1857.95,1858.14,1856.15,1858.13,835.0356,1551123.424363,9159
2026-07-17 03:35:00,1858.13,1858.74,1856.44,1856.55,301.3201,559721.813911,6676
2026-07-17 03:40:00,1856.56,1856.56,1854.3,1855.11,305.8505,567364.402156,6988
2026-07-17 03:45:00,1855.12,1855.32,1852.19,1852.7,665.9719,1234520.034618,8861
2026-07-17 03:50:00,1852.69,1854.3,1851.28,1853.39,339.0551,628139.163254,6046
2026-07-17 03:55:00,1853.38,1854.23,1852.52,1852.53,372.651,690686.157483,5093
2026-07-17 04:00:00,1852.53,1852.83,1850.41,1850.62,471.3256,872592.56477,6483
2026-07-17 04:05:00,1850.62,1851.22,1849.71,1850.03,851.6371,1575694.80898,6475
2026-07-17 04:10:00,1850.02,1851.93,1849.57,1850.0,346.3334,640960.246861,6647
2026-07-17 04:15:00,1850.01,1851.39,1844.37,1845.85,1118.5763,2067217.756159,9093
2026-07-17 04:20:00,1845.85,1849.16,1844.0,1849.15,981.94,1812036.996857,10142
2026-07-17 04:25:00,1849.15,1849.17,1845.57,1847.28,288.2045,532428.522482,7744
2026-07-17 04:30:00,1847.27,1847.7,1844.55,1845.76,503.8746,930324.458119,7790
2026-07-17 04:35:00,1845.76,1847.0,1844.01,1846.32,476.5375,879533.481397,8388
2026-07-17 04:40:00,1846.33,1850.22,1845.03,1848.65,710.7676,1313128.27356,8565
2026-07-17 04:45:00,1848.66,1853.08,1848.65,1851.61,434.5137,804492.834687,8245
2026-07-17 04:50:00,1851.61,1851.85,1850.18,1850.18,293.6629,543643.137546,3963
2026-07-17 04:55:00,1850.19,1851.14,1849.46,1850.07,238.2226,440818.415903,4171
2026-07-17 05:00:00,1850.06,1850.06,1844.65,1847.45,453.4427,837227.889579,7207
2026-07-17 05:05:00,1847.46,1847.61,1845.04,1847.4,373.293,689210.952569,5304
2026-07-17 05:10:00,1847.39,1848.31,1846.62,1847.91,305.3501,564122.300743,6718
2026-07-17 05:15:00,1847.91,1848.49,1846.56,1846.61,257.6489,476003.948736,6902
2026-07-17 05:20:00,1846.61,1846.62,1844.19,1844.68,404.5384,746538.266753,7907
2026-07-17 05:25:00,1844.68,1844.68,1837.0,1837.81,2906.6378,5350296.496061,28039
2026-07-17 05:30:00,1837.81,1839.82,1835.2,1835.2,1783.4432,3277553.264033,10653
2026-07-17 05:35:00,1835.2,1838.54,1834.01,1834.34,2220.0468,4075830.3223,14067
2026-07-17 05:40:00,1834.34,1835.74,1831.73,1832.44,1746.0064,3201204.854034,12807
2026-07-17 05:45:00,1832.44,1832.64,1825.05,1828.18,3748.7327,6853372.088944,21331
2026-07-17 05:50:00,1828.18,1828.2,1822.47,1826.03,2179.2277,3976530.055801,15599
2026-07-17 05:55:00,1826.03,1827.53,1821.36,1823.94,1402.9899,2559483.594736,15136
2026-07-17 06:00:00,1823.94,1828.06,1820.74,1827.23,1703.6205,3108941.829535,19848
2026-07-17 06:05:00,1827.23,1830.1,1825.08,1825.08,1439.9886,2632757.41802,15864
2026-07-17 06:10:00,1825.08,1827.33,1825.08,1827.28,1049.5462,1916717.451833,10090
2026-07-17 06:15:00,1827.29,1829.95,1825.81,1829.52,806.764,1474435.213329,7139
2026-07-17 06:20:00,1829.52,1834.05,1828.73,1833.2,1065.9376,1952099.672954,6941
2026-07-17 06:25:00,1833.21,1834.75,1833.2,1834.4,452.0781,829175.35318,4167
2026-07-17 06:30:00,1834.39,1835.05,1833.0,1834.34,679.1308,1245750.775677,4666
2026-07-17 06:35:00,1834.34,1836.55,1834.2,1835.27,730.9361,1341545.42983,4994
2026-07-17 06:40:00,1835.27,1835.27,1832.2,1832.48,476.6218,873822.735096,4817
2026-07-17 06:45:00,1832.49,1832.84,1831.45,1832.61,452.5798,829168.25869,5571
2026-07-17 06:50:00,1832.6,1832.6,1830.26,1830.91,391.3068,716618.93302,7418
2026-07-17 06:55:00,1830.91,1832.31,1830.32,1832.31,319.9568,585891.803556,5264
2026-07-17 07:00:00,1832.31,1832.66,1831.18,1832.03,321.1461,588367.464386,6777
2026-07-17 07:05:00,1832.02,1832.03,1830.0,1830.92,295.1862,540515.365791,6939
2026-07-17 07:10:00,1830.92,1830.94,1829.08,1830.06,457.5006,837176.191246,3945
2026-07-17 07:15:00,1830.05,1830.58,1829.21,1829.27,351.0871,642449.164001,5156
2026-07-17 07:20:00,1829.28,1830.55,1827.18,1829.32,743.0069,1359243.905342,6125
2026-07-17 07:25:00,1829.31,1832.09,1829.04,1831.69,434.3678,795272.503061,3923
2026-07-17 07:30:00,1831.69,1833.56,1827.27,1827.52,1331.8831,2438976.122378,7473
2026-07-17 07:35:00,1827.52,1829.01,1826.29,1829.01,1445.8212,2642591.525098,5801
2026-07-17 07:40:00,1829.01,1831.42,1828.56,1829.96,843.7198,1543901.536837,5099
2026-07-17 07:45:00,1829.95,1830.58,1827.56,1828.77,1115.4466,2040063.486141,4924
2026-07-17 07:50:00,1828.78,1831.26,1828.77,1830.31,1997.9654,3657033.7409,7371
2026-07-17 07:55:00,1830.31,1830.97,1827.69,1828.52,2131.1713,3899070.449975,7686
2026-07-17 08:00:00,1828.52,1830.94,1827.69,1829.92,1510.556,2763246.80583,8773
2026-07-17 08:05:00,1829.93,1830.5,1829.16,1829.65,1613.422,2952357.883434,6962
2026-07-17 08:10:00,1829.65,1830.38,1827.99,1830.38,910.8481,1666251.54389,9619
2026-07-17 08:15:00,1830.38,1830.38,1824.01,1824.75,2131.5307,3893536.734631,14851
2026-07-17 08:20:00,1824.75,1827.19,1824.65,1826.72,1449.0563,2645940.042587,12945
2026-07-17 08:25:00,1826.72,1828.02,1825.01,1825.57,1134.9322,2072795.430017,9087
2026-07-17 08:30:00,1825.56,1825.83,1822.78,1823.81,981.5235,1790479.179503,8552
2026-07-17 08:35:00,1823.82,1825.25,1821.41,1822.41,940.1151,1713584.048332,10193
2026-07-17 08:40:00,1822.42,1828.0,1822.42,1827.99,803.5958,1466951.83361,7603
2026-07-17 08:45:00,1827.99,1830.62,1827.83,1830.52,663.9405,1214789.274569,6314
2026-07-17 08:50:00,1830.52,1830.94,1829.7,1829.71,852.9436,1561312.256475,4753
2026-07-17 08:55:00,1829.71,1832.51,1829.6,1830.15,757.8777,1387742.461103,5218
2026-07-17 09:00:00,1830.16,1831.66,1829.75,1830.15,541.6668,991525.947596,5688
2026-07-17 09:05:00,1830.14,1832.12,1829.52,1830.21,314.4326,575622.817145,5343
2026-07-17 09:10:00,1830.21,1833.04,1829.29,1832.9,451.9176,827298.059046,4456
2026-07-17 09:15:00,1832.89,1832.9,1829.81,1829.91,490.8882,898831.48982,5000
2026-07-17 09:20:00,1829.91,1832.42,1829.91,1832.15,349.813,640535.902157,5396
2026-07-17 09:25:00,1832.16,1832.85,1831.36,1831.71,233.5952,428014.136436,2895
2026-07-17 09:30:00,1831.72,1832.4,1830.96,1831.08,412.8598,756181.490628,3243
2026-07-17 09:35:00,1831.09,1834.73,1831.01,1834.38,362.4946,664358.180472,3916
2026-07-17 09:40:00,1834.38,1835.48,1833.28,1835.36,561.9373,1030886.13956,4172
2026-07-17 09:45:00,1835.35,1835.45,1832.79,1832.8,310.8222,570160.439251,3785
2026-07-17 09:50:00,1832.79,1836.27,1832.77,1835.87,534.6731,980867.216381,4079
2026-07-17 09:55:00,1835.87,1836.02,1834.0,1835.1,478.4899,878045.302728,4132
2026-07-17 10:00:00,1835.1,1838.22,1834.46,1838.0,786.2988,1444379.358545,5487
2026-07-17 10:05:00,1838.01,1839.29,1835.83,1836.73,1318.5265,2423606.304468,6839
2026-07-17 10:10:00,1836.72,1839.0,1834.3,1838.8,1660.6103,3049242.07724,9479
2026-07-17 10:15:00,1838.81,1840.4,1838.06,1838.27,1618.3896,2976770.991165,9438
2026-07-17 10:20:00,1838.26,1838.81,1836.72,1837.09,1257.407,2310445.522546,6856
2026-07-17 10:25:00,1837.09,1838.81,1836.99,1837.68,782.7728,1438713.78696,7570
2026-07-17 10:30:00,1837.67,1838.02,1836.84,1838.01,206.4943,379423.978645,2933
2026-07-17 10:35:00,1838.02,1839.4,1838.01,1839.05,332.8498,611960.042311,4972
2026-07-17 10:40:00,1839.05,1839.53,1838.31,1838.76,334.1839,614528.478451,3157
2026-07-17 10:45:00,1838.76,1839.07,1837.71,1837.72,626.881,1152560.35813,3310
2026-07-17 10:50:00,1837.72,1838.42,1837.0,1838.42,277.666,510294.592552,3085
2026-07-17 10:55:00,1838.41,1838.6,1836.83,1836.97,507.58,932785.024737,3631
2026-07-17 11:00:00,1836.98,1838.35,1835.3,1835.76,477.1264,876493.746635,5228
2026-07-17 11:05:00,1835.76,1836.18,1834.74,1835.4,421.7161,774028.931535,2888
2026-07-17 11:10:00,1835.4,1835.87,1834.74,1834.75,367.1998,673948.052063,4537
2026-07-17 11:15:00,1834.74,1835.84,1833.3,1835.39,1021.3977,1873496.164863,5821
2026-07-17 11:20:00,1835.38,1835.99,1835.0,1835.1,453.3568,832074.728386,5877
2026-07-17 11:25:00,1835.11,1837.08,1835.1,1836.61,498.7856,915967.59026,4499
2026-07-17 11:30:00,1836.61,1837.44,1835.81,1837.44,424.5657,779662.919932,4638
2026-07-17 11:35:00,1837.44,1842.5,1837.44,1842.41,980.6396,1804707.91994,9970
2026-07-17 11:40:00,1842.4,1842.5,1840.15,1841.94,873.8403,1609017.820954,5871
2026-07-17 11:45:00,1841.94,1843.26,1840.43,1840.44,1513.2613,2787745.706073,5796
2026-07-17 11:50:00,1840.43,1841.14,1839.55,1840.31,782.9117,1440794.0814,4487
2026-07-17 11:55:00,1840.32,1840.66,1838.95,1839.04,552.1041,1015811.140906,2681
2026-07-17 12:00:00,1839.05,1840.58,1837.53,1837.53,769.6806,1415504.261851,4592
2026-07-17 12:05:00,1837.53,1837.89,1836.53,1836.9,453.6497,833394.083095,3397
2026-07-17 12:10:00,1836.9,1837.78,1835.73,1836.26,585.5835,1075440.921018,4001
2026-07-17 12:15:00,1836.26,1837.43,1835.0,1835.0,751.0794,1378944.673828,4453
2026-07-17 12:20:00,1835.01,1837.08,1834.45,1836.75,594.5388,1091282.625369,3618
2026-07-17 12:25:00,1836.75,1836.75,1832.77,1834.0,1218.8285,2235420.536463,6056
2026-07-17 12:30:00,1834.0,1835.07,1833.09,1834.15,659.8938,1210351.28919,9251
2026-07-17 12:35:00,1834.16,1834.16,1830.04,1830.05,1455.5078,2666913.910535,10559
2026-07-17 12:40:00,1830.04,1831.0,1828.3,1829.64,1496.5562,2738436.310441,14179
2026-07-17 12:45:00,1829.64,1830.57,1827.73,1827.73,723.1739,1322827.377397,9357
2026-07-17 12:50:00,1827.74,1830.21,1827.73,1830.15,413.6803,756786.230828,6357
2026-07-17 12:55:00,1830.16,1831.05,1828.36,1828.54,729.315,1334586.476821,9193
2026-07-17 13:00:00,1828.54,1829.23,1824.85,1826.71,1984.6686,3625260.827521,18874
2026-07-17 13:05:00,1826.71,1826.74,1812.96,1815.23,8399.8662,15267482.386555,50542
2026-07-17 13:10:00,1815.22,1816.07,1808.1,1814.59,4969.7845,9000090.204878,36334
2026-07-17 13:15:00,1814.59,1816.85,1812.58,1814.75,1646.7121,2988205.700277,11580
2026-07-17 13:20:00,1814.76,1819.11,1814.75,1816.29,741.2972,1347305.034618,9301
2026-07-17 13:25:00,1816.3,1817.84,1814.35,1816.21,1663.8448,3022397.486923,10808
2026-07-17 13:30:00,1816.2,1818.79,1809.2,1809.61,2544.878,4619619.318311,23219
2026-07-17 13:35:00,1809.6,1811.24,1803.05,1805.15,4803.6658,8679705.795669,59948
2026-07-17 13:40:00,1805.16,1812.24,1804.74,1807.02,1856.8168,3357413.920918,37034
2026-07-17 13:45:00,1807.01,1814.99,1805.36,1813.93,1762.7789,3190557.473797,27704
2026-07-17 13:50:00,1813.93,1818.66,1812.61,1816.6,1357.0228,2464469.218868,16062
2026-07-17 13:55:00,1816.61,1827.18,1815.41,1825.5,2450.0371,4466739.80948,17716
2026-07-17 14:00:00,1825.5,1829.5,1823.23,1825.81,1560.9214,2851024.668586,28395
2026-07-17 14:05:00,1825.82,1833.1,1825.82,1829.63,1749.5418,3202468.271842,19145
2026-07-17 14:10:00,1829.63,1834.0,1827.78,1829.51,1150.1381,2105925.288159,14968
2026-07-17 14:15:00,1829.52,1833.21,1826.91,1827.28,1005.7055,1840000.478815,16720
2026-07-17 14:20:00,1827.28,1828.75,1825.26,1826.71,1266.8755,2313851.558016,15999
2026-07-17 14:25:00,1826.72,1828.81,1822.12,1823.56,784.548,1431630.978387,11623
2026-07-17 14:30:00,1823.56,1825.23,1817.34,1821.18,1624.6656,2957714.988568,19051
2026-07-17 14:35:00,1821.17,1827.28,1821.12,1826.95,1204.123,2197245.035601,14226
2026-07-17 14:40:00,1826.94,1826.95,1821.84,1822.08,1642.056,2995939.437099,10003
2026-07-17 14:45:00,1822.08,1822.08,1817.18,1820.1,1651.7408,3006798.69199,13183
2026-07-17 14:50:00,1820.09,1822.5,1819.01,1820.71,606.4196,1104106.518933,9316
2026-07-17 14:55:00,1820.72,1824.63,1820.55,1822.16,944.7758,1722327.869607,9472
2026-07-17 15:00:00,1822.16,1822.5,1817.43,1820.06,967.8384,1761518.646298,13869
2026-07-17 15:05:00,1820.06,1820.07,1813.35,1818.32,1455.0943,2642719.547305,33313
2026-07-17 15:10:00,1818.32,1819.66,1810.77,1813.74,1293.8698,2347050.373613,29587
2026-07-17 15:15:00,1813.75,1815.78,1812.79,1814.32,968.1445,1756528.248007,22702
2026-07-17 15:20:00,1814.31,1818.72,1812.41,1816.74,935.8936,1698887.971527,20198
2026-07-17 15:25:00,1816.74,1821.88,1816.04,1821.74,523.5609,952255.2873,10896
2026-07-17 15:30:00,1821.73,1824.03,1816.55,1820.82,2130.9583,3877784.257897,14681
2026-07-17 15:35:00,1820.81,1826.64,1820.11,1825.74,2511.0149,4582167.922865,14122
2026-07-17 15:40:00,1825.75,1826.5,1822.2,1823.83,806.437,1471393.444995,12051
2026-07-17 15:45:00,1823.82,1824.35,1822.4,1824.29,424.3176,773729.017965,12034
2026-07-17 15:50:00,1824.3,1828.05,1823.79,1827.33,622.9279,1137256.973824,14016
2026-07-17 15:55:00,1827.33,1831.26,1827.17,1830.88,1105.8969,2023696.131038,14703
2026-07-17 16:00:00,1830.89,1832.7,1827.52,1829.7,1604.2757,2935898.684538,23810
2026-07-17 16:05:00,1829.71,1830.83,1825.32,1830.83,1469.5256,2685110.750306,14956
2026-07-17 16:10:00,1830.83,1835.1,1830.83,1831.77,1265.6719,2319862.754658,12990
2026-07-17 16:15:00,1831.78,1836.95,1831.48,1835.99,1368.9367,2511139.67806,16980
2026-07-17 16:20:00,1835.99,1835.99,1830.48,1830.79,1834.2702,3360097.818808,15331
2026-07-17 16:25:00,1830.78,1836.0,1830.78,1835.56,841.4526,1542930.653818,9892
2026-07-17 16:30:00,1835.55,1836.63,1832.42,1832.42,1355.0929,2486141.861894,15082
2026-07-17 16:35:00,1832.43,1835.65,1832.42,1834.97,577.2795,1058788.866199,9625
2026-07-17 16:40:00,1834.96,1838.23,1833.68,1837.99,852.2704,1565000.330976,9102
2026-07-17 16:45:00,1837.99,1840.51,1835.64,1839.22,1347.9941,2478740.77407,10536
2026-07-17 16:50:00,1839.23,1840.5,1836.92,1838.23,909.925,1673206.78832,9264
2026-07-17 16:55:00,1838.23,1838.31,1835.59,1835.91,403.6985,741462.520921,4690
2026-07-17 17:00:00,1835.91,1840.51,1835.91,1840.5,761.9435,1401478.204623,9441
2026-07-17 17:05:00,1840.51,1850.93,1839.35,1849.6,2544.7814,4695850.122134,25768
2026-07-17 17:10:00,1849.6,1856.17,1846.4,1846.51,3001.9607,5557248.384909,27412
2026-07-17 17:15:00,1846.51,1848.14,1843.4,1843.73,1445.3516,2668379.394561,14383
2026-07-17 17:20:00,1843.72,1846.39,1843.0,1845.46,560.0157,1032868.178744,10355
2026-07-17 17:25:00,1845.46,1849.47,1845.46,1846.69,1054.5584,1948128.187645,7604
2026-07-17 17:30:00,1846.69,1848.05,1845.12,1846.7,1065.5649,1968081.832939,8528
2026-07-17 17:35:00,1846.69,1846.98,1843.0,1844.85,717.8576,1324211.254374,7663
2026-07-17 17:40:00,1844.85,1844.86,1842.95,1844.57,588.4047,1085087.112954,5880
2026-07-17 17:45:00,1844.56,1848.0,1843.45,1846.98,1050.5299,1938743.341929,9621
2026-07-17 17:50:00,1846.98,1847.43,1842.95,1843.05,1090.6651,2011696.303151,7676
2026-07-17 17:55:00,1843.05,1844.6,1842.07,1843.71,508.805,937757.66342,6178
2026-07-17 18:00:00,1843.72,1844.44,1841.61,1842.57,490.5653,904231.358793,8707
2026-07-17 18:05:00,1842.57,1843.25,1840.62,1842.83,567.4352,1045176.816377,6464
2026-07-17 18:10:00,1842.82,1843.61,1841.21,1842.92,329.47,607092.790612,6212
2026-07-17 18:15:00,1842.92,1842.92,1838.25,1838.8,558.4113,1027396.018425,7953
2026-07-17 18:20:00,1838.8,1838.91,1835.42,1836.28,952.7804,1749943.000683,9122
2026-07-17 18:25:00,1836.28,1837.8,1835.18,1837.39,486.4145,893201.763741,6057
2026-07-17 18:30:00,1837.39,1839.63,1837.09,1838.91,439.4805,807944.416979,12007
2026-07-17 18:35:00,1838.92,1840.39,1838.32,1840.29,265.1184,487589.20553,9497
2026-07-17 18:40:00,1840.29,1843.14,1839.1,1843.13,840.142,1546491.439539,9440
2026-07-17 18:45:00,1843.13,1848.75,1843.11,1846.3,884.5783,1632481.301784,12054
2026-07-17 18:50:00,1846.3,1849.67,1845.1,1849.12,958.6952,1771051.424467,7834
2026-07-17 18:55:00,1849.12,1849.61,1845.48,1846.99,407.9349,753668.054955,5371
2026-07-17 19:00:00,1846.98,1846.99,1844.26,1846.18,326.2867,602261.830366,5258
2026-07-17 19:05:00,1846.18,1846.18,1841.89,1841.9,475.5438,876699.389758,4328
2026-07-17 19:10:00,1841.9,1842.07,1840.06,1840.16,313.3801,576937.356007,3729
2026-07-17 19:15:00,1840.15,1840.51,1837.85,1839.43,780.2519,1435298.678986,6028
2026-07-17 19:20:00,1839.44,1839.44,1835.65,1837.11,384.22,705925.188088,5873
2026-07-17 19:25:00,1837.11,1841.05,1835.98,1841.05,299.1943,550000.877102,4691
2026-07-17 19:30:00,1841.06,1842.67,1840.25,1840.86,573.9581,1057075.974846,6970
2026-07-17 19:35:00,1840.86,1844.06,1840.29,1843.09,467.8574,862255.673333,6231
2026-07-17 19:40:00,1843.08,1845.24,1842.56,1845.11,240.1734,443016.515254,4493
2026-07-17 19:45:00,1845.1,1846.26,1843.47,1844.84,391.097,721545.630606,6392
2026-07-17 19:50:00,1844.83,1845.63,1842.91,1844.02,418.9022,772668.965388,5559
2026-07-17 19:55:00,1844.01,1844.65,1842.78,1843.76,905.9788,1670208.679187,6206
2026-07-17 20:00:00,1843.76,1843.76,1839.1,1839.58,513.836,945716.086829,6540
2026-07-17 20:05:00,1839.58,1839.84,1837.15,1837.74,465.9952,856713.996132,7016
2026-07-17 20:10:00,1837.73,1839.52,1837.73,1838.91,78.5158,144392.21721,2691
2026-07-17 20:15:00,1838.91,1839.49,1838.44,1839.23,304.9884,560845.8722,5823
2026-07-17 20:20:00,1839.23,1840.4,1838.64,1840.4,247.0345,454431.322705,4529
2026-07-17 20:25:00,1840.4,1841.55,1840.4,1840.59,226.2773,416593.832775,3391
2026-07-17 20:30:00,1840.58,1841.6,1839.77,1840.77,181.5261,334131.718009,6030
2026-07-17 20:35:00,1840.77,1840.91,1839.84,1839.85,110.9376,204164.368428,3260
2026-07-17 20:40:00,1839.85,1842.09,1838.27,1842.09,356.4089,655700.378371,7835
2026-07-17 20:45:00,1842.09,1843.45,1841.44,1841.75,246.5958,454349.570866,5062
2026-07-17 20:50:00,1841.75,1845.41,1841.55,1845.4,495.105,913024.835369,5889
2026-07-17 20:55:00,1845.4,1846.2,1842.68,1842.93,230.8106,425701.411115,5552
2026-07-17 21:00:00,1842.93,1845.19,1842.77,1845.18,87.7852,161916.563278,3004
2026-07-17 21:05:00,1845.18,1845.18,1844.4,1844.75,142.8918,263604.510667,1445
2026-07-17 21:10:00,1844.76,1845.71,1843.61,1844.75,273.5831,504596.382613,3304
2026-07-17 21:15:00,1844.75,1846.26,1844.39,1844.39,161.1224,297323.132128,2472
2026-07-17 21:20:00,1844.39,1846.03,1844.17,1845.5,99.681,183892.229555,2617
2026-07-17 21:25:00,1845.49,1846.65,1844.9,1844.91,154.0088,284262.710133,2435
2026-07-17 21:30:00,1844.91,1844.91,1841.62,1841.94,479.0519,882745.051152,2598
2026-07-17 21:35:00,1841.94,1843.6,1841.62,1842.69,186.9648,344536.251822,2318
2026-07-17 21:40:00,1842.68,1842.76,1841.13,1842.13,269.5166,496413.333132,3664
2026-07-17 21:45:00,1842.13,1842.81,1840.83,1842.56,172.0307,316811.638639,2986
2026-07-17 21:50:00,1842.56,1842.71,1841.15,1841.94,149.344,275083.34843,2683
2026-07-17 21:55:00,1841.94,1842.92,1840.5,1841.54,439.2117,808977.442035,4165
2026-07-17 22:00:00,1841.55,1843.89,1840.28,1840.79,215.4599,396799.088528,6088
2026-07-17 22:05:00,1840.79,1841.84,1840.35,1840.42,136.3958,251126.651296,4075
2026-07-17 22:10:00,1840.43,1842.39,1840.43,1842.04,152.7073,281258.764744,3746
2026-07-17 22:15:00,1842.03,1842.03,1839.0,1840.44,302.0715,555855.261439,4344
2026-07-17 22:20:00,1840.44,1840.77,1840.05,1840.65,241.2087,443964.921068,2622
2026-07-17 22:25:00,1840.65,1840.93,1838.78,1839.32,360.1191,662563.647319,4044
2026-07-17 22:30:00,1839.32,1840.24,1839.31,1839.31,228.4086,420246.015821,4436
2026-07-17 22:35:00,1839.31,1839.31,1838.16,1838.59,194.4587,357571.626425,4406
2026-07-17 22:40:00,1838.59,1839.0,1838.2,1838.2,194.5202,357662.20777,2367
2026-07-17 22:45:00,1838.21,1838.91,1837.62,1838.91,253.4039,465826.513171,1820
2026-07-17 22:50:00,1838.9,1840.21,1838.9,1839.69,176.4582,324620.03416,2955
2026-07-17 22:55:00,1839.7,1840.0,1839.69,1839.95,147.0145,270490.530265,1323
2026-07-17 23:00:00,1839.94,1839.95,1837.19,1837.69,328.9825,604821.324339,5833
2026-07-17 23:05:00,1837.69,1837.99,1836.11,1836.69,367.6656,675415.842778,3809
2026-07-17 23:10:00,1836.69,1836.84,1835.27,1836.83,346.3911,635955.005539,5646
2026-07-17 23:15:00,1836.84,1838.05,1836.84,1837.98,200.2209,367915.190127,2220
2026-07-17 23:20:00,1837.97,1840.36,1837.97,1840.36,176.6605,324932.32561,2106
2026-07-17 23:25:00,1840.35,1841.17,1839.99,1841.17,215.0415,395747.067169,2088
2026-07-17 23:30:00,1841.17,1844.47,1841.17,1844.34,335.656,618498.451305,3662
2026-07-17 23:35:00,1844.34,1844.44,1843.0,1843.01,161.5002,297759.629651,2710
2026-07-17 23:40:00,1843.02,1843.44,1841.71,1842.9,274.2171,505188.254963,2715
2026-07-17 23:45:00,1842.9,1843.64,1841.93,1841.93,715.0712,1317534.985773,3758
2026-07-17 23:50:00,1841.93,1843.31,1841.91,1842.34,209.3703,385786.645804,2571
2026-07-17 23:55:00,1842.33,1842.86,1841.76,1841.93,181.466,334325.966072,2148
2026-07-18 00:00:00,1841.94,1842.59,1840.5,1840.5,266.5341,490820.331299,5237
2026-07-18 00:05:00,1840.51,1841.13,1839.86,1840.48,388.2286,714479.725188,3660
2026-07-18 00:10:00,1840.48,1843.81,1840.48,1843.34,244.8404,451076.6291,2925
2026-07-18 00:15:00,1843.34,1845.0,1843.34,1844.51,122.0743,225102.932171,2922
2026-07-18 00:20:00,1844.51,1844.51,1842.2,1842.97,189.6755,349617.698792,4028
2026-07-18 00:25:00,1842.97,1843.8,1842.86,1842.87,180.6393,332980.042087,2149
2026-07-18 00:30:00,1842.87,1842.87,1841.08,1841.08,150.6256,277441.602217,3220
2026-07-18 00:35:00,1841.08,1841.72,1839.97,1840.7,496.2266,913262.795719,3703
2026-07-18 00:40:00,1840.7,1841.24,1840.49,1841.15,255.2334,469826.382962,2685
2026-07-18 00:45:00,1841.15,1843.38,1841.15,1842.83,168.04,309517.172936,3134
2026-07-18 00:50:00,1842.82,1843.2,1840.31,1840.7,245.5226,452115.678454,3507
2026-07-18 00:55:00,1840.7,1840.93,1840.69,1840.84,103.8405,191157.749985,1865
2026-07-18 01:00:00,1840.84,1841.12,1839.87,1840.99,286.8038,527877.75092,3754
2026-07-18 01:05:00,1841.0,1841.0,1839.38,1840.88,232.7743,428376.214936,4552
2026-07-18 01:10:00,1840.88,1840.95,1839.77,1840.58,172.7551,317934.522832,2525
2026-07-18 01:15:00,1840.59,1841.26,1839.85,1840.24,324.3943,597040.235112,4409
2026-07-18 01:20:00,1840.24,1841.81,1839.47,1841.55,275.1393,506391.095526,3651
2026-07-18 01:25:00,1841.55,1843.38,1841.42,1843.14,155.0682,285710.759368,2875
2026-07-18 01:30:00,1843.15,1843.15,1840.11,1840.36,182.7457,336464.734259,3996
2026-07-18 01:35:00,1840.35,1840.78,1839.61,1840.63,316.106,581708.407328,2973
2026-07-18 01:40:00,1840.64,1841.48,1840.35,1841.47,129.3949,238189.496695,1916
2026-07-18 01:45:00,1841.47,1842.86,1841.47,1842.29,179.1902,330125.423525,2959
2026-07-18 01:50:00,1842.28,1843.39,1842.16,1842.78,143.6783,264781.814379,1827
2026-07-18 01:55:00,1842.78,1843.0,1842.22,1842.48,172.6755,318179.25874,1731
2026-07-18 02:00:00,1842.49,1843.34,1842.06,1842.62,282.9835,521429.466627,2081
2026-07-18 02:05:00,1842.61,1843.29,1841.28,1843.29,217.1046,399918.774717,2473
2026-07-18 02:10:00,1843.28,1844.39,1840.73,1843.64,879.2088,1619732.326394,3775
2026-07-18 02:15:00,1843.64,1844.99,1843.01,1843.02,284.1167,523976.610319,2651
2026-07-18 02:20:00,1843.01,1845.3,1843.01,1844.96,571.3721,1054058.927311,2577
2026-07-18 02:25:00,1844.97,1845.04,1843.86,1843.97,185.5828,342302.988293,1809
2026-07-18 02:30:00,1843.97,1845.66,1843.76,1844.75,302.4394,557833.285207,2528
2026-07-18 02:35:00,1844.76,1846.74,1843.78,1844.82,464.5009,857198.441322,2897
2026-07-18 02:40:00,1844.81,1844.81,1842.4,1842.58,470.9053,868101.422729,2310
2026-07-18 02:45:00,1842.58,1843.32,1842.56,1842.56,278.0876,512497.594599,1834
2026-07-18 02:50:00,1842.56,1842.6,1841.63,1842.59,601.941,1108904.85514,2235
2026-07-18 02:55:00,1842.6,1842.6,1841.84,1841.91,327.6989,603634.895922,1197
2026-07-18 03:00:00,1841.91,1842.24,1841.53,1841.88,141.5744,260760.440837,1169
2026-07-18 03:05:00,1841.87,1844.18,1841.87,1844.13,332.3398,612473.096494,2389
2026-07-18 03:10:00,1844.13,1844.14,1841.46,1843.16,484.1215,892041.04621,2872
2026-07-18 03:15:00,1843.17,1844.58,1842.8,1843.99,676.8059,1247816.994799,2322
2026-07-18 03:20:00,1843.99,1844.36,1843.37,1843.93,343.2591,632879.856476,1958
2026-07-18 03:25:00,1843.92,1843.93,1843.05,1843.55,126.5958,233369.537455,2012
2026-07-18 03:30:00,1843.56,1844.59,1843.15,1843.15,131.1447,241781.661639,2176
2026-07-18 03:35:00,1843.15,1843.29,1842.78,1843.1,116.0218,213835.311965,1074
2026-07-18 03:40:00,1843.09,1844.56,1842.92,1843.16,163.9862,302345.384446,1926
2026-07-18 03:45:00,1843.16,1843.61,1842.68,1843.33,236.4831,435842.111895,1529
2026-07-18 03:50:00,1843.33,1843.47,1842.68,1843.44,98.8211,182130.032416,1489
2026-07-18 03:55:00,1843.43,1846.49,1843.43,1845.96,528.3356,975052.043188,3446
2026-07-18 04:00:00,1845.96,1846.19,1845.0,1845.2,230.5426,425393.557113,3167
2026-07-18 04:05:00,1845.2,1845.69,1845.0,1845.1,129.3246,238640.918036,1391
2026-07-18 04:10:00,1845.1,1845.22,1844.35,1844.66,140.07,258409.289373,1155
2026-07-18 04:15:00,1844.65,1844.65,1843.42,1844.18,216.502,399250.427837,1950
2026-07-18 04:20:00,1844.17,1844.18,1842.57,1843.03,174.3403,321371.855468,1975
2026-07-18 04:25:00,1843.03,1844.87,1843.03,1844.43,183.6347,338580.486223,3375
2026-07-18 04:30:00,1844.43,1844.53,1842.72,1843.76,153.3445,282723.359847,3360
2026-07-18 04:35:00,1843.75,1843.76,1842.56,1843.24,109.4355,201687.258626,3020
2026-07-18 04:40:00,1843.24,1844.12,1843.16,1843.64,109.9616,202719.960128,1779
2026-07-18 04:45:00,1843.64,1844.1,1843.45,1843.88,231.0749,426019.439341,1141
2026-07-18 04:50:00,1843.87,1845.0,1843.76,1844.59,107.3511,197969.002086,1680
2026-07-18 04:55:00,1844.6,1844.93,1844.34,1844.7,46.192,85205.050096,997
2026-07-18 05:00:00,1844.7,1845.0,1843.56,1844.7,131.3149,242165.186873,2392
2026-07-18 05:05:00,1844.71,1845.01,1844.03,1844.03,117.6659,217062.994524,1677
2026-07-18 05:10:00,1844.04,1844.04,1843.42,1843.43,95.0516,175234.237097,677
2026-07-18 05:15:00,1843.42,1843.87,1843.19,1843.6,126.8829,233908.207899,1229
2026-07-18 05:20:00,1843.59,1846.09,1843.54,1845.62,347.4347,640972.613607,3594
2026-07-18 05:25:00,1845.62,1846.68,1845.27,1845.74,213.6324,394384.195073,2929
2026-07-18 05:30:00,1845.74,1846.58,1845.74,1846.29,128.3108,236894.236237,1738
2026-07-18 05:35:00,1846.29,1848.76,1846.28,1846.45,490.0918,905204.882895,4748
2026-07-18 05:40:00,1846.45,1846.45,1845.98,1846.09,166.949,308222.308992,1748
2026-07-18 05:45:00,1846.1,1849.68,1845.88,1847.29,591.995,1094035.013848,6856
2026-07-18 05:50:00,1847.29,1847.82,1845.61,1846.21,554.1733,1023354.310172,4765
2026-07-18 05:55:00,1846.22,1846.22,1844.7,1845.86,461.4832,851514.668913,4714
2026-07-18 06:00:00,1845.85,1846.56,1845.43,1845.77,272.2084,502436.850032,4047
2026-07-18 06:05:00,1845.78,1845.98,1845.12,1845.64,216.1993,399011.626821,1903
2026-07-18 06:10:00,1845.64,1845.64,1844.71,1844.74,461.6185,851743.777084,2246
2026-07-18 06:15:00,1844.74,1847.55,1844.54,1847.48,568.7111,1049663.391627,4978
2026-07-18 06:20:00,1847.47,1848.0,1846.33,1846.34,317.3102,586170.768319,3509
2026-07-18 06:25:00,1846.33,1846.55,1845.78,1846.0,100.5924,185704.80097,1715
2026-07-18 06:30:00,1846.0,1846.11,1843.11,1843.92,260.5286,480477.899969,3160
2026-07-18 06:35:00,1843.91,1844.67,1843.11,1844.48,297.8236,549102.199925,3269
2026-07-18 06:40:00,1844.49,1845.33,1844.49,1844.82,110.5704,203981.294671,1534
2026-07-18 06:45:00,1844.82,1845.21,1844.36,1844.97,167.1817,308406.268857,1965
2026-07-18 06:50:00,1844.97,1845.38,1844.97,1845.17,101.3475,187007.783854,889
2026-07-18 06:55:00,1845.16,1845.49,1844.97,1844.97,104.0847,192056.928329,1126
2026-07-18 07:00:00,1844.98,1846.04,1844.64,1844.64,225.2799,415715.100582,2228
2026-07-18 07:05:00,1844.63,1844.63,1843.21,1844.3,164.6482,303579.737405,2436
2026-07-18 07:10:00,1844.29,1844.31,1843.04,1843.26,129.5143,238794.355156,1731
2026-07-18 07:15:00,1843.25,1844.13,1843.25,1844.13,104.8932,193378.650087,1626
2026-07-18 07:20:00,1844.12,1845.18,1843.69,1845.18,91.9303,169548.593171,1447
2026-07-18 07:25:00,1845.18,1845.65,1845.17,1845.19,108.0478,199387.103611,1184
2026-07-18 07:30:00,1845.19,1845.49,1845.0,1845.14,202.4388,373540.821766,1874
2026-07-18 07:35:00,1845.13,1845.48,1845.13,1845.34,129.7432,239414.651813,1923
2026-07-18 07:40:00,1845.34,1845.35,1845.12,1845.34,188.1827,347239.899364,2790
2026-07-18 07:45:00,1845.35,1845.45,1844.15,1844.16,270.9214,499855.010849,2968
2026-07-18 07:50:00,1844.16,1844.6,1843.5,1843.51,148.0037,272913.763944,3122
2026-07-18 07:55:00,1843.51,1844.24,1843.5,1844.2,194.8327,359285.234497,2546
2026-07-18 08:00:00,1844.2,1844.2,1842.3,1842.6,507.6683,935656.222271,4752
2026-07-18 08:05:00,1842.6,1844.21,1842.6,1843.79,130.0895,239792.416841,1949
2026-07-18 08:10:00,1843.79,1845.33,1843.78,1844.51,286.7526,528962.061859,1612
2026-07-18 08:15:00,1844.5,1845.42,1844.5,1845.14,287.7389,530844.928653,2923
2026-07-18 08:20:00,1845.14,1845.2,1844.38,1845.17,162.0575,298960.5984,2118
2026-07-18 08:25:00,1845.18,1846.95,1845.18,1846.7,201.2349,371517.687535,2290
2026-07-18 08:30:00,1846.7,1849.44,1846.69,1848.76,391.1647,722991.16642,4490
2026-07-18 08:35:00,1848.76,1848.88,1847.48,1848.04,388.231,717523.752261,3330
2026-07-18 08:40:00,1848.05,1848.05,1846.8,1846.8,211.991,391581.59327,1936
2026-07-18 08:45:00,1846.8,1848.03,1846.7,1848.02,135.0629,249489.714961,2089
2026-07-18 08:50:00,1848.02,1848.03,1847.25,1848.03,249.3932,460807.927749,1925
2026-07-18 08:55:00,1848.03,1848.03,1846.98,1847.43,236.9026,437689.56545,1878
2026-07-18 09:00:00,1847.44,1848.03,1846.45,1846.56,196.1088,362286.699125,2751
2026-07-18 09:05:00,1846.55,1847.27,1846.55,1846.55,74.7053,137970.977097,1609
2026-07-18 09:10:00,1846.55,1847.16,1846.07,1846.39,130.468,240910.370109,1938
2026-07-18 09:15:00,1846.38,1846.39,1843.91,1844.18,384.404,709016.929261,3160
2026-07-18 09:20:00,1844.18,1844.19,1842.93,1844.18,255.5177,471048.755003,3484
2026-07-18 09:25:00,1844.17,1844.52,1843.44,1843.62,279.3691,515175.829854,2510
2026-07-18 09:30:00,1843.62,1844.66,1843.45,1844.5,355.6209,655832.785603,3054
2026-07-18 09:35:00,1844.5,1845.2,1844.49,1845.2,131.3184,242254.084728,2054
2026-07-18 09:40:00,1845.2,1845.33,1844.53,1845.05,236.8702,437002.936148,2303
2026-07-18 09:45:00,1845.05,1845.43,1844.9,1844.91,181.5609,335020.328746,1208
2026-07-18 09:50:00,1844.91,1845.41,1844.89,1845.36,137.3059,253336.548509,2178
2026-07-18 09:55:00,1845.37,1845.44,1844.87,1844.87,197.29,364070.03551,1343
2026-07-18 10:00:00,1844.87,1845.07,1844.78,1845.06,152.8218,281936.444309,1253
2026-07-18 10:05:00,1845.06,1845.67,1845.06,1845.45,52.2821,96482.428271,1154
2026-07-18 10:10:00,1845.45,1845.47,1844.45,1844.76,104.2346,192291.92304,1866
2026-07-18 10:15:00,1844.75,1845.01,1844.68,1845.0,87.0714,160625.406531,693
2026-07-18 10:20:00,1845.01,1845.52,1844.37,1845.51,211.5498,390280.033011,1850
2026-07-18 10:25:00,1845.52,1846.67,1845.34,1846.61,759.1598,1401544.16174,2371
2026-07-18 10:30:00,1846.61,1846.72,1845.99,1846.46,310.4284,573224.848445,1527
2026-07-18 10:35:00,1846.46,1846.46,1844.21,1844.84,856.2512,1580262.4711,2681
2026-07-18 10:40:00,1844.84,1844.84,1844.01,1844.69,266.0612,490731.494688,2385
2026-07-18 10:45:00,1844.7,1845.15,1844.69,1845.13,73.6924,135964.963801,894
2026-07-18 10:50:00,1845.13,1845.3,1845.13,1845.25,67.1672,123940.058773,682
2026-07-18 10:55:00,1845.26,1845.74,1845.25,1845.57,81.7687,150907.674783,838
2026-07-18 11:00:00,1845.57,1845.77,1845.0,1845.13,78.8706,145543.347717,1250
2026-07-18 11:05:00,1845.12,1845.91,1845.12,1845.41,77.9473,143851.758955,1368
2026-07-18 11:10:00,1845.4,1845.4,1845.0,1845.11,102.2838,188725.695719,1131
2026-07-18 11:15:00,1845.11,1845.25,1845.02,1845.03,54.0964,99819.045769,607
2026-07-18 11:20:00,1845.02,1845.69,1845.02,1845.69,187.2036,345422.044839,1849
2026-07-18 11:25:00,1845.69,1845.89,1845.53,1845.53,82.68,152610.361708,847
2026-07-18 11:30:00,1845.54,1845.54,1845.02,1845.17,83.1487,153426.6639,914
2026-07-18 11:35:00,1845.16,1845.35,1844.64,1844.72,170.5061,314590.31507,1314
2026-07-18 11:40:00,1844.72,1845.0,1844.37,1844.99,202.2451,373058.018513,1332
2026-07-18 11:45:00,1844.99,1845.72,1844.75,1845.71,96.0391,177220.191466,1242
2026-07-18 11:50:00,1845.72,1845.72,1845.09,1845.6,129.7563,239448.429667,1288
2026-07-18 11:55:00,1845.61,1846.85,1845.56,1845.56,126.3713,233274.321631,1859
2026-07-18 12:00:00,1845.56,1847.94,1845.56,1847.8,452.6659,836175.306974,4025
2026-07-18 12:05:00,1847.81,1850.64,1846.8,1846.81,595.828,1101611.543691,6469
2026-07-18 12:10:00,1846.81,1847.56,1846.54,1846.55,122.5381,226337.756455,2296
2026-07-18 12:15:00,1846.54,1846.78,1843.48,1844.05,505.5396,932656.511486,5091
2026-07-18 12:20:00,1844.05,1844.66,1841.53,1842.03,736.3878,1356831.385549,6201
2026-07-18 12:25:00,1842.04,1842.69,1841.24,1841.34,490.9404,904318.929876,4277
2026-07-18 12:30:00,1841.34,1843.0,1840.17,1842.64,764.9517,1408903.176135,7932
2026-07-18 12:35:00,1842.64,1844.91,1842.44,1844.91,352.4868,649719.798015,4229
2026-07-18 12:40:00,1844.91,1845.01,1844.26,1844.53,180.946,333762.824148,2281
2026-07-18 12:45:00,1844.53,1847.71,1844.36,1846.08,767.8463,1417507.668666,6777
2026-07-18 12:50:00,1846.07,1846.92,1845.87,1846.74,351.9333,649856.279447,2909
2026-07-18 12:55:00,1846.74,1848.16,1844.97,1844.98,600.4482,1108806.520091,4465
2026-07-18 13:00:00,1844.97,1844.97,1842.92,1843.5,368.6758,679805.379257,4609
2026-07-18 13:05:00,1843.49,1843.53,1841.48,1841.74,604.1404,1113230.339009,3815
2026-07-18 13:10:00,1841.74,1841.74,1837.67,1839.25,791.1354,1455324.163374,8831
2026-07-18 13:15:00,1839.26,1841.59,1838.71,1838.97,209.684,385896.963502,6053
2026-07-18 13:20:00,1838.97,1839.6,1837.58,1838.88,348.1614,640090.80465,7676
2026-07-18 13:25:00,1838.88,1841.6,1838.87,1841.36,189.8029,349271.244483,3161
2026-07-18 13:30:00,1841.35,1842.4,1841.0,1841.31,187.55,345364.546989,4548
2026-07-18 13:35:00,1841.3,1842.29,1840.06,1841.99,593.0657,1091851.896381,4957
2026-07-18 13:40:00,1841.98,1842.47,1840.81,1841.57,254.534,468712.817672,3088
2026-07-18 13:45:00,1841.57,1841.87,1840.8,1841.11,223.5119,411603.55255,3460
2026-07-18 13:50:00,1841.11,1841.63,1840.51,1841.4,204.2052,375917.719021,4428
2026-07-18 13:55:00,1841.39,1842.41,1841.3,1841.61,133.2287,245374.867414,3297
2026-07-18 14:00:00,1841.61,1842.68,1840.64,1842.09,398.9461,734750.225627,5668
2026-07-18 14:05:00,1842.1,1842.6,1840.95,1842.22,311.423,573613.503391,5076
2026-07-18 14:10:00,1842.22,1843.92,1842.03,1843.21,285.9394,526999.389844,3417
2026-07-18 14:15:00,1843.21,1843.51,1842.13,1842.81,252.8365,465899.096027,3733
2026-07-18 14:20:00,1842.81,1844.01,1842.8,1843.81,142.8298,263324.146125,2731
2026-07-18 14:25:00,1843.82,1845.53,1843.81,1845.53,254.4312,469365.486129,2628
2026-07-18 14:30:00,1845.52,1846.27,1844.06,1845.89,578.1477,1066954.17085,4799
2026-07-18 14:35:00,1845.89,1846.24,1845.01,1845.29,248.8574,459294.961762,1973
2026-07-18 14:40:00,1845.3,1845.96,1844.77,1845.96,188.279,347417.371091,1814
2026-07-18 14:45:00,1845.97,1845.97,1844.74,1845.49,213.3518,393631.907031,2056
2026-07-18 14:50:00,1845.49,1846.18,1845.06,1845.7,423.042,780841.295575,2823
2026-07-18 14:55:00,1845.71,1846.21,1844.63,1845.95,495.4968,914388.48732,2715
2026-07-18 15:00:00,1845.95,1846.35,1845.21,1845.58,475.3582,877427.09594,2936
2026-07-18 15:05:00,1845.58,1845.96,1845.1,1845.1,303.9678,561025.149904,1851
2026-07-18 15:10:00,1845.11,1845.31,1843.62,1844.57,411.4866,759031.998678,2580
2026-07-18 15:15:00,1844.58,1846.0,1843.96,1843.96,320.0134,590467.496439,3824
2026-07-18 15:20:00,1843.97,1845.39,1843.97,1845.05,387.8064,715524.127411,3583
2026-07-18 15:25:00,1845.06,1845.23,1843.63,1843.64,190.5462,351434.470954,3145
2026-07-18 15:30:00,1843.64,1844.2,1843.22,1843.87,318.5768,587326.485997,3172
2026-07-18 15:35:00,1843.86,1844.59,1843.82,1843.82,131.6985,242879.992868,2349
2026-07-18 15:40:00,1843.83,1844.15,1843.47,1843.53,289.8712,534463.027829,3172
2026-07-18 15:45:00,1843.53,1845.23,1842.12,1845.23,547.2192,1008971.967887,5303
2026-07-18 15:50:00,1845.23,1845.84,1844.16,1844.22,300.2614,554079.225882,3660
2026-07-18 15:55:00,1844.23,1844.69,1843.79,1844.15,125.7814,231967.575797,2686
2026-07-18 16:00:00,1844.15,1844.15,1842.2,1842.2,416.2013,767174.169626,3604
2026-07-18 16:05:00,1842.2,1843.49,1841.99,1843.34,237.4559,437505.467232,3329
2026-07-18 16:10:00,1843.33,1844.35,1843.28,1844.22,104.8804,193371.595332,2259
2026-07-18 16:15:00,1844.21,1844.63,1844.14,1844.14,71.042,131033.528272,1798
2026-07-18 16:20:00,1844.13,1844.13,1842.63,1843.27,167.3115,308420.970985,2853
2026-07-18 16:25:00,1843.27,1843.88,1843.21,1843.6,92.2294,170031.504053,1603
2026-07-18 16:30:00,1843.6,1844.64,1843.21,1843.84,341.7442,630279.126073,2674
2026-07-18 16:35:00,1843.83,1845.3,1842.65,1842.65,175.8429,324308.933561,2955
2026-07-18 16:40:00,1842.66,1843.5,1842.65,1843.5,78.9413,145496.805195,2045
2026-07-18 16:45:00,1843.49,1844.82,1843.49,1844.63,121.6765,224409.226399,3274
2026-07-18 16:50:00,1844.64,1846.7,1841.51,1845.96,1335.7461,2463779.159488,11437
2026-07-18 16:55:00,1845.97,1847.14,1845.55,1846.11,264.4918,488342.694669,5320
2026-07-18 17:00:00,1846.11,1846.36,1845.01,1845.52,205.1505,378644.418715,6406
2026-07-18 17:05:00,1845.52,1845.98,1845.0,1845.14,245.266,452650.379365,4156
2026-07-18 17:10:00,1845.13,1846.29,1845.0,1846.09,250.3962,462203.731742,3663
2026-07-18 17:15:00,1846.09,1847.14,1846.06,1846.93,395.0175,729496.366146,4783
2026-07-18 17:20:00,1846.94,1848.75,1843.77,1844.5,524.9614,968927.274816,8113
2026-07-18 17:25:00,1844.5,1844.51,1843.54,1844.04,142.2507,262318.368275,2567
2026-07-18 17:30:00,1844.03,1846.04,1844.03,1845.8,257.5511,475305.804534,2844
2026-07-18 17:35:00,1845.8,1848.76,1845.8,1848.76,393.4843,726912.585789,4372
2026-07-18 17:40:00,1848.76,1850.29,1848.2,1849.51,654.1056,1209597.914152,4993
2026-07-18 17:45:00,1849.51,1853.48,1849.01,1851.59,1080.571,2000582.811201,7549
2026-07-18 17:50:00,1851.59,1852.39,1850.0,1851.39,454.6403,841706.939101,4548
2026-07-18 17:55:00,1851.39,1853.09,1851.13,1852.82,442.003,818740.028317,3654
2026-07-18 18:00:00,1852.83,1853.12,1851.21,1852.34,387.4025,717519.458716,2984
2026-07-18 18:05:00,1852.34,1852.34,1850.82,1851.13,367.4909,680420.73595,2487
2026-07-18 18:10:00,1851.12,1851.41,1850.22,1850.23,233.6619,432458.023646,1861
2026-07-18 18:15:00,1850.23,1852.0,1850.01,1851.65,325.1033,601722.349211,2337
2026-07-18 18:20:00,1851.65,1858.78,1850.36,1858.04,3556.5505,6592320.890404,9073
2026-07-18 18:25:00,1858.04,1867.58,1857.99,1859.16,4769.8816,8885510.311182,26466
2026-07-18 18:30:00,1859.16,1859.68,1855.4,1855.89,1324.8181,2460360.100976,12789
2026-07-18 18:35:00,1855.9,1856.24,1854.42,1854.73,493.2537,915308.629559,5087
2026-07-18 18:40:00,1854.74,1855.51,1854.39,1855.13,495.341,918750.369238,5596
2026-07-18 18:45:00,1855.13,1857.73,1855.12,1856.49,388.9275,721996.656057,6026
2026-07-18 18:50:00,1856.49,1857.73,1856.26,1856.52,598.1939,1110914.082143,4891
2026-07-18 18:55:00,1856.52,1859.21,1854.93,1857.54,1181.4257,2193640.368825,11128
2026-07-18 19:00:00,1857.53,1860.76,1857.49,1858.72,654.1708,1215927.638186,7462
2026-07-18 19:05:00,1858.71,1860.44,1858.71,1858.72,204.6728,380633.242664,4224
2026-07-18 19:10:00,1858.73,1858.95,1856.99,1858.94,335.8213,623961.16537,5887
2026-07-18 19:15:00,1858.94,1861.4,1858.25,1859.36,1102.2596,2049619.839234,7245
2026-07-18 19:20:00,1859.37,1859.37,1856.28,1856.41,443.0361,823300.153725,3871
2026-07-18 19:25:00,1856.41,1857.33,1856.22,1856.91,153.5937,285174.759677,2477
2026-07-18 19:30:00,1856.91,1857.67,1855.92,1857.67,585.2841,1086751.748008,5425
2026-07-18 19:35:00,1857.68,1859.06,1857.68,1858.16,204.5232,380119.642112,3132
2026-07-18 19:40:00,1858.15,1858.15,1857.16,1858.02,112.5046,208997.236249,2239
2026-07-18 19:45:00,1858.03,1858.79,1858.02,1858.36,143.7916,267243.371808,1955
2026-07-18 19:50:00,1858.36,1859.0,1857.09,1857.99,499.409,927797.231177,2535
2026-07-18 19:55:00,1858.0,1858.45,1857.92,1858.45,297.7034,553154.964707,1455
2026-07-18 20:00:00,1858.45,1858.94,1857.16,1858.05,329.8426,612993.467103,2975
2026-07-18 20:05:00,1858.04,1858.31,1857.15,1857.61,447.4117,831211.693616,2977
2026-07-18 20:10:00,1857.6,1860.3,1857.6,1859.81,288.8438,537015.216826,2307
2026-07-18 20:15:00,1859.8,1861.36,1859.34,1861.22,478.4665,889999.2237,2840
2026-07-18 20:20:00,1861.22,1863.37,1860.93,1860.93,509.4199,948661.344133,4467
2026-07-18 20:25:00,1860.93,1861.21,1859.14,1859.47,291.5253,542169.129639,1961
2026-07-18 20:30:00,1859.47,1859.47,1858.47,1858.81,181.5544,337486.418916,1707
2026-07-18 20:35:00,1858.8,1858.81,1856.53,1857.25,361.6686,671719.997964,2792
2026-07-18 20:40:00,1857.26,1858.03,1857.04,1857.92,271.085,503594.835482,1488
2026-07-18 20:45:00,1857.93,1858.03,1856.25,1856.52,374.0235,694654.288444,1815
2026-07-18 20:50:00,1856.52,1858.03,1855.47,1857.91,372.1498,690883.414323,2833
2026-07-18 20:55:00,1857.91,1857.99,1857.24,1857.34,228.2953,424090.669954,2168
2026-07-18 21:00:00,1857.35,1857.92,1856.99,1857.91,223.069,414326.14415,2677
2026-07-18 21:05:00,1857.92,1858.79,1855.96,1857.05,486.9721,904592.767149,3935
2026-07-18 21:10:00,1857.05,1862.3,1857.05,1862.3,409.019,760607.173871,5586
2026-07-18 21:15:00,1862.31,1863.18,1860.72,1862.19,390.6884,727457.696126,5161
2026-07-18 21:20:00,1862.19,1862.31,1859.46,1859.47,217.8294,405297.650783,2556
2026-07-18 21:25:00,1859.46,1860.81,1859.28,1859.77,250.3546,465660.946482,2101
2026-07-18 21:30:00,1859.78,1859.84,1858.42,1859.43,215.4787,400596.243663,1926
2026-07-18 21:35:00,1859.42,1859.54,1857.92,1859.06,251.1225,466807.040173,1866
2026-07-18 21:40:00,1859.05,1859.97,1858.0,1858.24,390.797,726515.033683,2537
2026-07-18 21:45:00,1858.24,1858.94,1857.0,1858.67,391.6071,727554.450033,6031
2026-07-18 21:50:00,1858.67,1863.07,1858.66,1861.97,595.0009,1107233.250004,6154
2026-07-18 21:55:00,1861.97,1862.47,1860.97,1860.97,333.0021,619974.434638,3245
2026-07-18 22:00:00,1860.97,1863.37,1859.9,1863.32,440.7829,820671.282699,4708
2026-07-18 22:05:00,1863.33,1864.38,1861.58,1863.37,288.7616,537977.587085,3573
2026-07-18 22:10:00,1863.37,1865.86,1862.95,1863.18,493.6158,920237.745905,4470
2026-07-18 22:15:00,1863.18,1863.18,1862.21,1863.09,111.4432,207590.214199,1874
2026-07-18 22:20:00,1863.09,1864.59,1862.23,1862.32,218.8351,407860.923292,2676
2026-07-18 22:25:00,1862.32,1862.61,1861.31,1861.31,393.0735,731868.351621,1861
2026-07-18 22:30:00,1861.3,1862.23,1860.5,1861.75,213.5921,397582.965626,2575
2026-07-18 22:35:00,1861.75,1861.95,1860.59,1861.95,182.0894,338914.199345,2245
2026-07-18 22:40:00,1861.94,1863.03,1861.94,1862.68,189.9348,353766.29114,1810
2026-07-18 22:45:00,1862.68,1862.68,1861.57,1862.55,217.841,405666.301732,2039
2026-07-18 22:50:00,1862.55,1864.34,1862.54,1862.54,300.3132,559626.530154,3165
2026-07-18 22:55:00,1862.54,1864.77,1862.37,1863.7,327.9751,611238.115902,2241
2026-07-18 23:00:00,1863.7,1864.45,1863.24,1863.68,137.5318,256325.472313,1600
2026-07-18 23:05:00,1863.69,1864.18,1861.29,1861.55,241.3022,449473.477131,2173
2026-07-18 23:10:00,1861.54,1861.79,1860.1,1860.71,290.1602,539924.635196,2410
2026-07-18 23:15:00,1860.72,1861.94,1860.21,1861.94,192.9844,359185.042238,1653
2026-07-18 23:20:00,1861.93,1863.18,1861.93,1862.38,211.4098,393790.945906,1943
2026-07-18 23:25:00,1862.39,1863.46,1862.39,1863.18,99.6875,185695.339976,1286
2026-07-18 23:30:00,1863.18,1863.18,1861.75,1862.08,135.1976,251787.526192,1305
2026-07-18 23:35:00,1862.09,1862.68,1861.66,1862.68,66.159,123192.940154,806
2026-07-18 23:40:00,1862.67,1862.67,1861.23,1861.92,189.1977,352255.558983,1762
2026-07-18 23:45:00,1861.92,1862.46,1861.51,1862.09,132.3442,246438.418938,1750
2026-07-18 23:50:00,1862.09,1862.1,1861.11,1861.66,138.2966,257433.75249,1494
2026-07-18 23:55:00,1861.67,1863.0,1861.67,1862.61,174.5381,325058.913029,1340
2026-07-19 00:00:00,1862.61,1863.25,1862.31,1862.32,200.9208,374286.257434,1476
2026-07-19 00:05:00,1862.31,1862.93,1862.09,1862.92,230.7031,429667.347708,1404
2026-07-19 00:10:00,1862.92,1862.93,1862.4,1862.4,156.773,292031.043076,778
2026-07-19 00:15:00,1862.4,1862.73,1862.31,1862.31,130.4084,242889.747848,601
2026-07-19 00:20:00,1862.31,1862.47,1861.23,1862.17,461.729,859687.103483,1784
2026-07-19 00:25:00,1862.19,1863.88,1859.35,1859.5,557.3241,1037242.219371,4519
2026-07-19 00:30:00,1859.49,1861.29,1859.49,1859.99,313.6079,583429.220119,2699
2026-07-19 00:35:00,1860.0,1860.0,1859.2,1859.9,245.9385,457380.160238,1693
2026-07-19 00:40:00,1859.9,1860.51,1859.46,1859.89,235.8324,438646.070176,1658
2026-07-19 00:45:00,1859.9,1861.82,1859.56,1861.15,211.0109,392672.459555,2672
2026-07-19 00:50:00,1861.15,1863.15,1861.15,1862.34,209.1428,389460.968743,2651
2026-07-19 00:55:00,1862.34,1862.34,1860.74,1861.45,201.1135,374368.6686,2289
2026-07-19 01:00:00,1861.45,1861.53,1859.82,1860.61,234.1328,435625.616226,3140
2026-07-19 01:05:00,1860.61,1860.74,1859.99,1860.34,127.7181,237596.085517,1398
2026-07-19 01:10:00,1860.33,1860.49,1860.2,1860.49,143.1511,266308.674819,1147
2026-07-19 01:15:00,1860.5,1861.15,1859.47,1860.71,1201.6056,2235377.826819,2565
2026-07-19 01:20:00,1860.7,1860.71,1859.79,1860.12,404.0133,751579.19291,3090
2026-07-19 01:25:00,1860.13,1861.44,1859.78,1859.78,2039.1239,3793413.802363,3675
2026-07-19 01:30:00,1859.77,1860.24,1858.3,1860.24,1671.0349,3107328.205634,2904
2026-07-19 01:35:00,1860.25,1860.6,1859.45,1859.46,404.104,751700.933601,3000
2026-07-19 01:40:00,1859.45,1859.46,1858.58,1859.06,231.7072,430739.483463,1987
2026-07-19 01:45:00,1859.06,1859.65,1858.64,1858.69,766.0367,1424232.922728,2307
2026-07-19 01:50:00,1858.7,1860.12,1858.69,1859.6,566.8552,1054211.921038,2542
2026-07-19 01:55:00,1859.59,1859.59,1858.76,1859.18,180.8708,336243.82269,1680
2026-07-19 02:00:00,1859.19,1863.54,1858.17,1862.42,613.4304,1141560.44647,7370
2026-07-19 02:05:00,1862.43,1872.79,1862.43,1866.87,3068.2726,5733339.013327,21593
2026-07-19 02:10:00,1866.87,1871.94,1866.87,1870.65,748.1062,1398627.994013,10654
2026-07-19 02:15:00,1870.66,1873.0,1867.45,1867.46,1116.4369,2087354.306057,11112
2026-07-19 02:20:00,1867.46,1868.67,1867.31,1867.58,649.6529,1213455.247126,5902
2026-07-19 02:25:00,1867.58,1868.47,1867.57,1868.09,263.6761,492593.893797,2069
2026-07-19 02:30:00,1868.1,1876.57,1868.1,1873.18,1468.3349,2750911.976349,13350
2026-07-19 02:35:00,1873.17,1877.33,1873.17,1874.42,1247.6279,2339916.534945,13405
2026-07-19 02:40:00,1874.43,1874.9,1872.0,1872.86,426.592,799094.573068,4964
2026-07-19 02:45:00,1872.86,1873.48,1871.17,1871.93,417.5272,781728.947102,4500
2026-07-19 02:50:00,1871.94,1874.37,1871.42,1873.45,602.2329,1127601.379305,4586
2026-07-19 02:55:00,1873.46,1873.8,1871.44,1871.44,419.948,786338.109368,3217
2026-07-19 03:00:00,1871.45,1872.99,1870.29,1870.36,839.1537,1569891.615022,5155
2026-07-19 03:05:00,1870.36,1870.37,1868.27,1868.64,655.7008,1225675.963729,4761
2026-07-19 03:10:00,1868.64,1869.42,1867.99,1868.0,195.7421,365741.655913,3013
2026-07-19 03:15:00,1868.0,1868.0,1864.17,1865.46,942.6253,1758858.45289,9668
2026-07-19 03:20:00,1865.45,1865.96,1863.84,1864.16,349.0316,650878.863081,5092
2026-07-19 03:25:00,1864.17,1865.71,1863.84,1865.39,226.9328,423221.437919,2823
2026-07-19 03:30:00,1865.39,1867.11,1865.38,1865.82,309.1126,576922.085167,4454
2026-07-19 03:35:00,1865.82,1866.87,1865.33,1865.55,901.415,1682221.515594,4433
2026-07-19 03:40:00,1865.54,1866.19,1864.85,1865.54,158.3985,295523.433454,2457
2026-07-19 03:45:00,1865.55,1866.54,1864.49,1866.31,380.5438,709711.6732,2911
2026-07-19 03:50:00,1866.3,1866.84,1866.3,1866.43,84.8613,158397.782069,1131
2026-07-19 03:55:00,1866.43,1867.08,1865.73,1867.08,177.2816,330870.786171,1727
2026-07-19 04:00:00,1867.08,1868.51,1866.24,1866.71,604.1983,1128247.175535,4741
2026-07-19 04:05:00,1866.71,1867.08,1865.47,1865.83,285.5186,532755.90925,2246
2026-07-19 04:10:00,1865.83,1865.83,1864.21,1865.49,430.5312,802967.56545,2429
2026-07-19 04:15:00,1865.5,1866.33,1865.5,1865.94,128.7797,240306.214745,1798
2026-07-19 04:20:00,1865.94,1867.09,1865.5,1865.71,370.8795,692309.013045,1831
2026-07-19 04:25:00,1865.71,1866.84,1865.51,1866.83,507.4239,946833.070339,2079
2026-07-19 04:30:00,1866.84,1867.23,1866.14,1867.22,109.1712,203797.97789,1415
2026-07-19 04:35:00,1867.22,1870.2,1867.15,1869.36,193.1314,360873.494739,3126
2026-07-19 04:40:00,1869.36,1869.37,1868.12,1868.42,154.1954,288114.132309,1330
2026-07-19 04:45:00,1868.42,1870.2,1868.41,1869.01,271.859,508155.727209,2147
2026-07-19 04:50:00,1869.01,1869.02,1866.63,1866.64,247.0804,461451.750436,1474
2026-07-19 04:55:00,1866.63,1867.5,1866.62,1867.33,176.3351,329209.131836,802
2026-07-19 05:00:00,1867.32,1869.84,1867.32,1869.34,341.8738,638910.003376,2610
2026-07-19 05:05:00,1869.34,1869.6,1868.36,1868.8,216.7903,405152.9447,1859
2026-07-19 05:10:00,1868.79,1870.15,1868.79,1870.15,130.1743,243376.521702,1318
2026-07-19 05:15:00,1870.15,1870.2,1868.86,1869.41,290.5985,543318.465221,2453
2026-07-19 05:20:00,1869.42,1869.42,1868.85,1869.18,176.7661,330420.398616,946
2026-07-19 05:25:00,1869.18,1869.93,1867.96,1868.31,303.0444,566367.737787,2498
2026-07-19 05:30:00,1868.31,1868.31,1866.85,1866.85,198.9637,371582.000087,1474
2026-07-19 05:35:00,1866.85,1867.49,1865.61,1867.48,316.6127,590942.753401,2636
2026-07-19 05:40:00,1867.48,1867.9,1867.3,1867.66,126.0646,235433.500948,933
2026-07-19 05:45:00,1867.65,1869.19,1867.65,1869.05,176.4514,329727.064124,1490
2026-07-19 05:50:00,1869.06,1870.12,1869.05,1869.36,265.4864,496396.366555,2113
2026-07-19 05:55:00,1869.36,1869.6,1868.55,1868.56,229.6995,429342.017995,1440
2026-07-19 06:00:00,1868.55,1869.19,1868.2,1868.85,349.6577,653386.054096,1813
2026-07-19 06:05:00,1868.85,1869.34,1868.83,1868.91,116.028,216857.056003,1247
2026-07-19 06:10:00,1868.91,1870.07,1868.57,1869.58,196.8337,367932.484039,1642
2026-07-19 06:15:00,1869.57,1869.9,1868.8,1869.22,153.0116,286061.35175,1607
2026-07-19 06:20:00,1869.22,1870.8,1869.07,1870.8,239.8353,448527.183732,1449
2026-07-19 06:25:00,1870.8,1870.8,1868.65,1869.4,280.4568,524287.334411,3374
2026-07-19 06:30:00,1869.39,1871.43,1868.7,1870.45,238.4313,445910.208252,3001
2026-07-19 06:35:00,1870.46,1870.71,1869.74,1870.24,391.3094,731839.42927,2151
2026-07-19 06:40:00,1870.24,1870.38,1869.62,1870.38,248.3039,464345.245175,1088
2026-07-19 06:45:00,1870.37,1870.61,1868.71,1869.17,350.244,654801.698363,2260
2026-07-19 06:50:00,1869.17,1869.8,1868.97,1869.29,160.966,300912.855644,1591
2026-07-19 06:55:00,1869.28,1869.76,1869.13,1869.39,153.4134,286789.544544,1108
2026-07-19 07:00:00,1869.39,1869.39,1868.79,1868.79,307.2542,574286.332978,1284
2026-07-19 07:05:00,1868.79,1868.8,1867.55,1868.27,414.8812,775148.076933,2696
2026-07-19 07:10:00,1868.26,1868.26,1867.14,1868.04,216.1364,403674.45753,2738
2026-07-19 07:15:00,1868.03,1868.85,1867.52,1868.85,717.1868,1339813.316307,4378
2026-07-19 07:20:00,1868.85,1869.69,1868.61,1869.05,904.3531,1690425.945679,4431
2026-07-19 07:25:00,1869.05,1869.68,1869.05,1869.55,409.1357,764835.372722,2300
2026-07-19 07:30:00,1869.55,1869.55,1868.68,1869.51,252.6714,472194.972333,1959
2026-07-19 07:35:00,1869.52,1871.6,1869.17,1871.27,1033.9329,1933675.273106,3919
2026-07-19 07:40:00,1871.28,1871.99,1870.74,1871.0,630.7017,1180255.590631,3513
2026-07-19 07:45:00,1871.01,1871.12,1869.03,1869.67,2178.0117,4073940.457214,2162
2026-07-19 07:50:00,1869.68,1870.12,1869.36,1869.94,525.0997,981833.894481,2150
2026-07-19 07:55:00,1869.94,1870.69,1868.81,1870.25,421.2571,787629.975804,2929
2026-07-19 08:00:00,1870.26,1870.34,1868.22,1869.38,302.4616,565355.028142,2934
2026-07-19 08:05:00,1869.37,1870.1,1868.76,1869.18,202.2816,378104.298304,1945
2026-07-19 08:10:00,1869.17,1871.19,1869.17,1870.69,288.942,540358.126155,2465
2026-07-19 08:15:00,1870.69,1870.69,1868.6,1868.61,190.9631,357029.216314,2676
2026-07-19 08:20:00,1868.61,1868.77,1867.81,1868.77,411.0362,767896.396691,3165
2026-07-19 08:25:00,1868.76,1869.26,1868.76,1869.03,79.0867,147821.323128,648
2026-07-19 08:30:00,1869.03,1869.48,1869.0,1869.0,147.4889,275710.83584,1039
2026-07-19 08:35:00,1869.01,1869.67,1867.76,1869.11,357.7912,668494.637003,4193
2026-07-19 08:40:00,1869.11,1871.11,1869.11,1870.6,545.3907,1020102.400406,3638
2026-07-19 08:45:00,1870.61,1873.45,1870.6,1872.84,641.4641,1200867.320758,3002
2026-07-19 08:50:00,1872.84,1875.33,1872.47,1872.58,1297.7958,2432150.097363,8111
2026-07-19 08:55:00,1872.58,1873.89,1871.94,1873.88,429.1965,803759.430648,3043
2026-07-19 09:00:00,1873.89,1874.17,1873.3,1873.32,272.2071,510012.799905,2017
2026-07-19 09:05:00,1873.33,1873.63,1872.64,1872.88,303.3289,568173.961589,2062
2026-07-19 09:10:00,1872.88,1872.88,1871.0,1871.21,246.8678,462136.1231,2488
2026-07-19 09:15:00,1871.21,1871.21,1866.68,1866.92,624.518,1167308.252972,3896
2026-07-19 09:20:00,1866.92,1868.48,1866.37,1868.48,415.5149,775879.216822,3676
2026-07-19 09:25:00,1868.47,1868.85,1868.47,1868.85,129.4746,241937.468977,808
2026-07-19 09:30:00,1868.84,1870.39,1868.79,1869.25,495.2143,925741.573922,4403
2026-07-19 09:35:00,1869.26,1870.36,1867.2,1867.2,347.4676,649382.73526,5518
2026-07-19 09:40:00,1867.2,1867.41,1865.82,1866.47,398.9968,744885.007148,5872
2026-07-19 09:45:00,1866.48,1867.62,1866.12,1867.53,246.4295,460042.31714,3379
2026-07-19 09:50:00,1867.54,1868.26,1865.18,1866.12,1039.1637,1939496.062726,5006
2026-07-19 09:55:00,1866.12,1866.74,1864.55,1866.16,484.8431,904502.533598,3758
2026-07-19 10:00:00,1866.15,1867.57,1863.46,1867.57,754.9848,1408010.143619,6675
2026-07-19 10:05:00,1867.57,1867.57,1865.95,1865.96,385.3798,719336.153667,4530
2026-07-19 10:10:00,1865.96,1866.96,1865.96,1866.26,339.8238,634297.533584,3756
2026-07-19 10:15:00,1866.26,1867.34,1866.24,1867.34,231.2194,431566.192686,3063
2026-07-19 10:20:00,1867.33,1867.5,1866.74,1866.75,193.8104,361868.517032,2704
2026-07-19 10:25:00,1866.74,1868.56,1866.02,1868.34,332.9909,621727.983869,3779
2026-07-19 10:30:00,1868.33,1868.34,1867.3,1868.07,117.8103,220046.075208,1987
2026-07-19 10:35:00,1868.08,1868.85,1867.78,1868.35,119.4054,223084.843921,2230
2026-07-19 10:40:00,1868.36,1872.62,1868.35,1871.91,638.6723,1194673.769696,5173
2026-07-19 10:45:00,1871.92,1879.38,1871.91,1873.61,1797.7561,3371963.768648,16470
2026-07-19 10:50:00,1873.61,1874.94,1872.68,1873.76,588.4562,1102648.337592,7693
2026-07-19 10:55:00,1873.75,1874.13,1871.95,1872.25,128.3423,240375.706727,3195
2026-07-19 11:00:00,1872.25,1874.74,1870.0,1874.63,545.4449,1021086.432451,6790
2026-07-19 11:05:00,1874.64,1877.05,1873.87,1875.82,941.2447,1764915.80117,8207
2026-07-19 11:10:00,1875.82,1876.19,1874.09,1875.26,491.803,922219.457924,4738
2026-07-19 11:15:00,1875.26,1876.75,1874.13,1876.36,307.7585,577197.655115,5203
2026-07-19 11:20:00,1876.36,1878.86,1875.98,1876.98,998.6193,1874564.193552,8635
2026-07-19 11:25:00,1876.97,1876.97,1874.88,1875.94,406.4384,762205.237628,4963
2026-07-19 11:30:00,1875.93,1876.71,1875.01,1876.21,259.0987,486062.193499,5387
2026-07-19 11:35:00,1876.22,1877.5,1875.0,1875.51,719.0383,1349217.424886,5268
2026-07-19 11:40:00,1875.51,1875.71,1874.43,1875.46,383.8091,719645.114061,4043
2026-07-19 11:45:00,1875.46,1875.97,1872.87,1872.87,375.0038,702903.522495,4029
2026-07-19 11:50:00,1872.88,1872.95,1871.71,1871.71,430.4835,805931.683815,4129
2026-07-19 11:55:00,1871.72,1871.92,1870.41,1871.41,438.1381,819890.286584,4843
2026-07-19 12:00:00,1871.4,1871.71,1868.31,1869.24,523.1763,978099.937776,10037
2026-07-19 12:05:00,1869.25,1869.31,1864.77,1865.47,1577.9607,2946753.738404,12035
2026-07-19 12:10:00,1865.47,1866.55,1865.03,1865.03,417.8501,779598.875161,4511
2026-07-19 12:15:00,1865.03,1868.73,1864.47,1868.27,800.2656,1494378.494603,6084
2026-07-19 12:20:00,1868.27,1873.59,1868.14,1873.59,982.1816,1837281.854217,5598
2026-07-19 12:25:00,1873.59,1874.34,1867.93,1868.6,663.4082,1240892.998487,5711
2026-07-19 12:30:00,1868.61,1872.38,1868.61,1871.22,641.5479,1199800.030041,4314
2026-07-19 12:35:00,1871.23,1874.16,1871.11,1872.73,295.5046,553261.838212,4302
2026-07-19 12:40:00,1872.73,1872.74,1870.15,1871.01,223.5593,418254.365918,3409
2026-07-19 12:45:00,1871.0,1871.0,1868.68,1869.16,182.0597,340421.179068,2918
2026-07-19 12:50:00,1869.16,1871.3,1869.16,1870.59,262.7117,491309.111673,3016
2026-07-19 12:55:00,1870.6,1871.73,1870.05,1870.38,213.7304,399853.455163,1695
2026-07-19 13:00:00,1870.39,1870.78,1866.84,1868.15,491.467,918252.166135,4489
2026-07-19 13:05:00,1868.15,1868.92,1867.13,1867.83,360.4758,673216.759147,2606
2026-07-19 13:10:00,1867.83,1867.83,1866.1,1867.36,306.7057,572599.335683,2670
2026-07-19 13:15:00,1867.36,1868.25,1865.89,1867.27,436.4645,814937.175169,3945
2026-07-19 13:20:00,1867.28,1868.26,1866.89,1867.31,274.3256,512338.570961,3063
2026-07-19 13:25:00,1867.31,1869.37,1867.05,1869.01,294.5462,550205.755328,3090
2026-07-19 13:30:00,1869.01,1872.59,1868.87,1871.56,530.738,992842.961829,7761
2026-07-19 13:35:00,1871.57,1871.57,1868.36,1869.04,397.4737,743125.253911,5782
2026-07-19 13:40:00,1869.04,1869.88,1868.26,1869.31,420.0481,785087.942024,4242
2026-07-19 13:45:00,1869.31,1871.9,1869.13,1871.57,348.0091,651137.417181,7236
2026-07-19 13:50:00,1871.56,1873.77,1871.56,1872.12,403.4092,755464.205104,7728
2026-07-19 13:55:00,1872.11,1872.64,1871.74,1871.83,196.784,368404.385554,5083
2026-07-19 14:00:00,1871.83,1873.88,1870.88,1873.88,561.6785,1051557.144852,9898
2026-07-19 14:05:00,1873.87,1874.04,1872.26,1872.39,309.1038,579079.126678,4065
2026-07-19 14:10:00,1872.38,1874.39,1872.38,1873.49,624.3827,1169693.977588,5774
2026-07-19 14:15:00,1873.49,1874.22,1870.84,1871.59,381.7747,714694.15327,6195
2026-07-19 14:20:00,1871.58,1871.59,1868.89,1870.31,282.5055,528302.193802,5450
2026-07-19 14:25:00,1870.32,1872.0,1868.89,1871.61,359.4423,672317.442792,4301
2026-07-19 14:30:00,1871.62,1874.77,1871.2,1874.77,182.1609,341237.004311,3430
2026-07-19 14:35:00,1874.77,1876.42,1873.07,1873.49,1018.259,1908906.560769,7093
2026-07-19 14:40:00,1873.49,1873.83,1872.23,1873.83,214.5328,401829.282137,1725
2026-07-19 14:45:00,1873.83,1877.25,1873.49,1876.74,598.6315,1122859.056043,5034
2026-07-19 14:50:00,1876.68,1879.26,1874.46,1875.29,1201.4786,2254872.245071,6910
2026-07-19 14:55:00,1875.29,1875.8,1874.5,1874.69,218.7996,410295.823521,3388
2026-07-19 15:00:00,1874.69,1876.0,1874.31,1874.32,656.1425,1230296.274627,5350
2026-07-19 15:05:00,1874.31,1875.56,1873.22,1873.22,632.2715,1185211.223438,6107
2026-07-19 15:10:00,1873.21,1875.16,1872.91,1874.4,259.4035,486202.710195,4261
2026-07-19 15:15:00,1874.41,1875.27,1872.33,1873.09,608.4346,1139817.780024,5545
2026-07-19 15:20:00,1873.09,1873.09,1871.54,1872.14,248.2858,464862.238837,3806
2026-07-19 15:25:00,1872.14,1872.14,1868.93,1869.61,726.1107,1358051.597446,4297
2026-07-19 15:30:00,1869.61,1872.12,1869.6,1870.94,2075.6399,3881773.056284,5925
2026-07-19 15:35:00,1870.94,1872.84,1870.94,1872.76,286.0152,535450.389714,4213
2026-07-19 15:40:00,1872.77,1873.91,1872.07,1872.08,333.0935,623900.480049,3196
2026-07-19 15:45:00,1872.08,1872.51,1871.21,1871.72,217.0485,406269.883174,1965
2026-07-19 15:50:00,1871.73,1871.73,1870.24,1871.71,224.3771,419830.054707,2081
2026-07-19 15:55:00,1871.7,1871.71,1870.44,1870.91,279.1069,522150.393855,1913
2026-07-19 16:00:00,1870.91,1872.41,1868.28,1872.41,683.4467,1278166.723556,5708
2026-07-19 16:05:00,1872.4,1873.59,1868.83,1870.04,414.6039,775710.035244,6093
2026-07-19 16:10:00,1870.05,1871.19,1869.53,1870.47,243.7049,455855.05244,3624
2026-07-19 16:15:00,1870.47,1870.48,1869.05,1869.83,397.262,742754.821542,3849
2026-07-19 16:20:00,1869.83,1872.24,1869.78,1871.77,746.0279,1396083.660219,4713
2026-07-19 16:25:00,1871.76,1871.77,1869.86,1870.45,222.5994,416351.208286,2096
2026-07-19 16:30:00,1870.45,1870.46,1867.11,1868.29,487.2251,910321.1118,4047
2026-07-19 16:35:00,1868.28,1868.78,1867.31,1867.68,543.1948,1014647.957979,4592
2026-07-19 16:40:00,1867.67,1868.69,1867.67,1868.61,297.0667,554965.464681,4942
2026-07-19 16:45:00,1868.61,1869.15,1868.02,1868.11,228.2858,426540.746746,4309
2026-07-19 16:50:00,1868.11,1868.21,1866.0,1866.36,622.0316,1161336.856446,7915
2026-07-19 16:55:00,1866.35,1867.55,1866.0,1866.8,335.3577,626013.622081,4760
2026-07-19 17:00:00,1866.8,1867.21,1857.77,1864.05,2799.5567,5210720.547084,28200
2026-07-19 17:05:00,1864.04,1868.6,1863.31,1866.84,1223.4595,2284520.927909,12168
2026-07-19 17:10:00,1866.84,1872.0,1866.3,1871.57,681.9534,1274875.118256,13196
2026-07-19 17:15:00,1871.56,1873.85,1867.89,1868.48,942.4812,1763352.933067,13438
2026-07-19 17:20:00,1868.48,1869.67,1867.9,1869.01,660.2898,1233804.42482,6847
2026-07-19 17:25:00,1869.01,1870.07,1868.83,1870.07,186.275,348232.928964,4897
2026-07-19 17:30:00,1870.06,1873.54,1869.51,1872.14,448.6944,839998.731054,8827
2026-07-19 17:35:00,1872.14,1873.48,1872.02,1872.35,457.3311,856402.348341,5968
2026-07-19 17:40:00,1872.34,1872.34,1868.87,1869.58,376.42,703864.918983,6414
2026-07-19 17:45:00,1869.59,1869.96,1868.84,1869.43,200.3507,374538.546136,5078
2026-07-19 17:50:00,1869.43,1869.43,1867.89,1868.96,449.4765,839965.859058,5325
2026-07-19 17:55:00,1868.97,1869.13,1867.23,1867.23,146.6991,274059.243629,3223
2026-07-19 18:00:00,1867.23,1867.7,1861.33,1862.95,1352.5769,2521872.691335,12641
2026-07-19 18:05:00,1862.94,1863.0,1851.71,1861.89,3157.8041,5866501.504561,30828
2026-07-19 18:10:00,1861.89,1864.44,1861.52,1862.71,1046.9904,1950824.759607,8879
2026-07-19 18:15:00,1862.72,1863.32,1861.18,1863.01,426.7961,794799.162678,6354
2026-07-19 18:20:00,1863.02,1863.02,1860.91,1862.63,515.9844,960890.51645,4598
2026-07-19 18:25:00,1862.64,1862.64,1857.95,1857.96,749.0269,1393156.326674,6115
2026-07-19 18:30:00,1857.96,1859.95,1856.59,1859.76,532.7193,989756.993992,7087
2026-07-19 18:35:00,1859.77,1860.49,1859.25,1860.48,171.4352,318832.642304,3464
2026-07-19 18:40:00,1860.49,1861.19,1859.59,1859.65,254.8609,474158.846375,2445
2026-07-19 18:45:00,1859.65,1860.8,1857.64,1860.35,931.8125,1731839.355126,5926
2026-07-19 18:50:00,1860.35,1860.35,1858.91,1859.09,178.8284,332536.491436,3321
2026-07-19 18:55:00,1859.09,1861.12,1858.45,1861.12,230.6427,428915.67833,2786
2026-07-19 19:00:00,1861.12,1861.62,1854.84,1857.59,556.8343,1034569.346635,7451
2026-07-19 19:05:00,1857.59,1860.55,1857.59,1860.54,298.3304,554511.996064,3897
2026-07-19 19:10:00,1860.54,1860.59,1859.74,1860.25,194.0628,360999.634284,1963
2026-07-19 19:15:00,1860.25,1860.55,1859.09,1859.71,166.101,308900.355167,2527
2026-07-19 19:20:00,1859.72,1860.08,1859.31,1859.68,110.3705,205266.478968,1222
2026-07-19 19:25:00,1859.68,1860.92,1859.01,1860.24,183.0784,340454.337393,1750
2026-07-19 19:30:00,1860.24,1860.51,1858.64,1859.72,830.4137,1543977.001786,3036
2026-07-19 19:35:00,1859.71,1861.24,1859.09,1859.3,222.4491,413825.024168,2616
2026-07-19 19:40:00,1859.31,1860.36,1858.94,1859.25,190.6494,354546.56168,2472
2026-07-19 19:45:00,1859.24,1859.73,1858.7,1859.73,108.6579,202045.471907,1467
2026-07-19 19:50:00,1859.73,1860.02,1859.04,1860.01,257.8932,479555.757481,2470
2026-07-19 19:55:00,1860.02,1862.77,1860.01,1862.37,841.8869,1566961.868624,4439
2026-07-19 20:00:00,1862.37,1866.42,1862.37,1864.33,1717.3303,3202294.297086,8156
2026-07-19 20:05:00,1864.34,1865.55,1863.84,1865.55,183.3398,341802.2636,1938
2026-07-19 20:10:00,1865.54,1865.54,1863.72,1863.94,196.1263,365691.55213,1657
2026-07-19 20:15:00,1863.95,1864.16,1862.25,1863.15,257.3744,479544.541492,2322
2026-07-19 20:20:00,1863.14,1864.71,1862.2,1864.7,674.1556,1256206.607271,2176
2026-07-19 20:25:00,1864.7,1864.99,1863.45,1864.4,196.1412,365629.432319,1693
2026-07-19 20:30:00,1864.4,1865.14,1863.91,1865.13,149.6769,279088.067898,1287
2026-07-19 20:35:00,1865.14,1866.5,1864.14,1865.35,255.2682,476125.344589,2955
2026-07-19 20:40:00,1865.35,1865.55,1864.62,1865.54,172.741,322179.416653,1245
2026-07-19 20:45:00,1865.54,1866.64,1864.4,1865.12,329.6133,614872.161192,3129
2026-07-19 20:50:00,1865.13,1865.42,1864.13,1865.42,194.0922,361929.530288,1750
2026-07-19 20:55:00,1865.42,1867.15,1865.32,1867.14,210.215,392285.672614,1708
2026-07-19 21:00:00,1867.15,1868.23,1866.8,1867.31,405.6929,757610.666284,3886
2026-07-19 21:05:00,1867.31,1867.58,1866.79,1866.8,185.5361,346401.220915,1485
2026-07-19 21:10:00,1866.8,1867.58,1865.09,1866.98,268.3927,500857.808773,2993
2026-07-19 21:15:00,1866.99,1867.3,1863.82,1863.82,285.6536,532901.477523,1841
2026-07-19 21:20:00,1863.82,1864.4,1863.39,1863.64,146.0305,272188.315312,1173
2026-07-19 21:25:00,1863.63,1864.75,1862.58,1864.33,254.6664,474627.639577,2557
2026-07-19 21:30:00,1864.32,1864.41,1861.9,1862.32,248.0607,462268.25189,2044
2026-07-19 21:35:00,1862.32,1863.2,1859.76,1861.3,486.0672,904751.3829,3571
2026-07-19 21:40:00,1861.31,1861.32,1857.49,1859.16,1147.8787,2134542.976062,13834
2026-07-19 21:45:00,1859.17,1861.64,1859.07,1861.24,273.3224,508595.035496,4682
2026-07-19 21:50:00,1861.24,1861.63,1860.67,1860.67,258.2671,480666.317353,4056
2026-07-19 21:55:00,1860.67,1862.14,1858.76,1862.12,378.0214,703348.281693,7101
2026-07-19 22:00:00,1862.12,1872.0,1859.72,1862.58,2319.888,4329815.97208,24897
2026-07-19 22:05:00,1862.57,1865.05,1857.0,1865.04,1505.4957,2801063.486541,17616
2026-07-19 22:10:00,1865.05,1869.02,1863.58,1869.02,1240.4161,2314843.951592,12950
2026-07-19 22:15:00,1869.01,1876.66,1869.01,1874.63,2489.649,4664694.974927,23122
2026-07-19 22:20:00,1874.64,1877.03,1870.83,1871.1,1587.3765,2976830.188458,16873
2026-07-19 22:25:00,1871.09,1872.92,1870.72,1871.43,354.0359,662670.278807,8442
2026-07-19 22:30:00,1871.43,1872.89,1869.09,1871.09,732.4038,1370104.852469,11345
2026-07-19 22:35:00,1871.09,1872.92,1867.6,1872.91,619.5891,1158439.696748,8881
2026-07-19 22:40:00,1872.92,1875.2,1871.0,1874.37,569.2575,1066331.686657,11795
2026-07-19 22:45:00,1874.36,1874.36,1871.68,1871.68,440.7084,825432.046846,10160
2026-07-19 22:50:00,1871.67,1871.98,1869.89,1871.02,261.252,488779.757106,7555
2026-07-19 22:55:00,1871.02,1871.3,1869.93,1870.44,234.0441,437848.710119,5336
2026-07-19 23:00:00,1870.44,1870.95,1865.12,1866.48,620.3723,1158221.594999,14734
2026-07-19 23:05:00,1866.48,1868.49,1865.0,1867.84,568.0147,1060425.019485,11086
2026-07-19 23:10:00,1867.84,1871.64,1867.17,1870.68,425.87,796399.694349,9559
2026-07-19 23:15:00,1870.68,1871.42,1868.27,1870.18,229.6436,429401.014464,5609
2026-07-19 23:20:00,1870.19,1870.39,1868.14,1870.38,200.2182,374260.252447,6058
2026-07-19 23:25:00,1870.39,1871.72,1868.14,1868.97,250.0427,467440.779922,4235
2026-07-19 23:30:00,1868.98,1873.3,1868.84,1872.91,428.7052,802527.98297,5794
2026-07-19 23:35:00,1872.91,1874.25,1867.97,1868.55,900.3193,1683741.691246,7178
2026-07-19 23:40:00,1868.56,1874.24,1867.84,1874.05,732.0441,1368816.72109,5699
2026-07-19 23:45:00,1874.06,1874.94,1869.92,1869.92,395.2771,740024.326416,8646
2026-07-19 23:50:00,1869.92,1872.3,1869.58,1870.97,187.7693,351341.168963,5290
2026-07-19 23:55:00,1870.98,1873.33,1870.9,1872.23,357.8336,670079.343775,4600
2026-07-20 00:00:00,1872.24,1872.53,1866.33,1869.62,1040.3538,1944860.135387,13640
2026-07-20 00:05:00,1869.61,1878.24,1869.61,1876.97,969.5269,1818142.511599,11797
2026-07-20 00:10:00,1876.98,1890.29,1876.98,1887.68,4184.2177,7889235.209712,44647
2026-07-20 00:15:00,1887.68,1891.71,1885.59,1887.79,1738.1446,3282906.681546,30330
2026-07-20 00:20:00,1887.79,1887.79,1877.18,1881.65,1285.6561,2417598.664291,25688
2026-07-20 00:25:00,1881.66,1881.74,1879.02,1879.84,432.0294,812384.862752,13295
2026-07-20 00:30:00,1879.84,1880.37,1876.35,1876.65,621.9826,1168265.768377,15615
2026-07-20 00:35:00,1876.65,1884.89,1876.34,1882.46,763.7063,1436733.449282,14644
2026-07-20 00:40:00,1882.45,1885.55,1880.83,1880.83,626.1833,1179645.106689,9421
2026-07-20 00:45:00,1880.83,1880.83,1872.35,1874.03,1086.3881,2038446.25043,11274
2026-07-20 00:50:00,1874.03,1874.72,1862.08,1871.99,2677.0063,4999878.201313,22767
2026-07-20 00:55:00,1872.0,1872.81,1871.0,1872.14,436.7545,817587.718635,8204
2026-07-20 01:00:00,1872.14,1874.22,1870.29,1874.02,645.9548,1209873.964229,11717
2026-07-20 01:05:00,1874.03,1889.08,1873.34,1888.51,1825.9935,3435979.651764,26149
2026-07-20 01:10:00,1888.5,1889.94,1879.44,1879.65,1194.1,2250807.298965,25078
2026-07-20 01:15:00,1879.66,1880.92,1872.69,1875.11,956.9101,1795739.972601,13582
2026-07-20 01:20:00,1875.12,1882.48,1874.17,1880.53,688.2028,1292211.836139,12179
2026-07-20 01:25:00,1880.52,1884.75,1879.77,1880.72,476.0034,896020.740141,10673
2026-07-20 01:30:00,1880.73,1881.47,1877.24,1877.24,676.147,1271020.304846,11003
2026-07-20 01:35:00,1877.23,1880.27,1875.4,1878.49,534.6054,1003848.527845,14244
2026-07-20 01:40:00,1878.5,1878.94,1870.56,1873.94,1104.6482,2069644.398012,19116
2026-07-20 01:45:00,1873.94,1875.09,1872.42,1874.7,312.7636,586088.290489,13609
2026-07-20 01:50:00,1874.71,1874.9,1866.33,1867.01,969.9515,1812133.864284,14078
2026-07-20 01:55:00,1867.0,1870.24,1865.84,1869.56,487.103,909771.23025,8224
2026-07-20 02:00:00,1869.57,1881.0,1868.97,1880.51,1033.5254,1939493.885208,14257
2026-07-20 02:05:00,1880.5,1882.63,1877.11,1879.7,853.9598,1605432.070439,14579
2026-07-20 02:10:00,1879.7,1880.38,1876.52,1877.58,423.6892,795830.135546,9158
2026-07-20 02:15:00,1877.59,1878.48,1869.98,1870.12,662.7092,1242361.018236,11763
2026-07-20 02:20:00,1870.12,1872.59,1867.71,1871.21,756.0795,1413917.200606,12582
2026-07-20 02:25:00,1871.21,1872.55,1869.7,1871.77,379.757,710561.138621,6980
2026-07-20 02:30:00,1871.76,1878.0,1871.06,1875.43,685.7024,1285489.175042,10284
2026-07-20 02:35:00,1875.42,1876.85,1872.85,1874.51,494.2254,926948.200231,7835
2026-07-20 02:40:00,1874.51,1880.63,1873.88,1877.45,723.9313,1359562.11884,11848
2026-07-20 02:45:00,1877.46,1883.33,1877.33,1881.85,1393.2755,2620064.811759,20886
2026-07-20 02:50:00,1881.86,1882.53,1879.11,1880.42,820.4258,1542873.486109,10993
2026-07-20 02:55:00,1880.41,1881.47,1878.65,1879.06,320.2489,601974.496734,6565
2026-07-20 03:00:00,1879.06,1881.35,1878.61,1880.47,946.1344,1778328.804481,7278
2026-07-20 03:05:00,1880.46,1880.59,1876.72,1878.93,426.9212,801673.629544,6635
2026-07-20 03:10:00,1878.93,1880.83,1877.42,1880.15,509.6754,958169.6868,6437
2026-07-20 03:15:00,1880.14,1882.24,1877.91,1877.91,540.5355,1016410.388931,7688
2026-07-20 03:20:00,1877.9,1877.9,1872.0,1874.1,634.0702,1188689.648344,9079
2026-07-20 03:25:00,1874.1,1874.24,1870.91,1872.99,668.678,1252014.984852,7276
2026-07-20 03:30:00,1872.98,1876.48,1871.97,1874.01,457.5757,857769.728752,6365
2026-07-20 03:35:00,1874.01,1877.44,1872.92,1876.23,338.4117,634796.862061,5804
2026-07-20 03:40:00,1876.22,1880.09,1875.92,1880.09,435.4536,817938.549121,5721
2026-07-20 03:45:00,1880.09,1880.77,1877.64,1879.08,322.4015,605966.034353,5578
2026-07-20 03:50:00,1879.09,1880.63,1878.21,1878.22,385.4461,724452.590702,4737
2026-07-20 03:55:00,1878.22,1879.94,1876.5,1879.94,380.4055,714454.659871,4893
2026-07-20 04:00:00,1879.94,1879.99,1877.06,1877.88,267.3543,502217.423054,4634
2026-07-20 04:05:00,1877.89,1877.89,1874.03,1874.5,382.1234,716572.059134,4891
2026-07-20 04:10:00,1874.5,1875.95,1872.0,1872.51,464.9604,871194.856792,4935
2026-07-20 04:15:00,1872.51,1872.72,1868.46,1870.77,1152.6986,2156290.38469,7625
2026-07-20 04:20:00,1870.77,1871.94,1869.76,1871.65,404.742,757197.969346,6261
2026-07-20 04:25:00,1871.65,1874.74,1871.64,1873.98,365.6222,684971.368748,5157
2026-07-20 04:30:00,1873.97,1877.3,1872.45,1875.35,405.5015,760564.846404,7067
2026-07-20 04:35:00,1875.35,1878.85,1875.35,1876.6,464.2853,871530.709252,6403
2026-07-20 04:40:00,1876.6,1877.1,1874.21,1875.89,363.8696,682552.125164,6298
2026-07-20 04:45:00,1875.9,1877.3,1873.62,1873.65,455.5004,854268.739816,4758
2026-07-20 04:50:00,1873.65,1873.84,1869.6,1869.9,472.8862,885299.633386,5136
2026-07-20 04:55:00,1869.91,1871.13,1868.56,1868.94,373.7413,698838.622226,4273
2026-07-20 05:00:00,1868.95,1869.94,1865.15,1866.7,1167.5421,2180517.185363,10730
2026-07-20 05:05:00,1866.71,1868.35,1864.75,1864.98,470.9946,878977.277013,7128
2026-07-20 05:10:00,1864.98,1864.98,1851.5,1859.42,2923.0524,5429689.09615,30698
2026-07-20 05:15:00,1859.42,1864.3,1857.34,1863.57,921.8837,1715217.031798,21738
2026-07-20 05:20:00,1863.56,1863.68,1855.3,1858.81,828.7569,1540825.288621,15829
2026-07-20 05:25:00,1858.81,1860.67,1857.5,1859.27,730.6228,1358285.29801,7938
2026-07-20 05:30:00,1859.27,1860.8,1856.6,1858.59,776.6653,1444033.759926,9693
2026-07-20 05:35:00,1858.59,1858.81,1856.58,1858.2,415.5932,772022.611725,7224
2026-07-20 05:40:00,1858.2,1860.67,1857.28,1858.81,2433.7112,4526013.694961,8014
2026-07-20 05:45:00,1858.81,1859.07,1856.21,1857.51,366.5436,680835.428279,9497
2026-07-20 05:50:00,1857.52,1858.04,1854.77,1855.16,672.3472,1247952.267929,11496
2026-07-20 05:55:00,1855.17,1857.0,1854.13,1855.45,628.5914,1166375.03474,9896
2026-07-20 06:00:00,1855.46,1857.35,1854.28,1856.15,680.3808,1262736.871613,9353
2026-07-20 06:05:00,1856.15,1856.88,1852.35,1855.82,886.2111,1643539.987167,10246
2026-07-20 06:10:00,1855.83,1857.93,1854.57,1857.28,508.411,943693.221113,5117
2026-07-20 06:15:00,1857.28,1858.55,1855.46,1857.78,1212.7324,2251887.293311,7573
2026-07-20 06:20:00,1857.78,1860.23,1854.65,1854.66,1365.9709,2538498.926226,8178
2026-07-20 06:25:00,1854.66,1857.83,1854.66,1856.79,585.9143,1087837.434242,6161
2026-07-20 06:30:00,1856.78,1857.63,1847.19,1851.14,2877.7706,5325919.838728,21380
2026-07-20 06:35:00,1851.13,1851.87,1843.14,1847.25,2284.0357,4217126.189223,29560
2026-07-20 06:40:00,1847.24,1849.14,1845.98,1848.46,1222.2407,2257878.956352,15198
2026-07-20 06:45:00,1848.46,1849.38,1846.11,1849.11,767.2861,1417896.554559,9252
2026-07-20 06:50:00,1849.12,1851.0,1848.44,1849.88,794.982,1470490.453466,7997
2026-07-20 06:55:00,1849.88,1851.0,1848.46,1849.73,543.8622,1006137.961536,5440
2026-07-20 07:00:00,1849.73,1853.62,1849.73,1852.81,1060.4236,1963442.89443,9720
2026-07-20 07:05:00,1852.81,1854.08,1852.15,1853.68,771.0582,1428953.056859,7391
2026-07-20 07:10:00,1853.68,1854.52,1852.37,1853.18,755.9279,1401094.591734,7909
2026-07-20 07:15:00,1853.18,1853.32,1849.26,1852.53,1030.3383,1907267.18478,12799
2026-07-20 07:20:00,1852.53,1857.13,1851.25,1857.03,614.0072,1138820.540333,12883
2026-07-20 07:25:00,1857.03,1859.49,1855.48,1857.97,1154.9845,2146126.662704,13625
2026-07-20 07:30:00,1857.97,1860.57,1857.11,1860.19,556.3129,1033911.69197,8526
2026-07-20 07:35:00,1860.19,1860.19,1857.56,1858.38,583.3853,1084277.119255,6353
2026-07-20 07:40:00,1858.39,1862.65,1857.65,1862.63,988.4676,1839386.920778,7095
2026-07-20 07:45:00,1862.63,1864.64,1861.36,1862.43,857.4834,1597157.619242,6190
2026-07-20 07:50:00,1862.42,1865.54,1861.55,1864.75,830.5219,1547892.827737,5266
2026-07-20 07:55:00,1864.76,1864.76,1863.04,1863.95,524.3175,977280.957032,5389
2026-07-20 08:00:00,1863.95,1866.8,1863.33,1864.46,1133.0999,2113376.35161,9649
2026-07-20 08:05:00,1864.45,1864.46,1861.74,1862.33,540.3455,1006376.877001,5929
2026-07-20 08:10:00,1862.33,1865.37,1861.43,1864.76,364.2723,678769.249513,7542
2026-07-20 08:15:00,1864.76,1868.53,1863.98,1865.98,1306.26,2437606.536915,16442
2026-07-20 08:20:00,1865.98,1865.98,1863.96,1864.81,1174.888,2191049.809177,9973
2026-07-20 08:25:00,1864.82,1865.81,1864.05,1864.5,1119.515,2087664.619439,8573
2026-07-20 08:30:00,1864.51,1864.94,1862.44,1863.08,941.1388,1753988.138458,8601
2026-07-20 08:35:00,1863.08,1865.2,1854.31,1857.64,4190.074,7787450.31197,26557
2026-07-20 08:40:00,1857.64,1858.56,1854.81,1854.95,1109.1192,2059142.816806,6988
2026-07-20 08:45:00,1854.94,1861.83,1854.94,1861.4,760.4855,1413023.899267,8123
2026-07-20 08:50:00,1861.4,1863.65,1859.22,1859.47,1013.2564,1885151.72765,8286
2026-07-20 08:55:00,1859.47,1861.02,1859.07,1861.01,297.9823,554215.132952,4756
2026-07-20 09:00:00,1861.0,1862.02,1858.92,1858.92,307.244,571558.808317,5352
2026-07-20 09:05:00,1858.92,1860.02,1857.95,1859.29,762.5663,1417426.786687,8082
2026-07-20 09:10:00,1859.29,1860.7,1859.28,1860.05,331.5247,616670.845836,4879
2026-07-20 09:15:00,1860.06,1864.35,1860.06,1860.72,741.2715,1380668.627015,7830
2026-07-20 09:20:00,1860.73,1863.76,1860.29,1862.91,901.9526,1680009.751173,7208
2026-07-20 09:25:00,1862.91,1864.13,1862.34,1863.74,513.4671,956838.81525,4770
2026-07-20 09:30:00,1863.75,1865.71,1862.93,1864.75,1158.8248,2160572.019404,12341
2026-07-20 09:35:00,1864.76,1865.87,1863.66,1864.61,464.5136,866442.221706,7366
2026-07-20 09:40:00,1864.62,1865.73,1864.18,1865.51,424.907,792502.386493,5552
2026-07-20 09:45:00,1865.52,1866.54,1865.24,1865.54,337.9338,630627.794802,4974
2026-07-20 09:50:00,1865.54,1867.55,1864.87,1866.04,703.9333,1314093.269575,7691
2026-07-20 09:55:00,1866.04,1866.04,1864.0,1864.16,358.1258,667940.584936,4494
2026-07-20 10:00:00,1864.15,1865.96,1862.71,1865.89,577.2524,1076309.793018,6025
2026-07-20 10:05:00,1865.89,1865.9,1864.11,1865.33,141.4977,263888.408783,3444
2026-07-20 10:10:00,1865.32,1866.8,1865.32,1865.99,242.1571,451800.515024,4144
2026-07-20 10:15:00,1865.98,1865.98,1864.37,1865.17,333.6819,622321.935457,4314
2026-07-20 10:20:00,1865.16,1872.35,1864.96,1870.49,1165.8748,2179250.267494,8927
2026-07-20 10:25:00,1870.48,1871.39,1868.45,1870.19,400.4906,748989.487955,7279
2026-07-20 10:30:00,1870.19,1870.19,1867.7,1869.24,278.8636,521172.098397,3967
2026-07-20 10:35:00,1869.24,1870.09,1867.7,1868.19,252.8949,472512.609532,3061
2026-07-20 10:40:00,1868.18,1870.53,1867.2,1870.49,189.2354,353714.82942,2943
2026-07-20 10:45:00,1870.49,1870.49,1868.58,1869.71,420.8642,786896.541873,2897
2026-07-20 10:50:00,1869.71,1870.03,1868.58,1869.64,820.2741,1533224.589168,3138
2026-07-20 10:55:00,1869.64,1869.76,1868.64,1868.85,213.6053,399313.124771,1809
2026-07-20 11:00:00,1868.86,1871.16,1868.06,1870.84,833.2201,1557744.89546,6584
2026-07-20 11:05:00,1870.83,1876.71,1870.83,1876.34,1373.3446,2574027.275257,10669
2026-07-20 11:10:00,1876.34,1876.94,1874.16,1874.95,447.7529,839816.284085,5215
2026-07-20 11:15:00,1874.95,1875.81,1873.48,1873.72,283.1583,530679.389446,3536
2026-07-20 11:20:00,1873.72,1874.95,1872.44,1873.26,308.9477,578825.903861,3118
2026-07-20 11:25:00,1873.26,1874.77,1873.25,1874.34,145.9004,273444.106351,2347
2026-07-20 11:30:00,1874.33,1888.94,1873.92,1887.68,5261.2079,9907368.86075,39387
2026-07-20 11:35:00,1887.68,1894.88,1886.32,1891.73,2974.9685,5628713.287017,29227
2026-07-20 11:40:00,1891.73,1893.05,1887.49,1887.6,1567.6014,2962860.338153,11457
2026-07-20 11:45:00,1887.6,1891.65,1887.18,1889.55,2289.4958,4327184.493164,12949
2026-07-20 11:50:00,1889.55,1891.0,1887.81,1889.7,885.2667,1672568.653825,10772
2026-07-20 11:55:00,1889.71,1896.5,1888.11,1893.2,1728.0688,3270490.815077,19356
2026-07-20 12:00:00,1893.21,1893.62,1879.41,1882.54,3305.7826,6229806.85656,32364
2026-07-20 12:05:00,1882.54,1884.35,1880.82,1883.82,903.2776,1700674.281621,16245
2026-07-20 12:10:00,1883.82,1883.83,1878.61,1880.45,1240.7412,2333270.109645,13135
2026-07-20 12:15:00,1880.44,1881.74,1879.03,1879.03,536.9145,1009697.543744,8544
2026-07-20 12:20:00,1879.03,1879.65,1877.3,1877.95,697.2051,1309621.358292,9629
2026-07-20 12:25:00,1877.95,1878.99,1876.1,1877.33,976.404,1833048.002401,8749
2026-07-20 12:30:00,1877.33,1878.75,1873.11,1876.98,1396.7412,2621283.240721,12051
2026-07-20 12:35:00,1876.99,1877.39,1875.04,1875.28,293.5744,550875.467149,5040
2026-07-20 12:40:00,1875.28,1877.41,1872.5,1873.41,764.7273,1434148.398327,7520
2026-07-20 12:45:00,1873.41,1875.82,1872.78,1875.52,512.5909,961045.328537,10710
2026-07-20 12:50:00,1875.52,1875.59,1872.78,1872.78,1044.0043,1957345.148385,6923
2026-07-20 12:55:00,1872.78,1873.8,1871.88,1873.33,445.1698,833684.587831,8421
2026-07-20 13:00:00,1873.34,1874.13,1872.13,1873.21,598.6871,1121569.88139,9264
2026-07-20 13:05:00,1873.21,1874.89,1873.21,1874.68,559.6257,1048753.793424,9715
2026-07-20 13:10:00,1874.68,1875.53,1872.91,1872.91,735.0644,1377835.888515,7979
2026-07-20 13:15:00,1872.92,1875.58,1872.81,1875.08,286.0544,536073.946514,4892
2026-07-20 13:20:00,1875.08,1875.08,1871.91,1872.79,910.446,1705970.319729,4872
2026-07-20 13:25:00,1872.78,1872.78,1866.69,1870.28,1642.4725,3070190.411281,15021
2026-07-20 13:30:00,1870.28,1878.64,1868.98,1876.43,2183.5074,4091609.981312,28719
2026-07-20 13:35:00,1876.42,1880.61,1876.05,1878.1,1207.8887,2268506.762289,16580
2026-07-20 13:40:00,1878.1,1879.39,1874.39,1876.1,953.1698,1788803.690491,11033
2026-07-20 13:45:00,1876.1,1876.62,1864.2,1875.63,2338.1266,4370618.640951,21647
2026-07-20 13:50:00,1875.63,1877.33,1863.22,1864.17,2582.7573,4828471.696342,22270
2026-07-20 13:55:00,1864.18,1866.51,1857.63,1862.68,2466.4656,4590490.866955,25283
2026-07-20 14:00:00,1862.68,1865.94,1859.43,1864.12,1190.3967,2217948.269929,18867
2026-07-20 14:05:00,1864.13,1865.73,1862.01,1864.77,752.083,1401823.311639,11251
2026-07-20 14:10:00,1864.77,1864.77,1859.55,1861.37,751.202,1398699.278121,11134
2026-07-20 14:15:00,1861.38,1863.25,1856.24,1858.76,1560.8589,2901058.115283,16677
2026-07-20 14:20:00,1858.76,1864.4,1853.65,1863.81,2012.8469,3739208.87599,26090
2026-07-20 14:25:00,1863.8,1867.28,1863.24,1867.28,1117.7587,2084855.696243,11630
2026-07-20 14:30:00,1867.28,1869.76,1865.94,1867.47,1133.9684,2118199.637911,13513
2026-07-20 14:35:00,1867.46,1867.61,1863.17,1865.74,692.2741,1291535.749958,10920
2026-07-20 14:40:00,1865.75,1868.43,1864.9,1866.36,569.5792,1063189.029705,10142
2026-07-20 14:45:00,1866.36,1871.96,1864.06,1864.07,1041.9651,1946313.310962,12513
2026-07-20 14:50:00,1864.06,1866.27,1863.13,1865.18,539.8274,1006594.070984,8884
2026-07-20 14:55:00,1865.18,1868.19,1864.58,1868.01,559.1359,1043349.939593,7892
2026-07-20 15:00:00,1868.01,1875.59,1867.65,1875.17,834.8508,1562891.434886,12318
2026-07-20 15:05:00,1875.17,1883.11,1872.6,1881.79,2873.4868,5399474.782883,26131
2026-07-20 15:10:00,1881.79,1886.41,1880.52,1885.4,1854.3373,3493429.870967,22784
2026-07-20 15:15:00,1885.4,1887.48,1882.64,1884.41,1499.2246,2825721.037917,16711
2026-07-20 15:20:00,1884.41,1885.27,1882.14,1884.45,1095.5438,2063885.323638,13953
2026-07-20 15:25:00,1884.45,1885.79,1882.09,1885.11,1344.5361,2533258.022064,16073
2026-07-20 15:30:00,1885.11,1888.28,1881.6,1883.71,1237.3025,2333039.697308,21723
2026-07-20 15:35:00,1883.71,1884.17,1881.93,1883.7,492.0571,926702.292935,11850
2026-07-20 15:40:00,1883.7,1893.67,1883.1,1891.26,2252.4199,4256802.214609,23879
2026-07-20 15:45:00,1891.27,1902.0,1891.26,1896.53,5659.5764,10740811.769125,51666
2026-07-20 15:50:00,1896.54,1904.92,1896.33,1901.45,3919.6989,7451451.81982,38986
2026-07-20 15:55:00,1901.44,1903.5,1899.76,1902.34,1572.3881,2990039.527137,20088
2026-07-20 16:00:00,1902.34,1904.13,1897.64,1897.95,1592.1104,3024671.55444,17644
2026-07-20 16:05:00,1897.95,1899.1,1893.8,1896.28,2157.0033,4088809.592314,15051
2026-07-20 16:10:00,1896.28,1904.49,1896.28,1903.79,1441.2468,2740106.096446,14985
2026-07-20 16:15:00,1903.79,1906.76,1899.6,1900.05,2160.2835,4110253.952651,16051
2026-07-20 16:20:00,1900.06,1901.61,1898.63,1901.61,810.2885,1539849.234852,8516
2026-07-20 16:25:00,1901.6,1901.83,1896.97,1900.39,895.0756,1699999.854342,10084
2026-07-20 16:30:00,1900.39,1901.73,1898.98,1900.7,970.0299,1843364.412961,9982
2026-07-20 16:35:00,1900.7,1902.83,1899.81,1901.4,730.4495,1388746.172812,11481
2026-07-20 16:40:00,1901.4,1904.18,1895.94,1896.9,3263.9995,6197258.444831,17435
2026-07-20 16:45:00,1896.89,1902.37,1896.6,1899.42,738.0202,1402004.307294,8038
2026-07-20 16:50:00,1899.41,1899.84,1897.61,1897.61,1089.6541,2069223.553702,7755
2026-07-20 16:55:00,1897.61,1899.42,1895.42,1899.41,644.2113,1222014.204573,6306
2026-07-20 17:00:00,1899.41,1900.68,1896.99,1897.58,412.126,782548.699728,11766
2026-07-20 17:05:00,1897.57,1903.46,1897.37,1902.99,3910.7876,7432376.885133,14391
2026-07-20 17:10:00,1903.0,1903.37,1898.92,1898.92,1511.6138,2873101.985443,8596
2026-07-20 17:15:00,1898.92,1899.49,1895.68,1899.48,745.6667,1415156.433613,9158
2026-07-20 17:20:00,1899.48,1900.84,1897.77,1898.69,773.3167,1469111.331058,5502
2026-07-20 17:25:00,1898.69,1900.16,1898.33,1900.15,262.7512,499025.297677,4566
2026-07-20 17:30:00,1900.16,1900.44,1897.57,1897.63,371.1374,704719.230163,6237
2026-07-20 17:35:00,1897.63,1899.63,1896.6,1896.6,886.3399,1682549.92836,4905
2026-07-20 17:40:00,1896.6,1898.59,1896.19,1897.41,276.9729,525540.179206,3584
2026-07-20 17:45:00,1897.41,1903.0,1897.41,1903.0,813.9283,1546678.313841,4696
2026-07-20 17:50:00,1903.0,1909.74,1902.5,1907.66,2958.8673,5642299.937481,13540
2026-07-20 17:55:00,1907.67,1909.41,1906.21,1907.78,1111.7403,2120805.794658,7101
2026-07-20 18:00:00,1907.78,1915.53,1906.89,1912.41,4177.2809,7986874.732476,24072
2026-07-20 18:05:00,1912.4,1912.4,1909.33,1911.07,1214.2173,2320089.287247,8349
2026-07-20 18:10:00,1911.07,1918.0,1909.68,1914.82,2092.3703,4006565.269351,16271
2026-07-20 18:15:00,1914.82,1918.16,1912.47,1912.92,2033.2606,3893577.249273,12478
2026-07-20 18:20:00,1912.91,1912.91,1906.88,1907.75,1265.7501,2416979.704859,9412
2026-07-20 18:25:00,1907.75,1910.47,1907.39,1908.16,821.7161,1568792.464425,5760
2026-07-20 18:30:00,1908.16,1908.39,1904.9,1906.25,1579.0101,3009975.501724,7968
2026-07-20 18:35:00,1906.24,1907.79,1905.14,1905.94,364.5611,695099.739349,5645
2026-07-20 18:40:00,1905.94,1906.14,1901.87,1902.14,630.9859,1201627.339993,6545
2026-07-20 18:45:00,1902.14,1902.92,1899.75,1900.39,1548.7829,2944434.663695,8729
2026-07-20 18:50:00,1900.4,1901.27,1898.21,1898.28,1126.1699,2139868.558683,7444
2026-07-20 18:55:00,1898.28,1900.12,1897.52,1899.52,928.4964,1762989.582067,8015
2026-07-20 19:00:00,1899.52,1900.1,1893.33,1895.74,1121.6107,2126969.375889,15312
2026-07-20 19:05:00,1895.75,1897.0,1894.49,1896.05,469.0107,889258.546294,9690
2026-07-20 19:10:00,1896.05,1896.72,1891.59,1891.64,813.4802,1540192.734264,8606
2026-07-20 19:15:00,1891.64,1895.5,1890.07,1894.47,1879.1928,3558315.499486,14886
2026-07-20 19:20:00,1894.48,1896.27,1894.19,1895.14,394.9794,748492.940825,8646
2026-07-20 19:25:00,1895.13,1897.77,1893.0,1896.7,1741.5278,3301851.830452,9490
2026-07-20 19:30:00,1896.69,1896.94,1893.88,1895.8,412.9571,782697.789527,7665
2026-07-20 19:35:00,1895.8,1896.37,1893.33,1895.72,404.9707,767300.936038,5196
2026-07-20 19:40:00,1895.71,1898.41,1895.27,1897.36,583.4035,1106815.682381,5062
2026-07-20 19:45:00,1897.37,1898.7,1896.2,1898.61,421.3116,799600.659535,4979
2026-07-20 19:50:00,1898.6,1900.45,1896.6,1900.42,994.2398,1886908.901303,7855
2026-07-20 19:55:00,1900.43,1901.07,1897.56,1898.46,762.9893,1449343.753174,7774
2026-07-20 20:00:00,1898.46,1899.91,1896.2,1897.8,520.7612,988469.811821,5682
2026-07-20 20:05:00,1897.8,1899.78,1897.8,1898.61,373.003,708241.957019,5537
2026-07-20 20:10:00,1898.61,1901.67,1898.45,1901.34,357.7282,679840.144494,3484
2026-07-20 20:15:00,1901.34,1902.42,1900.2,1901.21,459.2558,873106.480576,3864
2026-07-20 20:20:00,1901.2,1903.17,1901.18,1901.64,338.4965,643838.27068,3601
2026-07-20 20:25:00,1901.63,1902.96,1900.0,1901.45,281.8622,535906.012333,3778
2026-07-20 20:30:00,1901.46,1906.49,1901.29,1905.59,1010.9771,1925411.097826,7217
2026-07-20 20:35:00,1905.57,1906.55,1904.39,1905.01,684.0303,1303509.481713,5458
2026-07-20 20:40:00,1905.02,1905.62,1902.44,1903.7,399.837,761395.294773,6438
2026-07-20 20:45:00,1903.69,1904.75,1903.57,1903.77,395.9619,754010.391656,4032
2026-07-20 20:50:00,1903.78,1904.99,1902.46,1904.99,229.038,435949.777316,4946
2026-07-20 20:55:00,1904.98,1905.1,1903.91,1904.84,306.5101,583764.543961,3750
2026-07-20 21:00:00,1904.83,1906.2,1904.02,1905.65,344.0042,655338.986346,5379
2026-07-20 21:05:00,1905.65,1906.64,1904.07,1905.88,294.9042,561878.553556,5038
2026-07-20 21:10:00,1905.88,1907.58,1905.17,1905.19,760.7794,1450377.547154,6557
2026-07-20 21:15:00,1905.19,1906.99,1905.18,1906.06,139.0257,265019.444249,2980
2026-07-20 21:20:00,1906.07,1906.8,1905.6,1905.94,280.8535,535402.110455,3451
2026-07-20 21:25:00,1905.94,1905.94,1904.59,1904.87,342.0957,651831.764482,2796
2026-07-20 21:30:00,1904.87,1906.31,1904.58,1905.99,552.5647,1052955.323341,2844
2026-07-20 21:35:00,1905.99,1906.89,1904.91,1905.05,488.5244,931084.17924,2536
2026-07-20 21:40:00,1905.06,1905.96,1904.58,1904.94,514.8569,980935.385801,5910
2026-07-20 21:45:00,1904.94,1905.79,1902.97,1903.32,339.2774,646278.765026,4985
2026-07-20 21:50:00,1903.33,1903.77,1902.0,1903.77,361.8408,688592.922341,4501
2026-07-20 21:55:00,1903.77,1903.93,1902.0,1902.45,408.9168,778087.219101,4255
2026-07-20 22:00:00,1902.46,1902.58,1899.13,1900.22,678.9683,1290394.44813,11181
2026-07-20 22:05:00,1900.22,1901.25,1898.64,1900.85,415.3541,789130.107836,5011
2026-07-20 22:10:00,1900.86,1901.77,1899.55,1899.98,323.0107,613811.388254,3901
2026-07-20 22:15:00,1899.99,1899.99,1896.4,1898.66,913.6831,1734117.070043,5945
2026-07-20 22:20:00,1898.65,1899.1,1897.82,1898.83,186.1252,353345.559235,2444
2026-07-20 22:25:00,1898.82,1898.92,1896.44,1896.45,296.785,563225.999488,3016
2026-07-20 22:30:00,1896.44,1897.94,1895.64,1895.64,369.6006,701071.928169,3311
2026-07-20 22:35:00,1895.65,1896.81,1895.17,1895.79,873.6898,1656489.218552,4683
2026-07-20 22:40:00,1895.79,1895.8,1894.4,1895.15,502.4225,952132.093228,2629
2026-07-20 22:45:00,1895.16,1895.98,1895.16,1895.98,194.803,369248.651558,1680
2026-07-20 22:50:00,1895.98,1895.99,1895.43,1895.74,277.9848,527005.24016,1989
2026-07-20 22:55:00,1895.74,1895.84,1894.88,1895.72,380.4162,721058.653418,2577
2026-07-20 23:00:00,1895.72,1897.14,1895.33,1896.77,770.4275,1461028.479864,2630
2026-07-20 23:05:00,1896.77,1901.11,1896.77,1900.15,482.2155,915883.621223,5190
2026-07-20 23:10:00,1900.16,1900.31,1898.93,1899.07,260.3428,494542.939848,2277
2026-07-20 23:15:00,1899.06,1903.03,1899.06,1902.89,493.0265,937256.868621,4318
2026-07-20 23:20:00,1902.89,1903.39,1901.5,1902.24,272.4712,518458.955098,3316
2026-07-20 23:25:00,1902.23,1903.5,1902.23,1903.49,204.6562,389433.289601,1711
2026-07-20 23:30:00,1903.49,1904.65,1902.91,1902.92,481.9063,917567.026792,3611
2026-07-20 23:35:00,1902.91,1903.53,1901.45,1901.45,448.15,852656.924736,2520
2026-07-20 23:40:00,1901.45,1901.98,1900.83,1901.62,283.0216,538135.207563,2329
2026-07-20 23:45:00,1901.61,1903.67,1901.13,1902.21,297.9497,566810.673376,3841
2026-07-20 23:50:00,1902.21,1902.21,1899.81,1901.54,666.3293,1266296.513591,4866
2026-07-20 23:55:00,1901.55,1905.26,1901.29,1904.77,1702.0619,3240407.779567,8629
2026-07-21 00:00:00,1904.77,1904.77,1900.75,1904.3,2209.5595,4203983.545349,13822
2026-07-21 00:05:00,1904.29,1904.99,1900.74,1902.51,281.6604,535820.155911,5102
2026-07-21 00:10:00,1902.5,1905.26,1900.93,1902.62,257.5475,490188.20378,5026
2026-07-21 00:15:00,1902.63,1908.49,1901.57,1908.48,649.7319,1238223.213891,9771
2026-07-21 00:20:00,1908.48,1909.56,1906.2,1909.55,620.7048,1184082.301638,10296
2026-07-21 00:25:00,1909.56,1910.22,1906.95,1907.37,799.759,1526183.031185,8890
2026-07-21 00:30:00,1907.36,1911.74,1907.1,1911.0,883.1219,1687026.312873,9366
2026-07-21 00:35:00,1910.99,1913.53,1909.62,1913.53,852.8849,1630266.645859,9072
2026-07-21 00:40:00,1913.53,1916.62,1912.88,1914.46,1293.8647,2477268.777509,11681
2026-07-21 00:45:00,1914.45,1917.79,1914.45,1915.46,812.0827,1556166.434996,8921
2026-07-21 00:50:00,1915.46,1916.1,1914.46,1915.9,1028.5822,1969817.5072,7110
2026-07-21 00:55:00,1915.9,1915.9,1914.51,1914.8,521.7267,999122.660655,4379
2026-07-21 01:00:00,1914.8,1915.34,1912.6,1915.34,521.9855,999157.038793,7572
2026-07-21 01:05:00,1915.34,1918.18,1914.39,1916.87,1085.5458,2079840.780617,9577
2026-07-21 01:10:00,1916.87,1918.01,1913.81,1913.82,644.3445,1234224.369984,8051
2026-07-21 01:15:00,1913.82,1913.95,1910.31,1911.51,838.0237,1602268.208089,7316
2026-07-21 01:20:00,1911.5,1912.0,1910.0,1910.0,631.4742,1206610.052303,5799
2026-07-21 01:25:00,1910.0,1911.41,1909.61,1910.23,337.0947,644039.166329,3747
2026-07-21 01:30:00,1910.22,1913.21,1908.38,1912.8,682.485,1304306.195137,6847
2026-07-21 01:35:00,1912.79,1915.28,1911.68,1911.73,490.6216,938883.980661,5943
2026-07-21 01:40:00,1911.72,1911.72,1908.9,1909.89,443.2294,846796.560752,4942
2026-07-21 01:45:00,1909.88,1910.96,1909.61,1910.0,300.8351,574691.816203,3604
2026-07-21 01:50:00,1910.0,1910.21,1908.52,1909.18,423.1308,807855.674001,4132
2026-07-21 01:55:00,1909.19,1909.19,1907.0,1907.49,394.017,751766.867671,3256
2026-07-21 02:00:00,1907.49,1910.31,1907.04,1909.91,471.5309,899950.876843,4632
2026-07-21 02:05:00,1909.92,1913.84,1909.19,1909.19,717.1966,1371255.220512,6055
2026-07-21 02:10:00,1909.18,1910.3,1908.45,1909.65,289.1638,552084.694065,4743
2026-07-21 02:15:00,1909.66,1909.66,1904.92,1905.34,420.382,801670.327912,5219
2026-07-21 02:20:00,1905.33,1908.73,1904.6,1908.72,305.8856,582967.443341,5180
2026-07-21 02:25:00,1908.73,1908.99,1906.98,1907.7,194.7685,371615.598092,2502
2026-07-21 02:30:00,1907.69,1912.5,1907.57,1912.06,450.8744,861511.759952,5523
2026-07-21 02:35:00,1912.06,1913.68,1911.26,1911.85,427.6475,817789.182762,7957
2026-07-21 02:40:00,1911.86,1912.55,1909.98,1912.16,311.8446,596160.301188,4553
2026-07-21 02:45:00,1912.16,1912.26,1910.84,1912.01,344.4564,658505.638226,3911
2026-07-21 02:50:00,1912.01,1914.71,1912.01,1914.56,324.6843,621230.602221,5325
2026-07-21 02:55:00,1914.57,1924.0,1914.57,1917.3,4585.3385,8804855.494219,19413
2026-07-21 03:00:00,1917.3,1924.58,1916.94,1923.33,1278.3458,2457217.462194,12978
2026-07-21 03:05:00,1923.34,1928.57,1922.53,1923.95,2918.7193,5619825.315238,16701
2026-07-21 03:10:00,1923.95,1925.16,1922.27,1925.0,738.6506,1421181.993037,11493
2026-07-21 03:15:00,1924.99,1926.09,1922.06,1923.05,1888.4156,3632580.084351,9728
2026-07-21 03:20:00,1923.06,1927.97,1922.91,1924.78,850.3147,1637168.916635,7454
2026-07-21 03:25:00,1924.78,1925.39,1923.4,1924.89,353.6096,680499.607462,5013
2026-07-21 03:30:00,1924.89,1927.0,1922.84,1926.86,1165.3501,2242791.247287,7557
2026-07-21 03:35:00,1926.86,1927.9,1924.79,1925.97,1102.0627,2122742.568016,7755
2026-07-21 03:40:00,1925.97,1927.71,1925.68,1926.34,557.6882,1074418.044295,5090
2026-07-21 03:45:00,1926.34,1926.8,1924.99,1925.0,587.2375,1130882.949245,5414
2026-07-21 03:50:00,1925.01,1928.49,1924.29,1927.14,1059.0999,2040316.995788,7083
2026-07-21 03:55:00,1927.13,1927.84,1925.5,1926.75,1043.0485,2009533.506413,5281
2026-07-21 04:00:00,1926.74,1931.2,1926.16,1930.25,1879.5722,3626321.001979,12224
2026-07-21 04:05:00,1930.25,1931.01,1927.61,1927.61,760.4903,1467876.447828,7436
2026-07-21 04:10:00,1927.61,1927.75,1925.13,1925.92,607.9728,1171193.279076,4964
2026-07-21 04:15:00,1925.93,1926.49,1924.3,1925.77,646.6193,1244854.963602,5018
2026-07-21 04:20:00,1925.76,1926.5,1923.72,1923.72,895.1179,1722936.679227,4821
2026-07-21 04:25:00,1923.73,1924.51,1922.99,1923.23,527.5841,1014966.066066,3586
2026-07-21 04:30:00,1923.22,1924.06,1922.7,1923.21,940.1953,1808495.683827,5407
2026-07-21 04:35:00,1923.21,1925.6,1922.7,1923.85,427.5373,822687.211149,4765
2026-07-21 04:40:00,1923.86,1924.8,1922.59,1924.56,342.1035,658130.047715,3282
2026-07-21 04:45:00,1924.55,1925.72,1923.64,1924.56,544.8636,1048743.875581,3568
2026-07-21 04:50:00,1924.57,1926.0,1923.85,1924.69,743.3193,1430855.025282,4271
2026-07-21 04:55:00,1924.7,1925.41,1924.36,1924.59,317.8184,611778.056242,2094
2026-07-21 05:00:00,1924.59,1926.2,1923.13,1926.1,533.588,1026832.016429,4530
2026-07-21 05:05:00,1926.09,1926.46,1922.72,1923.99,556.6376,1070899.311076,5816
2026-07-21 05:10:00,1923.99,1924.55,1922.47,1923.54,897.328,1725798.610163,3865
2026-07-21 05:15:00,1923.54,1923.63,1921.81,1922.2,556.3377,1069611.813645,5582
2026-07-21 05:20:00,1922.2,1925.0,1922.2,1924.77,420.7164,809202.089847,3740
2026-07-21 05:25:00,1924.77,1926.4,1924.59,1925.1,606.1661,1167040.269188,3619
2026-07-21 05:30:00,1925.11,1925.67,1923.85,1924.89,416.7135,802130.073211,4098
2026-07-21 05:35:00,1924.89,1925.52,1923.34,1923.59,386.971,744804.412354,2856
2026-07-21 05:40:00,1923.6,1927.26,1923.6,1926.59,434.1025,836058.045904,4168
2026-07-21 05:45:00,1926.59,1936.0,1925.48,1932.1,2864.4394,5532569.690533,14273
2026-07-21 05:50:00,1932.1,1932.83,1929.09,1929.4,782.5451,1510958.150635,7813
2026-07-21 05:55:00,1929.4,1931.16,1928.06,1930.56,628.6999,1212836.641767,5401
2026-07-21 06:00:00,1930.56,1934.09,1929.54,1932.53,894.1307,1727650.855027,8771
2026-07-21 06:05:00,1932.53,1933.2,1929.85,1929.86,455.9959,880623.039276,4955
2026-07-21 06:10:00,1929.85,1932.49,1927.8,1931.84,673.2139,1299044.827044,5527
2026-07-21 06:15:00,1931.84,1932.55,1929.85,1930.51,418.2949,807765.522644,4936
2026-07-21 06:20:00,1930.5,1933.95,1929.63,1933.11,667.1948,1288656.177044,5253
2026-07-21 06:25:00,1933.1,1933.66,1931.14,1932.42,779.7791,1506989.221815,5734
2026-07-21 06:30:00,1932.41,1936.98,1932.12,1936.7,1180.4067,2284958.632008,10631
2026-07-21 06:35:00,1936.71,1939.99,1936.7,1939.31,2041.9689,3958391.693177,16139
2026-07-21 06:40:00,1939.3,1939.3,1937.29,1937.94,1078.1522,2089571.832679,7462
2026-07-21 06:45:00,1937.94,1938.31,1933.94,1935.73,1151.5116,2228832.549009,9995
2026-07-21 06:50:00,1935.72,1936.58,1933.71,1934.53,972.9414,1882491.424962,6485
2026-07-21 06:55:00,1934.53,1935.98,1934.31,1935.03,575.6312,1113937.86731,5897
2026-07-21 07:00:00,1935.03,1936.51,1934.43,1936.0,464.615,899255.815861,7245
2026-07-21 07:05:00,1936.01,1936.48,1933.94,1934.69,361.9673,700412.349017,3945
2026-07-21 07:10:00,1934.68,1936.39,1934.39,1936.05,1643.424,3180697.428548,5879
2026-07-21 07:15:00,1936.05,1937.81,1935.68,1937.81,1152.8214,2232319.640729,5690
2026-07-21 07:20:00,1937.8,1938.61,1934.34,1934.64,1131.9489,2191847.655923,11337
2026-07-21 07:25:00,1934.64,1935.52,1933.94,1935.51,321.0505,621105.16272,4211
2026-07-21 07:30:00,1935.52,1938.51,1934.69,1936.71,890.27,1723996.780332,10310
2026-07-21 07:35:00,1936.71,1937.73,1935.98,1936.63,656.4394,1271245.085631,7093
2026-07-21 07:40:00,1936.63,1940.25,1934.01,1934.2,2169.7205,4202795.364647,13602
2026-07-21 07:45:00,1934.2,1936.98,1933.42,1936.34,1304.9052,2525590.148394,11116
2026-07-21 07:50:00,1936.34,1936.35,1934.37,1935.56,950.2719,1839204.461446,7917
2026-07-21 07:55:00,1935.55,1935.56,1934.07,1934.08,902.0468,1745235.831451,3986
2026-07-21 08:00:00,1934.07,1936.31,1933.31,1935.61,839.7678,1624411.521862,6958
2026-07-21 08:05:00,1935.61,1935.91,1933.3,1933.39,372.0457,719731.29342,3856
2026-07-21 08:10:00,1933.39,1938.25,1931.63,1938.22,1440.2475,2786540.348786,13141
2026-07-21 08:15:00,1938.22,1942.64,1936.88,1942.42,2507.1769,4863197.518031,16645
2026-07-21 08:20:00,1942.42,1953.0,1941.61,1945.05,12667.2677,24684890.774742,42848
2026-07-21 08:25:00,1945.05,1945.85,1938.33,1940.28,2358.0658,4579878.965623,17809
2026-07-21 08:30:00,1940.29,1941.48,1938.33,1940.8,1623.6151,3149596.783095,13143
2026-07-21 08:35:00,1940.79,1942.67,1940.17,1942.67,1087.3827,2110957.714333,8783
2026-07-21 08:40:00,1942.67,1942.67,1939.45,1942.13,2388.7479,4636707.744407,8798
2026-07-21 08:45:00,1942.13,1943.12,1939.39,1940.78,2122.3344,4120664.652794,10220
2026-07-21 08:50:00,1940.77,1941.37,1939.49,1939.97,1226.3112,2379416.08127,7328
2026-07-21 08:55:00,1939.96,1940.37,1938.87,1939.8,1360.0849,2638146.590129,8946
2026-07-21 09:00:00,1939.79,1939.79,1937.25,1939.15,4536.1614,8794076.66383,11598
2026-07-21 09:05:00,1939.15,1940.08,1937.76,1939.0,3022.742,5861016.596234,8725
2026-07-21 09:10:00,1939.01,1940.48,1936.75,1940.32,6599.9643,12796024.276464,12722
2026-07-21 09:15:00,1940.32,1941.31,1937.93,1939.12,4478.368,8689365.991358,7232
2026-07-21 09:20:00,1939.13,1939.93,1938.42,1939.77,651.8886,1264098.552058,6055
2026-07-21 09:25:00,1939.78,1940.39,1938.45,1938.63,2083.1244,4039750.079409,6244
2026-07-21 09:30:00,1938.63,1941.07,1938.4,1940.86,2565.5657,4977008.680762,7006
2026-07-21 09:35:00,1940.85,1942.01,1939.13,1939.78,1630.7153,3165240.2903,4643
2026-07-21 09:40:00,1939.78,1940.01,1939.24,1940.0,1627.4883,3156732.604577,3610
2026-07-21 09:45:00,1940.0,1942.12,1940.0,1941.86,3883.754,7539301.969011,7525
2026-07-21 09:50:00,1941.86,1942.01,1940.65,1941.82,1019.7996,1980151.24589,3980
2026-07-21 09:55:00,1941.83,1944.17,1941.34,1942.22,2213.5703,4300858.874363,10890
2026-07-21 10:00:00,1942.22,1943.56,1941.89,1943.3,604.6114,1174603.957748,7449
2026-07-21 10:05:00,1943.3,1945.14,1942.96,1943.79,1470.0195,2857660.773573,9600
2026-07-21 10:10:00,1943.79,1947.09,1943.78,1944.92,2631.1331,5119030.996257,17796
2026-07-21 10:15:00,1944.92,1945.67,1943.01,1944.18,1656.0339,3219414.433466,10019
2026-07-21 10:20:00,1944.18,1944.18,1942.12,1943.75,1722.3896,3346921.314226,6320
2026-07-21 10:25:00,1943.75,1943.76,1942.12,1942.36,416.4191,808990.523688,4486
2026-07-21 10:30:00,1942.37,1942.37,1941.72,1942.2,383.6171,745007.515781,3470
2026-07-21 10:35:00,1942.21,1943.72,1941.1,1941.29,2395.2073,4652331.519074,9872
2026-07-21 10:40:00,1941.29,1941.3,1939.29,1939.8,887.105,1720931.012218,4438
2026-07-21 10:45:00,1939.8,1941.07,1937.35,1937.91,865.9325,1678866.138543,6963
2026-07-21 10:50:00,1937.91,1937.91,1932.1,1933.46,2414.614,4670691.5319,18462
2026-07-21 10:55:00,1933.46,1934.62,1932.33,1934.18,804.6244,1555591.318746,4963
2026-07-21 11:00:00,1934.19,1934.47,1931.59,1932.08,1617.5808,3127866.537919,8868
2026-07-21 11:05:00,1932.07,1932.88,1929.83,1929.85,2600.9335,5023280.303329,9539
2026-07-21 11:10:00,1929.86,1931.98,1929.0,1929.71,7484.8394,14446371.243674,10736
2026-07-21 11:15:00,1929.72,1932.05,1928.51,1928.97,5682.9208,10967591.992807,10490
2026-07-21 11:20:00,1928.98,1929.06,1927.8,1928.73,1687.6392,3254665.087932,9119
2026-07-21 11:25:00,1928.72,1929.47,1925.98,1929.45,5581.9234,10756293.252305,11007
2026-07-21 11:30:00,1929.46,1932.44,1929.45,1932.04,1319.1091,2547444.070462,7587
2026-07-21 11:35:00,1932.04,1933.7,1931.46,1931.99,2763.8245,5341317.68591,9824
2026-07-21 11:40:00,1932.0,1934.99,1931.27,1934.74,1731.1983,3346921.79177,8593
2026-07-21 11:45:00,1934.74,1936.93,1934.66,1936.41,1520.4564,2943149.422151,9046
2026-07-21 11:50:00,1936.41,1937.34,1935.23,1935.48,649.1425,1257185.980969,7566
2026-07-21 11:55:00,1935.48,1935.69,1934.44,1935.69,768.2754,1486595.525499,6264
2026-07-21 12:00:00,1935.69,1936.71,1932.38,1933.56,1330.4208,2573212.693368,11294
2026-07-21 12:05:00,1933.56,1936.25,1932.96,1934.82,690.3861,1335612.852897,10794
2026-07-21 12:10:00,1934.82,1939.39,1934.41,1936.1,1227.4291,2377532.103953,11775
2026-07-21 12:15:00,1936.1,1941.65,1933.54,1940.83,1409.1481,2730887.406819,12292
2026-07-21 12:20:00,1940.83,1943.52,1940.07,1942.88,1767.8906,3433375.141915,14471
2026-07-21 12:25:00,1942.88,1942.9,1940.0,1940.29,1053.4532,2045358.954328,7313
2026-07-21 12:30:00,1940.29,1943.8,1939.52,1942.25,2137.4577,4151370.777723,16901
2026-07-21 12:35:00,1942.24,1945.23,1940.89,1944.36,1702.3772,3308463.52609,18457
2026-07-21 12:40:00,1944.35,1944.35,1940.12,1941.89,1024.1468,1988927.388733,12727
2026-07-21 12:45:00,1941.9,1942.49,1939.98,1942.37,984.0989,1910454.580718,11631
2026-07-21 12:50:00,1942.37,1944.1,1941.48,1942.42,1150.2548,2234337.127875,9844
2026-07-21 12:55:00,1942.41,1943.3,1941.23,1942.79,802.844,1559500.006814,8793
2026-07-21 13:00:00,1942.8,1942.8,1940.9,1942.33,614.9073,1193905.688865,7380
2026-07-21 13:05:00,1942.33,1943.77,1941.55,1942.55,1635.1205,3176532.612156,10165
2026-07-21 13:10:00,1942.55,1942.55,1940.49,1942.22,837.2094,1625581.319487,8763
2026-07-21 13:15:00,1942.23,1942.82,1938.69,1938.99,775.63,1505015.149191,8679
2026-07-21 13:20:00,1938.99,1940.15,1938.3,1938.31,1225.643,2376629.207849,9386
2026-07-21 13:25:00,1938.31,1938.69,1935.49,1937.17,1355.0056,2624331.546751,11984
2026-07-21 13:30:00,1937.17,1937.98,1934.43,1935.44,2176.8908,4214259.631008,21363
2026-07-21 13:35:00,1935.43,1937.24,1932.4,1932.71,2339.2211,4526716.260316,16825
2026-07-21 13:40:00,1932.71,1932.71,1927.53,1929.1,2572.8074,4965647.218494,19724
2026-07-21 13:45:00,1929.1,1935.53,1928.4,1935.53,2588.0151,4997290.049602,19293
2026-07-21 13:50:00,1935.52,1939.58,1934.01,1938.47,2098.9968,4064919.7679,19851
2026-07-21 13:55:00,1938.48,1941.44,1938.34,1940.3,1695.1552,3288544.985857,17172
2026-07-21 14:00:00,1940.31,1942.27,1938.3,1940.81,2198.8554,4266679.092019,18584
2026-07-21 14:05:00,1940.81,1944.0,1936.25,1936.99,1794.4833,3481157.66764,20536
2026-07-21 14:10:00,1936.98,1941.68,1936.97,1941.67,1186.0168,2300013.028431,11334
2026-07-21 14:15:00,1941.68,1941.68,1935.0,1937.08,1166.3145,2260177.344171,14390
2026-07-21 14:20:00,1937.07,1938.39,1930.71,1931.18,1265.7376,2447382.787216,13906
2026-07-21 14:25:00,1931.18,1933.28,1928.0,1932.69,1964.0612,3791785.508088,12835
2026-07-21 14:30:00,1932.7,1937.6,1932.2,1936.76,1169.8458,2263097.062196,11021
2026-07-21 14:35:00,1936.76,1936.77,1933.94,1934.56,1527.5925,2956741.717631,12724
2026-07-21 14:40:00,1934.56,1936.32,1930.9,1936.31,501.1227,969029.282593,12040
2026-07-21 14:45:00,1936.32,1938.43,1934.85,1935.9,878.2753,1701186.195486,13555
2026-07-21 14:50:00,1935.9,1936.8,1932.75,1933.47,614.1269,1188619.149892,13273
2026-07-21 14:55:00,1933.47,1933.53,1931.52,1931.87,439.186,848813.940285,8656
2026-07-21 15:00:00,1931.88,1931.88,1925.42,1925.95,1971.4977,3799957.4589,21714
2026-07-21 15:05:00,1925.95,1930.74,1925.55,1929.88,2090.8098,4031241.892261,21324
2026-07-21 15:10:00,1929.88,1930.68,1927.23,1927.3,841.2512,1623078.525154,13423
2026-07-21 15:15:00,1927.3,1930.15,1927.08,1929.9,697.1511,1344575.303067,13171
2026-07-21 15:20:00,1929.91,1930.97,1927.8,1929.46,810.5437,1564092.088568,16124
2026-07-21 15:25:00,1929.45,1929.46,1924.19,1926.06,1071.1618,2063348.040898,12585
2026-07-21 15:30:00,1926.06,1927.2,1923.36,1926.07,1597.8592,3076065.040107,17774
2026-07-21 15:35:00,1926.07,1929.86,1924.98,1928.9,790.1827,1522795.844915,9555
2026-07-21 15:40:00,1928.9,1929.53,1927.3,1927.3,578.9761,1116460.210378,7535
2026-07-21 15:45:00,1927.3,1929.62,1926.19,1929.05,707.7856,1364492.047327,8136
2026-07-21 15:50:00,1929.05,1932.15,1929.05,1930.85,849.0437,1638868.596492,7790
2026-07-21 15:55:00,1930.84,1932.51,1930.29,1931.81,504.7435,975036.791221,6722
2026-07-21 16:00:00,1931.81,1935.36,1930.88,1934.85,964.6755,1864443.842491,9986
2026-07-21 16:05:00,1934.85,1934.86,1930.29,1930.41,544.4219,1052067.377774,7714
2026-07-21 16:10:00,1930.42,1932.66,1929.39,1930.33,388.2035,749770.268124,6728
2026-07-21 16:15:00,1930.34,1930.34,1927.68,1927.88,466.392,899656.483706,6624
2026-07-21 16:20:00,1927.89,1928.44,1927.18,1927.3,520.6236,1003612.908138,6622
2026-07-21 16:25:00,1927.29,1928.16,1924.34,1924.68,670.8324,1292052.152636,9914
2026-07-21 16:30:00,1924.68,1926.24,1923.2,1925.99,615.5515,1184780.654446,9748
2026-07-21 16:35:00,1925.99,1927.32,1925.01,1927.31,380.0209,731909.730431,7061
2026-07-21 16:40:00,1927.31,1927.92,1924.15,1924.68,416.9753,803193.09634,6457
2026-07-21 16:45:00,1924.68,1925.12,1921.63,1924.71,1309.4893,2517990.752739,9939
2026-07-21 16:50:00,1924.72,1927.21,1924.71,1927.2,860.016,1656470.103801,6596
2026-07-21 16:55:00,1927.21,1928.38,1926.29,1926.37,750.6101,1446852.190609,7587
2026-07-21 17:00:00,1926.37,1927.64,1926.06,1927.05,716.89,1381464.641532,8693
2026-07-21 17:05:00,1927.04,1928.38,1926.28,1927.89,777.7488,1499205.200669,10987
2026-07-21 17:10:00,1927.89,1928.0,1925.4,1926.08,933.9818,1799607.342572,11199
2026-07-21 17:15:00,1926.09,1926.84,1922.11,1923.65,898.8697,1730215.868524,9982
2026-07-21 17:20:00,1923.65,1926.56,1922.9,1926.56,1157.5162,2227863.557469,10371
2026-07-21 17:25:00,1926.56,1926.72,1925.07,1925.13,690.7515,1330269.30452,7271
2026-07-21 17:30:00,1925.14,1926.59,1923.71,1924.98,884.5762,1702827.415278,7738
2026-07-21 17:35:00,1924.98,1926.56,1923.47,1926.56,1033.2731,1989660.502014,10696
2026-07-21 17:40:00,1926.56,1927.5,1925.31,1927.28,989.6005,1906379.028645,9093
2026-07-21 17:45:00,1927.28,1927.47,1915.0,1921.47,3462.1711,6645895.578752,30371
2026-07-21 17:50:00,1921.48,1923.01,1918.13,1918.5,1545.3604,2967933.900291,18746
2026-07-21 17:55:00,1918.5,1919.79,1916.48,1918.71,1417.8053,2719634.30837,12791
2026-07-21 18:00:00,1918.7,1920.06,1915.53,1919.84,1608.7739,3084485.823556,23233
2026-07-21 18:05:00,1919.83,1923.0,1919.02,1922.7,1439.1631,2765732.872638,15079
2026-07-21 18:10:00,1922.69,1922.69,1920.87,1920.87,798.4039,1534324.986687,8807
2026-07-21 18:15:00,1920.87,1921.25,1919.62,1919.91,879.4993,1688960.470276,9170
2026-07-21 18:20:00,1919.92,1921.9,1918.85,1919.42,712.3417,1367775.520972,9475
2026-07-21 18:25:00,1919.42,1920.5,1916.79,1920.5,1053.8689,2022086.062694,11150
2026-07-21 18:30:00,1920.5,1920.66,1915.11,1919.62,1564.6377,3001350.356737,14104
2026-07-21 18:35:00,1919.63,1922.54,1919.2,1921.18,764.6292,1469101.411646,10052
2026-07-21 18:40:00,1921.18,1921.97,1920.59,1921.61,749.9519,1440822.615285,7248
2026-07-21 18:45:00,1921.6,1922.0,1920.19,1920.75,1939.107,3725706.108639,9673
2026-07-21 18:50:00,1920.75,1920.9,1919.25,1919.73,689.5801,1323967.754825,6524
2026-07-21 18:55:00,1919.73,1920.0,1919.16,1919.93,465.6948,894062.606427,4252
2026-07-21 19:00:00,1919.93,1922.95,1919.64,1922.39,4566.3014,8767973.872241,10556
2026-07-21 19:05:00,1922.38,1923.28,1921.52,1923.09,885.9595,1703209.954596,6973
2026-07-21 19:10:00,1923.1,1923.1,1918.2,1919.72,1175.5128,2258354.558132,6984
2026-07-21 19:15:00,1919.72,1922.1,1919.04,1921.85,758.1599,1456503.916437,5305
2026-07-21 19:20:00,1921.85,1923.66,1921.56,1923.24,808.8097,1554856.222599,5458
2026-07-21 19:25:00,1923.24,1924.6,1922.8,1924.21,775.0021,1490943.381102,4890
2026-07-21 19:30:00,1924.22,1924.9,1922.83,1923.49,853.679,1642557.067829,6399
2026-07-21 19:35:00,1923.49,1926.16,1923.33,1924.63,856.0243,1647420.783644,6875
2026-07-21 19:40:00,1924.63,1924.87,1923.88,1923.88,880.1559,1693851.40122,5227
2026-07-21 19:45:00,1923.88,1925.93,1923.75,1924.09,952.6433,1833561.560964,6026
2026-07-21 19:50:00,1924.09,1925.19,1922.65,1922.89,1272.1039,2447805.53675,7226
2026-07-21 19:55:00,1922.9,1924.67,1922.89,1923.39,1101.4257,2118825.713431,7344
2026-07-21 20:00:00,1923.38,1924.24,1921.68,1923.03,736.595,1416101.982328,6383
2026-07-21 20:05:00,1923.04,1923.86,1922.22,1922.66,727.6485,1399178.495766,6129
2026-07-21 20:10:00,1922.65,1923.37,1922.43,1922.61,552.4341,1062300.903981,4715
2026-07-21 20:15:00,1922.61,1922.85,1921.83,1922.62,356.3731,685063.529506,3757
2026-07-21 20:20:00,1922.62,1922.62,1921.69,1922.18,403.2433,775095.563036,3251
2026-07-21 20:25:00,1922.18,1923.21,1921.75,1923.16,452.7436,870460.702986,4672
2026-07-21 20:30:00,1923.16,1925.19,1923.16,1925.18,524.785,1009826.608325,3836
2026-07-21 20:35:00,1925.19,1926.44,1924.49,1924.5,720.3878,1387253.363402,5419
2026-07-21 20:40:00,1924.49,1925.28,1923.99,1925.08,469.539,903769.390201,4154
2026-07-21 20:45:00,1925.08,1925.34,1923.48,1924.16,517.9108,996624.701577,4634
2026-07-21 20:50:00,1924.16,1924.17,1923.19,1923.25,419.474,806962.713926,3725
2026-07-21 20:55:00,1923.26,1923.35,1923.24,1923.24,137.1152,263708.51815,1097
2026-07-21 21:00:00,1923.25,1923.25,1919.85,1920.34,521.6986,1002131.45213,4467
2026-07-21 21:05:00,1920.34,1923.0,1920.34,1922.32,236.8934,455302.280381,2953
2026-07-21 21:10:00,1922.32,1923.0,1921.4,1923.0,254.7371,489681.589568,3407
2026-07-21 21:15:00,1923.0,1923.56,1922.11,1923.13,1229.7992,2364827.392498,3695
2026-07-21 21:20:00,1923.13,1924.98,1923.09,1924.98,283.353,545070.864503,3341
2026-07-21 21:25:00,1924.97,1924.98,1924.07,1924.07,158.8053,305636.042771,1938
2026-07-21 21:30:00,1924.08,1925.49,1924.07,1925.28,183.9475,354108.040324,2319
2026-07-21 21:35:00,1925.29,1926.54,1924.91,1926.27,389.0093,749141.615252,3506
2026-07-21 21:40:00,1926.27,1926.54,1925.38,1926.47,409.5674,788876.875932,4158
2026-07-21 21:45:00,1926.47,1926.48,1923.99,1924.49,685.0785,1318760.593522,10225
2026-07-21 21:50:00,1924.49,1925.51,1924.34,1924.46,326.7754,628972.15763,4847
2026-07-21 21:55:00,1924.46,1925.39,1923.55,1924.32,332.921,640643.096597,4822
2026-07-21 22:00:00,1924.31,1924.31,1921.0,1922.44,675.2255,1298087.011455,11697
2026-07-21 22:05:00,1922.44,1923.5,1921.69,1923.32,313.4525,602508.424762,7925
2026-07-21 22:10:00,1923.31,1923.78,1922.07,1922.44,256.5336,493356.921722,4960
2026-07-21 22:15:00,1922.43,1922.69,1920.57,1920.93,437.6077,840995.775957,4445
2026-07-21 22:20:00,1920.93,1921.93,1920.0,1920.18,300.5117,577258.661236,5346
2026-07-21 22:25:00,1920.18,1922.47,1919.85,1921.67,188.9334,363067.460377,3697
2026-07-21 22:30:00,1921.67,1923.1,1920.48,1923.09,182.8927,351486.1664,4119
2026-07-21 22:35:00,1923.1,1923.58,1922.15,1922.17,132.497,254779.816457,2681
2026-07-21 22:40:00,1922.17,1923.28,1921.35,1921.35,320.284,615711.907393,2265
2026-07-21 22:45:00,1921.34,1921.34,1918.1,1919.31,462.1338,886891.769937,5368
2026-07-21 22:50:00,1919.31,1920.01,1919.18,1919.92,177.2896,340327.929627,3427
2026-07-21 22:55:00,1919.92,1921.04,1919.69,1920.86,159.413,306107.127915,1753
2026-07-21 23:00:00,1920.86,1920.86,1918.02,1919.06,416.5007,799272.385712,5328
2026-07-21 23:05:00,1919.06,1919.21,1916.67,1917.98,509.0703,976585.066025,6271
2026-07-21 23:10:00,1917.98,1918.83,1917.07,1917.72,518.2039,993790.060078,4807
2026-07-21 23:15:00,1917.72,1921.46,1917.71,1921.0,409.7451,786350.447076,4073
2026-07-21 23:20:00,1921.0,1921.0,1918.96,1920.06,156.9344,301323.433793,3760
2026-07-21 23:25:00,1920.06,1922.48,1919.7,1922.47,179.0906,344061.043795,2998
2026-07-21 23:30:00,1922.47,1924.04,1921.0,1923.22,292.3657,562072.784888,4564
2026-07-21 23:35:00,1923.21,1925.0,1922.98,1923.97,344.9574,663661.712399,4467
2026-07-21 23:40:00,1923.98,1924.39,1922.98,1923.99,242.8913,467262.286889,3594
2026-07-21 23:45:00,1923.99,1924.98,1922.18,1924.86,307.2296,591059.068993,4682
2026-07-21 23:50:00,1924.85,1929.0,1924.21,1928.78,1466.4109,2825304.524918,8973
2026-07-21 23:55:00,1928.78,1932.0,1928.32,1930.09,1213.539,2342213.559308,7887
2026-07-22 00:00:00,1930.09,1932.16,1929.02,1931.87,840.2825,1622257.158747,7921
2026-07-22 00:05:00,1931.88,1936.36,1930.4,1933.79,1539.2476,2976447.381704,11054
2026-07-22 00:10:00,1933.79,1938.56,1932.12,1938.06,1196.4047,2316470.257379,11788
2026-07-22 00:15:00,1938.06,1939.43,1936.42,1939.33,1039.5554,2014353.385916,10340
2026-07-22 00:20:00,1939.33,1944.68,1937.83,1939.14,2468.5028,4792708.179918,15576
2026-07-22 00:25:00,1939.14,1939.43,1935.98,1937.09,618.0905,1197551.084178,8912
2026-07-22 00:30:00,1937.1,1941.06,1934.52,1940.35,826.2807,1601152.307695,12735
2026-07-22 00:35:00,1940.32,1942.64,1937.27,1942.12,1348.4879,2615641.593164,15252
2026-07-22 00:40:00,1942.12,1942.12,1939.6,1939.85,384.4718,746019.297398,5668
2026-07-22 00:45:00,1939.84,1941.76,1935.98,1941.28,934.24,1811041.313605,13181
2026-07-22 00:50:00,1941.27,1941.27,1938.44,1939.37,461.4015,894959.837244,9383
2026-07-22 00:55:00,1939.37,1940.6,1938.71,1939.46,623.2498,1208868.217773,8348
2026-07-22 01:00:00,1939.45,1940.56,1937.42,1938.95,449.5156,871628.240466,8439
2026-07-22 01:05:00,1938.95,1939.11,1937.21,1938.38,879.3835,1704529.080777,8290
2026-07-22 01:10:00,1938.38,1938.39,1934.6,1934.62,522.6073,1011793.900563,7891
2026-07-22 01:15:00,1934.62,1935.27,1932.17,1932.33,486.263,940414.696741,9695
2026-07-22 01:20:00,1932.33,1933.25,1928.0,1929.33,938.059,1811264.342087,12545
2026-07-22 01:25:00,1929.33,1933.86,1929.33,1931.05,639.5658,1235743.337906,8110
2026-07-22 01:30:00,1931.04,1935.51,1930.79,1933.95,637.5187,1232154.891796,9342
2026-07-22 01:35:00,1933.95,1935.52,1933.49,1934.17,582.6705,1127105.257929,7085
2026-07-22 01:40:00,1934.17,1934.17,1929.06,1933.19,515.1036,995109.177239,7706
2026-07-22 01:45:00,1933.18,1937.54,1932.71,1936.45,811.7276,1570886.914775,8612
2026-07-22 01:50:00,1936.45,1936.89,1934.08,1934.08,679.6206,1315566.925814,7949
2026-07-22 01:55:00,1934.08,1935.89,1931.89,1933.61,558.3564,1079675.185656,7289
2026-07-22 02:00:00,1933.62,1934.01,1930.74,1932.69,657.8771,1271407.681843,6937
2026-07-22 02:05:00,1932.69,1934.76,1929.31,1931.66,655.043,1265156.87868,9859
2026-07-22 02:10:00,1931.65,1933.34,1930.75,1933.34,547.2361,1057308.863895,7280
2026-07-22 02:15:00,1933.34,1936.39,1933.1,1934.18,603.462,1167456.145481,9210
2026-07-22 02:20:00,1934.18,1934.19,1931.59,1934.0,1581.4889,3057275.100896,8225
2026-07-22 02:25:00,1933.99,1934.0,1932.09,1932.35,330.7451,639276.309851,5131
2026-07-22 02:30:00,1932.34,1932.34,1929.08,1930.38,786.4418,1518411.607064,10399
2026-07-22 02:35:00,1930.38,1930.38,1926.91,1927.8,1102.7502,2126309.614133,9044
2026-07-22 02:40:00,1927.8,1930.76,1927.8,1930.41,641.9646,1238923.976024,9799
2026-07-22 02:45:00,1930.4,1931.75,1929.27,1930.07,707.075,1364972.20864,9323
2026-07-22 02:50:00,1930.08,1930.85,1928.36,1930.84,708.6391,1367506.44804,9164
2026-07-22 02:55:00,1930.84,1930.91,1929.05,1930.43,682.0719,1316294.705331,7006
2026-07-22 03:00:00,1930.42,1932.88,1929.13,1931.18,853.8628,1649019.306004,12678
2026-07-22 03:05:00,1931.18,1933.63,1929.79,1929.91,733.2926,1416246.295016,10198
2026-07-22 03:10:00,1929.92,1929.92,1926.76,1927.03,922.1364,1778316.805899,8913
2026-07-22 03:15:00,1927.03,1929.86,1927.03,1929.85,568.9742,1097209.602261,6827
2026-07-22 03:20:00,1929.86,1932.18,1929.63,1931.48,699.2134,1350353.825599,7232
2026-07-22 03:25:00,1931.49,1932.78,1930.96,1932.12,663.5348,1282061.504938,5180
2026-07-22 03:30:00,1932.12,1933.0,1930.15,1930.43,663.5938,1281774.873444,6146
2026-07-22 03:35:00,1930.44,1931.19,1928.91,1931.18,546.2447,1054351.274271,4346
2026-07-22 03:40:00,1931.17,1932.5,1930.32,1931.86,860.3294,1661604.351867,5230
2026-07-22 03:45:00,1931.85,1936.05,1931.85,1934.99,810.6907,1568195.015421,6504
2026-07-22 03:50:00,1934.99,1935.18,1932.25,1932.47,818.3243,1582635.376714,5492
2026-07-22 03:55:00,1932.48,1932.48,1927.45,1928.77,1070.966,2067003.307416,7600
2026-07-22 04:00:00,1928.76,1933.5,1928.11,1933.07,816.9647,1577371.654369,9100
2026-07-22 04:05:00,1933.08,1934.19,1932.98,1933.34,673.1937,1301633.415388,6333
2026-07-22 04:10:00,1933.34,1934.29,1932.48,1933.99,632.819,1223522.243759,5656
2026-07-22 04:15:00,1933.99,1935.71,1933.6,1934.65,913.6253,1767724.751105,6111
2026-07-22 04:20:00,1934.65,1937.4,1934.52,1935.0,1979.5705,3831476.814517,9721
2026-07-22 04:25:00,1934.99,1936.4,1933.93,1935.27,1458.8215,2822712.695401,5702
2026-07-22 04:30:00,1935.27,1935.6,1933.88,1935.57,754.9813,1460644.240395,8073
2026-07-22 04:35:00,1935.57,1937.0,1934.71,1935.78,723.4405,1400403.275532,7007
2026-07-22 04:40:00,1935.78,1939.17,1935.35,1938.88,718.4999,1392199.389683,8466
2026-07-22 04:45:00,1938.88,1939.4,1936.31,1936.79,1741.2518,3374034.783171,7258
2026-07-22 04:50:00,1936.79,1938.14,1936.0,1936.7,1020.6594,1976671.457707,4775
2026-07-22 04:55:00,1936.7,1937.18,1935.98,1936.82,610.3919,1182125.671782,5211
2026-07-22 05:00:00,1936.83,1936.98,1933.18,1933.18,706.3529,1367087.047539,6186
2026-07-22 05:05:00,1933.17,1934.29,1932.76,1933.02,542.443,1048818.51216,4271
2026-07-22 05:10:00,1933.02,1933.75,1931.97,1932.53,760.718,1470293.734816,6172
2026-07-22 05:15:00,1932.53,1932.57,1928.0,1928.65,1279.2047,2468369.307894,7427
2026-07-22 05:20:00,1928.64,1928.65,1921.77,1923.75,1981.0881,3812411.230991,22490
2026-07-22 05:25:00,1923.76,1925.77,1922.71,1923.12,960.6168,1848340.933801,12025
2026-07-22 05:30:00,1923.11,1926.24,1922.12,1925.81,3170.6298,6102184.963678,14505
2026-07-22 05:35:00,1925.8,1925.8,1919.81,1920.65,1516.5085,2915249.997781,17091
2026-07-22 05:40:00,1920.64,1921.62,1919.64,1920.62,947.2765,1818938.606046,7364
2026-07-22 05:45:00,1920.61,1922.31,1919.79,1920.72,584.7762,1123269.816786,10339
2026-07-22 05:50:00,1920.72,1922.05,1918.27,1918.49,900.033,1728580.327742,10850
2026-07-22 05:55:00,1918.49,1920.97,1918.49,1919.35,731.3622,1404166.844558,7278
2026-07-22 06:00:00,1919.36,1921.1,1917.89,1919.63,690.8168,1326050.938208,11936
2026-07-22 06:05:00,1919.63,1920.04,1917.47,1917.89,904.3313,1734563.624453,7853
2026-07-22 06:10:00,1917.88,1920.5,1916.46,1919.98,576.0423,1105045.494158,6655
2026-07-22 06:15:00,1919.98,1919.98,1917.76,1918.61,405.1715,777357.693706,6066
2026-07-22 06:20:00,1918.6,1918.61,1914.0,1916.1,1232.0534,2360451.834993,11637
2026-07-22 06:25:00,1916.1,1916.11,1913.68,1914.73,722.495,1383317.756427,7383
2026-07-22 06:30:00,1914.74,1918.46,1913.34,1917.94,693.1699,1327766.619813,10503
2026-07-22 06:35:00,1917.93,1919.52,1917.18,1918.15,821.3606,1575655.210001,11067
2026-07-22 06:40:00,1918.15,1918.65,1917.75,1917.93,408.5177,783611.303703,6632
2026-07-22 06:45:00,1917.92,1917.93,1916.03,1917.39,499.4292,957432.889521,7505
2026-07-22 06:50:00,1917.4,1919.13,1917.04,1917.64,533.739,1023767.303465,6471
2026-07-22 06:55:00,1917.63,1917.64,1916.94,1917.4,363.7297,697379.714981,4515
2026-07-22 07:00:00,1917.41,1919.0,1917.16,1917.85,588.1225,1128047.715697,9505
2026-07-22 07:05:00,1917.85,1917.85,1915.98,1916.88,1009.5789,1935224.007016,7823
2026-07-22 07:10:00,1916.89,1917.76,1916.0,1916.33,603.2606,1156339.109678,7985
2026-07-22 07:15:00,1916.34,1917.93,1912.83,1915.12,1891.5092,3621780.769143,9682
2026-07-22 07:20:00,1915.12,1917.55,1915.0,1915.0,608.1561,1165455.368492,6074
2026-07-22 07:25:00,1915.0,1918.27,1914.2,1918.26,409.2389,784118.046297,6470
2026-07-22 07:30:00,1918.27,1918.78,1915.03,1915.19,757.9951,1452552.234958,8920
2026-07-22 07:35:00,1915.2,1915.35,1912.12,1912.12,1229.6665,2353798.539044,10594
2026-07-22 07:40:00,1912.11,1913.6,1911.1,1912.97,1678.2666,3209532.25711,17159
2026-07-22 07:45:00,1912.97,1914.47,1910.68,1910.93,3062.1139,5858259.838218,9314
2026-07-22 07:50:00,1910.94,1913.78,1910.94,1913.56,1557.9968,2979418.989578,6500
2026-07-22 07:55:00,1913.56,1914.63,1913.56,1914.44,593.1467,1135366.803929,3664
2026-07-22 08:00:00,1914.43,1918.3,1914.08,1918.29,1143.3479,2190883.077572,8100
2026-07-22 08:05:00,1918.29,1923.48,1918.29,1922.52,2091.9979,4020272.415186,14774
2026-07-22 08:10:00,1922.53,1922.97,1920.41,1920.9,902.6661,1734267.725205,10048
2026-07-22 08:15:00,1920.9,1921.81,1919.95,1921.59,651.1546,1250744.580754,7617
2026-07-22 08:20:00,1921.58,1925.15,1921.58,1922.7,2579.3309,4963977.681283,11316
2026-07-22 08:25:00,1922.71,1922.71,1921.34,1921.74,543.3744,1044355.922053,6791
2026-07-22 08:30:00,1921.74,1923.59,1921.66,1922.56,801.0985,1540190.383473,8555
2026-07-22 08:35:00,1922.55,1922.73,1919.72,1920.52,795.7782,1528709.020731,8392
2026-07-22 08:40:00,1920.53,1921.1,1918.92,1919.23,620.9821,1192152.025806,6873
2026-07-22 08:45:00,1919.23,1921.78,1919.23,1920.14,1280.0507,2458082.419499,7123
2026-07-22 08:50:00,1920.13,1921.47,1919.28,1921.09,491.3338,943477.252559,5791
2026-07-22 08:55:00,1921.09,1921.55,1920.76,1921.32,457.0167,877934.627971,3716
2026-07-22 09:00:00,1921.33,1923.0,1920.9,1923.0,746.3707,1434314.079204,5907
2026-07-22 09:05:00,1923.0,1926.35,1920.89,1925.94,908.9248,1748749.919095,11565
2026-07-22 09:10:00,1925.95,1926.5,1923.53,1924.14,953.1144,1834893.257667,11628
2026-07-22 09:15:00,1924.14,1925.5,1923.97,1925.03,821.5402,1581348.559747,6437
2026-07-22 09:20:00,1925.03,1925.89,1924.17,1924.85,667.2213,1284501.656311,6145
2026-07-22 09:25:00,1924.85,1925.72,1924.75,1925.07,598.5048,1152249.003314,4473
2026-07-22 09:30:00,1925.08,1925.08,1920.36,1921.02,915.0738,1759744.889921,9554
2026-07-22 09:35:00,1921.02,1921.66,1919.41,1920.75,979.6737,1881402.773037,9450
2026-07-22 09:40:00,1920.75,1921.84,1920.74,1921.37,708.7727,1361738.982276,4923
2026-07-22 09:45:00,1921.38,1922.41,1921.37,1921.59,608.3506,1169192.918851,5050
2026-07-22 09:50:00,1921.59,1922.0,1919.62,1922.0,684.8438,1315185.963022,5297
2026-07-22 09:55:00,1921.99,1924.79,1921.88,1924.49,617.5897,1188049.954442,5018
2026-07-22 10:00:00,1924.49,1925.45,1923.5,1924.29,626.4537,1205363.990456,4531
2026-07-22 10:05:00,1924.3,1924.98,1923.25,1924.19,281.1052,540856.05358,3655
2026-07-22 10:10:00,1924.19,1925.1,1923.84,1924.4,292.6393,563188.522432,4851
2026-07-22 10:15:00,1924.41,1925.02,1923.38,1924.42,463.1616,891224.351389,5055
2026-07-22 10:20:00,1924.42,1927.67,1924.2,1925.33,3389.1664,6526420.280779,8454
2026-07-22 10:25:00,1925.33,1928.62,1925.33,1928.44,586.3286,1130113.656499,5387
2026-07-22 10:30:00,1928.44,1929.46,1927.11,1927.96,758.7501,1463095.560715,6678
2026-07-22 10:35:00,1927.96,1928.9,1927.14,1927.67,392.6676,757024.360373,5958
2026-07-22 10:40:00,1927.67,1931.73,1927.27,1930.89,922.7288,1780669.585845,5475
2026-07-22 10:45:00,1930.89,1933.62,1930.43,1933.02,1654.5901,3196836.017983,15977
2026-07-22 10:50:00,1933.02,1933.02,1932.0,1932.65,358.4938,692764.085689,4877
2026-07-22 10:55:00,1932.64,1932.65,1930.24,1930.82,578.8081,1117930.968858,6504
2026-07-22 11:00:00,1930.82,1931.3,1929.64,1930.3,480.8221,928103.420383,7440
2026-07-22 11:05:00,1930.3,1931.5,1929.0,1929.3,410.2206,791770.209658,6887
2026-07-22 11:10:00,1929.3,1929.58,1928.72,1929.03,185.7083,358258.246965,3687
2026-07-22 11:15:00,1929.02,1929.03,1926.97,1927.4,283.7068,547003.655199,4896
2026-07-22 11:20:00,1927.4,1930.08,1927.4,1930.06,292.7485,564820.193558,4899
2026-07-22 11:25:00,1930.07,1930.07,1927.8,1928.34,291.6749,562519.855508,4986
2026-07-22 11:30:00,1928.34,1929.1,1927.29,1928.85,212.2833,409376.236785,4511
2026-07-22 11:35:00,1928.84,1929.17,1926.84,1928.5,315.0806,607544.471331,6710
2026-07-22 11:40:00,1928.51,1928.51,1922.66,1922.85,1449.8331,2792156.409911,12994
2026-07-22 11:45:00,1922.84,1927.81,1922.36,1927.31,316.3637,609013.18982,6417
2026-07-22 11:50:00,1927.31,1927.58,1926.72,1927.57,202.7391,390711.19341,3079
2026-07-22 11:55:00,1927.57,1927.96,1926.93,1927.27,130.2496,251051.956416,2456
2026-07-22 12:00:00,1927.26,1927.4,1924.15,1924.56,257.196,495329.06432,7709
2026-07-22 12:05:00,1924.56,1925.09,1922.64,1924.11,389.9331,750204.358879,5549
2026-07-22 12:10:00,1924.1,1926.34,1924.1,1926.34,279.0109,537214.491467,3264
2026-07-22 12:15:00,1926.34,1927.45,1923.47,1923.74,205.5433,395725.3972,5643
2026-07-22 12:20:00,1923.74,1924.81,1922.83,1922.99,153.412,295129.181952,3484
2026-07-22 12:25:00,1922.98,1924.58,1922.77,1923.69,142.9869,275027.296967,2431
2026-07-22 12:30:00,1923.7,1925.32,1921.02,1921.11,610.0626,1173369.762974,8335
2026-07-22 12:35:00,1921.11,1923.45,1920.55,1922.88,521.4013,1002274.005818,6158
2026-07-22 12:40:00,1922.88,1923.29,1921.15,1921.21,337.7074,649195.767177,3486
2026-07-22 12:45:00,1921.2,1922.9,1918.25,1919.17,971.3661,1865881.022177,5976
2026-07-22 12:50:00,1919.16,1921.76,1918.94,1921.06,553.7753,1063369.051048,4579
2026-07-22 12:55:00,1921.06,1921.06,1913.26,1917.17,2508.9409,4807945.069488,19232
2026-07-22 13:00:00,1917.17,1919.79,1917.0,1919.26,669.8831,1284907.251342,7697
2026-07-22 13:05:00,1919.27,1921.36,1917.92,1921.25,561.1571,1077123.39191,8904
2026-07-22 13:10:00,1921.25,1921.25,1919.62,1920.11,189.6071,364133.49751,4750
2026-07-22 13:15:00,1920.12,1920.81,1918.81,1920.81,383.4953,736182.044891,5285
2026-07-22 13:20:00,1920.81,1920.81,1919.03,1920.02,289.0746,554999.287469,4283
2026-07-22 13:25:00,1920.02,1922.6,1919.62,1921.44,651.5507,1251857.273239,7544
2026-07-22 13:30:00,1921.45,1931.62,1921.45,1931.32,1850.0115,3563842.712209,21474
2026-07-22 13:35:00,1931.32,1936.25,1928.93,1933.02,1913.5416,3697969.189276,19938
2026-07-22 13:40:00,1933.02,1939.17,1931.01,1937.15,3475.1271,6730229.350982,21278
2026-07-22 13:45:00,1937.16,1942.43,1936.13,1939.33,2125.0305,4121461.426143,38409
2026-07-22 13:50:00,1939.33,1939.98,1935.15,1939.64,2550.1977,4940897.245173,26344
2026-07-22 13:55:00,1939.64,1941.51,1937.1,1939.93,1107.7884,2148269.52028,14578
2026-07-22 14:00:00,1939.92,1942.66,1938.13,1941.99,1221.2013,2369165.849147,15977
2026-07-22 14:05:00,1941.99,1955.92,1941.95,1944.87,11083.2213,21601566.656934,58412
2026-07-22 14:10:00,1944.86,1947.23,1941.51,1941.51,1464.6298,2847939.741141,18398
2026-07-22 14:15:00,1941.5,1941.5,1932.85,1934.82,2558.1151,4952398.271638,27410
2026-07-22 14:20:00,1934.82,1934.94,1927.54,1929.33,1906.7023,3681934.471979,16044
2026-07-22 14:25:00,1929.32,1931.59,1923.01,1925.06,1639.2154,3157791.24729,15422
2026-07-22 14:30:00,1925.05,1929.63,1923.58,1928.33,1092.2351,2104875.573928,12110
2026-07-22 14:35:00,1928.33,1935.36,1927.8,1930.85,797.6703,1541119.55593,11907
2026-07-22 14:40:00,1930.86,1931.06,1927.52,1927.52,616.9709,1190448.216063,8925
2026-07-22 14:45:00,1927.52,1931.66,1926.94,1930.08,416.1153,802800.610892,9968
2026-07-22 14:50:00,1930.08,1932.64,1929.1,1930.38,680.4282,1313773.86682,8005
2026-07-22 14:55:00,1930.38,1933.2,1928.18,1933.2,418.9252,808700.914013,6281
2026-07-22 15:00:00,1933.2,1940.9,1933.0,1937.52,1190.8843,2306831.626754,16391
2026-07-22 15:05:00,1937.52,1939.08,1936.69,1937.62,621.4497,1204484.472223,8427
2026-07-22 15:10:00,1937.62,1943.37,1937.6,1942.04,778.9253,1511138.148492,11721
2026-07-22 15:15:00,1942.04,1945.6,1940.78,1945.02,2119.5289,4119502.967151,21714
2026-07-22 15:20:00,1945.02,1952.36,1945.02,1947.9,3836.1228,7477937.318045,31333
2026-07-22 15:25:00,1947.89,1952.0,1946.53,1948.63,1517.4276,2958035.037288,19356
2026-07-22 15:30:00,1948.64,1950.31,1942.64,1942.64,1447.0931,2817106.108727,19861
2026-07-22 15:35:00,1942.64,1944.55,1940.9,1943.32,785.2787,1525645.649121,10521
2026-07-22 15:40:00,1943.33,1945.11,1941.53,1944.33,660.7208,1284063.924866,9045
2026-07-22 15:45:00,1944.33,1946.9,1941.56,1945.56,870.5316,1692977.58568,9394
2026-07-22 15:50:00,1945.57,1946.58,1942.64,1943.13,549.454,1068407.026608,6353
2026-07-22 15:55:00,1943.12,1944.46,1941.41,1943.03,882.3868,1714096.115922,11371
2026-07-22 16:00:00,1943.04,1943.5,1939.32,1940.85,829.7684,1610725.490729,14318
2026-07-22 16:05:00,1940.84,1947.24,1940.69,1945.92,833.1129,1620092.927042,15088
2026-07-22 16:10:00,1945.91,1945.91,1943.19,1944.39,447.5121,870160.150266,10372
2026-07-22 16:15:00,1944.39,1944.39,1937.93,1941.97,745.2951,1446159.52584,14173
2026-07-22 16:20:00,1941.97,1942.25,1939.8,1940.27,476.2683,924401.542371,8873
2026-07-22 16:25:00,1940.27,1940.27,1935.42,1939.72,1379.3357,2672969.981026,12350
2026-07-22 16:30:00,1939.72,1955.76,1939.29,1954.91,4865.0902,9489627.054055,26514
2026-07-22 16:35:00,1954.91,1956.45,1950.3,1955.39,2982.0157,5823695.467391,21846
2026-07-22 16:40:00,1955.4,1955.4,1950.82,1951.25,942.3293,1839840.212836,14134
2026-07-22 16:45:00,1951.25,1952.2,1947.77,1948.22,781.207,1522905.2449,15187
2026-07-22 16:50:00,1948.23,1950.58,1946.87,1946.88,331.7408,646565.040055,7886
2026-07-22 16:55:00,1946.88,1950.31,1946.88,1949.84,285.7923,557120.198374,6510
2026-07-22 17:00:00,1949.84,1950.3,1947.11,1947.84,456.417,889502.675084,8758
2026-07-22 17:05:00,1947.83,1950.15,1947.28,1947.84,516.1529,1005703.55454,8590
2026-07-22 17:10:00,1947.85,1948.51,1945.58,1946.03,625.3831,1217619.331873,9198
2026-07-22 17:15:00,1946.03,1946.14,1941.53,1942.39,1037.814,2017003.347008,12998
2026-07-22 17:20:00,1942.39,1942.8,1938.44,1939.87,1462.2724,2837238.920925,15412
2026-07-22 17:25:00,1939.87,1939.88,1934.97,1936.76,1453.8021,2816528.672988,16962
2026-07-22 17:30:00,1936.77,1941.71,1936.41,1939.65,965.7288,1873336.584552,13137
2026-07-22 17:35:00,1939.65,1942.95,1938.32,1942.72,511.1182,992171.185798,8569
2026-07-22 17:40:00,1942.72,1944.79,1941.92,1944.2,524.5882,1019480.006508,7418
2026-07-22 17:45:00,1944.2,1946.44,1943.05,1944.44,553.8394,1077152.850616,8319
2026-07-22 17:50:00,1944.43,1945.0,1939.42,1939.9,837.2458,1625225.798011,7700
2026-07-22 17:55:00,1939.86,1941.1,1938.33,1938.53,870.4238,1688001.69761,7249
2026-07-22 18:00:00,1938.53,1939.82,1936.57,1939.49,836.7131,1621767.957135,9058
2026-07-22 18:05:00,1939.49,1940.0,1933.31,1933.4,1172.6005,2270512.54795,10734
2026-07-22 18:10:00,1933.4,1935.98,1932.9,1935.75,486.229,940635.592588,7294
2026-07-22 18:15:00,1935.76,1938.4,1934.79,1937.21,571.7786,1107425.782155,5349
2026-07-22 18:20:00,1937.21,1939.38,1933.06,1933.5,694.8166,1345062.582318,8351
2026-07-22 18:25:00,1933.5,1933.95,1932.41,1933.42,363.6206,702886.775626,5052
2026-07-22 18:30:00,1933.42,1933.42,1925.77,1926.45,2479.4988,4783441.132101,16275
2026-07-22 18:35:00,1926.44,1928.22,1923.2,1924.25,2238.7351,4310979.718215,12907
2026-07-22 18:40:00,1924.25,1926.21,1923.88,1925.89,714.1202,1374739.111821,6747
2026-07-22 18:45:00,1925.9,1929.62,1924.95,1927.81,842.6432,1624201.981089,9128
2026-07-22 18:50:00,1927.81,1930.99,1927.65,1930.96,460.4303,888308.997127,7383
2026-07-22 18:55:00,1930.97,1932.67,1930.56,1930.69,459.2179,886992.109293,6138
2026-07-22 19:00:00,1930.69,1931.88,1928.56,1929.56,415.6642,802166.260954,6973
2026-07-22 19:05:00,1929.55,1929.55,1926.51,1926.51,287.7927,554860.801783,4335
2026-07-22 19:10:00,1926.51,1926.65,1921.0,1924.52,1142.7868,2197969.961974,11576
2026-07-22 19:15:00,1924.52,1928.0,1924.27,1927.8,343.4814,661538.433403,4917
2026-07-22 19:20:00,1927.81,1927.81,1925.83,1926.92,307.3547,592199.919769,5947
2026-07-22 19:25:00,1926.92,1928.8,1926.57,1927.28,429.1915,827212.69749,5348
2026-07-22 19:30:00,1927.29,1928.96,1926.99,1927.42,202.601,390626.123678,4412
2026-07-22 19:35:00,1927.43,1928.48,1926.5,1926.79,486.1608,937153.872004,6369
2026-07-22 19:40:00,1926.8,1927.47,1924.84,1924.98,347.9273,670154.753076,5535
2026-07-22 19:45:00,1924.98,1926.6,1924.01,1925.98,255.1224,491237.019426,6668
2026-07-22 19:50:00,1925.98,1927.72,1924.1,1925.25,653.6624,1258714.099325,10601
2026-07-22 19:55:00,1925.24,1926.57,1924.91,1925.13,415.0502,799315.091004,6150
2026-07-22 20:00:00,1925.14,1928.41,1923.45,1925.66,2358.0337,4542508.738339,23930
2026-07-22 20:05:00,1925.67,1926.52,1922.95,1926.31,357.5283,688380.457451,7037
2026-07-22 20:10:00,1926.3,1929.15,1925.41,1929.1,240.8258,464129.957897,4162
2026-07-22 20:15:00,1929.1,1929.86,1927.18,1928.83,303.3841,585028.777412,5135
2026-07-22 20:20:00,1928.83,1929.56,1927.43,1928.37,297.6516,573966.072745,3005
2026-07-22 20:25:00,1928.37,1930.4,1927.28,1927.78,445.8143,859921.56732,3275
2026-07-22 20:30:00,1927.77,1929.17,1926.52,1926.52,348.9447,672631.244542,3367
2026-07-22 20:35:00,1926.51,1927.84,1926.43,1927.8,186.9349,360241.124618,2738
2026-07-22 20:40:00,1927.8,1928.13,1927.04,1928.1,140.2435,270321.86221,2141
2026-07-22 20:45:00,1928.1,1928.1,1926.43,1926.66,354.7093,683466.195619,2543
2026-07-22 20:50:00,1926.65,1928.39,1926.65,1926.81,221.5745,427091.825613,2299
2026-07-22 20:55:00,1926.81,1927.44,1926.23,1926.76,192.465,370874.877771,2092
2026-07-22 21:00:00,1926.76,1927.71,1926.76,1927.44,190.3661,366887.848617,1795
2026-07-22 21:05:00,1927.45,1930.01,1927.44,1929.48,476.1678,918426.400179,3470
2026-07-22 21:10:00,1929.49,1929.81,1927.64,1927.64,223.64,431326.520569,2172
2026-07-22 21:15:00,1927.64,1929.5,1926.93,1928.0,315.8558,609171.784765,2489
2026-07-22 21:20:00,1928.0,1929.39,1927.99,1928.98,132.2051,254987.127525,2419
2026-07-22 21:25:00,1928.98,1928.98,1928.09,1928.09,125.0081,241092.731744,2049
2026-07-22 21:30:00,1928.08,1929.15,1927.81,1929.12,328.5719,633599.980923,2845
2026-07-22 21:35:00,1929.11,1934.3,1928.87,1933.28,701.8962,1356395.959157,9278
2026-07-22 21:40:00,1933.29,1935.99,1933.29,1935.62,770.0358,1490033.109324,12007
2026-07-22 21:45:00,1935.62,1937.33,1933.7,1937.33,528.8036,1023281.276009,11281
2026-07-22 21:50:00,1937.33,1939.7,1935.99,1936.65,690.2857,1337846.309942,10916
2026-07-22 21:55:00,1936.66,1938.76,1935.94,1938.76,379.5898,735195.227795,5698
2026-07-22 22:00:00,1938.76,1939.23,1934.26,1936.52,1061.3396,2055777.30351,22579
2026-07-22 22:05:00,1936.52,1937.6,1935.26,1935.99,437.983,847888.032641,6577
2026-07-22 22:10:00,1936.0,1937.41,1935.74,1936.21,254.6047,493012.544225,5752
2026-07-22 22:15:00,1936.21,1936.66,1934.0,1934.53,394.9743,764255.39471,6254
2026-07-22 22:20:00,1934.53,1935.14,1932.89,1934.81,268.1304,518490.934733,6311
2026-07-22 22:25:00,1934.8,1936.33,1934.7,1936.16,127.1115,246047.649896,2769
2026-07-22 22:30:00,1936.16,1936.17,1932.96,1932.96,403.5365,780782.282471,5753
2026-07-22 22:35:00,1932.96,1933.13,1930.91,1932.89,997.3212,1927064.182043,8874
2026-07-22 22:40:00,1932.88,1933.9,1932.85,1933.35,455.4114,880395.526011,2325
2026-07-22 22:45:00,1933.35,1935.59,1933.35,1935.58,1294.1495,2502564.40947,4310
2026-07-22 22:50:00,1935.59,1937.0,1934.77,1937.0,1179.7823,2283356.208415,4082
2026-07-22 22:55:00,1936.99,1938.77,1936.62,1938.42,556.4027,1078136.910187,3805
2026-07-22 23:00:00,1938.43,1938.43,1934.7,1935.08,637.6821,1235155.12932,4808
2026-07-22 23:05:00,1935.09,1936.76,1934.9,1936.31,336.5256,651455.488619,2296
2026-07-22 23:10:00,1936.32,1936.76,1923.6,1925.64,3708.4445,7153083.133843,11127
2026-07-22 23:15:00,1925.64,1927.71,1923.71,1926.37,593.2163,1142357.651695,7285
2026-07-22 23:20:00,1926.38,1929.48,1926.37,1929.47,302.3795,583012.47087,2884
2026-07-22 23:25:00,1929.47,1930.72,1928.37,1928.91,407.1069,785698.60558,3937
2026-07-22 23:30:00,1928.91,1930.13,1928.82,1929.0,267.3421,515916.67615,2858
2026-07-22 23:35:00,1929.0,1930.67,1928.47,1930.33,196.0271,378252.879566,2877
2026-07-22 23:40:00,1930.33,1930.58,1929.14,1929.96,127.0384,245166.024749,2246
2026-07-22 23:45:00,1929.96,1931.76,1929.16,1931.67,222.0228,428669.142352,3096
2026-07-22 23:50:00,1931.67,1933.05,1931.43,1932.75,531.5489,1026967.939907,2704
2026-07-22 23:55:00,1932.75,1934.71,1932.17,1934.25,289.583,559990.959212,3267
2026-07-23 00:00:00,1934.26,1935.42,1933.27,1935.29,512.7872,991854.616306,4541
2026-07-23 00:05:00,1935.28,1938.5,1934.8,1937.01,515.1471,997430.066674,5752
2026-07-23 00:10:00,1937.01,1937.2,1933.8,1935.13,1229.5481,2380284.286514,5446
2026-07-23 00:15:00,1935.14,1937.43,1932.41,1935.29,1253.6295,2424970.724658,5482
2026-07-23 00:20:00,1935.3,1939.65,1935.3,1939.39,939.0793,1819812.008789,5802
2026-07-23 00:25:00,1939.38,1941.5,1938.3,1938.55,772.1541,1497873.641616,6618
2026-07-23 00:30:00,1938.54,1939.59,1936.14,1939.59,610.2267,1182639.706243,6191
2026-07-23 00:35:00,1939.59,1940.07,1936.13,1936.73,366.1551,709467.721528,5010
2026-07-23 00:40:00,1936.72,1937.39,1935.69,1935.69,282.3246,546763.50561,3180
2026-07-23 00:45:00,1935.69,1937.28,1935.42,1935.84,457.9605,886814.666334,3145
2026-07-23 00:50:00,1935.84,1937.63,1935.07,1935.89,346.459,670761.88539,3875
2026-07-23 00:55:00,1935.89,1935.89,1932.37,1932.37,520.7219,1006972.095252,3851
2026-07-23 01:00:00,1932.36,1934.75,1932.15,1934.75,281.9392,544986.85482,4028
2026-07-23 01:05:00,1934.75,1936.7,1931.32,1931.32,425.9251,823786.920062,5265
2026-07-23 01:10:00,1931.33,1933.52,1931.22,1933.08,202.1043,390624.346735,3279
2026-07-23 01:15:00,1933.09,1933.51,1928.49,1929.04,803.7089,1551295.20337,6059
2026-07-23 01:20:00,1929.04,1934.68,1928.38,1932.92,863.3838,1667777.831177,7844
2026-07-23 01:25:00,1932.92,1935.01,1932.49,1933.68,292.0391,564765.996428,4222
2026-07-23 01:30:00,1933.67,1934.54,1928.13,1929.02,784.3267,1514160.158608,8490
2026-07-23 01:35:00,1929.02,1929.32,1926.61,1927.62,762.9435,1470859.097526,7717
2026-07-23 01:40:00,1927.61,1929.26,1927.18,1928.11,312.5956,602816.771011,5108
2026-07-23 01:45:00,1928.1,1929.85,1927.96,1929.33,262.1215,505590.911804,3760
2026-07-23 01:50:00,1929.33,1930.05,1927.6,1929.87,321.5609,620343.756261,6884
2026-07-23 01:55:00,1929.87,1930.25,1928.39,1928.39,287.6099,554926.836049,4290
2026-07-23 02:00:00,1928.38,1929.56,1925.31,1929.5,484.4275,933439.576003,12553
2026-07-23 02:05:00,1929.51,1929.7,1927.27,1927.29,330.2542,636757.473464,6364
2026-07-23 02:10:00,1927.29,1928.09,1925.32,1925.32,391.283,753887.430807,4849
2026-07-23 02:15:00,1925.32,1926.73,1924.34,1926.3,479.9621,924058.292885,4149
2026-07-23 02:20:00,1926.3,1926.62,1923.29,1924.55,366.2762,704962.284258,4836
2026-07-23 02:25:00,1924.55,1924.66,1921.81,1924.44,526.2381,1012259.265521,5277
2026-07-23 02:30:00,1924.45,1927.92,1924.02,1927.7,492.9601,949385.962455,4660
2026-07-23 02:35:00,1927.71,1928.0,1925.09,1925.61,270.5325,521178.488104,3945
2026-07-23 02:40:00,1925.61,1926.28,1924.57,1926.02,228.3601,439679.527837,3574
2026-07-23 02:45:00,1926.03,1927.81,1925.77,1926.18,400.9106,772489.752612,4488
2026-07-23 02:50:00,1926.18,1927.93,1925.81,1927.21,344.2151,663184.015635,3118
2026-07-23 02:55:00,1927.21,1928.35,1927.2,1927.6,204.7107,394613.970658,1571
2026-07-23 03:00:00,1927.6,1928.03,1925.33,1925.46,259.1599,499411.446252,4248
2026-07-23 03:05:00,1925.46,1925.91,1923.21,1924.78,556.3581,1070626.834689,6462
2026-07-23 03:10:00,1924.77,1924.77,1920.39,1921.92,686.5475,1319627.339359,5946
2026-07-23 03:15:00,1921.93,1922.81,1920.99,1922.02,287.8002,553121.008545,4976
2026-07-23 03:20:00,1922.02,1924.84,1922.02,1922.94,319.9207,615363.63839,4079
2026-07-23 03:25:00,1922.94,1923.25,1920.5,1922.67,836.4211,1607161.729666,3971
2026-07-23 03:30:00,1922.67,1925.06,1922.5,1923.83,390.0128,750398.510315,4457
2026-07-23 03:35:00,1923.82,1924.5,1922.62,1924.23,280.312,539283.381666,2872
2026-07-23 03:40:00,1924.24,1924.28,1921.56,1922.79,283.232,544530.812057,2579
2026-07-23 03:45:00,1922.79,1922.83,1918.7,1918.99,1865.6676,3582921.312193,5719
2026-07-23 03:50:00,1918.99,1920.84,1917.57,1920.23,1152.6889,2212296.83667,6405
2026-07-23 03:55:00,1920.23,1920.65,1919.88,1920.55,149.0327,286161.309723,1233
2026-07-23 04:00:00,1920.56,1920.56,1919.17,1920.34,404.7581,777094.807744,4690
2026-07-23 04:05:00,1920.35,1921.15,1918.63,1919.74,730.8114,1403130.520862,5580
2026-07-23 04:10:00,1919.73,1922.7,1919.48,1922.7,597.4464,1147559.681207,3197
2026-07-23 04:15:00,1922.7,1923.52,1921.4,1921.58,307.3065,590867.748397,2920
2026-07-23 04:20:00,1921.57,1924.61,1921.57,1924.48,243.5515,468498.031977,2241
2026-07-23 04:25:00,1924.48,1926.02,1924.32,1925.21,441.8337,850807.554728,3077
2026-07-23 04:30:00,1925.21,1925.21,1922.33,1923.92,638.7402,1228599.988425,5813
2026-07-23 04:35:00,1923.91,1923.92,1922.71,1922.8,255.8039,492015.983368,3396
2026-07-23 04:40:00,1922.81,1923.01,1921.95,1922.59,290.3001,558101.972811,3004
2026-07-23 04:45:00,1922.59,1923.62,1921.96,1921.97,225.6914,433954.597259,3697
2026-07-23 04:50:00,1921.96,1921.96,1919.34,1919.58,878.5252,1687003.436705,4558
2026-07-23 04:55:00,1919.58,1920.0,1918.79,1919.74,703.9623,1351302.887168,4895
2026-07-23 05:00:00,1919.74,1919.87,1918.31,1918.77,445.2963,854522.2893,5613
2026-07-23 05:05:00,1918.77,1921.12,1918.76,1921.12,211.2343,405579.438872,4482
2026-07-23 05:10:00,1921.13,1921.19,1918.74,1919.9,335.0566,643354.253898,5596
2026-07-23 05:15:00,1919.9,1920.73,1918.67,1920.72,408.4013,784075.692362,4436
2026-07-23 05:20:00,1920.73,1922.45,1919.7,1920.86,253.3485,486705.406944,5141
2026-07-23 05:25:00,1920.86,1925.77,1920.85,1925.77,465.1145,894720.065801,5565
2026-07-23 05:30:00,1925.77,1928.69,1925.77,1926.19,481.1605,927422.009811,8116
2026-07-23 05:35:00,1926.18,1926.19,1924.89,1925.01,240.2791,462706.384071,3827
2026-07-23 05:40:00,1925.01,1925.96,1924.93,1925.4,120.4488,231943.076122,2302
2026-07-23 05:45:00,1925.39,1925.76,1922.14,1922.32,424.0669,816012.120133,6289
2026-07-23 05:50:00,1922.32,1922.39,1921.21,1921.76,249.6028,479704.935615,4191
2026-07-23 05:55:00,1921.76,1923.35,1921.6,1922.77,163.0031,313389.696788,1811
2026-07-23 06:00:00,1922.78,1923.34,1921.35,1922.08,527.1568,1013562.489753,5771
2026-07-23 06:05:00,1922.07,1923.07,1921.42,1921.76,337.2178,648324.62758,4460
2026-07-23 06:10:00,1921.76,1923.44,1921.07,1923.04,261.4825,502591.804946,3150
2026-07-23 06:15:00,1923.05,1925.11,1923.04,1925.1,171.8887,330687.647185,4927
2026-07-23 06:20:00,1925.1,1926.13,1921.6,1922.28,397.5613,765036.901041,7187
2026-07-23 06:25:00,1922.29,1926.2,1922.29,1926.2,593.4185,1142003.91651,7101
2026-07-23 06:30:00,1926.19,1926.2,1924.25,1924.26,340.2536,655034.320621,4536
2026-07-23 06:35:00,1924.26,1924.99,1923.98,1924.63,216.9174,417459.460735,3042
2026-07-23 06:40:00,1924.63,1926.59,1924.63,1925.95,380.9056,733594.849308,3203
2026-07-23 06:45:00,1925.95,1926.83,1925.86,1926.3,201.4533,388117.494573,2070
2026-07-23 06:50:00,1926.3,1926.36,1924.6,1925.83,198.4239,382090.885083,3097
2026-07-23 06:55:00,1925.83,1925.84,1925.05,1925.39,134.5021,258948.817076,1458
2026-07-23 07:00:00,1925.39,1925.39,1921.86,1922.82,401.5362,772291.145022,6932
2026-07-23 07:05:00,1922.81,1922.91,1921.23,1922.5,509.2844,978990.115853,5366
2026-07-23 07:10:00,1922.5,1924.0,1913.68,1917.77,3411.3093,6542424.7563,32432
2026-07-23 07:15:00,1917.77,1917.77,1914.67,1915.8,747.6244,1432569.535617,9629
2026-07-23 07:20:00,1915.8,1916.95,1914.3,1916.64,748.4072,1433934.320374,7539
2026-07-23 07:25:00,1916.65,1916.99,1914.89,1916.19,1514.7839,2902562.796405,5329
2026-07-23 07:30:00,1916.18,1916.79,1914.33,1915.11,709.8695,1359920.172779,6082
2026-07-23 07:35:00,1915.11,1915.71,1914.21,1914.88,623.2852,1193622.934296,4627
2026-07-23 07:40:00,1914.88,1915.19,1913.51,1913.52,671.9414,1286268.799993,4751
2026-07-23 07:45:00,1913.52,1915.09,1912.6,1914.26,4399.9264,8420251.216196,8944
2026-07-23 07:50:00,1914.26,1915.31,1913.04,1915.3,766.5407,1467177.557307,4408
2026-07-23 07:55:00,1915.31,1916.1,1915.3,1915.65,569.6722,1091299.888186,2565
2026-07-23 08:00:00,1915.65,1917.2,1914.44,1915.88,788.3801,1510506.395857,5348
2026-07-23 08:05:00,1915.89,1920.43,1915.88,1918.71,1527.0571,2928139.722531,5549
2026-07-23 08:10:00,1918.72,1920.19,1918.72,1919.53,328.8901,631324.944689,4662
2026-07-23 08:15:00,1919.53,1922.06,1918.29,1922.06,503.9212,967615.535513,6518
2026-07-23 08:20:00,1922.05,1922.71,1919.89,1919.99,335.7413,644908.475586,5978
2026-07-23 08:25:00,1920.0,1921.99,1919.42,1921.99,266.372,511586.047352,5057
2026-07-23 08:30:00,1922.0,1924.66,1921.99,1923.77,527.77,1015230.809139,7411
2026-07-23 08:35:00,1923.76,1924.66,1923.76,1923.94,255.9375,492460.81931,4064
2026-07-23 08:40:00,1923.95,1926.76,1923.54,1925.75,505.9866,974276.243778,7359
2026-07-23 08:45:00,1925.75,1925.83,1924.93,1925.46,349.0827,672165.737929,3198
2026-07-23 08:50:00,1925.46,1925.98,1924.32,1925.72,393.6117,757780.100417,5888
2026-07-23 08:55:00,1925.72,1927.41,1925.0,1926.54,387.6298,746505.226585,4115
2026-07-23 09:00:00,1926.54,1930.59,1924.53,1930.32,1396.3701,2691767.142947,11587
2026-07-23 09:05:00,1930.32,1930.32,1928.16,1929.99,1036.7613,2000118.667149,10406
2026-07-23 09:10:00,1929.99,1929.99,1928.84,1929.31,2389.145,4610032.154689,5622
2026-07-23 09:15:00,1929.31,1930.61,1929.3,1930.61,641.0032,1237138.526143,4425
2026-07-23 09:20:00,1930.6,1931.66,1928.3,1928.3,663.1226,1279771.236783,6454
2026-07-23 09:25:00,1928.3,1930.03,1927.95,1929.5,558.1787,1076782.914171,4758
2026-07-23 09:30:00,1929.51,1929.86,1927.61,1928.23,468.6592,904002.174686,5847
2026-07-23 09:35:00,1928.23,1929.13,1928.19,1928.56,308.4288,594850.160616,2307
2026-07-23 09:40:00,1928.55,1929.69,1928.08,1929.21,793.6601,1530865.060696,4707
2026-07-23 09:45:00,1929.2,1929.74,1927.84,1927.84,495.2883,955170.847418,3760
2026-07-23 09:50:00,1927.85,1927.85,1925.76,1925.97,610.8677,1176826.926621,7848
2026-07-23 09:55:00,1925.98,1926.28,1923.4,1924.36,619.9237,1193598.92654,5737
2026-07-23 10:00:00,1924.36,1925.2,1922.13,1924.86,468.8882,901994.847188,8113
2026-07-23 10:05:00,1924.85,1925.98,1924.0,1925.04,348.9634,671700.162324,6756
2026-07-23 10:10:00,1925.04,1926.53,1925.01,1926.52,212.5116,409292.387116,4633
2026-07-23 10:15:00,1926.52,1927.24,1925.61,1926.45,422.6017,814058.240102,6395
2026-07-23 10:20:00,1926.44,1926.74,1925.43,1926.74,317.6785,611810.725888,4827
2026-07-23 10:25:00,1926.73,1928.56,1926.73,1928.13,318.2388,613600.409047,4356
2026-07-23 10:30:00,1928.14,1929.7,1927.96,1928.42,998.3366,1926060.143631,7862
2026-07-23 10:35:00,1928.41,1929.46,1928.41,1929.14,223.3511,430861.390112,3117
2026-07-23 10:40:00,1929.14,1929.73,1928.83,1929.73,264.8767,511005.665447,3390
2026-07-23 10:45:00,1929.72,1930.43,1929.25,1930.43,233.6606,450906.036592,3005
2026-07-23 10:50:00,1930.42,1930.43,1927.93,1928.03,310.3892,598717.42861,3741
2026-07-23 10:55:00,1928.03,1928.5,1928.03,1928.14,119.8975,231193.906453,1863
2026-07-23 11:00:00,1928.15,1928.38,1926.15,1926.8,374.0539,720937.095733,4773
2026-07-23 11:05:00,1926.79,1927.36,1925.46,1926.43,291.4504,561453.126842,4356
2026-07-23 11:10:00,1926.44,1928.5,1926.44,1928.5,242.0274,466475.959729,3185
2026-07-23 11:15:00,1928.49,1929.08,1927.43,1927.74,194.0912,374265.268424,2866
2026-07-23 11:20:00,1927.74,1927.75,1925.36,1925.96,338.5189,652097.573149,4354
2026-07-23 11:25:00,1925.95,1927.01,1925.67,1926.21,403.9865,778207.759663,5350
2026-07-23 11:30:00,1926.2,1927.06,1925.35,1926.87,333.8536,643004.586598,5516
2026-07-23 11:35:00,1926.87,1926.88,1924.63,1925.94,541.6947,1043139.618959,6997
2026-07-23 11:40:00,1925.95,1926.43,1925.16,1925.97,397.519,765521.089286,5709
2026-07-23 11:45:00,1925.97,1926.8,1925.5,1926.41,415.0446,799455.568301,5088
2026-07-23 11:50:00,1926.41,1928.56,1925.35,1925.35,1156.594,2228432.661471,7914
2026-07-23 11:55:00,1925.35,1926.05,1925.23,1926.04,314.42,605454.814309,2612
2026-07-23 12:00:00,1926.03,1927.99,1924.72,1926.84,620.4285,1194919.737621,7820
2026-07-23 12:05:00,1926.84,1927.29,1923.27,1923.5,421.5743,811367.256768,7757
2026-07-23 12:10:00,1923.5,1924.34,1922.25,1923.66,401.2832,771765.919057,6576
2026-07-23 12:15:00,1923.66,1924.29,1920.08,1920.3,1443.1862,2773738.213014,14273
2026-07-23 12:20:00,1920.3,1923.35,1918.32,1919.61,932.3834,1791085.890255,10722
2026-07-23 12:25:00,1919.62,1921.1,1918.8,1919.1,660.6525,1268391.422467,5594
2026-07-23 12:30:00,1919.1,1919.1,1912.0,1913.79,4312.8816,8254274.86879,19261
2026-07-23 12:35:00,1913.79,1914.17,1905.0,1907.26,4637.0014,8851876.35934,24541
2026-07-23 12:40:00,1907.25,1907.25,1903.38,1904.63,2842.9599,5416633.831314,15608
2026-07-23 12:45:00,1904.63,1904.71,1894.0,1899.9,6972.8213,13239971.034165,40336
2026-07-23 12:50:00,1899.89,1905.69,1899.23,1904.89,2062.8519,3926663.748415,15896
2026-07-23 12:55:00,1904.9,1905.0,1902.83,1904.64,1361.4343,2592343.092218,7192
2026-07-23 13:00:00,1904.67,1907.36,1901.01,1901.5,1265.1994,2409900.05074,11724
2026-07-23 13:05:00,1901.51,1902.54,1898.14,1898.62,909.9785,1729194.10783,9812
2026-07-23 13:10:00,1898.63,1900.44,1897.53,1898.37,1384.2759,2628952.794606,9646
2026-07-23 13:15:00,1898.38,1899.92,1897.59,1898.85,916.2757,1739486.484581,8905
2026-07-23 13:20:00,1898.85,1901.4,1898.34,1900.8,1221.0753,2320499.328724,10556
2026-07-23 13:25:00,1900.8,1901.36,1895.47,1898.06,1296.5684,2460771.395618,15987
2026-07-23 13:30:00,1898.06,1906.55,1897.76,1906.25,2149.6106,4089388.125875,22694
2026-07-23 13:35:00,1906.25,1906.89,1900.16,1902.42,1364.3198,2597099.451334,17499
2026-07-23 13:40:00,1902.42,1908.41,1902.42,1907.73,1187.4661,2263874.914522,16101
2026-07-23 13:45:00,1907.73,1909.19,1900.53,1903.39,2159.0199,4111184.147883,18582
2026-07-23 13:50:00,1903.38,1909.04,1899.55,1906.76,1621.5138,3087646.709692,14558
2026-07-23 13:55:00,1906.76,1907.71,1898.66,1898.72,859.6665,1635714.413351,15852
2026-07-23 14:00:00,1898.73,1901.71,1896.29,1901.06,1036.9863,1969538.375601,14953
2026-07-23 14:05:00,1901.07,1903.27,1895.81,1900.24,1465.0344,2783653.387115,15126
2026-07-23 14:10:00,1900.25,1904.74,1900.21,1902.28,1191.0852,2265697.39396,13665
2026-07-23 14:15:00,1902.28,1902.88,1900.23,1901.96,756.216,1437790.280647,13738
2026-07-23 14:20:00,1901.96,1907.26,1901.96,1903.05,3654.809,6959652.048956,20262
2026-07-23 14:25:00,1903.04,1904.53,1902.17,1903.93,874.9014,1665410.12761,8952
2026-07-23 14:30:00,1903.93,1905.86,1901.09,1902.16,688.465,1310089.950827,9211
2026-07-23 14:35:00,1902.17,1907.09,1901.46,1905.44,592.077,1127467.561513,8553
2026-07-23 14:40:00,1905.44,1905.96,1899.21,1899.66,772.4942,1468930.776209,7799
2026-07-23 14:45:00,1899.66,1901.7,1898.18,1898.66,918.7279,1744993.998185,7665
2026-07-23 14:50:00,1898.67,1899.2,1892.5,1893.82,2669.8962,5059998.70083,22044
2026-07-23 14:55:00,1893.81,1896.78,1893.32,1896.43,805.6151,1526405.281027,11188
2026-07-23 15:00:00,1896.44,1896.56,1891.99,1894.55,1218.3004,2307134.20142,11175
2026-07-23 15:05:00,1894.55,1894.55,1889.95,1889.99,2411.1652,4559882.691575,16185
2026-07-23 15:10:00,1889.99,1889.99,1882.98,1884.4,4998.6536,9425756.158238,29698
2026-07-23 15:15:00,1884.39,1889.4,1883.88,1889.37,2237.2121,4221993.011994,21391
2026-07-23 15:20:00,1889.37,1896.32,1889.36,1895.07,3606.1692,6825843.331409,24482
2026-07-23 15:25:00,1895.07,1897.1,1892.63,1892.85,1424.436,2699510.294036,13470
2026-07-23 15:30:00,1892.85,1893.23,1890.32,1891.39,867.4468,1640969.656391,15312
2026-07-23 15:35:00,1891.4,1892.94,1888.7,1892.92,1176.7618,2225174.535967,15048
2026-07-23 15:40:00,1892.92,1893.95,1890.91,1890.91,524.0728,991954.999289,7401
2026-07-23 15:45:00,1890.9,1895.87,1890.09,1895.4,943.7828,1786329.827799,9300
2026-07-23 15:50:00,1895.4,1897.88,1894.82,1896.32,1251.9191,2373734.607553,12890
2026-07-23 15:55:00,1896.33,1897.06,1895.22,1895.23,753.5662,1428883.95855,4357
2026-07-23 16:00:00,1895.23,1895.41,1886.97,1889.4,3362.2873,6356139.150908,13259
2026-07-23 16:05:00,1889.39,1889.39,1885.41,1888.72,1563.6539,2950493.392326,11899
2026-07-23 16:10:00,1888.73,1890.99,1888.43,1890.18,606.6595,1146383.520634,8296
2026-07-23 16:15:00,1890.19,1890.58,1884.69,1886.29,1014.205,1914850.93455,15226
2026-07-23 16:20:00,1886.3,1888.74,1885.14,1888.69,977.1585,1843874.608978,9531
2026-07-23 16:25:00,1888.68,1889.93,1888.26,1889.93,419.7784,792959.556157,5073
2026-07-23 16:30:00,1889.92,1890.0,1886.45,1886.66,667.5715,1260164.965537,10046
2026-07-23 16:35:00,1886.66,1889.8,1886.45,1889.72,527.1377,995262.370426,5884
2026-07-23 16:40:00,1889.72,1889.72,1887.1,1888.37,458.2056,865312.482574,5443
2026-07-23 16:45:00,1888.37,1889.91,1887.7,1889.26,738.3906,1394716.120252,3655
2026-07-23 16:50:00,1889.25,1890.07,1888.23,1889.42,863.7409,1631814.258055,5845
2026-07-23 16:55:00,1889.43,1891.52,1887.84,1887.95,556.8047,1052235.037867,5733
2026-07-23 17:00:00,1887.94,1889.88,1885.96,1887.53,562.7579,1062552.655227,7709
2026-07-23 17:05:00,1887.52,1888.22,1886.0,1888.01,855.5923,1614362.340423,6383
2026-07-23 17:10:00,1888.02,1889.5,1887.12,1888.17,459.6646,867889.825406,5464
2026-07-23 17:15:00,1888.16,1891.02,1887.66,1888.64,1073.8148,2028702.717398,8348
2026-07-23 17:20:00,1888.65,1892.0,1888.65,1891.75,514.2312,972186.960854,5920
2026-07-23 17:25:00,1891.75,1892.0,1890.32,1891.4,602.237,1139130.625135,4760
2026-07-23 17:30:00,1891.4,1892.18,1890.05,1891.28,828.759,1567315.841914,4757
2026-07-23 17:35:00,1891.28,1891.5,1888.0,1889.14,455.4651,860571.124166,4923
2026-07-23 17:40:00,1889.14,1889.34,1888.1,1888.96,455.8858,861100.72188,4323
2026-07-23 17:45:00,1888.96,1890.13,1887.7,1889.38,419.2957,792157.62555,5018
2026-07-23 17:50:00,1889.37,1889.38,1886.29,1886.56,403.6799,761900.169648,6142
2026-07-23 17:55:00,1886.56,1886.57,1875.01,1878.31,4327.5387,8131801.616044,25231
2026-07-23 18:00:00,1878.31,1880.83,1877.76,1877.76,1414.5476,2658797.8016,15662
2026-07-23 18:05:00,1877.77,1880.55,1876.05,1880.07,1077.9712,2025688.061824,12646
2026-07-23 18:10:00,1880.07,1880.48,1878.44,1879.34,506.8245,952686.118115,9706
2026-07-23 18:15:00,1879.35,1880.65,1876.53,1878.14,715.4477,1343944.567126,13590
2026-07-23 18:20:00,1878.13,1879.63,1876.25,1879.11,782.6432,1469372.369166,9508
2026-07-23 18:25:00,1879.12,1881.07,1878.83,1880.76,469.9907,883547.596675,5469
2026-07-23 18:30:00,1880.77,1884.52,1880.48,1883.29,784.5071,1477230.968879,9278
2026-07-23 18:35:00,1883.29,1883.8,1879.63,1879.87,711.8349,1339589.891647,8209
2026-07-23 18:40:00,1879.87,1879.87,1877.32,1879.36,630.2264,1184057.497342,6400
2026-07-23 18:45:00,1879.35,1882.79,1879.35,1881.33,497.0058,935084.549561,7120
2026-07-23 18:50:00,1881.32,1883.73,1880.88,1882.18,350.2598,659238.044523,6406
2026-07-23 18:55:00,1882.19,1882.69,1880.43,1881.19,269.1249,506412.244217,4843
2026-07-23 19:00:00,1881.19,1883.63,1881.19,1882.48,290.921,547681.230272,5050
2026-07-23 19:05:00,1882.47,1882.48,1880.93,1880.93,516.3426,971628.890593,4840
2026-07-23 19:10:00,1880.94,1881.0,1875.1,1876.6,629.9221,1182802.159011,9469
2026-07-23 19:15:00,1876.59,1879.61,1876.59,1877.56,315.2843,592256.591005,7045
2026-07-23 19:20:00,1877.56,1879.94,1877.56,1879.94,333.7129,626855.99833,6043
2026-07-23 19:25:00,1879.94,1881.79,1879.94,1881.51,256.638,482776.655488,3945
2026-07-23 19:30:00,1881.51,1883.01,1881.02,1881.11,478.8485,901006.729178,7360
2026-07-23 19:35:00,1881.11,1881.19,1877.5,1877.67,567.2663,1065991.943241,8398
2026-07-23 19:40:00,1877.66,1877.91,1875.26,1876.16,722.7418,1355957.923531,8324
2026-07-23 19:45:00,1876.16,1876.34,1872.54,1872.72,1240.268,2324570.182281,14794
2026-07-23 19:50:00,1872.73,1874.76,1869.44,1871.54,2253.5853,4217812.107603,17606
2026-07-23 19:55:00,1871.55,1876.48,1871.55,1875.65,1819.061,3408943.18585,10450
2026-07-23 20:00:00,1875.64,1880.93,1874.81,1880.07,1171.1611,2199365.896538,8628
2026-07-23 20:05:00,1880.08,1883.35,1879.97,1883.22,711.6838,1339500.462099,6584
2026-07-23 20:10:00,1883.22,1885.15,1882.77,1884.07,810.7672,1527522.499408,5292
2026-07-23 20:15:00,1884.06,1886.83,1883.48,1886.51,834.4013,1573158.140024,5907
2026-07-23 20:20:00,1886.51,1887.18,1885.64,1886.51,728.0646,1373513.536488,6423
2026-07-23 20:25:00,1886.52,1889.09,1886.16,1887.86,1197.1254,2259759.461263,8848
2026-07-23 20:30:00,1887.85,1887.9,1885.85,1886.31,713.9139,1347189.17536,6311
2026-07-23 20:35:00,1886.32,1887.45,1885.74,1885.74,264.7474,499523.562087,3934
2026-07-23 20:40:00,1885.75,1885.75,1884.67,1884.86,247.6536,466852.004779,2895
2026-07-23 20:45:00,1884.86,1886.17,1884.42,1886.17,114.6801,216168.902551,2669
2026-07-23 20:50:00,1886.16,1886.17,1885.48,1885.93,237.1801,447273.969025,2433
2026-07-23 20:55:00,1885.92,1886.99,1885.67,1885.98,320.1656,603882.876641,3262
2026-07-23 21:00:00,1885.97,1888.93,1885.97,1887.39,848.7525,1602422.472486,8475
2026-07-23 21:05:00,1887.39,1887.83,1883.39,1883.39,599.8538,1131353.655537,7118
2026-07-23 21:10:00,1883.4,1883.67,1881.95,1882.82,442.4236,833049.026378,5092
2026-07-23 21:15:00,1882.82,1884.15,1880.86,1881.96,355.6656,669595.739183,4428
2026-07-23 21:20:00,1881.95,1883.43,1881.95,1882.4,312.6419,588575.32286,2588
2026-07-23 21:25:00,1882.41,1884.31,1882.4,1882.81,225.5697,424813.420512,2877
2026-07-23 21:30:00,1882.8,1884.01,1882.68,1882.97,182.2849,343309.318482,3105
2026-07-23 21:35:00,1882.96,1884.25,1881.22,1881.91,301.418,567413.121539,4678
2026-07-23 21:40:00,1881.92,1882.46,1880.94,1882.05,363.0224,683099.624563,6834
2026-07-23 21:45:00,1882.06,1883.7,1881.73,1882.86,393.1572,740196.259378,5450
2026-07-23 21:50:00,1882.86,1883.22,1881.06,1881.26,286.9824,540195.721375,4050
2026-07-23 21:55:00,1881.26,1882.98,1881.0,1882.72,471.0617,886548.389936,3237
2026-07-23 22:00:00,1882.73,1883.56,1880.24,1881.88,608.1938,1144499.190588,8037
2026-07-23 22:05:00,1881.88,1884.13,1881.87,1883.34,296.4931,558472.150833,3417
2026-07-23 22:10:00,1883.33,1883.34,1877.84,1878.4,646.5393,1215307.353654,6099
2026-07-23 22:15:00,1878.4,1879.03,1874.23,1877.85,1349.756,2532239.336785,8811
2026-07-23 22:20:00,1877.84,1882.05,1877.62,1880.84,605.889,1139097.957359,7132
2026-07-23 22:25:00,1880.84,1882.44,1880.0,1880.24,364.351,685395.496358,5332
2026-07-23 22:30:00,1880.24,1882.91,1880.23,1882.86,200.5236,377302.60489,5089
2026-07-23 22:35:00,1882.85,1883.76,1881.82,1883.57,362.9645,683409.904545,3856
2026-07-23 22:40:00,1883.57,1883.77,1881.6,1883.39,192.648,362744.521594,3971
2026-07-23 22:45:00,1883.39,1883.61,1882.15,1882.2,131.0157,246714.053902,1968
2026-07-23 22:50:00,1882.21,1882.84,1881.19,1882.57,255.3349,480524.948358,2435
2026-07-23 22:55:00,1882.57,1883.49,1882.57,1883.42,120.116,226190.235089,1181
2026-07-23 23:00:00,1883.41,1884.63,1882.67,1883.15,513.9276,968196.240392,3342
2026-07-23 23:05:00,1883.15,1883.94,1882.9,1882.92,197.0804,371198.718822,2631
2026-07-23 23:10:00,1882.92,1883.16,1882.32,1883.09,144.4825,272017.254576,1842
2026-07-23 23:15:00,1883.1,1883.51,1882.68,1883.51,84.2356,158614.930501,1830
2026-07-23 23:20:00,1883.5,1884.8,1883.29,1883.63,127.5558,240314.915355,1742
2026-07-23 23:25:00,1883.63,1883.96,1882.51,1883.17,248.3009,467544.388355,2754
2026-07-23 23:30:00,1883.17,1883.53,1881.63,1883.28,162.4259,305786.263573,2531
2026-07-23 23:35:00,1883.29,1884.08,1882.5,1883.64,102.8704,193724.640826,1800
2026-07-23 23:40:00,1883.64,1883.64,1881.16,1881.87,176.1161,331468.56601,3312
2026-07-23 23:45:00,1881.87,1882.76,1881.09,1881.13,143.4814,269995.90909,3153
2026-07-23 23:50:00,1881.12,1881.12,1876.47,1876.47,1191.9434,2239162.273821,4651
2026-07-23 23:55:00,1876.47,1878.77,1875.56,1878.38,495.4594,929981.515131,3793
2026-07-24 00:00:00,1878.38,1879.18,1876.46,1876.83,664.1164,1247077.277338,6752
2026-07-24 00:05:00,1876.83,1877.06,1874.43,1874.61,351.7606,659766.085178,5428
2026-07-24 00:10:00,1874.61,1875.87,1872.12,1874.7,981.4002,1839530.625356,7540
2026-07-24 00:15:00,1874.7,1875.7,1873.56,1873.78,529.7203,993213.091749,6415
2026-07-24 00:20:00,1873.79,1877.69,1873.23,1876.6,523.5803,982269.700809,7087
2026-07-24 00:25:00,1876.59,1876.59,1870.5,1871.51,1053.2933,1972279.544844,8385
2026-07-24 00:30:00,1871.5,1872.35,1859.67,1867.03,4552.9067,8493981.265516,25247
2026-07-24 00:35:00,1867.02,1869.35,1864.12,1865.28,1265.351,2362175.413674,11561
2026-07-24 00:40:00,1865.27,1866.68,1862.31,1866.03,1255.0785,2340877.685418,8908
2026-07-24 00:45:00,1866.03,1869.27,1866.02,1868.32,637.1878,1190455.42134,6971
2026-07-24 00:50:00,1868.32,1869.56,1867.05,1868.27,404.3164,755552.429164,6750
2026-07-24 00:55:00,1868.28,1871.47,1867.09,1871.47,1188.0494,2221026.590827,5860
2026-07-24 01:00:00,1871.47,1874.41,1870.32,1874.07,1539.2514,2881555.344346,9891
2026-07-24 01:05:00,1874.08,1876.53,1874.02,1875.4,886.1082,1661568.879292,9665
2026-07-24 01:10:00,1875.4,1875.8,1873.07,1873.88,388.896,728951.817172,4397
2026-07-24 01:15:00,1873.86,1874.26,1872.1,1873.71,793.8391,1486905.140191,6093
2026-07-24 01:20:00,1873.72,1873.72,1871.8,1873.08,207.9738,389440.674664,4056
2026-07-24 01:25:00,1873.07,1877.46,1873.07,1873.32,566.9818,1063509.712306,6134
2026-07-24 01:30:00,1873.31,1876.3,1872.5,1875.62,355.1067,665514.767963,6971
2026-07-24 01:35:00,1875.62,1877.51,1874.51,1876.0,430.3572,807514.382236,6431
2026-07-24 01:40:00,1876.01,1877.6,1875.62,1876.04,349.1962,655242.967801,4002
2026-07-24 01:45:00,1876.04,1876.79,1874.79,1875.5,391.4315,734211.684101,4375
2026-07-24 01:50:00,1875.46,1876.8,1873.73,1876.0,293.3618,550068.224418,5546
2026-07-24 01:55:00,1876.01,1876.01,1872.71,1872.76,447.1708,838086.007749,4105
2026-07-24 02:00:00,1872.76,1875.46,1872.76,1872.9,636.4274,1193144.235357,5475
2026-07-24 02:05:00,1872.9,1874.94,1872.12,1874.94,223.0242,417710.36446,3497
2026-07-24 02:10:00,1874.94,1878.5,1874.79,1877.2,425.8704,799268.863004,5757
2026-07-24 02:15:00,1877.21,1877.21,1874.2,1874.42,256.2876,480707.782708,4377
2026-07-24 02:20:00,1874.43,1876.81,1872.1,1876.3,387.5411,726246.011739,3901
2026-07-24 02:25:00,1876.29,1877.06,1875.15,1875.97,263.8557,495022.179409,3072
2026-07-24 02:30:00,1875.96,1875.97,1868.38,1868.44,811.7176,1518498.1426,5897
2026-07-24 02:35:00,1868.45,1869.93,1867.1,1868.76,483.5598,903518.556921,6118
2026-07-24 02:40:00,1868.76,1871.71,1868.76,1870.47,397.9681,744555.06533,3921
2026-07-24 02:45:00,1870.46,1871.02,1864.82,1866.55,1008.9798,1884200.05536,10477
2026-07-24 02:50:00,1866.55,1868.23,1865.27,1866.44,655.6168,1223884.888937,7973
2026-07-24 02:55:00,1866.45,1869.58,1866.44,1869.58,778.0596,1453357.758992,6752
2026-07-24 03:00:00,1869.57,1873.78,1868.31,1873.18,623.3584,1166474.627375,7858
2026-07-24 03:05:00,1873.17,1877.5,1873.17,1875.06,844.568,1583910.306846,8993
2026-07-24 03:10:00,1875.07,1876.41,1874.27,1876.15,674.7828,1265533.987142,5214
2026-07-24 03:15:00,1876.14,1878.93,1876.06,1877.87,596.8903,1120914.871236,8603
2026-07-24 03:20:00,1877.86,1880.08,1877.21,1878.04,647.8221,1217202.78892,7530
2026-07-24 03:25:00,1878.04,1881.2,1877.56,1878.99,1381.0819,2595987.543648,8283
2026-07-24 03:30:00,1878.99,1880.74,1878.0,1878.55,304.9839,573206.600472,6620
2026-07-24 03:35:00,1878.54,1879.99,1878.14,1878.8,351.3023,660010.684666,6409
2026-07-24 03:40:00,1878.8,1881.06,1878.55,1881.06,331.426,622914.311931,5532
2026-07-24 03:45:00,1881.06,1881.14,1879.48,1880.86,777.214,1461352.107922,6146
2026-07-24 03:50:00,1880.86,1880.96,1879.91,1880.01,306.1043,575612.806,4078
2026-07-24 03:55:00,1880.01,1881.06,1880.01,1880.67,329.488,619587.81579,2416
2026-07-24 04:00:00,1880.67,1881.14,1879.59,1879.97,339.1682,637676.839984,4646
2026-07-24 04:05:00,1879.96,1880.97,1879.57,1879.77,349.8819,657856.428793,5137
2026-07-24 04:10:00,1879.77,1879.77,1878.95,1878.96,143.1792,269089.779406,3024
2026-07-24 04:15:00,1878.95,1879.29,1878.11,1879.29,212.3798,398940.740297,3683
2026-07-24 04:20:00,1879.29,1882.0,1877.57,1880.61,765.818,1439360.684509,6486
2026-07-24 04:25:00,1880.6,1880.94,1879.59,1880.21,129.4819,243475.410049,2402
2026-07-24 04:30:00,1880.2,1880.98,1879.36,1879.74,393.5998,740121.049266,3482
2026-07-24 04:35:00,1879.74,1879.74,1877.51,1877.52,187.6194,352461.428377,3455
2026-07-24 04:40:00,1877.51,1877.52,1875.09,1876.84,322.9114,605864.702494,3032
2026-07-24 04:45:00,1876.84,1877.38,1876.07,1876.35,567.3679,1064775.86544,3023
2026-07-24 04:50:00,1876.36,1877.11,1876.17,1876.65,91.8498,172367.264104,2408
2026-07-24 04:55:00,1876.64,1876.65,1875.0,1876.12,146.4491,274680.186479,2688
2026-07-24 05:00:00,1876.13,1876.67,1873.48,1875.6,1089.6602,2043142.803828,5363
2026-07-24 05:05:00,1875.6,1881.37,1875.46,1880.36,1415.8046,2661183.160591,6698
2026-07-24 05:10:00,1880.34,1880.34,1879.16,1879.88,250.3778,470644.06814,2266
2026-07-24 05:15:00,1879.87,1881.15,1879.72,1881.14,477.1731,897432.40311,2878
2026-07-24 05:20:00,1881.15,1881.54,1879.87,1880.14,259.7827,488518.372496,5611
2026-07-24 05:25:00,1880.14,1880.42,1879.86,1880.07,95.2551,179089.702049,1740
2026-07-24 05:30:00,1880.08,1880.08,1879.47,1879.81,235.1653,442090.494928,1518
2026-07-24 05:35:00,1879.82,1880.59,1879.46,1879.76,232.4712,437020.736891,3586
2026-07-24 05:40:00,1879.76,1881.26,1877.62,1880.89,396.9813,746059.977975,5639
2026-07-24 05:45:00,1880.89,1882.14,1880.36,1880.36,213.386,401485.903552,3916
2026-07-24 05:50:00,1880.35,1881.44,1879.07,1881.44,821.8397,1544995.468056,5365
2026-07-24 05:55:00,1881.43,1881.43,1880.85,1880.97,153.2515,288267.375788,1105
2026-07-24 06:00:00,1880.97,1881.56,1880.73,1881.55,566.6777,1065860.451401,2322
2026-07-24 06:05:00,1881.55,1882.22,1878.9,1881.96,983.9136,1850439.062708,3171
2026-07-24 06:10:00,1881.96,1882.72,1881.02,1881.87,484.0735,910854.955889,4523
2026-07-24 06:15:00,1881.87,1885.78,1881.14,1885.39,688.6843,1297434.419228,5865
2026-07-24 06:20:00,1885.4,1885.89,1883.04,1885.05,887.735,1672941.455116,6996
2026-07-24 06:25:00,1885.06,1886.75,1883.43,1884.42,527.0093,993245.621475,3495
2026-07-24 06:30:00,1884.41,1885.45,1882.56,1885.45,311.8401,587440.787526,3685
2026-07-24 06:35:00,1885.45,1887.98,1885.44,1887.46,569.4091,1074511.06372,5297
2026-07-24 06:40:00,1887.46,1887.48,1886.39,1886.39,388.3282,732795.481976,2632
2026-07-24 06:45:00,1886.39,1887.39,1885.56,1885.99,757.1188,1428182.095136,3827
2026-07-24 06:50:00,1885.99,1887.14,1885.99,1887.14,180.8953,341268.993857,2712
2026-07-24 06:55:00,1887.14,1888.49,1886.32,1888.13,457.0362,862708.68417,3683
2026-07-24 07:00:00,1888.14,1893.38,1888.14,1890.51,1609.6569,3043306.235246,10162
2026-07-24 07:05:00,1890.5,1895.85,1890.5,1895.63,828.9507,1569332.44955,6949
2026-07-24 07:10:00,1895.63,1909.8,1895.63,1908.73,4173.8079,7949348.534822,40089
2026-07-24 07:15:00,1908.72,1908.72,1902.33,1903.53,1699.3084,3236420.956603,22918
2026-07-24 07:20:00,1903.54,1904.03,1896.52,1898.03,1356.8145,2578077.213383,13601
2026-07-24 07:25:00,1898.03,1898.88,1897.18,1897.88,938.1828,1780827.253946,8658
2026-07-24 07:30:00,1897.87,1901.78,1896.18,1897.03,1315.7313,2498531.888273,16482
2026-07-24 07:35:00,1897.04,1897.22,1892.95,1895.29,1607.1253,3046309.736154,15328
2026-07-24 07:40:00,1895.3,1895.3,1888.47,1891.08,1957.6335,3701858.844605,18918
2026-07-24 07:45:00,1891.09,1895.0,1891.04,1895.0,745.3147,1410820.971585,6082
2026-07-24 07:50:00,1894.99,1896.13,1893.29,1896.12,1370.5713,2597063.264106,5978
2026-07-24 07:55:00,1896.13,1896.94,1895.7,1895.98,796.8088,1511012.201614,3680
2026-07-24 08:00:00,1895.98,1895.99,1892.3,1893.28,896.4983,1697898.160039,6661
2026-07-24 08:05:00,1893.28,1896.04,1892.62,1895.72,443.2059,839465.000089,3907
2026-07-24 08:10:00,1895.72,1895.86,1893.15,1893.63,602.193,1140768.264455,5483
2026-07-24 08:15:00,1893.63,1894.33,1892.5,1892.51,277.3722,525206.172161,6150
2026-07-24 08:20:00,1892.5,1892.87,1888.0,1888.19,698.2823,1319942.059603,9291
2026-07-24 08:25:00,1888.19,1890.35,1886.35,1890.11,564.2467,1065615.474548,7573
2026-07-24 08:30:00,1890.11,1891.98,1890.11,1891.56,227.1062,429520.215759,4018
2026-07-24 08:35:00,1891.56,1892.49,1889.99,1892.16,196.545,371723.750774,3263
2026-07-24 08:40:00,1892.16,1892.77,1891.99,1892.74,181.8679,344158.261492,2601
2026-07-24 08:45:00,1892.74,1892.75,1891.17,1891.89,259.328,490634.106445,2430
2026-07-24 08:50:00,1891.9,1891.9,1889.06,1889.18,413.105,780948.159456,3752
2026-07-24 08:55:00,1889.19,1889.45,1887.94,1888.07,449.6277,849113.694315,2234
2026-07-24 09:00:00,1888.07,1889.11,1886.6,1886.9,343.4791,648536.356322,4521
2026-07-24 09:05:00,1886.91,1887.06,1882.69,1885.46,1269.3086,2392174.722132,10940
2026-07-24 09:10:00,1885.46,1885.47,1882.22,1882.51,473.3098,891902.773816,6101
2026-07-24 09:15:00,1882.51,1883.18,1878.39,1882.05,1151.9745,2166682.019308,13083
2026-07-24 09:20:00,1882.06,1883.12,1880.57,1881.5,777.45,1463077.752939,8836
2026-07-24 09:25:00,1881.5,1884.01,1881.5,1882.65,435.5927,820195.535088,6353
2026-07-24 09:30:00,1882.64,1883.73,1881.76,1882.84,649.0455,1221961.598409,6175
2026-07-24 09:35:00,1882.85,1884.93,1882.84,1884.93,479.2322,902881.490458,5349
2026-07-24 09:40:00,1884.93,1886.81,1884.92,1885.8,354.1003,667856.933654,3907
2026-07-24 09:45:00,1885.8,1887.8,1885.4,1885.41,494.3431,932664.859126,5109
2026-07-24 09:50:00,1885.41,1888.7,1885.06,1888.32,331.0595,624786.563156,4840
2026-07-24 09:55:00,1888.32,1888.44,1887.21,1888.07,247.6301,467492.061246,3437
2026-07-24 10:00:00,1888.08,1888.64,1886.86,1887.44,307.3253,580080.935479,5899
2026-07-24 10:05:00,1887.45,1887.45,1885.15,1885.2,265.0547,499957.865084,3280
2026-07-24 10:10:00,1885.2,1885.9,1882.71,1883.29,384.5595,724474.660527,4905
2026-07-24 10:15:00,1883.29,1884.51,1882.0,1882.51,497.4507,936898.445652,4257
2026-07-24 10:20:00,1882.51,1885.85,1882.19,1885.48,442.3391,833425.828074,5342
2026-07-24 10:25:00,1885.47,1885.97,1884.4,1885.18,327.2124,616940.32649,3162
2026-07-24 10:30:00,1885.18,1886.62,1885.18,1885.28,243.5239,459311.174234,3084
2026-07-24 10:35:00,1885.28,1886.49,1884.45,1884.73,267.3701,504159.193532,3044
2026-07-24 10:40:00,1884.72,1885.45,1884.23,1884.36,319.1589,601558.908644,2531
2026-07-24 10:45:00,1884.35,1885.09,1883.58,1885.07,237.0356,446714.499728,3916
2026-07-24 10:50:00,1885.07,1885.07,1880.39,1881.81,455.3546,857188.757893,7569
2026-07-24 10:55:00,1881.81,1883.82,1881.56,1883.82,337.6501,635716.167385,4495
2026-07-24 11:00:00,1883.81,1883.82,1881.72,1882.99,459.5795,865188.624111,7685
2026-07-24 11:05:00,1882.99,1884.31,1881.29,1881.53,551.8904,1039454.918202,7975
2026-07-24 11:10:00,1881.52,1883.0,1880.02,1881.22,368.1889,692689.443763,7336
2026-07-24 11:15:00,1881.23,1883.84,1881.22,1883.16,367.4182,691812.392633,6707
2026-07-24 11:20:00,1883.15,1884.1,1882.59,1883.08,384.2667,723693.248028,5712
2026-07-24 11:25:00,1883.07,1883.08,1881.2,1881.5,438.627,825384.975423,4859
2026-07-24 11:30:00,1881.51,1882.27,1878.73,1880.85,707.677,1330883.122124,10428
2026-07-24 11:35:00,1880.85,1881.45,1879.6,1881.1,667.3328,1254927.131967,6794
2026-07-24 11:40:00,1881.09,1881.09,1878.65,1878.9,381.3732,716942.95406,5007
2026-07-24 11:45:00,1878.9,1879.35,1876.71,1879.2,856.9081,1609055.634415,8663
2026-07-24 11:50:00,1879.21,1883.76,1879.2,1883.2,763.6791,1437064.747434,5268
2026-07-24 11:55:00,1883.21,1884.71,1881.7,1883.93,852.1971,1604799.634702,9839
2026-07-24 12:00:00,1883.93,1883.93,1881.74,1882.19,501.8444,944878.119413,7047
2026-07-24 12:05:00,1882.18,1884.98,1881.58,1884.98,314.5015,592285.88158,4478
2026-07-24 12:10:00,1884.97,1884.98,1883.39,1883.8,251.6244,474041.730726,2517
2026-07-24 12:15:00,1883.8,1884.43,1883.01,1883.11,286.2098,539140.709317,3478
2026-07-24 12:20:00,1883.11,1885.69,1882.42,1885.69,869.2079,1638068.641582,4744
2026-07-24 12:25:00,1885.69,1886.09,1882.95,1882.98,961.6135,1812240.760699,6507
2026-07-24 12:30:00,1882.99,1884.4,1881.06,1881.07,316.8306,596592.468227,5136
2026-07-24 12:35:00,1881.06,1882.46,1880.3,1881.9,322.2768,606302.54419,4370
2026-07-24 12:40:00,1881.9,1881.9,1877.96,1878.0,352.3684,662184.710163,4534
2026-07-24 12:45:00,1878.0,1879.3,1874.0,1875.56,2131.0559,3997994.550792,13600
2026-07-24 12:50:00,1875.57,1876.9,1874.84,1875.35,478.5738,897691.994876,6291
2026-07-24 12:55:00,1875.34,1876.3,1872.0,1872.65,999.0238,1871671.62076,9886
2026-07-24 13:00:00,1872.65,1875.4,1871.13,1871.99,986.5205,1847735.08342,11146
2026-07-24 13:05:00,1872.0,1872.96,1856.25,1862.22,5745.329,10706484.990506,48723
2026-07-24 13:10:00,1862.22,1864.44,1860.12,1862.49,1590.1154,2961642.025867,16994
2026-07-24 13:15:00,1862.49,1870.4,1862.1,1868.35,1950.0484,3639794.801703,16393
2026-07-24 13:20:00,1868.35,1869.89,1868.07,1868.42,660.0418,1233502.456078,6511
2026-07-24 13:25:00,1868.42,1868.42,1866.35,1866.77,798.1821,1490399.707526,6706
2026-07-24 13:30:00,1866.77,1868.36,1863.17,1865.56,1820.1066,3394713.547637,20446
2026-07-24 13:35:00,1865.56,1866.93,1860.64,1860.93,1617.9382,3013729.215061,20343
2026-07-24 13:40:00,1860.93,1865.65,1858.67,1865.65,1676.0866,3119309.492118,16596
2026-07-24 13:45:00,1865.64,1867.42,1862.01,1862.43,971.0216,1810640.34705,16528
2026-07-24 13:50:00,1862.42,1862.42,1849.42,1850.85,5072.1077,9403236.699554,42088
2026-07-24 13:55:00,1850.85,1857.61,1848.11,1857.6,2549.5786,4721962.325216,35228
2026-07-24 14:00:00,1857.61,1861.05,1855.22,1855.94,1803.9689,3351539.701549,37742
2026-07-24 14:05:00,1855.94,1861.68,1854.43,1861.29,980.2339,1821345.062174,26091
2026-07-24 14:10:00,1861.29,1863.0,1857.0,1857.01,1080.0327,2009540.185652,22644
2026-07-24 14:15:00,1857.0,1857.67,1850.17,1853.56,1567.2638,2905109.194754,26064
2026-07-24 14:20:00,1853.56,1855.67,1850.41,1854.36,1317.9678,2442636.65775,18727
2026-07-24 14:25:00,1854.37,1858.5,1852.49,1857.79,1153.2077,2139729.761326,14679
2026-07-24 14:30:00,1857.79,1858.16,1854.28,1854.28,838.4056,1556104.735181,12630
2026-07-24 14:35:00,1854.28,1857.45,1852.61,1852.92,1774.775,3291693.268268,12871
2026-07-24 14:40:00,1852.92,1855.67,1852.04,1852.31,1211.914,2246430.780877,13022
2026-07-24 14:45:00,1852.3,1854.08,1848.09,1853.79,1804.2516,3338441.700217,16539
2026-07-24 14:50:00,1853.79,1858.71,1853.78,1857.7,1605.0714,2980904.444598,16447
2026-07-24 14:55:00,1857.71,1863.18,1857.58,1862.9,1017.0698,1893176.475918,18578
2026-07-24 15:00:00,1862.9,1862.9,1857.11,1857.89,802.5022,1492344.490059,16799
2026-07-24 15:05:00,1857.89,1857.89,1854.15,1854.42,575.3892,1067649.091904,17868
2026-07-24 15:10:00,1854.41,1865.08,1854.23,1865.07,1371.0732,2550819.927692,27382
2026-07-24 15:15:00,1865.07,1867.87,1860.19,1860.47,1671.1206,3117374.070164,28759
2026-07-24 15:20:00,1860.46,1864.22,1859.95,1862.93,574.4314,1069991.331356,13032
2026-07-24 15:25:00,1862.93,1866.78,1862.92,1865.3,536.2036,999988.188645,12233
2026-07-24 15:30:00,1865.3,1867.05,1864.02,1866.62,1304.7656,2434184.069377,17739
2026-07-24 15:35:00,1866.62,1868.38,1865.0,1868.32,981.1177,1831900.430444,13335
2026-07-24 15:40:00,1868.31,1869.43,1863.86,1864.72,1212.8805,2262964.920221,14002
2026-07-24 15:45:00,1864.71,1866.34,1862.75,1863.86,2031.1346,3787387.498267,13627
2026-07-24 15:50:00,1863.86,1865.38,1859.49,1861.17,7065.3842,13146638.589022,21240
2026-07-24 15:55:00,1861.17,1863.74,1860.84,1861.81,521.6283,971600.639775,8553
2026-07-24 16:00:00,1861.82,1863.8,1858.71,1863.64,5459.9865,10154107.722953,16813
2026-07-24 16:05:00,1863.64,1864.88,1861.77,1864.01,970.374,1808375.906151,9773
2026-07-24 16:10:00,1864.01,1866.07,1861.12,1862.21,705.7385,1314941.893442,8329
2026-07-24 16:15:00,1862.21,1863.7,1860.76,1863.47,420.3683,782863.293342,6917
2026-07-24 16:20:00,1863.47,1863.86,1861.47,1862.61,410.9944,765632.275891,7837
2026-07-24 16:25:00,1862.6,1863.28,1860.41,1860.94,406.6802,757194.255896,7008
2026-07-24 16:30:00,1860.95,1860.95,1857.77,1858.35,1522.8414,2830661.788449,18450
2026-07-24 16:35:00,1858.35,1858.35,1856.1,1857.52,783.6138,1455236.631252,13136
2026-07-24 16:40:00,1857.53,1857.69,1856.84,1856.95,301.026,559083.331931,5197
2026-07-24 16:45:00,1856.95,1857.68,1853.5,1854.94,1030.4808,1912273.958299,11234
2026-07-24 16:50:00,1854.94,1856.55,1854.32,1856.13,447.6603,830584.773816,4779
2026-07-24 16:55:00,1856.12,1859.36,1855.79,1857.47,288.2569,535525.980254,4202
2026-07-24 17:00:00,1857.47,1858.58,1856.44,1858.38,291.3709,541249.802099,5172
2026-07-24 17:05:00,1858.37,1858.68,1855.03,1856.25,932.2951,1730892.981435,10939
2026-07-24 17:10:00,1856.24,1857.63,1855.59,1857.51,589.6137,1094594.876276,8198
2026-07-24 17:15:00,1857.52,1860.29,1857.19,1859.92,637.2629,1184572.412423,9160
2026-07-24 17:20:00,1859.91,1862.44,1859.9,1862.44,1983.1285,3691055.353051,10124
2026-07-24 17:25:00,1862.44,1864.44,1862.14,1862.87,548.6333,1022271.835165,5836
2026-07-24 17:30:00,1862.87,1864.99,1862.42,1864.99,557.3616,1038650.448651,6676
2026-07-24 17:35:00,1864.99,1866.0,1862.63,1862.94,866.2252,1615128.809176,10291
2026-07-24 17:40:00,1862.94,1864.19,1862.72,1863.31,284.5491,530248.983739,4595
2026-07-24 17:45:00,1863.3,1863.63,1862.2,1862.86,975.1162,1816589.217824,6070
2026-07-24 17:50:00,1862.86,1865.47,1862.68,1865.2,311.6336,581003.847361,7640
2026-07-24 17:55:00,1865.19,1866.61,1865.08,1866.53,587.114,1095530.706768,5460
2026-07-24 18:00:00,1866.53,1866.76,1864.11,1864.88,319.349,595582.115719,5289
2026-07-24 18:05:00,1864.88,1865.94,1864.4,1864.94,339.7337,633696.33312,7817
2026-07-24 18:10:00,1864.95,1865.5,1864.24,1865.28,159.4876,297408.170068,3924
2026-07-24 18:15:00,1865.29,1865.29,1862.93,1863.19,290.3613,541248.812907,5749
2026-07-24 18:20:00,1863.19,1863.78,1862.69,1863.37,213.5439,397858.088957,5232
2026-07-24 18:25:00,1863.36,1863.57,1860.89,1861.55,737.8365,1373775.188876,6691
2026-07-24 18:30:00,1861.55,1862.5,1859.94,1860.47,328.516,611541.319089,7025
2026-07-24 18:35:00,1860.46,1862.02,1860.15,1860.66,602.3372,1120803.936834,7655
2026-07-24 18:40:00,1860.66,1860.73,1858.48,1860.01,262.9571,488984.839558,5149
2026-07-24 18:45:00,1860.01,1863.1,1859.48,1862.02,222.6858,414605.279337,5590
2026-07-24 18:50:00,1862.03,1864.18,1861.22,1862.66,267.8108,498799.686219,7463
2026-07-24 18:55:00,1862.65,1863.22,1862.12,1862.72,156.1078,290781.924837,3937
2026-07-24 19:00:00,1862.73,1863.93,1860.19,1860.19,265.3419,494180.202989,8444
2026-07-24 19:05:00,1860.19,1861.29,1858.0,1858.43,343.9745,639715.593242,7414
2026-07-24 19:10:00,1858.42,1859.36,1858.05,1858.06,376.7095,700105.311916,4067
2026-07-24 19:15:00,1858.05,1860.41,1858.0,1859.81,544.0315,1011693.242255,4863
2026-07-24 19:20:00,1859.8,1861.29,1859.0,1859.97,220.3064,409789.584687,5650
2026-07-24 19:25:00,1859.97,1861.73,1859.52,1861.26,154.5209,287504.40817,3899
2026-07-24 19:30:00,1861.26,1862.7,1860.94,1862.35,275.457,512861.640682,4962
2026-07-24 19:35:00,1862.34,1864.58,1861.61,1863.57,799.7159,1489969.443905,7001
2026-07-24 19:40:00,1863.57,1864.14,1862.8,1863.48,395.5516,736995.352097,3796
2026-07-24 19:45:00,1863.49,1864.37,1862.03,1863.27,375.7244,699944.274655,4010
2026-07-24 19:50:00,1863.27,1864.03,1862.07,1863.87,350.9807,653915.906382,4316
2026-07-24 19:55:00,1863.86,1863.86,1862.32,1863.83,497.7989,927352.545339,5258
2026-07-24 20:00:00,1863.84,1865.82,1863.43,1863.75,562.0478,1048052.525275,4141
2026-07-24 20:05:00,1863.75,1863.95,1862.23,1862.3,383.554,714528.170098,3511
2026-07-24 20:10:00,1862.3,1863.63,1862.26,1863.44,219.6443,409189.966331,1466
2026-07-24 20:15:00,1863.44,1864.55,1863.04,1863.04,304.7862,568123.693203,2209
2026-07-24 20:20:00,1863.05,1864.86,1863.04,1864.36,198.513,370082.979063,1821
2026-07-24 20:25:00,1864.37,1865.34,1863.45,1863.45,194.194,362060.312682,3639
2026-07-24 20:30:00,1863.45,1863.45,1861.77,1862.15,178.1035,331704.785357,2941
2026-07-24 20:35:00,1862.15,1862.82,1860.21,1862.46,248.0075,461706.177888,3509
2026-07-24 20:40:00,1862.47,1862.47,1861.03,1861.83,129.4947,241066.19091,1738
2026-07-24 20:45:00,1861.83,1862.3,1858.42,1859.59,953.4508,1773177.616795,5989
2026-07-24 20:50:00,1859.59,1861.4,1859.58,1861.4,199.6779,371584.209116,1614
2026-07-24 20:55:00,1861.41,1861.83,1860.78,1860.9,132.135,245966.659792,1390
2026-07-24 21:00:00,1860.91,1862.01,1860.0,1860.83,543.5771,1011550.850144,6789
2026-07-24 21:05:00,1860.83,1861.1,1859.63,1860.5,187.9164,349586.466002,3420
2026-07-24 21:10:00,1860.51,1860.51,1859.07,1859.45,233.5105,434186.015221,2662
2026-07-24 21:15:00,1859.45,1860.87,1859.23,1859.64,267.7448,497977.744947,2080
2026-07-24 21:20:00,1859.63,1859.7,1858.63,1859.7,269.3099,500700.276672,2685
2026-07-24 21:25:00,1859.7,1861.0,1859.28,1859.95,216.6261,402951.392198,2336
2026-07-24 21:30:00,1859.95,1860.99,1859.95,1860.53,262.5136,488424.204891,2000
2026-07-24 21:35:00,1860.52,1860.99,1859.43,1859.56,196.9034,366314.302431,1918
2026-07-24 21:40:00,1859.56,1860.1,1858.94,1859.83,551.1772,1024885.826792,6826
2026-07-24 21:45:00,1859.83,1860.03,1858.33,1859.46,254.7713,473641.616682,4475
2026-07-24 21:50:00,1859.47,1859.67,1858.2,1858.88,315.9448,587303.429759,3343
2026-07-24 21:55:00,1858.88,1858.89,1857.05,1857.51,282.5413,524919.691375,4453
2026-07-24 22:00:00,1857.51,1859.25,1856.97,1858.6,378.5896,703367.309654,4943
2026-07-24 22:05:00,1858.59,1859.9,1858.03,1858.74,371.9784,691441.717738,4297
2026-07-24 22:10:00,1858.75,1859.99,1858.75,1859.31,234.2352,435553.735911,1869
2026-07-24 22:15:00,1859.32,1859.82,1859.31,1859.79,73.7809,137209.622062,798
2026-07-24 22:20:00,1859.8,1859.8,1858.62,1858.95,259.6973,482836.945911,2180
2026-07-24 22:25:00,1858.94,1859.39,1858.94,1859.39,76.3306,141912.197082,921
2026-07-24 22:30:00,1859.38,1861.3,1859.38,1860.33,222.9875,414797.545237,1989
2026-07-24 22:35:00,1860.34,1860.64,1860.02,1860.04,107.1922,199421.110716,1090
2026-07-24 22:40:00,1860.04,1861.91,1860.04,1860.93,245.9857,457856.309557,1934
2026-07-24 22:45:00,1860.92,1860.95,1859.32,1859.86,260.3261,484113.76224,2250
2026-07-24 22:50:00,1859.86,1860.48,1859.67,1860.29,84.8345,157793.447646,1144
2026-07-24 22:55:00,1860.3,1860.42,1859.4,1859.49,77.0856,143395.817054,1338
2026-07-24 23:00:00,1859.49,1860.82,1858.98,1860.12,175.3838,326187.270746,2607
2026-07-24 23:05:00,1860.13,1860.25,1859.36,1859.81,110.9673,206377.452056,1795
2026-07-24 23:10:00,1859.81,1860.19,1859.81,1860.12,124.6086,231764.271995,874
2026-07-24 23:15:00,1860.11,1860.33,1859.43,1860.13,67.4024,125364.644347,1201
2026-07-24 23:20:00,1860.12,1861.28,1860.12,1860.95,211.0389,392653.361273,1185
2026-07-24 23:25:00,1860.95,1860.96,1860.26,1860.89,97.6877,181756.849233,1568
2026-07-24 23:30:00,1860.9,1861.53,1860.84,1861.52,179.5639,334226.303584,1306
2026-07-24 23:35:00,1861.52,1861.52,1859.39,1860.5,311.4868,579418.808651,2648
2026-07-24 23:40:00,1860.5,1861.31,1860.48,1861.03,100.7773,187527.837826,1267
2026-07-24 23:45:00,1861.02,1861.12,1860.43,1861.1,286.2841,532723.626001,1988
2026-07-24 23:50:00,1861.1,1861.83,1860.9,1861.01,263.5988,490648.951384,1587
2026-07-24 23:55:00,1861.01,1861.85,1861.01,1861.44,203.378,378578.419577,1426
2026-07-25 00:00:00,1861.44,1863.64,1860.92,1862.95,432.4384,805293.465078,3941
2026-07-25 00:05:00,1862.95,1863.21,1862.05,1862.05,281.3192,524034.944944,2025
2026-07-25 00:10:00,1862.05,1863.12,1862.05,1862.94,196.0504,365151.90099,2290
2026-07-25 00:15:00,1862.93,1862.93,1862.15,1862.56,248.3631,462562.815261,1586
2026-07-25 00:20:00,1862.57,1864.24,1862.57,1863.9,126.767,236265.572366,1395
2026-07-25 00:25:00,1863.9,1864.24,1863.63,1863.87,168.0579,313235.216519,925
2026-07-25 00:30:00,1863.86,1864.69,1862.79,1863.81,257.3197,479577.465668,2870
2026-07-25 00:35:00,1863.81,1863.81,1862.95,1863.32,178.0872,331822.104068,1827
2026-07-25 00:40:00,1863.33,1863.33,1859.79,1860.12,775.4135,1443025.518045,5361
2026-07-25 00:45:00,1860.12,1860.12,1856.85,1859.65,910.9381,1693163.471569,7322
2026-07-25 00:50:00,1859.65,1859.74,1858.99,1859.0,179.2424,333264.038646,2648
2026-07-25 00:55:00,1859.0,1860.86,1859.0,1860.34,238.0026,442581.150819,2115
2026-07-25 01:00:00,1860.34,1863.63,1860.34,1862.18,462.7008,861598.08672,3571
2026-07-25 01:05:00,1862.18,1862.55,1860.96,1860.96,355.5025,661975.231761,2412
2026-07-25 01:10:00,1860.96,1860.96,1857.77,1859.28,544.828,1012919.606011,3565
2026-07-25 01:15:00,1859.28,1859.75,1858.17,1858.35,167.0733,310612.187378,2107
2026-07-25 01:20:00,1858.35,1859.31,1858.29,1859.29,103.0365,191537.644051,1332
2026-07-25 01:25:00,1859.29,1860.41,1858.92,1859.88,231.0454,429674.064853,2467
2026-07-25 01:30:00,1859.89,1860.4,1859.16,1860.39,200.5306,372896.990969,1415
2026-07-25 01:35:00,1860.39,1862.06,1860.39,1860.62,497.5256,925998.009106,2978
2026-07-25 01:40:00,1860.61,1861.61,1860.15,1861.61,101.921,189653.095583,1280
2026-07-25 01:45:00,1861.61,1862.29,1861.25,1861.25,172.6335,321406.362649,2111
2026-07-25 01:50:00,1861.25,1862.08,1860.42,1860.66,130.3831,242666.563459,1988
2026-07-25 01:55:00,1860.65,1860.66,1859.67,1860.0,139.8936,260232.182842,1184
2026-07-25 02:00:00,1859.99,1860.82,1859.73,1860.6,301.8558,561492.342777,1990
2026-07-25 02:05:00,1860.61,1861.71,1860.47,1861.01,123.5844,230007.67632,1816
2026-07-25 02:10:00,1861.01,1861.01,1859.95,1860.09,152.5252,283757.292411,1786
2026-07-25 02:15:00,1860.09,1860.1,1858.37,1858.67,253.7477,471758.911448,2276
2026-07-25 02:20:00,1858.66,1859.92,1858.59,1859.25,98.1543,182503.716104,1669
2026-07-25 02:25:00,1859.25,1860.73,1858.96,1860.72,73.5876,136870.389851,1282
2026-07-25 02:30:00,1860.72,1860.73,1858.96,1859.65,287.2728,534175.910089,1853
2026-07-25 02:35:00,1859.64,1860.82,1858.86,1860.63,102.6101,190814.497206,2189
2026-07-25 02:40:00,1860.63,1861.03,1860.34,1860.5,158.2569,294495.8453,1477
2026-07-25 02:45:00,1860.5,1860.81,1859.72,1859.93,97.0011,180457.138618,1562
2026-07-25 02:50:00,1859.92,1860.03,1858.35,1858.86,280.6031,521637.9836,2090
2026-07-25 02:55:00,1858.85,1859.45,1858.59,1859.45,212.0097,394102.332485,1282
2026-07-25 03:00:00,1859.45,1860.05,1858.0,1859.71,236.6464,439832.627959,2248
2026-07-25 03:05:00,1859.72,1859.91,1859.01,1859.54,111.0896,206558.863458,1218
2026-07-25 03:10:00,1859.53,1860.17,1858.53,1859.47,212.7072,395521.341283,1518
2026-07-25 03:15:00,1859.46,1860.03,1858.91,1859.65,120.4977,224069.623631,1811
2026-07-25 03:20:00,1859.65,1859.8,1858.73,1858.9,136.6219,254041.966567,1591
2026-07-25 03:25:00,1858.9,1860.52,1858.9,1859.32,97.0836,180560.158746,1719
2026-07-25 03:30:00,1859.31,1859.98,1858.55,1859.89,66.1967,123062.754434,1548
2026-07-25 03:35:00,1859.89,1860.17,1858.83,1858.95,119.172,221601.633168,1540
2026-07-25 03:40:00,1858.95,1859.79,1858.71,1859.47,1150.2514,2138701.972389,4849
2026-07-25 03:45:00,1859.47,1859.59,1857.05,1857.06,1724.0496,3204892.706352,4201
2026-07-25 03:50:00,1857.05,1858.98,1855.93,1858.97,731.2428,1358306.2719,6781
2026-07-25 03:55:00,1858.97,1859.24,1858.4,1858.74,53.3079,99091.794863,1850
2026-07-25 04:00:00,1858.74,1860.49,1858.61,1860.48,173.8437,323292.210851,2272
2026-07-25 04:05:00,1860.49,1860.84,1860.0,1860.84,116.4628,216678.49943,2128
2026-07-25 04:10:00,1860.85,1860.86,1860.27,1860.86,143.0608,266175.154537,1493
2026-07-25 04:15:00,1860.86,1861.48,1860.58,1860.58,132.2684,246153.860208,2243
2026-07-25 04:20:00,1860.59,1860.59,1859.58,1859.58,97.6819,181701.865326,1155
2026-07-25 04:25:00,1859.58,1860.18,1859.56,1859.88,86.6837,161217.424084,1840
2026-07-25 04:30:00,1859.88,1860.27,1858.72,1858.72,108.4193,201623.458394,2370
2026-07-25 04:35:00,1858.71,1860.69,1858.57,1860.69,141.9014,263874.877319,2191
2026-07-25 04:40:00,1860.69,1861.83,1860.69,1861.51,245.4113,456747.088916,2258
2026-07-25 04:45:00,1861.51,1862.03,1861.35,1862.03,187.5968,349226.508135,2221
2026-07-25 04:50:00,1862.03,1862.65,1860.9,1861.02,418.7823,779614.557813,3092
2026-07-25 04:55:00,1861.03,1861.28,1860.91,1861.28,70.4205,131053.616979,996
2026-07-25 05:00:00,1861.28,1862.96,1861.27,1861.86,328.4664,611656.120209,3771
2026-07-25 05:05:00,1861.86,1861.86,1861.28,1861.66,151.083,281249.240727,1676
2026-07-25 05:10:00,1861.66,1861.67,1860.69,1860.69,97.606,181657.631147,1424
2026-07-25 05:15:00,1860.69,1860.94,1860.46,1860.62,86.6502,161232.985567,1386
2026-07-25 05:20:00,1860.61,1861.57,1860.51,1861.02,655.7456,1220489.463688,3262
2026-07-25 05:25:00,1861.02,1861.21,1860.64,1860.88,1769.5587,3293058.689745,3474
2026-07-25 05:30:00,1860.87,1860.94,1859.35,1859.35,1389.0789,2584590.783368,4680
2026-07-25 05:35:00,1859.35,1859.54,1857.22,1857.65,1751.8601,3254657.112796,7971
2026-07-25 05:40:00,1857.64,1858.45,1857.28,1858.15,218.1518,405317.918353,2819
2026-07-25 05:45:00,1858.14,1858.29,1857.69,1857.69,89.6521,166581.300289,1295
2026-07-25 05:50:00,1857.7,1858.48,1856.9,1858.25,281.2444,522508.215519,3305
2026-07-25 05:55:00,1858.25,1858.78,1858.24,1858.42,80.9084,150377.456153,1617
2026-07-25 06:00:00,1858.42,1859.3,1858.41,1859.0,95.1597,176884.990879,1342
2026-07-25 06:05:00,1858.99,1859.19,1857.91,1859.19,122.1993,227125.251619,2141
2026-07-25 06:10:00,1859.19,1859.5,1858.75,1859.49,59.2785,110202.04163,1127
2026-07-25 06:15:00,1859.5,1860.0,1858.58,1859.81,158.4394,294604.533954,2758
2026-07-25 06:20:00,1859.81,1859.81,1856.42,1856.81,357.9617,665123.82219,3078
2026-07-25 06:25:00,1856.82,1857.61,1856.45,1856.72,231.8712,430569.157128,2442
2026-07-25 06:30:00,1856.73,1857.11,1855.04,1856.21,307.0738,569966.231095,5097
2026-07-25 06:35:00,1856.21,1857.14,1855.73,1856.73,128.1129,237831.872402,2194
2026-07-25 06:40:00,1856.73,1856.73,1855.46,1855.59,128.1935,237901.722293,2121
2026-07-25 06:45:00,1855.59,1855.85,1854.61,1855.27,268.912,498913.181329,2942
2026-07-25 06:50:00,1855.28,1856.89,1855.27,1856.89,130.6936,242560.236114,1806
2026-07-25 06:55:00,1856.89,1858.69,1856.62,1858.55,195.3069,362703.219556,2668
2026-07-25 07:00:00,1858.55,1858.79,1858.02,1858.43,203.7219,378607.742113,1828
2026-07-25 07:05:00,1858.41,1858.42,1857.54,1857.54,69.353,128866.771472,1110
2026-07-25 07:10:00,1857.55,1858.09,1857.55,1857.66,149.887,278452.903844,1346
2026-07-25 07:15:00,1857.66,1857.76,1856.73,1857.35,108.1383,200859.029004,1758
2026-07-25 07:20:00,1857.35,1858.43,1857.35,1858.13,217.676,404421.82595,1149
2026-07-25 07:25:00,1858.13,1858.13,1857.11,1857.12,128.6125,238940.943935,1024
2026-07-25 07:30:00,1857.11,1857.37,1856.19,1857.14,147.7404,274322.371764,2021
2026-07-25 07:35:00,1857.14,1857.68,1856.85,1857.68,114.7174,213050.832183,1214
2026-07-25 07:40:00,1857.68,1857.97,1856.77,1856.99,119.7391,222371.300701,1636
2026-07-25 07:45:00,1856.99,1857.95,1856.34,1856.55,255.2096,473975.759665,1749
2026-07-25 07:50:00,1856.56,1856.87,1856.12,1856.28,154.6411,287112.771633,1066
2026-07-25 07:55:00,1856.28,1856.8,1856.02,1856.02,305.0185,566252.008445,1056
2026-07-25 08:00:00,1856.03,1856.03,1854.95,1854.96,314.8239,584193.303072,2220
2026-07-25 08:05:00,1854.95,1855.62,1852.72,1854.0,1393.8837,2584677.521811,4525
2026-07-25 08:10:00,1854.0,1854.77,1853.06,1854.26,581.7829,1078780.599645,3833
2026-07-25 08:15:00,1854.26,1855.35,1854.26,1855.35,282.5899,524173.846287,1508
2026-07-25 08:20:00,1855.35,1856.1,1855.14,1855.38,162.0887,300789.416438,3158
2026-07-25 08:25:00,1855.38,1855.8,1855.02,1855.8,148.7259,275945.690663,1598
2026-07-25 08:30:00,1855.79,1855.99,1855.14,1855.48,619.0578,1148664.906675,3290
2026-07-25 08:35:00,1855.48,1855.48,1854.17,1854.61,224.5667,416494.633974,1960
2026-07-25 08:40:00,1854.6,1855.71,1854.6,1855.03,91.9557,170592.468268,1932
2026-07-25 08:45:00,1855.04,1855.19,1853.2,1853.47,240.2002,445426.531661,3717
2026-07-25 08:50:00,1853.47,1853.79,1851.22,1852.91,520.1876,963673.491348,5938
2026-07-25 08:55:00,1852.9,1854.5,1852.89,1853.8,246.3381,456569.806047,3454
2026-07-25 09:00:00,1853.8,1854.81,1852.38,1852.86,193.1283,358033.410405,3101
2026-07-25 09:05:00,1852.85,1853.31,1851.75,1853.2,204.9695,379742.795272,2600
2026-07-25 09:10:00,1853.2,1854.25,1853.07,1854.25,128.6812,238504.686257,1625
2026-07-25 09:15:00,1854.25,1855.14,1853.64,1853.64,132.4181,245567.509883,1961
2026-07-25 09:20:00,1853.65,1855.34,1853.35,1855.31,584.5869,1084239.979611,2494
2026-07-25 09:25:00,1855.35,1855.8,1854.98,1855.8,708.7865,1314947.439029,2025
2026-07-25 09:30:00,1855.8,1856.04,1855.79,1855.79,97.6527,181234.836397,932
2026-07-25 09:35:00,1855.8,1856.69,1855.45,1855.88,267.4003,496301.162737,2586
2026-07-25 09:40:00,1855.88,1856.4,1855.78,1856.4,164.285,304918.611242,1497
2026-07-25 09:45:00,1856.39,1857.56,1856.39,1857.3,248.4824,461472.513559,1399
2026-07-25 09:50:00,1857.3,1859.06,1857.29,1857.98,289.8886,538692.424269,3384
2026-07-25 09:55:00,1857.98,1858.35,1857.25,1858.34,686.5556,1275490.883278,2146
2026-07-25 10:00:00,1858.35,1858.88,1857.99,1858.88,743.6107,1381799.926524,2369
2026-07-25 10:05:00,1858.88,1859.06,1858.0,1858.36,141.68,263304.394868,1912
2026-07-25 10:10:00,1858.36,1858.78,1858.17,1858.6,467.8836,869547.046732,2482
2026-07-25 10:15:00,1858.59,1859.29,1858.59,1859.29,109.2562,203092.521391,1462
2026-07-25 10:20:00,1859.29,1859.29,1857.37,1857.54,408.3117,758681.407653,2825
2026-07-25 10:25:00,1857.55,1857.94,1857.54,1857.9,110.5567,205389.658064,1184
2026-07-25 10:30:00,1857.89,1858.4,1857.25,1858.39,1026.5686,1906972.74129,2616
2026-07-25 10:35:00,1858.4,1858.57,1856.75,1857.74,859.7917,1597046.160829,3147
2026-07-25 10:40:00,1857.74,1857.9,1856.75,1857.14,237.2096,440581.373762,2165
2026-07-25 10:45:00,1857.14,1857.24,1856.91,1857.24,218.3866,405560.595083,888
2026-07-25 10:50:00,1857.24,1857.52,1856.86,1857.52,144.2354,267873.57824,1477
2026-07-25 10:55:00,1857.52,1858.95,1857.51,1858.62,302.5223,562197.125295,1955
2026-07-25 11:00:00,1858.63,1860.0,1857.81,1859.76,310.0305,576450.878712,5512
2026-07-25 11:05:00,1859.76,1860.09,1858.73,1859.29,476.3867,885932.311082,3963
2026-07-25 11:10:00,1859.29,1859.57,1858.9,1859.4,60.3951,112281.784951,1372
2026-07-25 11:15:00,1859.41,1859.69,1858.85,1859.69,187.7213,349019.6572,2766
2026-07-25 11:20:00,1859.68,1859.76,1859.0,1859.01,312.8435,581652.95839,2495
2026-07-25 11:25:00,1859.01,1859.01,1858.5,1858.51,202.3004,376046.951738,1344
2026-07-25 11:30:00,1858.5,1859.79,1857.74,1857.78,293.8686,546275.601337,3564
2026-07-25 11:35:00,1857.78,1858.13,1857.5,1857.98,391.4039,727172.265623,2381
2026-07-25 11:40:00,1857.98,1858.93,1857.93,1858.28,228.0936,423875.168492,3517
2026-07-25 11:45:00,1858.29,1858.83,1858.28,1858.37,51.5076,95723.263637,1058
2026-07-25 11:50:00,1858.38,1859.17,1858.37,1858.48,96.6294,179616.269957,2038
2026-07-25 11:55:00,1858.49,1858.49,1857.63,1857.75,113.2283,210392.741961,1228
2026-07-25 12:00:00,1857.75,1858.43,1857.71,1858.42,223.3761,415030.102342,1957
2026-07-25 12:05:00,1858.42,1858.43,1857.73,1857.74,238.8824,443847.710265,1687
2026-07-25 12:10:00,1857.74,1858.34,1857.0,1858.34,584.3168,1085437.824012,1700
2026-07-25 12:15:00,1858.33,1858.91,1857.59,1858.6,660.4592,1227247.083154,2406
2026-07-25 12:20:00,1858.6,1858.61,1856.96,1857.45,284.3238,528180.119545,1944
2026-07-25 12:25:00,1857.44,1858.63,1857.44,1857.99,155.6851,289266.115967,1443
2026-07-25 12:30:00,1857.99,1858.03,1857.23,1858.03,116.9683,217273.103619,1949
2026-07-25 12:35:00,1858.02,1858.39,1857.15,1858.39,594.5261,1104581.839037,2625
2026-07-25 12:40:00,1858.39,1858.44,1857.48,1858.25,582.346,1081827.269491,1886
2026-07-25 12:45:00,1858.24,1859.03,1857.8,1858.68,125.0827,232456.770556,2448
2026-07-25 12:50:00,1858.67,1859.66,1858.63,1859.58,233.8213,434701.971157,1346
2026-07-25 12:55:00,1859.58,1860.48,1859.39,1860.32,310.7949,577994.936832,2247
2026-07-25 13:00:00,1860.32,1863.0,1859.78,1861.95,696.0833,1295654.557615,5505
2026-07-25 13:05:00,1861.95,1863.29,1861.31,1862.97,337.757,629053.613831,2555
2026-07-25 13:10:00,1862.97,1863.73,1862.77,1862.89,392.343,730956.909618,2948
2026-07-25 13:15:00,1862.89,1863.06,1862.47,1862.6,340.4807,634245.825298,2030
2026-07-25 13:20:00,1862.6,1864.63,1862.6,1863.92,367.1786,684359.341166,3758
2026-07-25 13:25:00,1863.92,1865.64,1863.83,1864.18,813.3244,1516693.973553,5993
2026-07-25 13:30:00,1864.18,1864.97,1863.08,1863.53,517.0422,963706.256644,4428
2026-07-25 13:35:00,1863.52,1864.64,1863.33,1864.21,487.8838,909344.897789,3067
2026-07-25 13:40:00,1864.21,1868.3,1864.21,1868.3,741.8394,1384516.086033,9419
2026-07-25 13:45:00,1868.29,1872.35,1867.66,1870.31,2462.8175,4604982.552991,13318
2026-07-25 13:50:00,1870.31,1870.6,1866.92,1867.32,649.5727,1214055.093094,5262
2026-07-25 13:55:00,1867.32,1867.49,1865.36,1867.24,493.7059,921511.750983,4153
2026-07-25 14:00:00,1867.25,1867.43,1865.56,1865.94,457.3882,853521.393137,3844
2026-07-25 14:05:00,1865.94,1867.13,1865.93,1867.12,353.6275,660083.771066,2585
2026-07-25 14:10:00,1867.12,1867.33,1866.01,1867.22,269.5251,503153.266496,1874
2026-07-25 14:15:00,1867.22,1868.09,1866.31,1866.81,323.3259,603774.871603,2832
2026-07-25 14:20:00,1866.8,1866.81,1865.06,1866.33,289.4362,540054.671466,2498
2026-07-25 14:25:00,1866.32,1866.49,1865.8,1866.49,187.4634,349842.444825,1347
2026-07-25 14:30:00,1866.49,1868.04,1866.48,1867.54,146.4872,273561.412727,1714
2026-07-25 14:35:00,1867.55,1869.22,1867.07,1868.05,456.0867,852151.462118,4912
2026-07-25 14:40:00,1868.06,1869.0,1867.15,1868.37,678.1347,1266734.274401,2418
2026-07-25 14:45:00,1868.37,1868.58,1867.08,1867.25,567.4149,1059751.438074,2002
2026-07-25 14:50:00,1867.25,1868.78,1867.17,1868.19,825.1987,1541457.937761,2420
2026-07-25 14:55:00,1868.19,1869.32,1868.18,1868.68,256.1649,478718.561191,1979
2026-07-25 15:00:00,1868.67,1868.67,1867.05,1867.34,197.604,369039.539689,2035
2026-07-25 15:05:00,1867.34,1868.84,1867.25,1868.26,286.7165,535603.531665,2395
2026-07-25 15:10:00,1868.27,1870.14,1867.93,1868.74,397.492,742999.149099,3313
2026-07-25 15:15:00,1868.74,1870.2,1868.74,1869.38,232.2349,434183.325828,2864
2026-07-25 15:20:00,1869.39,1871.43,1869.28,1869.95,402.4779,752772.77927,4567
2026-07-25 15:25:00,1869.95,1869.95,1868.32,1868.54,274.3737,512780.339018,1746
2026-07-25 15:30:00,1868.53,1868.54,1867.03,1867.77,638.1959,1191976.352264,3214
2026-07-25 15:35:00,1867.77,1870.96,1867.77,1870.89,320.0154,598348.475601,2896
2026-07-25 15:40:00,1870.89,1871.03,1869.73,1870.13,300.5932,562223.889431,2189
2026-07-25 15:45:00,1870.12,1870.67,1868.08,1868.08,190.9463,356935.593153,2769
2026-07-25 15:50:00,1868.08,1868.62,1867.33,1868.43,192.4062,359451.129113,2654
2026-07-25 15:55:00,1868.42,1868.61,1867.7,1867.88,191.4318,357619.784315,2093
2026-07-25 16:00:00,1867.88,1869.35,1867.76,1868.28,368.9041,689289.184221,2594
2026-07-25 16:05:00,1868.27,1868.94,1865.7,1865.83,598.3456,1117231.060988,3378
2026-07-25 16:10:00,1865.83,1868.71,1865.82,1868.58,143.377,267692.6249,1966
2026-07-25 16:15:00,1868.58,1868.59,1865.46,1865.47,185.864,347155.012713,2643
2026-07-25 16:20:00,1865.46,1866.41,1865.31,1865.97,131.9552,246211.360995,2347
2026-07-25 16:25:00,1865.96,1866.48,1864.65,1865.97,312.9045,583689.214957,3148
2026-07-25 16:30:00,1865.97,1867.01,1865.61,1867.01,160.497,299525.866936,2772
2026-07-25 16:35:00,1867.02,1868.62,1867.01,1868.18,197.878,369645.946281,2625
2026-07-25 16:40:00,1868.19,1869.0,1868.08,1868.99,103.9423,194207.278118,1672
2026-07-25 16:45:00,1869.0,1870.91,1868.65,1868.81,636.2856,1189719.892154,3898
2026-07-25 16:50:00,1868.8,1868.8,1867.12,1867.28,256.4751,479068.130381,2786
2026-07-25 16:55:00,1867.29,1868.1,1866.62,1867.99,89.5976,167308.143737,1948
2026-07-25 17:00:00,1867.99,1869.79,1867.99,1869.03,258.7002,483402.368628,2734
2026-07-25 17:05:00,1869.04,1869.7,1868.78,1869.1,110.0766,205754.986624,1744
2026-07-25 17:10:00,1869.1,1869.1,1868.04,1869.09,247.3137,462130.917134,1854
2026-07-25 17:15:00,1869.09,1870.46,1869.09,1869.71,165.4351,309362.050625,2714
2026-07-25 17:20:00,1869.72,1871.27,1868.93,1870.92,502.4079,939693.740295,4818
2026-07-25 17:25:00,1870.91,1872.62,1870.9,1871.71,1127.0615,2109401.430132,7796
2026-07-25 17:30:00,1871.71,1874.62,1870.88,1874.55,1253.4909,2347058.747099,8783
2026-07-25 17:35:00,1874.55,1874.59,1872.22,1872.25,690.5855,1293829.54208,6356
2026-07-25 17:40:00,1872.25,1874.88,1872.25,1873.84,762.8119,1429515.370152,6463
2026-07-25 17:45:00,1873.84,1875.15,1873.1,1874.11,504.2948,945009.713284,7077
2026-07-25 17:50:00,1874.11,1874.55,1872.51,1872.89,506.1108,948327.944457,6092
2026-07-25 17:55:00,1872.89,1873.43,1872.36,1873.06,401.6059,752212.728104,3450
2026-07-25 18:00:00,1873.07,1877.07,1873.07,1873.99,939.9291,1762426.229286,11192
2026-07-25 18:05:00,1874.0,1874.62,1872.45,1872.46,216.0668,404850.650602,4729
2026-07-25 18:10:00,1872.45,1875.07,1872.45,1873.76,438.5238,821936.244511,3357
2026-07-25 18:15:00,1873.76,1874.96,1872.98,1874.33,308.4704,578033.156011,3355
2026-07-25 18:20:00,1874.33,1874.46,1873.56,1874.04,299.2024,560756.895451,2538
2026-07-25 18:25:00,1874.04,1875.46,1872.85,1875.45,358.2779,671399.46441,5368
2026-07-25 18:30:00,1875.45,1876.49,1874.61,1875.58,480.6209,901249.799622,4327
2026-07-25 18:35:00,1875.58,1875.59,1874.24,1874.44,119.5928,224212.287588,1815
2026-07-25 18:40:00,1874.45,1874.76,1873.75,1874.17,472.5575,885660.970247,3236
2026-07-25 18:45:00,1874.16,1874.95,1874.16,1874.2,189.1095,354505.927552,1910
2026-07-25 18:50:00,1874.19,1875.53,1873.98,1874.23,393.2534,737289.295132,3978
2026-07-25 18:55:00,1874.24,1876.11,1874.23,1875.48,278.1201,521554.66493,4117
2026-07-25 19:00:00,1875.48,1875.82,1874.87,1875.42,96.8977,181720.757057,2658
2026-07-25 19:05:00,1875.42,1876.17,1874.69,1875.41,390.7494,732866.196511,3209
2026-07-25 19:10:00,1875.4,1876.45,1875.08,1876.2,136.7945,256618.184963,1993
2026-07-25 19:15:00,1876.21,1876.21,1874.4,1874.99,325.0702,609454.175969,4261
2026-07-25 19:20:00,1874.99,1875.86,1874.95,1875.85,95.8015,179655.319612,1977
2026-07-25 19:25:00,1875.85,1875.86,1875.35,1875.35,163.9371,307493.559902,2205
2026-07-25 19:30:00,1875.36,1875.86,1875.08,1875.86,113.6929,213222.418122,2094
2026-07-25 19:35:00,1875.86,1876.28,1875.5,1875.57,113.2924,212523.257371,2114
2026-07-25 19:40:00,1875.57,1875.95,1875.57,1875.84,124.3818,233302.203543,1490
2026-07-25 19:45:00,1875.85,1875.85,1874.46,1875.1,232.7117,436328.677313,2951
2026-07-25 19:50:00,1875.1,1876.0,1874.89,1875.91,133.9576,251264.916733,1407
2026-07-25 19:55:00,1875.91,1876.64,1874.59,1874.76,90.822,170360.199324,2784
2026-07-25 20:00:00,1874.77,1875.03,1873.08,1874.27,172.2411,322771.091993,4456
2026-07-25 20:05:00,1874.27,1874.28,1873.15,1873.46,92.5857,173478.802589,2551
2026-07-25 20:10:00,1873.45,1874.65,1873.45,1874.1,88.931,166674.174464,2218
2026-07-25 20:15:00,1874.1,1874.11,1871.34,1871.67,292.701,547983.51378,3880
2026-07-25 20:20:00,1871.66,1872.39,1871.01,1872.24,286.0516,535431.854362,2191
2026-07-25 20:25:00,1872.24,1872.43,1872.13,1872.43,109.3171,204669.534762,749
2026-07-25 20:30:00,1872.44,1872.44,1870.74,1870.91,224.7468,420601.27961,2068
2026-07-25 20:35:00,1870.92,1871.32,1870.43,1871.31,228.9592,428305.910287,1048
2026-07-25 20:40:00,1871.31,1871.58,1871.31,1871.35,100.5727,188213.69265,847
2026-07-25 20:45:00,1871.35,1871.61,1871.27,1871.48,189.49,354624.639067,992
2026-07-25 20:50:00,1871.48,1872.31,1871.47,1871.83,88.061,164852.715345,1255
2026-07-25 20:55:00,1871.83,1872.23,1871.83,1872.23,34.5375,64653.041895,392
2026-07-25 21:00:00,1872.23,1872.39,1870.41,1870.56,119.2405,223140.116359,1781
2026-07-25 21:05:00,1870.56,1871.77,1870.3,1870.38,118.7598,222163.447084,2055
2026-07-25 21:10:00,1870.38,1870.49,1867.92,1870.37,475.2684,888410.609299,3189
2026-07-25 21:15:00,1870.36,1870.8,1869.28,1870.2,113.8194,212875.051882,1901
2026-07-25 21:20:00,1870.19,1870.2,1869.64,1870.19,87.177,163022.163831,912
2026-07-25 21:25:00,1870.19,1870.78,1869.84,1870.78,154.6791,289270.876774,1336
2026-07-25 21:30:00,1870.78,1871.82,1870.49,1871.82,258.0761,482862.716417,1463
2026-07-25 21:35:00,1871.82,1873.38,1871.82,1872.11,194.2438,363756.787435,1611
2026-07-25 21:40:00,1872.11,1872.54,1871.55,1871.93,293.4321,549309.010444,3803
2026-07-25 21:45:00,1871.94,1875.6,1871.54,1873.73,640.7017,1200258.85299,8772
2026-07-25 21:50:00,1873.74,1873.9,1872.75,1872.85,181.7014,340386.769593,4369
2026-07-25 21:55:00,1872.84,1873.48,1872.0,1872.65,147.068,275398.122443,3368
2026-07-25 22:00:00,1872.66,1873.44,1872.38,1873.43,226.3603,423979.323105,5241
2026-07-25 22:05:00,1873.43,1874.4,1872.66,1874.4,194.8796,365139.49333,3006
2026-07-25 22:10:00,1874.4,1874.81,1873.66,1874.16,217.4609,407543.769245,2065
2026-07-25 22:15:00,1874.17,1875.59,1873.94,1875.15,150.9807,283049.866011,2653
2026-07-25 22:20:00,1875.15,1875.16,1874.5,1874.73,149.9897,281213.504683,1797
2026-07-25 22:25:00,1874.73,1875.39,1874.69,1875.09,248.0971,465196.516265,1488
2026-07-25 22:30:00,1875.09,1875.18,1873.91,1874.36,210.8762,395307.789404,3057
2026-07-25 22:35:00,1874.35,1875.86,1874.35,1875.69,75.3124,141240.3503,1793
2026-07-25 22:40:00,1875.69,1875.77,1874.75,1875.77,154.7438,290152.297047,2346
2026-07-25 22:45:00,1875.78,1875.94,1874.46,1875.94,154.9971,290625.097153,2262
2026-07-25 22:50:00,1875.94,1876.92,1875.94,1876.46,128.5362,241203.841584,2553
2026-07-25 22:55:00,1876.46,1876.86,1875.82,1875.82,91.6494,171968.008126,1490
2026-07-25 23:00:00,1875.83,1876.2,1875.55,1875.56,178.2291,334327.901368,2460
2026-07-25 23:05:00,1875.55,1876.09,1874.7,1874.87,114.539,214808.000289,2185
2026-07-25 23:10:00,1874.88,1875.62,1874.87,1874.88,157.7737,295871.847472,1445
2026-07-25 23:15:00,1874.88,1875.22,1873.99,1873.99,97.6215,182979.509234,1371
2026-07-25 23:20:00,1874.0,1874.0,1873.2,1873.8,218.7952,409921.264075,1399
2026-07-25 23:25:00,1873.81,1874.36,1873.65,1874.26,178.4679,334433.302689,1078
2026-07-25 23:30:00,1874.25,1874.74,1874.25,1874.74,15.2201,28531.262353,452
2026-07-25 23:35:00,1874.74,1875.52,1874.46,1874.5,255.3826,478875.281911,1727
2026-07-25 23:40:00,1874.5,1875.02,1874.42,1874.56,93.4291,175146.088334,1264
2026-07-25 23:45:00,1874.56,1875.55,1874.49,1875.33,116.4098,218279.658951,1359
2026-07-25 23:50:00,1875.33,1875.34,1874.25,1874.26,89.9476,168635.753765,1109
2026-07-25 23:55:00,1874.25,1875.12,1874.11,1874.89,142.5175,267152.508162,1273
2026-07-26 00:00:00,1874.88,1875.53,1873.85,1875.53,209.5404,392815.482941,2490
2026-07-26 00:05:00,1875.53,1878.45,1875.52,1877.14,703.3049,1320581.536841,5881
2026-07-26 00:10:00,1877.14,1878.0,1875.9,1877.49,227.1496,426387.038772,3012
2026-07-26 00:15:00,1877.49,1878.0,1877.16,1877.3,343.1645,644242.461615,2637
2026-07-26 00:20:00,1877.3,1879.7,1876.97,1879.29,312.9452,587888.017705,5482
2026-07-26 00:25:00,1879.28,1881.08,1878.82,1879.35,583.1177,1096174.986792,4613
2026-07-26 00:30:00,1879.34,1879.44,1877.41,1877.41,343.1526,644700.951972,2652
2026-07-26 00:35:00,1877.4,1878.0,1876.65,1876.66,128.1807,240671.414949,1491
2026-07-26 00:40:00,1876.65,1877.19,1876.57,1877.02,189.4618,355592.533252,765
2026-07-26 00:45:00,1877.02,1877.6,1876.71,1876.71,101.9911,191451.455903,1505
2026-07-26 00:50:00,1876.71,1879.14,1876.71,1878.81,158.4658,297640.830416,1369
2026-07-26 00:55:00,1878.82,1881.8,1878.45,1881.05,597.793,1124033.398182,4318
2026-07-26 01:00:00,1881.05,1881.9,1878.89,1879.58,345.2328,649160.360798,3180
2026-07-26 01:05:00,1879.58,1880.57,1878.73,1879.75,159.6701,300098.886997,2740
2026-07-26 01:10:00,1879.75,1880.56,1879.38,1880.36,143.8826,270521.413812,1455
2026-07-26 01:15:00,1880.36,1880.83,1879.8,1880.47,218.4708,410746.951588,1278
2026-07-26 01:20:00,1880.47,1880.48,1879.11,1879.39,113.8323,213952.579405,1134
2026-07-26 01:25:00,1879.39,1879.4,1878.87,1879.4,90.0568,169231.036739,890
2026-07-26 01:30:00,1879.39,1880.38,1879.39,1879.76,154.4274,290328.193359,2411
2026-07-26 01:35:00,1879.77,1880.37,1878.9,1880.0,293.6808,552034.192294,2215
2026-07-26 01:40:00,1880.01,1880.01,1878.99,1879.46,103.9738,195405.790474,1475
2026-07-26 01:45:00,1879.45,1879.49,1878.65,1879.1,195.5228,367389.328508,1858
2026-07-26 01:50:00,1879.1,1880.0,1878.79,1879.79,78.1164,146798.578415,1431
2026-07-26 01:55:00,1879.78,1879.91,1877.81,1878.68,138.0786,259393.30444,1745
2026-07-26 02:00:00,1878.67,1879.24,1878.02,1878.96,105.1756,197585.997007,2056
2026-07-26 02:05:00,1878.97,1878.97,1877.06,1878.07,170.4043,319996.65523,2188
2026-07-26 02:10:00,1878.07,1879.49,1878.07,1879.49,122.9939,231113.212834,1353
2026-07-26 02:15:00,1879.49,1879.5,1878.57,1878.57,108.1615,203275.354552,650
2026-07-26 02:20:00,1878.58,1880.39,1878.01,1878.24,218.1519,409939.384077,2638
2026-07-26 02:25:00,1878.24,1879.31,1878.09,1879.29,73.5491,138174.099644,1974
2026-07-26 02:30:00,1879.29,1879.69,1877.43,1878.0,128.2231,240820.801972,1616
2026-07-26 02:35:00,1877.99,1878.65,1877.44,1878.46,164.7136,309338.891095,1275
2026-07-26 02:40:00,1878.45,1878.46,1878.01,1878.23,61.8528,116177.32199,921
2026-07-26 02:45:00,1878.23,1879.6,1878.23,1879.59,50.9078,95653.700513,1031
2026-07-26 02:50:00,1879.59,1881.65,1879.59,1881.64,194.909,366557.233345,1609
2026-07-26 02:55:00,1881.64,1881.64,1880.86,1880.97,136.0446,255915.046102,1713
2026-07-26 03:00:00,1880.98,1881.56,1879.46,1879.51,412.4688,775609.074177,4249
2026-07-26 03:05:00,1879.51,1879.75,1878.98,1879.72,93.2569,175277.150066,2422
2026-07-26 03:10:00,1879.71,1883.98,1879.32,1883.41,474.6881,893505.971281,5283
2026-07-26 03:15:00,1883.41,1883.41,1881.19,1881.73,263.4431,495901.747471,4125
2026-07-26 03:20:00,1881.73,1882.41,1881.37,1881.78,419.1403,788821.934138,3292
2026-07-26 03:25:00,1881.78,1881.83,1880.86,1881.5,163.3232,307262.636239,2753
2026-07-26 03:30:00,1881.5,1883.98,1881.04,1883.9,234.0539,440521.519115,3437
2026-07-26 03:35:00,1883.89,1883.98,1883.2,1883.43,123.412,232435.494775,2188
2026-07-26 03:40:00,1883.44,1883.44,1882.49,1882.58,161.6801,304430.820807,3554
2026-07-26 03:45:00,1882.58,1882.94,1882.2,1882.22,236.0595,444417.843927,1796
2026-07-26 03:50:00,1882.21,1882.22,1881.79,1882.21,132.4896,249353.190389,1663
2026-07-26 03:55:00,1882.21,1882.21,1881.66,1882.21,177.7018,334444.178284,1474
2026-07-26 04:00:00,1882.21,1882.74,1881.06,1882.59,227.9198,428932.47928,3318
2026-07-26 04:05:00,1882.59,1883.16,1880.26,1881.52,393.1726,739820.256811,4026
2026-07-26 04:10:00,1881.52,1882.24,1880.78,1881.01,193.1802,363484.050981,2101
2026-07-26 04:15:00,1881.01,1881.01,1880.49,1880.66,85.6088,161003.429888,708
2026-07-26 04:20:00,1880.66,1883.5,1880.65,1883.49,188.2993,354323.231306,1435
2026-07-26 04:25:00,1883.5,1885.17,1883.27,1884.14,373.2624,703336.062179,3016
2026-07-26 04:30:00,1884.15,1884.15,1883.41,1883.6,114.1719,215082.796494,1070
2026-07-26 04:35:00,1883.59,1885.2,1883.59,1885.2,129.2819,243572.515779,1714
2026-07-26 04:40:00,1885.2,1887.53,1884.86,1887.52,424.9553,801475.949545,3522
2026-07-26 04:45:00,1887.52,1889.36,1886.01,1887.56,836.0458,1578016.231538,7084
2026-07-26 04:50:00,1887.56,1888.52,1887.01,1887.25,252.6324,476944.354062,3309
2026-07-26 04:55:00,1887.25,1887.26,1885.43,1886.26,322.2444,607820.007567,2239
2026-07-26 05:00:00,1886.25,1886.59,1884.93,1886.59,230.4015,434393.276158,2111
2026-07-26 05:05:00,1886.59,1886.59,1885.53,1886.04,187.054,352784.252955,1746
2026-07-26 05:10:00,1886.04,1887.41,1886.03,1887.4,87.846,165759.327813,1719
2026-07-26 05:15:00,1887.4,1887.43,1885.8,1886.23,204.522,385872.667604,2150
2026-07-26 05:20:00,1886.24,1886.24,1885.51,1885.82,121.8661,229818.638797,974
2026-07-26 05:25:00,1885.81,1885.82,1884.89,1884.89,92.8769,175098.676276,1018
2026-07-26 05:30:00,1884.89,1885.28,1883.38,1885.27,341.8536,644137.155708,2630
2026-07-26 05:35:00,1885.27,1885.89,1885.01,1885.8,133.0932,250935.401503,1374
2026-07-26 05:40:00,1885.8,1886.4,1885.73,1886.05,64.5239,121691.311107,937
2026-07-26 05:45:00,1886.05,1886.18,1885.05,1885.14,117.5356,221628.932996,1004
2026-07-26 05:50:00,1885.15,1885.51,1884.33,1884.33,87.0295,164040.789999,1033
2026-07-26 05:55:00,1884.33,1884.39,1882.72,1883.4,714.7331,1346269.397203,2226
2026-07-26 06:00:00,1883.4,1884.95,1883.33,1884.1,239.4222,451118.50705,1988
2026-07-26 06:05:00,1884.1,1884.1,1883.07,1883.13,144.3839,271928.23717,1227
2026-07-26 06:10:00,1883.12,1883.13,1880.74,1881.09,422.0895,794233.63515,2637
2026-07-26 06:15:00,1881.08,1881.97,1880.0,1880.24,229.2026,431174.484667,1691
2026-07-26 06:20:00,1880.25,1880.25,1878.46,1878.56,327.5581,615590.360934,3301
2026-07-26 06:25:00,1878.55,1879.65,1878.46,1878.88,297.7706,559518.756305,1938
2026-07-26 06:30:00,1878.87,1881.25,1878.83,1881.24,175.965,330770.058285,1830
2026-07-26 06:35:00,1881.25,1882.98,1881.24,1882.97,223.5125,420685.813438,1552
2026-07-26 06:40:00,1882.97,1882.97,1881.73,1882.35,187.1231,352182.597209,2482
2026-07-26 06:45:00,1882.34,1883.91,1882.28,1883.64,157.3135,296248.561912,1857
2026-07-26 06:50:00,1883.65,1884.24,1883.24,1883.99,414.2349,780405.038531,1340
2026-07-26 06:55:00,1883.99,1885.39,1883.99,1884.95,358.0981,674961.663889,2512
2026-07-26 07:00:00,1884.95,1886.29,1884.65,1884.65,196.5928,370690.379306,3180
2026-07-26 07:05:00,1884.66,1885.44,1884.27,1884.27,96.6599,182172.333821,1323
2026-07-26 07:10:00,1884.28,1884.89,1883.72,1884.77,191.6424,361132.86211,2044
2026-07-26 07:15:00,1884.78,1885.0,1883.65,1883.66,88.2766,166372.928657,1449
2026-07-26 07:20:00,1883.65,1883.73,1883.09,1883.12,166.0077,312660.532659,1572
2026-07-26 07:25:00,1883.12,1883.48,1883.12,1883.18,81.3107,153139.403592,609
2026-07-26 07:30:00,1883.18,1883.19,1882.16,1882.17,250.0499,470730.013182,1603
2026-07-26 07:35:00,1882.16,1882.17,1880.79,1881.19,329.0447,619077.900136,2200
2026-07-26 07:40:00,1881.19,1881.72,1880.51,1880.51,213.0268,400763.26626,1747
2026-07-26 07:45:00,1880.51,1881.73,1880.51,1881.67,191.1395,359552.011872,1402
2026-07-26 07:50:00,1881.67,1881.67,1880.83,1880.96,188.8936,355356.180161,1491
2026-07-26 07:55:00,1880.97,1881.64,1880.96,1881.56,147.3065,277115.939943,1109
2026-07-26 08:00:00,1881.57,1881.57,1880.02,1880.07,137.1711,257963.803736,1519
2026-07-26 08:05:00,1880.08,1880.48,1879.88,1880.47,276.2403,519359.861466,1272
2026-07-26 08:10:00,1880.48,1880.82,1880.33,1880.33,106.3073,199916.969883,1276
2026-07-26 08:15:00,1880.34,1881.2,1880.33,1880.77,130.6622,245748.093234,1896
2026-07-26 08:20:00,1880.78,1880.78,1880.47,1880.48,72.6911,136701.050837,905
2026-07-26 08:25:00,1880.48,1880.78,1878.74,1880.77,588.6422,1106235.928085,3562
2026-07-26 08:30:00,1880.78,1880.97,1879.98,1880.96,144.1289,271060.284941,2218
2026-07-26 08:35:00,1880.96,1881.11,1880.8,1880.81,50.7644,95487.160177,894
2026-07-26 08:40:00,1880.8,1881.85,1880.73,1881.84,241.0666,453473.236634,2419
2026-07-26 08:45:00,1881.85,1881.85,1881.16,1881.56,295.2778,555545.250981,1843
2026-07-26 08:50:00,1881.55,1882.49,1881.55,1882.43,88.0211,165669.276327,1592
2026-07-26 08:55:00,1882.42,1882.43,1881.41,1881.42,87.9194,165474.190038,1394
2026-07-26 09:00:00,1881.42,1882.49,1881.22,1882.48,103.4671,194688.327591,1826
2026-07-26 09:05:00,1882.49,1883.99,1881.88,1882.37,337.2748,635083.109784,3905
2026-07-26 09:10:00,1882.36,1882.37,1881.96,1881.96,60.2077,113321.483762,1227
2026-07-26 09:15:00,1881.97,1884.33,1881.96,1884.03,181.9782,342714.774427,2632
2026-07-26 09:20:00,1884.02,1884.8,1884.02,1884.24,171.7615,323659.842513,1608
2026-07-26 09:25:00,1884.25,1884.25,1883.79,1884.16,86.1289,162261.65849,1002
2026-07-26 09:30:00,1884.16,1884.16,1883.26,1883.27,115.8755,218272.64654,1908
2026-07-26 09:35:00,1883.26,1884.93,1883.26,1884.86,312.6592,589188.5377,3232
2026-07-26 09:40:00,1884.85,1885.76,1884.33,1884.71,446.5236,841605.861915,3147
2026-07-26 09:45:00,1884.71,1885.35,1884.68,1885.02,350.4704,660609.258052,3224
2026-07-26 09:50:00,1885.03,1885.03,1883.65,1883.65,127.0631,239427.605623,2393
2026-07-26 09:55:00,1883.65,1883.8,1883.39,1883.8,198.1247,373182.439327,1464
2026-07-26 10:00:00,1883.8,1884.49,1882.01,1884.48,314.8564,592955.64309,4285
2026-07-26 10:05:00,1884.49,1884.49,1883.8,1883.8,138.1344,260262.819522,2034
2026-07-26 10:10:00,1883.8,1885.27,1883.75,1885.07,216.1192,407273.233045,1994
2026-07-26 10:15:00,1885.07,1885.08,1884.11,1884.11,159.5283,300585.817304,1214
2026-07-26 10:20:00,1884.12,1886.5,1884.1,1886.06,232.6144,438537.414229,2905
2026-07-26 10:25:00,1886.05,1886.05,1885.58,1885.59,135.616,255744.304208,1436
2026-07-26 10:30:00,1885.59,1886.53,1885.24,1886.32,224.4423,423280.126618,2916
2026-07-26 10:35:00,1886.32,1887.25,1886.32,1886.35,458.3082,864650.19504,2853
2026-07-26 10:40:00,1886.35,1887.55,1886.34,1886.96,289.0904,545457.735987,2217
2026-07-26 10:45:00,1886.96,1887.7,1885.26,1885.38,255.0088,481044.62628,3370
2026-07-26 10:50:00,1885.38,1886.24,1885.25,1886.24,204.6718,385930.805612,1541
2026-07-26 10:55:00,1886.24,1886.35,1885.3,1886.22,187.7024,353999.680346,2236
2026-07-26 11:00:00,1886.21,1887.61,1885.77,1887.49,181.8396,343059.165526,3032
2026-07-26 11:05:00,1887.49,1887.89,1885.76,1885.77,201.5574,380329.009989,3886
2026-07-26 11:10:00,1885.76,1886.86,1885.52,1886.86,144.4174,272373.61518,2812
2026-07-26 11:15:00,1886.85,1887.73,1886.53,1887.72,178.1431,336189.469032,2836
2026-07-26 11:20:00,1887.72,1887.73,1887.09,1887.39,88.7015,167411.016622,1310
2026-07-26 11:25:00,1887.38,1887.39,1887.09,1887.2,91.3726,172444.708431,1256
2026-07-26 11:30:00,1887.19,1887.73,1886.65,1887.72,161.3679,304504.964202,1820
2026-07-26 11:35:00,1887.73,1887.73,1887.13,1887.41,225.0802,424822.030715,1439
2026-07-26 11:40:00,1887.42,1887.56,1886.53,1886.6,171.2782,323174.073253,2711
2026-07-26 11:45:00,1886.59,1886.89,1885.87,1886.53,175.113,330334.000406,2099
2026-07-26 11:50:00,1886.54,1886.88,1885.88,1885.88,254.4113,479879.628623,2232
2026-07-26 11:55:00,1885.88,1885.97,1884.78,1885.87,202.13,381085.742012,2261
2026-07-26 12:00:00,1885.87,1888.55,1885.68,1888.36,387.596,731361.16918,4804
2026-07-26 12:05:00,1888.37,1893.89,1888.36,1888.7,1741.1407,3292695.689316,15090
2026-07-26 12:10:00,1888.7,1890.93,1888.55,1890.81,241.6713,456654.00092,3424
2026-07-26 12:15:00,1890.8,1891.77,1887.8,1887.95,605.1051,1143279.824877,7478
2026-07-26 12:20:00,1887.96,1889.7,1887.17,1889.46,587.1504,1108550.045638,4777
2026-07-26 12:25:00,1889.45,1889.95,1889.09,1889.95,146.0358,275958.956569,2449
2026-07-26 12:30:00,1889.95,1890.52,1889.19,1889.2,353.9875,668929.821645,4665
2026-07-26 12:35:00,1889.2,1890.05,1888.19,1888.19,232.4151,439121.644945,3375
2026-07-26 12:40:00,1888.19,1888.19,1887.51,1887.95,379.492,716400.145728,3091
2026-07-26 12:45:00,1887.94,1887.94,1886.01,1887.05,343.8306,648810.041761,3395
2026-07-26 12:50:00,1887.05,1887.79,1886.24,1887.57,171.7742,324184.067509,3001
2026-07-26 12:55:00,1887.57,1887.57,1886.56,1886.57,124.0085,234007.544505,1931
2026-07-26 13:00:00,1886.57,1887.21,1884.21,1884.22,435.0993,820618.307957,3681
2026-07-26 13:05:00,1884.22,1884.85,1882.98,1882.98,392.724,739775.664918,5831
2026-07-26 13:10:00,1882.98,1883.81,1881.61,1883.08,382.5066,720190.287878,5268
2026-07-26 13:15:00,1883.07,1885.29,1883.07,1885.29,339.5375,639756.58185,4151
2026-07-26 13:20:00,1885.29,1888.0,1885.19,1887.5,589.5444,1112400.50112,4861
2026-07-26 13:25:00,1887.5,1888.1,1885.12,1885.97,367.5191,693392.44135,4635
2026-07-26 13:30:00,1885.97,1886.76,1884.72,1885.54,1961.1149,3698141.791423,6291
2026-07-26 13:35:00,1885.53,1886.94,1885.53,1885.8,179.9692,339473.011785,2788
2026-07-26 13:40:00,1885.8,1888.25,1885.8,1888.07,291.5909,550429.195868,3451
2026-07-26 13:45:00,1888.08,1888.86,1887.36,1887.36,327.6252,618560.693618,3056
2026-07-26 13:50:00,1887.35,1887.36,1886.22,1886.3,157.1682,296510.919075,1962
2026-07-26 13:55:00,1886.29,1886.62,1886.0,1886.62,194.68,367216.470092,1470
2026-07-26 14:00:00,1886.62,1890.57,1886.61,1890.57,314.7123,594369.266897,4729
2026-07-26 14:05:00,1890.57,1897.77,1890.56,1894.64,2703.7444,5123508.614334,33983
2026-07-26 14:10:00,1894.64,1895.86,1893.47,1895.37,508.7122,963973.002632,8837
2026-07-26 14:15:00,1895.37,1895.43,1893.01,1893.65,475.6658,900947.974705,6902
2026-07-26 14:20:00,1893.64,1893.87,1892.6,1892.71,326.5607,618302.308895,5075
2026-07-26 14:25:00,1892.71,1893.34,1892.05,1892.68,284.3071,538094.246588,5409
2026-07-26 14:30:00,1892.67,1895.4,1891.3,1894.18,582.4715,1103127.835997,6329
2026-07-26 14:35:00,1894.18,1895.0,1893.2,1893.98,315.2135,597093.73884,3846
2026-07-26 14:40:00,1893.99,1897.89,1893.92,1896.11,708.5041,1343508.790829,7600
2026-07-26 14:45:00,1896.11,1900.31,1896.11,1897.11,1355.3017,2573548.469313,16450
2026-07-26 14:50:00,1897.11,1897.96,1896.43,1897.73,513.1556,973532.055135,5650
2026-07-26 14:55:00,1897.74,1899.11,1897.2,1898.59,619.0041,1174962.592034,4760
2026-07-26 15:00:00,1898.58,1903.7,1898.06,1899.77,1513.539,2876452.729509,9968
2026-07-26 15:05:00,1899.77,1902.4,1898.65,1899.86,853.1699,1621349.873673,6948
2026-07-26 15:10:00,1899.87,1900.0,1898.82,1899.2,313.2903,595037.815476,2745
2026-07-26 15:15:00,1899.19,1909.95,1899.19,1906.83,2148.0912,4094819.169079,28217
2026-07-26 15:20:00,1906.82,1908.75,1906.06,1907.12,839.0678,1600302.178272,12119
2026-07-26 15:25:00,1907.13,1908.62,1906.37,1906.89,738.351,1408475.839621,6165
2026-07-26 15:30:00,1906.89,1908.99,1906.61,1907.95,550.1934,1049479.266562,9782
2026-07-26 15:35:00,1907.95,1917.82,1907.94,1915.1,3539.3046,6774227.885248,33622
2026-07-26 15:40:00,1915.09,1915.99,1913.26,1914.45,478.1816,915470.950478,9471
2026-07-26 15:45:00,1914.45,1915.34,1911.7,1912.79,1546.6123,2959711.007427,16556
2026-07-26 15:50:00,1912.8,1914.43,1910.82,1914.43,1048.6519,2005443.766523,11731
2026-07-26 15:55:00,1914.43,1916.01,1912.58,1914.63,1108.9048,2123151.524385,12556
2026-07-26 16:00:00,1914.63,1916.0,1912.16,1912.65,1325.0118,2537122.544442,9072
2026-07-26 16:05:00,1912.66,1913.25,1908.75,1908.95,1063.543,2032978.363758,7759
2026-07-26 16:10:00,1908.94,1911.58,1908.94,1910.06,462.3303,883212.861778,7736
2026-07-26 16:15:00,1910.05,1915.2,1910.05,1913.45,799.8653,1530852.622892,12351
2026-07-26 16:20:00,1913.45,1915.05,1913.15,1914.21,246.3495,471582.354782,4511
2026-07-26 16:25:00,1914.2,1921.0,1914.2,1919.88,2070.8705,3973465.664584,19088
2026-07-26 16:30:00,1919.88,1928.08,1919.52,1923.39,4841.7099,9318109.219401,41715
2026-07-26 16:35:00,1923.39,1924.44,1918.94,1919.7,1173.3498,2254438.687754,14560
2026-07-26 16:40:00,1919.7,1920.66,1917.81,1919.59,565.1989,1084670.738337,9598
2026-07-26 16:45:00,1919.59,1921.8,1918.14,1920.87,1305.3772,2506715.906831,10967
2026-07-26 16:50:00,1920.87,1920.88,1916.56,1917.0,937.0706,1797114.645661,8053
2026-07-26 16:55:00,1917.0,1917.41,1915.5,1916.2,1098.2672,2104771.717202,6373
2026-07-26 17:00:00,1916.19,1916.2,1912.07,1914.64,1066.4254,2041598.731987,10396
2026-07-26 17:05:00,1914.63,1916.73,1913.84,1915.42,343.0117,656884.986012,6419
2026-07-26 17:10:00,1915.43,1917.77,1915.09,1917.21,434.3357,832457.78369,5494
2026-07-26 17:15:00,1917.2,1917.44,1914.82,1914.85,248.8597,476842.052887,5130
2026-07-26 17:20:00,1914.85,1915.63,1913.76,1914.32,326.9686,625984.614398,5444
2026-07-26 17:25:00,1914.32,1914.93,1913.74,1914.32,183.2073,350696.843223,4230
2026-07-26 17:30:00,1914.31,1915.5,1913.52,1915.49,267.6099,512326.623406,6090
2026-07-26 17:35:00,1915.49,1915.79,1911.37,1911.37,356.367,681804.37771,6412
2026-07-26 17:40:00,1911.38,1912.18,1911.28,1912.12,249.7695,477475.194239,3232
2026-07-26 17:45:00,1912.11,1912.81,1911.92,1912.4,188.2571,360026.994298,4110
2026-07-26 17:50:00,1912.39,1913.27,1912.25,1913.09,134.3731,257013.031411,2463
2026-07-26 17:55:00,1913.1,1913.1,1910.8,1911.23,320.3961,612540.852427,4748
2026-07-26 18:00:00,1911.23,1912.89,1911.05,1912.25,260.3885,497950.260234,4230
2026-07-26 18:05:00,1912.25,1912.28,1911.44,1911.78,321.5568,614756.178513,2712
2026-07-26 18:10:00,1911.78,1913.2,1911.77,1912.46,180.6761,345550.334808,2698
2026-07-26 18:15:00,1912.47,1914.29,1912.11,1913.86,352.1468,673727.11438,4883
2026-07-26 18:20:00,1913.85,1915.65,1913.85,1913.86,315.2684,603592.274617,4744
2026-07-26 18:25:00,1913.87,1913.87,1912.54,1913.2,102.9858,197023.06088,2491
2026-07-26 18:30:00,1913.19,1913.86,1913.19,1913.47,124.4556,238148.488676,1458
2026-07-26 18:35:00,1913.47,1914.29,1911.78,1913.69,489.9949,937391.966218,5432
2026-07-26 18:40:00,1913.67,1914.02,1912.79,1914.02,581.9871,1113544.237797,3106
2026-07-26 18:45:00,1914.01,1914.02,1913.24,1913.27,302.9329,579713.629339,1880
2026-07-26 18:50:00,1913.26,1916.53,1913.26,1915.24,536.1363,1026669.374833,4790
2026-07-26 18:55:00,1915.23,1915.43,1914.48,1914.49,146.6343,280826.049593,2134
2026-07-26 19:00:00,1914.49,1915.86,1913.99,1914.72,152.57,292136.927541,4520
2026-07-26 19:05:00,1914.72,1914.73,1913.01,1913.23,185.0021,354012.711765,2740
2026-07-26 19:10:00,1913.23,1913.26,1912.09,1912.09,188.3356,360263.282348,3693
2026-07-26 19:15:00,1912.1,1913.08,1912.1,1912.99,2266.0104,4334195.30267,6671
2026-07-26 19:20:00,1912.98,1914.63,1912.79,1914.05,538.0572,1029550.528413,4454
2026-07-26 19:25:00,1914.06,1914.23,1913.4,1913.9,173.4672,331992.783391,2410
2026-07-26 19:30:00,1913.91,1915.67,1913.48,1915.31,242.8548,464991.123828,3390
2026-07-26 19:35:00,1915.32,1915.39,1914.8,1914.95,148.0192,283477.116186,1881
2026-07-26 19:40:00,1914.95,1915.28,1914.81,1914.82,237.6267,455063.527776,2298
2026-07-26 19:45:00,1914.81,1914.82,1913.61,1913.81,88.0011,168448.005998,1519
2026-07-26 19:50:00,1913.82,1914.68,1913.59,1914.57,225.9386,432453.32999,2580
2026-07-26 19:55:00,1914.56,1914.57,1913.97,1914.2,236.5331,452783.121285,2589
2026-07-26 20:00:00,1914.21,1914.56,1913.23,1913.33,251.3323,481078.276649,2977
2026-07-26 20:05:00,1913.34,1913.8,1913.33,1913.42,123.1706,235698.557789,1606
2026-07-26 20:10:00,1913.42,1913.42,1912.43,1913.08,106.1143,202993.737738,2499
2026-07-26 20:15:00,1913.08,1913.18,1911.8,1912.13,209.0416,399800.130431,3162
2026-07-26 20:20:00,1912.12,1912.8,1911.81,1912.8,280.4664,536384.493691,2081
2026-07-26 20:25:00,1912.79,1913.53,1912.26,1913.29,144.0476,275520.077657,2199
2026-07-26 20:30:00,1913.3,1913.91,1913.09,1913.22,119.6725,228985.583491,2555
2026-07-26 20:35:00,1913.23,1913.23,1912.7,1912.7,84.3312,161314.245455,1307
2026-07-26 20:40:00,1912.71,1912.95,1912.53,1912.86,96.4836,184554.527341,1182
2026-07-26 20:45:00,1912.86,1913.19,1911.94,1911.95,112.1908,214598.815707,1786
2026-07-26 20:50:00,1911.95,1913.58,1911.14,1913.58,370.8185,709194.709235,3925
2026-07-26 20:55:00,1913.58,1913.96,1912.79,1913.8,430.419,823577.516615,3819
2026-07-26 21:00:00,1913.79,1916.81,1913.79,1915.56,736.1199,1410044.069707,5179
2026-07-26 21:05:00,1915.56,1915.56,1913.94,1914.59,104.3638,199797.259473,2250
2026-07-26 21:10:00,1914.6,1916.56,1914.59,1915.28,137.7547,263898.513761,2921
2026-07-26 21:15:00,1915.28,1918.1,1914.81,1917.46,273.4846,524071.786737,3919
2026-07-26 21:20:00,1917.45,1920.5,1917.45,1920.49,913.615,1753331.462272,9046
2026-07-26 21:25:00,1920.49,1924.83,1920.49,1921.45,1281.1033,2462930.978007,17359
2026-07-26 21:30:00,1921.45,1923.68,1920.1,1923.06,695.8758,1337875.059099,9533
2026-07-26 21:35:00,1923.05,1923.05,1920.99,1921.12,317.2392,609720.891111,6568
2026-07-26 21:40:00,1921.12,1923.55,1920.61,1921.45,625.3032,1201998.53223,10534
2026-07-26 21:45:00,1921.46,1930.0,1921.42,1927.56,2259.8308,4355994.076215,19638
2026-07-26 21:50:00,1927.57,1927.75,1925.36,1926.94,567.5387,1093464.323407,9311
2026-07-26 21:55:00,1926.94,1928.46,1925.41,1925.91,481.8072,928373.213756,6940
2026-07-26 22:00:00,1925.91,1941.31,1925.91,1937.77,5806.0691,11238747.40674,45926
2026-07-26 22:05:00,1937.78,1939.34,1935.71,1937.32,2348.3221,4550399.337216,29247
2026-07-26 22:10:00,1937.33,1938.35,1935.01,1938.01,1030.1759,1995687.617204,15021
2026-07-26 22:15:00,1938.02,1939.27,1936.55,1936.63,737.6731,1429751.27932,13413
2026-07-26 22:20:00,1936.63,1939.05,1936.6,1936.61,452.775,877270.108771,8290
2026-07-26 22:25:00,1936.6,1938.66,1935.16,1938.55,659.0606,1276722.594824,9480
2026-07-26 22:30:00,1938.55,1945.93,1938.03,1944.4,3467.3889,6733401.781667,30824
2026-07-26 22:35:00,1944.4,1947.13,1944.28,1944.77,1177.9911,2292269.579787,18105
2026-07-26 22:40:00,1944.77,1947.38,1944.77,1947.36,825.6827,1607169.632643,10349
2026-07-26 22:45:00,1947.37,1953.03,1944.73,1949.28,4742.6964,9247153.087649,26192
2026-07-26 22:50:00,1949.28,1950.68,1947.61,1950.53,1089.1839,2123163.872906,7550
2026-07-26 22:55:00,1950.52,1950.59,1948.46,1949.81,1007.9105,1965286.515347,5139
2026-07-26 23:00:00,1949.81,1954.43,1949.81,1951.66,2126.3344,4149369.418606,14102
2026-07-26 23:05:00,1951.67,1967.36,1951.42,1963.14,8135.2203,15948107.707786,42321
2026-07-26 23:10:00,1963.14,1963.46,1956.47,1957.24,2475.522,4851489.772634,26622
2026-07-26 23:15:00,1957.23,1962.19,1954.89,1954.9,2049.698,4013697.717838,24553
2026-07-26 23:20:00,1954.9,1956.35,1953.84,1955.21,975.0371,1906500.803655,10355
2026-07-26 23:25:00,1955.22,1956.15,1952.73,1953.79,800.4763,1563915.400367,9064
2026-07-26 23:30:00,1953.8,1953.8,1945.99,1952.76,4638.1037,9043316.616746,17143
2026-07-26 23:35:00,1952.76,1954.06,1950.78,1950.88,540.8286,1056103.33618,5622
2026-07-26 23:40:00,1950.87,1954.06,1950.64,1953.62,443.8507,866781.831476,4773
2026-07-26 23:45:00,1953.62,1957.11,1953.19,1954.58,1281.9604,2506031.346046,10565
2026-07-26 23:50:00,1954.58,1957.03,1953.07,1954.32,912.4912,1784073.074773,7887
2026-07-26 23:55:00,1954.32,1955.54,1952.35,1954.72,860.3322,1681334.212781,6607
2026-07-27 00:00:00,1954.72,1955.42,1951.76,1951.76,1205.3177,2354311.418398,9989
2026-07-27 00:05:00,1951.76,1952.28,1948.8,1949.79,1017.7031,1984901.230377,9192
2026-07-27 00:10:00,1949.79,1950.85,1948.35,1949.42,829.4996,1617008.234223,7941
2026-07-27 00:15:00,1949.43,1949.43,1942.85,1944.49,1251.7451,2436213.277158,8731
2026-07-27 00:20:00,1944.48,1945.56,1942.26,1943.46,914.1002,1777053.403301,12177
2026-07-27 00:25:00,1943.47,1947.13,1943.47,1945.01,819.7371,1594465.218091,12635
2026-07-27 00:30:00,1945.01,1945.12,1942.85,1943.64,552.2657,1073538.576732,9703
2026-07-27 00:35:00,1943.64,1944.23,1941.08,1941.78,1681.3639,3265849.445749,12577
2026-07-27 00:40:00,1941.79,1942.8,1940.29,1941.69,698.5146,1356321.034357,9924
2026-07-27 00:45:00,1941.7,1944.2,1940.77,1942.7,312.7318,607533.407943,11110
2026-07-27 00:50:00,1942.7,1945.43,1940.79,1941.89,702.2505,1364696.734502,12761
2026-07-27 00:55:00,1941.89,1942.55,1939.67,1942.54,830.5071,1612396.836469,9475
2026-07-27 01:00:00,1942.54,1946.04,1942.31,1945.13,869.426,1690821.873896,13470
2026-07-27 01:05:00,1945.14,1948.0,1945.13,1947.23,790.0285,1538015.899597,13715
2026-07-27 01:10:00,1947.23,1947.23,1942.35,1943.08,429.1848,834734.491534,8266
2026-07-27 01:15:00,1943.07,1945.01,1940.89,1944.52,776.4688,1508815.089826,11383
2026-07-27 01:20:00,1944.52,1944.53,1941.75,1943.25,502.7914,976811.765473,6061
2026-07-27 01:25:00,1943.24,1943.24,1940.98,1941.52,336.6748,653697.497946,4786
2026-07-27 01:30:00,1941.52,1944.5,1940.43,1942.54,381.8678,741863.266667,7067
2026-07-27 01:35:00,1942.53,1944.06,1936.51,1944.05,1349.1681,2616535.480088,13869
2026-07-27 01:40:00,1944.06,1945.0,1941.56,1942.12,881.5917,1713184.85519,11691
2026-07-27 01:45:00,1942.12,1945.88,1941.86,1945.8,987.7656,1921084.621997,13028
2026-07-27 01:50:00,1945.8,1946.94,1944.46,1945.55,698.448,1358965.996442,11757
2026-07-27 01:55:00,1945.56,1948.46,1945.55,1948.2,647.6565,1261076.323582,9465
2026-07-27 02:00:00,1948.2,1949.15,1947.0,1947.43,540.6097,1053227.04704,10504
2026-07-27 02:05:00,1947.43,1948.68,1946.59,1948.08,392.8492,765069.620745,6252
2026-07-27 02:10:00,1948.07,1948.07,1946.0,1946.31,360.5336,701812.816614,4688
2026-07-27 02:15:00,1946.32,1946.64,1944.31,1946.58,902.576,1756292.259574,7113
2026-07-27 02:20:00,1946.57,1949.02,1944.7,1945.84,780.6405,1519602.932192,8287
2026-07-27 02:25:00,1945.85,1947.28,1944.75,1945.69,1323.567,2575887.172083,5723
2026-07-27 02:30:00,1945.7,1945.7,1943.79,1944.57,697.7742,1356856.898222,5074
2026-07-27 02:35:00,1944.57,1948.85,1943.89,1947.87,1279.8177,2491677.081184,8564
2026-07-27 02:40:00,1947.87,1947.94,1946.43,1946.43,399.5355,777970.259299,2823
2026-07-27 02:45:00,1946.44,1947.73,1944.46,1944.47,631.5369,1229192.599451,3527
2026-07-27 02:50:00,1944.46,1944.46,1941.48,1942.46,580.6344,1128070.617486,4452
2026-07-27 02:55:00,1942.46,1943.74,1942.39,1943.1,442.9922,860767.06876,2832
2026-07-27 03:00:00,1943.09,1946.73,1942.42,1942.43,606.7536,1179797.86733,5137
2026-07-27 03:05:00,1942.43,1945.23,1942.43,1943.76,527.2792,1025006.34588,3925
2026-07-27 03:10:00,1943.77,1945.59,1942.49,1945.29,631.4103,1227091.653738,2843
2026-07-27 03:15:00,1945.29,1946.27,1944.95,1945.36,432.0448,840664.257947,2721
2026-07-27 03:20:00,1945.36,1946.75,1944.49,1945.33,510.7196,993656.623065,4737
2026-07-27 03:25:00,1945.33,1946.75,1945.15,1946.12,171.8316,334439.019072,1809
2026-07-27 03:30:00,1946.12,1946.12,1944.06,1945.49,409.7397,797021.862944,3401
2026-07-27 03:35:00,1945.48,1946.36,1945.11,1945.11,229.1285,445814.047655,2554
2026-07-27 03:40:00,1945.12,1947.13,1945.11,1947.13,425.9261,828838.183036,2311
2026-07-27 03:45:00,1947.12,1948.16,1946.86,1946.87,537.3791,1046690.677256,3536
2026-07-27 03:50:00,1946.87,1947.5,1946.67,1947.24,342.2384,666407.872254,2903
2026-07-27 03:55:00,1947.25,1950.78,1946.33,1949.64,1633.8794,3183500.778894,5868
2026-07-27 04:00:00,1949.65,1954.9,1948.54,1954.58,1689.229,3296873.779108,8644
2026-07-27 04:05:00,1954.57,1957.14,1951.17,1951.66,2794.8163,5465193.81118,13283
2026-07-27 04:10:00,1951.67,1953.29,1949.15,1953.12,1147.5717,2239120.262009,9915
2026-07-27 04:15:00,1953.11,1958.33,1952.55,1956.71,1602.2064,3133041.828215,12967
2026-07-27 04:20:00,1956.72,1962.77,1956.09,1956.36,1572.7975,3081837.788533,16242
2026-07-27 04:25:00,1956.36,1956.47,1951.96,1954.23,675.5811,1320122.866097,8720
2026-07-27 04:30:00,1954.24,1954.38,1950.48,1951.72,722.6152,1410701.311601,7806
2026-07-27 04:35:00,1951.72,1957.21,1951.71,1955.0,714.0946,1395541.1245,8911
2026-07-27 04:40:00,1955.0,1959.09,1954.71,1957.94,908.3789,1778204.682518,9433
2026-07-27 04:45:00,1957.94,1957.94,1954.74,1955.36,517.4215,1011824.596878,4058
2026-07-27 04:50:00,1955.35,1955.85,1954.59,1954.98,353.2627,690694.818543,3688
2026-07-27 04:55:00,1954.97,1954.97,1953.32,1953.43,363.7341,710733.343406,3148
2026-07-27 05:00:00,1953.43,1955.21,1952.63,1954.26,542.6344,1060455.114752,4309
2026-07-27 05:05:00,1954.25,1956.68,1954.25,1955.37,317.9822,621772.793894,4676
2026-07-27 05:10:00,1955.37,1957.73,1955.37,1956.73,584.1292,1142975.592271,4776
2026-07-27 05:15:00,1956.73,1956.73,1953.61,1956.33,951.1121,1859613.46762,6352
2026-07-27 05:20:00,1956.34,1960.98,1956.33,1959.25,1498.7579,2936335.79887,10599
2026-07-27 05:25:00,1959.24,1959.62,1958.28,1959.53,548.7354,1075010.422295,3947
2026-07-27 05:30:00,1959.53,1960.55,1958.16,1958.99,650.0206,1273749.037745,6149
2026-07-27 05:35:00,1959.0,1961.96,1958.21,1960.4,697.4059,1367129.406016,5055
2026-07-27 05:40:00,1960.39,1960.87,1959.0,1960.19,547.2683,1072778.81008,3624
2026-07-27 05:45:00,1960.19,1960.56,1958.66,1960.0,601.0754,1177800.130468,3168
2026-07-27 05:50:00,1959.99,1961.27,1959.27,1961.04,801.3893,1571110.983578,4346
2026-07-27 05:55:00,1961.05,1970.43,1960.58,1965.65,7339.0899,14427715.236745,23095
2026-07-27 06:00:00,1965.65,1969.35,1963.64,1969.19,2002.6547,3937642.5374,15248
2026-07-27 06:05:00,1969.2,1981.24,1966.58,1968.92,11786.8958,23285456.972706,50022
2026-07-27 06:10:00,1968.92,1971.76,1968.02,1970.36,2154.4965,4244848.690358,18583
2026-07-27 06:15:00,1970.36,1971.86,1967.77,1968.09,1311.1861,2583171.893049,15382
2026-07-27 06:20:00,1968.09,1968.09,1965.14,1967.1,1008.9714,1983920.214196,12662
2026-07-27 06:25:00,1967.1,1967.1,1964.37,1966.27,1013.9954,1993488.108312,9317
2026-07-27 06:30:00,1966.26,1968.9,1964.88,1968.9,561.2099,1103768.929601,12022
2026-07-27 06:35:00,1968.9,1971.32,1968.24,1969.48,720.6823,1419645.113529,11599
2026-07-27 06:40:00,1969.48,1972.78,1967.96,1972.66,1713.1503,3375983.8187,8877
2026-07-27 06:45:00,1972.67,1973.39,1968.87,1969.41,1418.4978,2796088.020365,14352
2026-07-27 06:50:00,1969.41,1970.29,1968.17,1969.78,778.9944,1534209.577415,8155
2026-07-27 06:55:00,1969.78,1970.74,1968.23,1968.45,532.9894,1049666.606806,6892
2026-07-27 07:00:00,1968.45,1969.72,1966.55,1969.71,1289.0255,2536806.365878,10311
2026-07-27 07:05:00,1969.72,1970.36,1965.47,1969.08,997.4755,1963031.474552,12733
2026-07-27 07:10:00,1969.08,1971.58,1968.33,1971.57,686.1719,1351754.953073,8784
2026-07-27 07:15:00,1971.57,1971.7,1969.01,1971.39,598.4278,1179394.075209,11567
2026-07-27 07:20:00,1971.39,1971.53,1970.3,1971.08,475.4758,937161.085115,5721
2026-07-27 07:25:00,1971.08,1971.09,1969.53,1969.61,622.2221,1225825.529713,7421
2026-07-27 07:30:00,1969.62,1969.62,1965.41,1967.83,1859.8988,3657994.434081,11572
2026-07-27 07:35:00,1967.83,1969.26,1963.54,1963.82,2039.6405,4011691.856998,9377
2026-07-27 07:40:00,1963.81,1966.68,1960.86,1966.51,2413.0762,4739046.496677,9762
2026-07-27 07:45:00,1966.5,1969.99,1966.5,1968.88,2139.8535,4212220.773117,7519
2026-07-27 07:50:00,1968.87,1968.88,1965.06,1966.24,1809.9154,3560009.734759,6118
2026-07-27 07:55:00,1966.24,1967.62,1964.06,1964.36,1648.8604,3241010.248892,6202
2026-07-27 08:00:00,1964.37,1967.28,1964.37,1965.37,1176.01,2312211.897417,8473
2026-07-27 08:05:00,1965.37,1966.73,1963.8,1964.01,547.4895,1076039.194259,4633
2026-07-27 08:10:00,1964.02,1966.08,1961.81,1964.68,953.7692,1872942.069765,11053
2026-07-27 08:15:00,1964.68,1967.86,1962.53,1967.18,1147.0866,2254523.429022,14024
2026-07-27 08:20:00,1967.18,1967.18,1964.48,1964.48,363.1599,713701.708283,7251
2026-07-27 08:25:00,1964.49,1968.02,1964.48,1968.01,407.4286,801275.456195,6073
2026-07-27 08:30:00,1968.01,1968.21,1965.33,1965.51,709.1589,1395013.72052,9601
2026-07-27 08:35:00,1965.5,1967.03,1964.76,1965.74,370.0386,727406.681582,5550
2026-07-27 08:40:00,1965.74,1966.88,1965.14,1965.14,347.7371,683628.751579,4473
2026-07-27 08:45:00,1965.15,1968.37,1965.15,1968.26,859.9828,1691832.838673,5983
2026-07-27 08:50:00,1968.26,1968.75,1964.38,1966.51,1031.3476,2028410.194868,8915
2026-07-27 08:55:00,1966.52,1966.99,1964.24,1964.25,693.7349,1363953.359583,6840
2026-07-27 09:00:00,1964.25,1964.25,1958.1,1959.13,1596.7522,3129962.14972,16025
2026-07-27 09:05:00,1959.13,1959.96,1957.0,1957.75,777.3139,1522271.337038,8094
2026-07-27 09:10:00,1957.76,1959.67,1957.23,1957.5,684.3372,1340423.708644,6401
2026-07-27 09:15:00,1957.5,1958.78,1956.87,1957.17,1077.9265,2110334.072932,6733
2026-07-27 09:20:00,1957.17,1960.0,1957.17,1960.0,543.1871,1063935.091621,5437
2026-07-27 09:25:00,1959.99,1961.11,1959.55,1960.45,502.135,984302.012882,5275
2026-07-27 09:30:00,1960.45,1963.21,1959.41,1963.17,632.7116,1240922.466007,7697
2026-07-27 09:35:00,1963.17,1966.41,1962.93,1966.41,1903.1079,3739295.043925,11215
2026-07-27 09:40:00,1966.4,1967.7,1966.16,1966.4,927.052,1823529.205496,6015
2026-07-27 09:45:00,1966.41,1967.4,1965.51,1967.4,465.3903,915128.606123,4454
2026-07-27 09:50:00,1967.39,1968.29,1965.0,1965.21,711.3602,1399349.664131,4660
2026-07-27 09:55:00,1965.2,1966.33,1965.0,1965.19,400.9639,788186.29858,3758
2026-07-27 10:00:00,1965.19,1966.08,1965.0,1965.01,449.8669,884145.729052,3480
2026-07-27 10:05:00,1965.01,1966.6,1963.85,1965.52,428.6541,842321.571125,4733
2026-07-27 10:10:00,1965.51,1965.52,1964.0,1964.79,365.5598,718130.313638,3569
2026-07-27 10:15:00,1964.79,1965.45,1963.8,1965.17,585.1395,1149489.745778,5067
2026-07-27 10:20:00,1965.17,1969.34,1965.17,1968.91,1145.1452,2253536.058497,8532
2026-07-27 10:25:00,1968.91,1968.91,1966.27,1966.41,264.7809,520967.731247,3161
2026-07-27 10:30:00,1966.41,1968.64,1966.41,1967.03,368.3324,724722.538908,4138
2026-07-27 10:35:00,1967.04,1969.81,1967.04,1969.51,392.0161,771738.39249,4916
2026-07-27 10:40:00,1969.5,1971.48,1968.75,1970.28,872.632,1719309.47212,6422
2026-07-27 10:45:00,1970.28,1972.0,1968.59,1968.98,645.6902,1271845.936145,5483
2026-07-27 10:50:00,1968.99,1968.99,1967.88,1968.07,268.7954,529070.081927,3550
2026-07-27 10:55:00,1968.06,1968.22,1966.79,1967.43,346.6651,682048.430794,3124
2026-07-27 11:00:00,1967.42,1967.43,1963.85,1965.05,401.5317,789126.4064,5889
2026-07-27 11:05:00,1965.06,1966.3,1964.69,1966.04,556.4788,1093905.009395,3124
2026-07-27 11:10:00,1966.04,1966.04,1964.51,1965.33,542.35,1065915.145951,5207
2026-07-27 11:15:00,1965.33,1966.0,1963.82,1964.23,995.4416,1956307.199493,6444
2026-07-27 11:20:00,1964.22,1965.0,1962.51,1962.51,853.9343,1677364.745915,5923
2026-07-27 11:25:00,1962.52,1963.58,1959.6,1959.61,737.153,1446012.470808,10223
2026-07-27 11:30:00,1959.6,1961.78,1958.82,1960.07,670.0638,1313621.193305,10707
2026-07-27 11:35:00,1960.06,1961.39,1960.06,1961.07,389.8801,764470.470321,5884
2026-07-27 11:40:00,1961.07,1961.63,1959.17,1960.05,707.1913,1386349.064887,6820
2026-07-27 11:45:00,1960.04,1960.95,1959.56,1960.92,456.3681,894592.644274,5017
2026-07-27 11:50:00,1960.92,1961.07,1958.11,1959.71,683.3915,1339127.413387,4949
2026-07-27 11:55:00,1959.71,1960.8,1959.23,1959.67,359.5702,704724.057018,3717
2026-07-27 12:00:00,1959.67,1964.0,1959.4,1963.87,777.1668,1525105.326184,7178
2026-07-27 12:05:00,1963.86,1964.6,1963.12,1963.36,393.3005,772342.116215,4454
2026-07-27 12:10:00,1963.36,1963.69,1955.09,1955.2,1219.0354,2387570.525252,9781
2026-07-27 12:15:00,1955.2,1957.38,1952.47,1953.0,1446.0896,2827515.969031,10647
2026-07-27 12:20:00,1952.99,1952.99,1948.25,1949.66,1749.1797,3411491.930512,17373
2026-07-27 12:25:00,1949.65,1949.66,1947.4,1948.34,820.9081,1599715.732493,9241
2026-07-27 12:30:00,1948.34,1949.86,1943.0,1945.41,2230.938,4340649.307016,18404
2026-07-27 12:35:00,1945.4,1949.31,1945.12,1948.41,1203.0596,2342969.614459,8743
2026-07-27 12:40:00,1948.42,1954.7,1948.42,1953.28,1645.2676,3212546.743355,9218
2026-07-27 12:45:00,1953.28,1958.43,1953.03,1956.71,1310.2531,2563019.632309,11392
2026-07-27 12:50:00,1956.71,1957.8,1955.53,1957.1,609.6281,1192818.802497,6051
2026-07-27 12:55:00,1957.11,1958.08,1956.7,1957.59,732.5921,1433837.205457,5444
2026-07-27 13:00:00,1957.6,1960.38,1956.32,1958.45,1020.3374,1998462.23621,13573
2026-07-27 13:05:00,1958.46,1958.46,1956.49,1957.39,574.1071,1123706.952628,10265
2026-07-27 13:10:00,1957.4,1957.91,1953.94,1954.03,746.9992,1461333.803602,13164
2026-07-27 13:15:00,1954.02,1956.84,1954.01,1956.61,489.6133,957444.70824,10567
2026-07-27 13:20:00,1956.61,1956.99,1954.1,1954.19,662.3854,1295222.288356,11180
2026-07-27 13:25:00,1954.18,1954.18,1951.4,1952.3,833.0153,1626879.540714,11101
2026-07-27 13:30:00,1952.29,1957.19,1950.95,1956.25,1537.962,3004943.001977,26486
2026-07-27 13:35:00,1956.26,1970.82,1955.93,1967.72,3433.639,6748406.660083,47955
2026-07-27 13:40:00,1967.71,1977.99,1967.35,1975.73,5255.5265,10375889.826229,60692
2026-07-27 13:45:00,1975.74,1976.75,1969.68,1971.24,2961.8592,5841461.775904,32377
2026-07-27 13:50:00,1971.24,1972.3,1963.81,1967.21,2125.2218,4181966.763817,43421
2026-07-27 13:55:00,1967.2,1967.75,1957.34,1961.16,11440.4335,22434795.626413,42677
2026-07-27 14:00:00,1961.18,1965.38,1959.4,1964.25,2329.5004,4571844.004693,21850
2026-07-27 14:05:00,1964.26,1966.99,1956.06,1965.1,3578.7515,7018150.348608,25214
2026-07-27 14:10:00,1965.09,1965.09,1957.55,1964.18,1445.6678,2835220.324221,17918
2026-07-27 14:15:00,1964.17,1965.58,1956.68,1956.68,1107.2557,2170327.969145,18932
2026-07-27 14:20:00,1956.69,1956.96,1945.11,1948.59,3607.2642,7034001.658701,49283
2026-07-27 14:25:00,1948.6,1948.8,1936.51,1937.85,3763.8863,7308346.130605,31887
2026-07-27 14:30:00,1937.84,1938.79,1928.43,1931.11,7485.373,14468964.591099,58167
2026-07-27 14:35:00,1931.1,1936.0,1922.1,1929.99,4545.1321,8761119.009467,46194
2026-07-27 14:40:00,1929.99,1930.54,1919.09,1920.88,3854.8077,7418975.310494,46918
2026-07-27 14:45:00,1920.9,1929.74,1920.7,1928.79,2834.3804,5458257.269285,32964
2026-07-27 14:50:00,1928.79,1933.33,1926.17,1929.0,2125.831,4102989.671388,20672
2026-07-27 14:55:00,1929.0,1934.29,1928.61,1932.3,1518.5282,2933547.172858,14626
2026-07-27 15:00:00,1932.3,1935.84,1930.47,1933.3,1812.9865,3504401.19101,19856
2026-07-27 15:05:00,1933.29,1934.57,1926.27,1926.48,1624.725,3135933.83198,29222
2026-07-27 15:10:00,1926.47,1934.69,1925.49,1933.81,2276.4228,4391704.845285,33269
2026-07-27 15:15:00,1933.81,1934.62,1928.55,1933.8,2384.4381,4605593.043603,30771
2026-07-27 15:20:00,1933.82,1937.87,1929.34,1931.19,1248.8827,2415406.872017,27146
2026-07-27 15:25:00,1931.18,1931.52,1928.11,1931.2,1016.9272,1962746.498804,17901
2026-07-27 15:30:00,1931.2,1934.0,1928.53,1930.02,942.6074,1820537.397085,14650
2026-07-27 15:35:00,1930.02,1930.02,1924.83,1929.91,2539.8446,4893917.030183,15732
2026-07-27 15:40:00,1929.92,1932.74,1929.42,1931.21,890.0814,1718649.027534,11640
2026-07-27 15:45:00,1931.21,1931.48,1928.67,1929.75,505.3932,975416.098622,9893
2026-07-27 15:50:00,1929.75,1930.96,1928.47,1928.53,485.9235,937796.121549,8611
2026-07-27 15:55:00,1928.53,1929.97,1927.74,1927.75,351.4129,677871.061277,5782
2026-07-27 16:00:00,1927.74,1930.94,1926.01,1930.94,750.8739,1447265.463245,9598
2026-07-27 16:05:00,1930.94,1931.81,1926.93,1930.03,756.8305,1460524.830744,8388
2026-07-27 16:10:00,1930.04,1932.0,1927.56,1927.99,484.7798,935576.555141,7117
2026-07-27 16:15:00,1927.99,1929.52,1922.65,1929.01,1270.5266,2447050.381342,11683
2026-07-27 16:20:00,1929.0,1931.22,1926.93,1930.22,672.677,1297810.879557,7419
2026-07-27 16:25:00,1930.23,1939.13,1930.22,1937.13,2314.1898,4480578.995564,19988
2026-07-27 16:30:00,1937.14,1943.77,1937.14,1943.69,1002.4191,1945219.831732,12367
2026-07-27 16:35:00,1943.7,1946.9,1940.4,1942.16,1842.67,3582611.894944,16088
2026-07-27 16:40:00,1942.16,1942.86,1940.94,1942.76,465.8606,904734.792106,7036
2026-07-27 16:45:00,1942.75,1944.2,1941.47,1943.3,656.7093,1276204.336979,9136
2026-07-27 16:50:00,1943.29,1943.29,1937.73,1937.96,640.7909,1242993.287678,10673
2026-07-27 16:55:00,1937.96,1940.96,1936.65,1940.57,530.6456,1028814.271921,8121
2026-07-27 17:00:00,1940.57,1941.27,1935.1,1936.21,641.7352,1243476.6525,13869
2026-07-27 17:05:00,1936.21,1938.87,1935.85,1937.11,464.9278,900528.174281,9440
2026-07-27 17:10:00,1937.11,1939.73,1937.03,1939.37,482.1751,934465.470122,6602
2026-07-27 17:15:00,1939.37,1940.5,1938.46,1940.23,335.6243,650958.396621,6660
2026-07-27 17:20:00,1940.23,1946.06,1940.13,1944.53,1046.5681,2035182.794103,10607
2026-07-27 17:25:00,1944.54,1944.57,1942.01,1942.28,736.5443,1431450.929065,7293
2026-07-27 17:30:00,1942.29,1945.89,1942.0,1944.99,358.9812,697823.687044,6011
2026-07-27 17:35:00,1944.98,1945.82,1942.39,1942.81,335.507,652306.884011,7222
2026-07-27 17:40:00,1942.8,1944.36,1942.09,1942.61,2665.8173,5180120.596003,15613
2026-07-27 17:45:00,1942.61,1942.89,1940.18,1941.15,483.7405,939132.853751,9851
2026-07-27 17:50:00,1941.14,1942.5,1940.01,1941.94,403.0738,782377.444867,9181
2026-07-27 17:55:00,1941.95,1944.4,1941.94,1943.71,416.1459,808761.911032,7744
2026-07-27 18:00:00,1943.72,1944.66,1942.99,1943.1,261.3916,508079.215046,6065
2026-07-27 18:05:00,1943.09,1943.63,1941.8,1942.27,377.261,732832.086056,4724
2026-07-27 18:10:00,1942.26,1942.26,1941.36,1941.57,219.1527,425565.63599,3483
2026-07-27 18:15:00,1941.56,1941.56,1936.8,1937.47,627.9776,1217424.704664,7991
2026-07-27 18:20:00,1937.47,1939.05,1935.82,1938.75,644.7969,1248757.59519,5775
2026-07-27 18:25:00,1938.76,1939.58,1937.66,1938.94,176.8188,342823.546352,3008
2026-07-27 18:30:00,1938.95,1939.54,1934.06,1934.07,575.7181,1114782.68678,6438
2026-07-27 18:35:00,1934.07,1935.3,1932.25,1932.25,410.9433,794743.880713,5713
2026-07-27 18:40:00,1932.25,1936.97,1929.2,1935.36,2191.9426,4237096.823004,13230
2026-07-27 18:45:00,1935.36,1936.13,1931.97,1932.2,377.531,730126.093094,7373
2026-07-27 18:50:00,1932.19,1936.88,1931.41,1936.33,435.1582,841938.720635,6595
2026-07-27 18:55:00,1936.33,1939.58,1936.33,1939.2,594.0559,1151387.973647,10371
2026-07-27 19:00:00,1939.21,1939.7,1937.75,1938.76,740.6317,1435873.846822,9067
2026-07-27 19:05:00,1938.76,1945.89,1938.39,1945.71,966.7069,1878153.023121,15963
2026-07-27 19:10:00,1945.72,1950.97,1945.71,1948.39,1434.1882,2795093.598275,18069
2026-07-27 19:15:00,1948.39,1949.62,1947.48,1949.46,862.8399,1681221.77129,7955
2026-07-27 19:20:00,1949.47,1952.27,1949.02,1949.75,1086.8175,2119548.814824,7179
2026-07-27 19:25:00,1949.76,1950.68,1947.51,1950.68,427.2174,832581.393272,4187
2026-07-27 19:30:00,1950.69,1954.94,1947.49,1954.01,1094.7629,2136421.567577,9993
2026-07-27 19:35:00,1954.0,1955.41,1950.45,1951.08,886.7411,1732290.232822,8716
2026-07-27 19:40:00,1951.07,1951.98,1950.52,1950.67,274.5613,535753.772977,4965
2026-07-27 19:45:00,1950.67,1950.67,1948.9,1949.54,932.0274,1817104.475534,6883
2026-07-27 19:50:00,1949.54,1950.53,1947.49,1948.73,572.5332,1115760.197544,7834
2026-07-27 19:55:00,1948.73,1950.18,1947.48,1948.31,1489.3478,2902453.79691,12470
2026-07-27 20:00:00,1948.32,1950.54,1947.63,1947.76,708.5006,1381138.87517,11258
2026-07-27 20:05:00,1947.77,1948.1,1946.09,1946.12,505.2959,983793.047535,6105
2026-07-27 20:10:00,1946.11,1946.65,1945.69,1946.02,234.6427,456612.913248,5860
2026-07-27 20:15:00,1946.02,1946.02,1943.73,1944.18,341.712,664527.423236,5381
2026-07-27 20:20:00,1944.18,1945.98,1943.69,1945.98,347.8471,676426.560431,3871
2026-07-27 20:25:00,1945.97,1947.87,1945.97,1947.7,155.3787,302501.31774,2427
2026-07-27 20:30:00,1947.7,1947.79,1945.12,1946.71,863.1987,1680025.917,5878
2026-07-27 20:35:00,1946.72,1948.83,1945.12,1945.44,490.4528,955157.190925,7195
2026-07-27 20:40:00,1945.43,1945.44,1944.64,1945.18,235.5942,458240.938073,2605
2026-07-27 20:45:00,1945.18,1946.58,1944.87,1946.06,373.7207,727115.543002,6441
2026-07-27 20:50:00,1946.06,1946.89,1945.71,1946.23,206.0986,401101.775965,3523
2026-07-27 20:55:00,1946.23,1947.13,1946.11,1946.87,277.7313,540651.186048,5019
2026-07-27 21:00:00,1946.88,1948.95,1946.0,1946.35,2442.8112,4756415.25785,7930
2026-07-27 21:05:00,1946.35,1948.44,1946.02,1948.3,172.9749,336832.059315,4038
2026-07-27 21:10:00,1948.3,1950.1,1947.84,1948.5,1211.2172,2360238.185675,6258
2026-07-27 21:15:00,1948.49,1948.64,1946.04,1947.6,754.3177,1469044.566042,5844
2026-07-27 21:20:00,1947.61,1947.92,1946.28,1947.13,993.9411,1935473.252283,2950
2026-07-27 21:25:00,1947.13,1947.13,1944.34,1944.46,1924.2899,3745432.512216,4109
2026-07-27 21:30:00,1944.47,1945.6,1943.92,1943.96,1700.0468,3305138.592229,5218
2026-07-27 21:35:00,1943.96,1944.1,1942.08,1942.08,1461.1279,2838983.640668,4234
2026-07-27 21:40:00,1942.08,1943.44,1941.66,1942.43,1405.6394,2730090.088275,11877
2026-07-27 21:45:00,1942.43,1942.89,1940.58,1941.58,414.6813,805323.606617,13937
2026-07-27 21:50:00,1941.59,1943.86,1940.69,1943.0,678.5954,1318178.067597,10080
2026-07-27 21:55:00,1943.0,1943.87,1941.89,1941.9,371.5149,721756.329006,5910
2026-07-27 22:00:00,1941.89,1941.9,1935.03,1936.81,1115.8241,2161889.88968,17028
2026-07-27 22:05:00,1936.72,1938.21,1935.36,1937.84,634.4824,1229102.011184,8332
2026-07-27 22:10:00,1937.84,1938.56,1936.59,1938.39,793.3762,1537132.454069,5039
2026-07-27 22:15:00,1938.39,1939.46,1938.0,1938.88,1419.2275,2751637.043884,4013
2026-07-27 22:20:00,1938.89,1939.16,1932.71,1933.0,1167.4169,2258252.730095,7735
2026-07-27 22:25:00,1933.0,1933.0,1928.35,1929.57,986.0775,1903473.818345,8250
2026-07-27 22:30:00,1929.57,1931.25,1926.42,1928.3,607.5763,1172029.129416,7940
2026-07-27 22:35:00,1928.31,1930.4,1926.33,1926.8,860.4123,1658566.906334,7625
2026-07-27 22:40:00,1926.8,1926.8,1912.09,1914.72,6334.2487,12146208.351035,32547
2026-07-27 22:45:00,1914.72,1914.72,1907.17,1910.46,3391.9134,6477464.702321,21722
2026-07-27 22:50:00,1910.46,1910.74,1901.79,1902.06,3058.0532,5823935.946693,31772
2026-07-27 22:55:00,1902.05,1903.94,1892.33,1893.6,6174.4405,11709513.536951,41867
2026-07-27 23:00:00,1893.61,1894.83,1884.71,1887.46,7132.1185,13473058.246561,83065
2026-07-27 23:05:00,1887.46,1893.12,1883.97,1884.54,3487.1616,6587021.683443,43259
2026-07-27 23:10:00,1884.55,1890.94,1882.49,1890.88,2554.0618,4820111.883681,18822
2026-07-27 23:15:00,1890.87,1894.9,1886.53,1894.83,1478.6076,2795252.944008,13343
2026-07-27 23:20:00,1894.84,1895.96,1891.88,1892.06,1097.3908,2078511.357079,9759
2026-07-27 23:25:00,1892.05,1894.6,1892.05,1893.21,744.3491,1409360.83889,7097
2026-07-27 23:30:00,1893.2,1896.19,1892.34,1892.35,1583.9992,2999680.208022,6192
2026-07-27 23:35:00,1892.35,1894.08,1889.75,1890.37,768.807,1453947.397202,6939
2026-07-27 23:40:00,1890.38,1890.78,1886.53,1887.52,1735.2012,3276392.85097,8909
2026-07-27 23:45:00,1887.52,1889.55,1885.41,1887.21,1508.4845,2847751.501545,9590
2026-07-27 23:50:00,1887.23,1890.57,1886.79,1890.57,1020.3722,1927690.174116,7599
2026-07-27 23:55:00,1890.57,1893.23,1890.18,1892.53,1311.9719,2482006.511725,8937
2026-07-28 00:00:00,1892.53,1894.45,1891.46,1892.1,1463.7211,2770899.050823,14593
2026-07-28 00:05:00,1892.1,1892.1,1887.38,1887.91,986.9588,1864284.736881,10097
2026-07-28 00:10:00,1887.91,1888.4,1880.13,1886.76,3160.1598,5953057.904157,16701
2026-07-28 00:15:00,1886.77,1889.55,1885.96,1889.37,1170.5899,2209567.605906,9457
2026-07-28 00:20:00,1889.37,1891.62,1880.92,1883.57,1993.8082,3759486.215338,11417
2026-07-28 00:25:00,1883.57,1884.04,1878.68,1883.36,1573.9437,2960885.758069,10841
2026-07-28 00:30:00,1883.35,1886.13,1879.08,1885.89,2838.4243,5346387.764399,13635
2026-07-28 00:35:00,1885.9,1886.94,1884.74,1886.54,1154.3996,2177008.982365,7566
2026-07-28 00:40:00,1886.54,1886.69,1884.16,1884.17,439.2141,828211.19804,5393
2026-07-28 00:45:00,1884.17,1884.53,1878.86,1880.82,2289.9355,4308084.374389,14446
2026-07-28 00:50:00,1880.82,1880.82,1877.02,1879.19,2514.6996,4724794.258068,16660
2026-07-28 00:55:00,1879.18,1881.58,1877.49,1878.86,1205.9184,2266636.094791,8779
2026-07-28 01:00:00,1878.86,1880.8,1877.73,1877.96,1254.974,2358217.323981,11345
2026-07-28 01:05:00,1877.95,1877.95,1866.31,1874.21,5577.7888,10440224.414414,43682
2026-07-28 01:10:00,1874.21,1876.43,1872.65,1875.91,1066.6843,1999412.714962,18216
2026-07-28 01:15:00,1875.92,1876.46,1870.43,1871.94,1341.862,2514713.916695,17542
2026-07-28 01:20:00,1871.95,1875.05,1871.18,1873.42,687.5026,1287986.477062,7646
2026-07-28 01:25:00,1873.41,1879.13,1872.79,1878.49,680.8169,1277707.159974,7434
2026-07-28 01:30:00,1878.49,1882.77,1877.81,1882.75,1092.1012,2053292.186007,10188
2026-07-28 01:35:00,1882.75,1882.76,1878.04,1878.3,623.7902,1172362.405605,5938
2026-07-28 01:40:00,1878.31,1878.31,1874.65,1875.87,639.2073,1199174.016333,8402
2026-07-28 01:45:00,1875.88,1879.75,1874.55,1878.73,648.1467,1216651.999736,9077
2026-07-28 01:50:00,1878.73,1878.73,1875.04,1875.05,528.6658,991858.031314,6186
2026-07-28 01:55:00,1875.06,1877.33,1874.13,1875.9,682.6552,1280222.726237,3536
2026-07-28 02:00:00,1875.9,1876.04,1872.35,1873.77,640.774,1200983.9836,8227
2026-07-28 02:05:00,1873.77,1877.67,1873.52,1877.65,322.7382,605282.978968,6110
2026-07-28 02:10:00,1877.64,1878.45,1876.36,1877.42,359.5402,675047.025672,4066
2026-07-28 02:15:00,1877.42,1879.0,1876.43,1878.99,371.9698,698211.647101,5685
2026-07-28 02:20:00,1878.99,1880.46,1878.61,1879.85,819.0667,1539712.019357,4834
2026-07-28 02:25:00,1879.86,1879.86,1877.81,1877.97,378.7858,711595.120643,3140
2026-07-28 02:30:00,1877.96,1878.57,1876.91,1878.15,437.8851,822337.508929,4217
2026-07-28 02:35:00,1878.15,1879.08,1876.63,1876.81,550.9465,1034671.500906,5672
2026-07-28 02:40:00,1876.81,1876.81,1874.79,1875.35,403.1528,756227.321437,4651
2026-07-28 02:45:00,1875.36,1875.81,1872.99,1874.21,779.924,1461602.266148,5940
2026-07-28 02:50:00,1874.22,1877.29,1873.04,1876.43,576.2127,1080481.259667,6655
2026-07-28 02:55:00,1876.43,1877.33,1876.0,1876.0,254.0625,476728.596621,2865
2026-07-28 03:00:00,1876.01,1877.19,1875.15,1875.41,441.4657,828231.125848,5243
2026-07-28 03:05:00,1875.41,1875.93,1873.11,1873.5,785.9927,1473328.869379,5846
2026-07-28 03:10:00,1873.49,1877.69,1873.41,1877.47,386.2352,724238.453756,4164
2026-07-28 03:15:00,1877.48,1880.4,1876.09,1880.4,569.3824,1069321.893478,6221
2026-07-28 03:20:00,1880.4,1881.39,1879.43,1879.43,979.7684,1842287.231363,5365
2026-07-28 03:25:00,1879.44,1879.74,1877.36,1878.21,525.6082,987274.151779,4759
2026-07-28 03:30:00,1878.22,1878.71,1875.3,1878.65,572.4923,1074616.116009,8857
2026-07-28 03:35:00,1878.65,1880.17,1877.41,1879.81,563.0245,1057917.204953,7251
2026-07-28 03:40:00,1879.8,1882.71,1879.8,1882.6,829.3858,1560468.282748,6607
2026-07-28 03:45:00,1882.6,1883.26,1880.84,1882.82,1272.7332,2395288.266301,7168
2026-07-28 03:50:00,1882.83,1883.26,1881.4,1882.11,475.9169,895648.978617,4643
2026-07-28 03:55:00,1882.1,1882.21,1879.21,1881.38,1081.7396,2034743.729589,6391
2026-07-28 04:00:00,1881.37,1882.14,1880.58,1881.68,556.2721,1046522.573814,5346
2026-07-28 04:05:00,1881.68,1882.84,1881.57,1881.57,362.2561,681856.997272,3414
2026-07-28 04:10:00,1881.57,1881.95,1880.0,1880.44,616.2583,1159177.855084,6014
2026-07-28 04:15:00,1880.45,1881.39,1878.82,1881.39,940.6987,1768522.190945,10361
2026-07-28 04:20:00,1881.39,1881.39,1880.0,1880.33,1030.5469,1937953.702412,7200
2026-07-28 04:25:00,1880.33,1880.33,1879.12,1879.56,419.3662,788261.095889,4881
2026-07-28 04:30:00,1879.55,1879.66,1877.72,1877.72,483.6962,908637.323889,8010
2026-07-28 04:35:00,1877.72,1877.89,1877.0,1877.48,517.8135,972240.066522,4036
2026-07-28 04:40:00,1877.47,1879.36,1876.48,1879.21,240.0912,450813.542715,5615
2026-07-28 04:45:00,1879.22,1881.2,1879.21,1879.62,397.8,748038.99746,6328
2026-07-28 04:50:00,1879.62,1881.35,1879.02,1881.35,438.2954,824122.494829,4904
2026-07-28 04:55:00,1881.35,1881.35,1877.5,1879.18,740.6182,1392063.172607,6126
2026-07-28 05:00:00,1879.18,1884.08,1878.46,1883.99,510.5852,960845.046408,7834
2026-07-28 05:05:00,1884.0,1885.01,1882.31,1883.02,525.2972,989433.51319,6543
2026-07-28 05:10:00,1883.01,1883.09,1882.06,1882.5,459.3403,864683.694198,3284
2026-07-28 05:15:00,1882.5,1889.66,1882.49,1888.37,1056.8479,1993395.805364,7994
2026-07-28 05:20:00,1888.36,1889.42,1886.14,1886.25,962.5763,1816947.604848,5120
2026-07-28 05:25:00,1886.24,1886.31,1883.68,1886.3,1274.9279,2403273.432269,5133
2026-07-28 05:30:00,1886.31,1886.61,1883.68,1884.07,893.1483,1683814.876954,5804
2026-07-28 05:35:00,1884.07,1885.76,1882.32,1885.75,592.7603,1116554.534296,5163
2026-07-28 05:40:00,1885.76,1888.11,1885.44,1888.11,434.9106,820593.307979,3876
2026-07-28 05:45:00,1888.11,1888.9,1887.21,1887.47,612.8673,1157021.154732,4885
2026-07-28 05:50:00,1887.46,1888.31,1885.5,1886.19,414.7181,782600.933352,4764
2026-07-28 05:55:00,1886.2,1886.85,1883.16,1883.16,554.3901,1045128.626543,5012
2026-07-28 06:00:00,1883.16,1883.2,1881.06,1881.27,687.2051,1293613.176255,5264
2026-07-28 06:05:00,1881.28,1881.91,1879.8,1880.64,762.838,1434622.755536,3653
2026-07-28 06:10:00,1880.63,1880.64,1878.54,1879.9,805.3016,1513552.988667,7829
2026-07-28 06:15:00,1879.89,1880.6,1879.43,1879.74,402.8158,757392.513475,4293
2026-07-28 06:20:00,1879.75,1883.42,1879.75,1881.55,791.1273,1488535.972455,8953
2026-07-28 06:25:00,1881.56,1883.43,1881.43,1883.18,1299.2011,2445534.904334,7005
2026-07-28 06:30:00,1883.18,1884.28,1882.74,1883.8,1132.4416,2132968.860667,7764
2026-07-28 06:35:00,1883.8,1885.72,1883.8,1885.47,982.6149,1852115.674534,6055
2026-07-28 06:40:00,1885.47,1886.5,1885.12,1886.02,566.5478,1068369.226497,3445
2026-07-28 06:45:00,1886.01,1886.53,1885.05,1886.07,761.0086,1435105.02029,3042
2026-07-28 06:50:00,1886.08,1888.05,1885.84,1888.04,1379.5301,2603690.005504,4279
2026-07-28 06:55:00,1888.04,1888.82,1887.07,1888.62,945.0631,1784092.089098,3898
2026-07-28 07:00:00,1888.62,1888.97,1887.17,1887.54,723.2421,1365386.598472,4199
2026-07-28 07:05:00,1887.54,1887.85,1886.01,1887.62,304.6218,574777.209654,3611
2026-07-28 07:10:00,1887.62,1887.62,1886.15,1887.2,369.7911,697729.101198,3691
2026-07-28 07:15:00,1887.2,1888.15,1886.39,1887.24,251.525,474687.246669,3661
2026-07-28 07:20:00,1887.23,1887.79,1885.32,1886.6,566.6682,1069085.886147,4007
2026-07-28 07:25:00,1886.59,1887.26,1885.2,1885.37,300.0144,565899.875462,3224
2026-07-28 07:30:00,1885.37,1886.15,1884.15,1886.04,829.172,1563345.46015,5526
2026-07-28 07:35:00,1886.04,1886.04,1882.86,1885.41,715.1269,1347776.406356,6708
2026-07-28 07:40:00,1885.41,1885.82,1883.1,1883.62,688.8114,1297932.279857,5937
2026-07-28 07:45:00,1883.63,1883.82,1880.92,1881.65,828.9302,1560203.083815,5268
2026-07-28 07:50:00,1881.66,1884.48,1881.63,1883.18,1224.0525,2304820.715156,5869
2026-07-28 07:55:00,1883.19,1884.98,1883.18,1883.83,905.2522,1705299.458017,3812
2026-07-28 08:00:00,1883.84,1884.84,1881.36,1883.95,455.015,856956.879642,5476
2026-07-28 08:05:00,1883.96,1884.55,1882.32,1882.48,404.4797,761685.721142,4324
2026-07-28 08:10:00,1882.48,1882.48,1880.72,1880.77,1631.1455,3068547.168612,6030
2026-07-28 08:15:00,1880.77,1883.64,1880.4,1883.41,2101.6627,3955859.147672,15660
2026-07-28 08:20:00,1883.41,1884.12,1881.61,1883.78,397.3152,748152.023374,7690
2026-07-28 08:25:00,1883.77,1885.5,1882.88,1884.65,367.6843,692925.198384,5313
2026-07-28 08:30:00,1884.65,1884.73,1881.09,1882.5,1080.6859,2034360.168156,8339
2026-07-28 08:35:00,1882.5,1883.98,1882.05,1883.7,277.298,522104.345616,3828
2026-07-28 08:40:00,1883.7,1885.62,1883.7,1885.04,570.9148,1076006.753163,3243
2026-07-28 08:45:00,1885.04,1885.85,1884.64,1884.74,319.896,603030.693625,3909
2026-07-28 08:50:00,1884.74,1885.71,1883.06,1883.35,371.5215,700058.336889,2595
2026-07-28 08:55:00,1883.35,1885.1,1882.51,1884.5,570.2632,1074363.153307,3541
2026-07-28 09:00:00,1884.5,1885.12,1883.07,1883.29,339.416,639582.276001,3472
2026-07-28 09:05:00,1883.29,1883.56,1880.5,1883.34,1100.2648,2071102.091337,7972
2026-07-28 09:10:00,1883.33,1883.8,1882.5,1882.83,293.6511,553036.895108,3810
2026-07-28 09:15:00,1882.83,1883.82,1882.4,1883.69,446.6618,841141.963269,5636
2026-07-28 09:20:00,1883.7,1884.89,1883.66,1884.07,400.46,754617.889591,3581
2026-07-28 09:25:00,1884.07,1884.07,1882.4,1884.0,393.3695,740763.164747,4342
2026-07-28 09:30:00,1884.01,1884.93,1884.0,1884.26,296.1026,558016.100718,2852
2026-07-28 09:35:00,1884.26,1884.26,1881.35,1883.7,695.6936,1309749.709268,5447
2026-07-28 09:40:00,1883.7,1884.29,1882.23,1882.56,288.787,543855.928978,4102
2026-07-28 09:45:00,1882.57,1882.68,1882.07,1882.3,449.6549,846398.725673,2392
2026-07-28 09:50:00,1882.3,1883.81,1878.14,1878.14,681.3945,1281572.766544,7482
2026-07-28 09:55:00,1878.13,1878.13,1874.81,1876.44,1220.542,2290224.962933,12327
2026-07-28 10:00:00,1876.43,1878.6,1875.63,1877.67,481.9524,904700.182634,7188
2026-07-28 10:05:00,1877.67,1877.67,1874.86,1874.93,384.0623,720448.074793,5151
2026-07-28 10:10:00,1874.94,1876.78,1873.75,1876.03,444.7897,834138.913295,7162
2026-07-28 10:15:00,1876.03,1880.54,1875.86,1879.58,588.2984,1104938.157322,7613
2026-07-28 10:20:00,1879.57,1879.57,1876.31,1877.37,395.0192,741731.320544,6088
2026-07-28 10:25:00,1877.37,1877.58,1873.8,1877.4,922.3862,1730062.810517,6346
2026-07-28 10:30:00,1877.4,1879.46,1877.17,1878.12,486.8229,914452.97735,5257
2026-07-28 10:35:00,1878.12,1879.39,1876.34,1878.45,509.0991,956107.808047,7880
2026-07-28 10:40:00,1878.45,1879.97,1877.65,1879.97,440.7727,828064.760683,5612
2026-07-28 10:45:00,1879.99,1880.83,1879.65,1879.65,505.945,951321.919394,5905
2026-07-28 10:50:00,1879.65,1881.0,1879.56,1880.2,241.4447,454012.448759,5605
2026-07-28 10:55:00,1880.2,1880.37,1878.62,1878.79,310.4034,583441.72447,4342
2026-07-28 11:00:00,1878.8,1879.87,1877.12,1877.28,651.2421,1223168.387991,10251
2026-07-28 11:05:00,1877.28,1877.35,1874.8,1874.91,495.2225,929029.314543,8587
2026-07-28 11:10:00,1874.92,1875.23,1872.47,1873.01,1207.554,2262793.11254,7771
2026-07-28 11:15:00,1873.01,1880.33,1872.0,1880.27,2281.054,4277444.122595,13838
2026-07-28 11:20:00,1880.27,1882.02,1875.38,1875.38,994.8138,1869887.320994,8872
2026-07-28 11:25:00,1875.37,1876.15,1873.51,1874.61,678.5287,1272002.678901,6567
2026-07-28 11:30:00,1874.6,1877.2,1874.47,1876.38,465.2154,872808.172287,5968
2026-07-28 11:35:00,1876.37,1879.78,1875.72,1875.72,619.4764,1163023.345131,6414
2026-07-28 11:40:00,1875.72,1875.72,1872.0,1873.8,688.6664,1290460.146743,5938
2026-07-28 11:45:00,1873.91,1877.7,1873.91,1876.73,325.4935,610546.895388,5599
2026-07-28 11:50:00,1876.73,1877.23,1875.53,1876.66,741.482,1391188.766361,5092
2026-07-28 11:55:00,1876.66,1878.92,1876.43,1876.68,326.9642,613878.569615,3897
2026-07-28 12:00:00,1876.69,1877.93,1874.63,1877.64,1233.2053,2312899.896143,6947
2026-07-28 12:05:00,1877.64,1877.64,1876.47,1876.82,250.1623,469540.355742,4177
2026-07-28 12:10:00,1876.81,1878.72,1876.66,1877.61,473.6548,889480.652319,5298
2026-07-28 12:15:00,1877.62,1878.35,1876.82,1878.24,252.014,473206.068392,6756
2026-07-28 12:20:00,1878.24,1878.92,1877.29,1878.56,247.2514,464350.991257,6157
2026-07-28 12:25:00,1878.56,1880.0,1877.77,1878.97,970.036,1822625.707548,10596
2026-07-28 12:30:00,1878.98,1881.15,1877.65,1880.68,1274.3802,2395375.902377,12749
2026-07-28 12:35:00,1880.67,1880.96,1879.75,1880.73,493.667,928345.876974,8577
2026-07-28 12:40:00,1880.73,1883.36,1879.6,1883.34,1088.0561,2047263.264544,8961
2026-07-28 12:45:00,1883.34,1891.5,1881.89,1890.83,3289.7011,6210890.913631,18303
2026-07-28 12:50:00,1890.82,1891.29,1888.09,1891.14,1051.8019,1987809.968934,9852
2026-07-28 12:55:00,1891.14,1893.34,1890.01,1892.48,1879.9452,3556716.651068,10196
2026-07-28 13:00:00,1892.48,1893.49,1890.35,1891.01,933.1806,1765509.276936,7751
2026-07-28 13:05:00,1891.02,1896.28,1890.58,1892.59,1532.372,2902348.150364,11873
2026-07-28 13:10:00,1892.59,1892.91,1890.29,1891.49,716.8303,1355774.072818,6654
2026-07-28 13:15:00,1891.49,1892.59,1890.17,1892.47,671.0192,1268892.912412,5785
2026-07-28 13:20:00,1892.47,1892.47,1887.48,1888.97,983.9439,1859358.484782,6111
2026-07-28 13:25:00,1888.96,1888.96,1883.83,1883.92,1134.4419,2139404.92036,10114
2026-07-28 13:30:00,1883.92,1887.18,1873.31,1877.93,3153.3719,5928563.874258,29028
2026-07-28 13:35:00,1877.94,1882.71,1860.37,1864.07,4678.726,8747746.154895,40060
2026-07-28 13:40:00,1864.08,1871.07,1863.29,1869.36,3001.3209,5605698.160501,28644
2026-07-28 13:45:00,1869.36,1870.29,1856.88,1867.88,5463.6208,10178808.662737,38077
2026-07-28 13:50:00,1867.94,1874.53,1866.61,1870.74,3135.8653,5868379.878479,24463
2026-07-28 13:55:00,1870.79,1876.22,1870.37,1874.08,1513.2581,2834770.080691,16356
2026-07-28 14:00:00,1874.08,1878.18,1874.0,1876.43,1475.6099,2768545.124411,20991
2026-07-28 14:05:00,1876.44,1881.61,1875.82,1875.82,1708.7108,3210201.092321,18745
2026-07-28 14:10:00,1875.82,1878.64,1874.45,1875.28,1721.3575,3229289.940194,16214
2026-07-28 14:15:00,1875.29,1876.67,1867.74,1868.96,2273.1307,4252349.962417,21464
2026-07-28 14:20:00,1868.95,1879.57,1868.95,1878.21,1757.6409,3294687.612571,19574
2026-07-28 14:25:00,1878.22,1878.88,1875.85,1876.81,846.8706,1589821.827852,14092
2026-07-28 14:30:00,1876.82,1881.51,1876.82,1878.33,1888.6612,3548618.473392,18419
2026-07-28 14:35:00,1878.32,1887.73,1877.96,1880.28,1695.25,3194276.266164,20674
2026-07-28 14:40:00,1880.28,1888.37,1880.28,1886.53,1111.2598,2095780.353008,15049
2026-07-28 14:45:00,1886.53,1891.3,1884.51,1890.78,1431.0355,2702298.691288,16671
2026-07-28 14:50:00,1890.78,1893.46,1888.69,1889.23,1858.2084,3513726.996813,18546
2026-07-28 14:55:00,1889.23,1892.74,1887.83,1888.95,2249.9309,4252963.844671,18705
2026-07-28 15:00:00,1888.96,1892.25,1885.96,1886.48,1846.5008,3488411.164348,27796
2026-07-28 15:05:00,1886.48,1888.34,1884.56,1888.34,2016.0574,3802438.612894,17847
2026-07-28 15:10:00,1888.35,1892.99,1886.27,1891.25,2303.7736,4354454.086778,18472
2026-07-28 15:15:00,1891.24,1891.24,1887.52,1888.97,1195.6061,2259115.122513,11662
2026-07-28 15:20:00,1888.96,1922.19,1888.96,1919.92,10152.463,19381373.177937,49842
2026-07-28 15:25:00,1919.91,1924.41,1911.85,1912.17,5349.4694,10267637.095442,34087
2026-07-28 15:30:00,1912.16,1916.05,1909.0,1913.4,2552.3156,4880459.846728,21454
2026-07-28 15:35:00,1913.39,1917.54,1912.31,1914.92,1148.25,2199388.569503,14253
2026-07-28 15:40:00,1914.91,1918.41,1913.5,1916.24,2050.66,3928247.848553,11175
2026-07-28 15:45:00,1916.23,1922.22,1915.68,1916.68,3148.1926,6041566.307301,17158
2026-07-28 15:50:00,1916.68,1918.58,1913.0,1914.81,1506.2953,2884875.138892,13623
2026-07-28 15:55:00,1914.81,1920.36,1912.7,1920.02,2041.8829,3915086.247768,11791
2026-07-28 16:00:00,1920.02,1920.02,1917.45,1917.54,988.2051,1896205.16617,10574
2026-07-28 16:05:00,1917.55,1918.98,1916.2,1916.54,959.3981,1839889.51345,9084
2026-07-28 16:10:00,1916.52,1917.96,1914.81,1915.42,1154.633,2212615.495738,11563
2026-07-28 16:15:00,1915.42,1924.05,1915.0,1922.16,1559.6431,2992657.820692,15641
2026-07-28 16:20:00,1922.16,1923.6,1916.53,1919.39,1782.5791,3420209.388416,11034
2026-07-28 16:25:00,1919.38,1919.42,1917.52,1918.04,411.4093,789267.062358,7238
2026-07-28 16:30:00,1918.03,1918.57,1914.52,1916.49,1104.9161,2117561.931285,9310
2026-07-28 16:35:00,1916.49,1918.99,1916.36,1918.99,866.8553,1662423.651404,8221
2026-07-28 16:40:00,1918.99,1924.15,1918.99,1922.46,1404.8709,2700158.170825,10860
2026-07-28 16:45:00,1922.45,1922.61,1919.72,1922.09,749.1746,1439804.424458,8426
2026-07-28 16:50:00,1922.09,1928.95,1922.09,1926.59,2904.3669,5595307.579468,21886
2026-07-28 16:55:00,1926.59,1927.37,1925.06,1925.92,1155.9637,2226641.080024,13776
2026-07-28 17:00:00,1925.92,1925.92,1922.22,1922.49,1547.0558,2976040.3304,13606
2026-07-28 17:05:00,1922.49,1923.18,1916.88,1917.04,1226.3135,2354609.595623,13056
2026-07-28 17:10:00,1917.05,1917.05,1911.81,1912.08,1943.9838,3721381.067061,13877
2026-07-28 17:15:00,1912.07,1913.1,1906.14,1907.76,2598.4833,4961883.550601,18223
2026-07-28 17:20:00,1907.77,1913.99,1906.39,1909.28,867.1734,1657438.800099,18128
2026-07-28 17:25:00,1909.28,1910.77,1907.0,1908.29,682.2308,1302517.799419,9011
2026-07-28 17:30:00,1908.3,1908.75,1901.87,1905.77,1408.2817,2682155.439029,11553
2026-07-28 17:35:00,1905.77,1906.23,1892.71,1896.15,5147.2109,9763532.863511,26177
2026-07-28 17:40:00,1896.14,1898.79,1894.62,1896.51,918.2288,1741793.844756,10279
2026-07-28 17:45:00,1896.52,1903.12,1896.5,1901.44,1763.5561,3352779.670374,11615
2026-07-28 17:50:00,1901.45,1901.45,1897.59,1897.7,732.8491,1391714.98484,8549
2026-07-28 17:55:00,1897.71,1901.89,1897.41,1901.89,471.7353,896066.748887,6155
2026-07-28 18:00:00,1901.9,1913.61,1901.6,1911.19,3115.1686,5943947.079171,24448
2026-07-28 18:05:00,1911.19,1911.19,1907.6,1909.7,787.2392,1502898.399808,14684
2026-07-28 18:10:00,1909.7,1910.77,1907.84,1908.41,631.434,1205820.819803,6974
2026-07-28 18:15:00,1908.4,1910.15,1908.08,1908.26,602.0127,1149382.516871,6500
2026-07-28 18:20:00,1908.27,1910.88,1908.26,1909.74,284.3385,543065.327019,6114
2026-07-28 18:25:00,1909.74,1909.74,1908.43,1909.2,251.3539,479848.203842,4535
2026-07-28 18:30:00,1909.21,1912.48,1908.47,1911.25,486.4746,929235.127227,5732
2026-07-28 18:35:00,1911.24,1913.04,1910.63,1911.05,769.556,1471367.910002,6480
2026-07-28 18:40:00,1911.05,1913.93,1910.96,1912.79,757.5639,1448498.848366,4281
2026-07-28 18:45:00,1912.79,1914.93,1912.0,1913.79,502.1304,961015.179896,7463
2026-07-28 18:50:00,1913.78,1914.27,1909.76,1910.09,406.1139,776483.599042,5555
2026-07-28 18:55:00,1910.09,1911.92,1909.8,1911.22,325.203,621490.351345,3003
2026-07-28 19:00:00,1911.22,1915.65,1911.22,1914.55,747.1039,1430127.661178,6283
2026-07-28 19:05:00,1914.55,1915.59,1912.3,1913.67,460.1935,880882.19837,6917
2026-07-28 19:10:00,1913.66,1914.09,1912.7,1913.92,586.4784,1122127.386008,4257
2026-07-28 19:15:00,1913.93,1914.09,1912.4,1913.81,334.4194,639838.114118,4379
2026-07-28 19:20:00,1913.81,1916.76,1913.31,1915.35,534.029,1022529.192524,5834
2026-07-28 19:25:00,1915.34,1915.82,1913.75,1915.78,321.2964,615200.609636,4480
2026-07-28 19:30:00,1915.79,1921.35,1915.79,1919.61,1397.1426,2681222.590793,11344
2026-07-28 19:35:00,1919.62,1921.71,1918.07,1918.31,801.6212,1539047.761659,6015
2026-07-28 19:40:00,1918.3,1918.75,1915.54,1916.16,1028.3911,1972170.639341,2974
2026-07-28 19:45:00,1916.15,1918.12,1915.84,1918.11,526.3068,1009058.183842,3920
2026-07-28 19:50:00,1918.11,1921.4,1917.27,1921.35,607.4016,1166160.598344,5671
2026-07-28 19:55:00,1921.34,1922.23,1920.49,1922.23,1152.1438,2213782.967352,6214
2026-07-28 20:00:00,1922.24,1923.84,1919.08,1920.84,769.8361,1479484.933594,6967
2026-07-28 20:05:00,1920.83,1922.77,1918.73,1921.26,969.9919,1862596.101729,7367
2026-07-28 20:10:00,1921.26,1922.37,1920.21,1921.49,492.9138,947003.668097,3104
2026-07-28 20:15:00,1921.49,1923.17,1920.21,1922.27,492.705,946877.883171,4071
2026-07-28 20:20:00,1922.26,1922.26,1917.53,1918.03,365.6196,701985.334311,3385
2026-07-28 20:25:00,1918.03,1919.49,1917.51,1918.51,654.5711,1255704.175043,4563
2026-07-28 20:30:00,1918.51,1919.72,1918.35,1919.22,306.431,588044.238802,2627
2026-07-28 20:35:00,1919.21,1920.28,1916.16,1916.91,963.1591,1847323.161699,5414
2026-07-28 20:40:00,1916.91,1919.5,1916.91,1918.71,409.9091,786235.081086,3616
2026-07-28 20:45:00,1918.71,1918.86,1917.71,1918.33,195.3058,374656.231275,2274
2026-07-28 20:50:00,1918.32,1918.33,1917.12,1918.09,232.9145,446672.114557,2766
2026-07-28 20:55:00,1918.1,1918.61,1917.81,1918.57,160.3951,307658.164361,2251
2026-07-28 21:00:00,1918.57,1921.74,1918.47,1921.74,634.8126,1218565.861623,5639
2026-07-28 21:05:00,1921.74,1922.4,1919.41,1921.43,444.8527,854607.178838,4644
2026-07-28 21:10:00,1921.42,1923.22,1920.19,1920.21,387.8441,745426.788004,4110
2026-07-28 21:15:00,1920.21,1920.88,1920.07,1920.49,214.4943,411913.205995,2180
2026-07-28 21:20:00,1920.48,1920.93,1920.06,1920.91,251.8556,483682.14355,1745
2026-07-28 21:25:00,1920.9,1920.9,1919.75,1920.15,267.6897,514042.580429,2025
2026-07-28 21:30:00,1920.15,1920.15,1919.08,1919.89,220.0414,422417.342842,1307
2026-07-28 21:35:00,1919.9,1923.13,1919.89,1922.35,632.2576,1215164.907878,5042
2026-07-28 21:40:00,1922.36,1923.5,1922.12,1923.49,549.608,1056782.021134,5586
2026-07-28 21:45:00,1923.5,1929.67,1923.5,1926.23,1393.6426,2684413.51031,8851
2026-07-28 21:50:00,1926.24,1926.75,1924.93,1925.65,733.6809,1412968.201712,5527
2026-07-28 21:55:00,1925.64,1927.52,1923.94,1923.95,640.2346,1233135.914541,3908
2026-07-28 22:00:00,1923.96,1926.83,1922.45,1926.6,639.9578,1231718.989636,9259
2026-07-28 22:05:00,1926.61,1927.1,1924.1,1924.1,349.5252,673237.314506,4654
2026-07-28 22:10:00,1924.1,1924.75,1922.0,1923.01,448.2179,861893.01879,6359
2026-07-28 22:15:00,1923.01,1924.28,1922.0,1922.63,526.6803,1012901.557245,10458
2026-07-28 22:20:00,1922.64,1923.01,1920.46,1920.75,394.8562,758821.521516,7410
2026-07-28 22:25:00,1920.75,1921.58,1919.41,1919.8,422.389,811134.488805,4382
2026-07-28 22:30:00,1919.8,1919.8,1917.29,1917.45,510.7883,979887.475052,7724
2026-07-28 22:35:00,1917.45,1918.29,1916.52,1916.53,423.1152,811253.01382,4258
2026-07-28 22:40:00,1916.52,1918.41,1916.52,1916.92,339.9612,651915.36209,3875
2026-07-28 22:45:00,1916.92,1916.92,1912.4,1913.15,1210.3718,2317383.367622,10837
2026-07-28 22:50:00,1913.15,1913.15,1910.1,1911.04,1262.3029,2412530.824544,8835
2026-07-28 22:55:00,1911.05,1914.52,1911.05,1911.9,955.7477,1828559.33866,5978
2026-07-28 23:00:00,1911.9,1912.34,1907.2,1908.48,1007.2192,1923655.409947,7689
2026-07-28 23:05:00,1908.47,1908.63,1904.71,1904.72,1302.6639,2483395.258291,6103
2026-07-28 23:10:00,1904.71,1908.85,1904.41,1908.39,810.2897,1544883.445803,6327
2026-07-28 23:15:00,1908.39,1908.94,1906.91,1907.04,339.7916,648269.900936,3885
2026-07-28 23:20:00,1907.05,1909.18,1905.78,1906.17,441.4938,842061.669038,4900
2026-07-28 23:25:00,1906.16,1908.6,1904.06,1908.6,495.1536,943731.495851,5727
2026-07-28 23:30:00,1908.61,1914.69,1908.55,1914.24,832.2098,1590960.378671,9186
2026-07-28 23:35:00,1914.23,1917.18,1913.86,1916.84,663.072,1270331.104119,7708
2026-07-28 23:40:00,1916.84,1918.88,1915.74,1918.09,541.0487,1037475.964863,6841
2026-07-28 23:45:00,1918.09,1922.01,1916.62,1921.46,911.2239,1749186.43131,9003
2026-07-28 23:50:00,1921.46,1921.82,1919.79,1921.8,382.1382,734008.295667,4825
2026-07-28 23:55:00,1921.8,1923.1,1920.16,1922.23,1520.6407,2922683.569974,8016
2026-07-29 00:00:00,1922.22,1926.69,1921.88,1924.83,1919.9089,3693466.582813,12094
2026-07-29 00:05:00,1924.84,1928.51,1923.15,1924.56,1423.8257,2741723.777085,13514
2026-07-29 00:10:00,1924.56,1924.99,1922.0,1922.52,579.1241,1113699.772372,7009
2026-07-29 00:15:00,1922.51,1925.85,1921.74,1923.72,716.5395,1378647.373611,7821
2026-07-29 00:20:00,1923.72,1925.61,1920.23,1920.67,1229.3664,2364358.337749,9610
2026-07-29 00:25:00,1920.67,1922.05,1918.99,1920.33,663.8542,1274915.864429,7680
2026-07-29 00:30:00,1920.33,1920.66,1916.34,1918.26,576.4559,1105633.992471,6972
2026-07-29 00:35:00,1918.27,1923.33,1917.48,1921.96,530.4497,1018812.691914,7957
2026-07-29 00:40:00,1921.95,1921.95,1918.91,1921.35,362.7151,696602.687199,6181
2026-07-29 00:45:00,1921.36,1925.3,1918.48,1919.12,669.9305,1287572.318699,9336
2026-07-29 00:50:00,1919.11,1921.67,1918.61,1921.5,275.4899,528932.342121,5834
2026-07-29 00:55:00,1921.49,1921.5,1916.89,1917.27,590.5545,1132931.838812,9005
2026-07-29 01:00:00,1917.27,1918.16,1916.08,1917.55,388.6413,745057.65305,14044
2026-07-29 01:05:00,1917.56,1917.7,1913.88,1914.7,414.5972,794100.591267,11578
2026-07-29 01:10:00,1914.7,1914.86,1910.08,1910.58,722.2782,1380749.678727,11904
2026-07-29 01:15:00,1910.58,1912.79,1908.63,1912.29,695.7694,1329110.959078,14701
2026-07-29 01:20:00,1912.29,1915.96,1912.29,1915.0,390.9211,748374.017465,12129
2026-07-29 01:25:00,1914.99,1916.73,1913.81,1915.12,446.4036,855012.210571,12295
2026-07-29 01:30:00,1915.12,1915.92,1912.29,1914.43,954.6095,1827510.703058,17205
2026-07-29 01:35:00,1914.44,1914.49,1912.09,1912.79,410.353,785051.630398,9385
2026-07-29 01:40:00,1912.8,1912.87,1909.42,1910.36,297.104,567764.6473,8905
2026-07-29 01:45:00,1910.35,1910.99,1908.1,1908.47,542.2857,1035501.555513,11019
2026-07-29 01:50:00,1908.48,1909.44,1905.72,1907.41,649.5762,1238939.433874,10043
2026-07-29 01:55:00,1907.41,1907.93,1905.0,1905.7,1219.6056,2325168.180143,9253
2026-07-29 02:00:00,1905.69,1906.78,1901.17,1903.53,1652.649,3146902.635399,16311
2026-07-29 02:05:00,1903.54,1908.36,1903.53,1907.9,665.3454,1268675.848885,8712
2026-07-29 02:10:00,1907.89,1910.4,1906.9,1908.64,298.5857,569909.419433,7428
2026-07-29 02:15:00,1908.64,1908.82,1903.12,1905.28,359.9157,685892.118824,8970
2026-07-29 02:20:00,1905.28,1910.76,1905.12,1909.25,412.2837,786686.108473,8260
2026-07-29 02:25:00,1909.25,1916.05,1908.75,1915.8,728.0399,1392807.475778,8173
2026-07-29 02:30:00,1915.79,1917.43,1913.44,1913.64,564.4997,1081646.782376,7211
2026-07-29 02:35:00,1913.64,1918.23,1913.64,1918.2,843.6315,1616897.538721,9415
2026-07-29 02:40:00,1918.21,1919.67,1914.03,1914.2,581.9573,1115173.618084,9519
2026-07-29 02:45:00,1914.2,1914.33,1908.87,1909.54,600.3274,1147640.896227,12456
2026-07-29 02:50:00,1909.54,1911.91,1909.08,1911.51,198.5288,379341.076196,6108
2026-07-29 02:55:00,1911.52,1912.09,1910.03,1911.1,213.0351,407082.108835,4583
2026-07-29 03:00:00,1911.11,1911.12,1906.73,1907.38,1374.2932,2623424.263952,8046
2026-07-29 03:05:00,1907.39,1913.04,1907.39,1912.95,882.08,1684566.861736,9164
2026-07-29 03:10:00,1912.96,1913.04,1908.88,1909.62,282.0898,539198.036772,4520
2026-07-29 03:15:00,1909.63,1910.16,1904.71,1905.01,838.8452,1600789.021325,8499
2026-07-29 03:20:00,1905.01,1908.44,1904.95,1905.02,560.0257,1067764.151067,6383
2026-07-29 03:25:00,1905.02,1905.41,1901.81,1901.91,388.5014,739541.925652,6299
2026-07-29 03:30:00,1901.91,1901.91,1895.31,1896.67,1846.2292,3503611.554785,22192
2026-07-29 03:35:00,1896.67,1902.69,1895.54,1900.2,749.1307,1423166.519216,10169
2026-07-29 03:40:00,1900.19,1900.83,1896.89,1897.68,394.1734,748345.745471,7537
2026-07-29 03:45:00,1897.68,1898.69,1893.52,1894.0,946.0992,1793680.212214,11258
2026-07-29 03:50:00,1894.0,1894.58,1891.84,1892.5,867.1704,1641684.469905,10005
2026-07-29 03:55:00,1892.49,1893.24,1891.17,1892.7,796.5654,1507039.089601,7112
2026-07-29 04:00:00,1892.7,1893.24,1887.66,1888.29,1324.6155,2503772.97738,13065
2026-07-29 04:05:00,1888.29,1895.9,1884.51,1895.38,2820.9887,5333685.948198,21121
2026-07-29 04:10:00,1895.37,1895.37,1890.47,1892.15,788.2487,1491653.996924,10844
2026-07-29 04:15:00,1892.14,1892.14,1886.26,1888.8,945.4769,1786218.91125,13477
2026-07-29 04:20:00,1888.81,1894.92,1887.24,1894.86,1856.1554,3509613.378501,15319
2026-07-29 04:25:00,1894.85,1896.5,1893.23,1895.41,882.0239,1671650.525731,10727
2026-07-29 04:30:00,1895.41,1897.57,1894.5,1896.07,1053.2726,1996709.401122,9014
2026-07-29 04:35:00,1896.07,1906.43,1896.06,1903.9,2120.5043,4031188.132128,15628
2026-07-29 04:40:00,1903.9,1904.49,1900.69,1900.69,556.457,1058755.563812,7316
2026-07-29 04:45:00,1900.7,1901.78,1900.12,1901.51,644.4355,1224939.518766,6030
2026-07-29 04:50:00,1901.5,1903.96,1900.33,1903.59,535.5459,1018915.111778,6926
2026-07-29 04:55:00,1903.6,1905.72,1903.25,1905.52,511.5641,974391.307495,5666
2026-07-29 05:00:00,1905.52,1908.85,1904.71,1905.48,963.4666,1836835.10435,8483
2026-07-29 05:05:00,1905.48,1908.9,1905.04,1907.29,769.7946,1468022.884397,8112
2026-07-29 05:10:00,1907.29,1909.18,1907.05,1909.05,376.2767,718069.646534,4291
2026-07-29 05:15:00,1909.05,1909.05,1905.15,1905.79,352.2096,671442.782722,4550
2026-07-29 05:20:00,1905.78,1909.56,1903.53,1907.74,711.1516,1356128.154499,7695
2026-07-29 05:25:00,1907.73,1910.51,1907.73,1908.44,481.3928,919079.947912,4641
2026-07-29 05:30:00,1908.45,1910.35,1907.21,1910.34,557.3357,1064140.830988,5464
2026-07-29 05:35:00,1910.34,1913.79,1910.34,1913.54,943.0638,1803441.566495,8478
2026-07-29 05:40:00,1913.53,1914.99,1912.54,1912.54,560.7053,1073223.862343,6087
2026-07-29 05:45:00,1912.55,1913.53,1911.68,1912.34,362.9345,694114.795318,5732
2026-07-29 05:50:00,1912.33,1914.51,1912.11,1914.5,450.7297,862237.065799,4306
2026-07-29 05:55:00,1914.5,1914.81,1912.06,1912.54,238.0828,455468.597301,3287
2026-07-29 06:00:00,1912.53,1912.95,1909.86,1910.2,530.2402,1013550.988958,5486
2026-07-29 06:05:00,1910.21,1910.87,1908.89,1909.25,468.7056,895296.423664,7542
2026-07-29 06:10:00,1909.24,1913.99,1909.07,1912.79,229.1102,437768.082035,5421
2026-07-29 06:15:00,1912.8,1913.69,1911.12,1912.42,527.6739,1009121.022995,6360
2026-07-29 06:20:00,1912.43,1916.11,1911.83,1914.91,672.5704,1287272.896017,7697
2026-07-29 06:25:00,1914.91,1919.6,1914.91,1918.8,1760.1281,3374996.635897,10124
2026-07-29 06:30:00,1918.79,1920.93,1917.57,1919.5,1188.8681,2281911.776003,11542
2026-07-29 06:35:00,1919.49,1920.53,1918.45,1919.01,469.6838,901517.445669,6274
2026-07-29 06:40:00,1919.01,1919.77,1918.28,1919.66,385.784,740364.138567,2870
2026-07-29 06:45:00,1919.66,1920.25,1918.37,1919.26,548.9947,1053790.172689,4251
2026-07-29 06:50:00,1919.25,1921.71,1919.09,1919.42,659.0765,1265431.564886,5291
2026-07-29 06:55:00,1919.42,1920.87,1917.8,1920.18,646.028,1240081.321729,4740
2026-07-29 07:00:00,1920.19,1921.0,1918.71,1918.85,585.215,1123443.099702,4562
2026-07-29 07:05:00,1918.86,1920.63,1918.85,1919.56,460.6877,884344.892683,4263
2026-07-29 07:10:00,1919.55,1922.0,1919.22,1919.36,1404.0077,2697177.6173,5252
2026-07-29 07:15:00,1919.35,1919.69,1917.35,1918.85,708.6948,1359660.994371,4562
2026-07-29 07:20:00,1918.86,1919.51,1916.42,1916.42,494.1384,947822.316734,4191
2026-07-29 07:25:00,1916.42,1918.57,1916.06,1918.56,265.2104,508453.594708,3935
2026-07-29 07:30:00,1918.57,1918.57,1916.17,1916.17,335.0333,642430.603951,3066
2026-07-29 07:35:00,1916.17,1916.85,1914.81,1915.83,787.7717,1509066.324006,4127
2026-07-29 07:40:00,1915.83,1916.47,1915.74,1915.9,374.166,716955.883395,2548
2026-07-29 07:45:00,1915.9,1916.28,1914.76,1916.28,417.5239,799768.419516,3073
2026-07-29 07:50:00,1916.27,1916.28,1914.1,1914.1,424.7268,813462.768068,3267
2026-07-29 07:55:00,1914.1,1925.68,1914.1,1924.71,3835.8623,7369455.876283,11275
2026-07-29 08:00:00,1924.71,1925.35,1920.9,1920.91,1043.2834,2005438.609366,6744
2026-07-29 08:05:00,1920.9,1920.9,1918.04,1918.09,899.0612,1725120.098236,4431
2026-07-29 08:10:00,1918.08,1918.09,1914.16,1914.93,592.6712,1135462.378653,5927
2026-07-29 08:15:00,1914.93,1916.95,1914.82,1916.4,595.3082,1140737.600807,5895
2026-07-29 08:20:00,1916.39,1916.42,1914.64,1915.2,427.6845,819253.469141,4728
2026-07-29 08:25:00,1915.19,1915.2,1912.18,1913.29,804.4766,1539219.205263,6432
2026-07-29 08:30:00,1913.29,1915.2,1912.11,1914.42,362.7117,694243.990351,3715
2026-07-29 08:35:00,1914.41,1915.17,1913.52,1913.53,452.4019,866139.59407,3600
2026-07-29 08:40:00,1913.52,1916.71,1913.47,1916.71,454.895,871297.695301,3656
2026-07-29 08:45:00,1916.71,1919.39,1916.7,1917.44,749.9636,1438503.955772,5927
2026-07-29 08:50:00,1917.43,1917.63,1914.87,1914.93,242.5491,464798.084841,3109
2026-07-29 08:55:00,1914.93,1915.66,1914.93,1915.08,238.4336,456675.811819,3021
2026-07-29 09:00:00,1915.08,1918.6,1914.94,1917.79,332.86,638014.748198,5078
2026-07-29 09:05:00,1917.79,1918.25,1916.68,1918.16,459.8436,881739.686805,5090
2026-07-29 09:10:00,1918.15,1919.75,1918.15,1918.88,1181.5813,2267595.057051,5362
2026-07-29 09:15:00,1918.88,1920.0,1917.97,1919.68,683.8403,1312163.869138,6044
2026-07-29 09:20:00,1919.68,1920.54,1919.0,1920.53,686.8622,1318503.649008,4391
2026-07-29 09:25:00,1920.53,1921.03,1919.59,1920.14,480.4938,922698.188784,4690
2026-07-29 09:30:00,1920.14,1921.44,1920.14,1920.38,715.6058,1374573.438825,5957
2026-07-29 09:35:00,1920.38,1922.89,1920.0,1921.7,864.4748,1661329.013087,8558
2026-07-29 09:40:00,1921.69,1924.73,1921.69,1922.02,733.2087,1410085.583446,12003
2026-07-29 09:45:00,1922.02,1922.18,1918.85,1920.46,615.8237,1182344.92493,7648
2026-07-29 09:50:00,1920.46,1924.05,1920.0,1922.78,923.8743,1776254.018722,7968
2026-07-29 09:55:00,1922.78,1923.31,1921.89,1922.31,349.5291,672024.444278,5952
2026-07-29 10:00:00,1922.31,1922.58,1921.16,1921.2,615.588,1183195.567187,4246
2026-07-29 10:05:00,1921.19,1921.82,1919.44,1921.61,1291.1193,2480003.078811,8708
2026-07-29 10:10:00,1921.6,1921.61,1920.2,1920.63,205.6033,394872.823372,2545
2026-07-29 10:15:00,1920.64,1920.82,1918.95,1920.01,495.9212,952157.712308,5929
2026-07-29 10:20:00,1920.0,1920.21,1918.94,1920.2,1669.9467,3205956.690602,3310
2026-07-29 10:25:00,1920.2,1920.21,1919.12,1919.45,1455.4677,2794509.195479,3966
2026-07-29 10:30:00,1919.46,1919.86,1918.95,1919.23,258.2164,495584.841048,2982
2026-07-29 10:35:00,1919.24,1919.24,1917.0,1917.42,287.035,550610.683203,3197
2026-07-29 10:40:00,1917.42,1921.16,1917.35,1920.41,420.0779,806324.258087,5631
2026-07-29 10:45:00,1920.42,1920.42,1918.72,1918.72,795.8009,1527569.115033,4694
2026-07-29 10:50:00,1918.73,1918.73,1912.36,1912.91,940.2521,1800235.937642,8852
2026-07-29 10:55:00,1912.9,1913.38,1910.0,1912.16,1070.4025,2046079.21837,6741
2026-07-29 11:00:00,1912.16,1914.16,1912.09,1912.57,345.9139,661768.579977,5206
2026-07-29 11:05:00,1912.58,1915.88,1911.16,1915.28,776.033,1484575.589875,5917
2026-07-29 11:10:00,1915.27,1917.0,1915.26,1916.45,335.4984,642919.084771,2651
2026-07-29 11:15:00,1916.45,1917.07,1911.94,1912.87,1124.8787,2153522.01553,5462
2026-07-29 11:20:00,1912.88,1916.55,1912.87,1914.55,378.1193,724060.009488,4063
2026-07-29 11:25:00,1914.55,1915.51,1913.78,1913.79,328.8595,629613.467805,3363
2026-07-29 11:30:00,1913.78,1914.14,1910.42,1910.54,376.3722,719700.970795,4118
2026-07-29 11:35:00,1910.55,1912.01,1910.35,1911.95,443.2205,847059.033674,2650
2026-07-29 11:40:00,1911.95,1913.57,1911.74,1911.75,447.8412,856510.764562,3263
2026-07-29 11:45:00,1911.75,1915.09,1911.53,1914.9,217.6561,416455.276717,3005
2026-07-29 11:50:00,1914.9,1916.0,1914.0,1914.5,184.5029,353319.653387,2757
2026-07-29 11:55:00,1914.5,1915.62,1914.03,1915.26,170.015,325537.243009,2843
2026-07-29 12:00:00,1915.26,1915.27,1911.81,1912.66,428.789,820537.305315,4984
2026-07-29 12:05:00,1912.66,1914.12,1912.05,1912.37,376.3766,719939.127209,3291
2026-07-29 12:10:00,1912.36,1914.15,1911.71,1911.71,970.0008,1855261.099078,4232
2026-07-29 12:15:00,1911.7,1911.7,1902.3,1905.05,1575.3598,3003467.996725,21831
2026-07-29 12:20:00,1905.06,1907.06,1904.05,1905.85,592.6404,1129565.439402,9933
2026-07-29 12:25:00,1905.85,1908.0,1905.85,1906.23,653.0009,1245313.37732,8089
2026-07-29 12:30:00,1906.22,1908.47,1903.86,1908.4,982.3237,1872454.375259,9920
2026-07-29 12:35:00,1908.41,1908.74,1905.46,1906.39,682.9587,1302260.625422,8665
2026-07-29 12:40:00,1906.38,1906.89,1905.45,1906.48,762.4785,1453538.161157,5652
2026-07-29 12:45:00,1906.49,1907.71,1906.17,1907.06,611.6901,1166446.230133,9370
2026-07-29 12:50:00,1907.05,1908.12,1905.42,1906.11,1453.3026,2770525.296199,9188
2026-07-29 12:55:00,1906.11,1907.24,1903.89,1905.23,1346.5863,2566254.090635,9887
2026-07-29 13:00:00,1905.23,1905.78,1903.78,1905.28,1515.6716,2887247.784669,12143
2026-07-29 13:05:00,1905.28,1906.81,1904.18,1905.82,642.307,1224026.932256,8918
2026-07-29 13:10:00,1905.81,1906.0,1904.26,1905.94,656.4631,1250636.70536,8369
2026-07-29 13:15:00,1905.95,1905.96,1902.17,1902.63,1050.9549,2000713.84057,8920
2026-07-29 13:20:00,1902.62,1904.66,1900.81,1903.84,1641.1131,3122815.210668,12423
2026-07-29 13:25:00,1903.83,1905.22,1901.49,1904.48,933.6025,1777121.965079,10078
2026-07-29 13:30:00,1904.47,1910.74,1902.35,1909.84,1666.1863,3177534.250814,24065
2026-07-29 13:35:00,1909.84,1911.11,1901.3,1907.09,1948.9,3713646.110218,20386
2026-07-29 13:40:00,1907.08,1910.13,1903.58,1909.36,1315.5183,2509415.143927,18757
2026-07-29 13:45:00,1909.36,1910.77,1904.79,1910.76,1035.7474,1975794.905505,22132
2026-07-29 13:50:00,1910.77,1911.67,1902.34,1905.33,1471.3588,2804269.139728,27938
2026-07-29 13:55:00,1905.32,1909.42,1895.59,1909.24,2975.5255,5656005.17484,33430
2026-07-29 14:00:00,1909.24,1911.11,1905.43,1907.71,1388.3144,2649028.418439,25998
2026-07-29 14:05:00,1907.72,1911.46,1903.52,1905.11,1801.1531,3434146.520366,16022
2026-07-29 14:10:00,1905.11,1905.11,1897.0,1898.09,1658.6318,3153007.07366,17301
2026-07-29 14:15:00,1898.1,1902.97,1897.87,1897.91,2021.2924,3840957.831773,21710
2026-07-29 14:20:00,1897.91,1902.72,1896.41,1897.66,1398.0644,2656214.023718,15774
2026-07-29 14:25:00,1897.66,1898.43,1892.71,1897.77,2662.4198,5047659.360867,21189
2026-07-29 14:30:00,1897.77,1903.71,1897.69,1898.46,814.8334,1548477.704738,13617
2026-07-29 14:35:00,1898.45,1899.2,1894.63,1895.82,1419.3829,2691314.232752,13288
2026-07-29 14:40:00,1895.81,1896.63,1891.39,1893.52,1998.625,3784864.575523,16996
2026-07-29 14:45:00,1893.51,1897.04,1892.95,1896.22,1612.2708,3056264.78051,13992
2026-07-29 14:50:00,1896.22,1900.25,1895.74,1900.08,1126.1995,2137557.698944,13937
2026-07-29 14:55:00,1900.08,1900.31,1894.01,1895.23,1193.8219,2263909.37484,10394
2026-07-29 15:00:00,1895.23,1898.84,1893.82,1897.28,2288.2527,4340153.23474,12195
2026-07-29 15:05:00,1897.27,1898.65,1895.31,1898.41,780.6853,1480860.745311,10542
2026-07-29 15:10:00,1898.42,1898.65,1894.51,1896.88,1294.8868,2456379.633497,14965
2026-07-29 15:15:00,1896.87,1898.42,1888.88,1889.11,3974.3707,7527491.821003,22877
2026-07-29 15:20:00,1889.12,1896.91,1889.12,1894.9,1463.6173,2773349.752347,11583
2026-07-29 15:25:00,1894.9,1895.38,1890.74,1895.11,869.9406,1646861.278028,8713
2026-07-29 15:30:00,1895.1,1896.0,1892.87,1894.22,1339.9012,2539259.590038,10103
2026-07-29 15:35:00,1894.22,1898.65,1891.38,1891.99,888.6429,1684536.451334,10415
2026-07-29 15:40:00,1891.99,1894.15,1891.05,1891.68,835.0578,1580111.114381,8720
2026-07-29 15:45:00,1891.68,1893.4,1889.04,1893.4,1327.0627,2508980.026267,14884
2026-07-29 15:50:00,1893.4,1894.06,1889.74,1889.74,621.6388,1176231.293814,14799
2026-07-29 15:55:00,1889.74,1892.69,1887.31,1892.11,1136.3587,2147294.177339,14456
2026-07-29 16:00:00,1892.11,1892.89,1889.58,1890.87,756.2269,1429962.89482,8717
2026-07-29 16:05:00,1890.88,1893.12,1889.57,1893.12,1495.7754,2829228.26091,8697
2026-07-29 16:10:00,1893.12,1893.79,1891.64,1892.41,854.8868,1618157.642236,7703
2026-07-29 16:15:00,1892.4,1893.85,1891.1,1892.01,1334.5932,2525049.758683,8243
2026-07-29 16:20:00,1892.0,1899.5,1890.57,1897.74,1216.6919,2306849.064881,11539
2026-07-29 16:25:00,1897.74,1898.72,1895.83,1895.83,662.4494,1256859.425237,8249
2026-07-29 16:30:00,1895.82,1897.71,1893.21,1894.25,505.778,958847.621339,7567
2026-07-29 16:35:00,1894.24,1894.59,1891.48,1893.87,479.6991,907937.682563,7979
2026-07-29 16:40:00,1893.86,1894.98,1887.75,1889.52,863.3597,1632168.10093,10275
2026-07-29 16:45:00,1889.51,1894.59,1889.28,1892.37,832.6106,1575474.473628,9926
2026-07-29 16:50:00,1892.37,1894.95,1891.84,1894.23,815.5206,1544110.205886,8864
2026-07-29 16:55:00,1894.22,1895.69,1893.69,1895.4,517.4111,980427.917924,6379
2026-07-29 17:00:00,1895.4,1898.96,1895.25,1897.91,724.7677,1374959.493893,9757
2026-07-29 17:05:00,1897.92,1898.56,1895.23,1896.72,713.4188,1353024.736494,9736
2026-07-29 17:10:00,1896.71,1901.62,1896.63,1901.48,1131.52,2149492.660878,10348
2026-07-29 17:15:00,1901.48,1901.48,1897.03,1898.03,795.6015,1510481.748956,8858
2026-07-29 17:20:00,1898.03,1899.8,1896.99,1897.47,556.8155,1057338.842471,8341
2026-07-29 17:25:00,1897.48,1899.09,1895.46,1895.9,594.655,1128336.471536,6404
2026-07-29 17:30:00,1895.9,1900.23,1894.51,1899.12,479.7176,910256.727809,7508
2026-07-29 17:35:00,1899.12,1899.81,1896.69,1897.94,493.3282,936196.615801,7300
2026-07-29 17:40:00,1897.95,1903.36,1897.94,1902.18,1435.5386,2729266.476827,9727
2026-07-29 17:45:00,1902.17,1902.56,1900.43,1902.56,617.0381,1173146.793425,6453
2026-07-29 17:50:00,1902.56,1914.52,1902.56,1912.47,2844.1827,5427829.426274,27702
2026-07-29 17:55:00,1912.47,1917.29,1911.8,1916.16,1924.2905,3682841.021814,14381
2026-07-29 18:00:00,1916.15,1935.68,1915.19,1923.81,12417.4707,23923437.612262,78287
2026-07-29 18:05:00,1923.8,1926.85,1918.85,1919.61,2606.2101,5007821.738878,35568
2026-07-29 18:10:00,1919.61,1922.64,1916.61,1917.08,1316.6314,2527041.910219,23011
2026-07-29 18:15:00,1917.07,1919.7,1908.49,1910.3,2226.3611,4261157.493903,35767
2026-07-29 18:20:00,1910.3,1912.45,1907.3,1907.31,1918.2962,3664520.684086,27721
2026-07-29 18:25:00,1907.31,1908.75,1903.0,1908.03,1738.8418,3313896.691002,30280
2026-07-29 18:30:00,1908.04,1911.67,1894.22,1902.81,3633.9155,6910563.056724,53685
2026-07-29 18:35:00,1902.81,1918.59,1899.81,1915.86,2719.1516,5195704.388391,43628
2026-07-29 18:40:00,1915.86,1922.34,1915.02,1920.7,2796.7293,5367141.719736,35504
2026-07-29 18:45:00,1920.69,1925.4,1917.9,1923.96,2724.1599,5235182.54848,23887
2026-07-29 18:50:00,1923.95,1928.51,1920.58,1926.77,1643.8415,3165086.53303,18058
2026-07-29 18:55:00,1926.77,1927.05,1918.33,1920.55,1830.7843,3518277.386636,18604
2026-07-29 19:00:00,1920.56,1922.74,1916.4,1917.19,1513.9919,2906027.88167,18220
2026-07-29 19:05:00,1917.18,1917.27,1910.0,1910.46,2315.3155,4429468.091577,27595
2026-07-29 19:10:00,1910.45,1915.78,1909.14,1913.33,1299.3119,2484773.356239,15960
2026-07-29 19:15:00,1913.33,1914.46,1907.28,1909.18,2085.4693,3984485.609931,17130
2026-07-29 19:20:00,1909.18,1909.35,1901.78,1903.76,2393.4745,4557276.142936,24571
2026-07-29 19:25:00,1903.75,1904.69,1898.21,1904.36,1902.4746,3616477.679437,18997
2026-07-29 19:30:00,1904.37,1907.29,1897.01,1901.33,1732.4505,3295869.710837,18087
2026-07-29 19:35:00,1901.32,1903.93,1899.7,1900.23,1184.6246,2252469.529963,13859
2026-07-29 19:40:00,1900.23,1902.56,1898.59,1900.19,1085.1838,2062750.321441,13881
2026-07-29 19:45:00,1900.2,1901.42,1886.86,1890.93,5175.4582,9796913.987839,37602
2026-07-29 19:50:00,1890.93,1892.0,1883.7,1890.97,2712.7913,5120285.260305,22016
2026-07-29 19:55:00,1890.96,1891.36,1887.33,1888.56,1338.8832,2530166.196265,9091
2026-07-29 20:00:00,1888.57,1889.89,1881.27,1885.58,2793.7511,5269543.600475,24356
2026-07-29 20:05:00,1885.59,1889.34,1880.0,1880.06,2807.7335,5286320.384646,17830
2026-07-29 20:10:00,1880.07,1889.1,1880.0,1887.79,1300.3113,2450094.251754,14319
2026-07-29 20:15:00,1887.78,1891.51,1886.86,1888.66,1249.7986,2361314.123572,11506
2026-07-29 20:20:00,1888.65,1890.95,1888.0,1888.69,658.746,1244544.969071,9450
2026-07-29 20:25:00,1888.69,1889.39,1878.14,1884.1,2647.3318,4981585.668881,15224
2026-07-29 20:30:00,1884.11,1885.76,1882.53,1885.71,1673.2117,3153085.69701,13048
2026-07-29 20:35:00,1885.71,1890.55,1885.57,1890.18,905.1644,1709125.512432,11010
2026-07-29 20:40:00,1890.18,1891.99,1888.93,1889.21,797.5196,1507754.244456,10192
2026-07-29 20:45:00,1889.21,1890.6,1885.43,1885.54,527.8706,996814.88079,8178
2026-07-29 20:50:00,1885.54,1887.77,1883.74,1887.54,477.1564,899897.000828,7678
2026-07-29 20:55:00,1887.55,1888.3,1882.92,1884.15,889.3139,1675880.704655,7899
2026-07-29 21:00:00,1884.16,1885.15,1877.35,1878.4,1839.4095,3462220.412693,12273
2026-07-29 21:05:00,1878.41,1880.56,1872.0,1880.56,2556.1161,4797125.184901,18724
2026-07-29 21:10:00,1880.56,1885.08,1880.56,1885.07,901.8262,1698777.102399,6928
2026-07-29 21:15:00,1885.07,1885.07,1881.77,1884.92,946.8713,1783015.721552,7650
2026-07-29 21:20:00,1884.92,1887.61,1884.18,1887.61,876.289,1653031.720547,7382
2026-07-29 21:25:00,1887.6,1890.01,1886.22,1890.0,1056.5733,1995748.242594,5640
2026-07-29 21:30:00,1890.0,1892.0,1888.99,1890.41,1241.9886,2347722.459058,6363
2026-07-29 21:35:00,1890.41,1891.99,1889.01,1891.16,944.3792,1784870.299734,7615
2026-07-29 21:40:00,1891.16,1892.99,1890.45,1891.39,725.9151,1373045.93701,12553
2026-07-29 21:45:00,1891.39,1894.73,1889.89,1892.63,790.1798,1495431.053931,11626
2026-07-29 21:50:00,1892.63,1895.21,1891.15,1894.81,886.214,1678197.307645,12294
2026-07-29 21:55:00,1894.8,1898.39,1893.62,1898.38,1016.6275,1927653.175043,9651
2026-07-29 22:00:00,1898.39,1904.73,1898.28,1904.65,1744.6528,3317577.404185,22456
2026-07-29 22:05:00,1904.66,1909.96,1904.65,1905.0,1861.0216,3549074.324254,24454
2026-07-29 22:10:00,1905.01,1910.14,1905.01,1907.59,953.9019,1820002.237268,13284
2026-07-29 22:15:00,1907.59,1911.61,1906.03,1910.4,1357.0757,2591155.602505,11055
2026-07-29 22:20:00,1910.39,1910.39,1907.55,1907.55,446.0925,851459.249683,4935
2026-07-29 22:25:00,1907.55,1909.34,1907.06,1908.57,656.2896,1252124.917651,4619
2026-07-29 22:30:00,1908.56,1908.93,1905.47,1905.68,548.8342,1046439.747847,6076
2026-07-29 22:35:00,1905.68,1906.3,1904.94,1905.41,583.6531,1112213.883393,5363
2026-07-29 22:40:00,1905.41,1909.3,1904.52,1908.32,737.4719,1406214.392318,4958
2026-07-29 22:45:00,1908.32,1908.91,1905.15,1905.16,221.0448,421574.637187,3336
2026-07-29 22:50:00,1905.16,1907.23,1905.15,1906.88,380.9507,726147.022401,5157
2026-07-29 22:55:00,1906.88,1907.34,1906.7,1907.18,232.7608,443867.49148,1503
2026-07-29 23:00:00,1907.18,1907.18,1903.54,1904.65,859.0595,1636576.019852,4984
2026-07-29 23:05:00,1904.66,1907.35,1903.0,1906.42,1344.992,2560564.630467,5312
2026-07-29 23:10:00,1906.43,1906.43,1902.68,1903.51,743.8662,1416351.316358,6276
2026-07-29 23:15:00,1903.51,1911.01,1903.3,1910.19,983.8225,1875144.571398,6496
2026-07-29 23:20:00,1910.2,1910.76,1908.44,1908.44,625.106,1193876.287828,5145
2026-07-29 23:25:00,1908.45,1909.45,1907.61,1908.4,283.6914,541436.230488,3960
2026-07-29 23:30:00,1908.41,1909.76,1906.04,1907.03,525.1783,1001974.08659,5306
2026-07-29 23:35:00,1907.04,1909.0,1906.31,1907.72,340.5582,649742.065107,4124
2026-07-29 23:40:00,1907.72,1911.29,1905.95,1911.29,472.9111,902538.360116,5760
2026-07-29 23:45:00,1911.28,1913.17,1910.03,1910.08,624.4281,1193686.752194,8750
2026-07-29 23:50:00,1910.08,1912.17,1909.48,1912.16,825.1868,1576946.825442,8037
2026-07-29 23:55:00,1912.17,1912.29,1910.43,1910.72,311.0404,594472.263321,7594
2026-07-30 00:00:00,1910.72,1912.1,1908.52,1909.77,706.4182,1349616.892162,16563
2026-07-30 00:05:00,1909.76,1913.92,1909.23,1912.6,736.3614,1407802.261388,17885
2026-07-30 00:10:00,1912.59,1914.81,1912.15,1912.2,395.1457,756106.42068,9385
2026-07-30 00:15:00,1912.19,1914.8,1911.35,1912.07,577.7521,1105362.645447,10486
2026-07-30 00:20:00,1912.06,1912.53,1910.77,1911.02,316.5545,605145.495569,8957
2026-07-30 00:25:00,1911.02,1911.91,1908.33,1911.21,771.2403,1472827.739443,6059
2026-07-30 00:30:00,1911.21,1911.77,1904.53,1904.53,698.9853,1333415.289874,10588
2026-07-30 00:35:00,1904.54,1904.76,1900.12,1900.6,1019.7276,1939619.209899,11280
2026-07-30 00:40:00,1900.61,1900.87,1896.43,1896.86,965.8231,1833949.821726,9498
2026-07-30 00:45:00,1896.86,1899.21,1896.23,1898.22,786.5743,1492600.165142,8571
2026-07-30 00:50:00,1898.23,1898.23,1894.5,1894.77,459.8027,871783.596443,6774
2026-07-30 00:55:00,1894.77,1898.26,1893.99,1898.22,305.1885,578403.638249,4562
2026-07-30 01:00:00,1898.22,1903.13,1897.49,1903.12,731.4042,1389711.669389,8081
2026-07-30 01:05:00,1903.12,1911.21,1902.1,1906.52,1635.5685,3120579.992192,14796
2026-07-30 01:10:00,1906.51,1906.52,1900.67,1900.67,876.0629,1667780.672483,7481
2026-07-30 01:15:00,1900.68,1903.69,1900.46,1902.73,290.4213,552340.70655,6189
2026-07-30 01:20:00,1902.72,1907.01,1901.97,1906.8,307.8097,586252.245666,5791
2026-07-30 01:25:00,1906.8,1907.76,1905.99,1907.27,658.7665,1256335.010185,5776
2026-07-30 01:30:00,1907.27,1914.45,1907.08,1914.44,2070.0043,3955538.294611,14407
2026-07-30 01:35:00,1914.44,1919.0,1912.81,1912.81,2228.2649,4269743.824406,16287
2026-07-30 01:40:00,1912.81,1916.61,1912.81,1915.25,819.4802,1569375.269341,7951
2026-07-30 01:45:00,1915.24,1921.92,1913.52,1918.34,1595.2734,3060113.461718,12579
2026-07-30 01:50:00,1918.34,1920.45,1917.22,1919.72,1110.5094,2130501.361969,5925
2026-07-30 01:55:00,1919.71,1920.48,1916.54,1916.77,397.0853,761731.874702,4733
2026-07-30 02:00:00,1916.77,1918.42,1914.03,1916.02,1146.9712,2197512.03112,10497
2026-07-30 02:05:00,1916.02,1919.9,1915.5,1917.87,1007.7553,1932606.252651,8967
2026-07-30 02:10:00,1917.87,1919.63,1916.65,1916.84,890.1354,1707650.537032,7388
2026-07-30 02:15:00,1916.83,1919.38,1916.2,1917.67,743.5227,1425632.993204,5814
2026-07-30 02:20:00,1917.68,1920.0,1917.47,1917.59,594.7847,1141224.583673,7002
2026-07-30 02:25:00,1917.58,1917.97,1915.0,1915.47,594.3252,1138706.466764,6965
2026-07-30 02:30:00,1915.46,1915.47,1912.01,1912.01,500.4679,957551.550236,5929
2026-07-30 02:35:00,1912.02,1913.56,1910.29,1913.51,969.8434,1853929.786627,7870
2026-07-30 02:40:00,1913.51,1915.04,1912.11,1914.53,349.6375,669116.846713,6405
2026-07-30 02:45:00,1914.53,1915.35,1913.14,1913.14,266.7067,510606.423346,4744
2026-07-30 02:50:00,1913.15,1914.74,1912.71,1913.05,300.6599,575333.373108,4162
2026-07-30 02:55:00,1913.05,1913.31,1910.61,1911.11,229.4731,438676.601909,3305
2026-07-30 03:00:00,1911.12,1913.28,1911.0,1912.56,200.6699,383718.711892,3328
2026-07-30 03:05:00,1912.56,1913.73,1910.47,1910.47,194.9687,372818.500617,3807
2026-07-30 03:10:00,1910.48,1911.48,1907.65,1911.48,575.4681,1098687.076188,5223
2026-07-30 03:15:00,1911.5,1915.3,1910.77,1912.33,619.4645,1184995.185191,7330
2026-07-30 03:20:00,1912.34,1912.5,1911.06,1912.03,349.1396,667485.006869,4130
2026-07-30 03:25:00,1912.03,1914.13,1911.99,1914.12,232.1035,444071.778942,4173
2026-07-30 03:30:00,1914.12,1914.13,1909.84,1912.3,629.8953,1203985.921667,7147
2026-07-30 03:35:00,1912.3,1912.89,1909.21,1909.72,456.5282,872288.968518,6119
2026-07-30 03:40:00,1909.72,1911.27,1909.45,1910.78,382.9726,731649.314622,3687
2026-07-30 03:45:00,1910.78,1912.6,1910.77,1911.72,329.4157,629681.049911,4888
2026-07-30 03:50:00,1911.72,1912.3,1910.99,1911.12,295.6913,565292.582081,4104
2026-07-30 03:55:00,1911.12,1911.6,1909.94,1909.99,480.7808,918764.994715,3243
2026-07-30 04:00:00,1910.0,1910.93,1907.67,1908.43,728.5725,1390890.380002,5300
2026-07-30 04:05:00,1908.42,1909.01,1907.5,1908.95,606.444,1157304.408848,4380
2026-07-30 04:10:00,1908.95,1908.96,1906.99,1907.43,617.5138,1177968.601609,3586
2026-07-30 04:15:00,1907.43,1907.43,1905.44,1905.83,288.3825,549798.55627,3998
2026-07-30 04:20:00,1905.83,1907.33,1905.69,1906.4,526.5459,1003815.455056,4347
2026-07-30 04:25:00,1906.41,1908.65,1906.1,1906.38,267.8,510728.595564,4527
2026-07-30 04:30:00,1906.37,1908.36,1906.16,1907.85,627.8447,1197504.06716,5691
2026-07-30 04:35:00,1907.85,1908.09,1904.38,1905.24,303.3909,578331.931282,8000
2026-07-30 04:40:00,1905.24,1906.33,1903.91,1905.18,2739.5084,5219300.760096,6783
2026-07-30 04:45:00,1905.18,1906.89,1903.88,1904.69,1495.1185,2848540.396993,7520
2026-07-30 04:50:00,1904.68,1905.66,1903.99,1903.99,972.1534,1851851.922455,6114
2026-07-30 04:55:00,1904.0,1904.49,1901.87,1901.99,616.471,1173303.421658,6091
2026-07-30 05:00:00,1902.0,1902.89,1900.44,1901.72,1348.5254,2564547.054942,10580
2026-07-30 05:05:00,1901.72,1903.86,1901.42,1902.7,523.4097,995979.593836,8778
2026-07-30 05:10:00,1902.7,1903.71,1902.02,1903.13,590.7328,1124053.473371,6786
2026-07-30 05:15:00,1903.13,1904.55,1901.01,1902.13,766.9094,1459132.249797,11113
2026-07-30 05:20:00,1902.14,1903.2,1900.18,1900.82,462.9276,880189.37404,7843
2026-07-30 05:25:00,1900.82,1904.19,1900.45,1903.2,411.7828,783228.411005,8644
2026-07-30 05:30:00,1903.2,1909.67,1903.04,1907.67,852.629,1626070.999102,11312
2026-07-30 05:35:00,1907.67,1908.56,1906.0,1906.01,323.0545,616135.749838,6970
2026-07-30 05:40:00,1906.01,1907.88,1906.0,1907.87,231.5935,441659.483555,3835
2026-07-30 05:45:00,1907.87,1909.39,1906.08,1906.74,462.146,881797.408941,5547
2026-07-30 05:50:00,1906.74,1907.49,1905.23,1905.75,251.0802,478620.219074,4681
2026-07-30 05:55:00,1905.75,1906.64,1904.3,1906.34,275.1276,524270.083318,4233
2026-07-30 06:00:00,1906.34,1906.51,1904.27,1905.89,338.9684,645857.392399,7006
2026-07-30 06:05:00,1905.89,1906.95,1903.5,1903.5,367.8419,700977.793851,5168
2026-07-30 06:10:00,1903.5,1905.14,1902.78,1903.72,298.0603,567453.49474,4327
2026-07-30 06:15:00,1903.73,1903.73,1902.29,1902.65,436.4159,830435.00503,5350
2026-07-30 06:20:00,1902.66,1904.71,1901.98,1904.71,400.2285,761787.328492,5547
2026-07-30 06:25:00,1904.71,1906.35,1904.7,1905.88,497.0395,947119.292781,5905
2026-07-30 06:30:00,1905.88,1905.94,1902.95,1903.25,294.8109,561523.863977,4828
2026-07-30 06:35:00,1903.25,1904.16,1902.59,1903.69,229.6429,437066.71788,4333
2026-07-30 06:40:00,1903.7,1904.6,1902.97,1903.03,328.3844,625134.567719,4091
2026-07-30 06:45:00,1903.02,1903.89,1900.2,1901.93,1080.2013,2054772.912992,6695
2026-07-30 06:50:00,1901.93,1901.93,1899.59,1900.83,442.7803,841472.458221,5408
2026-07-30 06:55:00,1900.83,1901.6,1900.06,1901.32,263.7744,501376.438131,4863
2026-07-30 07:00:00,1901.33,1907.97,1900.93,1906.65,747.0485,1423257.820553,10023
2026-07-30 07:05:00,1906.66,1906.66,1902.9,1905.18,646.3102,1230674.704583,7662
2026-07-30 07:10:00,1905.19,1906.26,1904.31,1905.25,701.9992,1337584.172065,5536
2026-07-30 07:15:00,1905.26,1908.12,1902.71,1907.56,1170.0818,2228661.380975,6446
2026-07-30 07:20:00,1907.56,1907.64,1904.48,1906.7,713.4009,1359850.539667,5729
2026-07-30 07:25:00,1906.7,1907.38,1904.16,1905.42,764.0368,1455998.741589,5575
2026-07-30 07:30:00,1905.42,1906.15,1901.05,1902.22,794.4523,1511728.348816,5936
2026-07-30 07:35:00,1902.21,1905.07,1900.43,1905.07,585.0592,1112848.516664,8230
2026-07-30 07:40:00,1905.06,1905.85,1903.64,1904.91,457.2296,870882.241721,5660
2026-07-30 07:45:00,1904.91,1905.33,1903.91,1904.52,378.311,720573.763258,5313
2026-07-30 07:50:00,1904.51,1906.21,1903.42,1904.15,447.8401,852970.220688,7013
2026-07-30 07:55:00,1904.15,1904.24,1902.97,1903.25,447.4824,851770.273792,5122
2026-07-30 08:00:00,1903.26,1903.73,1900.51,1902.38,553.8479,1053578.997504,8594
2026-07-30 08:05:00,1902.39,1905.18,1901.37,1903.83,520.6595,991021.482786,8141
2026-07-30 08:10:00,1903.84,1907.02,1903.77,1904.76,651.2412,1240935.422345,10982
2026-07-30 08:15:00,1904.76,1906.71,1903.59,1904.79,667.9337,1272443.596883,13719
2026-07-30 08:20:00,1904.78,1910.0,1904.75,1909.73,599.3584,1143359.256559,12175
2026-07-30 08:25:00,1909.73,1917.95,1909.34,1914.37,1691.7314,3237149.755541,18616
2026-07-30 08:30:00,1914.37,1916.82,1913.85,1914.72,952.2175,1823621.014939,9896
2026-07-30 08:35:00,1914.72,1915.92,1913.36,1913.36,853.3403,1633690.621868,9206
2026-07-30 08:40:00,1913.37,1916.31,1912.99,1915.95,776.6911,1487040.263914,7709
2026-07-30 08:45:00,1915.94,1916.54,1914.95,1915.65,538.9318,1032570.812424,8550
2026-07-30 08:50:00,1915.65,1916.4,1914.26,1914.5,612.3556,1172778.020031,6833
2026-07-30 08:55:00,1914.5,1915.14,1913.98,1914.99,650.1625,1244820.030088,6643
2026-07-30 09:00:00,1914.99,1916.45,1914.34,1916.26,727.0095,1392257.024765,7723
2026-07-30 09:05:00,1916.27,1916.27,1914.8,1915.98,626.6577,1200494.937359,7084
2026-07-30 09:10:00,1915.98,1918.4,1914.06,1918.05,1163.6986,2230417.866464,10571
2026-07-30 09:15:00,1918.05,1918.67,1916.76,1917.01,642.7234,1232504.737755,10297
2026-07-30 09:20:00,1917.01,1919.56,1916.83,1919.4,792.2823,1519925.270409,8848
2026-07-30 09:25:00,1919.4,1920.56,1918.13,1920.3,822.6731,1579202.757237,10639
2026-07-30 09:30:00,1920.3,1924.25,1919.19,1922.57,1610.525,3094892.184936,12181
2026-07-30 09:35:00,1922.57,1923.59,1920.25,1920.25,653.5028,1255588.022372,9198
2026-07-30 09:40:00,1920.25,1921.38,1917.98,1918.82,731.3486,1403465.477295,8986
2026-07-30 09:45:00,1918.81,1920.64,1918.07,1920.01,747.4645,1434746.949123,8587
2026-07-30 09:50:00,1920.01,1920.44,1918.38,1918.56,641.3805,1231009.992961,8403
2026-07-30 09:55:00,1918.57,1918.65,1917.56,1918.16,797.6537,1529946.211305,6606
2026-07-30 10:00:00,1918.15,1919.9,1917.7,1919.1,572.9403,1099457.780666,6697
2026-07-30 10:05:00,1919.1,1920.52,1919.1,1919.64,367.2412,705030.495852,4122
2026-07-30 10:10:00,1919.64,1920.06,1918.25,1918.36,481.0956,923095.598727,3270
2026-07-30 10:15:00,1918.36,1920.4,1918.35,1919.36,1066.0486,2045721.319537,7445
2026-07-30 10:20:00,1919.36,1920.0,1919.25,1919.58,210.3114,403714.688057,3447
2026-07-30 10:25:00,1919.58,1920.52,1919.58,1920.24,351.4813,674912.744466,2629
2026-07-30 10:30:00,1920.25,1920.4,1919.02,1919.33,283.3401,543971.549399,4295
2026-07-30 10:35:00,1919.32,1919.74,1919.14,1919.74,312.7114,600204.970983,3213
2026-07-30 10:40:00,1919.74,1921.78,1919.65,1921.37,415.3752,797910.066682,5937
2026-07-30 10:45:00,1921.37,1921.9,1918.01,1918.27,391.7394,752161.74881,4183
2026-07-30 10:50:00,1918.27,1918.77,1916.7,1916.94,290.2408,556714.116305,3757
2026-07-30 10:55:00,1916.94,1918.44,1916.7,1918.26,256.658,492157.11833,2679
2026-07-30 11:00:00,1918.27,1918.62,1916.7,1917.5,424.832,814517.558842,4074
2026-07-30 11:05:00,1917.51,1919.74,1917.06,1919.74,236.8372,454292.525136,3608
2026-07-30 11:10:00,1919.73,1920.0,1918.84,1919.35,272.7871,523602.444464,4094
2026-07-30 11:15:00,1919.36,1921.33,1919.34,1920.14,368.439,707635.161399,4200
2026-07-30 11:20:00,1920.13,1920.13,1918.4,1920.05,259.0304,497106.849827,2801
2026-07-30 11:25:00,1920.04,1920.56,1919.9,1920.49,220.1614,422773.679393,2705
2026-07-30 11:30:00,1920.5,1920.62,1919.11,1919.2,201.2949,386459.272476,2978
2026-07-30 11:35:00,1919.2,1924.0,1918.98,1921.58,799.8396,1537382.687027,7019
2026-07-30 11:40:00,1921.57,1922.64,1920.6,1921.29,304.5316,585109.760737,3176
2026-07-30 11:45:00,1921.29,1921.88,1920.92,1921.57,243.3806,467616.679363,2358
2026-07-30 11:50:00,1921.58,1926.0,1921.58,1925.63,1146.2399,2205898.128988,10163
2026-07-30 11:55:00,1925.63,1926.44,1922.81,1923.22,369.2829,710612.4535,3413
2026-07-30 12:00:00,1923.25,1926.55,1922.19,1924.84,690.7387,1328960.356147,5592
2026-07-30 12:05:00,1924.85,1925.5,1923.56,1925.18,373.5234,718970.136935,4640
2026-07-30 12:10:00,1925.18,1928.0,1924.67,1926.51,1341.5542,2584452.637222,5655
2026-07-30 12:15:00,1926.52,1926.96,1922.33,1922.34,428.7716,825015.163915,4222
2026-07-30 12:20:00,1922.34,1923.02,1919.79,1922.8,467.9569,899038.985687,5752
2026-07-30 12:25:00,1922.79,1923.56,1921.35,1922.4,375.2756,721437.801621,2766
2026-07-30 12:30:00,1922.39,1925.6,1919.84,1922.1,682.3663,1312038.535353,7939
2026-07-30 12:35:00,1922.1,1922.79,1920.92,1921.61,441.9775,849418.544706,7334
2026-07-30 12:40:00,1921.6,1922.18,1920.15,1920.61,413.1852,793778.082256,6508
2026-07-30 12:45:00,1920.62,1923.31,1920.62,1922.55,368.0725,707472.876768,8194
2026-07-30 12:50:00,1922.55,1926.43,1922.37,1925.81,833.6037,1604663.599986,8112
2026-07-30 12:55:00,1925.82,1926.27,1924.78,1925.23,484.9002,933695.352663,5518
2026-07-30 13:00:00,1925.24,1928.16,1924.88,1925.86,702.0522,1352247.162751,13867
2026-07-30 13:05:00,1925.85,1928.46,1925.85,1926.11,417.7117,804965.004894,10435
2026-07-30 13:10:00,1926.11,1926.59,1924.15,1925.65,407.2045,783978.736352,5077
2026-07-30 13:15:00,1925.66,1925.66,1923.87,1923.87,257.5696,495741.607271,4240
2026-07-30 13:20:00,1923.88,1926.57,1922.87,1926.47,379.1286,729600.411071,4515
2026-07-30 13:25:00,1926.47,1927.52,1924.96,1925.17,410.7735,791261.777218,7247
2026-07-30 13:30:00,1925.16,1925.63,1920.0,1920.52,1317.699,2534123.871533,20962
2026-07-30 13:35:00,1920.51,1920.51,1917.42,1918.9,1177.5372,2259509.791516,21389
2026-07-30 13:40:00,1918.9,1931.41,1917.15,1930.42,1864.7689,3592554.207659,22872
2026-07-30 13:45:00,1930.42,1936.99,1929.95,1935.04,2387.9606,4616697.809246,36221
2026-07-30 13:50:00,1935.05,1936.98,1929.25,1930.73,1960.9408,3791610.717162,25827
2026-07-30 13:55:00,1930.73,1932.28,1929.65,1929.86,953.3838,1840455.890588,11862
2026-07-30 14:00:00,1929.86,1930.2,1924.63,1925.41,1567.4471,3021602.750262,12229
2026-07-30 14:05:00,1925.4,1925.6,1918.65,1920.77,2744.778,5273271.636487,15848
2026-07-30 14:10:00,1920.76,1921.65,1918.02,1918.64,1109.3763,2129809.92558,16628
2026-07-30 14:15:00,1918.65,1920.86,1914.24,1915.25,2027.5103,3887837.085822,19602
2026-07-30 14:20:00,1915.26,1921.4,1913.49,1920.69,1568.065,3007053.743528,11284
2026-07-30 14:25:00,1920.69,1925.15,1919.63,1921.08,1838.9792,3536164.435511,10225
2026-07-30 14:30:00,1921.07,1924.84,1919.87,1920.73,1158.3966,2226864.662973,9992
2026-07-30 14:35:00,1920.73,1921.51,1918.43,1920.41,562.1334,1079187.720497,7288
2026-07-30 14:40:00,1920.41,1921.37,1920.2,1920.57,538.0959,1033615.012638,5229
2026-07-30 14:45:00,1920.57,1921.54,1918.74,1921.39,714.2979,1371603.449746,9044
2026-07-30 14:50:00,1921.38,1921.65,1918.01,1918.01,643.1111,1234868.670174,8615
2026-07-30 14:55:00,1918.0,1918.18,1914.71,1917.4,1045.2226,2003145.159647,8430
2026-07-30 15:00:00,1917.41,1919.79,1914.67,1918.9,945.7796,1813194.971612,8850
2026-07-30 15:05:00,1918.89,1921.04,1917.62,1921.03,581.1329,1115305.862858,8009
2026-07-30 15:10:00,1921.04,1921.2,1915.99,1916.92,672.8729,1290062.94898,6931
2026-07-30 15:15:00,1916.92,1919.99,1915.84,1919.78,603.6482,1157714.779098,9315
2026-07-30 15:20:00,1919.78,1924.16,1919.78,1920.17,655.5829,1259880.81069,12952
2026-07-30 15:25:00,1920.17,1920.91,1915.96,1917.04,719.1835,1379107.18212,9946
2026-07-30 15:30:00,1917.03,1917.95,1914.7,1917.31,634.4792,1215661.928382,7271
2026-07-30 15:35:00,1917.32,1919.57,1916.16,1917.72,493.4409,946433.866743,6663
2026-07-30 15:40:00,1917.71,1919.67,1917.0,1918.89,326.4163,626261.140615,4063
2026-07-30 15:45:00,1918.89,1920.57,1917.85,1919.35,503.967,967242.838636,4943
2026-07-30 15:50:00,1919.36,1919.36,1916.67,1918.83,729.955,1399863.832115,6161
2026-07-30 15:55:00,1918.84,1919.62,1918.1,1918.9,275.2132,528081.523501,3831
2026-07-30 16:00:00,1918.9,1923.08,1918.85,1922.55,710.5823,1365041.15387,6769
2026-07-30 16:05:00,1922.55,1924.5,1921.51,1921.93,613.928,1180791.031444,7370
2026-07-30 16:10:00,1921.94,1925.98,1921.83,1923.46,619.0537,1191403.564583,5158
2026-07-30 16:15:00,1923.45,1925.0,1922.68,1923.39,417.3943,803045.757899,5219
2026-07-30 16:20:00,1923.39,1923.39,1920.54,1921.57,444.411,854115.761242,6180
2026-07-30 16:25:00,1921.58,1923.69,1921.42,1922.75,300.1978,577144.959171,3839
2026-07-30 16:30:00,1922.76,1923.27,1921.12,1922.01,479.4412,921620.646207,5590
2026-07-30 16:35:00,1922.0,1922.88,1920.67,1920.69,506.5635,973343.348761,5307
2026-07-30 16:40:00,1920.68,1920.68,1915.98,1915.98,519.2571,995774.312563,6357
2026-07-30 16:45:00,1915.97,1918.79,1915.97,1918.79,355.4389,681545.796566,3697
2026-07-30 16:50:00,1918.8,1919.65,1917.76,1918.87,266.2481,510838.093489,4014
2026-07-30 16:55:00,1918.88,1919.74,1918.88,1919.38,316.3383,607164.727149,3700
2026-07-30 17:00:00,1919.37,1920.77,1919.22,1919.92,406.2563,779934.518175,4086
2026-07-30 17:05:00,1919.92,1920.33,1917.73,1918.17,341.0256,654355.864927,4330
2026-07-30 17:10:00,1918.17,1919.44,1916.28,1917.5,449.3306,861512.591516,5877
2026-07-30 17:15:00,1917.5,1920.87,1916.84,1920.86,395.8642,759390.086673,7294
2026-07-30 17:20:00,1920.87,1923.0,1920.76,1922.19,714.5136,1373194.086976,9965
2026-07-30 17:25:00,1922.18,1922.55,1921.03,1922.15,316.9046,609059.935835,4521
2026-07-30 17:30:00,1922.15,1922.9,1920.08,1920.34,1316.7339,2530803.974564,6335
2026-07-30 17:35:00,1920.35,1922.66,1918.85,1920.02,459.0522,881813.395622,9152
2026-07-30 17:40:00,1920.03,1925.4,1920.03,1923.51,881.298,1695244.911191,8949
2026-07-30 17:45:00,1923.51,1924.91,1922.99,1923.01,593.9009,1142610.349503,6700
2026-07-30 17:50:00,1923.0,1923.55,1920.99,1920.99,263.8601,507229.857767,5198
2026-07-30 17:55:00,1920.99,1921.37,1920.4,1920.88,142.7298,274168.255179,3052
2026-07-30 18:00:00,1920.88,1922.02,1920.87,1921.13,374.195,718920.106872,5095
2026-07-30 18:05:00,1921.12,1922.73,1920.4,1920.72,350.3009,673081.449359,5361
2026-07-30 18:10:00,1920.71,1920.74,1919.8,1920.29,288.7391,554438.759368,3038
2026-07-30 18:15:00,1920.29,1920.3,1918.23,1918.94,483.9042,928578.196878,4604
2026-07-30 18:20:00,1918.94,1920.05,1918.6,1919.92,202.8819,389435.893642,2814
2026-07-30 18:25:00,1919.92,1920.62,1919.5,1920.32,248.9631,478066.881907,1831
2026-07-30 18:30:00,1920.31,1920.8,1919.02,1919.02,235.9645,453065.888571,2792
2026-07-30 18:35:00,1919.02,1919.63,1917.4,1917.83,292.7207,561564.45961,4441
2026-07-30 18:40:00,1917.83,1918.65,1917.79,1918.56,343.5716,659069.648293,2494
2026-07-30 18:45:00,1918.56,1918.86,1917.5,1917.5,215.4357,413300.206621,1718
2026-07-30 18:50:00,1917.5,1917.98,1915.27,1915.28,496.6323,951974.997806,2417
2026-07-30 18:55:00,1915.28,1916.66,1914.81,1916.29,421.8733,808246.258564,2691
2026-07-30 19:00:00,1916.3,1919.81,1916.0,1919.8,523.1129,1003481.795813,3211
2026-07-30 19:05:00,1919.8,1921.7,1919.17,1921.5,327.1621,628262.248248,3331
2026-07-30 19:10:00,1921.51,1922.89,1921.5,1921.97,397.6214,764392.912833,2088
2026-07-30 19:15:00,1921.98,1923.78,1920.92,1923.28,284.8819,547694.028726,3207
2026-07-30 19:20:00,1923.28,1926.16,1923.27,1925.15,703.1515,1353427.581708,5153
2026-07-30 19:25:00,1925.14,1929.34,1924.72,1926.49,966.7418,1863696.723847,7104
2026-07-30 19:30:00,1926.49,1927.48,1924.66,1926.41,645.8851,1244036.149285,4932
2026-07-30 19:35:00,1926.4,1927.18,1924.53,1925.84,266.0174,512315.380966,2927
2026-07-30 19:40:00,1925.84,1925.85,1924.32,1925.65,310.7703,598279.349257,2731
2026-07-30 19:45:00,1925.65,1926.01,1922.98,1923.65,863.4163,1661976.247112,3174
2026-07-30 19:50:00,1923.64,1925.53,1923.12,1924.4,351.064,675610.330262,5003
2026-07-30 19:55:00,1924.39,1924.98,1923.38,1923.68,660.6306,1271176.106448,6949
2026-07-30 20:00:00,1923.69,1927.4,1922.52,1925.71,1261.4483,2428481.639285,11229
2026-07-30 20:05:00,1925.7,1925.71,1922.73,1922.89,325.4356,626175.757971,4390
2026-07-30 20:10:00,1922.89,1923.0,1921.03,1922.01,286.7977,551264.487917,3751
2026-07-30 20:15:00,1922.0,1923.16,1920.73,1922.71,262.9608,505397.880599,3365
2026-07-30 20:20:00,1922.7,1924.96,1922.7,1924.53,139.0977,267593.578484,2918
2026-07-30 20:25:00,1924.52,1924.53,1922.28,1922.35,133.4787,256750.763979,1957
2026-07-30 20:30:00,1922.35,1923.57,1920.0,1922.22,495.1434,951542.825586,5688
2026-07-30 20:35:00,1922.22,1922.79,1921.26,1922.67,213.4789,410329.746745,2261
2026-07-30 20:40:00,1922.66,1925.6,1922.49,1923.89,235.1123,452322.023186,3373
2026-07-30 20:45:00,1923.89,1925.2,1922.65,1924.03,209.6268,403349.258406,2918
2026-07-30 20:50:00,1924.03,1924.06,1922.89,1923.35,188.0027,361651.206799,1656
2026-07-30 20:55:00,1923.36,1923.48,1921.41,1921.68,327.4023,629279.586863,1844
2026-07-30 21:00:00,1921.69,1923.02,1921.42,1922.19,214.1246,411669.843909,1636
2026-07-30 21:05:00,1922.19,1923.35,1921.54,1923.3,152.8235,293777.995507,2046
2026-07-30 21:10:00,1923.3,1923.3,1921.96,1923.0,135.3302,260220.192749,1358
2026-07-30 21:15:00,1923.0,1923.55,1922.25,1923.54,132.2293,254274.276101,1199
2026-07-30 21:20:00,1923.55,1924.56,1922.69,1922.92,270.4064,520176.624162,2159
2026-07-30 21:25:00,1922.92,1923.5,1921.78,1922.19,267.1915,513655.42307,2011
2026-07-30 21:30:00,1922.2,1922.58,1921.17,1921.17,90.1976,173367.680146,1003
2026-07-30 21:35:00,1921.17,1922.63,1921.07,1922.63,227.3883,436963.679827,1991
2026-07-30 21:40:00,1922.63,1923.19,1920.56,1921.74,282.2703,542634.806008,2799
2026-07-30 21:45:00,1921.75,1922.13,1919.73,1919.76,293.0796,563043.076677,5248
2026-07-30 21:50:00,1919.75,1919.99,1918.21,1918.26,340.3349,653133.700147,3611
2026-07-30 21:55:00,1918.26,1919.7,1917.23,1918.67,549.6017,1054325.353093,3651
2026-07-30 22:00:00,1918.66,1924.09,1916.0,1922.8,811.6196,1558069.62837,8883
2026-07-30 22:05:00,1922.81,1927.49,1922.59,1927.13,670.6951,1291492.877205,6656
2026-07-30 22:10:00,1927.13,1928.2,1924.38,1925.66,392.1221,755464.360673,4539
2026-07-30 22:15:00,1925.67,1926.89,1924.95,1925.53,204.1008,393109.832239,2134
2026-07-30 22:20:00,1925.54,1928.5,1924.91,1927.85,523.0117,1007745.307909,4718
2026-07-30 22:25:00,1927.84,1932.91,1927.68,1931.98,1180.7849,2279408.306965,11226
2026-07-30 22:30:00,1931.99,1933.41,1929.31,1931.1,598.8669,1156479.513109,11058
2026-07-30 22:35:00,1931.1,1932.02,1929.26,1929.79,333.9839,644779.059844,8673
2026-07-30 22:40:00,1929.8,1930.55,1928.38,1930.13,440.0371,849005.081947,6238
2026-07-30 22:45:00,1930.13,1930.73,1927.89,1928.6,126.8297,244663.084933,4412
2026-07-30 22:50:00,1928.6,1928.89,1926.68,1927.21,390.5476,752811.873673,4179
2026-07-30 22:55:00,1927.2,1927.31,1924.73,1925.63,432.8234,833539.936583,4755
2026-07-30 23:00:00,1925.62,1926.67,1924.78,1926.66,205.5163,395774.281175,4974
2026-07-30 23:05:00,1926.66,1928.75,1926.42,1927.28,110.5092,213045.749969,4295
2026-07-30 23:10:00,1927.28,1928.92,1926.28,1928.77,122.0628,235316.103323,2962
2026-07-30 23:15:00,1928.77,1928.92,1927.36,1927.61,147.8189,285009.371583,2418
2026-07-30 23:20:00,1927.6,1928.34,1926.19,1928.33,132.2471,254867.106686,2928
2026-07-30 23:25:00,1928.33,1928.87,1926.95,1927.5,148.1624,285583.9457,1878
2026-07-30 23:30:00,1927.49,1933.62,1927.01,1932.42,631.8157,1220092.717617,6524
2026-07-30 23:35:00,1932.42,1936.79,1932.41,1934.63,1328.0839,2570037.129974,9219
2026-07-30 23:40:00,1934.64,1935.15,1922.11,1924.71,2718.7029,5238271.252728,13887
2026-07-30 23:45:00,1924.71,1926.58,1922.89,1926.58,646.3937,1244279.421497,6870
2026-07-30 23:50:00,1926.57,1926.57,1918.07,1920.54,1769.0527,3397957.67962,16297
2026-07-30 23:55:00,1920.54,1921.1,1918.28,1918.31,755.3267,1449868.295753,7798
2026-07-31 00:00:00,1918.32,1921.94,1918.32,1920.88,534.2565,1025914.11568,10801
2026-07-31 00:05:00,1920.87,1922.09,1918.01,1918.73,495.9356,952187.45819,7777
2026-07-31 00:10:00,1918.73,1919.85,1917.06,1919.49,749.0975,1436987.075612,4010
2026-07-31 00:15:00,1919.49,1919.97,1916.68,1917.44,791.3959,1517871.011699,3497
2026-07-31 00:20:00,1917.43,1919.04,1916.68,1917.41,433.4786,831435.541537,3609
2026-07-31 00:25:00,1917.42,1918.13,1916.2,1917.84,390.0705,747873.347371,3177
2026-07-31 00:30:00,1917.84,1919.68,1915.64,1917.43,467.6643,896712.331685,5569
2026-07-31 00:35:00,1917.42,1918.36,1916.56,1917.05,421.0178,807295.67312,7840
2026-07-31 00:40:00,1917.04,1917.8,1916.3,1917.8,162.22,310973.723072,3876
2026-07-31 00:45:00,1917.8,1918.84,1915.57,1917.6,1954.821,3748517.057382,7890
2026-07-31 00:50:00,1917.59,1917.82,1915.48,1915.61,212.5879,407412.315255,5480
2026-07-31 00:55:00,1915.61,1917.23,1915.02,1917.15,952.7753,1825370.237288,4805
2026-07-31 01:00:00,1917.15,1925.49,1917.15,1924.8,3231.0753,6211492.297956,15491
2026-07-31 01:05:00,1924.8,1936.15,1924.65,1935.72,2216.7954,4281834.842996,24093
2026-07-31 01:10:00,1935.71,1935.72,1930.31,1930.98,1356.6408,2622357.307592,26665
2026-07-31 01:15:00,1930.98,1931.06,1926.11,1927.61,862.7631,1663523.585155,14466
2026-07-31 01:20:00,1927.61,1929.13,1925.22,1928.86,479.9102,924937.127172,8347
2026-07-31 01:25:00,1928.85,1932.99,1928.77,1929.71,549.2542,1060441.980766,7203
2026-07-31 01:30:00,1929.7,1930.2,1925.22,1925.57,937.2778,1807053.649469,6980
2026-07-31 01:35:00,1925.58,1926.03,1920.22,1921.56,887.641,1706477.31933,14972
2026-07-31 01:40:00,1921.56,1922.29,1919.09,1919.38,554.9671,1065903.700232,6471
2026-07-31 01:45:00,1919.38,1920.53,1908.6,1910.66,3124.3097,5975301.318626,24888
2026-07-31 01:50:00,1910.68,1912.67,1906.79,1909.8,1073.3292,2049593.484622,14144
2026-07-31 01:55:00,1909.8,1911.93,1907.61,1910.36,808.2241,1543453.117274,8001
2026-07-31 02:00:00,1910.35,1911.22,1906.5,1907.39,723.4037,1380716.342458,10551
2026-07-31 02:05:00,1907.38,1912.0,1907.05,1912.0,295.325,564211.069863,4963
2026-07-31 02:10:00,1912.0,1912.0,1908.73,1908.73,368.9946,705018.179346,5505
2026-07-31 02:15:00,1908.73,1908.73,1904.1,1905.47,1031.1419,1965155.795525,10417
2026-07-31 02:20:00,1905.47,1906.73,1904.32,1904.68,518.1351,987109.076112,5239
2026-07-31 02:25:00,1904.69,1906.6,1904.04,1904.49,554.403,1056190.727073,7238
2026-07-31 02:30:00,1904.49,1907.1,1903.08,1906.14,693.5269,1321215.772534,9146
2026-07-31 02:35:00,1906.14,1906.69,1902.67,1903.6,675.2072,1285677.464774,7448
2026-07-31 02:40:00,1903.61,1904.01,1901.6,1902.15,543.9136,1034891.300727,5580
2026-07-31 02:45:00,1902.15,1906.44,1902.15,1904.85,447.1508,851705.767137,4984
2026-07-31 02:50:00,1904.86,1906.0,1902.59,1904.87,445.3771,848297.050489,4655
2026-07-31 02:55:00,1904.86,1904.86,1902.59,1904.15,427.1143,813115.337586,3502
2026-07-31 03:00:00,1904.15,1904.26,1902.0,1903.26,361.8065,688550.506667,4279
2026-07-31 03:05:00,1903.26,1903.26,1901.6,1902.7,454.5372,864686.109513,3339
2026-07-31 03:10:00,1902.71,1903.19,1899.09,1901.86,1396.1984,2653955.441574,7210
2026-07-31 03:15:00,1901.87,1907.03,1900.96,1906.81,1120.8906,2134097.943744,6239
2026-07-31 03:20:00,1906.8,1909.27,1906.37,1908.76,1260.0379,2404258.676103,7453
2026-07-31 03:25:00,1908.76,1909.99,1907.71,1908.02,328.9539,627944.352143,3957
2026-07-31 03:30:00,1908.01,1909.5,1906.83,1906.99,191.0054,364416.669591,3971
2026-07-31 03:35:00,1906.99,1907.83,1905.61,1906.09,155.7481,296969.121476,3556
2026-07-31 03:40:00,1906.1,1908.65,1905.73,1908.05,654.139,1247636.545426,4352
2026-07-31 03:45:00,1908.05,1909.45,1906.79,1907.61,956.9703,1825863.170209,5031
2026-07-31 03:50:00,1907.6,1911.6,1907.45,1911.1,1218.1846,2326265.374642,4993
2026-07-31 03:55:00,1911.09,1911.1,1908.75,1908.9,487.4107,930969.3449,3026
2026-07-31 04:00:00,1908.9,1909.09,1907.65,1908.88,311.3453,594137.249445,3619
2026-07-31 04:05:00,1908.87,1909.49,1906.07,1907.49,365.1762,696641.29606,3689
2026-07-31 04:10:00,1907.49,1907.49,1905.0,1905.28,278.4056,530600.00191,2429
2026-07-31 04:15:00,1905.28,1905.9,1903.44,1904.99,443.1023,843962.460469,3645
2026-07-31 04:20:00,1905.0,1905.1,1903.24,1903.49,220.9398,420702.517546,3840
2026-07-31 04:25:00,1903.49,1906.53,1903.49,1906.15,250.2574,476806.460221,3706
2026-07-31 04:30:00,1906.15,1907.04,1905.31,1906.39,426.9679,813939.220435,5643
2026-07-31 04:35:00,1906.39,1906.86,1905.13,1905.78,125.5459,239268.269007,2984
2026-07-31 04:40:00,1905.78,1906.02,1904.47,1905.68,103.2748,196772.576209,2318
2026-07-31 04:45:00,1905.69,1906.91,1905.45,1905.66,495.4443,944414.084646,3449
2026-07-31 04:50:00,1905.66,1906.16,1905.5,1905.84,350.2797,667559.958821,2044
2026-07-31 04:55:00,1905.84,1906.24,1905.26,1905.96,191.304,364558.902096,1985
2026-07-31 05:00:00,1905.97,1908.75,1905.96,1908.23,389.7312,743341.152987,4960
2026-07-31 05:05:00,1908.23,1908.75,1907.27,1907.75,255.5666,487587.515488,5150
2026-07-31 05:10:00,1907.76,1908.61,1907.58,1908.53,361.1052,688986.102443,2262
2026-07-31 05:15:00,1908.53,1908.75,1907.64,1907.64,276.9614,528492.128821,2491
2026-07-31 05:20:00,1907.64,1909.1,1906.56,1907.41,318.8905,608259.359414,5623
2026-07-31 05:25:00,1907.42,1907.42,1904.61,1904.82,415.6127,792048.109239,4257
2026-07-31 05:30:00,1904.82,1906.07,1904.21,1904.23,213.3477,406462.358268,4976
2026-07-31 05:35:00,1904.23,1904.23,1902.17,1902.88,406.5701,773742.445849,6555
2026-07-31 05:40:00,1902.87,1903.25,1901.65,1901.65,367.8927,699811.891889,4188
2026-07-31 05:45:00,1901.65,1903.28,1901.49,1902.52,378.885,720880.315053,3775
2026-07-31 05:50:00,1902.52,1904.96,1902.51,1904.69,233.929,445328.903228,4152
2026-07-31 05:55:00,1904.69,1906.26,1904.39,1906.13,212.4713,404852.829113,2173
2026-07-31 06:00:00,1906.14,1906.14,1904.77,1905.6,277.6496,529028.998518,3099
2026-07-31 06:05:00,1905.61,1907.78,1905.6,1907.78,218.5889,416779.83402,2750
2026-07-31 06:10:00,1907.77,1907.99,1907.07,1907.3,123.1388,234882.422594,1487
2026-07-31 06:15:00,1907.3,1907.3,1906.21,1906.62,237.7066,453199.503509,1877
2026-07-31 06:20:00,1906.62,1906.84,1905.51,1906.58,301.4184,574660.259771,1754
2026-07-31 06:25:00,1906.57,1911.16,1906.57,1910.86,556.904,1062863.69394,3656
2026-07-31 06:30:00,1910.86,1911.15,1906.82,1907.28,570.6462,1089343.729449,4372
2026-07-31 06:35:00,1907.27,1907.27,1903.84,1904.33,491.1575,935808.035375,5750
2026-07-31 06:40:00,1904.33,1904.6,1901.17,1902.18,423.3437,805492.147418,6717
2026-07-31 06:45:00,1902.18,1903.76,1900.3,1903.76,491.4902,934565.138029,8423
2026-07-31 06:50:00,1903.77,1904.75,1902.78,1903.65,445.5853,848392.343028,5610
2026-07-31 06:55:00,1903.65,1904.18,1902.61,1902.61,206.8053,393684.382416,4008
2026-07-31 07:00:00,1902.6,1902.78,1896.67,1896.69,1273.1423,2417748.699429,14913
2026-07-31 07:05:00,1896.69,1896.76,1890.1,1894.61,2444.0157,4628775.469542,21405
2026-07-31 07:10:00,1894.61,1895.05,1891.18,1892.06,977.1855,1849820.818024,12653
2026-07-31 07:15:00,1892.06,1892.16,1888.6,1891.36,1163.3233,2199064.728568,16778
2026-07-31 07:20:00,1891.37,1891.52,1886.98,1886.98,1187.6438,2242693.062109,10337
2026-07-31 07:25:00,1886.99,1887.58,1885.08,1885.09,1167.7999,2203457.029584,8198
2026-07-31 07:30:00,1885.09,1889.03,1884.53,1886.61,2655.5146,5011628.262074,18155
2026-07-31 07:35:00,1886.62,1888.96,1885.95,1888.95,1738.1246,3280072.693891,14365
2026-07-31 07:40:00,1888.96,1888.96,1886.19,1887.68,856.7449,1617459.814965,8334
2026-07-31 07:45:00,1887.68,1889.78,1887.67,1889.59,824.2707,1556888.122554,4760
2026-07-31 07:50:00,1889.59,1892.44,1889.34,1890.77,1414.0251,2673311.660112,5314
2026-07-31 07:55:00,1890.78,1891.04,1890.14,1890.2,1129.721,2135851.055319,3864
2026-07-31 08:00:00,1890.2,1893.08,1889.37,1892.13,1377.2964,2604731.781412,6304
2026-07-31 08:05:00,1892.12,1893.02,1888.22,1889.01,1088.7949,2059119.278834,4869
2026-07-31 08:10:00,1889.02,1892.54,1889.01,1891.83,748.3836,1415404.895937,4794
2026-07-31 08:15:00,1891.83,1892.98,1889.56,1889.86,776.176,1467555.475233,5070
2026-07-31 08:20:00,1889.87,1890.4,1888.54,1889.23,1227.3037,2318805.073892,4191
2026-07-31 08:25:00,1889.24,1893.33,1889.24,1892.12,676.0905,1279197.464021,5412
2026-07-31 08:30:00,1892.12,1892.8,1890.46,1892.55,700.8917,1325787.095513,4887
2026-07-31 08:35:00,1892.56,1892.56,1889.37,1889.39,526.4927,995622.423558,3745
2026-07-31 08:40:00,1889.39,1890.61,1889.01,1889.72,735.75,1390175.871503,3975
2026-07-31 08:45:00,1889.73,1891.9,1889.73,1891.28,411.3784,778004.252077,3667
2026-07-31 08:50:00,1891.28,1891.63,1889.3,1889.32,352.7849,666942.642257,2889
2026-07-31 08:55:00,1889.33,1891.0,1889.33,1890.45,542.418,1025296.728448,3512
2026-07-31 09:00:00,1890.45,1891.26,1890.07,1890.51,361.1075,682706.184819,3344
2026-07-31 09:05:00,1890.51,1890.65,1889.05,1889.38,874.5826,1652647.151296,3981
2026-07-31 09:10:00,1889.39,1890.46,1889.01,1890.09,449.5278,849579.356557,2647
2026-07-31 09:15:00,1890.1,1890.1,1885.92,1885.92,3912.9622,7390990.079909,5686
2026-07-31 09:20:00,1885.93,1886.74,1883.26,1885.2,986.3426,1859112.403667,7306
2026-07-31 09:25:00,1885.19,1886.22,1883.97,1884.52,513.5122,968153.842597,4937
2026-07-31 09:30:00,1884.51,1885.59,1881.42,1883.76,1447.5758,2725542.800805,13427
2026-07-31 09:35:00,1883.76,1884.89,1882.14,1883.47,474.2639,893391.356688,7281
2026-07-31 09:40:00,1883.47,1884.82,1883.17,1883.38,443.8446,836167.004157,3702
2026-07-31 09:45:00,1883.37,1884.44,1882.13,1884.34,266.9255,502666.138491,3399
2026-07-31 09:50:00,1884.34,1885.37,1883.57,1883.78,269.851,508567.101348,3552
2026-07-31 09:55:00,1883.77,1884.65,1883.0,1883.74,358.752,675704.676498,2814
2026-07-31 10:00:00,1883.73,1884.77,1881.46,1882.12,425.5339,801160.812327,6145
2026-07-31 10:05:00,1882.12,1882.78,1877.93,1882.76,2095.1088,3938565.359502,16207
2026-07-31 10:10:00,1882.76,1884.14,1881.66,1883.5,505.5254,951876.723151,5298
2026-07-31 10:15:00,1883.5,1884.37,1882.63,1884.33,329.8097,621208.421665,4111
2026-07-31 10:20:00,1884.33,1887.17,1884.32,1886.23,329.2407,620970.867385,4386
2026-07-31 10:25:00,1886.24,1887.83,1886.23,1886.94,420.9047,794296.12597,3753
2026-07-31 10:30:00,1886.93,1888.0,1886.36,1887.81,274.4623,518004.196857,4913
2026-07-31 10:35:00,1887.8,1888.06,1887.0,1887.53,393.0562,741941.980511,4555
2026-07-31 10:40:00,1887.53,1889.61,1887.52,1889.44,515.0922,972988.918561,2571
2026-07-31 10:45:00,1889.45,1890.16,1886.22,1886.45,617.2058,1165210.701126,5309
2026-07-31 10:50:00,1886.46,1889.53,1885.9,1889.28,589.173,1111817.16328,5539
2026-07-31 10:55:00,1889.28,1889.72,1887.0,1887.12,465.0172,878130.174189,2682
2026-07-31 11:00:00,1887.12,1889.61,1886.6,1889.48,733.8722,1385881.838856,4135
2026-07-31 11:05:00,1889.48,1889.83,1886.58,1886.8,827.5467,1562195.09609,3704
2026-07-31 11:10:00,1886.8,1887.22,1884.42,1885.41,2965.3087,5591074.456133,6670
2026-07-31 11:15:00,1885.41,1886.5,1882.49,1885.76,2029.7288,3825571.097305,7788
2026-07-31 11:20:00,1885.77,1887.04,1885.61,1886.96,327.3027,617428.94906,3153
2026-07-31 11:25:00,1886.96,1887.3,1884.22,1884.46,571.8592,1078561.67374,3682
2026-07-31 11:30:00,1884.46,1885.01,1883.37,1883.37,363.9279,685733.732074,3130
2026-07-31 11:35:00,1883.38,1884.63,1882.6,1883.25,318.1964,599374.874265,2454
2026-07-31 11:40:00,1883.24,1884.15,1883.17,1883.61,253.5117,477546.949674,2329
2026-07-31 11:45:00,1883.6,1884.24,1882.96,1883.2,236.295,445115.644738,3028
2026-07-31 11:50:00,1883.2,1885.16,1883.16,1884.64,232.552,438158.473769,2790
2026-07-31 11:55:00,1884.64,1884.64,1883.51,1884.26,260.3123,490412.067153,1874
2026-07-31 12:00:00,1884.27,1884.82,1881.18,1881.44,942.1887,1773966.066423,5571
2026-07-31 12:05:00,1881.45,1881.84,1879.23,1880.07,800.8821,1505765.798969,5749
2026-07-31 12:10:00,1880.07,1880.07,1875.0,1876.81,3767.2047,7072498.181907,10351
2026-07-31 12:15:00,1876.8,1878.35,1875.46,1877.05,769.1897,1443701.194996,6471
2026-07-31 12:20:00,1877.05,1879.51,1876.87,1878.04,1303.6196,2448328.677916,5350
2026-07-31 12:25:00,1878.05,1879.79,1878.04,1879.0,393.0245,738492.489612,3634
2026-07-31 12:30:00,1879.0,1879.0,1873.61,1875.43,1492.8386,2800229.630915,8339
2026-07-31 12:35:00,1875.44,1877.3,1874.11,1876.33,643.9682,1208001.907713,5628
2026-07-31 12:40:00,1876.33,1878.37,1876.02,1877.65,386.1433,725050.869209,5046
2026-07-31 12:45:00,1877.64,1880.3,1877.24,1878.5,616.878,1159056.087843,4498
2026-07-31 12:50:00,1878.5,1881.36,1877.63,1881.35,399.6481,751233.288055,4113
2026-07-31 12:55:00,1881.35,1883.66,1881.35,1882.92,479.384,902449.212657,4439
2026-07-31 13:00:00,1882.93,1885.71,1882.61,1885.28,530.7797,1000010.991839,5481
2026-07-31 13:05:00,1885.28,1885.94,1884.05,1884.19,334.4934,630518.287713,3666
2026-07-31 13:10:00,1884.2,1886.05,1883.69,1886.04,484.5813,913299.765033,4133
2026-07-31 13:15:00,1886.05,1889.69,1886.05,1889.38,1259.5232,2378237.070265,5546
2026-07-31 13:20:00,1889.37,1890.61,1887.56,1888.84,1033.1102,1951653.03722,7230
2026-07-31 13:25:00,1888.84,1889.9,1888.21,1889.19,619.2583,1169736.230569,4913
2026-07-31 13:30:00,1889.2,1889.2,1880.69,1886.49,2152.6673,4055811.693947,22332
2026-07-31 13:35:00,1886.47,1887.16,1879.3,1880.85,1126.4193,2120654.140432,13460
2026-07-31 13:40:00,1880.84,1881.43,1876.14,1876.38,1436.0364,2696879.937993,21075
2026-07-31 13:45:00,1876.39,1878.71,1868.0,1873.18,4049.0435,7577142.854481,47760
2026-07-31 13:50:00,1873.18,1873.2,1865.0,1866.39,2998.3241,5600408.966309,31171
2026-07-31 13:55:00,1866.4,1869.85,1865.26,1867.12,1359.0634,2537652.138457,26075
2026-07-31 14:00:00,1867.13,1868.84,1861.78,1861.78,3000.8775,5598028.337322,39821
2026-07-31 14:05:00,1861.78,1861.79,1850.3,1856.06,8438.7986,15653772.280141,76880
2026-07-31 14:10:00,1856.07,1865.64,1848.7,1864.8,7016.6998,13031809.076372,55848
2026-07-31 14:15:00,1864.8,1870.18,1863.42,1868.35,3634.9516,6786056.130716,46240
2026-07-31 14:20:00,1868.35,1870.29,1863.68,1865.29,2647.555,4944950.676657,23116
2026-07-31 14:25:00,1865.29,1866.87,1858.18,1862.13,3714.5289,6915464.170933,26007
2026-07-31 14:30:00,1862.14,1867.09,1862.14,1866.56,2776.7451,5177420.096016,19791
2026-07-31 14:35:00,1866.56,1868.29,1859.93,1860.2,2945.4669,5490501.794261,18652
2026-07-31 14:40:00,1860.2,1862.64,1858.82,1860.59,2612.6193,4860919.747433,13284
2026-07-31 14:45:00,1860.6,1865.38,1859.07,1864.42,3069.8196,5716299.284141,25719
2026-07-31 14:50:00,1864.42,1865.7,1858.87,1859.07,2359.7285,4397529.159994,23078
2026-07-31 14:55:00,1859.06,1862.1,1856.0,1860.19,3374.6069,6275623.443748,21158
2026-07-31 15:00:00,1860.2,1860.91,1856.51,1860.53,2560.8631,4759929.42952,26082
2026-07-31 15:05:00,1860.52,1861.2,1858.52,1859.32,1274.9115,2370921.912229,18564
2026-07-31 15:10:00,1859.31,1859.76,1856.1,1859.17,935.2296,1737783.840606,16443
2026-07-31 15:15:00,1859.18,1862.52,1855.51,1857.88,2373.3909,4412007.564432,22403
2026-07-31 15:20:00,1857.87,1859.2,1855.29,1857.34,1116.5038,2073827.663169,18689
2026-07-31 15:25:00,1857.34,1858.01,1854.77,1857.83,1264.3025,2346927.094125,14601
2026-07-31 15:30:00,1857.83,1859.97,1856.76,1859.54,874.3524,1624620.957265,17607
2026-07-31 15:35:00,1859.54,1866.53,1859.54,1864.87,1889.7443,3522566.56734,14784
2026-07-31 15:40:00,1864.87,1866.02,1862.56,1864.98,737.9235,1375856.96227,10975
2026-07-31 15:45:00,1864.99,1865.13,1859.39,1861.77,766.8313,1427839.974029,15944
2026-07-31 15:50:00,1861.77,1864.54,1861.69,1863.79,1122.8452,2092443.620125,13552
2026-07-31 15:55:00,1863.79,1864.33,1862.84,1862.94,496.5482,925452.363672,6011
2026-07-31 16:00:00,1862.93,1864.6,1861.85,1862.92,1079.806,2012028.03285,13634
2026-07-31 16:05:00,1862.93,1865.63,1861.85,1865.17,567.8693,1058238.828465,10759
2026-07-31 16:10:00,1865.18,1866.27,1863.8,1864.69,434.408,810042.40074,9505
2026-07-31 16:15:00,1864.7,1864.84,1860.83,1864.84,754.3307,1405776.460045,11244
2026-07-31 16:20:00,1864.83,1867.32,1864.11,1866.11,580.259,1082624.731878,9371
2026-07-31 16:25:00,1866.11,1867.23,1863.0,1866.38,662.5373,1235729.093268,12028
2026-07-31 16:30:00,1866.38,1866.76,1864.08,1864.95,516.9618,964287.666174,11227
2026-07-31 16:35:00,1864.95,1864.95,1861.89,1862.7,2524.1372,4702421.202558,13754
2026-07-31 16:40:00,1862.69,1864.24,1861.38,1863.08,1688.8068,3145502.995638,9357
2026-07-31 16:45:00,1863.08,1864.98,1862.25,1863.11,1258.3888,2344935.308793,7839
2026-07-31 16:50:00,1863.12,1865.44,1863.12,1863.89,463.36,863863.23838,6374
2026-07-31 16:55:00,1863.89,1865.22,1863.76,1864.57,370.1742,690164.642183,2549
2026-07-31 17:00:00,1864.57,1868.41,1864.17,1865.93,1636.8253,3053701.534887,11116
2026-07-31 17:05:00,1865.93,1865.93,1863.26,1864.95,1486.0017,2770559.734504,8656
2026-07-31 17:10:00,1864.95,1868.98,1864.95,1867.42,359.2483,670833.364688,4969
2026-07-31 17:15:00,1867.42,1870.21,1865.8,1868.42,670.2342,1252138.605591,6060
2026-07-31 17:20:00,1868.43,1871.56,1866.87,1870.35,601.019,1123507.191276,5412
2026-07-31 17:25:00,1870.35,1871.69,1869.65,1871.53,650.0431,1216056.775544,5976
2026-07-31 17:30:00,1871.53,1874.4,1870.51,1874.13,815.6674,1527277.2551,7442
2026-07-31 17:35:00,1874.13,1875.99,1873.35,1873.36,648.9448,1216563.137879,6141
2026-07-31 17:40:00,1873.36,1873.92,1872.7,1873.57,367.7139,688810.825295,3695
2026-07-31 17:45:00,1873.57,1875.51,1873.56,1875.05,661.6729,1240572.747072,5095
2026-07-31 17:50:00,1875.05,1878.14,1875.02,1876.91,790.0762,1482753.150198,6576
2026-07-31 17:55:00,1876.91,1877.74,1875.0,1875.01,632.1946,1186080.956395,4570
2026-07-31 18:00:00,1875.01,1876.74,1874.17,1875.34,621.4973,1165385.221247,7306
2026-07-31 18:05:00,1875.33,1875.33,1872.85,1873.14,385.3981,722110.904927,5116
2026-07-31 18:10:00,1873.13,1873.59,1871.1,1871.52,315.2152,590054.972794,3980
2026-07-31 18:15:00,1871.51,1872.76,1871.0,1872.53,374.2431,700561.897487,3926
2026-07-31 18:20:00,1872.54,1873.43,1872.12,1872.46,250.0656,468304.753836,3942
2026-07-31 18:25:00,1872.47,1872.59,1869.24,1869.26,355.158,664285.253849,3464
2026-07-31 18:30:00,1869.26,1870.32,1869.17,1869.56,206.5726,386228.808903,3650
2026-07-31 18:35:00,1869.55,1870.28,1865.64,1865.64,437.2987,816831.872239,4920
2026-07-31 18:40:00,1865.64,1869.17,1864.95,1869.17,305.0806,569537.623861,3787
2026-07-31 18:45:00,1869.16,1871.08,1869.16,1870.94,266.5445,498508.257462,3575
2026-07-31 18:50:00,1870.95,1873.79,1870.67,1872.71,317.4433,594474.475372,3745
2026-07-31 18:55:00,1872.71,1872.9,1871.72,1871.83,167.1457,312936.339504,2702
2026-07-31 19:00:00,1871.82,1874.04,1870.29,1870.32,535.9069,1003403.23355,5697
2026-07-31 19:05:00,1870.33,1870.84,1869.52,1870.45,145.9401,272942.436891,2703
2026-07-31 19:10:00,1870.45,1870.76,1869.12,1870.21,225.9016,422474.921315,2724
2026-07-31 19:15:00,1870.2,1870.35,1868.86,1869.3,243.0913,454511.787754,3753
2026-07-31 19:20:00,1869.3,1870.36,1868.72,1868.77,174.3616,325942.780303,2357
2026-07-31 19:25:00,1868.77,1868.95,1868.04,1868.74,360.0424,672701.832017,2893
2026-07-31 19:30:00,1868.73,1869.09,1866.75,1867.82,423.2525,790588.624285,4820
2026-07-31 19:35:00,1867.82,1868.16,1865.82,1866.6,2248.119,4196281.47714,9553
2026-07-31 19:40:00,1866.61,1868.34,1865.38,1868.24,821.1241,1532532.230154,4953
2026-07-31 19:45:00,1868.24,1870.66,1868.23,1869.64,325.8175,609175.576822,5738
2026-07-31 19:50:00,1869.63,1869.68,1867.7,1868.74,476.7902,890845.694164,5517
2026-07-31 19:55:00,1868.75,1868.77,1867.46,1868.19,587.2625,1096968.322159,4884
2026-07-31 20:00:00,1868.19,1869.78,1867.51,1868.85,609.2432,1138417.341222,4833
2026-07-31 20:05:00,1868.85,1868.86,1867.07,1868.28,179.8541,335975.330551,2651
2026-07-31 20:10:00,1868.28,1869.18,1867.46,1869.09,369.5624,690412.103132,3486
2026-07-31 20:15:00,1869.08,1870.73,1868.35,1870.25,349.9397,654296.547848,4841
2026-07-31 20:20:00,1870.25,1870.38,1868.0,1868.0,139.4125,260629.749954,2203
2026-07-31 20:25:00,1868.01,1868.81,1868.0,1868.7,259.1835,484268.408519,2356
2026-07-31 20:30:00,1868.69,1868.7,1866.77,1867.1,362.7725,677625.542444,4358
2026-07-31 20:35:00,1867.11,1867.11,1865.07,1865.07,441.0608,823194.299321,2785
2026-07-31 20:40:00,1865.07,1866.79,1864.55,1866.78,320.2012,597329.14854,3163
2026-07-31 20:45:00,1866.79,1867.45,1863.98,1864.36,404.3471,754268.062143,3306
2026-07-31 20:50:00,1864.36,1865.18,1862.73,1864.31,973.839,1815345.849786,11560
2026-07-31 20:55:00,1864.31,1864.61,1861.6,1862.25,630.5384,1174704.872608,10154
2026-07-31 21:00:00,1862.25,1862.25,1859.64,1861.92,499.0378,928500.01284,6365
2026-07-31 21:05:00,1861.92,1863.76,1861.91,1863.72,249.1595,464118.654165,1964
2026-07-31 21:10:00,1863.71,1863.71,1861.76,1862.87,386.6908,720299.626023,2958
2026-07-31 21:15:00,1862.86,1863.31,1862.86,1863.02,137.7444,256643.412517,1320
2026-07-31 21:20:00,1863.02,1863.4,1863.02,1863.22,221.4763,412647.076001,960
2026-07-31 21:25:00,1863.22,1863.22,1862.43,1863.07,282.5479,526334.788352,2603
2026-07-31 21:30:00,1863.07,1863.28,1862.25,1862.72,282.0554,525372.294663,2513
2026-07-31 21:35:00,1862.71,1863.28,1861.8,1863.28,415.0371,773013.684454,4454
2026-07-31 21:40:00,1863.27,1863.27,1861.61,1862.66,986.175,1836423.184849,8974
2026-07-31 21:45:00,1862.67,1864.83,1862.67,1863.95,282.1632,525926.657662,5110
2026-07-31 21:50:00,1863.95,1864.02,1862.09,1862.3,319.1452,594667.270061,7158
2026-07-31 21:55:00,1862.29,1862.29,1859.69,1861.81,342.9321,638199.636664,6935
2026-07-31 22:00:00,1861.81,1861.81,1858.8,1861.52,624.58,1161938.038856,9060
2026-07-31 22:05:00,1861.52,1863.1,1860.83,1863.1,447.1277,832531.869475,3926
2026-07-31 22:10:00,1863.09,1863.22,1862.32,1862.71,227.5728,423910.976067,2603
2026-07-31 22:15:00,1862.71,1862.98,1862.64,1862.92,112.2024,209010.037543,1441
2026-07-31 22:20:00,1862.92,1864.29,1862.91,1863.73,158.947,296248.698201,1979
2026-07-31 22:25:00,1863.73,1864.06,1863.19,1863.98,682.7217,1272393.892807,2009
2026-07-31 22:30:00,1863.98,1865.56,1863.43,1864.65,1935.8532,3608567.971048,4942
2026-07-31 22:35:00,1864.65,1864.65,1862.6,1864.01,458.7873,855017.489952,4343
2026-07-31 22:40:00,1864.02,1864.9,1863.28,1863.28,684.6204,1276113.65143,4034
2026-07-31 22:45:00,1863.28,1863.72,1862.99,1863.0,170.2435,317220.273796,2668
2026-07-31 22:50:00,1862.99,1863.03,1861.05,1861.8,284.9271,530592.626366,3440
2026-07-31 22:55:00,1861.8,1862.12,1861.49,1861.49,431.3121,803009.623854,1754
2026-07-31 23:00:00,1861.49,1863.3,1861.49,1863.3,179.1966,333766.319911,2737
2026-07-31 23:05:00,1863.3,1863.76,1862.99,1863.0,892.8349,1663543.772476,1665
2026-07-31 23:10:00,1862.99,1863.58,1862.39,1862.45,292.9915,545853.942431,2441
2026-07-31 23:15:00,1862.45,1863.69,1862.19,1863.69,162.9743,303625.508109,2214
2026-07-31 23:20:00,1863.68,1864.65,1863.3,1863.5,276.7017,515764.445981,4227
2026-07-31 23:25:00,1863.5,1864.05,1863.34,1864.04,105.7384,197064.539282,1770
2026-07-31 23:30:00,1864.05,1864.77,1863.55,1864.17,111.8501,208506.931255,2447
2026-07-31 23:35:00,1864.16,1864.18,1863.34,1863.92,116.3118,216796.614062,2097
2026-07-31 23:40:00,1863.91,1864.12,1863.27,1863.61,114.095,212625.402567,2092
2026-07-31 23:45:00,1863.61,1863.74,1862.19,1862.19,225.3369,419789.973609,3389
2026-07-31 23:50:00,1862.2,1863.28,1860.95,1861.76,365.4604,680616.99855,5815
2026-07-31 23:55:00,1861.76,1862.89,1861.75,1862.6,94.625,176224.49048,1922
2026-08-01 00:00:00,1862.6,1865.45,1862.38,1864.97,497.2113,926574.81204,7180
2026-08-01 00:05:00,1864.97,1865.3,1863.22,1864.3,1308.4959,2439359.193315,4661
2026-08-01 00:10:00,1864.3,1865.44,1864.29,1864.88,209.7054,391111.568813,2625
2026-08-01 00:15:00,1864.88,1866.06,1864.05,1865.81,226.0365,421637.311775,4574
2026-08-01 00:20:00,1865.81,1865.86,1864.73,1865.79,159.4649,297463.771123,2930
2026-08-01 00:25:00,1865.79,1867.19,1865.79,1866.0,279.3059,521324.346575,3837
2026-08-01 00:30:00,1866.01,1866.41,1864.8,1866.3,172.4426,321747.295031,2747
2026-08-01 00:35:00,1866.3,1866.69,1866.01,1866.57,114.8215,214290.223218,1372
2026-08-01 00:40:00,1866.56,1867.11,1866.21,1867.11,185.3448,345982.494728,1694
2026-08-01 00:45:00,1867.11,1867.64,1866.52,1866.98,683.2252,1275659.83229,3953
2026-08-01 00:50:00,1866.99,1867.34,1866.19,1866.42,330.6084,617060.790192,2311
2026-08-01 00:55:00,1866.42,1866.42,1864.22,1864.7,153.9298,287058.102632,2920
2026-08-01 01:00:00,1864.69,1866.72,1864.69,1866.72,183.2868,342026.276676,1432
2026-08-01 01:05:00,1866.72,1867.32,1866.37,1866.85,177.8533,332033.037896,2479
2026-08-01 01:10:00,1866.85,1866.87,1866.3,1866.5,132.6253,247542.883096,1304
2026-08-01 01:15:00,1866.5,1866.86,1865.35,1865.43,144.5837,269865.93213,1995
2026-08-01 01:20:00,1865.46,1867.45,1865.46,1865.98,170.765,318757.020587,2254
2026-08-01 01:25:00,1865.98,1867.43,1865.0,1866.33,485.5906,906194.470677,3103
2026-08-01 01:30:00,1866.33,1866.79,1865.8,1865.86,231.8984,432781.609609,1832
2026-08-01 01:35:00,1865.86,1866.93,1865.86,1866.93,90.2244,168373.493138,625
2026-08-01 01:40:00,1866.93,1867.05,1866.69,1866.7,42.4256,79203.970874,465
2026-08-01 01:45:00,1866.7,1867.36,1866.69,1866.83,129.2427,241293.142826,785
2026-08-01 01:50:00,1866.82,1867.51,1865.64,1866.75,501.6916,936603.706959,2006
2026-08-01 01:55:00,1866.75,1867.03,1866.21,1867.03,584.3884,1090835.945807,1675
2026-08-01 02:00:00,1867.03,1867.75,1866.99,1867.6,374.831,699871.737855,1215
2026-08-01 02:05:00,1867.6,1867.84,1867.0,1867.01,64.7686,120955.162185,867
2026-08-01 02:10:00,1867.0,1868.4,1866.74,1867.95,108.869,203319.970398,1899
2026-08-01 02:15:00,1867.96,1868.78,1867.84,1868.78,92.4502,172724.239342,1124
2026-08-01 02:20:00,1868.78,1870.0,1868.77,1868.79,229.0434,428217.792044,1846
2026-08-01 02:25:00,1868.78,1869.12,1868.68,1868.92,78.8017,147279.357604,677
2026-08-01 02:30:00,1868.93,1869.3,1868.63,1868.76,91.7935,171558.099917,960
2026-08-01 02:35:00,1868.76,1869.05,1867.73,1867.73,131.0479,244876.045865,1292
2026-08-01 02:40:00,1867.74,1868.09,1867.46,1868.09,44.8897,83848.212093,666
2026-08-01 02:45:00,1868.09,1869.52,1868.02,1868.66,208.8957,390366.218276,2095
2026-08-01 02:50:00,1868.67,1869.11,1868.25,1868.46,71.913,134378.471698,1212
2026-08-01 02:55:00,1868.45,1868.54,1868.12,1868.25,132.6369,247813.027925,885
2026-08-01 03:00:00,1868.25,1868.67,1867.73,1867.73,118.7052,221780.06508,1015
2026-08-01 03:05:00,1867.73,1868.46,1867.34,1868.05,106.9515,199770.144707,897
2026-08-01 03:10:00,1868.05,1868.05,1866.47,1867.23,152.9629,285604.847942,1163
2026-08-01 03:15:00,1867.23,1867.91,1866.89,1867.74,104.2911,194767.503741,1032
2026-08-01 03:20:00,1867.74,1868.99,1867.62,1868.99,130.6966,244168.355672,889
2026-08-01 03:25:00,1868.98,1868.99,1867.84,1867.97,94.7786,177075.499918,791
2026-08-01 03:30:00,1867.98,1868.58,1867.17,1867.43,212.3067,396635.848748,1454
2026-08-01 03:35:00,1867.43,1868.99,1867.43,1868.08,220.7341,412420.482432,1681
2026-08-01 03:40:00,1868.09,1868.63,1868.09,1868.62,106.5162,199016.24244,775
2026-08-01 03:45:00,1868.63,1868.99,1868.22,1868.95,125.6081,234721.583663,831
2026-08-01 03:50:00,1868.95,1869.55,1868.94,1869.35,270.3888,505428.097532,1381
2026-08-01 03:55:00,1869.35,1869.89,1869.21,1869.88,154.0008,287901.221119,409
2026-08-01 04:00:00,1869.88,1870.2,1869.15,1869.18,173.9743,325289.351086,1326
2026-08-01 04:05:00,1869.17,1869.54,1867.13,1869.08,598.8779,1118787.388229,1973
2026-08-01 04:10:00,1869.07,1869.97,1869.07,1869.97,68.9698,128943.621359,688
2026-08-01 04:15:00,1869.96,1870.14,1869.73,1870.04,73.7196,137852.010717,785
2026-08-01 04:20:00,1870.04,1870.53,1869.8,1870.09,143.8234,268982.146064,1105
2026-08-01 04:25:00,1870.08,1870.09,1869.5,1869.51,210.7745,394088.568402,729
2026-08-01 04:30:00,1869.51,1870.02,1869.51,1869.57,88.3317,165157.061765,797
2026-08-01 04:35:00,1869.58,1869.58,1869.44,1869.44,36.0869,67466.76934,236
2026-08-01 04:40:00,1869.45,1870.37,1869.45,1870.37,153.4173,286887.888448,949
2026-08-01 04:45:00,1870.37,1870.37,1869.05,1870.25,168.0502,314216.779041,1330
2026-08-01 04:50:00,1870.26,1870.52,1869.95,1870.52,77.1969,144379.539709,699
2026-08-01 04:55:00,1870.51,1870.52,1869.75,1869.76,97.3263,181998.404698,597
2026-08-01 05:00:00,1869.76,1870.78,1869.57,1870.59,158.5783,296541.275042,1216
2026-08-01 05:05:00,1870.59,1870.59,1870.32,1870.56,135.1108,252724.37196,527
2026-08-01 05:10:00,1870.57,1871.05,1870.57,1871.05,218.3531,408514.540811,709
2026-08-01 05:15:00,1871.05,1871.05,1869.32,1869.55,312.8021,584932.548728,1213
2026-08-01 05:20:00,1869.54,1869.55,1868.24,1869.2,349.0329,652276.98313,1071
2026-08-01 05:25:00,1869.21,1869.47,1868.52,1868.66,168.4163,314773.557362,1179
2026-08-01 05:30:00,1868.66,1869.17,1868.62,1868.62,114.757,214466.931863,971
2026-08-01 05:35:00,1868.62,1868.73,1866.45,1866.46,259.6141,485017.726636,1420
2026-08-01 05:40:00,1866.46,1866.86,1865.34,1865.9,507.5242,947059.359876,1622
2026-08-01 05:45:00,1865.91,1865.91,1865.36,1865.56,119.5372,223020.538751,849
2026-08-01 05:50:00,1865.56,1867.31,1865.55,1867.3,183.2872,342115.506671,1018
2026-08-01 05:55:00,1867.31,1867.62,1867.06,1867.59,154.1764,287910.20736,1122
2026-08-01 06:00:00,1867.58,1867.7,1866.6,1866.6,138.5033,258644.693789,1106
2026-08-01 06:05:00,1866.6,1867.15,1866.46,1866.68,115.6831,215959.351682,766
2026-08-01 06:10:00,1866.68,1867.59,1866.67,1867.59,106.8027,199403.686363,855
2026-08-01 06:15:00,1867.59,1868.01,1867.05,1868.01,102.4747,191367.471059,1094
2026-08-01 06:20:00,1868.01,1869.82,1868.01,1869.55,186.5415,348669.528141,1502
2026-08-01 06:25:00,1869.56,1870.47,1869.55,1870.04,193.2826,361476.552964,1074
2026-08-01 06:30:00,1870.04,1870.56,1869.56,1869.9,192.5814,360126.451724,1148
2026-08-01 06:35:00,1869.91,1869.91,1869.07,1869.9,284.4876,531834.156331,755
2026-08-01 06:40:00,1869.91,1870.4,1869.9,1870.13,157.913,295324.425718,801
2026-08-01 06:45:00,1870.13,1870.4,1869.98,1870.01,149.5357,279658.01489,1042
2026-08-01 06:50:00,1870.0,1871.21,1869.42,1870.59,638.6152,1194674.433314,2433
2026-08-01 06:55:00,1870.59,1870.82,1870.33,1870.5,109.1832,204235.553474,1104
2026-08-01 07:00:00,1870.5,1870.89,1870.3,1870.3,140.2069,262270.746086,1216
2026-08-01 07:05:00,1870.31,1870.73,1870.31,1870.71,58.7276,109852.838334,841
2026-08-01 07:10:00,1870.72,1871.98,1870.71,1871.61,253.0167,473543.907678,2094
2026-08-01 07:15:00,1871.62,1871.62,1869.67,1869.73,253.6909,474670.152835,2378
2026-08-01 07:20:00,1869.74,1870.35,1869.66,1870.0,190.142,355570.930527,1186
2026-08-01 07:25:00,1870.01,1870.18,1869.43,1869.72,68.6429,128346.502045,1296
2026-08-01 07:30:00,1869.71,1869.71,1868.49,1869.23,238.8506,446420.66451,2119
2026-08-01 07:35:00,1869.23,1869.51,1869.11,1869.5,223.4289,417637.718762,1302
2026-08-01 07:40:00,1869.51,1869.97,1869.36,1869.96,154.0694,288067.752907,1449
2026-08-01 07:45:00,1869.97,1869.97,1869.47,1869.85,239.8123,448376.392766,1156
2026-08-01 07:50:00,1869.85,1870.15,1869.76,1869.76,152.0332,284290.705547,742
2026-08-01 07:55:00,1869.76,1869.83,1869.18,1869.8,140.1685,262081.31756,1218
2026-08-01 08:00:00,1869.81,1870.09,1869.39,1870.08,152.6183,285347.491011,1044
2026-08-01 08:05:00,1870.08,1870.08,1868.76,1868.76,105.314,196857.039319,892
2026-08-01 08:10:00,1868.77,1869.15,1868.4,1869.15,127.7615,238737.710343,1099
2026-08-01 08:15:00,1869.14,1869.69,1868.94,1868.94,99.5562,186102.175328,1134
2026-08-01 08:20:00,1868.95,1869.56,1868.66,1869.55,341.164,637665.808877,1997
2026-08-01 08:25:00,1869.56,1870.28,1868.99,1869.0,169.0581,316109.771277,1773
2026-08-01 08:30:00,1869.0,1869.0,1868.76,1868.77,55.1805,103124.821321,387
2026-08-01 08:35:00,1868.77,1868.77,1867.6,1867.85,214.4123,400534.800689,1526
2026-08-01 08:40:00,1867.85,1868.04,1867.63,1868.03,170.9546,319309.391041,1169
2026-08-01 08:45:00,1868.04,1868.22,1867.83,1868.06,114.0206,213003.648496,1009
2026-08-01 08:50:00,1868.07,1868.9,1868.06,1868.9,144.2274,269505.201767,1046
2026-08-01 08:55:00,1868.9,1869.67,1868.89,1869.49,189.6805,354576.552436,1054
2026-08-01 09:00:00,1869.5,1870.28,1869.05,1869.15,325.1515,607918.099233,3385
2026-08-01 09:05:00,1869.15,1869.15,1868.42,1868.77,170.2052,318041.815825,1412
2026-08-01 09:10:00,1868.78,1870.1,1868.78,1870.1,151.5775,283370.117394,1529
2026-08-01 09:15:00,1870.1,1870.74,1869.84,1870.27,177.1727,331383.039106,2437
2026-08-01 09:20:00,1870.26,1870.69,1869.96,1870.07,198.3852,371029.156594,1817
2026-08-01 09:25:00,1870.08,1870.08,1869.66,1869.88,204.6097,382593.816685,1264
2026-08-01 09:30:00,1869.87,1870.15,1869.87,1870.11,61.8766,115712.781014,733
2026-08-01 09:35:00,1870.1,1870.66,1870.1,1870.51,125.7289,235157.565379,1073
2026-08-01 09:40:00,1870.5,1870.71,1870.0,1870.02,252.1223,471591.367138,1329
2026-08-01 09:45:00,1870.02,1870.03,1868.65,1868.67,243.7533,455595.643381,1707
2026-08-01 09:50:00,1868.68,1869.15,1867.94,1867.94,167.442,312891.315863,1646
2026-08-01 09:55:00,1867.93,1868.78,1867.59,1867.93,333.804,623596.93749,2945
2026-08-01 10:00:00,1867.94,1869.11,1863.1,1863.73,1001.5815,1868347.640609,10948
2026-08-01 10:05:00,1863.73,1864.59,1863.72,1864.24,630.8413,1176023.86506,3322
2026-08-01 10:10:00,1864.24,1864.87,1863.81,1864.57,384.4106,716735.2351,2107
2026-08-01 10:15:00,1864.56,1865.76,1863.86,1865.76,1211.9434,2259951.50952,5398
2026-08-01 10:20:00,1865.75,1866.03,1865.09,1866.0,1163.5748,2170682.636904,2230
2026-08-01 10:25:00,1866.0,1866.01,1865.16,1865.27,150.7069,281118.915555,1093
2026-08-01 10:30:00,1865.28,1865.83,1864.97,1864.98,657.3723,1226236.85097,2074
2026-08-01 10:35:00,1864.98,1864.98,1864.1,1864.91,188.2868,351045.187555,1450
2026-08-01 10:40:00,1864.92,1868.13,1864.63,1868.02,816.9039,1523995.119872,4450
2026-08-01 10:45:00,1868.02,1868.25,1866.6,1868.16,353.0017,659208.031273,3955
2026-08-01 10:50:00,1868.17,1868.48,1867.72,1868.48,550.4865,1028359.734903,1653
2026-08-01 10:55:00,1868.48,1868.48,1866.99,1867.35,214.505,400594.167248,1521
2026-08-01 11:00:00,1867.36,1867.57,1866.87,1866.95,366.857,684968.283307,2201
2026-08-01 11:05:00,1866.94,1866.95,1865.99,1866.5,442.0427,824945.175682,1921
2026-08-01 11:10:00,1866.5,1866.81,1865.79,1866.81,691.998,1291579.622685,1452
2026-08-01 11:15:00,1866.8,1867.11,1865.95,1867.1,1362.6222,2543667.695978,1814
2026-08-01 11:20:00,1867.1,1867.77,1866.59,1866.63,1462.7103,2730847.59764,3277
2026-08-01 11:25:00,1866.63,1867.02,1866.62,1867.01,75.2672,140510.193728,724
2026-08-01 11:30:00,1867.02,1867.14,1866.42,1866.94,147.9664,276218.577569,1463
2026-08-01 11:35:00,1866.94,1867.39,1866.65,1867.3,94.8769,177119.621198,1178
2026-08-01 11:40:00,1867.29,1867.3,1866.78,1866.8,91.8431,171459.267391,857
2026-08-01 11:45:00,1866.79,1866.8,1866.53,1866.66,104.1578,194417.616445,614
2026-08-01 11:50:00,1866.67,1866.69,1866.42,1866.68,91.4538,170702.748467,787
2026-08-01 11:55:00,1866.69,1866.9,1866.68,1866.9,103.8397,193840.778132,539
2026-08-01 12:00:00,1866.9,1868.34,1866.89,1868.24,312.3876,583458.265041,3797
2026-08-01 12:05:00,1868.25,1868.63,1867.4,1867.41,172.0641,321427.496721,2546
2026-08-01 12:10:00,1867.41,1868.47,1867.41,1867.84,86.2605,161129.300896,1706
2026-08-01 12:15:00,1867.84,1867.87,1867.71,1867.86,70.9967,132603.145967,440
2026-08-01 12:20:00,1867.86,1867.93,1867.34,1867.76,184.3328,344265.87229,1701
2026-08-01 12:25:00,1867.76,1868.06,1867.65,1867.65,135.421,252965.730773,876
2026-08-01 12:30:00,1867.65,1868.04,1867.39,1867.66,67.742,126517.198813,1141
2026-08-01 12:35:00,1867.66,1867.87,1867.32,1867.45,97.8901,182805.276396,1637
2026-08-01 12:40:00,1867.45,1869.31,1867.3,1867.73,255.5081,477388.449516,3857
2026-08-01 12:45:00,1867.74,1869.16,1867.73,1869.16,161.0035,300865.93433,1377
2026-08-01 12:50:00,1869.15,1869.58,1869.0,1869.29,147.8584,276391.882458,1982
2026-08-01 12:55:00,1869.3,1870.0,1868.82,1869.06,321.9134,601850.4092,2650
2026-08-01 13:00:00,1869.07,1869.21,1868.74,1868.9,178.9417,334437.303073,1093
2026-08-01 13:05:00,1868.9,1869.31,1868.7,1869.3,109.5525,204731.086308,807
2026-08-01 13:10:00,1869.31,1869.6,1869.26,1869.45,100.1899,187301.917322,907
2026-08-01 13:15:00,1869.46,1869.46,1868.2,1868.85,198.5853,371098.441943,1899
2026-08-01 13:20:00,1868.84,1869.3,1868.69,1869.29,100.3277,187507.274817,831
2026-08-01 13:25:00,1869.29,1869.3,1868.4,1868.4,154.7195,289144.214208,1093
2026-08-01 13:30:00,1868.4,1869.4,1868.4,1869.21,147.6906,276017.269528,1493
2026-08-01 13:35:00,1869.22,1869.46,1868.64,1868.65,120.4969,225234.839456,1100
2026-08-01 13:40:00,1868.64,1869.07,1868.43,1869.02,223.3497,417392.697243,1706
2026-08-01 13:45:00,1869.03,1869.04,1867.54,1867.85,282.337,527401.449933,2260
2026-08-01 13:50:00,1867.85,1869.12,1867.85,1869.12,146.0908,272994.616817,1000
2026-08-01 13:55:00,1869.12,1869.53,1868.83,1869.28,121.1996,226541.122175,1286
2026-08-01 14:00:00,1869.29,1871.0,1869.25,1870.92,274.7433,513773.428823,2118
2026-08-01 14:05:00,1870.92,1873.6,1870.56,1870.71,1004.4871,1880078.799519,5100
2026-08-01 14:10:00,1870.7,1870.71,1869.48,1869.75,336.3672,628953.640196,2347
2026-08-01 14:15:00,1869.76,1871.43,1869.76,1871.42,173.679,324914.40101,1512
2026-08-01 14:20:00,1871.42,1872.48,1871.42,1872.09,158.9328,297536.494844,1487
2026-08-01 14:25:00,1872.09,1873.36,1872.09,1873.18,147.7428,276679.134458,1268
2026-08-01 14:30:00,1873.17,1874.41,1872.14,1872.14,691.8919,1295913.119474,5373
2026-08-01 14:35:00,1872.14,1873.0,1871.82,1872.41,304.1705,569533.891252,2593
2026-08-01 14:40:00,1872.41,1872.72,1872.2,1872.72,202.1418,378503.000676,1367
2026-08-01 14:45:00,1872.72,1872.73,1872.31,1872.56,218.0685,408338.207096,1057
2026-08-01 14:50:00,1872.56,1872.57,1872.18,1872.18,311.2747,582851.584157,801
2026-08-01 14:55:00,1872.17,1875.33,1872.13,1875.18,315.6818,591541.980105,2716
2026-08-01 15:00:00,1875.18,1875.19,1873.78,1874.19,206.0882,386250.341812,2977
2026-08-01 15:05:00,1874.19,1874.19,1873.55,1873.82,106.3335,199248.461532,1234
2026-08-01 15:10:00,1873.83,1874.97,1873.83,1874.7,227.0319,425579.509604,2197
2026-08-01 15:15:00,1874.71,1875.45,1872.43,1872.65,406.2465,761236.864684,4047
2026-08-01 15:20:00,1872.64,1873.53,1872.58,1872.59,212.8689,398681.210843,2090
2026-08-01 15:25:00,1872.58,1872.59,1871.17,1871.9,265.4071,496782.040495,3157
2026-08-01 15:30:00,1871.91,1871.91,1871.05,1871.72,275.6718,515914.25673,2208
2026-08-01 15:35:00,1871.72,1872.13,1870.76,1872.13,154.1512,288516.742157,1597
2026-08-01 15:40:00,1872.12,1872.67,1870.77,1870.82,681.5916,1275382.890466,3696
2026-08-01 15:45:00,1870.81,1871.19,1870.07,1870.45,325.0982,608224.261705,2273
2026-08-01 15:50:00,1870.45,1870.96,1870.44,1870.95,101.8542,190537.897206,715
2026-08-01 15:55:00,1870.96,1870.99,1870.09,1870.09,67.5374,126348.241791,1064
2026-08-01 16:00:00,1870.1,1871.25,1868.75,1870.94,264.7736,495114.872364,4034
2026-08-01 16:05:00,1870.94,1870.94,1869.15,1869.15,180.0181,336680.332017,2607
2026-08-01 16:10:00,1869.16,1869.52,1868.75,1868.76,93.2788,174360.387913,1867
2026-08-01 16:15:00,1868.75,1870.0,1868.75,1869.2,144.7639,270604.559272,1978
2026-08-01 16:20:00,1869.19,1869.76,1868.67,1869.49,243.4941,455149.494891,2083
2026-08-01 16:25:00,1869.5,1870.96,1869.5,1870.35,315.1907,589590.714436,1905
2026-08-01 16:30:00,1870.36,1872.11,1870.35,1871.91,247.3851,462916.521603,2091
2026-08-01 16:35:00,1871.91,1873.6,1871.71,1871.93,268.8538,503438.719805,2691
2026-08-01 16:40:00,1871.94,1872.21,1870.32,1870.32,110.5848,206904.21764,1379
2026-08-01 16:45:00,1870.32,1870.33,1869.15,1869.25,118.2949,221182.029767,1533
2026-08-01 16:50:00,1869.24,1869.24,1868.33,1868.33,143.5552,268252.069327,1200
2026-08-01 16:55:00,1868.34,1868.79,1866.47,1868.79,380.4129,710505.379842,3700
2026-08-01 17:00:00,1868.79,1869.35,1867.71,1869.3,203.1333,379510.857965,1760
2026-08-01 17:05:00,1869.3,1870.25,1868.34,1869.09,530.2652,991066.903851,2262
2026-08-01 17:10:00,1869.08,1869.08,1865.21,1866.5,287.064,535890.874915,4092
2026-08-01 17:15:00,1866.5,1866.51,1864.03,1865.67,392.2782,731666.580056,6448
2026-08-01 17:20:00,1865.67,1865.99,1864.75,1865.35,497.1117,927325.040709,3333
2026-08-01 17:25:00,1865.35,1865.35,1861.47,1863.73,570.7152,1063099.351443,6779
2026-08-01 17:30:00,1863.73,1863.89,1860.28,1860.53,356.1243,663181.867812,6527
2026-08-01 17:35:00,1860.52,1862.23,1857.41,1860.12,1011.0827,1880179.697596,13306
2026-08-01 17:40:00,1860.13,1863.46,1859.99,1863.33,253.2611,471575.032014,3349
2026-08-01 17:45:00,1863.32,1863.32,1861.52,1861.94,289.989,540013.850045,2893
2026-08-01 17:50:00,1861.93,1862.27,1858.94,1862.26,464.3206,863842.076716,5813
2026-08-01 17:55:00,1862.26,1862.29,1861.44,1862.07,95.4932,177807.352131,2154
2026-08-01 18:00:00,1862.06,1862.06,1859.71,1862.05,372.102,692557.04793,7131
2026-08-01 18:05:00,1862.04,1862.68,1861.23,1862.67,711.7913,1325288.304472,4660
2026-08-01 18:10:00,1862.68,1863.03,1860.61,1861.05,108.4417,201925.169639,1608
2026-08-01 18:15:00,1861.04,1861.04,1857.7,1859.01,558.5678,1038675.910635,6225
2026-08-01 18:20:00,1859.02,1859.02,1851.59,1852.28,2173.8419,4032150.643833,18530
2026-08-01 18:25:00,1852.28,1856.25,1851.32,1853.69,968.581,1795212.118641,15768
2026-08-01 18:30:00,1853.69,1853.69,1832.42,1839.71,11887.4653,21875852.577624,70074
2026-08-01 18:35:00,1839.72,1843.82,1839.49,1839.85,4581.2911,8439156.022337,22865
2026-08-01 18:40:00,1839.86,1840.92,1832.0,1833.1,1677.5187,3080674.967277,18320
2026-08-01 18:45:00,1833.1,1833.33,1823.0,1823.05,4411.0808,8060296.994335,45980
2026-08-01 18:50:00,1823.12,1830.0,1822.06,1829.0,1695.4414,3096861.252458,13650
2026-08-01 18:55:00,1829.0,1837.15,1828.33,1836.81,1522.6579,2791133.70798,13003
2026-08-01 19:00:00,1836.8,1839.55,1834.2,1838.6,1668.8289,3066361.053331,21681
2026-08-01 19:05:00,1838.6,1840.09,1836.42,1838.42,1680.2107,3088560.200869,12475
2026-08-01 19:10:00,1838.43,1839.23,1837.13,1837.54,419.8398,771860.15785,5410
2026-08-01 19:15:00,1837.53,1840.58,1837.0,1838.94,472.6683,868957.714803,6221
2026-08-01 19:20:00,1838.93,1839.03,1835.26,1836.53,369.2749,678351.549021,6819
2026-08-01 19:25:00,1836.53,1838.18,1836.27,1838.17,217.9204,400334.609362,3109
2026-08-01 19:30:00,1838.17,1839.72,1836.67,1837.25,229.6172,422097.318585,6336
2026-08-01 19:35:00,1837.26,1838.49,1835.52,1835.94,237.241,435676.741447,3985
2026-08-01 19:40:00,1835.95,1836.24,1835.39,1835.74,120.4919,221198.054798,2038
2026-08-01 19:45:00,1835.74,1837.88,1835.66,1837.88,239.1428,439286.992069,2702
2026-08-01 19:50:00,1837.87,1839.59,1837.3,1837.65,213.7532,392941.109446,3171
2026-08-01 19:55:00,1837.65,1837.91,1836.33,1837.3,183.4363,337008.267105,1978
2026-08-01 20:00:00,1837.29,1838.78,1835.68,1837.46,381.6496,700950.884262,4555
2026-08-01 20:05:00,1837.45,1838.79,1836.36,1836.74,269.0958,494541.955095,3102
2026-08-01 20:10:00,1836.75,1838.1,1836.47,1837.76,480.8349,883313.446669,4427
2026-08-01 20:15:00,1837.77,1839.05,1837.58,1838.59,285.2263,524297.200696,2011
2026-08-01 20:20:00,1838.6,1840.48,1838.35,1838.35,260.1401,478449.937136,2788
2026-08-01 20:25:00,1838.35,1838.49,1837.1,1837.88,619.025,1137546.254955,2788
2026-08-01 20:30:00,1837.87,1837.87,1835.36,1836.25,311.2016,571477.628226,4677
2026-08-01 20:35:00,1836.24,1837.68,1833.07,1833.85,680.1639,1247659.471446,3657
2026-08-01 20:40:00,1833.85,1834.87,1833.78,1834.64,725.1549,1330122.044235,3578
2026-08-01 20:45:00,1834.64,1837.01,1834.15,1836.6,372.8666,684243.342672,2886
2026-08-01 20:50:00,1836.59,1838.06,1835.68,1837.07,723.6656,1329125.584053,5479
2026-08-01 20:55:00,1837.08,1838.5,1836.83,1838.41,412.2675,757509.017421,2707
2026-08-01 21:00:00,1838.41,1843.07,1837.96,1840.47,949.8861,1747773.048938,7527
2026-08-01 21:05:00,1840.46,1840.87,1839.09,1839.53,262.0059,482064.483352,2385
2026-08-01 21:10:00,1839.52,1839.59,1836.61,1838.17,805.3831,1480025.208663,4089
2026-08-01 21:15:00,1838.16,1843.07,1838.07,1842.36,1213.8063,2234182.421336,6503
2026-08-01 21:20:00,1842.36,1842.76,1841.03,1842.23,344.4467,634394.976571,2471
2026-08-01 21:25:00,1842.22,1843.07,1841.23,1843.01,270.5749,498504.598099,2052
2026-08-01 21:30:00,1843.0,1845.12,1842.25,1845.11,513.4992,946848.008281,3709
2026-08-01 21:35:00,1845.11,1845.12,1843.04,1843.66,336.9448,621327.419748,3596
2026-08-01 21:40:00,1843.66,1844.77,1842.77,1844.7,284.2075,524057.833038,6484
2026-08-01 21:45:00,1844.69,1845.7,1844.29,1844.92,308.8321,569829.01997,3763
2026-08-01 21:50:00,1844.93,1845.96,1844.07,1844.27,377.2992,696145.47744,5768
2026-08-01 21:55:00,1844.27,1845.81,1844.26,1845.78,228.0219,420715.768629,2984
2026-08-01 22:00:00,1845.79,1846.76,1844.76,1846.55,348.6,643436.15522,5515
2026-08-01 22:05:00,1846.54,1847.62,1846.27,1847.56,281.3195,519625.261438,3681
2026-08-01 22:10:00,1847.57,1848.03,1847.14,1847.79,249.6519,461288.741449,3161
2026-08-01 22:15:00,1847.79,1848.36,1847.22,1847.65,376.7166,696072.416705,3100
2026-08-01 22:20:00,1847.65,1847.65,1846.0,1846.69,205.7682,380075.897234,2449
2026-08-01 22:25:00,1846.68,1849.26,1846.68,1849.26,276.3293,510818.012743,2767
2026-08-01 22:30:00,1849.25,1849.26,1847.82,1847.83,183.9976,340129.978656,2241
2026-08-01 22:35:00,1847.83,1847.86,1846.1,1847.44,170.7181,315335.512837,3647
2026-08-01 22:40:00,1847.43,1848.18,1846.9,1847.86,185.2659,342265.151604,1955
2026-08-01 22:45:00,1847.86,1848.36,1846.94,1847.51,177.7615,328432.787592,2539
2026-08-01 22:50:00,1847.51,1848.11,1847.35,1847.77,203.9132,376794.850497,2426
2026-08-01 22:55:00,1847.78,1848.02,1847.21,1847.28,196.1368,362388.312901,1544
2026-08-01 23:00:00,1847.28,1849.1,1847.27,1847.84,248.7485,459740.326592,3081
2026-08-01 23:05:00,1847.84,1848.19,1846.87,1847.85,142.6954,263663.144506,2011
2026-08-01 23:10:00,1847.84,1847.84,1846.26,1846.52,269.5772,497878.186944,2342
2026-08-01 23:15:00,1846.52,1846.53,1844.95,1844.96,417.9329,771262.577097,2002
2026-08-01 23:20:00,1844.96,1845.03,1844.37,1844.54,266.991,492559.10922,1177
2026-08-01 23:25:00,1844.54,1844.97,1843.39,1843.68,240.2085,442988.226487,1382
2026-08-01 23:30:00,1843.69,1845.19,1843.69,1844.36,242.3425,446941.394806,1922
2026-08-01 23:35:00,1844.36,1846.68,1844.36,1845.04,214.5777,396000.634624,1991
2026-08-01 23:40:00,1845.03,1846.18,1844.28,1845.53,337.2802,622395.376714,2358
2026-08-01 23:45:00,1845.53,1845.94,1844.8,1845.09,119.2802,220128.874793,1408
2026-08-01 23:50:00,1845.1,1845.41,1844.55,1844.81,263.1046,485472.764025,1705
2026-08-01 23:55:00,1844.81,1845.82,1844.51,1844.94,265.0908,489127.587088,1450
2026-08-02 00:00:00,1844.95,1848.19,1844.94,1848.1,486.7096,898762.906059,3224
2026-08-02 00:05:00,1848.1,1849.37,1846.78,1846.97,402.4983,743813.68535,2984
2026-08-02 00:10:00,1846.98,1849.7,1846.98,1847.72,595.2558,1100337.060668,4197
2026-08-02 00:15:00,1847.72,1848.18,1847.61,1847.98,55.7228,102970.300655,1036
2026-08-02 00:20:00,1847.98,1848.17,1847.0,1847.44,193.5876,357696.833413,1363
2026-08-02 00:25:00,1847.44,1847.44,1844.91,1845.35,654.7605,1208454.489026,2729
2026-08-02 00:30:00,1845.36,1846.64,1845.18,1845.18,283.4614,523327.520356,1943
2026-08-02 00:35:00,1845.19,1845.19,1844.26,1844.52,158.426,292247.509388,814
2026-08-02 00:40:00,1844.53,1845.98,1844.53,1845.56,268.302,495117.5201,1719
2026-08-02 00:45:00,1845.56,1846.88,1845.55,1845.55,183.6248,339032.00256,1512
2026-08-02 00:50:00,1845.55,1845.56,1843.67,1843.85,494.2701,911594.928794,1666
2026-08-02 00:55:00,1843.86,1846.69,1843.86,1846.69,254.5898,469864.511979,1617
2026-08-02 01:00:00,1846.69,1848.61,1846.69,1848.54,411.4603,760154.291845,1789
2026-08-02 01:05:00,1848.53,1852.61,1848.51,1852.13,716.6748,1326740.093301,4013
2026-08-02 01:10:00,1852.14,1856.34,1852.14,1856.03,1056.3327,1958948.337039,5797
2026-08-02 01:15:00,1856.04,1859.41,1855.09,1855.65,1171.3833,2175092.817836,5939
2026-08-02 01:20:00,1855.65,1855.66,1854.16,1854.29,641.5546,1189887.959782,2312
2026-08-02 01:25:00,1854.29,1855.12,1854.29,1854.71,362.3399,672024.72843,997
2026-08-02 01:30:00,1854.72,1856.44,1853.96,1856.31,994.0566,1843620.57136,2741
2026-08-02 01:35:00,1856.31,1857.27,1856.2,1856.99,619.2059,1149631.751673,2022
2026-08-02 01:40:00,1856.99,1858.11,1856.82,1857.43,301.2602,559576.53415,2576
2026-08-02 01:45:00,1857.43,1857.43,1856.37,1856.37,456.3923,847435.483615,2342
2026-08-02 01:50:00,1856.38,1856.5,1856.27,1856.5,250.8001,465569.963641,1010
2026-08-02 01:55:00,1856.5,1858.01,1856.5,1857.09,410.6424,762811.664912,2694
2026-08-02 02:00:00,1857.09,1857.2,1856.51,1856.52,149.8557,278256.370696,1090
2026-08-02 02:05:00,1856.51,1882.98,1856.51,1873.35,7033.1034,13168336.644457,47059
2026-08-02 02:10:00,1873.36,1877.61,1872.09,1874.86,1778.5118,3334093.167411,20079
2026-08-02 02:15:00,1874.87,1884.06,1873.22,1883.82,2779.4544,5222240.141094,17196
2026-08-02 02:20:00,1883.82,1884.69,1876.44,1879.58,1944.1178,3656203.503943,13078
2026-08-02 02:25:00,1879.58,1880.23,1875.69,1875.7,692.3709,1299691.211077,8017
2026-08-02 02:30:00,1875.7,1876.6,1874.12,1874.21,681.0096,1277112.884409,9923
2026-08-02 02:35:00,1874.22,1874.37,1871.93,1872.85,516.1287,966862.987727,5709
2026-08-02 02:40:00,1872.84,1874.28,1871.99,1874.28,452.4623,847594.608829,4511
2026-08-02 02:45:00,1874.28,1877.01,1872.92,1876.61,739.0599,1385669.852013,6785
2026-08-02 02:50:00,1876.61,1878.0,1874.96,1877.47,469.3972,880901.707506,6143
2026-08-02 02:55:00,1877.47,1877.72,1876.0,1876.9,458.2879,860076.663557,3201
2026-08-02 03:00:00,1876.9,1878.0,1875.03,1875.49,380.98,715035.095747,7353
2026-08-02 03:05:00,1875.5,1876.91,1874.79,1874.79,349.1553,654981.664151,4968
2026-08-02 03:10:00,1874.8,1875.91,1874.72,1875.63,224.3802,420788.945017,3633
2026-08-02 03:15:00,1875.63,1875.99,1874.32,1875.57,458.1656,859151.659369,5498
2026-08-02 03:20:00,1875.56,1879.13,1874.91,1877.32,982.4927,1844619.152327,8072
2026-08-02 03:25:00,1877.32,1877.56,1875.48,1875.69,251.8674,472658.02962,3450
2026-08-02 03:30:00,1875.7,1877.25,1875.55,1877.03,443.6794,832449.831721,3535
2026-08-02 03:35:00,1877.03,1880.54,1877.03,1878.4,1112.7673,2090670.655276,6621
2026-08-02 03:40:00,1878.4,1879.21,1878.31,1878.49,174.5596,327962.134216,2663
2026-08-02 03:45:00,1878.49,1879.54,1877.42,1877.43,245.7342,461694.404505,2874
2026-08-02 03:50:00,1877.42,1877.55,1876.1,1876.63,156.4338,293590.353434,2457
2026-08-02 03:55:00,1876.64,1877.87,1876.31,1877.43,196.1273,368126.626109,2187
2026-08-02 04:00:00,1877.44,1880.43,1877.44,1880.13,641.2029,1205217.235439,4938
2026-08-02 04:05:00,1880.13,1881.0,1878.85,1879.77,245.345,461126.7802,3158
2026-08-02 04:10:00,1879.77,1880.85,1879.06,1880.16,609.0909,1144977.32166,3565
2026-08-02 04:15:00,1880.16,1880.92,1879.17,1880.0,256.5014,482197.399516,3296
2026-08-02 04:20:00,1880.0,1881.31,1878.87,1879.56,369.8582,695369.740212,3539
2026-08-02 04:25:00,1879.56,1880.73,1879.3,1879.3,916.7697,1723774.931025,1897
2026-08-02 04:30:00,1879.3,1880.15,1879.14,1879.87,173.2154,325590.018666,1665
2026-08-02 04:35:00,1879.88,1880.6,1879.35,1879.76,193.2424,363312.452358,1760
2026-08-02 04:40:00,1879.76,1879.76,1878.09,1878.09,78.8347,148117.70613,812
2026-08-02 04:45:00,1878.09,1878.8,1878.0,1878.74,381.9357,717450.09559,1324
2026-08-02 04:50:00,1878.74,1879.72,1878.74,1878.99,108.6616,204193.103083,1137
2026-08-02 04:55:00,1879.0,1882.67,1879.0,1881.22,703.4738,1323181.24021,4114
2026-08-02 05:00:00,1881.21,1882.68,1877.85,1878.05,695.3218,1307789.09064,4120
2026-08-02 05:05:00,1878.05,1879.12,1877.5,1878.82,795.1172,1493419.0432,3682
2026-08-02 05:10:00,1878.83,1878.89,1877.73,1878.3,137.4078,258080.856503,1441
2026-08-02 05:15:00,1878.3,1878.3,1876.8,1877.65,180.3461,338567.689102,1728
2026-08-02 05:20:00,1877.66,1878.3,1877.43,1878.2,517.7058,972199.945376,1948
2026-08-02 05:25:00,1878.2,1878.42,1877.85,1877.87,164.9279,309763.630815,1080
2026-08-02 05:30:00,1877.87,1878.0,1876.93,1877.87,259.669,487559.6097,1730
2026-08-02 05:35:00,1877.87,1877.87,1875.51,1876.12,673.3063,1263318.406722,3310
2026-08-02 05:40:00,1876.13,1876.77,1875.28,1875.4,254.6895,477764.193039,1751
2026-08-02 05:45:00,1875.39,1876.28,1875.26,1875.27,236.7661,444103.335252,1547
2026-08-02 05:50:00,1875.26,1876.4,1875.26,1876.2,135.3405,253900.435789,880
2026-08-02 05:55:00,1876.21,1876.68,1876.18,1876.33,148.1697,278040.607383,964
2026-08-02 06:00:00,1876.32,1877.79,1876.32,1877.79,157.7556,296106.226665,1137
2026-08-02 06:05:00,1877.8,1877.98,1875.87,1875.93,252.8809,474592.611601,1623
2026-08-02 06:10:00,1875.92,1875.93,1875.09,1875.85,336.0472,630301.980366,1145
2026-08-02 06:15:00,1875.85,1876.0,1875.0,1875.66,109.308,205026.814983,1115
2026-08-02 06:20:00,1875.67,1877.44,1875.67,1877.43,675.8446,1268507.224279,2131
2026-08-02 06:25:00,1877.44,1878.01,1877.44,1877.68,100.5721,188862.79903,525
2026-08-02 06:30:00,1877.68,1879.33,1876.68,1876.84,365.7576,686925.926498,2689
2026-08-02 06:35:00,1876.85,1877.65,1876.27,1876.53,220.2699,413417.781476,1232
2026-08-02 06:40:00,1876.53,1878.0,1876.41,1877.97,381.2884,715771.167711,1950
2026-08-02 06:45:00,1877.96,1877.96,1876.7,1877.01,266.891,500982.070919,1445
2026-08-02 06:50:00,1877.02,1877.04,1876.36,1876.8,162.1458,304335.203098,894
2026-08-02 06:55:00,1876.8,1878.0,1876.8,1877.54,119.6973,224741.919037,960
2026-08-02 07:00:00,1877.54,1877.73,1876.82,1877.26,292.2761,548716.807874,1250
2026-08-02 07:05:00,1877.26,1878.37,1877.25,1878.29,852.5413,1601049.492557,1470
2026-08-02 07:10:00,1878.28,1878.4,1878.03,1878.2,161.8011,303907.406147,702
2026-08-02 07:15:00,1878.19,1878.19,1878.0,1878.0,188.7367,354454.050261,323
2026-08-02 07:20:00,1878.01,1878.78,1878.0,1878.62,232.3543,436496.176436,1139
2026-08-02 07:25:00,1878.62,1878.62,1877.4,1877.65,259.2318,486819.103442,666
2026-08-02 07:30:00,1877.64,1877.65,1876.8,1876.8,66.7321,125272.763041,693
2026-08-02 07:35:00,1876.8,1877.35,1876.8,1876.97,86.6201,162586.172903,799
2026-08-02 07:40:00,1876.97,1878.04,1876.7,1877.63,195.7174,367430.644559,1623
2026-08-02 07:45:00,1877.63,1877.64,1876.13,1876.73,134.5263,252462.962829,1582
2026-08-02 07:50:00,1876.73,1876.76,1876.26,1876.33,94.9612,178197.431172,718
2026-08-02 07:55:00,1876.32,1876.33,1875.67,1876.1,148.8983,279312.870383,1174
2026-08-02 08:00:00,1876.1,1877.33,1875.67,1876.42,425.0033,797426.461877,3161
2026-08-02 08:05:00,1876.43,1877.69,1875.58,1877.69,286.3194,537254.200527,1676
2026-08-02 08:10:00,1877.68,1879.0,1876.66,1876.66,261.5021,491103.585752,2951
2026-08-02 08:15:00,1876.67,1877.18,1876.5,1876.74,461.262,865774.211074,1372
2026-08-02 08:20:00,1876.75,1876.75,1875.6,1875.6,168.183,315543.473386,1159
2026-08-02 08:25:00,1875.6,1875.6,1873.18,1873.35,244.0476,457449.738243,2320
2026-08-02 08:30:00,1873.35,1873.35,1872.08,1872.71,375.4354,703124.154639,2670
2026-08-02 08:35:00,1872.71,1872.9,1867.04,1867.41,843.3146,1577146.544281,5913
2026-08-02 08:40:00,1867.41,1870.44,1867.27,1869.47,367.926,687760.944993,4632
2026-08-02 08:45:00,1869.46,1870.2,1868.57,1869.53,333.3571,623243.024627,2407
2026-08-02 08:50:00,1869.52,1870.37,1868.62,1869.69,972.058,1817629.371173,2903
2026-08-02 08:55:00,1869.69,1869.88,1867.42,1868.2,306.3227,572395.609925,2416
2026-08-02 09:00:00,1868.19,1869.4,1862.67,1862.67,634.122,1183232.53393,7157
2026-08-02 09:05:00,1862.68,1869.04,1862.3,1869.03,462.299,862586.772831,5991
2026-08-02 09:10:00,1869.04,1870.61,1869.03,1870.33,394.8648,738386.530266,2938
2026-08-02 09:15:00,1870.33,1871.15,1870.05,1870.17,196.0673,366725.331448,1955
2026-08-02 09:20:00,1870.18,1872.0,1869.48,1872.0,241.5993,452014.079807,2413
2026-08-02 09:25:00,1872.0,1872.85,1870.19,1870.37,264.1999,494437.304259,2550
2026-08-02 09:30:00,1870.38,1872.97,1870.27,1871.99,224.0238,419401.146884,3199
2026-08-02 09:35:00,1871.99,1871.99,1870.81,1870.82,164.8794,308567.867442,1687
2026-08-02 09:40:00,1870.82,1871.18,1870.52,1870.58,140.5169,262883.444175,1550
2026-08-02 09:45:00,1870.58,1871.12,1870.51,1871.03,57.0477,106719.770807,1036
2026-08-02 09:50:00,1871.03,1871.64,1870.66,1871.5,175.248,327912.092888,1755
2026-08-02 09:55:00,1871.5,1871.5,1870.94,1870.95,59.7857,111871.363364,484
2026-08-02 10:00:00,1870.94,1870.94,1869.85,1870.28,73.9085,138223.784915,895
2026-08-02 10:05:00,1870.28,1871.13,1870.28,1870.38,133.7804,250244.031899,1215
2026-08-02 10:10:00,1870.37,1870.38,1868.59,1869.12,127.1578,237711.918434,1633
2026-08-02 10:15:00,1869.11,1870.76,1868.64,1870.63,146.3349,273612.910558,2252
2026-08-02 10:20:00,1870.63,1870.64,1865.99,1866.49,366.6637,685016.310775,3882
2026-08-02 10:25:00,1866.5,1866.58,1865.63,1866.43,151.2867,282339.222112,1613
2026-08-02 10:30:00,1866.44,1868.31,1866.44,1868.31,210.5881,393255.820201,1953
2026-08-02 10:35:00,1868.31,1869.69,1867.9,1869.1,144.6184,270254.981571,1710
2026-08-02 10:40:00,1869.1,1869.3,1868.61,1869.11,104.0882,194549.581525,943
2026-08-02 10:45:00,1869.1,1869.42,1869.1,1869.42,72.2472,135056.383809,450
2026-08-02 10:50:00,1869.41,1869.41,1868.87,1869.12,186.5868,348777.987702,1029
2026-08-02 10:55:00,1869.12,1869.12,1868.75,1868.75,35.7665,66846.691105,308
2026-08-02 11:00:00,1868.76,1868.85,1868.0,1868.18,111.2427,207826.371086,754
2026-08-02 11:05:00,1868.17,1869.74,1868.0,1868.01,147.6805,276007.699516,1452
2026-08-02 11:10:00,1868.0,1868.25,1866.45,1867.84,271.0305,506132.488439,2311
2026-08-02 11:15:00,1867.83,1869.6,1867.7,1867.71,151.4911,283090.212603,1678
2026-08-02 11:20:00,1867.71,1868.69,1864.64,1865.71,344.2236,642274.853069,3469
2026-08-02 11:25:00,1865.71,1866.59,1864.72,1864.73,138.723,258832.792592,1286
2026-08-02 11:30:00,1864.73,1865.06,1863.13,1864.64,400.0912,745737.59548,3746
2026-08-02 11:35:00,1864.63,1865.64,1862.44,1863.85,225.7165,420642.18513,3211
2026-08-02 11:40:00,1863.85,1864.01,1854.18,1856.38,1841.9228,3422706.988948,14102
2026-08-02 11:45:00,1856.39,1859.44,1855.5,1856.39,864.9525,1606936.103358,6550
2026-08-02 11:50:00,1856.39,1858.63,1850.0,1852.31,1641.077,3041432.393449,12856
2026-08-02 11:55:00,1852.31,1854.8,1849.5,1852.58,2057.7127,3810690.779493,10750
2026-08-02 12:00:00,1852.65,1856.51,1852.46,1854.19,776.9546,1440985.543216,8191
2026-08-02 12:05:00,1854.19,1855.7,1854.1,1855.7,329.2189,610574.845089,2980
2026-08-02 12:10:00,1855.7,1857.38,1854.34,1857.21,615.292,1142032.069895,3514
2026-08-02 12:15:00,1857.21,1860.19,1855.81,1858.04,595.1528,1106003.648885,5116
2026-08-02 12:20:00,1858.05,1860.58,1857.61,1858.93,364.8857,678461.500299,3805
2026-08-02 12:25:00,1858.94,1859.35,1858.11,1858.31,138.6272,257672.677463,2068
2026-08-02 12:30:00,1858.3,1859.58,1857.8,1858.52,188.9198,351157.569753,2424
2026-08-02 12:35:00,1858.52,1859.72,1856.28,1857.55,272.4357,506112.510971,3783
2026-08-02 12:40:00,1857.55,1858.12,1857.42,1858.05,113.0908,210101.197954,2088
2026-08-02 12:45:00,1858.05,1858.48,1857.18,1857.74,187.4326,348199.32623,2189
2026-08-02 12:50:00,1857.74,1857.87,1856.66,1857.87,85.5169,158809.559194,2532
2026-08-02 12:55:00,1857.87,1858.13,1856.32,1857.06,96.8894,179911.126304,2721
2026-08-02 13:00:00,1857.07,1858.05,1856.0,1856.89,190.0354,352949.229285,3166
2026-08-02 13:05:00,1856.88,1856.92,1855.57,1856.8,191.6115,355672.223974,3926
2026-08-02 13:10:00,1856.8,1856.81,1856.07,1856.49,160.691,298321.994118,1365
2026-08-02 13:15:00,1856.49,1856.5,1853.67,1855.33,385.6147,715224.946652,5235
2026-08-02 13:20:00,1855.33,1856.47,1855.33,1855.76,104.0154,193044.571392,2330
2026-08-02 13:25:00,1855.75,1857.16,1855.75,1856.03,104.1799,193425.158135,2457
2026-08-02 13:30:00,1856.03,1857.68,1856.02,1856.03,164.3534,305197.678285,2684
2026-08-02 13:35:00,1856.03,1856.03,1852.41,1853.03,205.8698,381689.022985,5872
2026-08-02 13:40:00,1853.04,1855.81,1852.87,1855.42,264.027,489792.415581,4552
2026-08-02 13:45:00,1855.42,1856.66,1855.27,1856.26,137.5711,255342.928508,3330
2026-08-02 13:50:00,1856.26,1856.66,1854.8,1856.07,133.0942,246989.422762,2573
2026-08-02 13:55:00,1856.07,1856.35,1854.6,1854.89,189.6041,351867.886384,2434
2026-08-02 14:00:00,1854.88,1854.89,1853.34,1854.29,235.065,435866.973332,4849
2026-08-02 14:05:00,1854.3,1854.3,1852.42,1853.55,246.6497,457119.329516,4848
2026-08-02 14:10:00,1853.54,1855.69,1853.54,1855.69,232.3407,430973.174445,4994
2026-08-02 14:15:00,1855.69,1858.4,1855.59,1856.77,834.3778,1548993.984645,3639
2026-08-02 14:20:00,1856.77,1857.03,1855.32,1855.85,141.5763,262782.937911,2532
2026-08-02 14:25:00,1855.85,1857.32,1855.85,1857.21,103.696,192516.355618,1796
2026-08-02 14:30:00,1857.21,1857.6,1855.9,1857.01,106.0498,196887.853556,2301
2026-08-02 14:35:00,1857.01,1858.65,1857.0,1858.16,169.7448,315370.473586,2604
2026-08-02 14:40:00,1858.16,1858.89,1857.7,1858.65,101.3068,188261.288168,2048
2026-08-02 14:45:00,1858.64,1859.27,1857.33,1857.34,248.9613,462688.520902,2337
2026-08-02 14:50:00,1857.34,1857.52,1854.46,1854.46,210.7627,391175.85141,2749
2026-08-02 14:55:00,1854.46,1855.39,1854.45,1854.94,122.2858,226848.894328,1336
2026-08-02 15:00:00,1854.95,1856.21,1853.81,1854.88,341.0232,632705.341867,3671
2026-08-02 15:05:00,1854.88,1856.76,1854.88,1856.27,139.5443,258990.462274,2057
2026-08-02 15:10:00,1856.26,1859.18,1855.77,1859.13,96.5668,179380.190557,2430
2026-08-02 15:15:00,1859.13,1859.52,1857.73,1858.01,316.8317,588855.613997,2646
2026-08-02 15:20:00,1858.0,1858.67,1857.87,1858.06,121.8876,226476.036534,1638
2026-08-02 15:25:00,1858.06,1859.19,1857.86,1858.74,100.8759,187492.993199,2309
2026-08-02 15:30:00,1858.74,1863.05,1858.5,1861.5,534.9613,995358.051922,5161
2026-08-02 15:35:00,1861.49,1861.49,1859.85,1860.29,277.8719,516939.559499,3908
2026-08-02 15:40:00,1860.29,1860.4,1859.83,1860.28,188.9551,351483.303432,2122
2026-08-02 15:45:00,1860.28,1861.0,1859.57,1859.57,205.9807,383206.811319,2111
2026-08-02 15:50:00,1859.58,1859.58,1858.41,1858.42,227.19,422333.837721,2281
2026-08-02 15:55:00,1858.42,1858.84,1858.01,1858.82,279.3612,519184.11081,2468
2026-08-02 16:00:00,1858.82,1859.19,1856.03,1857.22,176.329,327534.740685,5024
2026-08-02 16:05:00,1857.21,1858.67,1856.84,1858.19,112.8252,209611.427831,3460
2026-08-02 16:10:00,1858.19,1858.55,1857.51,1857.83,164.6195,305843.645463,3362
2026-08-02 16:15:00,1857.83,1858.67,1857.59,1857.59,94.9778,176456.945684,2399
2026-08-02 16:20:00,1857.59,1859.96,1857.51,1859.57,160.6546,298672.028078,3245
2026-08-02 16:25:00,1859.56,1859.57,1857.77,1859.15,105.4667,196000.559589,2304
2026-08-02 16:30:00,1859.16,1862.02,1858.42,1861.55,289.3618,538310.297473,6068
2026-08-02 16:35:00,1861.54,1863.04,1860.39,1862.78,293.6549,546705.565024,5417
2026-08-02 16:40:00,1862.78,1865.7,1861.98,1864.9,636.8219,1187210.636215,7897
2026-08-02 16:45:00,1864.89,1865.14,1863.8,1864.54,430.4872,802721.142398,5238
2026-08-02 16:50:00,1864.54,1864.79,1863.23,1863.79,246.2992,459063.016277,2609
2026-08-02 16:55:00,1863.79,1864.45,1863.09,1863.13,138.7532,258594.007626,2513
2026-08-02 17:00:00,1863.13,1864.43,1862.4,1864.43,186.5648,347623.439282,3299
2026-08-02 17:05:00,1864.43,1864.43,1862.57,1863.02,118.916,221572.554404,1997
2026-08-02 17:10:00,1863.02,1866.12,1863.01,1865.89,274.0923,511169.040473,3917
2026-08-02 17:15:00,1865.89,1866.04,1864.63,1864.72,437.6355,816179.299163,2264
2026-08-02 17:20:00,1864.73,1870.57,1864.73,1870.4,1129.9189,2108859.890231,5345
2026-08-02 17:25:00,1870.4,1870.4,1866.38,1866.4,322.2934,602083.219377,3467
2026-08-02 17:30:00,1866.39,1867.98,1866.39,1867.25,130.752,244156.699651,2371
2026-08-02 17:35:00,1867.25,1868.7,1867.24,1868.23,118.6374,221630.827143,1478
2026-08-02 17:40:00,1868.24,1868.58,1867.3,1868.44,201.536,376446.398442,1561
2026-08-02 17:45:00,1868.44,1869.99,1868.44,1869.52,211.3831,395120.504806,2500
2026-08-02 17:50:00,1869.53,1869.77,1868.76,1869.76,90.0146,168265.111392,897
2026-08-02 17:55:00,1869.76,1869.76,1868.65,1868.65,77.7301,145288.450578,1416
2026-08-02 18:00:00,1868.64,1871.21,1868.64,1871.01,198.5779,371336.893349,2898
2026-08-02 18:05:00,1871.0,1871.2,1868.88,1868.88,90.0058,168307.757625,1687
2026-08-02 18:10:00,1868.88,1870.49,1868.88,1870.31,94.9607,177546.583042,1490
2026-08-02 18:15:00,1870.31,1870.31,1868.62,1869.59,117.7817,220169.849907,1713
2026-08-02 18:20:00,1869.6,1869.99,1869.11,1869.11,77.1069,144152.088304,1409
2026-08-02 18:25:00,1869.11,1869.13,1868.49,1869.12,66.4797,124242.077345,914
2026-08-02 18:30:00,1869.13,1871.01,1868.99,1870.8,337.6213,631270.438577,2089
2026-08-02 18:35:00,1870.8,1876.78,1870.79,1875.53,956.509,1792495.820068,9462
2026-08-02 18:40:00,1875.52,1887.2,1874.99,1881.56,5705.1835,10739203.527857,25974
2026-08-02 18:45:00,1881.47,1882.34,1877.15,1877.47,1445.9916,2717119.683494,15554
2026-08-02 18:50:00,1877.47,1877.47,1874.68,1875.57,1284.2236,2408972.79721,10760
2026-08-02 18:55:00,1875.57,1876.7,1875.46,1875.86,322.8126,605594.46075,2860
2026-08-02 19:00:00,1875.86,1877.2,1874.8,1876.15,411.6936,772256.713753,7477
2026-08-02 19:05:00,1876.15,1878.7,1876.14,1877.33,475.7368,893283.390671,5522
2026-08-02 19:10:00,1877.33,1878.23,1876.71,1876.71,250.6498,470643.390998,3503
2026-08-02 19:15:00,1876.71,1878.25,1876.3,1877.02,217.7622,408793.116942,3362
2026-08-02 19:20:00,1877.01,1878.66,1876.63,1877.07,222.0957,417044.635286,2744
2026-08-02 19:25:00,1877.07,1877.36,1876.08,1876.09,240.9643,452224.12779,3920
2026-08-02 19:30:00,1876.09,1876.42,1875.62,1876.32,181.4379,340382.949647,2043
2026-08-02 19:35:00,1876.33,1878.38,1876.33,1878.35,407.4741,765032.757164,2578
2026-08-02 19:40:00,1878.35,1878.85,1878.19,1878.85,332.946,625425.993057,1703
2026-08-02 19:45:00,1878.85,1883.18,1878.85,1883.17,762.0428,1433312.416471,7926
2026-08-02 19:50:00,1883.18,1883.93,1882.27,1882.46,425.9412,802191.336247,5828
2026-08-02 19:55:00,1882.46,1882.58,1882.02,1882.2,112.0675,210938.54727,1303
2026-08-02 20:00:00,1882.2,1883.4,1880.56,1880.56,285.8649,538072.263412,4227
2026-08-02 20:05:00,1880.55,1882.07,1880.23,1881.67,148.4321,279202.329888,2526
2026-08-02 20:10:00,1881.67,1883.2,1880.21,1883.1,362.4681,682124.339865,3292
2026-08-02 20:15:00,1883.09,1884.31,1881.82,1882.55,305.7489,575756.740758,3340
2026-08-02 20:20:00,1882.55,1882.91,1880.53,1880.82,151.7316,285479.300039,3211
2026-08-02 20:25:00,1880.82,1880.82,1879.61,1880.19,205.0611,385524.315295,1758
2026-08-02 20:30:00,1880.19,1882.61,1879.93,1882.12,312.844,588548.762514,3680
2026-08-02 20:35:00,1882.12,1882.18,1880.98,1881.22,57.4735,108143.805036,1065
2026-08-02 20:40:00,1881.21,1881.76,1881.09,1881.17,141.2987,265860.9196,1466
2026-08-02 20:45:00,1881.18,1885.71,1880.86,1884.58,674.9219,1271402.723666,5962
2026-08-02 20:50:00,1884.58,1884.58,1882.98,1883.22,123.042,231775.006973,1449
2026-08-02 20:55:00,1883.22,1885.34,1883.21,1883.78,291.5421,549375.922162,2491
2026-08-02 21:00:00,1883.79,1886.39,1882.15,1886.33,679.5563,1280755.070601,5232
2026-08-02 21:05:00,1886.33,1887.08,1884.1,1884.69,409.7554,772522.617096,4712
2026-08-02 21:10:00,1884.68,1886.0,1884.68,1885.72,448.1234,844855.609816,3846
2026-08-02 21:15:00,1885.72,1887.12,1884.82,1884.82,399.9975,754393.721983,3368
2026-08-02 21:20:00,1884.82,1886.32,1884.82,1885.74,159.8143,301378.217623,2307
2026-08-02 21:25:00,1885.74,1887.39,1884.73,1887.1,263.5306,497133.478122,2469
2026-08-02 21:30:00,1887.09,1887.6,1885.89,1887.03,601.2772,1134397.642959,3079
2026-08-02 21:35:00,1887.02,1891.0,1886.42,1886.61,1142.5368,2157625.921793,8391
2026-08-02 21:40:00,1886.6,1898.5,1886.16,1894.22,2143.9331,4060874.219811,22630
2026-08-02 21:45:00,1894.23,1898.5,1893.84,1894.23,971.2478,1842365.399674,19517
2026-08-02 21:50:00,1894.23,1894.91,1890.57,1890.7,647.3414,1224773.018022,10944
2026-08-02 21:55:00,1890.71,1891.16,1888.57,1890.43,543.368,1026880.285461,7879
2026-08-02 22:00:00,1890.44,1897.8,1890.44,1895.74,1894.5173,3589316.072401,26590
2026-08-02 22:05:00,1895.75,1897.7,1893.09,1895.14,959.6885,1818229.840921,12570
2026-08-02 22:10:00,1895.14,1897.8,1893.75,1893.75,762.0835,1444787.943097,12871
2026-08-02 22:15:00,1893.75,1897.59,1892.38,1893.24,856.5483,1622429.452705,13214
2026-08-02 22:20:00,1893.23,1894.01,1892.18,1892.62,1048.8462,1985320.939492,7755
2026-08-02 22:25:00,1892.62,1893.77,1888.54,1890.0,673.9914,1274048.798346,5274
2026-08-02 22:30:00,1889.99,1890.64,1885.53,1885.84,825.4149,1558098.931858,6254
2026-08-02 22:35:00,1885.85,1886.6,1881.42,1882.47,1307.073,2461782.367858,9686
2026-08-02 22:40:00,1882.47,1885.72,1880.5,1885.38,561.3846,1056951.206776,5681
2026-08-02 22:45:00,1885.38,1886.12,1883.43,1883.67,364.0794,686143.649458,4798
2026-08-02 22:50:00,1883.67,1883.67,1881.37,1881.76,156.7681,295127.79929,2407
2026-08-02 22:55:00,1881.75,1882.34,1881.64,1882.11,99.9421,188095.358852,1568
2026-08-02 23:00:00,1882.1,1882.75,1880.42,1880.59,334.5978,629585.287587,7945
2026-08-02 23:05:00,1880.6,1880.7,1878.01,1879.39,426.3788,801205.418497,5847
2026-08-02 23:10:00,1879.39,1880.0,1876.39,1878.07,262.465,492825.640227,4240
2026-08-02 23:15:00,1878.08,1883.86,1877.18,1883.86,509.4078,957956.230044,7236
2026-08-02 23:20:00,1883.86,1883.87,1881.04,1882.3,357.8917,673679.455453,3826
2026-08-02 23:25:00,1882.31,1884.27,1882.31,1883.97,481.4302,906781.743887,2987
2026-08-02 23:30:00,1883.97,1884.99,1883.06,1884.59,206.9829,389914.83586,3210
2026-08-02 23:35:00,1884.59,1884.76,1882.3,1883.26,143.0847,269568.686616,3086
2026-08-02 23:40:00,1883.27,1884.32,1882.25,1884.32,157.2638,296110.866896,1821
2026-08-02 23:45:00,1884.31,1885.68,1882.89,1884.32,286.4347,539793.719666,5635
2026-08-02 23:50:00,1884.31,1885.43,1883.52,1883.9,81.4807,153563.347086,2685
2026-08-02 23:55:00,1883.9,1885.55,1882.83,1885.36,118.2105,222713.45093,3011
2026-08-03 00:00:00,1885.36,1885.95,1881.7,1881.97,1039.5464,1958527.599741,8245
2026-08-03 00:05:00,1881.97,1881.97,1878.81,1879.98,384.2821,722410.654115,5862
2026-08-03 00:10:00,1879.98,1880.2,1878.0,1879.07,253.6019,476498.546969,3675
2026-08-03 00:15:00,1879.06,1880.55,1878.21,1878.22,238.9579,449170.514492,4376
2026-08-03 00:20:00,1878.22,1879.82,1876.97,1877.71,269.2183,505649.348871,3839
2026-08-03 00:25:00,1877.71,1878.0,1873.12,1874.16,685.7656,1286097.274906,7389
2026-08-03 00:30:00,1874.16,1877.53,1871.68,1877.35,363.8147,681853.654345,7340
2026-08-03 00:35:00,1877.34,1878.38,1876.2,1878.09,181.9985,341626.86051,3855
2026-08-03 00:40:00,1878.09,1878.85,1873.61,1874.85,342.2955,642273.643469,4047
2026-08-03 00:45:00,1874.84,1875.39,1871.75,1874.1,396.0381,741901.733879,5400
2026-08-03 00:50:00,1874.15,1874.77,1872.43,1873.28,264.3451,495263.218846,3289
2026-08-03 00:55:00,1873.29,1874.35,1873.28,1873.87,251.6266,471510.988203,2387
2026-08-03 01:00:00,1873.86,1875.52,1871.88,1875.25,428.2568,802442.224861,5868
2026-08-03 01:05:00,1875.26,1875.44,1871.35,1873.35,312.3167,584848.43889,4787
2026-08-03 01:10:00,1873.34,1874.27,1869.13,1871.55,588.9387,1101967.14735,6662
2026-08-03 01:15:00,1871.56,1871.76,1869.46,1871.06,241.2623,451377.620003,4521
2026-08-03 01:20:00,1871.06,1871.06,1869.01,1870.65,150.7519,281899.085544,3894
2026-08-03 01:25:00,1870.65,1873.01,1868.69,1870.6,457.894,856628.201522,7082
2026-08-03 01:30:00,1870.6,1872.72,1869.93,1871.65,287.0031,537121.509869,5617
2026-08-03 01:35:00,1871.64,1872.35,1868.31,1868.99,500.7693,936480.347201,8004
2026-08-03 01:40:00,1868.99,1870.9,1868.81,1869.22,250.7994,468977.358105,6674
2026-08-03 01:45:00,1869.22,1869.83,1867.99,1868.11,230.308,430388.737737,5640
2026-08-03 01:50:00,1868.1,1868.4,1866.03,1866.04,543.6581,1015117.189086,6188
2026-08-03 01:55:00,1866.04,1868.57,1866.0,1867.19,128.5101,239936.214388,4091
2026-08-03 02:00:00,1867.19,1868.13,1865.47,1867.72,268.5764,501353.64884,5325
2026-08-03 02:05:00,1867.72,1868.0,1865.09,1866.38,282.7133,527684.377379,7720
2026-08-03 02:10:00,1866.38,1866.73,1864.65,1866.29,616.515,1150140.888642,5290
2026-08-03 02:15:00,1866.29,1870.27,1865.9,1870.27,423.4605,790875.112829,4938
2026-08-03 02:20:00,1870.27,1872.0,1869.68,1869.78,454.1299,849602.557666,5792
2026-08-03 02:25:00,1869.79,1870.7,1864.48,1865.82,691.9291,1291758.31797,7273
2026-08-03 02:30:00,1865.81,1867.85,1864.95,1867.85,188.0944,351084.424445,6037
2026-08-03 02:35:00,1867.85,1868.88,1866.54,1867.94,198.6194,370935.452485,4766
2026-08-03 02:40:00,1867.95,1868.72,1867.12,1867.12,138.4846,258701.078347,2174
2026-08-03 02:45:00,1867.13,1867.78,1866.37,1866.92,190.3301,355351.934124,2192
2026-08-03 02:50:00,1866.93,1867.0,1864.49,1864.89,204.9819,382484.909194,2658
2026-08-03 02:55:00,1864.89,1864.9,1862.9,1864.51,400.2259,745925.558511,3519
2026-08-03 03:00:00,1864.51,1865.21,1863.21,1864.86,300.3606,559894.300682,2992
2026-08-03 03:05:00,1864.86,1865.71,1862.26,1864.13,308.81,575479.636924,3922
2026-08-03 03:10:00,1864.13,1864.96,1863.24,1863.77,97.4566,181687.849936,2111
2026-08-03 03:15:00,1863.77,1865.21,1862.45,1863.55,206.9885,385782.170868,3208
2026-08-03 03:20:00,1863.55,1864.24,1861.66,1862.4,383.6717,714722.103817,2766
2026-08-03 03:25:00,1862.4,1862.83,1861.59,1862.64,117.7533,219277.507783,1648
2026-08-03 03:30:00,1862.64,1863.08,1861.15,1862.33,185.3609,345124.139074,2484
2026-08-03 03:35:00,1862.33,1862.33,1861.13,1861.65,241.3153,449265.9046,1872
2026-08-03 03:40:00,1861.65,1861.84,1861.17,1861.57,277.4113,516420.328053,1279
2026-08-03 03:45:00,1861.56,1861.56,1851.05,1857.96,2295.8918,4261335.473501,16464
2026-08-03 03:50:00,1857.95,1860.45,1857.25,1860.14,576.9417,1072872.871643,4137
2026-08-03 03:55:00,1860.15,1860.29,1857.21,1857.22,305.8787,568723.837232,3915
2026-08-03 04:00:00,1857.21,1860.74,1856.69,1860.1,418.2365,777690.469258,6438
2026-08-03 04:05:00,1860.09,1860.5,1858.0,1858.0,536.8835,998350.190479,4830
2026-08-03 04:10:00,1858.0,1858.68,1856.1,1857.73,247.0504,458904.04214,5964
2026-08-03 04:15:00,1857.72,1860.0,1857.72,1859.84,147.0773,273424.96638,4257
2026-08-03 04:20:00,1859.84,1861.6,1859.65,1861.03,514.0854,956739.654967,3639
2026-08-03 04:25:00,1861.02,1861.89,1860.61,1861.7,93.698,174382.796381,2289
2026-08-03 04:30:00,1861.7,1863.14,1861.69,1862.25,255.7641,476369.085438,3231
2026-08-03 04:35:00,1862.25,1862.67,1860.7,1862.65,272.0074,506365.971226,4284
2026-08-03 04:40:00,1862.65,1862.99,1861.12,1862.01,174.1051,324227.85452,2894
2026-08-03 04:45:00,1862.02,1862.02,1860.22,1860.32,188.4288,350660.279773,3388
2026-08-03 04:50:00,1860.32,1860.33,1856.49,1857.16,416.496,773938.457542,4704
2026-08-03 04:55:00,1857.17,1857.33,1854.81,1854.97,452.7874,840298.691741,6462
2026-08-03 05:00:00,1854.97,1857.38,1854.97,1855.54,161.752,300255.382673,4600
2026-08-03 05:05:00,1855.54,1857.06,1853.55,1856.96,775.9494,1439747.197112,7653
2026-08-03 05:10:00,1856.95,1858.82,1856.51,1858.41,196.5953,365202.892688,2189
2026-08-03 05:15:00,1858.41,1858.41,1856.25,1857.81,242.4347,450180.80452,3354
2026-08-03 05:20:00,1857.81,1858.27,1856.61,1857.88,172.3298,320037.880437,3035
2026-08-03 05:25:00,1857.87,1858.33,1856.98,1856.98,309.754,575458.816103,3372
2026-08-03 05:30:00,1856.98,1857.65,1856.0,1856.01,252.0064,467971.396866,2851
2026-08-03 05:35:00,1856.0,1857.77,1855.6,1857.54,451.7207,838557.15288,4189
2026-08-03 05:40:00,1857.54,1860.14,1857.09,1857.73,508.509,945292.249331,5127
2026-08-03 05:45:00,1857.73,1860.69,1857.51,1860.26,418.5425,778286.156511,4839
2026-08-03 05:50:00,1860.26,1860.91,1859.41,1859.67,283.313,526964.749048,3851
2026-08-03 05:55:00,1859.68,1860.32,1859.05,1859.88,338.4884,629496.288255,3178
2026-08-03 06:00:00,1859.88,1861.11,1859.72,1860.05,143.9233,267766.668997,3448
2026-08-03 06:05:00,1860.04,1861.04,1860.04,1860.06,150.9845,280919.007282,3587
2026-08-03 06:10:00,1860.06,1860.24,1858.81,1859.47,195.129,362873.458473,3060
2026-08-03 06:15:00,1859.47,1860.05,1858.51,1858.53,157.6765,293203.060085,2793
2026-08-03 06:20:00,1858.53,1858.96,1857.0,1858.61,252.0763,468377.167682,4346
2026-08-03 06:25:00,1858.6,1858.6,1857.0,1857.03,489.7691,909597.750694,2895
2026-08-03 06:30:00,1857.02,1858.15,1856.8,1856.94,303.6487,563967.07121,3377
2026-08-03 06:35:00,1856.94,1856.95,1852.6,1853.44,720.1334,1335880.151372,7733
2026-08-03 06:40:00,1853.43,1854.03,1847.67,1848.11,2328.8429,4310059.947323,12651
2026-08-03 06:45:00,1848.12,1851.07,1846.38,1850.73,1239.2506,2291433.851482,10952
2026-08-03 06:50:00,1850.74,1852.29,1850.01,1850.83,469.2882,868892.613322,4284
2026-08-03 06:55:00,1850.82,1850.82,1848.41,1849.28,599.3395,1108710.987337,4651
2026-08-03 07:00:00,1849.29,1849.94,1844.53,1847.43,1741.4929,3215355.446279,12062
2026-08-03 07:05:00,1847.43,1848.35,1845.54,1845.54,622.4586,1149872.57583,9262
2026-08-03 07:10:00,1845.55,1847.75,1844.5,1844.77,495.7594,915471.69659,4772
2026-08-03 07:15:00,1844.78,1844.78,1840.0,1842.69,2851.0784,5252213.712886,16299
2026-08-03 07:20:00,1842.69,1845.22,1842.11,1844.81,726.7443,1339856.019465,4810
2026-08-03 07:25:00,1844.81,1845.67,1844.11,1845.26,558.8209,1031010.304331,3970
2026-08-03 07:30:00,1845.26,1847.53,1844.45,1847.12,694.0783,1281430.25793,5067
2026-08-03 07:35:00,1847.12,1847.62,1843.29,1844.94,1149.5827,2121560.263351,6728
2026-08-03 07:40:00,1844.94,1845.67,1843.02,1843.63,616.3941,1136988.749377,3438
2026-08-03 07:45:00,1843.64,1845.38,1843.57,1844.23,770.8141,1421714.511448,4239
2026-08-03 07:50:00,1844.22,1845.91,1843.85,1845.56,1151.3544,2123948.676977,5407
2026-08-03 07:55:00,1845.57,1846.34,1842.74,1843.97,1233.6539,2275000.852778,5253
2026-08-03 08:00:00,1843.96,1845.57,1842.08,1843.65,767.2741,1414758.975111,5107
2026-08-03 08:05:00,1843.65,1844.33,1841.22,1841.92,590.8149,1088763.697371,4591
2026-08-03 08:10:00,1841.92,1843.46,1841.3,1843.46,582.2835,1072828.520453,6283
2026-08-03 08:15:00,1843.47,1843.47,1838.0,1838.0,1231.0199,2264789.406598,11812
2026-08-03 08:20:00,1838.01,1838.25,1830.93,1835.1,4429.415,8125670.786148,30659
2026-08-03 08:25:00,1835.1,1835.1,1831.7,1832.31,2137.3538,3917546.874768,16918
2026-08-03 08:30:00,1832.31,1833.17,1828.62,1832.06,1651.333,3022967.725013,23240
2026-08-03 08:35:00,1832.07,1835.78,1831.34,1833.6,1108.0128,2032311.112302,12470
2026-08-03 08:40:00,1833.6,1837.01,1833.6,1836.67,968.5708,1778277.927665,8702
2026-08-03 08:45:00,1836.68,1837.66,1836.26,1837.35,538.4526,989136.359564,6004
2026-08-03 08:50:00,1837.35,1839.62,1836.79,1839.42,724.8454,1332560.857076,5591
2026-08-03 08:55:00,1839.41,1840.79,1839.41,1840.32,599.7334,1103672.312128,5384
2026-08-03 09:00:00,1840.32,1840.59,1839.35,1840.38,691.3496,1272099.357593,6008
2026-08-03 09:05:00,1840.38,1841.06,1839.89,1840.43,506.8207,932897.732615,3819
2026-08-03 09:10:00,1840.42,1840.89,1840.0,1840.01,461.5309,849495.866934,2912
2026-08-03 09:15:00,1840.01,1842.27,1839.9,1841.27,863.7402,1590349.078373,6319
2026-08-03 09:20:00,1841.27,1843.48,1841.18,1842.13,1590.1773,2930083.633077,8261
2026-08-03 09:25:00,1842.13,1842.89,1841.51,1842.82,347.7244,640554.658374,3522
2026-08-03 09:30:00,1842.81,1845.28,1842.3,1843.6,732.5744,1350593.085971,5985
2026-08-03 09:35:00,1843.61,1844.41,1842.77,1844.0,524.1324,966219.234877,5060
2026-08-03 09:40:00,1844.0,1845.9,1844.0,1845.57,516.2737,952694.789236,3600
2026-08-03 09:45:00,1845.56,1847.4,1845.56,1846.91,507.5627,937265.735764,5254
2026-08-03 09:50:00,1846.92,1849.01,1846.92,1848.75,666.9243,1232521.449795,3745
2026-08-03 09:55:00,1848.75,1853.91,1848.75,1852.63,1104.049,2044417.649261,9307
2026-08-03 10:00:00,1852.62,1854.46,1850.7,1851.85,666.709,1235127.174734,7961
2026-08-03 10:05:00,1851.84,1851.84,1850.28,1850.91,321.5886,595241.199533,5177
2026-08-03 10:10:00,1850.91,1851.75,1850.48,1850.7,394.7341,730788.826304,4668
2026-08-03 10:15:00,1850.7,1851.87,1850.22,1851.32,1031.3857,1908713.78849,6325
2026-08-03 10:20:00,1851.32,1852.23,1850.44,1850.59,810.3945,1500261.820244,7673
2026-08-03 10:25:00,1850.58,1850.68,1848.44,1848.67,632.2528,1169451.6543,6398
2026-08-03 10:30:00,1848.67,1848.68,1846.31,1847.27,719.6345,1329629.145299,5903
2026-08-03 10:35:00,1847.27,1847.83,1846.65,1847.1,1010.081,1865949.419692,4291
2026-08-03 10:40:00,1847.09,1847.73,1846.8,1847.12,732.9617,1353979.83449,2238
2026-08-03 10:45:00,1847.12,1847.46,1844.22,1844.22,335.8909,619969.83526,3686
2026-08-03 10:50:00,1844.21,1845.25,1841.55,1845.05,698.3202,1286994.286707,4318
2026-08-03 10:55:00,1845.05,1847.07,1844.67,1846.24,354.8396,654939.18642,3209
2026-08-03 11:00:00,1846.24,1846.79,1843.36,1843.7,415.2082,766126.157321,5714
2026-08-03 11:05:00,1843.7,1843.95,1840.0,1840.8,681.9374,1255900.91486,5149
2026-08-03 11:10:00,1840.79,1842.45,1840.29,1842.44,161.9416,298203.389283,2081
2026-08-03 11:15:00,1842.43,1846.35,1841.76,1845.45,288.238,531473.265907,3981
2026-08-03 11:20:00,1845.45,1847.88,1845.4,1846.68,434.7222,802674.486882,3743
2026-08-03 11:25:00,1846.66,1846.66,1843.86,1843.99,169.6767,313131.241271,3064
2026-08-03 11:30:00,1843.98,1846.98,1843.45,1846.71,448.9071,828561.41994,4848
2026-08-03 11:35:00,1846.71,1847.51,1845.45,1845.45,200.6455,370549.449286,3833
2026-08-03 11:40:00,1845.46,1845.46,1843.31,1844.21,217.9543,401924.520412,4711
2026-08-03 11:45:00,1844.21,1844.34,1842.24,1843.05,187.1068,344903.925348,3972
2026-08-03 11:50:00,1843.05,1843.05,1841.62,1841.8,200.5959,369569.293624,4115
2026-08-03 11:55:00,1841.79,1842.01,1838.48,1839.89,916.4758,1686202.689492,7602
2026-08-03 12:00:00,1839.88,1841.27,1837.47,1838.73,620.4504,1141348.877123,6274
2026-08-03 12:05:00,1838.74,1839.38,1836.75,1839.11,539.6386,991726.533198,6005
2026-08-03 12:10:00,1839.11,1841.08,1838.47,1841.08,256.1444,471270.898229,4054
2026-08-03 12:15:00,1841.08,1843.72,1840.37,1842.75,912.2341,1680505.760155,5483
2026-08-03 12:20:00,1842.75,1843.18,1842.12,1843.0,306.1642,564158.037628,6225
2026-08-03 12:25:00,1843.0,1843.26,1842.1,1842.48,242.5829,447016.139724,4891
2026-08-03 12:30:00,1842.48,1843.36,1841.72,1842.13,339.2409,625069.307431,5384
2026-08-03 12:35:00,1842.13,1842.78,1841.46,1841.85,317.4482,584765.625855,4961
2026-08-03 12:40:00,1841.86,1844.69,1841.86,1844.69,400.0033,737192.604939,4972
2026-08-03 12:45:00,1844.7,1845.38,1843.0,1843.12,381.743,704052.587446,5419
2026-08-03 12:50:00,1843.11,1844.29,1842.15,1844.23,310.7363,572719.672001,3661
2026-08-03 12:55:00,1844.24,1845.01,1843.24,1843.7,386.1632,712208.16112,4195
2026-08-03 13:00:00,1843.69,1845.51,1843.18,1843.7,452.4781,834472.630104,5923
2026-08-03 13:05:00,1843.69,1844.58,1843.3,1844.15,248.0071,457327.268945,4178
2026-08-03 13:10:00,1844.15,1844.63,1843.6,1844.56,538.3557,992770.534998,5570
2026-08-03 13:15:00,1844.57,1850.62,1844.56,1850.54,724.6236,1339293.456485,12167
2026-08-03 13:20:00,1850.54,1853.74,1849.19,1849.47,793.9019,1469616.50187,11661
2026-08-03 13:25:00,1849.46,1849.46,1842.46,1844.14,997.473,1841365.324163,10498
2026-08-03 13:30:00,1844.15,1845.52,1838.42,1843.54,2100.0191,3869164.10112,19503
2026-08-03 13:35:00,1843.54,1851.55,1842.99,1848.69,1366.7727,2525948.588737,23134
2026-08-03 13:40:00,1848.68,1850.87,1847.53,1849.45,979.4647,1811231.807309,21052
2026-08-03 13:45:00,1849.44,1852.46,1844.52,1849.1,1283.0533,2371447.217019,23142
2026-08-03 13:50:00,1849.1,1857.49,1848.31,1855.41,1762.4907,3268054.867518,33608
2026-08-03 13:55:00,1855.42,1860.24,1855.0,1859.18,2083.5638,3872531.04827,26715
2026-08-03 14:00:00,1859.18,1860.14,1852.45,1855.53,1198.351,2222898.08254,18637
2026-08-03 14:05:00,1855.53,1856.43,1852.9,1854.73,766.5108,1421583.380366,8728
2026-08-03 14:10:00,1854.74,1860.0,1854.05,1855.11,1328.8161,2467709.259014,11843
2026-08-03 14:15:00,1855.1,1860.55,1853.73,1855.94,1521.7102,2826677.245935,11579
2026-08-03 14:20:00,1855.94,1857.64,1851.34,1857.64,1914.2417,3548439.720399,16688
2026-08-03 14:25:00,1857.63,1869.2,1857.63,1867.08,3974.8158,7408935.840235,37376
2026-08-03 14:30:00,1867.08,1869.78,1864.12,1865.61,2098.3084,3917032.52614,25158
2026-08-03 14:35:00,1865.6,1867.53,1862.27,1866.89,1832.6501,3417366.925957,15455
2026-08-03 14:40:00,1866.89,1870.44,1864.28,1865.94,1408.0102,2629611.314003,12710
2026-08-03 14:45:00,1865.94,1866.4,1862.14,1865.44,1084.8084,2022363.696669,10983
2026-08-03 14:50:00,1865.43,1869.56,1865.21,1869.32,1386.7206,2589666.104645,12400
2026-08-03 14:55:00,1869.32,1874.35,1869.26,1873.79,2491.5813,4663658.114667,22561
2026-08-03 15:00:00,1873.79,1874.08,1867.42,1868.33,1619.8803,3030687.061936,16420
2026-08-03 15:05:00,1868.33,1868.95,1865.2,1867.03,917.004,1711791.760169,12208
2026-08-03 15:10:00,1867.03,1868.45,1863.46,1865.31,1037.0393,1934390.502,8054
2026-08-03 15:15:00,1865.31,1867.19,1862.94,1867.18,718.4454,1340006.692002,9654
2026-08-03 15:20:00,1867.19,1868.55,1865.41,1867.12,861.3366,1608324.200891,6186
2026-08-03 15:25:00,1867.12,1867.22,1862.14,1863.4,1898.5435,3540753.80764,9586
2026-08-03 15:30:00,1863.41,1866.31,1862.54,1862.55,656.7514,1224442.356841,6937
2026-08-03 15:35:00,1862.54,1866.55,1862.54,1866.17,813.1187,1515908.227649,6938
2026-08-03 15:40:00,1866.17,1866.85,1861.71,1863.79,636.1306,1185840.397562,7994
2026-08-03 15:45:00,1863.79,1866.45,1863.51,1863.54,526.5132,981908.130546,10244
2026-08-03 15:50:00,1863.55,1865.66,1863.55,1864.52,568.3673,1059660.961163,7242
2026-08-03 15:55:00,1864.53,1864.53,1860.43,1863.34,586.6879,1092458.659548,9300
2026-08-03 16:00:00,1863.34,1869.23,1862.42,1865.61,1022.9677,1909475.605817,12667
2026-08-03 16:05:00,1865.61,1867.6,1861.68,1863.31,649.1934,1210874.735382,13106
2026-08-03 16:10:00,1863.3,1865.32,1862.72,1865.31,407.2858,759214.49246,5569
2026-08-03 16:15:00,1865.3,1869.18,1865.24,1868.07,757.4518,1414575.86787,8234
2026-08-03 16:20:00,1868.07,1872.0,1867.38,1871.0,1056.8334,1976512.323032,9938
2026-08-03 16:25:00,1871.0,1872.22,1868.62,1870.2,619.9119,1159565.379421,6638
2026-08-03 16:30:00,1870.19,1870.19,1866.88,1868.76,423.2284,790732.260812,4597
2026-08-03 16:35:00,1868.76,1868.82,1865.91,1866.24,433.3136,809188.739657,3999
2026-08-03 16:40:00,1866.23,1866.75,1863.31,1865.63,600.4522,1119720.287344,4828
2026-08-03 16:45:00,1865.64,1869.7,1865.63,1869.33,396.3513,740460.754944,4271
2026-08-03 16:50:00,1869.33,1869.33,1866.0,1866.07,226.161,422329.307411,3246
2026-08-03 16:55:00,1866.07,1866.56,1865.41,1866.22,178.0952,332348.92173,2211
2026-08-03 17:00:00,1866.22,1866.59,1863.64,1866.59,414.2697,772559.023411,5956
2026-08-03 17:05:00,1866.58,1868.87,1866.58,1867.7,265.5636,495995.401751,4201
2026-08-03 17:10:00,1867.71,1870.0,1867.68,1869.33,445.095,831930.331817,3899
2026-08-03 17:15:00,1869.34,1871.0,1869.09,1869.22,574.7216,1074677.496166,4564
2026-08-03 17:20:00,1869.22,1874.93,1868.12,1873.17,911.5364,1706970.502671,7544
2026-08-03 17:25:00,1873.18,1873.18,1867.17,1867.95,554.5485,1036668.953991,5391
2026-08-03 17:30:00,1867.95,1869.56,1867.18,1869.56,365.2043,682343.107131,3954
2026-08-03 17:35:00,1869.56,1871.72,1868.0,1868.01,504.6065,943503.495892,5048
2026-08-03 17:40:00,1868.0,1870.66,1867.78,1870.18,426.6859,797859.83553,3485
2026-08-03 17:45:00,1870.18,1871.17,1869.42,1870.11,354.9267,663831.329592,3738
2026-08-03 17:50:00,1870.11,1870.11,1867.84,1867.84,372.2279,695710.805277,3524
2026-08-03 17:55:00,1867.85,1869.13,1867.47,1868.84,605.9701,1132146.798864,3512
2026-08-03 18:00:00,1868.85,1870.77,1868.58,1870.33,285.7612,534234.30208,3695
2026-08-03 18:05:00,1870.33,1871.0,1869.42,1870.82,411.4049,769511.475405,5862
2026-08-03 18:10:00,1870.82,1873.41,1869.63,1872.73,682.3765,1277367.004226,7982
2026-08-03 18:15:00,1872.72,1874.0,1870.82,1870.96,569.6308,1066692.900851,10892
2026-08-03 18:20:00,1870.96,1872.99,1870.67,1871.06,243.0578,454938.008747,6594
2026-08-03 18:25:00,1871.07,1871.7,1867.75,1868.89,420.5603,786431.137054,7058
2026-08-03 18:30:00,1868.89,1871.09,1868.82,1869.82,301.5022,563752.1919,5537
2026-08-03 18:35:00,1869.83,1870.32,1868.82,1869.27,333.1635,622925.254339,5419
2026-08-03 18:40:00,1869.27,1869.94,1867.38,1869.03,335.3319,626577.660191,6571
2026-08-03 18:45:00,1869.04,1869.32,1866.72,1869.11,426.2826,796341.682873,6248
2026-08-03 18:50:00,1869.12,1870.11,1868.18,1870.1,185.3065,346388.070143,2934
2026-08-03 18:55:00,1870.1,1870.64,1868.95,1868.96,271.9038,508446.293701,3375
2026-08-03 19:00:00,1868.96,1870.81,1868.77,1870.23,290.4754,543166.066804,4946
2026-08-03 19:05:00,1870.24,1870.81,1868.2,1870.63,509.0757,951832.416472,5804
2026-08-03 19:10:00,1870.62,1871.59,1869.82,1870.89,297.0983,555837.553077,3357
2026-08-03 19:15:00,1870.9,1871.88,1870.02,1870.53,421.1099,787964.800141,4252
2026-08-03 19:20:00,1870.53,1872.93,1870.22,1871.78,685.8785,1283732.458306,3652
2026-08-03 19:25:00,1871.77,1874.06,1871.1,1872.51,475.5354,890521.846912,5282
2026-08-03 19:30:00,1872.51,1876.5,1872.51,1875.87,919.507,1723722.097926,6731
2026-08-03 19:35:00,1875.91,1876.14,1870.43,1870.43,462.3855,865802.342686,5782
2026-08-03 19:40:00,1870.44,1872.0,1869.6,1871.67,365.5012,683877.866816,3724
2026-08-03 19:45:00,1871.67,1872.47,1870.94,1871.82,236.7848,443213.179562,3484
2026-08-03 19:50:00,1871.83,1873.0,1871.83,1871.85,751.6794,1407443.864279,4098
2026-08-03 19:55:00,1871.86,1871.86,1869.8,1870.2,416.2094,778647.60422,3811
2026-08-03 20:00:00,1870.2,1870.99,1868.48,1870.58,429.4965,802913.927649,4661
2026-08-03 20:05:00,1870.59,1872.02,1870.43,1871.97,225.3195,421616.491827,3336
2026-08-03 20:10:00,1871.96,1872.75,1871.51,1871.51,204.2757,382428.13573,2604
2026-08-03 20:15:00,1871.51,1874.62,1871.51,1874.6,453.5685,849724.420104,3387
2026-08-03 20:20:00,1874.59,1875.99,1872.84,1872.98,254.8958,477872.228731,3279
2026-08-03 20:25:00,1872.99,1872.99,1871.76,1872.23,160.7872,301087.775065,2265
2026-08-03 20:30:00,1872.23,1872.99,1872.23,1872.44,203.7904,381615.493504,1750
2026-08-03 20:35:00,1872.44,1872.99,1872.23,1872.24,201.2182,376831.058055,1959
2026-08-03 20:40:00,1872.23,1872.49,1871.35,1872.49,106.4217,199220.495697,929
2026-08-03 20:45:00,1872.48,1872.62,1867.21,1867.42,4213.0948,7879882.568573,6245
2026-08-03 20:50:00,1867.42,1868.45,1866.61,1867.86,680.7283,1271198.120369,3940
2026-08-03 20:55:00,1867.86,1868.98,1867.86,1868.97,213.7725,399469.825991,1749
2026-08-03 21:00:00,1868.97,1868.98,1866.56,1866.78,313.639,585723.790586,2453
2026-08-03 21:05:00,1866.78,1867.93,1866.56,1866.67,252.9284,472291.798967,2109
2026-08-03 21:10:00,1866.67,1867.48,1865.48,1866.43,294.7721,550228.329416,2209
2026-08-03 21:15:00,1866.43,1867.2,1864.78,1864.95,556.5694,1038265.865731,3610
2026-08-03 21:20:00,1864.96,1866.53,1864.78,1865.49,240.2823,448238.001247,1507
2026-08-03 21:25:00,1865.48,1866.69,1865.25,1866.65,774.8589,1446117.215852,1609
2026-08-03 21:30:00,1866.64,1867.67,1866.64,1867.09,228.2448,426212.74311,1178
2026-08-03 21:35:00,1867.1,1869.15,1866.86,1868.79,238.2042,444920.246613,1961
2026-08-03 21:40:00,1868.8,1869.13,1867.81,1868.67,415.9787,777234.636501,3126
2026-08-03 21:45:00,1868.67,1868.8,1867.44,1867.44,269.5011,503472.342067,2101
2026-08-03 21:50:00,1867.44,1867.8,1864.42,1864.69,384.1043,716556.54051,2637
2026-08-03 21:55:00,1864.69,1865.05,1863.57,1863.6,756.0819,1409604.585521,4051
2026-08-03 22:00:00,1863.6,1864.75,1857.13,1859.48,1314.2119,2445301.253575,7883
2026-08-03 22:05:00,1859.49,1859.49,1852.45,1856.91,1344.3007,2494419.805533,15600
2026-08-03 22:10:00,1856.92,1859.56,1856.24,1859.47,491.7462,913698.913726,4869
2026-08-03 22:15:00,1859.46,1866.12,1859.46,1863.5,1096.1927,2042295.951326,6976
2026-08-03 22:20:00,1863.5,1863.96,1859.86,1860.7,323.4164,602117.491985,3477
2026-08-03 22:25:00,1860.71,1860.84,1858.85,1859.55,254.1441,472610.450087,2241
2026-08-03 22:30:00,1859.55,1859.55,1857.21,1858.48,494.6154,919318.017875,4499
2026-08-03 22:35:00,1858.48,1858.48,1856.15,1856.26,289.242,537120.326074,2215
2026-08-03 22:40:00,1856.26,1857.81,1856.01,1856.89,154.5063,286910.391737,2271
2026-08-03 22:45:00,1856.89,1859.34,1856.73,1859.15,269.5032,500735.086868,2872
2026-08-03 22:50:00,1859.14,1860.9,1858.64,1860.77,275.982,513287.748375,1754
2026-08-03 22:55:00,1860.77,1860.78,1860.03,1860.4,93.4468,173846.089964,1215
2026-08-03 23:00:00,1860.39,1860.39,1857.41,1859.19,275.6717,512521.212729,3496
2026-08-03 23:05:00,1859.19,1859.19,1856.87,1858.32,272.3195,506064.803552,2336
2026-08-03 23:10:00,1858.32,1858.32,1856.22,1856.74,153.5397,285189.504537,2337
2026-08-03 23:15:00,1856.74,1859.59,1856.74,1857.58,329.3365,612054.524187,3208
2026-08-03 23:20:00,1857.59,1858.94,1856.99,1858.86,104.2305,193656.71931,1483
2026-08-03 23:25:00,1858.85,1859.57,1857.91,1859.47,247.2589,459600.443729,1731
2026-08-03 23:30:00,1859.48,1859.97,1858.22,1858.96,138.5046,257479.698702,2036
2026-08-03 23:35:00,1858.95,1858.95,1857.21,1857.66,187.1391,347713.631571,1796
2026-08-03 23:40:00,1857.66,1858.88,1857.15,1858.65,421.1527,782614.475447,2006
2026-08-03 23:45:00,1858.64,1859.82,1857.73,1858.28,194.6929,361933.47315,2587
2026-08-03 23:50:00,1858.28,1859.58,1858.17,1859.37,141.3771,262771.313833,1745
2026-08-03 23:55:00,1859.37,1860.5,1859.37,1860.5,102.3844,190446.16854,1180
2026-08-04 00:00:00,1860.5,1861.96,1857.97,1861.84,424.3415,789122.276739,5264
2026-08-04 00:05:00,1861.83,1862.85,1859.4,1862.25,833.5416,1551191.360539,5552
2026-08-04 00:10:00,1862.25,1863.12,1859.12,1859.53,572.0925,1064296.527753,5594
2026-08-04 00:15:00,1859.54,1859.74,1856.34,1857.72,539.0933,1001395.919097,5369
2026-08-04 00:20:00,1857.71,1859.61,1856.72,1858.08,315.4861,586228.141772,5200
2026-08-04 00:25:00,1858.08,1858.54,1855.59,1856.87,351.9165,653572.778431,3822
2026-08-04 00:30:00,1856.86,1856.86,1853.17,1853.17,733.2035,1359921.399794,6346
2026-08-04 00:35:00,1853.16,1853.43,1849.12,1850.55,4232.6981,7832318.328252,12499
2026-08-04 00:40:00,1850.54,1852.45,1848.38,1852.26,688.6727,1274161.100095,6983
2026-08-04 00:45:00,1852.26,1854.57,1849.74,1854.28,505.643,936320.166324,5994
2026-08-04 00:50:00,1854.28,1856.19,1851.96,1852.56,348.6667,646354.276184,5176
2026-08-04 00:55:00,1852.56,1852.75,1849.64,1851.3,542.0815,1003140.271031,5486
2026-08-04 01:00:00,1851.3,1853.99,1849.12,1850.13,704.2844,1303721.021855,6632
2026-08-04 01:05:00,1850.13,1854.46,1850.13,1853.04,361.8806,670517.395342,4624
2026-08-04 01:10:00,1853.03,1853.75,1852.09,1852.94,679.4655,1259220.165295,3972
2026-08-04 01:15:00,1852.94,1854.99,1851.3,1854.88,370.4486,686510.795876,6441
2026-08-04 01:20:00,1854.87,1857.64,1854.6,1855.31,443.5738,823291.493353,4862
2026-08-04 01:25:00,1855.31,1855.7,1853.36,1855.7,444.05,823618.798798,4584
2026-08-04 01:30:00,1855.71,1864.09,1855.45,1862.79,874.2451,1626308.93739,9601
2026-08-04 01:35:00,1862.79,1864.8,1860.85,1862.63,1361.1861,2534857.692739,8586
2026-08-04 01:40:00,1862.64,1869.72,1862.64,1865.96,1654.6267,3088216.999677,18721
2026-08-04 01:45:00,1865.96,1867.51,1863.69,1865.12,925.8447,1727087.543017,10571
2026-08-04 01:50:00,1865.12,1869.21,1863.79,1868.26,677.7927,1265479.593823,9347
2026-08-04 01:55:00,1868.27,1868.83,1866.97,1867.64,546.2047,1020196.777195,5645
2026-08-04 02:00:00,1867.64,1868.83,1866.29,1866.43,540.775,1009851.748082,6027
2026-08-04 02:05:00,1866.43,1866.5,1864.48,1866.48,522.1208,973924.134634,4740
2026-08-04 02:10:00,1866.48,1867.0,1864.72,1865.5,425.5922,793967.042519,3923
2026-08-04 02:15:00,1865.49,1866.47,1863.52,1864.85,532.5438,993290.476946,4697
2026-08-04 02:20:00,1864.85,1865.12,1862.52,1863.77,510.1297,950730.017399,4296
2026-08-04 02:25:00,1863.78,1864.52,1862.82,1862.83,474.382,884144.096142,3946
2026-08-04 02:30:00,1862.83,1866.3,1862.09,1866.3,358.2821,668001.540314,4112
2026-08-04 02:35:00,1866.29,1872.5,1865.95,1867.63,1034.8109,1934205.575185,7919
2026-08-04 02:40:00,1867.62,1869.03,1867.35,1868.69,206.1854,385166.726346,2511
2026-08-04 02:45:00,1868.7,1869.78,1867.11,1867.78,359.2615,671087.945331,3301
2026-08-04 02:50:00,1867.77,1867.77,1865.87,1865.99,162.0136,302484.799382,1918
2026-08-04 02:55:00,1865.99,1866.52,1865.36,1866.17,218.7164,408120.919673,2173
2026-08-04 03:00:00,1866.17,1866.82,1864.7,1865.75,449.5966,838670.345265,3768
2026-08-04 03:05:00,1865.75,1866.4,1864.3,1865.07,174.4193,325318.143972,2881
2026-08-04 03:10:00,1865.07,1865.16,1860.0,1860.01,863.5989,1607587.215003,3667
2026-08-04 03:15:00,1860.01,1861.36,1858.38,1859.41,848.9066,1578965.48384,5631
2026-08-04 03:20:00,1859.41,1860.93,1859.3,1859.41,387.4884,720803.249724,2687
2026-08-04 03:25:00,1859.41,1862.62,1859.4,1862.26,297.3318,553371.109444,3407
2026-08-04 03:30:00,1862.25,1866.96,1862.25,1864.06,360.7621,672797.437846,5165
2026-08-04 03:35:00,1864.06,1865.88,1863.91,1865.88,155.2636,289508.619247,2492
2026-08-04 03:40:00,1865.87,1866.16,1864.62,1865.05,114.4059,213394.534995,2707
2026-08-04 03:45:00,1865.06,1866.25,1864.26,1865.64,150.9236,281497.727999,2593
2026-08-04 03:50:00,1865.65,1866.8,1865.0,1865.0,341.46,637192.44424,3560
2026-08-04 03:55:00,1865.0,1865.51,1864.19,1864.19,238.3101,444459.484507,1834
2026-08-04 04:00:00,1864.2,1864.85,1863.5,1863.9,591.3128,1102298.070293,3934
2026-08-04 04:05:00,1863.91,1863.91,1862.09,1863.78,351.9013,655564.678797,3796
2026-08-04 04:10:00,1863.78,1864.13,1862.71,1863.23,158.3465,295043.857849,2159
2026-08-04 04:15:00,1863.24,1866.98,1863.01,1866.59,342.9066,639744.610349,3427
2026-08-04 04:20:00,1866.59,1867.52,1866.41,1866.7,396.9768,741143.140049,2633
2026-08-04 04:25:00,1866.71,1867.47,1866.0,1866.19,313.4824,585113.323837,2025
2026-08-04 04:30:00,1866.19,1868.17,1866.18,1868.17,743.3586,1388188.537626,2781
2026-08-04 04:35:00,1868.16,1871.22,1867.31,1871.19,593.2675,1109106.698514,5228
2026-08-04 04:40:00,1871.19,1871.2,1869.98,1871.09,283.5378,530386.834223,3143
2026-08-04 04:45:00,1871.08,1874.71,1870.53,1871.84,1186.4182,2222006.429857,9740
2026-08-04 04:50:00,1871.85,1872.56,1870.48,1870.82,422.0591,789908.758488,4063
2026-08-04 04:55:00,1870.82,1871.65,1868.0,1868.01,747.4897,1397872.204664,3555
2026-08-04 05:00:00,1868.0,1870.54,1866.25,1867.77,780.9022,1459287.163826,5311
2026-08-04 05:05:00,1867.77,1868.04,1865.71,1866.35,254.3414,474768.268611,2418
2026-08-04 05:10:00,1866.35,1866.36,1864.43,1864.79,332.6834,620597.369178,2909
2026-08-04 05:15:00,1864.79,1865.86,1864.64,1865.51,184.3489,343818.582823,2942
2026-08-04 05:20:00,1865.5,1866.83,1865.47,1866.11,217.3178,405536.283215,2514
2026-08-04 05:25:00,1866.11,1866.11,1864.64,1864.83,273.6595,510361.459443,1523
2026-08-04 05:30:00,1864.83,1865.86,1864.43,1865.14,216.5118,403801.198147,2589
2026-08-04 05:35:00,1865.13,1866.0,1864.85,1865.39,148.1903,276463.154002,2069
2026-08-04 05:40:00,1865.38,1865.99,1865.1,1865.66,139.0462,259400.736099,1447
2026-08-04 05:45:00,1865.65,1865.81,1864.53,1864.76,273.5581,510200.491357,2609
2026-08-04 05:50:00,1864.77,1864.77,1864.28,1864.51,256.0241,477372.307466,1683
2026-08-04 05:55:00,1864.5,1864.61,1864.3,1864.42,222.2234,414321.910819,1321
2026-08-04 06:00:00,1864.42,1864.7,1862.97,1864.45,341.4808,636430.185738,3334
2026-08-04 06:05:00,1864.45,1865.12,1863.76,1864.65,250.7679,467568.553841,3202
2026-08-04 06:10:00,1864.64,1865.16,1863.22,1863.86,259.8635,484375.321201,4072
2026-08-04 06:15:00,1863.87,1882.44,1863.35,1867.9,9286.9454,17354762.709875,15435
2026-08-04 06:20:00,1867.89,1867.9,1865.35,1865.36,678.7729,1266920.570038,5633
2026-08-04 06:25:00,1865.36,1865.36,1862.21,1862.72,482.6558,899506.973365,5491
2026-08-04 06:30:00,1862.72,1863.49,1862.28,1863.44,154.8049,288390.661879,2417
2026-08-04 06:35:00,1863.45,1863.65,1857.14,1857.71,980.9223,1824749.231886,8090
2026-08-04 06:40:00,1857.72,1858.45,1855.69,1856.65,1203.5785,2235382.779481,11769
2026-08-04 06:45:00,1856.64,1856.74,1855.61,1855.85,739.3151,1372359.681832,7258
2026-08-04 06:50:00,1855.84,1856.68,1854.65,1856.29,503.6959,934717.880516,5238
2026-08-04 06:55:00,1856.29,1856.96,1855.93,1856.96,795.2028,1476090.542754,4154
2026-08-04 07:00:00,1856.96,1858.6,1856.02,1858.35,361.9326,672203.16408,4360
2026-08-04 07:05:00,1858.35,1858.79,1856.36,1856.65,354.1253,657814.697123,3622
2026-08-04 07:10:00,1856.65,1856.77,1855.03,1855.51,583.4332,1082669.10782,5900
2026-08-04 07:15:00,1855.51,1856.31,1854.11,1854.19,724.7831,1344556.684846,7387
2026-08-04 07:20:00,1854.18,1855.25,1853.54,1855.25,624.2467,1157365.521791,7015
2026-08-04 07:25:00,1855.25,1857.67,1855.25,1857.65,450.2917,836152.455005,3519
