timestamp,open,high,low,close,volume,close_time,quote_volume,trades,taker_buy_base,taker_buy_quote,ignore,date,rsi,rolling_mean,rolling_std,zscore,return,log_return
2020-01-02,130.63,130.75,126.25,127.11,523582.924,2020-01-02 23:59:59.999,67377970.84502,47479,253840.635,32674934.35326,0,2020-01-02,,,,,,
2020-01-03,127.11,135.07,125.78,134.29,951123.597,2020-01-03 23:59:59.999,125018928.04077,106861,486159.153,63907153.10402,0,2020-01-03,,,,,0.056486507749193615,0.05494878728650637
2020-01-04,134.31,135.8,132.41,134.14,509778.108,2020-01-04 23:59:59.999,68153930.41227,65138,257304.84,34406351.99057,0,2020-01-04,,,,,-0.0011169856281182389,-0.0011176099214927331
2020-01-05,134.14,138.17,134.12,135.33,669677.687,2020-01-05 23:59:59.999,91098597.42478,71080,332189.944,45185997.79727,0,2020-01-05,,,,,0.008871328462800365,0.008832209416823385
2020-01-06,135.32,144.38,134.82,144.04,1095147.166,2020-01-06 23:59:59.999,153993462.03959,89851,565039.363,79461767.47336,0,2020-01-06,,,,,0.06436119116234384,0.06237479869226018
2020-01-07,144.11,145.25,138.7,142.86,963331.505,2020-01-07 23:59:59.999,137384193.55172,82275,481985.847,68782673.41951,0,2020-01-07,,,,,-0.008192168841988146,-0.008225909053847881
2020-01-08,142.86,147.94,137.15,140.75,1208133.766,2020-01-08 23:59:59.999,171733898.79286,117669,593769.495,84431362.93629,0,2020-01-08,,,,,-0.014769704605907985,-0.014879862707026755
2020-01-09,140.76,141.52,135.33,137.73,956864.213,2020-01-09 23:59:59.999,132349219.83971,79801,460011.726,63634192.42552,0,2020-01-09,,,,,-0.02145648312611015,-0.02169002009055942
2020-01-10,137.73,145.15,135.22,144.8,908378.249,2020-01-10 23:59:59.999,127143267.90469,88107,451491.742,63243003.62813,0,2020-01-10,,,,,0.05133231685181161,0.05005823302237571
2020-01-11,144.8,148.03,142.0,142.4,832163.204,2020-01-11 23:59:59.999,119977193.63432,83777,400748.783,57809841.35838,0,2020-01-11,,,,,-0.016574585635359185,-0.016713480973740667
2020-01-12,142.4,146.6,141.71,146.57,630256.911,2020-01-12 23:59:59.999,90941158.24868,63661,329084.039,47490278.22387,0,2020-01-12,,,,,0.02928370786516843,0.02886313106133378
2020-01-13,146.57,147.0,142.32,143.58,558655.672,2020-01-13 23:59:59.999,80266745.59378,55178,279441.457,40161070.63786,0,2020-01-13,,,,,-0.02039980896499949,-0.020610758890872147
2020-01-14,143.57,171.0,143.49,165.77,2169559.414,2020-01-14 23:59:59.999,342187335.94531,200718,1093708.213,172392113.33496,0,2020-01-14,,,,,0.15454798718484475,0.14370891428843774
2020-01-15,165.75,172.18,159.35,166.6,1391999.279,2020-01-15 23:59:59.999,230286716.67757,161755,659342.288,109136637.08767,0,2020-01-15,81.24703275834784,,,,0.005006937322796556,0.004994444295967591
2020-01-16,166.61,167.63,158.43,164.37,784199.474,2020-01-16 23:59:59.999,127461014.43638,96110,371086.603,60358530.56161,0,2020-01-16,78.47752980739835,,,,-0.013385354141656647,-0.01347574551430825
2020-01-17,164.39,174.79,162.27,170.06,946707.348,2020-01-17 23:59:59.999,160259747.79844,132234,457329.539,77442370.40568,0,2020-01-17,77.97591115282341,,,,0.03461702257102872,0.03403133173921234
2020-01-18,170.06,179.57,165.08,174.43,819444.357,2020-01-18 23:59:59.999,142262348.68168,126514,390507.838,67879871.85541,0,2020-01-18,79.55979457079974,,,,0.025696812889568488,0.0253721990723971
2020-01-19,174.37,178.42,161.81,167.04,742371.819,2020-01-19 23:59:59.999,125956521.7234,123733,340703.545,57894394.44088,0,2020-01-19,71.32481506388702,,,,-0.04236656538439498,-0.04329021033576965
2020-01-20,167.04,169.48,161.5,167.03,390055.869,2020-01-20 23:59:59.999,64624702.00634,60886,177886.786,29490461.02375,0,2020-01-20,67.50952018278753,,,,-5.9865900383093695e-05,-5.986769241762957e-05
2020-01-21,167.01,170.34,165.02,169.52,351565.999,2020-01-21 23:59:59.999,58986902.98569,48717,170834.392,28676762.37858,0,2020-01-21,69.9074074074074,150.921,15.169791623312966,1.2260550745744614,0.014907501646410859,0.014797476958187443
2020-01-22,169.62,171.61,166.12,168.19,334378.174,2020-01-22 23:59:59.999,56350595.56504,46337,163071.874,27491493.08245,0,2020-01-22,70.7313387730432,152.975,14.544315764333186,1.0461131514561535,-0.007845681925436554,-0.00787662122070218
2020-01-23,168.24,168.38,159.41,162.97,481102.22,2020-01-23 23:59:59.999,78583548.01533,67538,222287.501,36313451.31092,0,2020-01-23,68.45568879789414,154.409,14.009111658976932,0.6111022746052697,-0.031036327962423393,-0.031528157951444015
2020-01-24,162.97,164.65,155.72,162.63,472568.424,2020-01-24 23:59:59.999,75924771.97144,64720,227946.374,36649321.72762,0,2020-01-24,64.46066504460664,155.83350000000002,13.26851725940608,0.512227543373916,-0.0020862735472786387,-0.0020884528475408936
2020-01-25,162.66,163.0,157.8,160.52,282785.555,2020-01-25 23:59:59.999,45339862.12769,42072,139386.142,22353858.35028,0,2020-01-25,64.76531942633639,157.09300000000002,12.386028674106502,0.276682711639791,-0.012974235995818595,-0.013059136541640396
2020-01-26,160.5,168.16,159.5,167.9,326188.863,2020-01-26 23:59:59.999,53409274.40732,43835,165546.267,27127146.45932,0,2020-01-26,66.5169583397863,158.286,12.210448243851998,0.7873584825062164,0.045975579367057096,0.04495001868477919
2020-01-27,167.98,172.26,165.28,170.21,418039.792,2020-01-27 23:59:59.999,70720869.02324,53201,205608.964,34806573.43452,0,2020-01-27,70.84050712161527,159.6535,11.919963473539886,0.8856151298981307,0.013758189398451526,0.013664404736386642
2020-01-28,170.25,176.7,170.22,175.88,525282.459,2020-01-28 23:59:59.999,90758791.20274,72110,270004.061,46676300.09117,0,2020-01-28,60.671310956301454,161.41000000000003,11.571007780337462,1.2505393025997915,0.033311791316608774,0.03276897549272754
2020-01-29,175.89,178.85,173.3,173.8,401619.605,2020-01-29 23:59:59.999,70901067.68041,57915,185615.397,32786299.58685,0,2020-01-29,57.40436034553684,163.2135,10.441802765806212,1.0138574954382042,-0.011826245167159355,-0.011896731481317634
2020-01-30,173.86,187.4,171.07,185.14,653770.608,2020-01-30 23:59:59.999,116665433.71156,86918,326526.705,58296995.18522,0,2020-01-30,67.98891390957908,165.23049999999998,10.592803652033028,1.8795307318076144,0.0652474108170309,0.06320708280777337
2020-01-31,185.16,186.34,175.5,180.14,672522.049,2020-01-31 23:59:59.999,121744510.77084,82806,314492.275,56925203.37113,0,2020-01-31,58.835904628330994,167.1175,9.62941867130961,1.3523661650313215,-0.027006589607864284,-0.0273779692834684
2020-02-01,180.14,184.58,179.41,183.82,526688.019,2020-02-01 23:59:59.999,96080885.54872,73274,249313.968,45501296.89903,0,2020-02-01,58.3318544809228,168.98,9.029728678094232,1.6434602333070385,0.020428555567891582,0.020222691574366607
2020-02-02,183.8,193.7,179.0,188.59,907342.798,2020-02-02 23:59:59.999,170846713.44708,136351,466111.723,87794354.83827,0,2020-02-02,70.05397357156154,171.2305,7.904965444845891,2.196024779756444,0.02594929822652592,0.025618328594310315
2020-02-03,188.64,195.45,186.65,189.92,652054.538,2020-02-03 23:59:59.999,124122130.70399,91435,316307.928,60255705.27633,0,2020-02-03,70.79019073569482,172.43800000000002,8.818641499388306,1.9823915056772166,0.007052335754812011,0.007027584337084114
2020-02-04,189.89,191.76,184.71,189.01,614290.379,2020-02-04 23:59:59.999,115364577.74246,80668,291973.564,54837961.94932,0,2020-02-04,68.22517299420235,173.5585,9.439666739768478,1.6368692270569452,-0.004791491154170213,-0.004803007148492989
2020-02-05,189.0,208.18,188.26,204.1,902811.615,2020-02-05 23:59:59.999,178375200.47346,110642,471954.871,93196284.84241,0,2020-02-05,76.70682730923697,175.545,11.384361156752036,2.5082654710988423,0.07983704565895988,0.07681014610293418
2020-02-06,204.1,216.7,201.28,213.27,1254989.317,2020-02-06 23:59:59.999,264288535.88063,171238,610706.4,128644935.73927,0,2020-02-06,85.33295869626303,177.7055,14.071630839162882,2.5273900663326194,0.04492895639392458,0.04394889879370235
2020-02-07,213.3,225.36,213.3,223.57,1054174.736,2020-02-07 23:59:59.999,232249153.37736,135137,517661.199,114073475.57485,0,2020-02-07,87.55237860488049,180.1625,17.372530608314875,2.498628494528265,0.04829558775261389,0.047165595512666164
2020-02-08,223.57,228.02,213.35,223.57,1090545.108,2020-02-08 23:59:59.999,243043392.21839,136512,543988.258,121365032.60704,0,2020-02-08,89.88991522206759,182.989,19.583183682892038,2.0722371120611887,0.0,0.0
2020-02-09,223.57,230.9,223.5,228.64,969021.787,2020-02-09 23:59:59.999,220695663.91218,120637,482868.547,109983734.26184,0,2020-02-09,89.58550573514079,186.0695,21.67469430974855,1.9640646087845033,0.02267746119783509,0.022424150059389487
2020-02-10,228.71,229.96,217.32,223.03,1175671.024,2020-02-10 23:59:59.999,262203105.9402,160175,558120.984,124472501.09725,0,2020-02-10,83.00424893776558,188.745,22.797831960632923,1.5038710724424589,-0.024536389083274934,-0.024842422621690705
2020-02-11,223.04,239.98,218.64,237.16,1194286.448,2020-02-11 23:59:59.999,272327898.64944,165529,602437.545,137454951.49244,0,2020-02-11,84.62929475587705,192.1935,24.664851248391,1.823100392828575,0.06335470564498058,0.06142872727930054
2020-02-12,237.17,277.97,237.17,266.24,2223807.477,2020-02-12 23:59:59.999,574225360.14547,334904,1114986.26,288056590.6003,0,2020-02-12,90.02424662279184,197.35700000000003,28.70391447722383,2.399777216959649,0.12261764209816173,0.11566313879367696
2020-02-13,266.26,278.8,256.2,268.48,2386998.02,2020-02-13 23:59:59.999,639755030.53358,373205,1154240.28,309528635.82975,0,2020-02-13,89.17089678511,202.6495,31.578377758239796,2.084670102561642,0.008413461538461675,0.00837826564599772
2020-02-14,268.48,287.58,260.53,285.4,1447161.175,2020-02-14 23:59:59.999,395789382.38502,239287,734046.309,200955793.60695,0,2020-02-14,94.48858833474219,208.8935,34.973437029144925,2.1875602313905755,0.06302145411203797,0.061115281763894524
2020-02-15,285.4,289.0,262.41,265.08,1925220.413,2020-02-15 23:59:59.999,529235758.42768,300463,912474.572,250947476.47505,0,2020-02-15,80.10967837557433,213.7525,35.72110004126244,1.436895838613877,-0.07119831814996491,-0.07386003782270988
2020-02-16,265.16,274.3,237.86,258.87,2297491.401,2020-02-16 23:59:59.999,594576100.72784,379609,1101439.466,285170253.02842,0,2020-02-16,75.76624138436722,218.1855,35.533936703263855,1.1449477253181202,-0.023426889995473044,-0.023705662031700263
2020-02-17,258.87,268.81,242.32,268.0,2129022.892,2020-02-17 23:59:59.999,538264137.1458,384716,1063497.823,269082793.60059,0,2020-02-17,77.07726453044808,222.79149999999998,35.73143747384577,1.2652303740394195,0.03526866767103187,0.03466097532253092
2020-02-18,267.99,286.48,258.78,282.96,1885124.383,2020-02-18 23:59:59.999,515176525.90584,295234,943749.819,258123817.01442,0,2020-02-18,79.68779624597107,228.24949999999998,36.18829622885482,1.511828566175394,0.055820895522388,0.054318564386368444
2020-02-19,282.96,286.7,250.0,258.43,1677778.697,2020-02-19 23:59:59.999,459670219.19239,276538,782917.559,215013605.81283,0,2020-02-19,66.20146716765075,231.914,35.29285396581877,0.7513135669243649,-0.08669069833191967,-0.0906806806565465
2020-02-20,258.39,264.32,245.91,257.11,1618473.989,2020-02-20 23:59:59.999,415072958.53042,371065,790782.295,202893315.78492,0,2020-02-20,63.71542985859092,235.7625,33.5011371173856,0.6372171763961295,-0.005107766126223656,-0.005120855353789307
2020-02-21,257.18,268.5,253.89,265.44,985301.295,2020-02-21 23:59:59.999,258780144.08535,186008,485006.49,127416333.80961,0,2020-02-21,63.26259106746913,239.8435,31.767110644252586,0.8057547407016381,0.032398584263544805,0.03188481755524513
2020-02-22,265.45,267.16,256.23,261.83,752957.418,2020-02-22 23:59:59.999,196960689.6889,168666,369197.715,96597080.93081,0,2020-02-22,61.84813576117924,243.50549999999998,29.702132738416285,0.6169422297510432,-0.01360006027727556,-0.013693388240353486
2020-02-23,261.82,275.84,261.5,274.67,940831.98,2020-02-23 23:59:59.999,254128741.02017,195861,489965.233,132338552.23739,0,2020-02-23,63.59983454470249,247.743,27.62798849755489,0.9746275955769669,0.049039453080242934,0.047874938888271455
2020-02-24,274.66,277.26,257.5,265.7,1483265.023,2020-02-24 23:59:59.999,396190156.06157,292530,692233.134,184921494.2273,0,2020-02-24,62.361666376962745,251.57749999999996,24.150438565266434,0.5847719892056639,-0.03265737066297747,-0.03320252432428466
2020-02-25,265.69,266.4,244.57,247.03,1563901.657,2020-02-25 23:59:59.999,399165818.02308,307867,753421.526,192365512.49983,0,2020-02-25,52.786089312934,253.72400000000002,21.46729149684461,-0.3118232218994157,-0.07026721866767027,-0.07285806602327578
2020-02-26,247.03,250.54,215.75,224.1,2729291.802,2020-02-26 23:59:59.999,633303689.86963,505295,1294649.229,300389579.23579,0,2020-02-26,37.676921277342366,254.26549999999997,20.508327313813204,-1.470890313891288,-0.09282273408088093,-0.09741740593561077
2020-02-27,224.13,238.58,210.01,227.92,2374539.334,2020-02-27 23:59:59.999,536493997.29536,538634,1175706.614,265615392.59061,0,2020-02-27,38.24756606397773,254.483,20.186190980860157,-1.31589956843201,0.017045961624274852,0.016902309382771517
2020-02-28,227.93,234.93,214.25,227.09,2026863.186,2020-02-28 23:59:59.999,454376453.34299,416639,1002979.415,224893570.98125,0,2020-02-28,31.367035214418095,254.65900000000002,19.91601733067532,-1.3842627038457793,-0.003641628641628536,-0.0036482755130751933
2020-02-29,227.04,233.33,217.14,217.31,1309444.25,2020-02-29 23:59:59.999,295997709.3792,239830,625224.35,141413408.27497,0,2020-02-29,33.63256355787021,254.09250000000003,20.835001136750424,-1.7654186701780468,-0.04306662556695584,-0.044021509144932594
2020-03-01,217.37,228.0,212.33,218.01,1775078.523,2020-03-01 23:59:59.999,390456164.9947,319189,873539.551,192263823.94329,0,2020-03-01,35.450790485685786,253.8415,21.254914051008534,-1.685798395326836,0.0032212047305690827,0.003216027765009101
2020-03-02,218.01,234.5,216.24,232.22,1604040.396,2020-03-02 23:59:59.999,362061880.36415,252090,804595.09,181574683.73656,0,2020-03-02,37.70446735395189,253.5945,21.486412713986486,-0.9947914658683985,0.06518049630750888,0.06314426490220591
2020-03-03,232.24,232.67,220.21,224.1,1544830.651,2020-03-03 23:59:59.999,350368765.18825,250480,748718.782,169868271.66981,0,2020-03-03,28.77542189528343,251.4875,22.234255902239834,-1.2317704770700717,-0.034966841787959724,-0.0355928173919788
2020-03-04,224.1,229.0,220.45,224.47,1027175.512,2020-03-04 23:59:59.999,230726528.92651,164273,496362.497,111524927.56144,0,2020-03-04,35.170305676855904,249.28699999999998,22.63815691307542,-1.0962464875250553,0.001651048639000452,0.0016496871565727475
2020-03-05,224.43,234.26,224.43,228.64,1142530.928,2020-03-05 23:59:59.999,262593712.18975,190706,567305.418,130380228.47648,0,2020-03-05,37.86962079250105,246.44899999999998,21.39638653703186,-0.8323368045897385,0.01857709270726593,0.01840664621810315
2020-03-06,228.63,245.38,227.6,244.94,1307956.34,2020-03-06 23:59:59.999,309193535.18403,210885,663718.468,156959651.82331,0,2020-03-06,41.82093839770189,245.44199999999995,20.942507415352118,-0.023970386642048244,0.07129111266620014,0.068864568411584
2020-03-07,244.97,251.8,236.3,237.34,1637057.953,2020-03-07 23:59:59.999,398551973.39385,262341,794974.814,193632844.4529,0,2020-03-07,40.5305080813549,244.36549999999997,20.76857177133339,-0.3382755481384222,-0.031028006858822565,-0.03151957035614827
2020-03-08,237.36,237.38,195.35,199.54,3150036.792,2020-03-08 23:59:59.999,684775390.09688,435510,1469323.237,319723551.04261,0,2020-03-08,25.649834705386652,240.94249999999997,22.256560446185567,-1.8602380228565698,-0.15926518918007926,-0.17347899475163198
2020-03-09,199.54,208.65,190.02,203.02,3885205.704,2020-03-09 23:59:59.999,778277652.87276,558024,1909913.08,382744254.68392,0,2020-03-09,28.93534077160909,236.94549999999998,21.47809250449294,-1.5795397097253026,0.017440112258193974,0.01728977887092406
2020-03-10,202.95,206.32,195.66,200.95,2008333.356,2020-03-10 23:59:59.999,405031566.29724,342612,968753.168,195462480.47501,0,2020-03-10,32.569223785746715,234.07150000000001,22.282581650248208,-1.4864300968299642,-0.010196039799034717,-0.010248375461075048
2020-03-11,200.9,203.26,181.88,194.81,2125322.09,2020-03-11 23:59:59.999,410229505.12859,377831,1026948.354,198332325.09505,0,2020-03-11,37.30825894791577,230.9565,23.227007708812657,-1.5562271495817994,-0.0305548643941278,-0.031031396302097305
2020-03-12,194.77,195.81,95.0,106.71,7116256.717,2020-03-12 23:59:59.999,1042747529.1893,876766,3369170.276,492278540.99367,0,2020-03-12,19.647418240096172,223.02000000000004,34.97269927724803,-3.3257370006800446,-0.45223551152404906,-0.6019098499646391
2020-03-13,106.97,323.0,84.23,134.13,6584772.112,2020-03-13 23:59:59.999,787562869.6648,1143787,3275393.829,392613471.47557,0,2020-03-13,29.457261557500217,216.635,38.945681268578035,-2.118463390870666,0.25695811076750075,0.22869460428552546
2020-03-14,134.1,134.67,121.16,122.55,1845475.252,2020-03-14 23:59:59.999,237313127.06988,291746,937461.574,120658029.94881,0,2020-03-14,29.224765412610722,209.029,41.76718491578601,-2.070501044644621,-0.08633415343323636,-0.09029036893987731
2020-03-15,122.56,133.85,120.4,123.89,1802030.406,2020-03-15 23:59:59.999,224638895.20642,341902,907501.148,113274408.82917,0,2020-03-15,29.422824661128132,201.9385,43.635451699277645,-1.7886488385152215,0.010934312525499923,0.010874965153526024
2020-03-16,123.87,124.4,100.11,111.06,3622097.906,2020-03-16 23:59:59.999,400195138.40241,633699,1871621.829,206872438.70104,0,2020-03-16,23.350343128629248,195.14000000000001,46.72329893273686,-1.7995304681084716,-0.10355960933085806,-0.10932347931418639
2020-03-17,111.04,121.55,109.34,115.68,2053691.349,2020-03-17 23:59:59.999,239015139.83578,432785,1051709.94,122482731.5263,0,2020-03-17,25.779644357072655,189.719,49.39940963849241,-1.4987830936001352,0.041599135602377046,0.04075716259699337
2020-03-18,115.67,118.59,109.78,118.16,1583517.464,2020-03-18 23:59:59.999,181277993.24376,367376,796605.638,91263909.2959,0,2020-03-18,26.472801310140312,184.23100000000002,51.00296326788536,-1.2954345349106888,0.021438450899031736,0.02121187981266973
2020-03-19,118.12,143.34,115.5,136.42,2098800.654,2020-03-19 23:59:59.999,270554423.25128,422407,1077019.514,139051491.67331,0,2020-03-19,30.789100908257637,179.6975,51.022538041123525,-0.848203591227055,0.15453622207176698,0.14369872400344882
2020-03-20,136.42,152.68,116.67,133.52,3128620.956,2020-03-20 23:59:59.999,431165491.64371,607243,1539260.894,212671989.18522,0,2020-03-20,25.416997617156483,175.50799999999998,51.21128140515427,-0.8198974688372863,-0.02125788007623497,-0.021487082872993446
2020-03-21,133.48,137.58,125.58,132.67,1933564.299,2020-03-21 23:59:59.999,254848453.29529,402245,985271.532,129897772.29271,0,2020-03-21,26.19729840360212,171.24099999999999,51.038602511391275,-0.7557221025280102,-0.006366087477531646,-0.006386437424754418
2020-03-22,132.64,137.2,121.0,122.25,1724360.751,2020-03-22 23:59:59.999,222080052.34143,362939,860046.035,110847491.54901,0,2020-03-22,29.92363239648813,165.7425,50.037275355478826,-0.8692020037265639,-0.07854074018240742,-0.08179671357384394
2020-03-23,122.27,137.67,119.0,135.96,1950909.243,2020-03-23 23:59:59.999,250208240.74389,464331,1038397.939,133246554.66263,0,2020-03-23,33.459944751381215,161.3355,48.48429810665251,-0.5233756286247697,0.11214723926380366,0.10629259647293383
2020-03-24,135.96,143.44,132.41,138.38,1745190.832,2020-03-24 23:59:59.999,239985908.84741,517026,873953.807,120177175.35562,0,2020-03-24,34.593982370611116,157.031,46.3591423902331,-0.40231546655896255,0.017799352750808906,0.0176427992427496
2020-03-25,138.39,142.46,132.36,136.1,1448291.794,2020-03-25 23:59:59.999,198316846.12547,431364,747223.385,102368005.35048,0,2020-03-25,35.26429396114652,152.404,43.35672525990833,-0.3760431605999589,-0.016476369417545933,-0.016613614413244666
2020-03-26,136.11,139.8,133.18,138.41,1069528.365,2020-03-26 23:59:59.999,144970764.16497,307363,569052.28,77184947.46968,0,2020-03-26,63.97460765297126,147.0775,37.544216440856935,-0.23086112380728,0.016972814107274026,0.01683038525119013
2020-03-27,138.36,141.44,129.16,131.27,1024307.98,2020-03-27 23:59:59.999,139707188.15309,277914,506564.725,69182079.17342,0,2020-03-27,48.46467683057763,141.77400000000003,31.05327466417094,-0.33825740162983403,-0.05158586807311605,-0.052964024093294454
2020-03-28,131.24,132.93,124.52,130.95,1335630.33,2020-03-28 23:59:59.999,171695997.87213,342445,693938.306,89279784.30567,0,2020-03-28,55.129457743038586,138.34449999999998,27.972571429320585,-0.26434823908427485,-0.002437723775424838,-0.002440699861595285
2020-03-29,130.97,131.77,123.74,124.4,848667.965,2020-03-29 23:59:59.999,108415730.52964,218262,441943.126,56521126.7054,0,2020-03-29,50.29280055115398,134.4135,23.58557080638882,-0.42456042646580994,-0.05001909125620452,-0.05131339064864168
2020-03-30,124.42,135.13,123.93,132.04,1187536.733,2020-03-30 23:59:59.999,155662722.1298,266063,658190.215,86273869.32986,0,2020-03-30,62.80830280830281,130.96800000000002,17.637284252103495,0.060780332429700636,0.061414790996784374,0.059602726679913016
2020-03-31,132.07,135.0,130.33,132.61,896493.378,2020-03-31 23:59:59.999,118826469.17698,205235,479586.304,63597113.07116,0,2020-03-31,60.873474630700066,127.85799999999999,9.301542939354592,0.5108829826387655,0.004316873674644173,0.004307582704515473
2020-04-01,132.6,137.22,128.27,135.6,1143905.195,2020-04-01 23:59:59.999,151016360.2243,230834,605099.783,79955721.67352,0,2020-04-01,61.128126595201635,129.3025,7.996131877353263,0.7875683013477851,0.02254731920669628,0.02229688581678754
2020-04-02,135.6,149.97,135.0,141.3,1694646.358,2020-04-02 23:59:59.999,238001714.23101,380867,882634.086,123922347.88563,0,2020-04-02,53.70820668693011,129.661,8.375682784423491,1.3896180525897432,0.04203539823008873,0.041175914184186785
2020-04-03,141.29,146.78,137.68,141.23,1307374.677,2020-04-03 23:59:59.999,186309257.94885,325138,671239.958,95689844.14259,0,2020-04-03,56.121962839447335,130.595,8.580018095921492,1.2395078752870385,-0.0004953998584573682,-0.0004955226095094914
2020-04-04,141.2,146.14,138.79,144.02,977437.997,2020-04-04 23:59:59.999,139027717.81503,223233,511826.278,72853225.71105,0,2020-04-04,58.742874749653375,131.6015,8.925806037612329,1.3913029196097115,0.019755009558875658,0.01956241173974836
2020-04-05,143.97,145.52,140.6,142.59,780295.149,2020-04-05 23:59:59.999,111570542.9069,172991,393417.598,56270667.09811,0,2020-04-05,68.18669527896995,133.178,7.8231004756845,1.2031035558413279,-0.009929176503263526,-0.009978799526693085
2020-04-06,142.59,171.99,142.51,171.15,2847455.204,2020-04-06 23:59:59.999,449513671.57668,562880,1534227.044,241848317.04149,0,2020-04-06,74.86222975837218,135.9515,10.624360921957726,3.3129992720083585,0.20029455081001468,0.18256698568216653
2020-04-07,171.15,176.16,162.13,164.55,3033756.235,2020-04-07 23:59:59.999,517045468.00622,701681,1541973.395,262923147.41045,0,2020-04-07,67.45830553702469,138.27100000000002,11.558544299167218,2.273556195298172,-0.03856266432953548,-0.039325889586845374
2020-04-08,164.56,174.59,163.55,173.19,1871521.554,2020-04-08 23:59:59.999,317822104.24189,458894,943895.429,160396947.23593,0,2020-04-08,72.80777272168244,140.1095,13.929725306167525,2.3748135209352106,0.052506836827711956,0.05117478235160297
2020-04-09,173.18,173.44,164.89,169.46,1307817.881,2020-04-09 23:59:59.999,222508469.51894,331023,641936.449,109296225.42885,0,2020-04-09,68.76586486159798,141.9065,15.286998010005588,1.802414050290698,-0.02153704024481773,-0.021772346970633762
2020-04-10,169.48,170.1,152.0,157.69,2238955.865,2020-04-10 23:59:59.999,356355836.18656,494548,1101861.291,175345964.38678,0,2020-04-10,65.12133699633698,143.1575,15.513423347133537,0.9367693818969501,-0.06945591880089708,-0.07198583035282265
2020-04-11,157.69,161.25,153.78,158.19,1157138.069,2020-04-11 23:59:59.999,182597930.42972,276994,599473.392,94634227.12109,0,2020-04-11,65.5586017820425,144.9545,15.038421135982883,0.8801123389430172,0.003170778108947836,0.003165761792992507
2020-04-12,158.21,164.9,154.85,158.72,1402479.422,2020-04-12 23:59:59.999,224914825.57336,277592,741177.241,118849123.73573,0,2020-04-12,71.05004906771343,146.0925,15.182426085514912,0.831718193711314,0.0033504014160186113,0.003344801326074457
2020-04-13,158.69,159.08,149.55,156.37,1787879.914,2020-04-13 23:59:59.999,275149048.62074,405320,903569.15,139139156.3119,0,2020-04-13,65.95828414010232,146.99200000000002,15.234271474817529,0.6155857216737903,-0.014805947580645129,-0.014916649681143725
2020-04-14,156.38,161.83,155.07,158.43,1342786.247,2020-04-14 23:59:59.999,212907622.9064,297080,690112.758,109426592.18924,0,2020-04-14,66.61091096242922,148.1085,15.212249660614292,0.6784992509505802,0.013173882458272113,0.013087861531532644
2020-04-15,158.42,161.32,151.9,152.64,1352926.571,2020-04-15 23:59:59.999,212884736.06398,292804,688291.692,108429536.28274,0,2020-04-15,60.58122205663187,148.82,15.066846140835056,0.25353680287786334,-0.03654610869153585,-0.037230647686975246
2020-04-16,152.64,174.92,148.07,172.27,3073088.701,2020-04-16 23:59:59.999,509884815.63486,630949,1667614.256,276876716.62637,0,2020-04-16,66.39491794600316,150.87,15.340069992292655,1.3950392671449383,0.12860324947589108,0.12098080575830149
2020-04-17,172.31,174.88,168.21,170.56,1341267.776,2020-04-17 23:59:59.999,228893903.77257,308154,662022.853,113010549.14014,0,2020-04-17,65.26173379123738,152.8505,15.189122311014652,1.1659330695597627,-0.009926278516282583,-0.009975872480798086
2020-04-18,170.56,189.68,170.28,187.48,2159964.294,2020-04-18 23:59:59.999,389663555.13636,437965,1144658.728,206421142.12535,0,2020-04-18,69.71511522409725,156.00449999999998,15.516199166643931,2.0285573587934285,0.09920262664165103,0.09458503207702565
2020-04-19,187.52,188.3,176.27,179.97,2326412.534,2020-04-19 23:59:59.999,423672004.55212,427548,1108607.873,201950327.52453,0,2020-04-19,66.07050730868443,158.401,15.32023082827385,1.4078769596730805,-0.04005760614465537,-0.04088200272139389
2020-04-20,179.96,186.47,166.6,170.19,3452651.911,2020-04-20 23:59:59.999,611827298.66674,671337,1676777.403,297378937.0159,0,2020-04-20,49.50779327317473,160.28000000000003,14.258279220011168,0.6950347827451373,-0.05434239039839972,-0.0558747103265259
2020-04-21,170.19,174.63,167.92,170.66,2195445.346,2020-04-21 23:59:59.999,375960392.8183,464362,1103539.252,189053487.58971,0,2020-04-21,53.34281650071122,162.033,13.178638656633593,0.6546199668095101,0.002761619366590251,0.0027578131018532316
2020-04-22,170.66,183.98,169.8,182.63,2433000.659,2020-04-22 23:59:59.999,432861105.37288,451332,1276651.569,227150381.75852,0,2020-04-22,54.983108108108105,164.0995,12.995595397551174,1.4259061961479491,0.07013945857260051,0.06778897509551161
2020-04-23,182.63,194.4,178.0,185.53,3351092.377,2020-04-23 23:59:59.999,621753420.53678,618026,1698737.419,315365993.72659,0,2020-04-23,58.557886888912556,166.3145,12.66356625375206,1.5173845672664816,0.015879099819306797,0.015754345834836
2020-04-24,185.54,189.77,184.49,187.65,1865428.754,2020-04-24 23:59:59.999,349685296.23952,388552,907062.139,170090219.94434,0,2020-04-24,67.78252611585944,168.496,12.375553746250104,1.5477287233150128,0.01142672344095308,0.011361931542243605
2020-04-25,187.67,198.53,185.7,194.25,2370712.476,2020-04-25 23:59:59.999,458631945.16971,454073,1186523.724,229588208.22464,0,2020-04-25,69.95793668363957,171.079,12.071371482714476,1.9195002020424572,0.035171862509991936,0.034567463666726916
2020-04-26,194.22,199.99,192.27,197.46,2056340.656,2020-04-26 23:59:59.999,402336362.15937,382181,1032768.026,202142004.0759,0,2020-04-26,70.82347882175875,172.3945,13.435975852362592,1.865551134910121,0.016525096525096483,0.016390042935546707
2020-04-27,197.46,199.0,189.51,196.37,2321318.544,2020-04-27 23:59:59.999,452448671.70133,427019,1159571.77,226133041.51048,0,2020-04-27,71.79598953792501,173.9855,14.313494359850793,1.5638738827318295,-0.0055201053377899045,-0.005535397421164675
2020-04-28,196.39,197.72,192.28,196.31,1903267.47,2020-04-28 23:59:59.999,372049036.21292,334612,958974.317,187535228.90431,0,2020-04-28,71.10071301247771,175.1415,15.154763112632486,1.3968215697383397,-0.00030554565361307073,-0.00030559234219686306
2020-04-29,196.34,219.5,196.31,215.5,3776173.452,2020-04-29 23:59:59.999,788440824.8162,689336,1943728.88,405704452.4078,0,2020-04-29,80.46723536254362,177.4435,17.55324989402562,2.1680600589497,0.09775355305384337,0.09326586712386044
2020-04-30,215.5,227.5,201.9,206.22,4371759.191,2020-04-30 23:59:59.999,936458258.32876,878149,2108115.169,451716089.27402,0,2020-04-30,68.2900549509751,179.87,18.026797596327288,1.4617127562007155,-0.04306264501160095,-0.04401734945400499
2020-05-01,206.21,217.49,206.12,212.22,1902796.913,2020-05-01 23:59:59.999,403173248.22679,486182,959961.269,203411311.01384,0,2020-05-01,71.45211122554068,182.5715,18.644713170508386,1.5901826822896405,0.02909514111143441,0.028679912355646753
2020-05-02,212.21,215.63,210.55,213.99,1246430.868,2020-05-02 23:59:59.999,265476896.91763,376623,633092.805,134879755.82526,0,2020-05-02,66.17449664429532,185.335,19.015742370329328,1.5069093513125742,0.008340401470172454,0.008305812512612183
2020-05-03,213.99,219.84,205.0,209.95,1688070.223,2020-05-03 23:59:59.999,359428511.96159,415590,802533.224,170972507.63971,0,2020-05-03,69.10040774719673,188.01399999999998,18.48720308469447,1.186550496551898,-0.01887938688723778,-0.01905987782785422
2020-05-04,209.94,210.83,195.1,206.73,2313604.876,2020-05-04 23:59:59.999,469274368.7238,538466,1148443.358,233015542.20557,0,2020-05-04,75.4032258064516,190.429,17.550210645009628,0.9288207606006796,-0.015336984996427772,-0.015455813092976068
2020-05-05,206.69,212.02,201.14,205.39,1814876.244,2020-05-05 23:59:59.999,374058470.5859,478967,890705.326,183688548.36702,0,2020-05-05,73.85629894216237,193.0665,15.404857154396655,0.7999749609156733,-0.0064818845837566474,-0.006502983219668953
2020-05-06,205.36,211.13,198.04,199.06,1868966.306,2020-05-06 23:59:59.999,386076250.9243,440463,908288.701,187885674.49562,0,2020-05-06,62.23380491437081,194.406,14.647480976173519,0.3177338142695304,-0.030819416719411796,-0.031304323999639824
2020-05-07,199.09,215.63,196.14,212.25,2470908.382,2020-05-07 23:59:59.999,513526641.1967,593638,1254017.167,260742790.33153,0,2020-05-07,67.25206611570246,196.49050000000003,14.028728221984753,1.1233733914171127,0.06626142871496032,0.06415853837353921
2020-05-08,212.25,216.95,207.01,211.47,1698296.769,2020-05-08 23:59:59.999,360076385.66326,440233,815387.482,172964056.38134,0,2020-05-08,65.65045992115637,197.69,14.241746270808942,0.9675779737941705,-0.00367491166077738,-0.0036816807375627696
2020-05-09,211.47,214.81,208.3,210.31,1444064.449,2020-05-09 23:59:59.999,306213858.72979,388625,680126.868,144273835.94637,0,2020-05-09,61.36427964902349,199.207,13.86582246502433,0.8007458647337099,-0.005485411642313309,-0.00550051175830709
2020-05-10,210.32,210.36,177.89,187.52,3056317.482,2020-05-10 23:59:59.999,577999455.74581,620956,1463682.758,276223585.03148,0,2020-05-10,44.492464539007095,200.0735,12.423540589923132,-1.0104607385580777,-0.10836384384955533,-0.11469712630693892
2020-05-11,187.48,193.44,175.5,185.69,2311029.197,2020-05-11 23:59:59.999,429270139.29081,527835,1136163.531,211163371.53666,0,2020-05-11,44.13057814904374,200.825,10.913484898581775,-1.3868164147976976,-0.009758959044368631,-0.009806889776143598
2020-05-12,185.68,192.31,185.4,189.64,1261058.639,2020-05-12 23:59:59.999,238588953.57139,340517,632008.189,119596462.74748,0,2020-05-12,46.484663223358275,201.1755,10.398805839841907,-1.109310066719679,0.021272012493941395,0.021048921421413236
2020-05-13,189.64,200.95,187.64,199.54,1373737.58,2020-05-13 23:59:59.999,267245495.976,346257,712840.19,138762208.79291,0,2020-05-13,40.67539144659967,201.876,9.74044006354805,-0.23982489340929244,0.05220417633410679,0.05088717945144356
2020-05-14,199.53,205.95,195.56,203.13,1892551.091,2020-05-14 23:59:59.999,380305674.97201,476240,935640.693,188112545.66059,0,2020-05-14,48.066090874953055,202.65,9.147502391363046,0.05247333965752221,0.01799138017440116,0.017831450680302657
2020-05-15,203.1,203.99,191.21,194.71,1377796.956,2020-05-15 23:59:59.999,273307743.27705,419743,643566.319,127754849.07853,0,2020-05-15,39.36338233507472,202.673,9.125822875658248,-0.8725788466966735,-0.04145128735292669,-0.042334896038133986
2020-05-16,194.72,203.46,193.2,200.39,1100996.922,2020-05-16 23:59:59.999,220055609.9461,379947,569153.844,113772083.23019,0,2020-05-16,42.113198793783326,202.8195,9.06102031840338,-0.2681265370375105,0.029171588516254898,0.028754195638522797
2020-05-17,200.4,210.16,199.5,206.93,1067367.779,2020-05-17 23:59:59.999,218892160.12065,376453,565182.993,115883197.65561,0,2020-05-17,48.298016230838606,203.34750000000003,8.972660741912957,0.3992684113493183,0.032636359099755596,0.03211510405768497
2020-05-18,206.9,217.2,206.9,214.83,1527493.953,2020-05-18 23:59:59.999,325316559.17037,486047,750914.407,159976325.72143,0,2020-05-18,54.33618843683085,204.2735,9.161808759018818,1.1522288095795776,0.03817716135891369,0.037466445863220746
2020-05-19,214.83,215.99,209.32,214.7,1209630.47,2020-05-19 23:59:59.999,257251108.96285,478427,600605.572,127802627.56838,0,2020-05-19,55.04935459377373,204.2335,9.111824749365503,1.1486722240491758,-0.0006051296373877912,-0.0006053128022228547
2020-05-20,214.69,215.85,206.02,209.96,1322809.976,2020-05-20 23:59:59.999,279696340.13428,450724,616491.938,130437079.98249,0,2020-05-20,56.01545253863135,204.4205,9.192757146110202,0.6025939673979066,-0.022077317186772194,-0.02232466850063627
2020-05-21,209.99,211.69,191.61,198.68,1812327.033,2020-05-21 23:59:59.999,366782519.68942,478043,858529.284,173855718.1685,0,2020-05-21,42.34975758259105,203.7435,9.086089585039346,-0.5572804397985779,-0.05372451895599162,-0.055221546144949264
2020-05-22,198.69,209.22,195.95,207.28,1415586.292,2020-05-22 23:59:59.999,287619795.23226,378567,750982.753,152610291.04491,0,2020-05-22,47.829240493213135,203.408,8.807438004920531,0.4396284138289488,0.04328568552446144,0.042375046014704765
2020-05-23,207.31,211.2,204.47,206.51,1093535.486,2020-05-23 23:59:59.999,227019949.01277,306675,554105.626,115072686.13286,0,2020-05-23,48.023304203079476,203.23600000000002,8.705960692476145,0.3760641835690144,-0.003714781937475875,-0.003721698875154172
2020-05-24,206.46,210.54,199.24,199.7,1534431.164,2020-05-24 23:59:59.999,316070681.24532,450498,750301.676,154684861.02078,0,2020-05-24,57.59920139755427,202.8845,8.699381390589785,-0.3660605113191982,-0.032976611302116154,-0.03353259695693086
2020-05-25,199.7,205.66,197.72,204.1,992843.927,2020-05-25 23:59:59.999,201511206.07324,396003,508564.407,103242625.95694,0,2020-05-25,61.12924676580824,202.82,8.684596769719601,0.14738738411700933,0.022033049574361474,0.02179382939402951
2020-05-26,204.1,205.05,196.68,200.91,1053386.195,2020-05-26 23:59:59.999,212361617.55361,369707,515182.166,103911955.09801,0,2020-05-26,56.87614399023795,202.9125,8.652232979197235,-0.23144314361560248,-0.015629593336599745,-0.015753023225730634
2020-05-27,200.89,208.48,200.69,208.27,949312.616,2020-05-27 23:59:59.999,194678762.77842,354584,519768.571,106588796.09469,0,2020-05-27,55.49678881752929,202.7135,8.470019744586006,0.6560197222151326,0.03663331840127437,0.0359782682608565
2020-05-28,208.27,220.79,204.55,220.32,1302485.446,2020-05-28 23:59:59.999,275853034.40081,456508,698082.969,147950152.78307,0,2020-05-28,59.7814953909184,203.156,9.155038532213185,1.8748146105126962,0.05785758870696678,0.05624572012941973
2020-05-29,220.31,225.0,217.0,220.65,1412528.305,2020-05-29 23:59:59.999,311884016.19261,503061,694278.85,153343433.13034,0,2020-05-29,66.25720732013035,203.673,9.846170562042595,1.7242236352726876,0.001497821350762596,0.001496700735211569
2020-05-30,220.65,247.85,218.77,243.74,2496490.987,2020-05-30 23:59:59.999,585564863.55064,755218,1285275.98,301535374.86811,0,2020-05-30,72.30167712727646,206.484,12.624964992134519,2.9509784797986263,0.1046453659641966,0.0995243476798
2020-05-31,243.73,245.3,229.54,231.55,2064900.485,2020-05-31 23:59:59.999,489701677.03937,558819,979536.079,232409178.06501,0,2020-05-31,61.97005056398289,208.777,12.812744518847339,1.7773709579943089,-0.050012308197259325,-0.05130625046859527
2020-06-01,231.55,252.8,230.61,248.9,2168854.578,2020-06-01 23:59:59.999,522438717.22123,587226,1134653.651,273493708.93315,0,2020-06-01,65.17054056460948,211.74,14.845174654624422,2.5031702802111715,0.0749298207730511,0.07225537644678529
2020-06-02,248.91,254.48,220.0,237.73,1997511.516,2020-06-02 23:59:59.999,482361317.69117,660078,945637.486,228533906.52192,0,2020-06-02,59.33673883077921,213.6495,15.628788037666329,1.5407784622815621,-0.04487746082764166,-0.045915633463365066
2020-06-03,237.74,245.23,233.3,244.52,1177836.333,2020-06-03 23:59:59.999,281645740.99126,488449,609178.834,145739420.93825,0,2020-06-03,63.782102408677616,215.719,16.854786263847583,1.7087727811640236,0.028561813822403748,0.028161529250343535
2020-06-04,244.52,246.7,235.75,243.28,1658566.857,2020-06-04 23:59:59.999,402459677.30633,566658,804490.529,195313553.4582,0,2020-06-04,69.33414253511356,218.14749999999998,17.16463772288476,1.4642021815870956,-0.005071159823327398,-0.005084061791415508
2020-06-05,243.29,248.36,238.68,240.13,1287620.696,2020-06-05 23:59:59.999,312982105.00055,492819,628943.722,152986326.74566,0,2020-06-05,64.94676494676494,220.13449999999997,17.30045496055199,1.15577885353843,-0.012948043406774135,-0.013032600008886184
2020-06-06,240.12,244.89,237.91,242.05,838620.358,2020-06-06 23:59:59.999,202429929.69899,395601,425877.028,102857288.32033,0,2020-06-06,66.00324207492795,221.89050000000003,17.668093000183678,1.1410116530284509,0.007995669012618167,0.007963873025480295
2020-06-07,242.06,245.61,234.64,244.66,1343974.146,2020-06-07 23:59:59.999,322855661.22177,449450,660432.69,158814664.67235,0,2020-06-07,71.04080868588542,223.382,18.288875997806386,1.1634394591855797,0.010782896095847816,0.0107251752330668
2020-06-08,244.67,248.05,241.04,246.65,857037.392,2020-06-08 23:59:59.999,209012260.96756,359385,431628.766,105307849.51097,0,2020-06-08,70.37249832423632,224.9795,18.87655088783521,1.1480116324622271,0.008133736614076792,0.008100836060977057
2020-06-09,246.64,250.1,237.3,243.98,1120313.696,2020-06-09 23:59:59.999,272824173.15009,423086,548534.685,133671771.26579,0,2020-06-09,70.72466557597919,226.6805,18.98437708804351,0.9112492824900396,-0.010825055747009982,-0.010884072959155786
2020-06-10,243.98,251.0,241.0,247.95,1101191.092,2020-06-10 23:59:59.999,270438018.28235,417318,572161.041,140604714.95209,0,2020-06-10,69.73736569836846,229.144,18.34567478066348,1.0250917573128295,0.016271825559472042,0.01614085821455131
2020-06-11,247.95,250.34,225.33,230.48,1937518.384,2020-06-11 23:59:59.999,463593288.19211,581593,891482.445,213351732.27579,0,2020-06-11,54.79516707570322,230.30400000000003,17.609133814137113,0.009994813024741825,-0.07045775357935069,-0.07306302215886985
2020-06-12,230.48,239.38,228.3,237.46,958938.087,2020-06-12 23:59:59.999,225982481.27438,393900,489143.223,115268052.35928,0,2020-06-12,57.465138999911176,231.85150000000004,16.74689139260672,0.33489797410855354,0.030284623394654764,0.02983509746137326
2020-06-13,237.47,238.88,234.6,238.17,562091.362,2020-06-13 23:59:59.999,133082474.15789,311442,279284.772,66155311.43801,0,2020-06-13,46.91275911761445,233.775,14.975271722338434,0.2934838232981117,0.002989977259327814,0.0029855161674854653
2020-06-14,238.14,238.59,229.9,231.92,787142.212,2020-06-14 23:59:59.999,184729377.14818,323956,356707.362,83751950.49674,0,2020-06-14,50.21953245520349,235.166,13.268590295167993,-0.2446378950431608,-0.02624176008733259,-0.02659221979173167
2020-06-15,231.92,233.64,218.02,230.86,1960437.997,2020-06-15 23:59:59.999,443458580.66509,520180,967115.382,218911046.16336,0,2020-06-15,36.731391585760534,236.66350000000003,10.625867778803027,-0.5461671574322715,-0.004570541566057185,-0.004581018426633829
2020-06-16,230.85,236.0,228.75,235.22,989098.472,2020-06-16 23:59:59.999,230773103.93013,314960,491937.731,114803509.1738,0,2020-06-16,47.948340689880666,238.01099999999997,8.287117396104284,-0.3367877956347038,0.018885904877414816,0.01870978023612429
2020-06-17,235.22,237.5,227.47,233.75,1098414.164,2020-06-17 23:59:59.999,255862428.97339,321599,521069.103,121490164.02645,0,2020-06-17,40.358102059086825,238.68249999999998,7.258448344404802,-0.6795529520854425,-0.006249468582603557,-0.006269078254094161
2020-06-18,233.73,234.7,227.81,231.26,722224.653,2020-06-18 23:59:59.999,167276182.33834,255571,326354.777,75633704.10627,0,2020-06-18,39.47460595446584,239.21300000000002,6.178529121500897,-1.2871995653988402,-0.010652406417112292,-0.010709549467980644
2020-06-19,231.26,232.0,226.02,228.97,875231.698,2020-06-19 23:59:59.999,200700324.69961,269891,433401.873,99415769.3718,0,2020-06-19,40.078236130867715,238.47449999999998,6.4841015893510265,-1.46581602231671,-0.009902274496237928,-0.00995162809520981
2020-06-20,228.98,230.8,225.07,228.85,690552.179,2020-06-20 23:59:59.999,157633384.57489,214484,334275.181,76352238.61649,0,2020-06-20,37.876561351947075,238.33950000000004,6.661538051418626,-1.4245208729205092,-0.0005240861248199113,-0.0005242235059548203
2020-06-21,228.84,231.4,227.06,228.08,480312.941,2020-06-21 23:59:59.999,110256923.45852,185644,235580.859,54110660.2194,0,2020-06-21,34.23954372623575,237.29850000000002,6.550232036868201,-1.40735472394159,-0.0033646493336245697,-0.0033703224952344644
2020-06-22,228.07,247.0,227.5,243.14,1580083.705,2020-06-22 23:59:59.999,377318824.05754,417611,840978.763,200701483.32696,0,2020-06-22,47.32754682503424,237.56900000000002,6.679421579115309,0.8340542566468532,0.0660294633461942,0.06394096452323123
2020-06-23,243.13,244.9,240.7,243.12,880274.162,2020-06-23 23:59:59.999,213875470.03441,254457,421826.829,102514856.57013,0,2020-06-23,49.31767692795938,237.49899999999997,6.609713665266782,0.8504150534595302,-8.225713580645166e-05,-8.22605191101824e-05
2020-06-24,243.13,249.41,231.0,234.54,1872960.153,2020-06-24 23:59:59.999,448953617.37941,482217,880381.75,211029710.96994,0,2020-06-24,40.08576075706047,237.06199999999998,6.495319448403953,-0.38827959425763175,-0.03529121421520243,-0.03592899957561925
2020-06-25,234.54,235.5,227.53,232.5,1051198.67,2020-06-25 23:59:59.999,244330169.1645,400908,510650.708,118734661.87216,0,2020-06-25,51.93486590038315,236.6805,6.529619538362262,-0.6402363836727514,-0.008697876694806816,-0.0087359240055074
2020-06-26,232.5,233.65,227.67,229.66,1096114.911,2020-06-26 23:59:59.999,252514561.81677,413927,524199.635,120793668.78178,0,2020-06-26,41.885143570536805,236.061,6.5809253068781945,-0.9726595731621309,-0.012215053763440897,-0.012290270679367792
2020-06-27,229.65,231.4,213.59,220.94,1316665.336,2020-06-27 23:59:59.999,294859175.09059,377007,624816.848,139960440.38606,0,2020-06-27,34.635277331906536,234.875,7.06895696913997,-1.9712950667028002,-0.037969171819211,-0.03870878290391419
2020-06-28,220.95,227.9,217.81,224.96,967586.374,2020-06-28 23:59:59.999,216318637.93915,317233,502465.172,112349341.22079,0,2020-06-28,43.53640416047549,233.7905,6.827061843943318,-1.2934553988014694,0.018194985063818336,0.018031437178171135
2020-06-29,224.93,230.13,221.11,227.95,1101723.749,2020-06-29 23:59:59.999,247970501.55192,353417,560731.204,126294756.2583,0,2020-06-29,47.39107046799352,232.98899999999998,6.501028987376642,-0.7751080651669842,0.013291251778093871,0.013203698037150319
2020-06-30,227.95,228.73,223.0,225.56,843327.995,2020-06-30 23:59:59.999,190512620.41264,282693,402687.751,90995126.37601,0,2020-06-30,41.02230483271374,231.86950000000002,5.662885144329683,-1.1141847025306164,-0.010484755428822101,-0.010540107720469035
2020-07-01,225.56,232.78,224.01,231.03,980442.364,2020-07-01 23:59:59.999,224106226.5533,304623,522030.769,119352111.57668,0,2020-07-01,47.647058823529406,231.897,5.657114849552525,-0.15325833451455728,0.024250753679730508,0.02396137328028711
2020-07-02,231.02,231.99,222.76,226.54,1305858.588,2020-07-02 23:59:59.999,297251172.93531,413390,620572.471,141280024.34981,0,2020-07-02,46.05351170568562,231.35099999999997,5.618785128100628,-0.8562349138320382,-0.01943470544950876,-0.01962604244670094
2020-07-03,226.54,228.17,224.11,224.83,579175.291,2020-07-03 23:59:59.999,131241028.78854,249631,274446.475,62224101.27991,0,2020-07-03,46.50455927051672,230.68400000000003,5.558166490563028,-1.0532250176275337,-0.007548335834731135,-0.0075769686996563996
2020-07-04,224.82,230.77,224.31,229.2,534507.407,2020-07-04 23:59:59.999,121465137.44154,221319,288190.484,65509881.10106,0,2020-07-04,50.27572081298251,230.548,5.559608657183374,-0.2424631090280626,0.0194369078859582,0.019250423767673334
2020-07-05,229.21,229.88,223.26,227.61,681239.534,2020-07-05 23:59:59.999,154164268.13412,235460,329375.424,74563286.29365,0,2020-07-05,49.63446881319023,230.3855,5.597377651983393,-0.4958571982393423,-0.006937172774869049,-0.006961346822491275
2020-07-06,227.61,242.32,226.89,241.63,1361794.882,2020-07-06 23:59:59.999,320359855.27586,380449,726080.676,170747488.86006,0,2020-07-06,48.80632411067194,230.70600000000005,6.0536812636676585,1.8045218312966778,0.061596590659461326,0.059773992519269466
2020-07-07,241.66,243.9,234.44,239.45,1024076.026,2020-07-07 23:59:59.999,244093092.67784,343892,493464.069,117654408.76251,0,2020-07-07,47.19461855985322,230.99100000000004,6.332294753253413,1.3358506401891468,-0.009022058519223664,-0.00906300374874435
2020-07-08,239.45,249.0,237.75,247.14,1430997.143,2020-07-08 23:59:59.999,348773164.43888,444962,732759.309,178631718.02462,0,2020-07-08,59.7644141351519,231.785,7.290838880329367,2.1060676627250228,0.0321152641470035,0.031610350887425955
2020-07-09,247.1,247.94,238.04,242.01,1407925.425,2020-07-09 23:59:59.999,342433597.13767,394925,669095.468,162784492.45134,0,2020-07-09,57.03298328649608,232.43699999999998,7.602266351831219,1.2592297555707297,-0.020757465404224296,-0.02097593005905166
2020-07-10,242.0,242.25,235.73,241.37,789372.278,2020-07-10 23:59:59.999,188835488.4167,271580,384581.742,92018469.28306,0,2020-07-10,58.951230698669946,233.06299999999996,7.804145389671579,1.0644342955211945,-0.002644518821536268,-0.0026480217384844303
2020-07-11,241.38,241.79,237.61,239.25,478752.331,2020-07-11 23:59:59.999,114661329.881,212158,230319.713,55175888.8585,0,2020-07-11,65.5670804284986,233.62149999999997,7.828420742126946,0.7189828172764757,-0.00878319592327137,-0.008821995545444621
2020-07-12,239.25,244.35,236.0,242.82,899578.746,2020-07-12 23:59:59.999,215562992.67344,310997,454324.886,108966750.81986,0,2020-07-12,65.301576422207,233.60550000000003,7.808243602620803,1.1800989401646167,0.014921630094043792,0.014811397782765467
2020-07-13,242.82,245.56,237.3,239.6,1099518.478,2020-07-13 23:59:59.999,266174695.26564,366373,522770.902,126606033.00168,0,2020-07-13,59.94196961938899,233.42950000000002,7.619896031199496,0.8097879517955363,-0.013260851659665618,-0.013349561874534944
2020-07-14,239.6,242.24,236.74,240.56,724653.885,2020-07-14 23:59:59.999,173634906.59871,264606,356855.077,85560379.61008,0,2020-07-14,63.121063680895745,233.73050000000003,7.78322181632254,0.8774643921463885,0.00400667779632724,0.003998672438979373
2020-07-15,240.57,241.5,236.9,238.59,529634.834,2020-07-15 23:59:59.999,126575225.98055,220091,242492.015,57987805.62434,0,2020-07-15,57.04435333581812,234.03500000000003,7.85137768668156,0.5801529593623691,-0.008189225141336909,-0.008222941043120102
2020-07-16,238.59,239.58,229.84,233.74,1047566.611,2020-07-16 23:59:59.999,244658931.71368,333572,498974.012,116542332.55892,0,2020-07-16,56.664198445020396,234.23899999999998,7.784439877762554,-0.06410223572095879,-0.020327758916970473,-0.02053721113214254
2020-07-17,233.75,235.05,231.81,232.72,557216.722,2020-07-17 23:59:59.999,129976699.22534,222227,292917.632,68340832.40444,0,2020-07-17,57.397337333583344,234.82800000000003,7.144589856002901,-0.2950484271996224,-0.004363823051253601,-0.00437337231806483
2020-07-18,232.72,236.95,232.35,235.69,466496.509,2020-07-18 23:59:59.999,109492088.0996,205667,254198.094,59672274.13148,0,2020-07-18,56.24879645676874,235.3645,6.756934430250881,0.04817273326536034,0.012762117566173847,0.012681368041350135
2020-07-19,235.69,239.93,233.28,239.19,573124.068,2020-07-19 23:59:59.999,135124155.60153,207075,301422.349,71086755.40594,0,2020-07-19,60.754086181277856,235.92649999999998,6.5727101475862435,0.4965227321333357,0.014850014850014803,0.0147408329542173
2020-07-20,239.18,239.81,234.0,236.03,693643.358,2020-07-20 23:59:59.999,164752457.58157,241950,317990.05,75548689.01892,0,2020-07-20,43.48534201954397,236.45,6.103817614711025,-0.06880939544912527,-0.013211254651114168,-0.013299299591726084
2020-07-21,236.02,246.87,235.52,245.56,1191285.53,2020-07-21 23:59:59.999,288862206.41801,362155,640067.275,155124014.6478,0,2020-07-21,56.069938406517,237.17649999999998,6.286723081640794,1.3335246186494965,0.04037622336143709,0.03958240096850791
2020-07-22,245.56,270.8,241.52,264.27,1647528.096,2020-07-22 23:59:59.999,418091059.37613,427122,874784.361,222009400.22705,0,2020-07-22,63.960880195599024,239.06300000000002,8.273864431542846,3.0465812207294727,0.07619319107346456,0.07342999123051824
2020-07-23,264.3,280.48,259.86,275.56,2725687.424,2020-07-23 23:59:59.999,736552038.77903,655074,1379831.154,372872796.6861,0,2020-07-23,74.84817064138647,241.59949999999998,11.005873778648764,3.0856704958658443,0.04272145911378522,0.04183408293518117
2020-07-24,275.5,287.76,268.32,279.45,2651233.303,2020-07-24 23:59:59.999,736083875.03441,595521,1335782.166,371083613.84945,0,2020-07-24,76.9078575466365,244.112,13.483158149490741,2.620899318112256,0.014116707795035488,0.014017994990711982
2020-07-25,279.45,309.39,279.28,305.64,3122852.128,2020-07-25 23:59:59.999,915502216.03662,671258,1618020.268,474271947.30108,0,2020-07-25,85.00474533375514,248.01349999999996,18.72664897524571,3.077245698158547,0.09371980676328495,0.08958455306365873
2020-07-26,305.58,321.99,299.18,311.41,3709687.999,2020-07-26 23:59:59.999,1149779086.62864,765341,1781663.378,552500419.23014,0,2020-07-26,85.3447387405957,251.50249999999997,23.393616960052338,2.5608481194806236,0.018878419055097684,0.01870243314281301
2020-07-27,311.36,335.0,311.0,322.33,5017477.237,2020-07-27 23:59:59.999,1620266858.22627,1010311,2418096.853,780939332.25971,0,2020-07-27,89.4968012985773,255.64649999999997,28.027976864290885,2.3791763609223717,0.03506631129379256,0.034465493547900544
2020-07-28,322.3,327.47,306.02,317.21,2856472.08,2020-07-28 23:59:59.999,906295104.75718,648669,1336188.548,424048120.47081,0,2020-07-28,85.19606942786298,259.15,31.11776950469504,1.8658149643803976,-0.015884342133838047,-0.016011850355117856
2020-07-29,317.19,325.99,313.0,318.12,1890408.946,2020-07-29 23:59:59.999,606896653.93406,410157,901832.824,289580341.07162,0,2020-07-29,86.87749234906798,262.9555,33.47586773766189,1.6478885755047188,0.002868762018851889,0.002864654973972807
2020-07-30,318.12,343.38,314.06,335.3,2332715.926,2020-07-30 23:59:59.999,763116559.16756,516637,1158783.558,379246402.10636,0,2020-07-30,92.26031957390146,267.652,36.71991523324637,1.8422700480188265,0.0540047780711681,0.052596983383248364
2020-07-31,335.31,349.83,329.0,346.42,2671758.151,2020-07-31 23:59:59.999,912102990.69843,673762,1310144.582,447400099.88249,0,2020-07-31,93.64348226623676,273.0105,40.0277174329825,1.8339666787872153,0.03316433045034306,0.03262625826995129
2020-08-01,346.42,394.8,343.4,387.24,4026011.453,2020-08-01 23:59:59.999,1483605104.03266,826413,1994412.716,734869468.9659,0,2020-08-01,95.07465350068408,280.2315,46.755917528664966,2.2886621770259477,0.11783384331158708,0.1113927441097367
2020-08-02,387.25,418.49,302.0,372.85,6320469.19,2020-08-02 23:59:59.999,2395197027.14924,1334537,2972505.996,1128099335.54762,0,2020-08-02,87.33519553072627,286.894,50.03982113224743,1.717751943453829,-0.03716041731226105,-0.037868461862066854
2020-08-03,372.86,398.59,366.66,386.2,3020910.903,2020-08-03 23:59:59.999,1173622514.82561,717019,1435804.774,557944152.80214,0,2020-08-03,89.68761562450447,294.176,53.424802972322915,1.722495823665904,0.03580528362612312,0.03517917600461025
2020-08-04,386.19,403.88,380.66,390.1,2702153.264,2020-08-04 23:59:59.999,1057960148.06036,654517,1263035.268,494747898.34088,0,2020-08-04,89.37132272826324,301.75149999999996,55.81634747096895,1.5828427334115986,0.01009839461418971,0.010047746518196928
2020-08-05,390.02,407.88,384.31,400.95,2378190.463,2020-08-05 23:59:59.999,942126678.78739,627789,1144175.487,453454722.76976,0,2020-08-05,88.89584519066591,310.11199999999997,57.58775789130279,1.5773838629289447,0.027813381184311536,0.027433614740426698
2020-08-06,400.94,404.25,390.6,395.09,1643305.55,2020-08-06 23:59:59.999,652554125.73757,461636,754079.64,299515272.90246,0,2020-08-06,85.10013507957949,318.2305,57.548233909065935,1.3355666156749217,-0.014615288689362793,-0.014723144204086443
2020-08-07,395.1,398.86,361.27,379.63,2591811.422,2020-08-07 23:59:59.999,992515267.80878,625089,1190747.349,455993670.98331,0,2020-08-07,77.5461944566652,325.4275,55.65174304500535,0.9739587124192433,-0.03913032473613598,-0.039916492877445836
2020-08-08,379.62,397.75,376.11,397.48,1345421.828,2020-08-08 23:59:59.999,520508410.78516,405183,667771.036,258392577.20307,0,2020-08-08,76.46685878962538,333.342,53.97225589426219,1.1883512915534546,0.04701946632247189,0.04594752419165727
2020-08-09,397.56,400.73,383.75,390.54,1457418.137,2020-08-09 23:59:59.999,571218683.77785,401401,679964.524,266578426.00632,0,2020-08-09,72.65128528081526,341.0675,50.239113811639584,0.9847406979646615,-0.01745999798732012,-0.017614221550811666
2020-08-10,390.54,400.7,384.34,395.83,1547750.272,2020-08-10 23:59:59.999,611218329.12583,402256,732177.075,289243471.52562,0,2020-08-10,71.74041646947468,348.581,46.28492864853445,1.020829055582784,0.013545347467608826,0.01345442934024667
2020-08-11,395.83,398.78,367.0,379.3,2199154.835,2020-08-11 23:59:59.999,845731729.1519,529635,1005510.91,386827341.95775,0,2020-08-11,67.20421169298976,354.3325,42.22578095940325,0.591285689280781,-0.041760351666119244,-0.042657377457744436
2020-08-12,379.34,389.75,366.05,387.46,1576215.436,2020-08-12 23:59:59.999,599199526.83731,400563,755317.942,287347848.76893,0,2020-08-12,68.47096430474161,359.9275,38.48688018081685,0.7153736512455248,0.02151331399947254,0.02128516896394642
2020-08-13,387.51,432.25,376.77,425.34,3595989.078,2020-08-13 23:59:59.999,1440744340.82628,822314,1764797.481,707519182.17478,0,2020-08-13,71.60268714011517,367.22200000000004,36.18776437590797,1.6060124465354384,0.09776493057347846,0.09327623143618123
2020-08-14,425.27,445.66,418.0,438.84,2795449.786,2020-08-14 23:59:59.999,1207407794.98586,679006,1277883.629,552295589.95358,0,2020-08-14,71.92333238447671,373.882,36.51331027677903,1.7790224854334995,0.03173931443080824,0.031246032854308946
2020-08-15,438.71,443.9,426.68,432.75,1729353.597,2020-08-15 23:59:59.999,753504069.8546,492660,784035.197,341677108.50055,0,2020-08-15,62.925305310991206,379.949,35.65753451051174,1.4807810109370967,-0.013877495214656754,-0.013974687892971455
2020-08-16,432.78,437.71,413.01,434.19,1739365.364,2020-08-16 23:59:59.999,742240079.00529,523079,780156.767,333029152.85775,0,2020-08-16,68.80441446965054,385.54200000000003,34.90908456638573,1.393562753199308,0.0033275563258232665,0.0033220322613043032
2020-08-17,434.19,449.0,421.01,431.33,2238985.81,2020-08-17 23:59:59.999,968933324.12397,670317,1051288.797,455218557.64085,0,2020-08-17,64.78605595963569,391.248,32.3877409556523,1.2375670181777496,-0.006586978051083658,-0.006608767930018178
2020-08-18,431.31,434.5,414.0,422.36,1639582.806,2020-08-18 23:59:59.999,698827138.90995,538783,750387.882,319938703.70354,0,2020-08-18,60.22957889396246,396.46000000000004,28.10441321403407,0.921563449937702,-0.02079614216493164,-0.021015427449291038
2020-08-19,422.33,427.1,393.28,407.65,2392945.29,2020-08-19 23:59:59.999,978436819.67326,750946,1103372.689,451149570.72686,0,2020-08-19,52.073789773430725,400.0775,24.20335685178083,0.31286982406503766,-0.03482810872241693,-0.03544906782939386
2020-08-20,407.63,419.48,402.41,416.29,1235515.836,2020-08-20 23:59:59.999,508701446.71645,490634,591557.499,243677074.4779,0,2020-08-20,56.45082765335931,403.571,20.86280268299018,0.6096496330461882,0.021194652275236203,0.020973169664895902
2020-08-21,416.3,418.95,385.09,388.25,1870166.525,2020-08-21 23:59:59.999,753415032.24112,636597,829286.17,334190781.44887,0,2020-08-21,52.436404748445455,403.6215,20.822374927742693,-0.7382203064415964,-0.06735689062912875,-0.06973267074501918
2020-08-22,388.27,397.34,380.0,395.44,1122107.661,2020-08-22 23:59:59.999,436143011.08409,484140,529124.269,205744731.82733,0,2020-08-22,49.38642925890279,404.75100000000003,19.64472740296364,-0.47396941728982,0.01851899549259506,0.018349606969907485
2020-08-23,395.44,397.2,383.69,391.0,892915.856,2020-08-23 23:59:59.999,348769199.20701,417650,408166.266,159500438.05217,0,2020-08-23,50.14046659337975,404.991,19.43435560790852,-0.7199106717130646,-0.011227999190774773,-0.011291509013338025
2020-08-24,391.0,410.7,387.64,407.94,1323796.078,2020-08-24 23:59:59.999,532034653.91777,522224,653864.193,262876763.24914,0,2020-08-24,53.45230628884202,405.883,19.121812868248906,0.1075734823979787,0.043324808184143304,0.042412544781057576
2020-08-25,407.91,409.43,370.14,383.11,2394641.047,2020-08-25 23:59:59.999,926182571.14738,772454,1108569.629,428722810.24362,0,2020-08-25,51.03707333006697,404.991,19.769184659595133,-1.1068235932218808,-0.06086679413639262,-0.0627979505552832
2020-08-26,383.07,393.44,377.63,386.02,1390706.382,2020-08-26 23:59:59.999,535388937.61697,514169,674117.686,259667646.47793,0,2020-08-26,49.596503026227296,404.5375,20.109369870258387,-0.9208393957379684,0.007595729685990982,0.007567027382921825
2020-08-27,386.02,397.38,371.31,383.6,1885062.888,2020-08-27 23:59:59.999,723029860.38872,634552,893634.062,342920610.27204,0,2020-08-27,35.403552944467776,404.736,19.868721358481046,-1.0637825967083674,-0.006269105227708294,-0.0062888385847786315
2020-08-28,383.58,398.8,379.94,395.14,1161424.748,2020-08-28 23:59:59.999,454164125.32279,441158,579086.94,226513341.05839,0,2020-08-28,34.50574386611828,404.619,19.920520469841694,-0.47584098087952065,0.030083420229405577,0.029639789475975797
2020-08-29,395.16,405.8,391.81,398.66,987943.95,2020-08-29 23:59:59.999,395131559.72597,409743,477362.337,190945130.65863,0,2020-08-29,37.68869628024558,405.025,19.700000400745733,-0.32309644012794075,0.008908235055929747,0.008868790809360773
2020-08-30,398.71,430.28,398.37,429.11,1442892.512,2020-08-30 23:59:59.999,599192209.99373,530726,717839.897,298203264.84767,0,2020-08-30,48.48321987340261,406.689,20.27945756047919,1.1056015642003296,0.07638087593438003,0.07360437302231598
2020-08-31,429.12,439.49,418.2,434.03,1643669.582,2020-08-31 23:59:59.999,708381941.47511,593545,779588.722,336145332.45312,0,2020-08-31,50.79636621047663,409.4255,20.080726416665318,1.2252793793146997,0.011465591573256217,0.011400359818449349
2020-09-01,434.03,489.32,429.25,475.61,3265577.517,2020-09-01 23:59:59.999,1522749662.81293,981222,1590644.394,741303551.23651,0,2020-09-01,63.172215900657996,413.83299999999997,24.247473682837704,2.547770576351863,0.09579982950487298,0.09148453453252664
2020-09-02,475.7,482.44,418.3,439.75,4128002.108,2020-09-02 23:59:59.999,1848669079.41557,1198657,1929100.243,863768005.57367,0,2020-09-02,57.18828376925834,414.5535,24.814848117713115,1.015379980585675,-0.07539791005235386,-0.07839180705024418
2020-09-03,439.74,450.91,371.0,381.62,4981606.249,2020-09-03 23:59:59.999,2061198580.62087,1451171,2287690.41,946889014.64748,0,2020-09-03,43.644828976793626,411.6925,25.163499019306606,-1.1950841962370564,-0.13218874360432065,-0.14178103451547192
2020-09-04,381.52,400.63,356.14,385.2,3806408.61,2020-09-04 23:59:59.999,1466761495.79589,1181030,1792561.153,691007965.43461,0,2020-09-04,49.38584833474285,409.315,25.315084020150454,-0.9525941126960039,0.009381059692888272,0.00933733082177489
2020-09-05,385.24,394.89,307.36,334.85,5792598.731,2020-09-05 23:59:59.999,2014890370.20582,1850618,2706958.927,940687371.01923,0,2020-09-05,39.606134422067456,404.348,29.56621909508987,-2.350588006416474,-0.13071131879543085,-0.1400800095679112
2020-09-06,334.85,360.0,316.03,352.69,3681811.956,2020-09-06 23:59:59.999,1260136199.59651,1111814,1757173.724,601812023.53587,0,2020-09-06,43.71699412864499,400.41600000000005,30.984183639227677,-1.5403342736316705,0.05327758697924434,0.05190681377631782
2020-09-07,352.62,358.48,323.02,353.49,3268150.18,2020-09-07 23:59:59.999,1119788439.21161,942280,1685902.932,577882936.71006,0,2020-09-07,40.57077546496726,396.97249999999997,32.219420079558674,-1.3495742596430855,0.002268280926592814,0.0022657122609819787
2020-09-08,353.49,356.67,325.0,337.32,3008960.497,2020-09-08 23:59:59.999,1022162050.92677,871201,1531475.834,520393468.63755,0,2020-09-08,41.82525797122147,393.456,34.73268283392484,-1.6162298855062727,-0.045743868284817135,-0.04682316168691824
2020-09-09,337.38,359.0,330.58,350.65,1732784.863,2020-09-09 23:59:59.999,600153424.58103,586359,896528.688,310592316.94435,0,2020-09-09,43.91201074047299,390.17400000000004,35.55304227118623,-1.1116910811323752,0.039517372228151215,0.03875654027647854
2020-09-10,350.58,377.0,349.66,367.69,2855720.317,2020-09-10 23:59:59.999,1048583230.04711,785449,1480850.294,543781502.14056,0,2020-09-10,47.39274360066861,389.146,35.90708058015002,-0.5975423134751093,0.04859546556395267,0.047451616870722746
2020-09-11,367.69,375.07,355.6,373.45,1837058.853,2020-09-11 23:59:59.999,671565874.73255,658094,969104.233,354404541.39398,0,2020-09-11,46.37690842882437,388.0465,36.04063660793434,-0.40500117017318654,0.01566537028475068,0.015543934949433423
2020-09-12,373.42,388.36,364.43,387.65,1472243.835,2020-09-12 23:59:59.999,551721286.62609,577135,799030.3,299677090.31168,0,2020-09-12,48.22425083061836,387.879,36.03397167586104,-0.006355114059032457,0.038023831838264854,0.03731874386189237
2020-09-13,387.58,390.45,353.12,366.24,2318465.664,2020-09-13 23:59:59.999,859558056.31093,750798,1152247.875,427104602.82123,0,2020-09-13,39.55543741901185,385.794,36.01852833137146,-0.542887255695253,-0.05523023345801614,-0.05681401446071134
2020-09-14,366.24,384.42,355.48,377.13,2243256.424,2020-09-14 23:59:59.999,832952559.07798,755165,1186378.491,440672195.29004,0,2020-09-14,40.7310875089594,385.495,36.066770170424604,-0.23193094253999652,0.029734600262123267,0.029301099390592885
2020-09-15,377.13,382.49,362.29,364.06,2013169.525,2020-09-15 23:59:59.999,747292134.0694,701432,1005970.887,373519529.64693,0,2020-09-15,29.968035053693924,384.397,36.38283127491402,-0.5589724407737987,-0.0346564845013656,-0.03527126637709666
2020-09-16,364.0,373.3,354.75,364.95,1911187.036,2020-09-16 23:59:59.999,696557257.65751,628834,1003466.979,365942923.43629,0,2020-09-16,34.63813357430378,383.4645,36.64240949256704,-0.505275178581138,0.002444651980442636,0.0024416686798884135
2020-09-17,364.97,394.07,363.1,389.24,2807865.002,2020-09-17 23:59:59.999,1069882746.36399,839381,1495707.14,570080095.05881,0,2020-09-17,51.817574658906594,383.1695,36.567137889380504,0.16600971118833233,0.06655706261131678,0.06443576205614708
2020-09-18,389.23,392.43,375.39,384.44,1502040.045,2020-09-18 23:59:59.999,576509035.40646,631909,761020.371,292204952.92238,0,2020-09-18,49.81976854486815,382.4585,36.38789854868495,0.05445491712990372,-0.01233172335833932,-0.012408389998704632
2020-09-19,384.43,388.71,376.67,384.96,923238.785,2020-09-19 23:59:59.999,353726036.38442,470233,483226.014,185208650.92674,0,2020-09-19,65.5611452704801,380.251,34.709272217876475,0.13566979942537388,0.0013526167932575994,0.001351702831230325
2020-09-20,384.95,385.33,364.52,370.85,1347492.449,2020-09-20 23:59:59.999,503892954.65173,518499,650263.33,243119372.4846,0,2020-09-20,55.77314343845372,377.092,32.35213351786572,-0.19293936199147305,-0.03665315876974218,-0.037341764603746844
2020-09-21,370.86,377.2,330.66,340.19,3292780.639,2020-09-21 23:59:59.999,1155637097.23577,885886,1638651.787,575117859.52521,0,2020-09-21,46.44651063375013,370.321,23.648281099210678,-1.274130659796907,-0.08267493595793451,-0.08629338312667066
2020-09-22,340.19,346.75,335.27,344.06,2105741.952,2020-09-22 23:59:59.999,719805988.46761,617003,1121549.052,383507649.1657,0,2020-09-22,51.92747654998856,365.53650000000005,17.825186283810584,-1.20484014349436,0.011375995767071378,0.01131177571299675
2020-09-23,344.05,344.6,312.36,320.64,2547487.165,2020-09-23 23:59:59.999,846856958.49964,735772,1295087.3,430468530.70106,0,2020-09-23,41.88611907208133,362.4875,20.010650815317074,-2.091261318096062,-0.06806952275765854,-0.07049706231244787
2020-09-24,320.64,353.09,316.37,348.77,2679663.06,2020-09-24 23:59:59.999,901752280.98076,870711,1430143.266,481397171.38717,0,2020-09-24,45.17396184062851,360.666,19.485556972440754,-0.6105034624786466,0.08773078842315374,0.08409368070506626
2020-09-25,348.73,357.88,337.5,351.88,2148472.096,2020-09-25 23:59:59.999,743662627.24495,735803,1128511.711,390643561.00256,0,2020-09-25,44.42260950509387,361.51750000000004,18.652329577940904,-0.5166914920588682,0.008917051351893912,0.008877529222962394
2020-09-26,351.88,356.58,345.76,353.88,1293348.016,2020-09-26 23:59:59.999,455072316.68204,574331,678907.026,238936926.77439,0,2020-09-26,40.68002428658167,361.577,18.62456558306296,-0.41327138427323085,0.00568375582584979,0.005667664230711469
2020-09-27,353.89,362.22,346.79,357.4,1563883.714,2020-09-27 23:59:59.999,555292723.13595,575645,808032.804,286976965.51552,0,2020-09-27,47.292993630573235,361.7725,18.55560317560291,-0.23564310783219422,0.009946874646772796,0.009897730110142361
2020-09-28,357.29,368.45,351.6,353.85,1849537.469,2020-09-28 23:59:59.999,666373302.11207,605118,955509.176,344449641.5145,0,2020-09-28,42.53559061177377,362.59900000000005,17.76021126592937,-0.4926180138849941,-0.009932848349188506,-0.00998250820353386
2020-09-29,353.84,360.55,350.07,359.7,1437671.627,2020-09-29 23:59:59.999,510876559.74376,561451,745350.63,264975201.4722,0,2020-09-29,48.534158149542755,363.0515,17.553838169289424,-0.19092690542535948,0.0165324289953368,0.016397256179784322
2020-09-30,359.7,361.55,351.02,359.71,1168055.491,2020-09-30 23:59:59.999,415896154.63899,488247,609610.33,217137877.46284,0,2020-09-30,48.227813852813846,362.65250000000003,17.53353685009395,-0.16782124594469858,2.7800945232137053e-05,2.7800558793021384e-05
2020-10-01,359.71,370.44,345.1,352.53,2088409.078,2020-10-01 23:59:59.999,746571670.36107,665864,1043373.021,373259555.11484,0,2020-10-01,35.9596114128356,361.6065,17.47941654903434,-0.5192679043112252,-0.01996052375524726,-0.020162426246411933
2020-10-02,352.54,354.34,334.01,345.41,1991868.507,2020-10-02 23:59:59.999,683375506.97021,624922,1009982.56,346491381.82965,0,2020-10-02,35.3325817361894,359.49449999999996,16.701594463748023,-0.843302717628028,-0.020196862678353522,-0.020403607780700352
2020-10-03,345.44,350.86,343.38,345.72,824121.901,2020-10-03 23:59:59.999,285996343.36135,381089,441351.484,153210335.72871,0,2020-10-03,35.230352303523034,358.4685,16.894570063529255,-0.7545915611975528,0.0008974841492719321,0.0008970816511786048
2020-10-04,345.69,354.3,343.68,352.23,994011.923,2020-10-04 23:59:59.999,346534414.39154,396500,530327.161,184976511.46823,0,2020-10-04,42.56627275630788,357.22349999999994,16.355862066772538,-0.3053033817241821,0.01883026726830961,0.01865517242579274
2020-10-05,352.15,356.51,348.2,353.45,979059.824,2020-10-05 23:59:59.999,344652651.01339,403413,501566.557,176648612.82079,0,2020-10-05,56.92066805845512,356.69300000000004,16.29440204164171,-0.19902540711296393,0.003463645913181601,0.0034576613067327606
2020-10-06,353.45,354.95,336.44,340.65,1685300.902,2020-10-06 23:59:59.999,583797555.3314,611831,841481.57,291672599.20087,0,2020-10-06,48.372004201279466,355.478,16.550271932888375,-0.895936940500302,-0.03621445749045127,-0.036886475397285894
2020-10-07,340.66,342.9,332.22,341.41,1228735.001,2020-10-07 23:59:59.999,416785150.9672,543383,640045.73,217195844.988,0,2020-10-07,62.65383209455347,353.0865,14.775458056838568,-0.7902631481936161,0.00223102891530913,0.0022285438657572276
2020-10-08,341.42,353.43,333.88,351.08,1560418.728,2020-10-08 23:59:59.999,536210648.99195,599963,838940.891,288468451.97452,0,2020-10-08,51.815752240213804,351.4185,12.80071678708192,-0.026443831672114955,0.02832371635277231,0.027930016638482606
2020-10-09,351.07,368.3,347.26,365.04,1327626.268,2020-10-09 23:59:59.999,475540403.45352,545048,719923.006,257873520.21412,0,2020-10-09,58.8369594413108,350.4225,10.64741474675413,1.3728684706732364,0.03976301697618778,0.03899281889523027
2020-10-10,365.03,378.7,364.71,370.68,1467956.111,2020-10-10 23:59:59.999,548124498.85565,574278,736595.156,274983252.54201,0,2020-10-10,60.75544174135726,350.414,10.630302961466112,1.90643672842274,0.015450361604207652,0.015332220099343437
2020-10-11,370.68,378.1,369.07,374.39,1029589.464,2020-10-11 23:59:59.999,384600265.70501,486132,511445.155,191121269.6186,0,2020-10-11,60.850683356750565,352.124,11.605125637086152,1.9186349804645952,0.010008632782993354,0.009958878126534447
2020-10-12,374.39,395.43,365.5,386.73,2084977.674,2020-10-12 23:59:59.999,792546271.84131,676742,1026157.687,390164862.03784,0,2020-10-12,68.87919154800184,354.2575,13.765728946226357,2.358937919441005,0.03296028205881574,0.03242874027809803
2020-10-13,386.72,388.15,374.25,381.12,1684066.814,2020-10-13 23:59:59.999,642910145.53332,590391,795090.238,303647379.42133,0,2020-10-13,62.333026255181956,357.2815,12.584402741820561,1.8942893428529402,-0.014506244666821821,-0.014612488956187848
2020-10-14,381.11,387.72,373.12,378.75,1534026.379,2020-10-14 23:59:59.999,582747917.14607,539010,729608.45,277298853.17548,0,2020-10-14,60.67264573991032,358.78049999999996,13.28332451847341,1.503351060363542,-0.006218513853904262,-0.006237929343356365
2020-10-15,378.75,382.6,369.5,377.63,1617436.212,2020-10-15 23:59:59.999,608124653.81412,578617,762501.029,286863550.79217,0,2020-10-15,65.09502044743807,360.068,13.81650637538198,1.2710883289057564,-0.0029570957095709227,-0.0029614765556076317
2020-10-16,377.63,379.92,360.53,365.41,1864106.37,2020-10-16 23:59:59.999,687027290.77005,607914,882830.659,325454733.59731,0,2020-10-16,61.33272892112421,360.6445,13.785231790805469,0.345696037057465,-0.0323597171834864,-0.032894869429795096
2020-10-17,365.42,370.91,363.19,368.26,710651.199,2020-10-17 23:59:59.999,260959521.02027,420785,366800.605,134732518.24001,0,2020-10-17,62.41462877285744,361.1875,13.864365103990869,0.5101207265498343,0.007799458142907945,0.00776919960089795
2020-10-18,368.26,378.8,367.16,378.29,806637.483,2020-10-18 23:59:59.999,301425260.48222,440692,434623.227,162449019.17228,0,2020-10-18,63.81760339342524,362.4095,14.255161013690197,1.1140175817550515,0.027236191820996014,0.02687188680347134
2020-10-19,378.28,384.53,372.72,379.47,1306013.625,2020-10-19 23:59:59.999,494223813.25818,512797,674044.911,255109014.47219,0,2020-10-19,63.802249098238924,363.398,14.734776836483455,1.090752861638567,0.00311930000793037,0.0031144450850146854
2020-10-20,379.47,381.19,364.9,368.74,1662321.815,2020-10-20 23:59:59.999,619370716.71565,549359,774610.982,288687097.1686,0,2020-10-20,65.23484108905522,363.8495,14.754157121582297,0.33146590209794063,-0.028276280074841287,-0.028683753685315477
2020-10-21,368.74,402.8,367.9,390.96,3345842.465,2020-10-21 23:59:59.999,1295884282.38578,876410,1662084.709,643468614.5703,0,2020-10-21,71.79938407391111,365.771,15.67603397076401,1.6068477554321297,0.060259261268102104,0.058513464319654596
2020-10-22,390.95,421.9,390.57,414.39,3018734.084,2020-10-22 23:59:59.999,1234905764.54365,856223,1481155.68,605949258.82696,0,2020-10-22,74.84498861941762,369.22,18.32505848342555,2.4649307417411426,0.059929404542664155,0.05820230641807871
2020-10-23,414.38,419.99,401.82,409.4,2104662.195,2020-10-23 23:59:59.999,867793859.96589,646495,1001021.043,412956085.38152,0,2020-10-23,68.72678149273892,372.404,19.520263263968793,1.8952613240769418,-0.012041796375395153,-0.012114886152788988
2020-10-24,409.41,417.16,407.33,412.34,1329608.93,2020-10-24 23:59:59.999,548566702.97112,520856,625794.455,258246674.26231,0,2020-10-24,67.99723518230516,375.40950000000004,20.833937514745802,1.7726125929801482,0.007181240840254066,0.007155578515232949
2020-10-25,412.34,417.89,402.6,406.14,1346452.607,2020-10-25 23:59:59.999,551028600.15098,517649,611352.855,250292063.17312,0,2020-10-25,63.427218134145306,378.044,21.23841886274456,1.3228856715546133,-0.01503613522820968,-0.015150323993850754
2020-10-26,406.14,411.18,382.18,392.43,2786314.677,2020-10-26 23:59:59.999,1107994114.66407,744207,1275931.568,507499167.93349,0,2020-10-26,52.38294314381271,380.633,19.527208575133084,0.6041314074466798,-0.03375683261929374,-0.034339750380325794
2020-10-27,392.43,410.58,390.0,403.6,2401387.34,2020-10-27 23:59:59.999,963095983.7254,630010,1175348.984,471365186.25248,0,2020-10-27,58.98050495365932,383.7425,17.83046649771743,1.1136837055015962,0.02846367505032754,0.028066111111208616
2020-10-28,403.59,409.65,379.28,388.17,2723288.874,2020-10-28 23:59:59.999,1067492300.89028,738085,1270983.344,498189579.16182,0,2020-10-28,53.40761105484011,385.59700000000004,16.09930632699538,0.1598205505094069,-0.03823092170465814,-0.03898090048348281
2020-10-29,388.17,394.27,380.5,386.94,1923941.877,2020-10-29 23:59:59.999,747193992.32758,564298,959746.836,372848004.00139,0,2020-10-29,53.36514132870671,386.692,15.355092623412958,0.016150993424933688,-0.0031687147383878678,-0.0031737457456301847
2020-10-30,386.94,392.1,373.03,382.4,2280687.856,2020-10-30 23:59:59.999,869836730.23964,643478,1153271.152,439986543.35241,0,2020-10-30,56.50210486031379,387.27799999999996,14.929602737335092,-0.32673340917513927,-0.011733085232852658,-0.011802461073094812
2020-10-31,382.49,394.14,380.14,386.29,1672781.766,2020-10-31 23:59:59.999,647983532.2333,552920,839003.873,325114136.45014,0,2020-10-31,56.84562229478321,387.873,14.622914282220544,-0.10825475479430804,0.010172594142259461,0.010121201543305997
2020-11-01,386.28,398.0,384.32,396.82,1414350.496,2020-11-01 23:59:59.999,551627820.47901,498079,743492.151,290187841.43731,0,2020-11-01,57.00885089643693,388.3775,14.754864987162026,0.5721841580621497,0.027259312951409598,0.02689439464577214
2020-11-02,396.9,405.0,377.71,383.16,2316121.967,2020-11-02 23:59:59.999,903392158.93109,713748,1118393.009,436313522.13636,0,2020-11-02,51.27531623695306,388.47950000000003,14.70903355621303,-0.3616485052991855,-0.03442366816188691,-0.03503012085163322
2020-11-03,383.16,390.28,370.0,388.11,2031329.509,2020-11-03 23:59:59.999,772381755.52383,711968,1011103.37,384739140.23298,0,2020-11-03,56.973144214846286,388.9475,14.531002383286015,-0.057635390725920894,0.012918885061071084,0.012836148083229271
2020-11-04,388.11,408.99,375.71,402.92,3120949.65,2020-11-04 23:59:59.999,1226524381.3097,985161,1602508.567,629774997.89097,0,2020-11-04,54.548220261636764,390.212,14.594548946345475,0.8707360567783874,0.038159284738862764,0.0374492264765602
2020-11-05,402.95,423.79,395.89,417.14,4634761.389,2020-11-05 23:59:59.999,1891955855.84379,1290281,2266750.276,925931916.19339,0,2020-11-05,51.12456039911671,392.7985,14.551532122260092,1.672779181977943,0.035292365730169584,0.03468386579400842
2020-11-06,417.13,459.0,414.81,456.38,5106137.581,2020-11-06 23:59:59.999,2238630663.95929,1258910,2576925.846,1130196520.89144,0,2020-11-06,65.00766675185281,397.2045,19.297405190987867,3.066500361801788,0.09406913745984569,0.08990389894978904
2020-11-07,456.38,469.74,423.7,435.58,5035309.468,2020-11-07 23:59:59.999,2267393644.26046,1412297,2336697.868,1053223100.15363,0,2020-11-07,56.663608211950915,400.069,20.55316671720357,1.7277629519871638,-0.04557605504185114,-0.04664731949581528
2020-11-08,435.64,461.1,432.33,454.75,2450451.528,2020-11-08 23:59:59.999,1096811295.30789,773991,1189419.868,532502725.07508,0,2020-11-08,62.97304510274887,403.83299999999997,23.29282656685497,2.1859519648187944,0.044010285137058736,0.04306934107576902
2020-11-09,454.74,459.9,433.76,444.72,3414860.603,2020-11-09 23:59:59.999,1529951231.33957,875666,1612337.826,722662672.21982,0,2020-11-09,64.23476887896771,407.632,23.463453911851595,1.5806709506338514,-0.02205607476635507,-0.02230294675301753
2020-11-10,444.73,455.82,439.07,450.67,2457157.259,2020-11-10 23:59:59.999,1101900928.72573,724815,1206236.073,541148853.79797,0,2020-11-10,63.18856822639395,410.6175,24.980191494565492,1.603370414863054,0.013379204892966401,0.013290493711936259
2020-11-11,450.67,476.89,449.69,463.35,3760142.204,2020-11-11 23:59:59.999,1745401777.20616,971963,1819879.512,844866287.00886,0,2020-11-11,71.39442231075697,413.0655,27.627998856040442,1.8200558159139382,0.028135886568886326,0.027747343675550155
2020-11-12,463.34,470.83,451.09,462.68,3184836.866,2020-11-12 23:59:59.999,1466293500.10829,861884,1509260.085,695142857.21308,0,2020-11-12,71.62270183852918,415.72950000000003,29.743681235195993,1.5785033341617105,-0.00144599115139743,-0.0014470376054996218
2020-11-13,462.69,479.0,457.25,476.8,3013056.859,2020-11-13 23:59:59.999,1409561751.13007,829046,1466116.036,686141035.05957,0,2020-11-13,75.5521870939801,418.9525,32.70233178149939,1.7689105592380403,0.030517852511455112,0.030061445323939333
2020-11-14,476.8,478.1,451.97,461.0,2199594.275,2020-11-14 23:59:59.999,1018168657.35182,690421,967974.5,448037124.75822,0,2020-11-14,68.99760972384682,421.6955,33.85165680077993,1.1610805412364473,-0.03313758389261745,-0.03369907275449149
2020-11-15,461.02,462.96,440.1,448.16,2039952.113,2020-11-15 23:59:59.999,923590510.34729,691121,918757.038,416011815.66143,0,2020-11-15,62.9033879561677,424.48199999999997,33.60871387632896,0.7045196697240106,-0.027852494577006448,-0.028247731484850064
2020-11-16,448.16,466.6,445.53,460.72,2458564.459,2020-11-16 23:59:59.999,1122837075.35513,799761,1210769.531,553002736.48237,0,2020-11-16,69.60169834209464,427.338,34.16320529150284,0.9771331382744365,0.02802570510531943,0.027640171686618448
2020-11-17,460.7,485.93,460.0,482.49,3589150.001,2020-11-17 23:59:59.999,1700391157.3162,1004063,1750468.951,829484489.37339,0,2020-11-17,71.98360197521663,432.054,34.97229360507962,1.4421702096391629,0.04725212710540028,0.046169711977248847
2020-11-18,482.56,497.0,455.0,478.61,5265683.829,2020-11-18 23:59:59.999,2515967634.21523,1259021,2471021.647,1181302210.33809,0,2020-11-18,68.57605654542778,436.6375,34.754919208802924,1.2076707687862784,-0.008041617442848592,-0.008074125644706498
2020-11-19,478.6,480.68,465.15,471.38,2320768.365,2020-11-19 23:59:59.999,1100330779.87607,736696,1089984.041,516986229.7034,0,2020-11-19,63.784690454406835,441.0865,33.10243007059811,0.9151442941014463,-0.015106245168299948,-0.015221506742717633
2020-11-20,471.38,514.52,471.01,510.37,4646610.69,2020-11-20 23:59:59.999,2320362796.89682,1231789,2338633.211,1167794800.38878,0,2020-11-20,63.738612652043365,447.29050000000007,33.909633233824884,1.8602235997373777,0.08271458271458276,0.07947139008541056
2020-11-21,510.43,555.44,502.8,554.1,5113556.271,2020-11-21 23:59:59.999,2697114724.26534,1269280,2506583.286,1322311675.77051,0,2020-11-21,77.0075653996901,455.1545,39.38444075292857,2.5122992254915437,0.08568293590924236,0.08220922299965178
2020-11-22,554.04,582.93,511.0,560.42,7317045.59,2020-11-22 23:59:59.999,4022935662.18822,1515989,3442602.213,1894101142.5941,0,2020-11-22,75.57728614997338,464.0174999999999,42.17639111049153,2.2856981705108375,0.01140588341454607,0.011341326746436854
2020-11-23,560.41,611.88,550.81,609.12,7475301.504,2020-11-23 23:59:59.999,4395596654.20608,1708344,3600348.07,2118020759.43327,0,2020-11-23,83.51818626651442,475.06800000000004,49.54988306322055,2.7053948811334916,0.08689911138075024,0.08332879001444644
2020-11-24,609.12,624.65,586.15,605.72,5651528.809,2020-11-24 23:59:59.999,3439202254.39881,1535693,2634898.971,1604006033.18263,0,2020-11-24,81.94404384193828,485.20799999999997,54.510668448815814,2.210796591371061,-0.005581822957709481,-0.0055974595457324704
2020-11-25,605.71,607.09,555.0,569.79,4433328.336,2020-11-25 23:59:59.999,2605337977.25365,1287051,2025470.843,1190732395.06242,0,2020-11-25,70.01203278935097,492.8405000000001,55.161298167521366,1.394990737279408,-0.059317836624182885,-0.06114996119620031
2020-11-26,569.79,577.53,480.12,520.25,9591594.788,2020-11-26 23:59:59.999,4964042842.5414,2411538,4557736.193,2357962862.69763,0,2020-11-26,59.143610431688955,496.034,54.78693240276502,0.4420032102176588,-0.08694431281700266,-0.09095840661851062
2020-11-27,520.2,530.83,493.8,518.92,3685801.761,2020-11-27 23:59:59.999,1891984830.74204,1098744,1773928.625,911033486.77284,0,2020-11-27,56.9730481425071,500.201,53.0899714883278,0.35259013096504377,-0.002556463238827522,-0.0025597365709321726
2020-11-28,518.89,548.0,507.0,537.46,2832550.126,2020-11-28 23:59:59.999,1497243990.57013,906409,1375847.839,727357982.51448,0,2020-11-28,62.5442971518572,504.3365,52.582140681833124,0.6299382180049593,0.035728050566561365,0.03510460992515333
2020-11-29,537.37,577.0,530.5,576.38,2762989.981,2020-11-29 23:59:59.999,1524874855.14498,943839,1373330.614,758389886.65642,0,2020-11-29,69.37794704388827,510.9195000000001,52.96581315239686,1.2359009727964052,0.07241469132586609,0.06991282676910696
2020-11-30,576.38,617.53,570.9,617.42,4836853.473,2020-11-30 23:59:59.999,2884934969.37863,1368780,2353258.788,1404045558.33253,0,2020-11-30,71.8050762551486,519.2570000000001,56.01890941083044,1.7523190121409524,0.07120302578160231,0.06878234005626045
2020-12-01,617.5,638.66,558.0,585.98,7059013.364,2020-12-01 23:59:59.999,4240637440.96608,1951189,3302323.409,1984710092.68752,0,2020-12-01,64.02341526870647,525.3885,56.28812450943231,1.0764526359347177,-0.050921576884454534,-0.052263846151583714
2020-12-02,585.92,605.88,574.73,596.96,3460094.906,2020-12-02 23:59:59.999,2049109615.60201,1117881,1679751.668,995283927.14567,0,2020-12-02,65.73426573426573,532.1025,56.42287422248353,1.1494894737949293,0.018737840881941414,0.01856445017109913
2020-12-03,596.96,624.7,585.95,616.2,2791753.902,2020-12-03 23:59:59.999,1695201269.41961,997759,1332751.379,809355587.87365,0,2020-12-03,68.6575624838959,539.0725,57.82445256527352,1.3338215335966532,0.03222996515679455,0.03172147668971995
2020-12-04,616.21,620.99,564.91,567.68,3251195.251,2020-12-04 23:59:59.999,1930987603.32641,1123400,1493228.201,887013823.21477,0,2020-12-04,57.20644820561828,544.4065,55.099776317722394,0.4223882845875396,-0.07874066861408646,-0.08201370648140771
2020-12-05,567.69,598.2,561.06,596.97,2107815.29,2020-12-05 23:59:59.999,1234522304.91226,881935,1060800.682,621402732.42573,0,2020-12-05,55.59383073671025,551.847,51.33790721135789,0.8789411655256787,0.05159596956031587,0.05030898119252421
2020-12-06,596.98,607.93,583.2,601.86,2030749.593,2020-12-06 23:59:59.999,1210476905.56092,934832,1000845.295,596760703.31534,0,2020-12-06,55.42749371332775,558.904,47.72573987185197,0.9000593833713391,0.008191366400321698,0.00815799924976486
2020-12-07,601.86,603.63,584.67,591.84,1665460.089,2020-12-07 23:59:59.999,989095671.2003,676652,811608.999,482197610.97348,0,2020-12-07,47.48163693599161,564.3715,44.67719791371151,0.6148214588804803,-0.0166483899910278,-0.016788532039304915
2020-12-08,591.84,595.75,548.0,555.17,3233758.126,2020-12-08 23:59:59.999,1856322580.76521,1019489,1541466.306,885115162.26744,0,2020-12-08,43.28417696293344,568.1995,39.97469547956694,-0.32594369622302716,-0.06195931332792659,-0.06396195493360243
2020-12-09,555.08,578.62,531.0,573.27,3460599.61,2020-12-09 23:59:59.999,1926583484.51165,1102128,1701065.397,947542824.08667,0,2020-12-09,50.48532857302242,573.2940000000001,32.84265926152029,-0.0007307569039707424,0.03260262622259846,0.03208243677084808
2020-12-10,573.28,575.67,548.52,559.71,2293137.506,2020-12-10 23:59:59.999,1286219630.44382,792141,1126905.305,632190699.09652,0,2020-12-10,56.117070750914614,575.761,29.555958148995423,-0.5430715498744705,-0.0236537757077816,-0.023938017469372283
2020-12-11,559.69,561.37,533.11,544.74,2929601.56,2020-12-11 23:59:59.999,1599364273.38403,937661,1429854.121,780782889.40122,0,2020-12-11,53.84020465226963,575.2929999999999,29.98794636797135,-1.0188426918300761,-0.026745993460899453,-0.027110175840296534
2020-12-12,544.8,574.0,543.34,568.34,1764546.873,2020-12-12 23:59:59.999,986473193.62934,700318,873246.882,488324950.53594,0,2020-12-12,54.524674715742584,575.6890000000001,29.833100108858424,-0.246337121290921,0.04332342034732162,0.04241121457426689
2020-12-13,568.3,595.47,563.11,590.91,2311572.28,2020-12-13 23:59:59.999,1347203345.71772,798911,1148879.569,669695578.38963,0,2020-12-13,52.23614146326448,574.7785,29.02605930339347,0.5557592173083588,0.03971214413907154,0.03894389035972508
2020-12-14,590.92,591.63,575.57,586.33,1808415.505,2020-12-14 23:59:59.999,1056642933.64741,801134,886319.241,517993753.6209,0,2020-12-14,44.61047741219708,573.809,28.251681254115013,0.44319486289603804,-0.0077507573065270785,-0.007780950540747203
2020-12-15,586.32,598.0,579.0,588.8,1866136.289,2020-12-15 23:59:59.999,1096639680.90851,823810,929617.671,546423264.75966,0,2020-12-15,50.54343636784088,574.7595,28.428581887913417,0.4938867529642537,0.004212644756365735,0.00420379640970073
2020-12-16,588.8,640.47,581.04,637.8,3634225.42,2020-12-16 23:59:59.999,2224121861.38123,1304479,1837194.357,1124377292.96617,0,2020-12-16,56.864327013580734,580.637,28.715867628962933,1.9906415762393748,0.0832201086956521,0.0799381871612907
2020-12-17,637.79,678.2,625.0,643.12,6624640.551,2020-12-17 23:59:59.999,4323918360.18859,2097193,3157585.238,2061063096.3239,0,2020-12-17,54.74679080265199,586.847,28.089401653703394,2.0033534602749654,0.008341172781436201,0.008306577443748159
2020-12-18,643.09,665.85,630.1,654.51,2995266.462,2020-12-18 23:59:59.999,1938890105.18305,1193469,1443704.989,934639849.0559,0,2020-12-18,67.61757902852739,592.6995,29.420227462534882,2.1009524851129204,0.017710536136335442,0.017555532052337286
2020-12-19,654.44,671.95,646.0,658.81,2635211.184,2020-12-19 23:59:59.999,1734368811.90602,1107104,1259451.216,829055715.99985,0,2020-12-19,63.963150289017335,596.821,32.61415803313729,1.9006776117604085,0.00656980030862786,0.006548313229780878
2020-12-20,658.82,662.99,620.93,638.27,2759178.686,2020-12-20 23:59:59.999,1784260076.65732,1034345,1271674.328,822799180.78304,0,2020-12-20,57.67851870597663,597.8634999999999,33.62482436267855,1.2016865743051652,-0.031177425964997396,-0.031673785987672815
2020-12-21,638.25,648.88,595.54,608.18,3621682.355,2020-12-21 23:59:59.999,2244492979.21308,1260169,1705017.689,1057155084.86108,0,2020-12-21,53.17701042152744,598.9735,33.57828093073091,0.27418020651480696,-0.04714305858022472,-0.04829050053133749
2020-12-22,608.24,638.7,588.41,637.2,3285945.398,2020-12-22 23:59:59.999,2018867691.25137,1058048,1640032.54,1008590516.75009,0,2020-12-22,66.43821890906179,600.9855,34.64007892828517,1.0454508511650442,0.04771613667006491,0.04661268725308049
2020-12-23,637.2,639.54,546.81,585.34,4594542.183,2020-12-23 23:59:59.999,2780347849.30735,1465155,2147754.185,1300492976.8334,0,2020-12-23,52.13047622409716,599.4425,34.61399927850813,-0.40742186092192534,-0.08138731952291278,-0.08489070305216125
2020-12-24,585.49,615.42,565.2,612.31,3154682.001,2020-12-24 23:59:59.999,1850869925.29699,1169046,1579144.92,926924474.74113,0,2020-12-24,58.864770122691105,601.674,33.88958408528521,0.3138427421603589,0.04607578501383802,0.045045815230278646
2020-12-25,612.31,634.96,604.5,627.18,2623370.085,2020-12-25 23:59:59.999,1624993202.28557,1020133,1305196.836,808829053.18236,0,2020-12-25,63.8984422415537,603.1845000000001,34.3391525008061,0.6987796218743777,0.02428508435269716,0.023994890558659786
2020-12-26,627.17,654.32,615.1,637.9,3122352.524,2020-12-26 23:59:59.999,1980966584.01513,1165772,1516738.033,962737119.26878,0,2020-12-26,62.25942897426859,604.9865,35.200805952943426,0.9350212050257853,0.01709238177237804,0.016947950475238935
2020-12-27,637.89,718.75,625.0,685.97,6363000.477,2020-12-27 23:59:59.999,4287976144.01719,2234484,3093011.805,2085176955.54603,0,2020-12-27,65.3719275549806,609.693,39.393635620089206,1.9362772386791782,0.07535663897162581,0.072652363743288
2020-12-28,685.97,749.5,681.91,731.07,5455254.006,2020-12-28 23:59:59.999,3965092828.22437,2092574,2688256.835,1954112347.84904,0,2020-12-28,70.69369781539517,618.488,45.709546463454295,2.4629865905585295,0.0657463154365352,0.06367531940788447
2020-12-29,731.06,742.0,690.1,733.45,4261041.716,2020-12-29 23:59:59.999,3062141882.86711,1752957,2051871.058,1475213382.91639,0,2020-12-29,70.68615393415898,626.497,51.086408955807016,2.0935705246481744,0.003255502209090766,0.0032502145346899065
2020-12-30,733.45,760.76,717.52,753.04,3348883.502,2020-12-30 23:59:59.999,2472826955.60816,1537599,1635461.921,1208263548.45884,0,2020-12-30,67.99387920804446,636.1635,55.85243973137912,2.092594353301566,0.026709387142954455,0.026358918305192925
2020-12-31,753.05,757.0,721.75,737.19,2876756.193,2020-12-31 23:59:59.999,2129347026.27606,1310873,1361549.052,1008271246.3056,0,2020-12-31,64.22071050642481,645.7860000000001,55.85067152213716,1.6365783527557192,-0.0210480186975458,-0.021272686375234585
2021-01-01,737.18,750.4,714.55,729.77,1952291.25,2021-01-01 23:59:59.999,1435726001.9156,1022268,917268.532,674735299.19568,0,2021-01-01,61.51539261888732,653.8575,55.73390717696467,1.3620523635453168,-0.010065247765162377,-0.010116244858949575
2021-01-02,729.7,788.71,715.6,775.02,4176508.581,2021-01-02 23:59:59.999,3166570113.30716,1675287,2045884.505,1551475925.67028,0,2021-01-02,65.80099529546135,663.063,59.842881483184975,1.870849083887419,0.0620058374556367,0.0601594194671986
2021-01-03,775.04,1022.51,769.19,980.24,9610267.802,2021-01-03 23:59:59.999,8696957087.56834,3584354,4657677.769,4214597578.60845,0,2021-01-03,80.95255335710794,682.7585,90.320272380539,3.2936293498611873,0.26479316662795793,0.2349086041692119
2021-01-04,980.23,1173.94,890.0,1043.11,12057661.067,2021-01-04 23:59:59.999,12280790632.57096,5214614,5778764.348,5889966213.22539,0,2021-01-04,87.16143474768879,705.4739999999999,118.25538943543486,2.8551425995205286,0.06413735411735888,0.06216447480333247
2021-01-05,1043.12,1138.92,974.23,1101.29,7526097.093,2021-01-05 23:59:59.999,7963297766.14071,3756458,3629331.553,3840921611.10877,0,2021-01-05,87.77081468218442,728.6485,146.36863915883964,2.5459108053577544,0.055775517443031,0.05427558450717812
2021-01-06,1101.29,1218.0,1057.3,1212.64,6952861.553,2021-01-06 23:59:59.999,7952492225.25109,3494566,3321058.126,3800589046.70885,0,2021-01-06,96.54665796034668,757.1245,180.3165036518029,2.5261997142514225,0.10110869979751036,0.0963175811120174
2021-01-07,1212.98,1297.15,1150.0,1227.12,5807791.01,2021-01-07 23:59:59.999,7101050891.0701,2990880,2772049.386,3390930251.65891,0,2021-01-07,96.48143947985182,785.755,206.69564608507474,2.135337673336073,0.011940889299379753,0.011870159376134398
2021-01-08,1227.5,1279.06,1064.6,1218.39,6994773.234,2021-01-08 23:59:59.999,8338888162.52835,3819568,3312616.534,3949768897.76069,0,2021-01-08,95.11606965705656,813.734,225.6149763459402,1.7935688780674404,-0.007114218658321736,-0.007139645377809365
2021-01-09,1218.55,1314.0,1173.0,1279.96,4157466.015,2021-01-09 23:59:59.999,5122826054.03456,2332783,1987394.9,2450205641.03836,0,2021-01-09,95.46780726850412,845.8185000000001,244.20989661128598,1.7777391744734738,0.05053390129597246,0.0492985123633274
2021-01-10,1279.96,1354.66,1168.49,1257.96,5913298.389,2021-01-10 23:59:59.999,7633413010.30207,3326148,2781784.245,3593800626.94579,0,2021-01-10,92.05870674568746,878.3075000000001,253.9590575554926,1.4949358516856288,-0.01718803712616024,-0.017337466172889875
2021-01-11,1257.95,1264.5,915.2,1086.94,11237262.772,2021-01-11 23:59:59.999,11884458713.94124,6888480,5330729.574,5639590221.4675,0,2021-01-11,72.07876810065642,900.7945,251.38461259016157,0.7404808833843685,-0.13595026868898852,-0.14612495244681464
2021-01-12,1086.84,1153.13,1007.0,1050.82,5531356.605,2021-01-12 23:59:59.999,5979396463.61216,3566320,2638374.932,2853269704.49428,0,2021-01-12,68.89894598940035,924.0685,242.01487264596466,0.5237343416717221,-0.03323090510975779,-0.033795597057785086
2021-01-13,1050.67,1138.63,987.21,1130.4,4029644.646,2021-01-13 23:59:59.999,4284303782.76047,2781096,1944010.424,2068348623.5124,0,2021-01-13,70.9728335778756,949.973,234.49960568028888,0.7694128076530328,0.07573133362516904,0.07300074062243582
2021-01-14,1130.4,1249.32,1087.68,1234.86,4079502.435,2021-01-14 23:59:59.999,4801436186.55306,2522658,1960836.392,2308220044.12361,0,2021-01-14,75.17935745003794,980.3570000000002,229.79542034509615,1.107519895817762,0.09240976645435217,0.08838605094210586
2021-01-15,1234.5,1260.0,1070.0,1168.79,5020898.727,2021-01-15 23:59:59.999,5936014554.3996,3358575,2392020.497,2828783904.10233,0,2021-01-15,70.96761868373294,1006.9014999999999,218.54190951261862,0.7407663837157631,-0.05350404094391259,-0.0549885776962447
2021-01-16,1168.65,1296.79,1152.13,1230.19,3980782.071,2021-01-16 23:59:59.999,4882690374.13278,2865431,1912825.153,2346394635.14904,0,2021-01-16,71.40868256431966,1034.1125,210.20074542596691,0.9328106786807707,0.05253296143875308,0.05119960336549922
2021-01-17,1230.32,1272.28,1165.0,1233.71,3396518.439,2021-01-17 23:59:59.999,4148284417.37915,2848234,1651908.247,2018781238.7725,0,2021-01-17,64.71353108492484,1059.2445,201.94772263802537,0.8639141740296573,0.002861346621253702,0.002857260761195846
2021-01-18,1233.61,1265.96,1183.2,1262.99,2562805.077,2021-01-18 23:59:59.999,3145780782.70752,2072463,1238032.263,1520307506.40987,0,2021-01-18,63.28162752488645,1085.7215,191.42461933384098,0.9260485961361477,0.023733292264794814,0.023456035919898765
2021-01-19,1263.0,1444.05,1255.51,1367.51,6288844.344,2021-01-19 23:59:59.999,8661460016.5314,3890176,3015469.076,4153264139.37802,0,2021-01-19,65.22823475574879,1116.4450000000002,184.4013674598249,1.3615137645587079,0.08275599965162028,0.07950964222088618
2021-01-20,1367.38,1411.38,1236.35,1379.24,5844273.198,2021-01-20 23:59:59.999,7735368865.48017,3605568,2787472.651,3691850377.50564,0,2021-01-20,60.75560375994216,1148.5475000000001,170.24577728359537,1.3550556359216614,0.008577633801581053,0.008541054925396351
2021-01-21,1379.23,1391.0,1083.4,1111.23,6820207.515,2021-01-21 23:59:59.999,8422222242.52244,4232497,3225429.287,3984780487.02147,0,2021-01-21,44.36338167916655,1167.6205,139.44085403289066,-0.4044044364982077,-0.19431716017516898,-0.2160651128931835
2021-01-22,1111.82,1274.52,1041.13,1234.55,5475223.381,2021-01-22 23:59:59.999,6400413550.76259,3498939,2678746.661,3132019760.24392,0,2021-01-22,50.70715911079992,1190.597,104.93539316120021,0.41885772450940384,0.1109761255545656,0.10523902127679191
2021-01-23,1234.54,1274.0,1197.0,1235.66,2920417.541,2021-01-23 23:59:59.999,3621490157.81458,2103058,1422281.665,1764218917.94195,0,2021-01-23,47.95312990925389,1203.368,92.83146464087153,0.3478561942863361,0.0008991130371391876,0.0008987090771314166
2021-01-24,1235.65,1401.88,1221.51,1394.24,3768553.334,2021-01-24 23:59:59.999,4990725961.73751,2620391,1895960.818,2510843703.70461,0,2021-01-24,55.591111986346334,1220.9244999999999,94.12220938619026,1.8413879267206115,0.12833627373225642,0.12074422365928236
2021-01-25,1394.23,1481.46,1293.0,1318.61,5138109.254,2021-01-25 23:59:59.999,7203921848.3719,3373235,2446042.654,3432045420.66001,0,2021-01-25,60.31175166691888,1231.7904999999998,92.10676296531321,0.9425963654014821,-0.054244606380537186,-0.05577131247763395
2021-01-26,1318.53,1379.5,1244.87,1368.4,4868106.344,2021-01-26 23:59:59.999,6419154907.36397,3330274,2389486.467,3152802892.24343,0,2021-01-26,63.965699208443276,1239.5785,96.86447799700684,1.3299147702419938,0.03775945882406484,0.03706402265200625
2021-01-27,1368.48,1377.9,1206.0,1238.55,5277115.882,2021-01-27 23:59:59.999,6718585856.24908,3583216,2531776.401,3224148736.74322,0,2021-01-27,54.55456635811567,1240.15,96.82081284517831,-0.016525372520458204,-0.09489184448991528,-0.0997008335719024
2021-01-28,1238.55,1362.94,1217.28,1329.86,3463945.921,2021-01-28 23:59:59.999,4544323851.28896,2615492,1714577.434,2250424392.42802,0,2021-01-28,54.04558307498381,1245.7235,98.69256748398028,0.8525110060963489,0.07372330547818007,0.07113233298580238
2021-01-29,1330.28,1443.0,1285.46,1381.99,5010264.423,2021-01-29 23:59:59.999,6852570488.05573,3646547,2406600.666,3291810474.31575,0,2021-01-29,59.188229412677344,1250.825,103.09427205999378,1.272282129541309,0.03919961499706748,0.038450815894071975
2021-01-30,1382.14,1409.35,1328.0,1380.48,2364036.673,2021-01-30 23:59:59.999,3218442098.50122,2016654,1159814.103,1579703446.13367,0,2021-01-30,56.82956311517872,1256.951,107.10277970249457,1.1533687579643914,-0.0010926272983161622,-0.0010932246506846534
2021-01-31,1380.42,1383.7,1281.96,1313.12,2091898.285,2021-01-31 23:59:59.999,2789247028.64788,1745459,980938.92,1307931119.23746,0,2021-01-31,53.41070155395015,1268.26,99.9058635337394,0.44902269409692996,-0.048794622160408085,-0.050025279879335464
2021-02-01,1313.09,1379.73,1270.0,1376.48,2282184.993,2021-02-01 23:59:59.999,3023615300.24649,1841919,1133593.179,1502912473.80172,0,2021-02-01,54.73581425626559,1284.5430000000001,88.48762709227883,1.038981414928484,0.04825149262824424,0.047123530991636534
2021-02-02,1376.74,1551.5,1363.0,1516.26,5098356.241,2021-02-02 23:59:59.999,7431220730.79352,3355992,2499526.773,3644007625.7395,0,2021-02-02,56.02973724533227,1303.8359999999998,94.9402719386808,2.237448826112472,0.10154887829826809,0.09671726058194018
2021-02-03,1516.2,1672.76,1510.76,1666.0,4407760.724,2021-02-03 23:59:59.999,6966221755.1702,3190764,2171799.519,3434502838.53946,0,2021-02-03,60.45439962668066,1325.3929999999998,123.19655643256971,2.764744485260249,0.09875615000065951,0.09417876727180986
2021-02-04,1666.1,1703.37,1557.0,1596.0,4966516.757,2021-02-04 23:59:59.999,8136508279.05647,3470922,2348069.915,3848825179.12879,0,2021-02-04,70.65540661457045,1346.7535,131.37905553959106,1.8971555167321899,-0.04201680672268904,-0.042925044717033886
2021-02-05,1595.93,1767.19,1592.46,1721.16,3518469.104,2021-02-05 23:59:59.999,5947779584.53895,2628410,1716851.526,2902204413.55335,0,2021-02-05,70.70134687869583,1371.3020000000001,152.6070407977756,2.2925416689234397,0.07842105263157895,0.07549798308436792
2021-02-06,1721.03,1748.11,1647.09,1679.34,2991060.685,2021-02-06 23:59:59.999,5059220432.8374,2363495,1409797.953,2385307408.24346,0,2021-02-06,68.2431210012993,1393.5835,163.597036270772,1.7467095157337686,-0.024297566757303324,-0.024597623028258714
2021-02-07,1679.38,1695.5,1490.48,1611.99,4063794.078,2021-02-07 23:59:59.999,6470840190.4574,2835190,1915828.659,3050520627.62823,0,2021-02-07,59.67958463357604,1411.0335,167.50058951271376,1.1997360760616718,-0.04010504126621173,-0.040931418492476834
2021-02-08,1612.0,1782.5,1566.22,1755.61,3884050.435,2021-02-08 23:59:59.999,6554958213.11899,2752510,1876643.362,3167309739.18909,0,2021-02-08,68.31854994215195,1430.4385,183.87353935947485,1.7684518453973193,0.0890948455015228,0.08534693428279738
2021-02-09,1755.6,1830.47,1713.2,1770.79,3388435.791,2021-02-09 23:59:59.999,5963865015.44841,2375549,1627361.442,2865302390.73438,0,2021-02-09,67.37180206705405,1450.016,198.4058013370878,1.616757160517755,0.008646567290001794,0.008609399820733488
2021-02-10,1770.99,1848.0,1680.0,1743.31,3442140.65,2021-02-10 23:59:59.999,6073425415.1568,2403599,1636112.194,2888417255.13224,0,2021-02-10,73.90414851297592,1481.62,191.83347197093244,1.3641519246424973,-0.015518497393818609,-0.01564016969685323
2021-02-11,1743.3,1827.07,1704.21,1789.32,2256762.199,2021-02-11 23:59:59.999,3999256495.29382,1755149,1084742.684,1922113256.62648,0,2021-02-11,72.73428995546757,1509.3584999999998,194.3205105861839,1.440720277831059,0.026392322650589994,0.026050054410752036
2021-02-12,1789.32,1872.86,1740.22,1843.08,2650816.264,2021-02-12 23:59:59.999,4780809285.80296,1942543,1295528.595,2337379584.14198,0,2021-02-12,72.77820042879867,1539.7295,196.74455435452205,1.5418495368028349,0.03004493327073976,0.02960242582472086
2021-02-13,1843.08,1878.88,1764.79,1818.02,2381458.551,2021-02-13 23:59:59.999,4331083291.8682,1795873,1132071.471,2059477700.42715,0,2021-02-13,71.12331994438436,1560.9185,202.97250358958152,1.2666814245927096,-0.013596805347570351,-0.013690088438514674
2021-02-14,1817.86,1857.67,1785.23,1803.59,1773668.237,2021-02-14 23:59:59.999,3236470817.88099,1480018,819483.085,1495445756.79576,0,2021-02-14,74.95395573645382,1585.1675,201.46498648061223,1.0841710205610322,-0.007937206411370634,-0.007968873712086325
2021-02-15,1804.0,1839.63,1652.0,1781.34,3238695.81,2021-02-15 23:59:59.999,5714101385.26495,2238984,1524726.195,2691076800.47953,0,2021-02-15,71.49759993203347,1605.8145,199.22801051414126,0.8810282226230488,-0.012336506633991107,-0.012413233008597374
2021-02-16,1781.34,1831.58,1726.01,1784.31,2536777.874,2021-02-16 23:59:59.999,4526508138.96013,1955052,1194945.841,2132951128.29046,0,2021-02-16,66.6525850179541,1633.1025,182.99107469966566,0.8263107927431406,0.001667284179325712,0.0016658958040549226
2021-02-17,1784.31,1864.26,1735.66,1849.86,2340915.266,2021-02-17 23:59:59.999,4236223610.15366,1854144,1135793.751,2056039289.37651,0,2021-02-17,62.75671625222024,1659.1024999999997,174.37659412212813,1.0939398200792896,0.03673688989020962,0.03607817467275266
2021-02-18,1849.87,1955.0,1849.37,1941.26,2447343.966,2021-02-18 23:59:59.999,4677799273.31045,1991785,1191392.013,2277217716.61076,0,2021-02-18,73.26424451512048,1687.066,172.43139070061824,1.4741747367875782,0.04940914447579825,0.048227286236508245
2021-02-19,1941.12,1980.0,1894.0,1958.58,1943898.87,2021-02-19 23:59:59.999,3766473154.64299,1688871,932775.41,1807574899.99218,0,2021-02-19,68.71807000946072,1715.971,166.691331789287,1.455438608569519,0.008922040324325309,0.008882474089430674
2021-02-20,1958.59,2048.0,1792.0,1914.58,3273599.601,2021-02-20 23:59:59.999,6470877708.6009,2451990,1536660.896,3041162056.4399,0,2021-02-20,68.48266758854773,1746.0440000000003,142.71851240522344,1.1808979589240118,-0.022465255440165866,-0.02272144344756443
2021-02-21,1914.51,1981.04,1885.0,1934.75,2039425.917,2021-02-21 23:59:59.999,3961287537.73876,1712993,995068.871,1933114330.09426,0,2021-02-21,77.38968092328581,1773.9575,119.3076599153456,1.3477131318650444,0.010534947612531154,0.010479841739047467
2021-02-22,1934.59,1938.5,1552.2,1778.3,4972903.814,2021-02-22 23:59:59.999,8838825736.40233,3509281,2326381.12,4138255022.73987,0,2021-02-22,51.88445758517018,1787.0594999999998,102.75920865254287,-0.08524296863377147,-0.0808631606150666,-0.08432026740095362
2021-02-23,1778.22,1784.08,1348.17,1579.75,7089349.585,2021-02-23 23:59:59.999,10942958835.92679,5372037,3459134.535,5344360525.28816,0,2021-02-23,37.83804430863255,1782.7469999999998,109.68364015131974,-1.8507500272597157,-0.11165157734915365,-0.11839124509605026
2021-02-24,1579.75,1714.04,1501.09,1623.98,3593348.017,2021-02-24 23:59:59.999,5867227964.60702,2633258,1785428.893,2915517539.60368,0,2021-02-24,42.56186498784517,1784.146,107.32952006739261,-1.4922828304778695,0.02799810096534272,0.02761331972128919
2021-02-25,1623.94,1672.49,1458.0,1482.09,2955804.261,2021-02-25 23:59:59.999,4711814880.46952,2157420,1461321.977,2332154574.30433,0,2021-02-25,32.89422402369631,1772.1924999999999,126.34242513170297,-2.296160610322216,-0.08737176566213878,-0.09142667261779792
2021-02-26,1482.13,1563.66,1401.01,1445.28,3880051.012,2021-02-26 23:59:59.999,5737181606.49004,2740047,1954660.213,2891941974.25923,0,2021-02-26,27.425432423843475,1760.4894999999997,144.87685353158585,-2.175706417666492,-0.024836548387749735,-0.025150179355522502
2021-02-27,1445.36,1530.19,1425.5,1458.65,2530875.338,2021-02-27 23:59:59.999,3756706927.66827,2054630,1242834.507,1844965913.3956,0,2021-02-27,29.332060410172673,1752.8224999999998,156.72236188392426,-1.8770295219126245,0.00925080261264255,0.009208276007116671
2021-02-28,1458.64,1469.44,1292.8,1419.77,4109392.696,2021-02-28 23:59:59.999,5629627203.07104,3035122,2029795.168,2780533897.34832,0,2021-02-28,28.529714490289095,1736.0305,173.5015316017697,-1.8228109981524467,-0.026654783532718662,-0.027016463763183226
2021-03-01,1419.96,1573.42,1411.1,1571.2,2727916.51,2021-03-01 23:59:59.999,4093786528.92125,2130657,1385148.65,2078534377.72257,0,2021-03-01,39.729428554671465,1726.051,177.09972070173785,-0.8743717911378973,0.10665812068151892,0.10134477195473464
2021-03-02,1571.2,1604.85,1455.3,1486.28,2884922.074,2021-03-02 23:59:59.999,4419676882.47557,2055288,1408214.415,2159405354.10544,0,2021-03-02,36.51411350534405,1713.1995,184.9339780762508,-1.227029788470986,-0.05404786150712837,-0.055563304769488384
2021-03-03,1486.24,1664.0,1475.0,1568.63,3055043.878,2021-03-03 23:59:59.999,4859941588.27233,2317178,1529266.667,2433672196.0236,0,2021-03-03,37.46489922176562,1702.1650000000002,186.72830737112716,-0.7151299226131577,0.05540678741556104,0.0539262730996595
2021-03-04,1568.63,1626.0,1506.99,1540.69,3087612.251,2021-03-04 23:59:59.999,4819190828.6856,2412427,1515517.719,2366096691.03746,0,2021-03-04,31.07501582712061,1687.0454999999997,186.96001648185808,-0.7828171111345696,-0.0178117210559533,-0.01797225891994773
2021-03-05,1540.7,1551.0,1441.57,1529.88,3051666.755,2021-03-05 23:59:59.999,4547100964.24997,2173938,1507525.227,2246790361.40687,0,2021-03-05,29.620650313747873,1672.6384999999998,187.43733679272452,-0.7616332073575478,-0.007016336836092929,-0.007041067072393682
2021-03-06,1529.75,1674.02,1515.16,1651.73,2839191.599,2021-03-06 23:59:59.999,4507498262.312,2111387,1428972.805,2269564898.07284,0,2021-03-06,38.365865533572354,1665.0454999999997,184.91223327710955,-0.0720098382027818,0.07964676968128215,0.07663392252874623
2021-03-07,1651.9,1736.89,1631.59,1727.23,2570034.976,2021-03-07 23:59:59.999,4288738410.50978,1917251,1268786.647,2118065378.75201,0,2021-03-07,41.24373407146113,1662.3400000000001,183.5116879971976,0.35360145562494527,0.045709649882244685,0.044695745735363515
2021-03-08,1727.73,1844.57,1667.86,1834.3,3501989.878,2021-03-08 23:59:59.999,6080210583.95216,2433911,1757257.31,3051783959.64863,0,2021-03-08,52.46565692145121,1664.8395,185.58908538900712,0.913095183613839,0.06198942815953856,0.060143968118163964
2021-03-09,1834.47,1873.86,1801.0,1873.31,2460568.209,2021-03-09 23:59:59.999,4512195932.80944,2005441,1214680.562,2228060688.889,0,2021-03-09,65.03800995840419,1666.012,186.8890372330507,1.1092036379934866,0.02126696832579178,0.02104398230573712
2021-03-10,1873.37,1882.59,1760.0,1796.8,3413199.591,2021-03-10 23:59:59.999,6215915591.53833,2552861,1656134.475,3016053062.41708,0,2021-03-10,58.569530118809126,1658.789,178.28471277559257,0.7741045087455971,-0.04084214572067624,-0.04169961464186352
2021-03-11,1796.8,1850.07,1725.96,1829.0,3061111.766,2021-03-11 23:59:59.999,5482129545.41183,2474950,1470844.153,2634339752.5956,0,2021-03-11,69.30173037333779,1652.31,168.9255409625067,1.0459637956063537,0.017920747996438058,0.017762064406686907
2021-03-12,1828.96,1846.59,1719.92,1767.44,2753218.247,2021-03-12 23:59:59.999,4887332853.92612,2301344,1334541.323,2369651074.85164,0,2021-03-12,67.44422785358458,1644.9530000000002,159.86306383903016,0.7661995026151561,-0.03365773646801529,-0.03423719744809293
2021-03-13,1767.32,1948.75,1729.33,1924.94,2763730.381,2021-03-13 23:59:59.999,5136048302.61478,2322825,1371616.668,2548749630.46122,0,2021-03-13,71.8396672693039,1644.4625,158.93947732177057,1.7646811523871915,0.08911193590730093,0.08536262646218488
2021-03-14,1924.94,1935.88,1836.0,1850.54,2244662.581,2021-03-14 23:59:59.999,4225374618.59173,1884142,1089302.936,2051005868.07537,0,2021-03-14,69.52631340374415,1648.0745,162.91229805522178,1.242788312588722,-0.038650555341984694,-0.03941731003284554
2021-03-15,1850.5,1896.3,1729.2,1794.89,3297299.618,2021-03-15 23:59:59.999,5932093091.82662,2427808,1616815.273,2909312358.71151,0,2021-03-15,61.10377555173886,1658.8314999999998,165.24944669945356,0.8233522272994711,-0.030072303219600638,-0.030533749664557946
2021-03-16,1795.09,1819.76,1712.0,1807.25,2500648.806,2021-03-16 23:59:59.999,4444439699.43044,2007781,1237512.306,2200090682.55588,0,2021-03-16,67.16949642134995,1667.9950000000001,168.26893300841766,0.8275740358621853,0.006886215868381784,0.006862614172852354
2021-03-17,1807.25,1841.86,1741.95,1825.77,2164536.182,2021-03-17 23:59:59.999,3879170125.69688,1729032,1071276.026,1920580757.03416,0,2021-03-17,64.76322799926511,1685.179,165.8154851158734,0.8478761793674071,0.010247613777839337,0.010195462962114097
2021-03-18,1825.94,1853.0,1758.48,1777.54,1948941.621,2021-03-18 23:59:59.999,3527078371.44721,1636587,923844.389,1672189613.64183,0,2021-03-18,63.28871034707183,1701.792,156.92101863844837,0.4827141746672327,-0.026416251773224486,-0.026771429902150555
2021-03-19,1777.55,1844.32,1733.09,1811.04,1807873.07,2021-03-19 23:59:59.999,3259787302.19901,1544047,897435.533,1618727579.70283,0,2021-03-19,65.38310025605672,1719.4114999999997,147.69600241446113,0.6203857822967643,0.018846270688704703,0.018670879943740084
2021-03-20,1811.04,1873.84,1802.5,1807.35,1400240.86,2021-03-20 23:59:59.999,2573392189.53617,1433898,701010.525,1288535323.90337,0,2021-03-20,59.77881110971471,1738.7905000000003,130.76803727755146,0.5242833143888519,-0.0020375033130135556,-0.002039581846714931
2021-03-21,1807.43,1818.61,1745.02,1784.67,1569940.157,2021-03-21 23:59:59.999,2801382704.19012,1557526,763137.385,1362072397.69851,0,2021-03-21,53.86603489123412,1749.464,124.95161014527501,0.28175707347082496,-0.012548759233131257,-0.012628159864530523
2021-03-22,1784.78,1809.59,1653.67,1681.69,2062250.384,2021-03-22 23:59:59.999,3606818027.203,1816905,981460.369,1717619404.20763,0,2021-03-22,39.67162522503013,1759.2345,110.03909269342213,-0.7046995581474418,-0.057702544447993165,-0.059434284025638426
2021-03-23,1681.66,1722.52,1652.58,1669.33,1875276.276,2021-03-23 23:59:59.999,3172273699.64815,1705140,919667.49,1555986824.26208,0,2021-03-23,35.67837784705253,1764.2694999999999,102.9330788463629,-0.9223419824224426,-0.00734974935927557,-0.00737689184250679
2021-03-24,1669.33,1742.43,1540.22,1582.11,2657346.906,2021-03-24 23:59:59.999,4399210528.81931,2011721,1283516.821,2126515086.36376,0,2021-03-24,35.14975444421387,1766.3404999999998,98.52001279329784,-1.8699804717497235,-0.05224850688599625,-0.05366294915670037
2021-03-25,1582.01,1622.54,1548.56,1587.5,2454402.206,2021-03-25 23:59:59.999,3902283814.32379,1762270,1212938.964,1928986833.53193,0,2021-03-25,32.651859088558126,1769.2215,91.85859231364375,-1.9782743826459555,0.0034068427606173124,0.003401052618827848
2021-03-26,1587.44,1701.19,1587.03,1699.13,1630204.715,2021-03-26 23:59:59.999,2675730180.49903,1296455,831309.947,1365212797.63838,0,2021-03-26,45.422256771789684,1771.5915,89.24190850982396,-0.8119671711416072,0.07031811023622048,0.06795590357532655
2021-03-27,1699.21,1734.88,1668.3,1714.34,1412714.74,2021-03-27 23:59:59.999,2399338118.75358,1272307,701913.974,1192363569.22107,0,2021-03-27,32.561028120963186,1770.9470000000001,89.62487037942327,-0.6315992398131987,0.008951639956918944,0.00891181153793898
2021-03-28,1714.14,1727.5,1662.54,1688.3,1167051.376,2021-03-28 23:59:59.999,1983034035.73383,1118546,578167.566,982607532.58962,0,2021-03-28,35.39588809275196,1763.6470000000002,90.13757158688624,-0.8359111375368155,-0.015189518998565021,-0.015306061396964457
2021-03-29,1688.31,1845.0,1680.04,1818.44,1936361.877,2021-03-29 23:59:59.999,3435359910.8272,1494348,971287.537,1723034207.19779,0,2021-03-29,51.86919596793396,1760.9035,87.41811743299215,0.6581759215314047,0.07708345673162365,0.074256885173564
2021-03-30,1818.43,1863.79,1788.3,1843.43,1627666.888,2021-03-30 23:59:59.999,2977548709.20566,1367854,797990.547,1459997131.80626,0,2021-03-30,52.81521366989324,1763.235,89.03280427372935,0.9007354160545414,0.013742548558104861,0.01364897604622228
2021-03-31,1843.43,1952.98,1771.85,1923.07,2721505.354,2021-03-31 23:59:59.999,5049966053.5153,2093530,1336302.109,2480787747.65429,0,2021-03-31,56.91345743924967,1767.9384999999997,94.97636776838638,1.633369475428991,0.043202074393928536,0.04229490067938688
2021-04-01,1923.07,1989.11,1882.1,1969.74,2282765.6,2021-04-01 23:59:59.999,4435453780.00105,1864863,1120030.433,2177035192.55174,0,2021-04-01,63.68672914233629,1778.0535,105.14827391907112,1.8230113805532775,0.024268487366554625,0.02397868694419539
2021-04-02,1969.75,2150.0,1949.94,2138.01,2782619.002,2021-04-02 23:59:59.999,5678697553.59085,2187811,1390192.284,2838502252.42318,0,2021-04-02,69.53435853317562,1788.7069999999999,128.92064622126048,2.7094418949817234,0.08542751835267604,0.08197393551601106
2021-04-03,2138.01,2144.17,2002.0,2012.63,2961945.62,2021-04-03 23:59:59.999,6150272520.34633,2154740,1435758.279,2981544989.03309,0,2021-04-03,60.70728145211768,1796.8115000000003,137.80127931860525,1.5661574483718244,-0.058643317851647114,-0.06043316536276644
2021-04-04,2012.64,2093.72,1980.0,2077.73,1628243.592,2021-04-04 23:59:59.999,3330679833.83388,1485985,810070.944,1657379621.27131,0,2021-04-04,64.63806916944715,1810.9535,151.43284898021744,1.761681839815683,0.03234573667291052,0.031833627109910126
2021-04-05,2077.85,2138.61,2002.16,2110.35,2029400.255,2021-04-05 23:59:59.999,4215186592.34909,1754041,997481.631,2072231252.40876,0,2021-04-05,73.0298927642748,1826.1084999999998,165.551282411705,1.716939282252901,0.015699826252689286,0.015577858901660864
2021-04-06,2110.39,2161.02,2043.89,2114.47,2216031.293,2021-04-06 23:59:59.999,4675497907.26923,1850400,1061895.953,2241128697.74332,0,2021-04-06,74.12892174931159,1840.5434999999998,177.6635155886487,1.54182753331434,0.0019522827966924616,0.001950379569322786
2021-04-07,2114.48,2133.02,1930.1,1965.4,3144081.502,2021-04-07 23:59:59.999,6331327536.5734,2315021,1512699.025,3047079333.43999,0,2021-04-07,69.4707752953966,1849.9365000000003,179.1173250098562,0.6446249685430837,-0.07049993615421346,-0.07310840313232812
2021-04-08,1965.4,2086.67,1950.0,2082.08,1653807.764,2021-04-08 23:59:59.999,3355215507.54095,1460069,814310.272,1652269178.50818,0,2021-04-08,72.57201796341597,1863.4885000000002,186.1354683606657,1.174367797417554,0.05936704996438369,0.057671607100120564
2021-04-09,2082.02,2104.83,2052.0,2068.02,1237414.829,2021-04-09 23:59:59.999,2571500898.67981,1159312,592606.513,1231826568.00432,0,2021-04-09,68.48164811270655,1876.5219999999997,191.0588225652045,1.0022986503784503,-0.006752862522093284,-0.006775766267009046
2021-04-10,2068.02,2211.94,2059.03,2135.96,2077350.376,2021-04-10 23:59:59.999,4462334737.25942,1721187,1028505.482,2209271806.71502,0,2021-04-10,70.06338510735497,1894.0865,198.18479582862537,1.220444277719232,0.03285268034158273,0.03232456655154217
2021-04-11,2135.99,2171.07,2115.56,2155.05,1290245.975,2021-04-11 23:59:59.999,2765613090.77921,1262394,637105.081,1365885358.85052,0,2021-04-11,72.3588530040143,1917.7544999999998,199.74368355668187,1.188000019698557,0.008937433285267637,0.008897730811857525
2021-04-12,2155.07,2209.99,2101.96,2139.25,1659510.107,2021-04-12 23:59:59.999,3572221905.88937,1486039,791295.609,1703726826.95369,0,2021-04-12,67.25842720807375,1941.2505,196.5970400932412,1.0071336776285826,-0.007331616435813593,-0.007358624826673592
2021-04-13,2139.24,2324.0,2137.21,2303.15,2311955.605,2021-04-13 23:59:59.999,5176595617.26422,1780146,1148272.119,2570513961.65787,0,2021-04-13,71.51562236741113,1977.3025000000002,193.35703852214723,1.6852114745369204,0.07661563632114055,0.07382245083744905
2021-04-14,2303.15,2450.0,2286.04,2437.08,3370771.796,2021-04-14 23:59:59.999,7962169647.2472,2468771,1632507.143,3856799144.06772,0,2021-04-14,72.89311705548577,2019.7815000000003,196.51061230952828,2.1235418031403994,0.05815079347849683,0.05652285019740534
2021-04-15,2436.74,2548.6,2403.14,2519.85,2600911.507,2021-04-15 23:59:59.999,6417301595.81241,2000570,1264974.531,3121672740.79597,0,2021-04-15,73.73762653940089,2060.8175,211.17267174855675,2.1737306072755933,0.033962775124329214,0.03339877459131438
2021-04-16,2519.85,2553.0,2298.23,2427.29,3505534.172,2021-04-16 23:59:59.999,8482048892.07963,2375308,1681499.622,4069635112.8546,0,2021-04-16,63.355247363852925,2096.465,209.77740065678782,1.5770287884406353,-0.03673234517927648,-0.03742396725481295
2021-04-17,2427.29,2499.26,2314.49,2319.8,2057149.939,2021-04-17 23:59:59.999,4945909137.13609,1733667,987743.735,2374682351.65658,0,2021-04-17,64.41936665008029,2128.04,191.86958855047624,0.9994288383515911,-0.044283954533656744,-0.04529443362174393
2021-04-18,2319.93,2341.91,1900.0,2235.32,4275573.298,2021-04-18 23:59:59.999,9242083489.27048,3573690,2031438.001,4391973190.43101,0,2021-04-18,57.26549317203161,2148.884,178.65465552583672,0.48381610736978486,-0.03641693249418054,-0.03709658051513618
2021-04-19,2235.32,2278.58,2079.12,2162.75,3029523.224,2021-04-19 23:59:59.999,6625482639.95203,2298989,1487044.376,3252086055.04156,0,2021-04-19,52.33000729238923,2164.85,163.55010331619974,-0.01284010194686256,-0.032465150403521714,-0.03300383447215606
2021-04-20,2162.76,2347.0,2052.42,2329.96,3393046.281,2021-04-20 23:59:59.999,7390689083.89487,2726060,1659688.17,3616869084.00746,0,2021-04-20,58.36821870995301,2185.1945,157.07019210247387,0.9216611889387248,0.0773136053635417,0.07447053996992706
2021-04-21,2330.07,2470.0,2238.96,2358.9,3556266.081,2021-04-21 23:59:59.999,8376213677.30245,2869276,1759568.319,4145850503.44985,0,2021-04-21,66.85340323105652,2204.6524999999997,153.0274388149588,1.0079728262754035,0.012420814091228971,0.012344308635169166
2021-04-22,2359.41,2645.63,2305.0,2398.94,6698438.657,2021-04-22 23:59:59.999,16634756435.85801,5254044,3286810.321,8165071100.47479,0,2021-04-22,64.52446872879958,2217.699,158.08604089313505,1.1464706116748,0.016974013311289227,0.01683156444034005
2021-04-23,2399.2,2443.66,2110.0,2368.67,6753400.874,2021-04-23 23:59:59.999,15240128936.7881,5287498,3304800.34,7460124823.05529,0,2021-04-23,63.579616798706404,2235.5009999999997,153.76562037554586,0.8660518500478724,-0.01261807298223383,-0.012698356932578344
2021-04-24,2368.66,2370.04,2156.58,2215.54,3424662.228,2021-04-24 23:59:59.999,7712787520.22163,2896447,1656349.988,3730393778.25107,0,2021-04-24,53.33758325085138,2242.3915,149.3478150695732,-0.17979171631999794,-0.06464809365593349,-0.06683245008156909
2021-04-25,2215.55,2357.0,2162.9,2320.71,3570867.777,2021-04-25 23:59:59.999,8083675412.6014,2864331,1768609.519,4004150147.99782,0,2021-04-25,56.47990236728051,2252.9095,146.94733942095561,0.46139317844859906,0.0474692400046941,0.04637700723234125
2021-04-26,2320.71,2545.5,2303.42,2534.25,3507145.533,2021-04-26 23:59:59.999,8646978933.32786,2997476,1765092.767,4352505519.60982,0,2021-04-26,63.38075880758808,2273.8985000000002,155.8428881674464,1.6706023807789252,0.09201494370257368,0.08802456193839507
2021-04-27,2534.17,2683.42,2481.43,2668.39,2604067.05,2021-04-27 23:59:59.999,6743588001.19054,2397806,1290836.328,3343067019.05474,0,2021-04-27,62.62722646310432,2309.048,161.76584476530996,2.2213712698211037,0.05293084739074683,0.051577559001745904
2021-04-28,2668.28,2762.1,2562.83,2748.33,3857131.883,2021-04-28 23:59:59.999,10332188911.34269,3211060,1921065.705,5147300141.70237,0,2021-04-28,61.17794936254265,2342.3605,180.12500505789865,2.253820894381138,0.0299581395523143,0.029518160204322658
2021-04-29,2748.33,2798.0,2668.87,2759.14,2827431.929,2021-04-29 23:59:59.999,7750499577.3932,2503798,1379566.987,3782341571.96435,0,2021-04-29,59.06202425224761,2376.9165000000003,190.70719226564276,2.0042427108233394,0.0039332976753154725,0.003925582484159185
2021-04-30,2759.15,2803.55,2726.88,2773.15,1961665.845,2021-04-30 23:59:59.999,5412494300.94511,1879324,947387.36,2614574202.72017,0,2021-04-30,63.92642582183066,2408.7760000000003,201.2664935745446,1.8104056642942599,0.005077669128786599,0.005064821240094436
2021-05-01,2773.16,2958.91,2754.04,2947.01,2293998.885,2021-05-01 23:59:59.999,6589470501.4225,2139762,1144510.826,3287853200.84389,0,2021-05-01,73.97390127741551,2448.3740000000003,225.20338770940415,2.2141585216445554,0.06269404828444203,0.06080723882040956
2021-05-02,2947.0,2986.97,2856.7,2950.98,2080727.947,2021-05-02 23:59:59.999,6086611127.85545,1950830,1007019.313,2946475620.08994,0,2021-05-02,79.14874551971324,2488.9605,239.26693033591397,1.930979343243786,0.0013471281061143703,0.0013462215431268819
2021-05-03,2950.91,3459.8,2950.7,3433.36,5116980.548,2021-05-03 23:59:59.999,16382343434.80363,4435590,2523981.921,8079138870.44331,0,2021-05-03,88.79938439364606,2545.471,314.66111734272323,2.8217309068820455,0.16346434065971316,0.15140205495337847
2021-05-04,3433.7,3529.64,3160.01,3243.67,6940584.205,2021-05-04 23:59:59.999,23227206677.60779,6222637,3325643.633,11132319408.91274,0,2021-05-04,77.52320936929554,2585.8005,349.7686919797327,1.8808701724456243,-0.05524908544399654,-0.056833968712781305
2021-05-05,3243.65,3552.74,3211.0,3528.49,3838631.919,2021-05-05 23:59:59.999,12937893760.98514,3812962,1828421.199,6165478151.93019,0,2021-05-05,80.52532402115077,2636.2325,407.68091962988126,2.1886172666850534,0.0878079459377803,0.08416461257443753
2021-05-06,3528.74,3616.0,3380.25,3493.16,3041910.825,2021-05-06 23:59:59.999,10632727893.23226,3211347,1460630.147,5106732732.74472,0,2021-05-06,78.62861448620137,2689.526,446.7269707480026,1.798937723984719,-0.010012781671479898,-0.010063246716118893
2021-05-07,3493.17,3592.0,3355.0,3480.98,2326172.061,2021-05-07 23:59:59.999,8094167086.99724,2597356,1121017.927,3901672633.03948,0,2021-05-07,79.38002187039415,2747.585,470.9464105674003,1.5572790949110311,-0.0034868142312404204,-0.003492907335787624
2021-05-08,3480.98,3964.83,3451.74,3914.47,3128854.033,2021-05-08 23:59:59.999,11602305090.60812,3543096,1543104.593,5721778308.19867,0,2021-05-08,89.08587283109331,2831.5425000000005,521.7504872403368,2.07556586238733,0.1245310228728691,0.11736608018508139
2021-05-09,3914.95,3985.55,3730.0,3928.01,3118238.261,2021-05-09 23:59:59.999,12120213502.67268,3541487,1489308.178,5789340832.26717,0,2021-05-09,88.60546668588174,2919.8055,551.1422719605571,1.8292998945872059,0.0034589612386863866,0.0034529927913864
2021-05-10,3927.83,4214.92,3658.0,3950.33,5052309.882,2021-05-10 23:59:59.999,20426765812.22148,5506108,2401491.793,9708868439.74796,0,2021-05-10,87.45292200922518,3000.824,578.2997474120533,1.6418924688262966,0.005682266593007634,0.005666183413370858
2021-05-11,3950.32,4183.52,3778.17,4175.91,3394479.287,2021-05-11 23:59:59.999,13477585470.55893,4132170,1643472.063,6525844552.70293,0,2021-05-11,88.03180754016309,3091.6745,613.7831683778481,1.7664796883653524,0.057104090038047506,0.055533178896760994
2021-05-12,4175.85,4379.18,3723.43,3828.99,4928002.067,2021-05-12 23:59:59.999,20540714054.05621,6206838,2381766.125,9932240244.71696,0,2021-05-12,74.02641291297968,3163.177,612.1303046187422,1.0876981501752196,-0.08307650308555503,-0.0867312377801607
2021-05-13,3829.89,4036.45,3491.53,3719.45,5852199.813,2021-05-13 23:59:59.999,22134721314.84749,7847323,2881570.744,10897586878.17049,0,2021-05-13,70.45275448005009,3230.716,594.1085597182798,0.8226341667787997,-0.028608066356924367,-0.029025252951916786
2021-05-14,3719.44,4175.0,3692.99,4079.99,3063526.292,2021-05-14 23:59:59.999,12181077842.13998,4229804,1499384.639,5960889474.7403,0,2021-05-14,74.25319951302076,3323.9385,572.3088032768328,1.3210551640497625,0.09693368643213374,0.09251872954079406
2021-05-15,4079.98,4137.21,3634.44,3648.98,3321250.207,2021-05-15 23:59:59.999,12859384950.05047,4473474,1601646.176,6202437951.27844,0,2021-05-15,61.89251552700326,3390.352,524.8648675070189,0.4927515938119855,-0.1056399648038352,-0.11164686094707023
2021-05-16,3649.01,3882.76,3348.0,3581.39,4223938.158,2021-05-16 23:59:59.999,15266100829.69663,5514066,2054868.442,7429862606.30034,0,2021-05-16,60.45480326243063,3442.709,485.7408464224112,0.2855040934305119,-0.01852298450525902,-0.018696683273146237
2021-05-17,3581.39,3587.0,3125.0,3283.58,5745286.6,2021-05-17 23:59:59.999,19279667315.49166,6763734,2792571.308,9371825418.54495,0,2021-05-17,47.35404683503159,3473.4685,452.4650853558263,-0.4196754758450996,-0.08315486445207032,-0.08681670261490135
2021-05-18,3283.23,3570.27,3240.06,3376.35,3842243.27,2021-05-18 23:59:59.999,13102791083.02771,4889289,1915117.725,6532315781.50124,0,2021-05-18,52.42697845937719,3504.8695,420.12868446496924,-0.3059050827811686,0.028252699797172598,0.027860953748263445
2021-05-19,3377.03,3446.24,1400.73,2442.98,10144417.228,2021-05-19 23:59:59.999,27803524889.35709,13310540,4896426.248,13447853938.43437,0,2021-05-19,33.95160837258537,3489.0615,454.22884821449384,-2.3029834060782157,-0.2764434966754039,-0.3235766387594786
2021-05-20,2444.02,2990.85,2150.0,2768.42,6097256.74,2021-05-20 23:59:59.999,16113950567.52409,8152933,3045103.569,8046026598.80096,0,2021-05-20,40.13180468941478,3488.825,454.6222759205277,-1.5846231875490706,0.13321435296236572,0.12505815476267318
2021-05-21,2768.42,2940.0,2097.99,2431.01,6041584.187,2021-05-21 23:59:59.999,15265695041.77466,7619795,3002881.625,7590079388.51843,0,2021-05-21,36.86660846114782,3463.025,499.4229902966469,-2.066414682646076,-0.12187818322364374,-0.12996995148996343
2021-05-22,2431.24,2489.65,2151.63,2295.15,4564819.521,2021-05-22 23:59:59.999,10666152727.52536,5861628,2276612.686,5320447399.81974,0,2021-05-22,28.115522880233527,3430.2335,553.4237657601636,-2.0510205203075955,-0.05588623658479397,-0.057508608005255944
2021-05-23,2295.46,2383.41,1728.85,2096.63,7797669.636,2021-05-23 23:59:59.999,15783098848.93368,8787549,3868683.892,7830214434.99649,0,2021-05-23,26.428174264032037,3363.397,628.6336725587801,-2.0151115908948567,-0.08649543602814624,-0.09046690703878536
2021-05-24,2096.62,2675.0,2079.0,2649.27,5714266.276,2021-05-24 23:59:59.999,13586348325.92198,6572796,2888492.485,6867006552.58782,0,2021-05-24,35.265458663646655,3333.6770000000006,648.3340123903017,-1.0556395113017496,0.26358489576129296,0.23395283653571014
2021-05-25,2649.49,2750.0,2380.6,2706.83,5322472.943,2021-05-25 23:59:59.999,13694505271.63173,6447582,2649888.786,6818994310.55818,0,2021-05-25,32.70441584372895,3292.5939999999996,661.2441081015014,-0.885851371412272,0.021726739818893392,0.021494078161667186
2021-05-26,2706.82,2913.0,2642.87,2884.27,4052111.799,2021-05-26 23:59:59.999,11285324614.47753,5030449,2010815.395,5600635032.75649,0,2021-05-26,38.41545064377683,3262.1495,665.5269402785898,-0.5677899377624286,0.06555269448025913,0.06349362650049999
2021-05-27,2884.16,2893.03,2634.0,2742.77,3441489.934,2021-05-27 23:59:59.999,9494992137.75452,4319043,1705466.734,4706175422.03625,0,2021-05-27,38.11668686396753,3225.239,673.1785027050502,-0.7167029221243439,-0.04905920735576075,-0.050303476372501696
2021-05-28,2742.77,2763.57,2324.48,2411.66,4733066.731,2021-05-28 23:59:59.999,11983057928.13767,5232829,2351420.368,5952599717.66833,0,2021-05-28,29.554929743163655,3150.0984999999996,676.0631454724147,-1.092262616214642,-0.12072102290749864,-0.12865305156888276
2021-05-29,2411.65,2577.04,2208.04,2277.99,4468023.064,2021-05-29 23:59:59.999,10655588004.12472,4840289,2224437.983,5305831156.73819,0,2021-05-29,31.878107907335774,3067.5975,676.8139288170659,-1.1666537380223168,-0.05542655266496943,-0.05702183187177557
2021-05-30,2277.99,2476.83,2179.13,2386.11,3642984.366,2021-05-30 23:59:59.999,8645260126.70548,4099827,1829724.072,4344140117.22053,0,2021-05-30,34.36815040724835,2989.3864999999996,659.5985272658806,-0.9146116540021048,0.04746289492052225,0.04637094967652252
2021-05-31,2386.11,2721.51,2271.46,2706.33,4203920.413,2021-05-31 23:59:59.999,10502558832.11788,4606980,2127706.772,5315402534.37889,0,2021-05-31,42.49472778192389,2915.9075,599.5890620633899,-0.349535228809499,0.13420169229415224,0.12592904865641316
2021-06-01,2706.46,2741.45,2523.82,2634.63,3779985.27,2021-06-01 23:59:59.999,9868610856.33613,4328581,1874417.798,4893405954.83614,0,2021-06-01,40.30319827640303,2856.1895,562.1718417415696,-0.3941134783870067,-0.026493443149948392,-0.026850718856096942
2021-06-02,2634.61,2804.04,2551.03,2707.22,3026897.821,2021-06-02 23:59:59.999,8165015125.37414,3628070,1497245.448,4039000743.15122,0,2021-06-02,54.457820755926555,2805.578,524.677803675243,-0.18746361921740506,0.02755225591449273,0.027179523432767885
2021-06-03,2707.03,2892.23,2662.0,2858.34,3561113.235,2021-06-03 23:59:59.999,9987629061.44338,3961169,1761073.142,4939376330.32195,0,2021-06-03,51.611781491758265,2744.4955,431.30680266610216,0.26395247952565526,0.0558211006124365,0.054318758633356216
2021-06-04,2858.34,2861.53,2540.61,2689.21,4343826.882,2021-06-04 23:59:59.999,11593942225.54805,4514677,2145096.852,5724310646.12483,0,2021-06-04,54.925262667958705,2696.507,375.1064379205949,-0.01945314519380418,-0.05917070747356856,-0.06099356655884355
2021-06-05,2689.41,2817.43,2550.77,2627.45,3876375.64,2021-06-05 23:59:59.999,10381974440.23042,4216220,1923355.981,5151771632.31928,0,2021-06-05,56.523155927571956,2648.81,312.00901007571014,-0.06845956145566773,-0.02296585242506166,-0.023233676091658845
2021-06-06,2627.44,2744.0,2613.11,2711.4,2719341.885,2021-06-06 23:59:59.999,7316997901.78934,3156256,1372571.614,3693566169.91522,0,2021-06-06,62.636535923798874,2620.201,274.74944399925243,0.33193515762036707,0.03195113132504912,0.03145131257096444
2021-06-07,2711.3,2849.65,2569.3,2592.96,4175255.701,2021-06-07 23:59:59.999,11416987186.62013,4541784,2065514.6,5651121426.14238,0,2021-06-07,48.591059445231224,2581.0315,209.328959177336,0.05698447098231921,-0.04368223058198717,-0.04466502637292856
2021-06-08,2592.51,2621.27,2305.5,2506.19,6567894.086,2021-06-08 23:59:59.999,16237479290.57325,5951981,3267501.378,8077646681.31604,0,2021-06-08,45.052083333333336,2584.192,207.6050029972239,-0.3757231226313125,-0.03346368628902874,-0.034036408653677
2021-06-09,2506.13,2627.38,2404.01,2610.2,5127988.288,2021-06-09 23:59:59.999,12928474320.41501,4862437,2585705.673,6519327843.36852,0,2021-06-09,42.98727284823114,2576.281,203.18279166929955,0.16693835005085694,0.04150124292252366,0.0406631751147437
2021-06-10,2610.2,2624.79,2423.36,2471.11,3151629.315,2021-06-10 23:59:59.999,7963220022.58071,3512649,1565308.759,3955721947.05576,0,2021-06-10,43.040354976225615,2578.286,201.86740894381109,-0.5309227505358822,-0.05328710443644158,-0.05475940434551677
2021-06-11,2471.05,2497.94,2320.0,2354.25,2932342.336,2021-06-11 23:59:59.999,7111141085.93231,3385342,1468403.158,3562014656.27138,0,2021-06-11,48.34784710750938,2581.241,197.8981741598268,-1.1470090664741415,-0.047290488889608406,-0.04844523699773791
2021-06-12,2354.25,2452.79,2255.42,2370.59,3349184.786,2021-06-12 23:59:59.999,7889597212.00103,3729689,1684859.146,3968907637.81159,0,2021-06-12,52.857848280970316,2594.939,170.12122268981412,-1.318759625946613,0.006940639269406468,0.00691666390498209
2021-06-13,2370.61,2548.0,2307.41,2508.71,2999871.755,2021-06-13 23:59:59.999,7188328606.18587,3487459,1525925.946,3657231436.44387,0,2021-06-13,53.7149263680989,2587.911,170.66111464414672,-0.46408345665118644,0.0582639764784294,0.05662980749296681
2021-06-14,2508.56,2608.53,2460.0,2579.82,2592645.352,2021-06-14 23:59:59.999,6555180132.71414,3222665,1290521.625,3262870612.83379,0,2021-06-14,45.48497847950379,2581.5605,168.35055276276927,-0.010338546392850307,0.02834524516584236,0.027950952251820146
2021-06-15,2579.8,2639.99,2506.81,2544.17,2609572.986,2021-06-15 23:59:59.999,6731794513.84064,3202340,1280299.567,3303651996.75057,0,2021-06-15,46.686301229358065,2564.5555,152.60507532690372,-0.13358336841897928,-0.01381879355924065,-0.013915161913175022
2021-06-16,2544.28,2557.54,2350.0,2366.84,2715755.789,2021-06-16 23:59:59.999,6669003234.20805,3397557,1311825.535,3222216656.98761,0,2021-06-16,38.41992814762399,2545.759,152.65073895731447,-1.1720807984429789,-0.06970053101797435,-0.07224873501072623
2021-06-17,2366.84,2459.77,2304.15,2372.51,2805257.77,2021-06-17 23:59:59.999,6695512370.52803,3376157,1385937.222,3307812501.75752,0,2021-06-17,31.656132242888333,2543.8015,154.6981359488739,-1.1072628571077925,0.0023955991955519895,0.002392734322278962
2021-06-18,2372.5,2376.94,2135.04,2231.68,3783368.698,2021-06-18 23:59:59.999,8552190538.28243,4084330,1828563.137,4135080577.80523,0,2021-06-18,32.347426172709945,2541.486,159.16816636237766,-1.9464067915104688,-0.059359075409587514,-0.061193801391087634
2021-06-19,2231.68,2280.0,2160.0,2163.36,2905034.112,2021-06-19 23:59:59.999,6458695705.42715,3327674,1470100.703,3269700978.16191,0,2021-06-19,32.184508134419474,2530.3485,177.3655592947825,-2.0691080131857116,-0.03061370805850283,-0.031092096436783626
2021-06-20,2163.36,2277.0,2038.94,2242.7,4117443.373,2021-06-20 23:59:59.999,8843020670.45992,4022782,2057250.128,4419789821.51961,0,2021-06-20,31.943631152340714,2507.1670000000004,183.35137724570933,-1.4424053092635793,0.03667443236446988,0.03601792852179529
2021-06-21,2242.7,2259.27,1864.36,1884.77,8408243.758,2021-06-21 23:59:59.999,16807647822.40997,7236677,4185798.929,8367195862.62223,0,2021-06-21,26.967483429493214,2469.674,227.3130847508587,-2.573120683488461,-0.15959780621572206,-0.17387469960979882
2021-06-22,1884.75,1997.8,1698.64,1878.46,7629543.365,2021-06-22 23:59:59.999,14223120472.28595,6312124,3839581.315,7161304226.81936,0,2021-06-22,28.45680241058129,2428.236,255.51982787211097,-2.151598193292325,-0.0033478886017922482,-0.00335350532043986
2021-06-23,1878.46,2044.35,1820.3,1966.51,4071236.262,2021-06-23 23:59:59.999,8043287560.77444,3911111,2071635.936,4093642479.66855,0,2021-06-23,27.664388077310107,2383.6445,254.3258040072834,-1.6401579919434912,0.046873502762901476,0.04580810583364005
2021-06-24,1966.48,2036.0,1883.47,1989.5,3069218.028,2021-06-24 23:59:59.999,6018280271.63026,3138446,1552015.492,3043974302.33962,0,2021-06-24,31.82398007321582,2348.659,258.1768656295904,-1.391135488162948,0.011690761806449013,0.011622952831338705
2021-06-25,1989.5,2020.0,1790.0,1808.0,4807609.447,2021-06-25 23:59:59.999,9024571644.12839,4146621,2387033.261,4480313351.37808,0,2021-06-25,30.343507330027563,2307.6865000000003,276.0113844386507,-1.8103836586895061,-0.09122895199798942,-0.09566208891486148
2021-06-26,1808.0,1852.95,1715.0,1828.88,4547442.9,2021-06-26 23:59:59.999,8078889026.41593,3987444,2308848.452,4103267854.79546,0,2021-06-26,30.570360752638038,2263.5605,278.6048323243469,-1.5602044529290593,0.01154867256637182,0.011482495663593915
2021-06-27,1828.86,1984.61,1805.0,1980.83,3643084.635,2021-06-27 23:59:59.999,6776865023.89345,3425455,1860410.82,3463027763.31825,0,2021-06-27,31.252397255408923,2232.954,274.10041835257454,-0.9198234775245542,0.08308363588644396,0.07981219115567052
2021-06-28,1981.0,2146.91,1960.31,2083.56,5085737.209,2021-06-28 23:59:59.999,10414575455.76256,4329165,2572027.957,5267154729.80605,0,2021-06-28,32.762525356378674,2211.8224999999998,268.15349072529636,-0.4783174727767962,0.05186209821135579,0.050562020372660416
2021-06-29,2083.55,2244.33,2073.0,2165.15,4249854.368,2021-06-29 23:59:59.999,9211767303.62075,3871897,2136271.17,4631270292.92255,0,2021-06-29,37.24199216383245,2189.57,251.2903344738984,-0.09717842929027015,0.039158939507381696,0.03841167395717873
2021-06-30,2165.03,2290.0,2087.23,2275.0,4574440.196,2021-06-30 23:59:59.999,9905282259.92462,4069369,2305728.283,4995014035.77641,0,2021-06-30,46.761499076124515,2179.7645,243.4294849259627,0.39122417742027,0.050735514860402287,0.0494904092838254
2021-07-01,2274.99,2275.68,2066.0,2105.24,4469383.028,2021-07-01 23:59:59.999,9572977503.66685,3884220,2192324.049,4695564977.17683,0,2021-07-01,41.55294147392905,2167.3140000000003,240.38442686226256,-0.25822804251611603,-0.07461978021978033,-0.07755057751591846
2021-07-02,2105.23,2160.0,2016.43,2152.64,3889555.868,2021-07-02 23:59:59.999,8073817364.15074,3627842,1968370.271,4086729294.52976,0,2021-07-02,47.34515652290742,2156.4165000000003,235.5763218437387,-0.016030898056492306,0.022515247667724392,0.02226552096810857
2021-07-03,2152.64,2239.0,2112.03,2226.63,2965805.065,2021-07-03 23:59:59.999,6500249029.39124,2845458,1506100.715,3301844849.23065,0,2021-07-03,52.11708727338433,2142.3125,221.39136981885014,0.38085269569898555,0.034371748178980255,0.033794235823888887
2021-07-04,2226.71,2390.0,2188.0,2321.95,3200803.958,2021-07-04 23:59:59.999,7390321295.6183,2845169,1596772.157,3686896476.07513,0,2021-07-04,52.62373779175633,2129.419,201.15464147870102,0.9571292940828603,0.04280908817360762,0.04191811820379706
2021-07-05,2322.13,2324.22,2155.04,2195.38,4496599.633,2021-07-05 23:59:59.999,10086981165.22405,3640844,2192208.244,4918710176.05638,0,2021-07-05,62.14373401934491,2111.9795000000004,176.97016464202306,0.4712687032229589,-0.05451021770494613,-0.05605219761038976
2021-07-06,2195.38,2349.92,2191.24,2322.04,4197100.45,2021-07-06 23:59:59.999,9626162967.33224,3956516,2102159.476,4821325277.74283,0,2021-07-06,65.85074754866928,2109.7395,173.83015477835497,1.221309963571609,0.05769388443003032,0.05609095738377927
2021-07-07,2321.82,2410.0,2292.94,2314.65,3113882.674,2021-07-07 23:59:59.999,7340606730.55211,3187956,1536374.681,3622913079.14039,0,2021-07-07,63.201322634955794,2106.8464999999997,169.6581888533639,1.22483625107896,-0.003182546381629847,-0.0031876214529927283
2021-07-08,2314.64,2326.58,2082.07,2114.88,4154305.408,2021-07-08 23:59:59.999,9080261738.94438,3793080,2034143.801,4446825205.31947,0,2021-07-08,54.19230151936658,2101.0065000000004,167.12635343782486,0.08301204277254204,-0.08630678504309508,-0.09026041490323548
2021-07-09,2114.81,2189.27,2045.0,2147.53,4166847.297,2021-07-09 23:59:59.999,8846405222.35686,3773678,2102694.971,4464660906.08217,0,2021-07-09,62.607778627711646,2100.215,166.85276994058506,0.28357335641984577,0.015438228173702662,0.015320271210993573
2021-07-10,2147.4,2195.0,2073.0,2111.14,2803372.98,2021-07-10 23:59:59.999,5940286610.7685,2901834,1384441.407,2934109601.17613,0,2021-07-10,60.36181553868518,2093.6369999999997,163.49940747036854,0.10705237572908193,-0.016945048497576387,-0.017090258563825046
2021-07-11,2111.14,2175.0,2080.0,2140.27,2154716.197,2021-07-11 23:59:59.999,4578291195.14697,2335825,1090675.761,2317893367.71135,0,2021-07-11,56.433182698515175,2106.4120000000003,156.13662524584547,0.2168485449630315,0.013798232234716767,0.013703903352398713
2021-07-12,2140.26,2167.95,2003.4,2030.85,2941659.373,2021-07-12 23:59:59.999,6135599771.18761,2856470,1415609.115,2952212476.02178,0,2021-07-12,47.88464471181244,2114.0315,147.92968369697778,-0.5623043186544686,-0.05112439084788367,-0.05247756467242564
2021-07-13,2030.78,2048.97,1916.0,1940.32,3641617.739,2021-07-13 23:59:59.999,7240764577.16506,3304763,1798509.909,3577320950.94722,0,2021-07-13,41.041415968696946,2112.722,149.412785953276,-1.1538637667455944,-0.04457739370214442,-0.0456015167007479
2021-07-14,1940.31,2018.55,1862.32,1993.82,4274762.909,2021-07-14 23:59:59.999,8306491741.37898,3557825,2148944.526,4176270499.01802,0,2021-07-14,38.26930778986716,2112.938,149.22828198153852,-0.7982267062133478,0.027572771501608084,0.027199488726209746
2021-07-15,1993.82,2042.1,1880.29,1919.35,3891662.256,2021-07-15 23:59:59.999,7547129300.45538,3397840,1943391.415,3769721189.94237,0,2021-07-15,41.57488737207553,2118.5055,138.977792905173,-1.433002322434978,-0.03735041277547624,-0.038065809597697564
2021-07-16,1919.36,1965.85,1846.0,1876.1,3797831.436,2021-07-16 23:59:59.999,7227056616.37395,3347908,1891555.804,3600903079.48532,0,2021-07-16,37.41902023584219,2120.8665,134.1145859752752,-1.8250550320091532,-0.022533670252950166,-0.02279143298742848
2021-07-17,1876.09,1919.0,1841.0,1898.55,3169044.845,2021-07-17 23:59:59.999,5965787509.4647,2894663,1601202.531,3015181022.17974,0,2021-07-17,34.33985680190929,2116.7525,139.7787021980158,-1.5610568460629015,0.011966313096316794,0.011895282857001786
2021-07-18,1898.55,1994.26,1875.0,1890.66,3350134.623,2021-07-18 23:59:59.999,6490340037.90537,3000049,1671293.528,3238462540.45405,0,2021-07-18,27.538616975845528,2107.1075,148.5684641353272,-1.4568872422538037,-0.004155803112901868,-0.00416446246201878
2021-07-19,1890.8,1917.82,1801.0,1818.4,3317206.573,2021-07-19 23:59:59.999,6135968039.40363,2995048,1608819.149,2977139424.48436,0,2021-07-19,29.1898516163222,2089.77,161.13911818838403,-1.6840727630316772,-0.038219457755492736,-0.038968980906214694
2021-07-20,1818.4,1841.34,1715.0,1785.04,4510417.88,2021-07-20 23:59:59.999,7956472622.46679,3712603,2253173.192,3974991938.39241,0,2021-07-20,16.95221918617534,2065.272,168.56947228151023,-1.662412512818536,-0.01834579850417961,-0.018516169612085753
2021-07-21,1785.2,2038.0,1752.35,1995.49,5466949.512,2021-07-21 23:59:59.999,10439929115.58029,4331017,2810927.666,5367608197.59049,0,2021-07-21,34.28588309437531,2059.7844999999998,168.98575245067107,-0.38047290418029805,0.11789651772509302,0.11144881027461473
2021-07-22,1995.5,2046.0,1945.0,2023.55,3739570.52,2021-07-22 23:59:59.999,7466590230.05726,3437084,1876710.365,3747955804.83997,0,2021-07-22,44.58823668835401,2053.33,167.71295807201915,-0.1775652897804824,0.014061709154142621,0.013963760471256758
2021-07-23,2024.0,2131.96,1995.02,2124.33,3237000.868,2021-07-23 23:59:59.999,6648633427.28004,3062474,1644610.167,3379289078.81768,0,2021-07-23,48.72798649033926,2048.215,163.66042110677154,0.46507884731851323,0.04980356304514344,0.048603063853110286
2021-07-24,2124.34,2198.0,2105.4,2183.53,2900599.605,2021-07-24 23:59:59.999,6230603831.2898,2827931,1448763.222,3112768201.19873,0,2021-07-24,53.87215833110459,2041.2940000000003,154.12422014658551,0.9228659834562088,0.027867610022924927,0.027486374715206756
2021-07-25,2183.54,2197.0,2106.12,2188.11,2654022.719,2021-07-25 23:59:59.999,5715783682.52749,2588512,1326925.457,2858328683.89461,0,2021-07-25,52.627993847506055,2040.9305,153.74980176197232,0.9572662749045755,0.0020975209866591626,0.002095324260763875
2021-07-26,2188.15,2433.53,2170.03,2227.41,5648553.005,2021-07-26 23:59:59.999,13069147530.17464,5017882,2788808.874,6452664899.16412,0,2021-07-26,61.698885820398054,2036.1989999999998,145.89926957359634,1.3105685899513497,0.01796070581460696,0.017801317987094778
2021-07-27,2227.44,2319.0,2150.0,2298.04,4077823.745,2021-07-27 23:59:59.999,9128465396.90154,4058565,2024975.777,4534157411.61879,0,2021-07-27,71.80740812992269,2035.3685,144.26899138963512,1.8207065667395477,0.031709474232404444,0.031217110209298495
2021-07-28,2298.05,2345.54,2242.2,2300.08,3309639.002,2021-07-28 23:59:59.999,7597061765.53673,3719892,1625791.148,3733210001.70135,0,2021-07-28,69.9201269643043,2044.6285,155.17264464139186,1.6462405509060902,0.0008877130076063722,0.000887319223442087
2021-07-29,2300.12,2406.44,2263.33,2382.45,2369811.378,2021-07-29 23:59:59.999,5488185704.97631,2620977,1204318.664,2790126082.73508,0,2021-07-29,79.81509618603693,2056.3745,171.41327715189118,1.902276798028083,0.035811797850509475,0.035185465028237856
2021-07-30,2382.45,2473.99,2316.03,2461.72,3555703.039,2021-07-30 23:59:59.999,8490960948.10425,3527851,1774308.255,4238455459.01198,0,2021-07-30,86.0319452648159,2073.9035,193.77525202573034,2.001372703406439,0.03327247161535385,0.032730922651655496
2021-07-31,2461.52,2553.8,2421.76,2530.49,2363945.704,2021-07-31 23:59:59.999,5836744313.47873,2690844,1179653.841,2913175028.51795,0,2021-07-31,86.78518208065567,2093.4145,218.83438280978746,1.99728897437433,0.027935752238272382,0.027552667257210835
2021-08-01,2530.37,2699.0,2511.88,2554.71,4203633.648,2021-08-01 23:59:59.999,10920759980.85322,4097967,2087175.773,5422908342.72187,0,2021-08-01,87.93314215859886,2119.6074999999996,241.16373686281153,1.8041787942915852,0.009571268805646405,0.009525754402298307
2021-08-02,2554.72,2666.91,2506.11,2607.09,3757454.702,2021-08-02 23:59:59.999,9757084146.95917,3852144,1856094.989,4820788686.00819,0,2021-08-02,96.10011573397551,2152.946,260.3949510465405,1.744058393508678,0.020503305658959414,0.020295942516763404
2021-08-03,2607.09,2633.27,2441.0,2506.87,4035094.388,2021-08-03 23:59:59.999,10108119599.97699,4142949,1971051.111,4937371207.75629,0,2021-08-03,89.13333405618742,2178.5985,269.0221257634158,1.2202397816478832,-0.03844132730362215,-0.03919969376995712
2021-08-04,2506.5,2775.06,2456.83,2725.0,4639321.233,2021-08-04 23:59:59.999,12137903905.43098,4651056,2333344.867,6105496276.47493,0,2021-08-04,89.22307650948974,2218.881,287.8208870278141,1.7584512549677829,0.08701288858217615,0.08343346509009968
2021-08-05,2725.0,2845.9,2527.0,2826.8,6430648.209,2021-08-05 23:59:59.999,17419363268.20104,6217881,3176491.447,8608308778.24955,0,2021-08-05,90.014845221134,2266.416,306.1519720042799,1.8304112050343613,0.03735779816513762,0.03667690171935481
2021-08-06,2826.81,2948.36,2720.31,2892.3,3957430.19,2021-08-06 23:59:59.999,11184522371.32228,4431054,1962396.456,5547427656.24925,0,2021-08-06,89.6510775394719,2316.1035,323.4582868783351,1.7813626157512215,0.023171076835998283,0.022906703521745116
2021-08-07,2892.29,3176.0,2865.45,3163.26,5211893.648,2021-08-07 23:59:59.999,15898690989.9526,5830907,2597842.151,7924675778.18144,0,2021-08-07,91.5080030843014,2379.7335,358.62136824343554,2.184829375443505,0.0936832278809252,0.08955110803155096
2021-08-08,3163.26,3195.67,2950.45,3014.06,4207474.0,2021-08-08 23:59:59.999,12960508391.08436,4951334,2051638.379,6320404918.96085,0,2021-08-08,81.17286513334186,2439.5165,359.7785209099652,1.5969366335345505,-0.04716653073095489,-0.048315134281499326
2021-08-09,3014.06,3190.8,2890.03,3163.43,4997024.855,2021-08-09 23:59:59.999,15308758012.82675,5388512,2445088.598,7489626733.73267,0,2021-08-09,82.61711944022412,2508.436,359.830692269228,1.8202838559139038,0.04955773939470354,0.048368874863080114
2021-08-10,3163.43,3239.13,3053.24,3143.98,4011325.684,2021-08-10 23:59:59.999,12596399140.64382,4665614,1951804.232,6131395969.89487,0,2021-08-10,80.56848404255318,2565.8605,365.2638215905037,1.58274503476046,-0.0061483895644915965,-0.00616736874586746
2021-08-11,3143.97,3279.78,3120.69,3161.52,3248054.689,2021-08-11 23:59:59.999,10431960240.70598,3926003,1589382.157,5105435871.99724,0,2021-08-11,80.7837447647908,2622.759,364.97269568962565,1.4761679609538918,0.005578915896411463,0.005563411383972651
2021-08-12,3161.52,3241.57,2981.0,3046.74,3651234.966,2021-08-12 23:59:59.999,11298867650.12576,4537077,1778897.771,5504204748.24524,0,2021-08-12,73.2011260207182,2668.8795,356.8637299479638,1.058836940518157,-0.036305321490928466,-0.03698075807739193
2021-08-13,3046.63,3332.88,3034.35,3324.12,3291401.802,2021-08-13 23:59:59.999,10556999488.07876,4036689,1633205.956,5239976336.17076,0,2021-08-13,76.45885745842791,2725.909,366.23341791670566,1.6334145676898715,0.0910415723035114,0.08713281089445347
2021-08-14,3324.12,3337.99,3210.0,3266.31,2307338.73,2021-08-14 23:59:59.999,7541715652.47723,3389219,1117343.043,3652641771.41959,0,2021-08-14,72.72817129372227,2779.819,362.2365558857984,1.343020167609409,-0.017391068914479613,-0.017544070050629842
2021-08-15,3266.31,3326.0,3109.0,3312.31,2863557.025,2021-08-15 23:59:59.999,9176432710.68574,3847902,1396184.337,4474915517.23871,0,2021-08-15,73.09023968010142,2834.064,356.3433949437049,1.3420930674905687,0.01408317030532924,0.013984923802737435
2021-08-16,3312.31,3343.0,3133.33,3146.83,2823441.625,2021-08-16 23:59:59.999,9165693580.68069,3751738,1354046.861,4397785664.62054,0,2021-08-16,65.3893089722973,2876.5035,339.28022157247614,0.796764688336699,-0.04995909199320114,-0.05125023425486308
2021-08-17,3146.82,3294.23,2992.0,3014.64,3583054.432,2021-08-17 23:59:59.999,11313021664.72633,4538498,1733069.748,5475465884.46066,0,2021-08-17,64.21854961105292,2912.2315,311.9040125503444,0.32833338424419994,-0.042007353431866346,-0.04291517685688014
2021-08-18,3014.63,3125.92,2950.0,3014.25,2914764.091,2021-08-18 23:59:59.999,8870183227.13909,3845910,1433848.085,4365350711.56013,0,2021-08-18,59.22441560098224,2943.8215,286.37286353864124,0.24593286923115476,-0.00012936868083746056,-0.00012937704968703716
2021-08-19,3014.31,3194.0,2958.8,3186.8,2795287.664,2021-08-19 23:59:59.999,8517882649.26069,3542925,1380587.916,4208570825.43654,0,2021-08-19,60.98498718418162,2980.0755,267.3956822954864,0.7731033583839202,0.05724475408476404,0.055666235508790796
2021-08-20,3186.76,3308.26,3180.0,3286.62,2223015.324,2021-08-20 23:59:59.999,7213472444.69804,2934913,1096221.959,3557480824.04768,0,2021-08-20,61.785381249551676,3017.882,253.58112447603807,1.0597713081179825,0.03132295719844347,0.03084240253859519
2021-08-21,3286.65,3313.9,3207.12,3226.4,1838074.781,2021-08-21 23:59:59.999,6008937521.2707,2562290,886315.616,2898144056.56905,0,2021-08-21,52.159104898165744,3051.4665,232.62319079927786,0.7520036991967146,-0.018322775374092437,-0.01849271648564779
2021-08-22,3226.39,3276.42,3124.35,3241.29,1773220.917,2021-08-22 23:59:59.999,5694971586.81129,2389513,863662.087,2774252423.26355,0,2021-08-22,58.556183963791646,3083.1765,211.0885863496911,0.7490386038118982,0.0046150508306470606,0.004604434135422917
2021-08-23,3241.29,3383.0,3233.07,3323.01,2430852.991,2021-08-23 23:59:59.999,8087347064.89252,3053074,1204511.771,4007359176.03458,0,2021-08-23,56.33143419402963,3123.9835000000003,168.3817928735813,1.1819953725604184,0.02521218403783676,0.024899599984404476
2021-08-24,3323.0,3362.0,3145.0,3173.98,2520587.128,2021-08-24 23:59:59.999,8206532013.99988,2999337,1212368.874,3948364879.91148,0,2021-08-24,51.07929198445819,3146.4325,139.91140053151543,0.19689246119579068,-0.044847893927493554,-0.04588467780971174
2021-08-25,3173.99,3249.0,3078.52,3227.9,2405504.816,2021-08-25 23:59:59.999,7633000732.16727,2892075,1162981.249,3691290931.49159,0,2021-08-25,52.327195725644735,3166.4875,118.84460397269646,0.5167462210914423,0.01698813477085559,0.01684545010638345
2021-08-26,3227.9,3254.0,3052.0,3093.77,2360877.641,2021-08-26 23:59:59.999,7377079755.83256,2888145,1139036.505,3558925995.59697,0,2021-08-26,51.626738981550034,3176.561,101.67965681236207,-0.8142336687148864,-0.041553331887605016,-0.04244135903308839
2021-08-27,3093.81,3283.0,3061.44,3273.91,2227370.879,2021-08-27 23:59:59.999,7072538774.15535,2685562,1134895.249,3604989748.77804,0,2021-08-27,48.13801185204964,3182.0935,103.90381170636294,0.8836682552077844,0.058226694292077275,0.05659457730095996
2021-08-28,3274.12,3288.22,3209.93,3247.29,1124796.339,2021-08-28 23:59:59.999,3648997299.15339,1694830,540133.897,1752546116.87541,0,2021-08-28,49.27795915268393,3193.755,96.90460705470697,0.5524505142441469,-0.008130950453738794,-0.008164186916674964
2021-08-29,3247.47,3291.7,3150.5,3225.47,1642534.292,2021-08-29 23:59:59.999,5275349676.12545,2127874,802585.182,2578125654.63301,0,2021-08-29,46.64171023729233,3196.857,96.87575928941595,0.2953576850377875,-0.006719449140668132,-0.006742126281395485
2021-08-30,3225.47,3350.0,3142.38,3230.43,2535431.803,2021-08-30 23:59:59.999,8211167690.59126,2851387,1238532.97,4012292730.59524,0,2021-08-30,53.69127516778523,3201.1795,96.31932393295169,0.30368257173774443,0.0015377603884085822,0.001536579245623852
2021-08-31,3230.42,3478.0,3187.85,3430.49,3605871.087,2021-08-31 23:59:59.999,12096403303.17363,3916048,1789559.48,6004548047.81512,0,2021-08-31,67.3231856165696,3214.6279999999997,108.49788198760228,1.98955035845461,0.06192983596610979,0.06008785280865012
2021-09-01,3430.49,3849.0,3381.23,3831.44,3339812.397,2021-09-01 23:59:59.999,12019155034.32282,3999484,1702593.052,6128888549.6119,0,2021-09-01,75.52394695251837,3253.8630000000003,169.38697144643632,3.4098077028470968,0.11687834682508913,0.11053760352479514
2021-09-02,3831.42,3843.21,3723.87,3788.95,1997427.18,2021-09-02 23:59:59.999,7549206070.15826,2756226,957866.166,3620717285.93248,0,2021-09-02,70.47056983756806,3277.1045,207.20263167592128,2.4702654394880486,-0.01108982523542068,-0.011151775786952619
2021-09-03,3788.94,4036.44,3710.77,3942.79,2643680.21,2021-09-03 23:59:59.999,10327395607.95398,3359042,1303867.714,5094363924.07464,0,2021-09-03,71.51673345181959,3310.9284999999995,255.04025327852656,2.477497147518716,0.04060227767587321,0.03979965868185055
2021-09-04,3942.83,3976.59,3835.0,3889.71,1508907.058,2021-09-04 23:59:59.999,5898345690.61458,2318029,723287.619,2827658999.29951,0,2021-09-04,71.85319408295719,3339.7985,286.0053057342898,1.9227318129226934,-0.013462548094116067,-0.013553989814467647
2021-09-05,3889.95,3991.25,3837.0,3952.56,1483337.994,2021-09-05 23:59:59.999,5811218020.16181,2241970,717022.866,2809796333.62739,0,2021-09-05,72.71542721367389,3380.085,312.87810267192845,1.8297061862468351,0.01615801692157004,0.016028865529104392
2021-09-06,3952.56,3976.6,3864.27,3929.0,1471495.586,2021-09-06 23:59:59.999,5785284739.10346,2207758,698601.095,2747262325.13417,0,2021-09-06,70.09983747387972,3425.803,323.29848960365877,1.5564471105846622,-0.0059606938288097044,-0.005978529675602922
2021-09-07,3929.01,3952.53,2923.0,3435.0,4947996.791,2021-09-07 23:59:59.999,17735945429.50642,5556239,2331665.119,8356337209.12102,0,2021-09-07,57.045378477882984,3446.8405,308.4574131737625,-0.03838617421501137,-0.12573173835581575,-0.13436801490201006
2021-09-08,3435.0,3562.25,3217.01,3497.99,2986177.27,2021-09-08 23:59:59.999,10180478366.96899,4117346,1491494.061,5085589858.89772,0,2021-09-08,57.254672332378895,3462.4,302.43979722810235,0.11767631219894466,0.018337700145560243,0.01817159214156751
2021-09-09,3497.68,3570.34,3390.0,3426.42,1980923.9,2021-09-09 23:59:59.999,6915562238.84697,2960337,977157.629,3411996231.44292,0,2021-09-09,59.24577387669337,3469.3900000000003,299.7670620226503,-0.1433446346975688,-0.020460321498917855,-0.020672533483772387
2021-09-10,3426.43,3517.91,3143.2,3209.84,2299854.907,2021-09-10 23:59:59.999,7664857100.21164,3428953,1117159.911,3724283398.70848,0,2021-09-10,48.25457537172342,3468.5619999999994,300.49554587469936,-0.860984475649703,-0.06320883020762191,-0.0652948926692087
2021-09-11,3209.85,3349.17,3199.26,3267.23,1413713.591,2021-09-11 23:59:59.999,4634941547.10116,2420923,702917.308,2304628726.44563,0,2021-09-11,50.53425787990184,3469.8589999999995,299.5173535768695,-0.6765183972820988,0.017879395857737457,0.017721439457493222
2021-09-12,3267.28,3474.95,3230.84,3405.21,1518234.911,2021-09-12 23:59:59.999,5125794285.18948,2511815,751951.383,2538921980.58856,0,2021-09-12,54.533622559652926,3473.969,297.95613233990446,-0.23076887010185998,0.0422314927323757,0.04136408058813038
2021-09-13,3405.65,3432.12,3107.02,3284.41,2654865.254,2021-09-13 23:59:59.999,8628300678.82541,3549751,1293523.659,4205431226.27695,0,2021-09-13,51.286377458129586,3479.4905,293.0878038274123,-0.6656042914527932,-0.03547505146525476,-0.03611958016452192
2021-09-14,3284.17,3438.0,3269.25,3435.42,1536142.673,2021-09-14 23:59:59.999,5132621489.63076,2284886,777702.174,2599186929.44336,0,2021-09-14,50.12029730270512,3489.8665,287.3288924280932,-0.1894919078269366,0.04597781641147125,0.04495215739821198
2021-09-15,3435.29,3620.0,3358.08,3614.72,1652816.482,2021-09-15 23:59:59.999,5729547036.04413,2219716,830016.918,2878481053.30314,0,2021-09-15,44.070393556012775,3515.9139999999998,272.77583529339154,0.3622241680379295,0.05219158065098295,0.05087520862030861
2021-09-16,3614.71,3678.0,3482.0,3570.46,1879717.934,2021-09-16 23:59:59.999,6749807268.0306,2648168,919810.49,3304246502.65221,0,2021-09-16,44.027749684289944,3530.741499999999,266.92584275266057,0.148799754982154,-0.012244378541076406,-0.012319958531004137
2021-09-17,3570.46,3597.52,3350.0,3400.99,1665745.301,2021-09-17 23:59:59.999,5777910858.46376,2467615,797401.899,2766272738.37017,0,2021-09-17,35.31579974415125,3538.4265,260.47004267135617,-0.5276480112279496,-0.047464472364905474,-0.0486278733224547
2021-09-18,3401.0,3546.0,3370.25,3435.35,1392166.948,2021-09-18 23:59:59.999,4822132415.09092,2152638,675781.839,2341362498.98377,0,2021-09-18,37.55941559152739,3548.9205,251.26299209091914,-0.45199851778770883,0.010102940614350464,0.010052247059882044
2021-09-19,3435.36,3459.0,3275.0,3328.72,1409270.892,2021-09-19 23:59:59.999,4746244212.53249,2148573,676212.203,2278450607.10892,0,2021-09-19,33.318894058505805,3553.835,245.60320460151564,-0.9165800599598978,-0.031039049878469505,-0.03153096705559078
2021-09-20,3328.99,3347.99,2907.07,2978.34,3894855.847,2021-09-20 23:59:59.999,12039370935.18889,4649623,1862281.332,5755737819.58913,0,2021-09-20,28.361830365271857,3531.2275,276.42989717344847,-2.0001002266881627,-0.10525967939628433,-0.11122174738421703
2021-09-21,2978.34,3108.17,2647.8,2765.48,4287819.594,2021-09-21 23:59:59.999,12492102976.07246,5223380,2096595.249,6113258055.63862,0,2021-09-21,32.524352937491514,3477.9294999999997,315.50164112469474,-2.25814831726476,-0.07146934198244659,-0.07415187986797855
2021-09-22,2765.47,3088.88,2736.57,3076.62,2674294.104,2021-09-22 23:59:59.999,7869352817.07343,3650837,1367543.198,4024496448.82784,0,2021-09-22,40.262879379589876,3442.3129999999996,318.733454672357,-1.147331711306913,0.11250849762066606,0.10661737333979754
2021-09-23,3076.62,3173.99,3032.77,3150.7,1943658.778,2021-09-23 23:59:59.999,6041895582.92996,2712607,969939.282,3015229967.61927,0,2021-09-23,43.635977546347576,3402.7084999999997,302.04738851406205,-0.8343343117110494,0.024078371719614466,0.023793058571107358
2021-09-24,3150.7,3157.5,2731.0,2926.37,3728806.998,2021-09-24 23:59:59.999,10865785866.61314,4408594,1852360.401,5398116288.49348,0,2021-09-24,43.48042079310392,3354.5415000000003,297.06871268367,-1.4413214240300478,-0.0712000507823658,-0.07386190327369992
2021-09-25,2926.36,2967.32,2800.0,2921.08,2234473.056,2021-09-25 23:59:59.999,6479851719.41051,2957595,1119434.198,3247356399.8351,0,2021-09-25,41.843356630174036,3302.9675,276.6159961481011,-1.3805691113956275,-0.0018077003249760137,-0.0018093361869378729
2021-09-26,2921.08,3116.84,2737.19,3057.63,2764303.968,2021-09-26 23:59:59.999,8086407799.8204,3532565,1398063.506,4093047060.76551,0,2021-09-26,41.80413683823321,3259.3990000000003,238.8702897500423,-0.8446801827516287,0.04674640886247561,0.04568669516126703
2021-09-27,3057.62,3163.9,2920.22,2923.6,2027218.619,2021-09-27 23:59:59.999,6207785919.1174,2832962,994806.35,3047676761.78729,0,2021-09-27,41.54492920714818,3233.829,246.33845463210199,-1.2593608272135854,-0.043834603925262394,-0.044824372448592845
2021-09-28,2923.59,2969.0,2781.0,2803.5,2369096.762,2021-09-28 23:59:59.999,6842995160.8656,2966697,1173294.917,3390537974.26984,0,2021-09-28,34.97417704182082,3199.1045,255.90461285152688,-1.5459060920856686,-0.04107949103844577,-0.04194709704250944
2021-09-29,2803.34,2949.0,2780.0,2848.38,1856317.865,2021-09-29 23:59:59.999,5329924985.4215,2436419,926064.435,2659649226.63042,0,2021-09-29,30.53354061248959,3170.2025,261.4619900900465,-1.230857685620634,0.01600856072766188,0.015881775033845375
2021-09-30,2848.38,3049.3,2835.29,2999.45,2159101.897,2021-09-30 23:59:59.999,6442115144.18377,2898060,1087424.716,3244448322.87048,0,2021-09-30,36.24185006529585,3159.683,264.00330542389474,-0.6069355826538738,0.05303716498500899,0.051678526911730964
2021-10-01,2999.45,3331.56,2967.1,3308.58,2414202.176,2021-10-01 23:59:59.999,7658451348.34575,3091228,1249478.821,3964223446.03096,0,2021-10-01,47.91383537336952,3161.7504999999996,265.049710183134,0.5539696681748855,0.1030622280751472,0.0980901557925341
2021-10-02,3308.59,3471.58,3257.05,3387.25,1587338.885,2021-10-02 23:59:59.999,5321010602.50726,2257696,796946.629,2671828419.74488,0,2021-10-02,48.935435608240304,3160.8525,264.21054172115157,0.8568829181650915,0.02377757225153987,0.023499288424702853
2021-10-03,3387.24,3489.22,3340.0,3418.25,1314004.609,2021-10-03 23:59:59.999,4489154260.98601,2060929,649951.335,2221133318.7367,0,2021-10-03,52.05013945436476,3167.5445,269.15348357544053,0.9314592427696752,0.009151966934829225,0.009110341462650624
2021-10-04,3418.21,3440.0,3268.81,3386.12,1961769.087,2021-10-04 23:59:59.999,6593223607.9167,2748043,969487.339,3259406716.14921,0,2021-10-04,60.9309157972615,3165.0795,266.78641150347255,0.828529829365477,-0.009399546551598026,-0.00944400107684064
2021-10-05,3386.12,3549.9,3363.56,3517.64,1476768.109,2021-10-05 23:59:59.999,5084407350.48579,2120567,735674.958,2533180707.62793,0,2021-10-05,71.08166285483654,3160.2254999999996,258.9427795453846,1.380283708344749,0.038840915265849985,0.03810558707918001
2021-10-06,3517.64,3638.0,3339.67,3576.85,2134235.566,2021-10-06 23:59:59.999,7490086402.70969,2853918,1047758.456,3677833545.88089,0,2021-10-06,66.32615095398793,3160.5449999999996,259.4789805806307,1.6043881437658005,0.016832308024698373,0.016692214606156157
2021-10-07,3576.9,3659.98,3470.37,3589.85,1809003.003,2021-10-07 23:59:59.999,6469443460.61853,2504305,880484.045,3149976372.48563,0,2021-10-07,64.92783378996675,3169.988,271.83228826459043,1.5445626517749194,0.0036344828550261,0.003627894081910429
2021-10-08,3589.85,3675.41,3531.0,3563.81,1501949.85,2021-10-08 23:59:59.999,5420718273.95965,2075941,720668.64,2601563902.92571,0,2021-10-08,75.04439659914192,3176.411,279.8323505601265,1.3843967619346462,-0.0072537849770881735,-0.007280221596617082
2021-10-09,3563.82,3639.0,3538.1,3577.8,907875.164,2021-10-09 23:59:59.999,3261401758.35606,1418747,445053.052,1599055736.57207,0,2021-10-09,75.62669746823588,3188.865,292.2354673798894,1.3308959500607334,0.003925574034530532,0.003917889074135402
2021-10-10,3577.65,3607.55,3402.12,3415.01,1518799.428,2021-10-10 23:59:59.999,5358091720.90991,2016636,721059.813,2544938381.98907,0,2021-10-10,63.665912080516385,3210.6985,291.99103721420414,0.6997183952948449,-0.04550002795013697,-0.04656766509882545
2021-10-11,3415.01,3629.0,3368.0,3543.1,1874616.227,2021-10-11 23:59:59.999,6627188014.14814,2262233,919723.523,3250484369.02472,0,2021-10-11,73.79726801985218,3249.5795,281.1586133816464,1.0439676610638764,0.03750794287571613,0.03682162887723372
2021-10-12,3543.09,3549.82,3404.0,3492.91,1986800.415,2021-10-12 23:59:59.999,6921948842.21512,2392794,977692.916,3406794841.17882,0,2021-10-12,77.98588953568616,3270.394,283.0829362460588,0.7860452592119036,-0.014165561231689772,-0.014266850477985081
2021-10-13,3492.9,3618.0,3412.29,3610.05,1635415.204,2021-10-13 23:59:59.999,5716317657.28848,2084243,801642.758,2803365164.91347,0,2021-10-13,79.2058099496154,3293.3615,291.3735575416544,1.0868813995062911,0.03353650680950859,0.03298642298898452
2021-10-14,3610.24,3830.0,3590.02,3794.19,1736537.63,2021-10-14 23:59:59.999,6464841242.57513,2332774,867265.924,3228878046.14481,0,2021-10-14,79.72012804403758,3336.7525,298.37836262520955,1.5330786588388892,0.05100760377280089,0.049749326666740944
2021-10-15,3794.18,3915.0,3737.13,3872.71,1828015.586,2021-10-15 23:59:59.999,6986614680.17821,2438373,884463.565,3380799074.48406,0,2021-10-15,75.49325307520584,3384.3340000000003,304.41921666987656,1.604287683748995,0.020694799153442522,0.020483571041984373
2021-10-16,3872.7,3980.0,3801.38,3833.3,1398494.278,2021-10-16 23:59:59.999,5439841445.65477,1984170,666219.083,2592247694.30976,0,2021-10-16,70.89873216076165,3423.1174999999994,309.9662034357538,1.3233136240448828,-0.010176336467228375,-0.010228469361997857
2021-10-17,3833.29,3925.95,3634.32,3851.01,1611014.925,2021-10-17 23:59:59.999,6142893874.59043,2079490,763546.772,2912699232.61464,0,2021-10-17,70.53174934527651,3469.4880000000003,300.5321325775096,1.2694882132166097,0.00462004017426243,0.004609400546409582
2021-10-18,3851.17,3898.94,3675.5,3748.31,1768303.025,2021-10-18 23:59:59.999,6698042946.90319,2303134,840165.168,3182931092.99356,0,2021-10-18,66.10520699008404,3516.7285,262.1409912176767,0.8834234543948111,-0.026668328568349664,-0.027030379822612933
2021-10-19,3748.1,3893.0,3734.93,3881.48,1769755.526,2021-10-19 23:59:59.999,6744236733.28791,2184932,853448.16,3253336516.50316,0,2021-10-19,66.1548707930024,3568.3835,222.2645703062645,1.4086658056593355,0.03552801129042149,0.03491145246824046
2021-10-20,3881.49,4173.5,3830.0,4164.14,2278334.962,2021-10-20 23:59:59.999,9128464233.64793,2735839,1109894.428,4446973869.32744,0,2021-10-20,71.7587343929458,3626.618,217.8899511124758,2.466942588474532,0.07282273771860237,0.07029324750215288
2021-10-21,4164.13,4389.6,4006.83,4057.26,3807814.197,2021-10-21 23:59:59.999,15910566499.34866,4598848,1826101.524,7632447592.21618,0,2021-10-21,66.19094795036823,3664.0520000000006,224.58416084190011,1.7508269440105582,-0.025666764325887215,-0.026001902770843546
2021-10-22,4057.26,4172.52,3888.0,3975.56,2113125.983,2021-10-22 23:59:59.999,8543803309.03356,2795912,1004386.634,4061459435.37215,0,2021-10-22,63.73333155447637,3693.4675,224.94856894938542,1.254031093940731,-0.020136742530673435,-0.020342250247746014
2021-10-23,3975.55,4177.27,3940.6,4170.5,1494374.557,2021-10-23 23:59:59.999,6054898527.29019,2032409,735313.136,2980216071.72589,0,2021-10-23,67.63946096521511,3731.0800000000004,238.96230107874814,1.838867461588396,0.04903460141464344,0.04787031401281569
2021-10-24,4170.5,4191.72,3962.86,4084.61,1501860.773,2021-10-24 23:59:59.999,6104092135.26068,2070642,716836.924,2913612051.11246,0,2021-10-24,70.88401512032634,3766.0045,236.92640326249642,1.3447445941557197,-0.02059465291931417,-0.020809680181461853
2021-10-25,4084.6,4240.03,4071.37,4224.14,1389123.02,2021-10-25 23:59:59.999,5782790674.75053,1960444,676590.015,2816953204.88268,0,2021-10-25,71.0903145090364,3801.3295,250.24139815861193,1.6896105245224378,0.03415993203757517,0.03358943727603851
2021-10-26,4224.13,4306.61,4092.0,4133.39,1665700.699,2021-10-26 23:59:59.999,6994107155.70646,2254733,799763.573,3358650438.28458,0,2021-10-26,69.34821223582296,3829.1565,254.86639233085543,1.1936979890430544,-0.021483662946777282,-0.02171779626778194
2021-10-27,4133.37,4319.0,3900.0,3923.57,2642128.851,2021-10-27 23:59:59.999,10763105133.4298,3282041,1274210.176,5191588040.94385,0,2021-10-27,58.968886956322734,3845.8424999999997,249.23657509906937,0.3118623338854035,-0.050762207292319395,-0.05209593988688329
2021-10-28,3923.58,4300.0,3887.75,4288.96,2233903.498,2021-10-28 23:59:59.999,9229357434.93807,2965480,1112479.835,4597444835.22805,0,2021-10-28,62.82405511464073,3882.1,258.6174983496681,1.5732114129798684,0.09312692267501288,0.08904232566855405
2021-10-29,4288.91,4467.89,4269.16,4421.53,1862409.48,2021-10-29 23:59:59.999,8133818992.52625,2761100,915098.117,3997337296.06153,0,2021-10-29,63.83728669974584,3924.2864999999997,274.68349421175225,1.810241643484691,0.030909591136312642,0.030441510730345175
2021-10-30,4421.53,4438.85,4230.55,4324.82,1145688.807,2021-10-30 23:59:59.999,4951230218.09777,1733391,551374.062,2383535694.82875,0,2021-10-30,62.0445790572529,3969.7770000000005,260.8938317259364,1.3608715761933556,-0.02187251924107725,-0.022115269017681013
2021-10-31,4324.82,4399.22,4161.0,4288.86,1308821.315,2021-10-31 23:59:59.999,5597512700.72108,1990711,638363.292,2730513861.93252,0,2021-10-31,60.634293014421914,4007.0649999999996,249.7576759159912,1.1282736314970556,-0.008314796916403466,-0.008349557660073963
2021-11-01,4288.87,4385.57,4145.0,4322.72,1541230.772,2021-11-01 23:59:59.999,6622171137.33538,2186831,752941.695,3236146111.1072,0,2021-11-01,64.43364508525855,4048.5555,227.8102303621192,1.2034775592132012,0.007894871830743,0.00786387039149105
2021-11-02,4322.72,4604.96,4286.67,4593.88,1477069.747,2021-11-02 23:59:59.999,6575344469.33907,2278283,739104.647,3290762873.05805,0,2021-11-02,66.74013779361036,4097.747,234.26797335083035,2.117801220984701,0.06272902246733536,0.0608401491462433
2021-11-03,4593.17,4676.0,4456.0,4606.59,1476260.698,2021-11-03 23:59:59.999,6750265632.46388,2340677,732460.112,3349860673.98463,0,2021-11-03,61.90745315872476,4138.367,248.84182693559072,1.8816089150526654,0.002766724424669409,0.002762904087572754
2021-11-04,4606.59,4611.23,4423.09,4535.37,1202357.813,2021-11-04 23:59:59.999,5431479120.96728,1818589,576930.698,2606693494.93029,0,2021-11-04,63.118959944243514,4171.5,255.63179404433816,1.4234144909881137,-0.015460459906351587,-0.015581219095284999
2021-11-05,4535.38,4575.0,4445.1,4477.29,967384.995,2021-11-05 23:59:59.999,4358883948.49716,1620292,468704.582,2112249158.29508,0,2021-11-05,63.947870276160764,4203.699500000001,251.3120095246687,1.0886487299889416,-0.012806011416929608,-0.01288871521030109
2021-11-06,4477.29,4538.29,4325.91,4521.4,1062427.875,2021-11-06 23:59:59.999,4714538239.7317,1772519,508882.163,2258991666.33596,0,2021-11-06,60.64778851289021,4237.219,246.45586593057698,1.153070546432233,0.009851941687940569,0.00980372771927612
2021-11-07,4521.7,4642.76,4505.41,4616.5,832391.585,2021-11-07 23:59:59.999,3816126139.59038,1498090,412610.985,1891683364.97617,0,2021-11-07,66.05007936172652,4280.628500000001,231.83521326185488,1.448751012731775,0.021033308267350836,0.020815161830963217
2021-11-08,4616.51,4830.66,4615.21,4814.3,1214445.239,2021-11-08 23:59:59.999,5753273555.99257,1852982,600814.466,2846643721.78804,0,2021-11-08,67.20342342762527,4327.2695,240.96099742218942,2.0212005478491206,0.04284631214123258,0.04195381342710508
2021-11-09,4814.13,4844.97,4714.83,4734.98,1151973.219,2021-11-09 23:59:59.999,5516088243.02753,1828390,566090.194,2710811120.22053,0,2021-11-09,67.65425722351668,4355.811500000001,254.07267361247506,1.4923623804515338,-0.01647591550173455,-0.016613152893366016
2021-11-10,4734.99,4877.54,4450.0,4632.21,1848828.004,2021-11-10 23:59:59.999,8703427804.71559,2683461,893119.456,4206427904.45018,0,2021-11-10,72.18993461760063,4384.558999999999,251.02320123218612,0.9865661770878851,-0.02170442113799842,-0.021943426733706854
2021-11-11,4632.42,4783.12,4580.9,4721.19,1146003.874,2021-11-11 23:59:59.999,5380011627.03747,1806373,561937.342,2638555334.08641,0,2021-11-11,66.3680084825993,4421.8405,242.3006339344012,1.2354466232269254,0.019208973686426045,0.019026810434389446
2021-11-12,4721.19,4811.0,4508.0,4665.99,1671025.399,2021-11-12 23:59:59.999,7762478251.17218,2375978,808217.322,3754824704.91141,0,2021-11-12,59.83362564160325,4446.615,240.57428673250786,0.9118804963720868,-0.011691967491246902,-0.011760856031334716
2021-11-13,4665.99,4708.0,4585.11,4644.42,812743.805,2021-11-13 23:59:59.999,3779188246.75865,1276335,396529.633,1844110214.93499,0,2021-11-13,63.683381285107565,4474.6055,228.50240094272942,0.7431628696214959,-0.0046228131650517534,-0.0046335314108865225
2021-11-14,4644.42,4700.0,4515.84,4629.44,947148.676,2021-11-14 23:59:59.999,4354962791.23766,1515170,465622.932,2141248755.16082,0,2021-11-14,64.84836858901696,4494.8705,223.0271341404623,0.6033772550529563,-0.0032253758273369515,-0.0032305885636577645
2021-11-15,4629.75,4771.83,4541.44,4567.01,1351110.691,2021-11-15 23:59:59.999,6306501839.02235,1987809,654767.664,3057384166.84025,0,2021-11-15,60.39151629616396,4516.5515,206.50163616724677,0.2443491535298734,-0.013485432363309457,-0.013577186637427968
2021-11-16,4567.01,4567.07,4077.0,4209.42,2734039.543,2021-11-16 23:59:59.999,11760055645.2655,3378829,1294570.176,5568312120.65498,0,2021-11-16,34.76613887436007,4530.844,169.95862915802877,-1.8911896476944257,-0.07829849288703117,-0.08153385283904811
2021-11-17,4209.42,4300.0,4062.0,4287.99,1860601.927,2021-11-17 23:59:59.999,7783640525.6704,2438404,913440.006,3822140764.47525,0,2021-11-17,38.00198837104207,4530.7955,170.0314097446411,-1.4280038045009087,0.01866527930213646,0.018493220693616957
2021-11-18,4288.0,4343.33,3957.96,3997.72,2286170.467,2021-11-18 23:59:59.999,9439478791.19713,2883206,1101340.529,4548270753.77164,0,2021-11-18,32.62023442399321,4509.6050000000005,206.79925673034617,-2.475274853949151,-0.06769372130065598,-0.07009389306809605
2021-11-19,3997.72,4309.04,3973.14,4293.44,1514406.552,2021-11-19 23:59:59.999,6266188518.48803,2130976,760953.458,3149274789.03821,0,2021-11-19,44.84843729860289,4508.035999999999,208.3879599108417,-1.029790781059587,0.073972164133556,0.07136407781183647
2021-11-20,4293.44,4436.01,4202.24,4412.55,1143613.53,2021-11-20 23:59:59.999,4931186882.83004,1814583,574462.367,2477445176.05412,0,2021-11-20,47.07299627301135,4514.220499999999,203.3146111837577,-0.50006489650716,0.02774232317209524,0.027364477220004357
2021-11-21,4412.37,4425.73,4242.0,4259.23,996488.568,2021-11-21 23:59:59.999,4334385457.28967,1635793,482160.094,2097727947.94851,0,2021-11-21,40.68459504701114,4511.046,206.92561031497198,-1.216939747654719,-0.03474634848330349,-0.03536436086986619
2021-11-22,4259.28,4327.75,4019.35,4086.57,1891091.913,2021-11-22 23:59:59.999,7905984342.52,2702558,926476.644,3874314370.68371,0,2021-11-22,30.773214125305813,4485.6805,226.41324434656943,-1.7627524447690177,-0.04053784369475222,-0.0413824053697858
2021-11-23,4086.41,4387.0,4059.55,4341.36,1636864.585,2021-11-23 23:59:59.999,6895439496.10744,2491307,818923.192,3450540823.66869,0,2021-11-23,40.482891351863664,4472.419,226.72591138574612,-0.5780503833856886,0.062348130583839145,0.06048167567902998
2021-11-24,4341.36,4377.0,4170.38,4271.29,1365898.959,2021-11-24 23:59:59.999,5822609661.59857,2149379,671854.736,2864057507.82437,0,2021-11-24,41.13331957587728,4459.214999999999,230.52471872256604,-0.8152054193640073,-0.01614010356201734,-0.016271773735832478
2021-11-25,4271.29,4558.29,4250.34,4527.86,1247655.55,2021-11-25 23:59:59.999,5497303917.35342,1984519,624230.543,2750335857.33328,0,2021-11-25,45.61182105000341,4461.7435,231.01023411542954,0.28620593478539774,0.06006850389460783,0.058333532351453166
2021-11-26,4528.2,4555.0,3911.0,4040.66,2657050.069,2021-11-26 23:59:59.999,11001572746.4512,3467510,1272401.024,5266372605.4875,0,2021-11-26,38.13348008425527,4437.7065,248.8019404281292,-1.5958336149500176,-0.10760050001545984,-0.11384137672810735
2021-11-27,4040.66,4182.66,4027.32,4095.33,1008009.177,2021-11-27 23:59:59.999,4148428146.1635,1684637,491467.184,2022800265.4498,0,2021-11-27,39.70951479600441,4411.648,256.27076032158305,-1.2343117084565811,0.013529967876535043,0.013439255171869538
2021-11-28,4095.33,4301.07,3958.58,4296.6,1512818.39,2021-11-28 23:59:59.999,6210487095.14454,2143420,746165.656,3065377996.76414,0,2021-11-28,44.16937608610349,4385.763000000001,239.02500353907496,-0.3730279204260086,0.04914622264872448,0.047976712120077175
2021-11-29,4297.01,4460.0,4280.0,4445.1,1432921.208,2021-11-29 23:59:59.999,6245171955.45936,2026318,720031.636,3138621395.99998,0,2021-11-29,47.926919270417066,4371.268999999999,225.1190258017021,0.327964283503233,0.034562211981566726,0.03397835364184934
2021-11-30,4445.09,4757.8,4347.9,4631.51,2573876.207,2021-11-30 23:59:59.999,11742857991.16934,3626412,1290984.307,5891350018.04904,0,2021-11-30,57.62134677678549,4371.2339999999995,225.07637158602074,1.156389709705833,0.04193606443049647,0.04108058293666512
2021-12-01,4631.43,4783.19,4528.5,4586.66,1861557.163,2021-12-01 23:59:59.999,8721654100.22072,2896669,921965.251,4320347492.04115,0,2021-12-01,55.45932785213185,4364.5075,215.89011963633638,1.0290072578319593,-0.009683666881859287,-0.00973085848966716
2021-12-02,4586.67,4636.86,4435.76,4514.32,1767131.692,2021-12-02 23:59:59.999,8009972829.01313,2593287,866156.227,3926923239.19776,0,2021-12-02,60.26026026026026,4356.924,207.23292632106418,0.7595125098805364,-0.015771825249746074,-0.015897523902238978
2021-12-03,4514.32,4658.0,4004.0,4213.66,2648380.12,2021-12-03 23:59:59.999,11599142242.40267,3359014,1276987.557,5596391806.19256,0,2021-12-03,48.41858215523189,4335.386,197.95761695243323,-0.6149094026993153,-0.06660139290081335,-0.06892293775467193
2021-12-04,4213.67,4237.2,3388.15,4115.79,3531695.892,2021-12-04 23:59:59.999,13904957699.91255,4397362,1685267.694,6640391060.72415,0,2021-12-04,44.067600092756216,4309.7035,190.99737890943865,-1.0152678592094382,-0.023226838425501772,-0.02350083242869394
2021-12-05,4115.79,4247.19,4033.0,4197.53,1909767.851,2021-12-05 23:59:59.999,7920029236.9875,2872269,955878.632,3964943993.80484,0,2021-12-05,48.73024366150807,4291.2294999999995,182.47861617983406,-0.5134820833344009,0.01986009976213543,0.019665460793339414
2021-12-06,4197.52,4377.58,3920.0,4345.2,2601175.77,2021-12-06 23:59:59.999,10673116598.55363,3318691,1301601.745,5343433952.3364,0,2021-12-06,55.377795151812556,4298.0185,181.7992924621802,0.25952521245271004,0.03518021312533803,0.03457553052206463
2021-12-07,4345.44,4425.0,4255.27,4305.82,1388803.726,2021-12-07 23:59:59.999,6040967486.57935,2183483,704132.906,3063544353.67864,0,2021-12-07,49.1882879590718,4298.91,181.79124366618075,0.038010631648950785,-0.009062873975881458,-0.009104191645574812
2021-12-08,4305.83,4454.6,4224.98,4435.33,1443466.295,2021-12-08 23:59:59.999,6276303882.73508,2219642,724161.277,3149719726.26192,0,2021-12-08,53.64753806745411,4320.7905,169.55560241488834,0.6755276638971286,0.03007789457060439,0.029634425178761296
2021-12-09,4435.7,4490.97,4075.0,4103.8,1905332.516,2021-12-09 23:59:59.999,8128100154.37248,2592152,934239.558,3986375203.94699,0,2021-12-09,40.87493544499916,4311.3085,176.33276028655501,-1.1768006107474402,-0.0747475385146088,-0.07768864737313513
2021-12-10,4103.8,4232.0,3882.84,3895.95,2123045.506,2021-12-10 23:59:59.999,8630315816.21057,2976443,1037613.313,4219590637.71057,0,2021-12-10,46.460560107618925,4285.4785,197.31095800861047,-1.974185843155258,-0.05064817973585467,-0.05197582171513859
2021-12-11,3895.85,4094.82,3831.01,4089.81,1729754.927,2021-12-11 23:59:59.999,6927855786.59676,2513364,858826.723,3440497966.36373,0,2021-12-11,49.87359396182171,4277.007500000001,202.07641730364193,-0.9263698480892797,0.04975936549493709,0.04856096218555645
2021-12-12,4088.86,4173.37,3985.0,4129.0,1044691.201,2021-12-12 23:59:59.999,4250371718.97262,1673043,524919.175,2136460514.84705,0,2021-12-12,45.85427632880832,4279.129,200.18576288567013,-0.7499484370711288,0.009582352236412017,0.009536732696025164
2021-12-13,4129.16,4142.0,3668.34,3780.63,2252296.914,2021-12-13 23:59:59.999,8753636591.89626,3204210,1077590.63,4187782053.06397,0,2021-12-13,35.042746586350816,4251.0925,228.30267335678423,-2.0606964127168834,-0.08437151852748848,-0.08814458449313604
2021-12-14,3780.33,3879.13,3682.0,3856.66,1718001.41,2021-12-14 23:59:59.999,6516584351.17794,2471176,860515.69,3264805929.02826,0,2021-12-14,31.646019376080716,4230.361,244.61497767762077,-1.5277110320386935,0.02011040487960991,0.019910861516694075
2021-12-15,3856.67,4096.0,3639.39,4019.01,2415815.067,2021-12-15 23:59:59.999,9333255722.11962,3239561,1216293.854,4700575007.80404,0,2021-12-15,37.26299728498665,4204.918500000001,238.4280132842962,-0.779725911561941,0.04209601053761558,0.04123407971759696
2021-12-16,4019.01,4118.47,3951.14,3958.67,1603846.854,2021-12-16 23:59:59.999,6477885416.67551,2294353,795052.944,3212317695.69258,0,2021-12-16,37.46475060346968,4200.819,242.07782391317593,-1.0002940215079343,-0.015013647639592897,-0.015127493377704021
2021-12-17,3958.7,3992.99,3694.2,3873.93,2112402.041,2021-12-17 23:59:59.999,8150384191.8372,2881093,1044417.811,4031405178.3771,0,2021-12-17,41.508575656233916,4189.749,252.01392766234514,-1.2531807385786333,-0.021406179348114396,-0.021638614624992628
2021-12-18,3872.98,3997.39,3764.96,3957.64,1306368.673,2021-12-18 23:59:59.999,5102991865.01633,2125631,664862.037,2597645006.46707,0,2021-12-18,46.0189198850106,4172.801,255.81882287236346,-0.8410678994772465,0.021608547392441224,0.021378392373511208
2021-12-19,3957.65,4034.99,3881.89,3922.51,1402356.037,2021-12-19 23:59:59.999,5534488536.14064,2030727,695606.922,2746249783.37654,0,2021-12-19,42.91061320025161,4146.6715,253.21781308996546,-0.8852517019423041,-0.008876502157851518,-0.008916132999602956
2021-12-20,3922.51,3981.48,3750.0,3943.48,1741509.419,2021-12-20 23:59:59.999,6712525820.97073,2653960,862794.397,3326602572.65187,0,2021-12-20,38.92088076957021,4112.27,229.5092140106827,-0.7354388830425951,0.005346066676694239,0.00533182718985722
2021-12-21,3943.64,4063.0,3912.26,4014.38,1246421.469,2021-12-21 23:59:59.999,4984828563.72327,2100781,633136.61,2532105700.40649,0,2021-12-21,42.09967036780016,4083.6560000000004,201.17764695860532,-0.3443523723798929,0.017979043890168134,0.017819332346865818
2021-12-22,4014.38,4074.99,3924.36,3978.62,1076095.044,2021-12-22 23:59:59.999,4313444572.42589,1685371,533760.196,2139959337.15589,0,2021-12-22,36.956583825032986,4056.871,174.74625558524653,-0.4477978640396503,-0.008907975826902392,-0.008947889051055445
2021-12-23,3978.63,4153.71,3888.87,4111.3,1586935.899,2021-12-23 23:59:59.999,6342305120.28279,2574870,790942.203,3162412138.89739,0,2021-12-23,50.241642395030546,4051.7530000000006,171.379030532698,0.3474579113612058,0.033348246376884605,0.03280425469648115
2021-12-24,4111.31,4133.38,4014.45,4045.0,1026594.079,2021-12-24 23:59:59.999,4194323368.2672,1959357,503307.492,2057074991.90787,0,2021-12-24,55.28422425957046,4048.2135000000003,170.71659717284314,-0.01882359450233632,-0.01612628608955813,-0.016257729688013433
2021-12-25,4045.19,4138.47,4015.0,4093.87,890361.594,2021-12-25 23:59:59.999,3621803415.02818,1550150,452393.34,1840765246.64893,0,2021-12-25,50.16043118845528,4043.0305,167.48775344000538,0.303541596061893,0.012081582200247132,0.012009182438452217
2021-12-26,4093.88,4104.84,4002.0,4062.24,767517.751,2021-12-26 23:59:59.999,3110302732.49935,1214270,374805.14,1519130421.78793,0,2021-12-26,47.34611776304281,4028.8825000000006,151.83961128964506,0.21968905028587907,-0.007726185736234958,-0.0077561873411388805
2021-12-27,4062.4,4126.0,4030.06,4037.36,837344.643,2021-12-27 23:59:59.999,3412512083.97403,1346208,405956.805,1654814228.90877,0,2021-12-27,63.739310064326915,4015.4595,137.23280912284915,0.15958647308891805,-0.006124699673086709,-0.006143532582783143
2021-12-28,4037.35,4037.36,3756.26,3791.99,1675203.532,2021-12-28 23:59:59.999,6515358318.89518,2329455,808767.898,3146041359.67125,0,2021-12-28,47.07012313909553,3983.2924999999996,105.32583453145861,-1.816292278632378,-0.06077486278161981,-0.06270006576648898
2021-12-29,3792.0,3825.91,3600.45,3628.55,1318187.731,2021-12-29 23:59:59.999,4938307811.88661,1811791,628740.042,2357157171.53485,0,2021-12-29,32.32764863494822,3959.53,127.89884008366953,-2.5878264398916975,-0.04310137948676018,-0.04405782781856741
2021-12-30,3628.49,3766.71,3580.0,3708.37,1023870.718,2021-12-30 23:59:59.999,3783727767.90478,1468765,511459.256,1890710432.46539,0,2021-12-30,38.867639210104954,3950.1509999999994,139.186313789564,-1.7371032640863566,0.02199776770335249,0.021759307535832207
2021-12-31,3708.45,3814.95,3621.32,3676.02,1343940.174,2021-12-31 23:59:59.999,5019121901.3092,1718536,657338.46,2455318242.51639,0,2021-12-31,40.7674867747082,3929.4615,147.82027310131693,-1.7145246364569326,-0.008723509250694983,-0.008761781800711974
2022-01-01,3676.01,3776.33,3671.86,3763.06,755619.793,2022-01-01 23:59:59.999,2815651909.34339,1253371,374973.37,1397453273.20879,0,2022-01-01,40.95094592332161,3911.1645,144.43065567859142,-1.0254367350487148,0.023677781948955756,0.02340181103408879
2022-01-02,3763.05,3860.0,3714.48,3826.21,740079.43,2022-01-02 23:59:59.999,2798657676.16421,1251669,380197.071,1438262996.19347,0,2022-01-02,45.63526596323288,3913.4435000000003,142.61065994245146,-0.6116898977622159,0.01678155543626736,0.016642300913735537
2022-01-03,3826.1,3850.0,3680.0,3764.07,999879.353,2022-01-03 23:59:59.999,3777721163.97305,1481803,485541.732,1834763812.23665,0,2022-01-03,42.16091512063829,3908.814,146.01327219418474,-0.9913071450621487,-0.01624061408025168,-0.01637393833568467
2022-01-04,3764.07,3893.19,3711.0,3785.6,1253780.69,2022-01-04 23:59:59.999,4775534414.28812,1702557,631582.491,2406003407.58924,0,2022-01-04,39.55304303353546,3897.1434999999997,146.06994673699225,-0.7636307296040887,0.005719872372192736,0.005703576014741791
2022-01-05,3785.6,3847.18,3405.0,3537.71,1813981.948,2022-01-05 23:59:59.999,6675092541.77517,2392846,870855.603,3205775294.72495,0,2022-01-05,33.1339081471054,3876.0954999999994,165.7421462924937,-2.0416382167685527,-0.06548235418427728,-0.06772476963694743
2022-01-06,3537.81,3549.11,3292.31,3404.6,1840489.348,2022-01-06 23:59:59.999,6279177286.15747,2474832,902767.537,3080987789.69944,0,2022-01-06,22.975556779246176,3852.629,196.4458552402247,-2.2806742318494106,-0.037626034920895224,-0.03835216676665021
2022-01-07,3404.61,3415.35,3040.77,3196.58,2855226.352,2022-01-07 23:59:59.999,9156175041.42808,3635807,1385097.55,4442877232.85936,0,2022-01-07,20.72879578261707,3814.576,243.185100703602,-2.5412576601607837,-0.06109968865652349,-0.06304597011317806
2022-01-08,3196.58,3248.03,2996.45,3080.03,1859886.155,2022-01-08 23:59:59.999,5808043464.37497,2323042,915949.549,2860873049.3519,0,2022-01-08,16.58228515676501,3772.4519999999998,291.64328618150483,-2.374208606225446,-0.03646084252544901,-0.03714215108736755
2022-01-09,3079.86,3209.4,3057.0,3150.0,1230848.792,2022-01-09 23:59:59.999,3853748750.33209,1652895,618102.939,1935566723.02496,0,2022-01-09,20.67242776127462,3732.778,319.7676550510576,-1.822504530381433,0.02271731119502074,0.02246311563975427
2022-01-10,3149.99,3179.16,2924.78,3081.31,2322294.565,2022-01-10 23:59:59.999,7079565083.20333,2638378,1148983.072,3502967966.63497,0,2022-01-10,20.106061648333068,3686.1244999999994,343.6916915902503,-1.7597588617913411,-0.021806349206349274,-0.022047621601634655
2022-01-11,3081.25,3262.66,3050.58,3236.86,1533503.746,2022-01-11 23:59:59.999,4836151992.53377,1894382,773577.009,2439879607.6113,0,2022-01-11,31.60907735630279,3649.0364999999997,350.4230658905995,-1.1762253690477076,0.05048177560842637,0.0492488928501274
2022-01-12,3236.86,3411.0,3203.85,3369.93,1435454.649,2022-01-12 23:59:59.999,4753099829.92951,1901450,737104.09,2441631267.65085,0,2022-01-12,41.25622092394242,3611.968,337.9397017314259,-0.7162165284514491,0.04111082963118573,0.040288248549151896
2022-01-13,3369.92,3408.89,3230.97,3240.36,1374273.064,2022-01-13 23:59:59.999,4558640511.93513,1775539,671380.571,2227413038.34845,0,2022-01-13,34.69184825628177,3571.736,331.50891980380067,-0.9995990460712805,-0.0384488698578308,-0.039207537892219466
2022-01-14,3240.32,3342.63,3181.2,3305.6,1309794.267,2022-01-14 23:59:59.999,4271754423.42846,1677945,658810.445,2149597068.08969,0,2022-01-14,38.139120856601245,3532.3224999999998,312.47745949656894,-0.7255643346732,0.020133565406312837,0.019933565200215487
2022-01-15,3305.61,3372.0,3257.59,3324.05,809020.133,2022-01-15 23:59:59.999,2687321901.17641,1399475,403309.029,1340071430.72307,0,2022-01-15,35.29703335052548,3495.4129999999996,289.3295102765198,-0.5922762591213847,0.005581437560503444,0.005565919054818139
2022-01-16,3324.06,3394.62,3269.01,3345.49,934941.801,2022-01-16 23:59:59.999,3112687274.02912,1443664,475563.74,1583857257.27678,0,2022-01-16,33.43738371852646,3460.8195,261.10654158339287,-0.4416951766149683,0.006449963147365345,0.006429251148444587
2022-01-17,3345.5,3355.3,3139.37,3208.61,1440138.934,2022-01-17 23:59:59.999,4673076476.50251,1905930,713648.866,2315979167.25524,0,2022-01-17,31.799653988308975,3431.6505000000006,254.66955014965848,-0.8758035653219205,-0.0409147837835413,-0.041775348592390446
2022-01-18,3208.6,3243.95,3080.5,3159.32,1589444.667,2022-01-18 23:59:59.999,5010157515.14645,1918856,792354.659,2497982478.65501,0,2022-01-18,29.845789460134384,3408.189,257.1770498253107,-0.9676952129633872,-0.015361792177921219,-0.015481006985314351
2022-01-19,3159.31,3174.6,3045.0,3082.81,1668517.082,2022-01-19 23:59:59.999,5189639864.18362,2154279,827915.615,2575812422.60448,0,2022-01-19,33.546016175470555,3376.911,256.78756931917513,-1.1453085551600284,-0.02421723662053865,-0.024515295847966405
2022-01-20,3082.8,3272.24,2985.0,2999.92,1880719.448,2022-01-20 23:59:59.999,5926009927.5985,2206660,951170.197,2998472472.20511,0,2022-01-20,34.81067771672221,3343.1059999999998,259.823595934277,-1.3208423152099296,-0.026887806903441946,-0.02725589707489256
2022-01-21,2999.92,3031.9,2460.0,2566.91,4517274.359,2022-01-21 23:59:59.999,12514701125.46148,4897029,2200477.083,6098060560.24197,0,2022-01-21,29.780811888691204,3283.2985,293.5479738659375,-2.440447776100722,-0.14434051574708662,-0.15588278075327597
2022-01-22,2566.91,2625.6,2293.56,2410.96,4662398.873,2022-01-22 23:59:59.999,11407543010.036,5193460,2315583.584,5667992037.60323,0,2022-01-22,29.045856273997643,3212.536,324.7114330148133,-2.4685795401710795,-0.06075398046678682,-0.06267783245749321
2022-01-23,2410.57,2549.0,2368.0,2538.41,2371974.868,2022-01-23 23:59:59.999,5833997685.39064,2629510,1211371.166,2980950643.00904,0,2022-01-23,31.51167782151039,3151.2529999999997,330.74531216156186,-1.8529151509202326,0.052862760062381664,0.05151289233341915
2022-01-24,2538.4,2539.59,2151.0,2438.13,4694300.254,2022-01-24 23:59:59.999,10840194199.53302,5281222,2366956.599,5465216077.754,0,2022-01-24,30.921107274647298,3083.8795,331.9655416086629,-1.945230510584863,-0.03950504449635783,-0.04030654873563357
2022-01-25,2437.87,2504.98,2349.6,2457.37,2325976.562,2022-01-25 23:59:59.999,5636577032.24078,2812723,1179167.455,2858603889.84165,0,2022-01-25,24.843313302393994,3029.8625,341.976961410462,-1.6740674507393472,0.007891293737413374,0.007860320319176092
2022-01-26,2457.37,2720.06,2400.01,2461.61,3370868.336,2022-01-26 23:59:59.999,8579635823.06901,3854865,1711041.047,4356821161.78977,0,2022-01-26,18.02680859451999,2982.713,352.4379604547157,-1.4785666087945595,0.0017254218941389343,0.0017239350638099298
2022-01-27,2461.62,2520.0,2314.33,2422.61,2706734.602,2022-01-27 23:59:59.999,6551124353.29313,3054308,1357961.379,3287944611.3125,0,2022-01-27,19.25451359907356,2944.0145,369.7839057651112,-1.4100248601170846,-0.01584328955439729,-0.01597013602725588
2022-01-28,2422.61,2556.93,2357.0,2543.34,2394675.788,2022-01-28 23:59:59.999,5832709367.68838,2814629,1225252.464,2986707220.13692,0,2022-01-28,22.488739389039665,2917.18,378.75840329049294,-0.9870144048349443,0.0498346824292808,0.048632706468171916
2022-01-29,2543.34,2658.41,2519.21,2599.94,1522389.395,2022-01-29 23:59:59.999,3909322807.94748,1950275,768347.892,1973963749.76406,0,2022-01-29,24.56603747075887,2889.677,380.9274276938841,-0.7606094466708623,0.022254201168542043,0.02201018998128349
2022-01-30,2599.93,2644.93,2541.46,2600.45,1322236.477,2022-01-30 23:59:59.999,3431223524.16989,1713681,677924.103,1759815045.63828,0,2022-01-30,23.4403741676054,2865.634,383.36296749467243,-0.6917308725279664,0.00019615837288533555,0.00019613913634727325
2022-01-31,2600.45,2706.47,2475.33,2685.34,2119778.986,2022-01-31 23:59:59.999,5497599951.88833,2511180,1092721.93,2836083345.48585,0,2022-01-31,30.628095869212714,2838.058,374.9992701691215,-0.4072487925939838,0.03264435001634336,0.03212284239228765
2022-02-01,2685.34,2812.94,2672.61,2786.38,2054796.845,2022-02-01 23:59:59.999,5668520842.67734,2514252,1054869.861,2910128881.82822,0,2022-02-01,36.702939372762664,2808.8805,353.5251692889696,-0.06364610487353536,0.037626520291657695,0.036935912956820194
2022-02-02,2786.37,2810.0,2610.4,2678.0,2354857.007,2022-02-02 23:59:59.999,6390741360.31646,2588322,1161329.836,3152533644.88095,0,2022-02-02,35.88735261921197,2780.7625,339.48595575750096,-0.30270029807478793,-0.03889634579633794,-0.039673015054557684
2022-02-03,2678.47,2722.99,2572.64,2694.37,2171742.641,2022-02-03 23:59:59.999,5720509414.67786,2508451,1091608.761,2875951988.55035,0,2022-02-03,38.82970556193289,2750.201,316.4850313231002,-0.17640960700919264,0.006112770724421068,0.006094163530628386
2022-02-04,2694.2,2995.0,2670.14,2993.65,2953883.898,2022-02-04 23:59:59.999,8398868704.49046,3399565,1531423.303,4354458886.96182,0,2022-02-04,67.29148432688257,2733.681,292.6826248398811,0.888228333138061,0.11107605859625824,0.10532896789683334
2022-02-05,2993.64,3059.91,2958.01,3011.59,1557391.545,2022-02-05 23:59:59.999,4687429957.09237,2014040,786711.318,2368379630.75496,0,2022-02-05,77.40225375245222,2716.986,264.072155019886,1.1156193275198405,0.005992684515558011,0.005974799797785354
2022-02-06,3011.58,3075.0,2948.0,3054.26,1151529.849,2022-02-06 23:59:59.999,3460851097.7894,1457326,581357.686,1747828840.36891,0,2022-02-06,75.50758032773916,2709.2685,250.8738785310561,1.3751591119012934,0.014168595326721212,0.014069158928662112
2022-02-07,3054.26,3185.99,2990.83,3138.55,1920591.918,2022-02-07 23:59:59.999,5945879846.5335,2234372,978279.765,3029389030.73493,0,2022-02-07,85.1906187825318,2708.23,248.9484241237304,1.728550809327983,0.027597519530099035,0.027223572402973798
2022-02-08,3138.55,3246.65,3023.28,3115.23,2122006.982,2022-02-08 23:59:59.999,6598768727.89174,2441605,1056438.505,3285568021.73335,0,2022-02-08,82.91735884554569,2709.851,251.60718239058852,1.6111582990134994,-0.007430182727692802,-0.0074579240361273185
2022-02-09,3115.23,3269.16,3052.5,3241.82,1571485.369,2022-02-09 23:59:59.999,4964808230.62457,2034483,797111.751,2518720555.68676,0,2022-02-09,84.78080616256986,2721.946,271.32642237330913,1.916046345404292,0.0406358439023764,0.03983191469922606
2022-02-10,3241.79,3282.96,3055.24,3070.9,2672791.971,2022-02-10 23:59:59.999,8499639525.52764,3068978,1333421.559,4241251208.96306,0,2022-02-10,75.85857538311805,2747.1455,279.4519974686443,1.1585334974616763,-0.052723470149483975,-0.05416422224361782
2022-02-11,3070.89,3136.55,2873.5,2926.04,2333468.434,2022-02-11 23:59:59.999,7077554747.74226,2928823,1143123.633,3467983510.9086,0,2022-02-11,64.9765978429316,2772.8995000000004,270.42774502385834,0.5662898974603688,-0.04717183887459708,-0.04832070520086669
2022-02-12,2926.03,2983.62,2855.0,2916.93,1869241.526,2022-02-12 23:59:59.999,5450989532.57656,2296999,920784.062,2685443686.71921,0,2022-02-12,62.88399164343138,2791.8255,266.3681396009637,0.46966765690301543,-0.0031134229197140595,-0.0031182797042886724
2022-02-13,2917.04,2952.66,2830.31,2870.32,1277486.697,2022-02-13 23:59:59.999,3707939332.4807,1711130,632594.457,1836709733.59703,0,2022-02-13,60.57260610999241,2813.4350000000004,253.37814470824893,0.2245063403771455,-0.01597912874151919,-0.01610817152628842
2022-02-14,2870.33,2964.44,2829.8,2928.87,1815960.443,2022-02-14 23:59:59.999,5263552192.95742,2201211,910997.874,2641127709.00084,0,2022-02-14,59.7417455377501,2837.0099999999998,240.09170864046857,0.38260379969038505,0.020398422475542688,0.020193161297988184
2022-02-15,2928.87,3198.0,2911.85,3183.73,1856076.117,2022-02-15 23:59:59.999,5714091348.62078,2335370,954848.633,2939810949.0015,0,2022-02-15,64.15316117542297,2873.116,234.90796364355745,1.322279565078163,0.08701649441593529,0.08343678227963477
2022-02-16,3183.74,3186.79,3040.42,3121.8,1733462.418,2022-02-16 23:59:59.999,5408024225.21039,2169230,857155.629,2674143996.86848,0,2022-02-16,66.34863331614235,2908.0755,215.56511036112764,0.991461464436226,-0.01945202639671073,-0.01964370684934784
2022-02-17,3121.8,3158.68,2850.0,2890.8,2632604.386,2022-02-17 23:59:59.999,7919238051.35232,3010625,1276241.316,3839803752.45899,0,2022-02-17,56.248051758029945,2925.4485,197.90056709249598,-0.1750803472119691,-0.07399577167019022,-0.07687647811548678
2022-02-18,2890.75,2941.94,2750.0,2778.46,2162941.471,2022-02-18 23:59:59.999,6148632292.71915,2608990,1078421.674,3066047005.91269,0,2022-02-18,42.231351850915885,2934.3745,186.1216948658647,-0.8377019138599896,-0.03886121488861216,-0.03963646304945035
2022-02-19,2778.46,2829.99,2691.0,2761.89,1546343.886,2022-02-19 23:59:59.999,4270584831.58429,1936132,765108.298,2113426445.53245,0,2022-02-19,40.976568711062285,2942.4465,173.98224471647725,-1.0377869321909046,-0.005963735306608764,-0.005981589396112178
2022-02-20,2761.9,2762.89,2573.33,2620.72,2242471.273,2022-02-20 23:59:59.999,5933481403.7028,2530352,1107164.273,2929384820.63703,0,2022-02-20,35.37432866434567,2939.2155,179.52012191792394,-1.774149307594695,-0.051113549055176066,-0.0524661388009366
2022-02-21,2620.72,2758.0,2555.56,2566.88,3985389.094,2022-02-21 23:59:59.999,10607780731.93246,4153367,2005642.904,5338966041.22877,0,2022-02-21,30.30991892096688,2928.2405000000003,195.36578799983036,-1.8496611085269137,-0.02054397264873764,-0.02075793555956125
2022-02-22,2566.88,2670.0,2495.0,2635.57,3195802.792,2022-02-22 23:59:59.999,8250350069.89216,3451981,1619507.436,4182415961.74897,0,2022-02-22,33.97971998076204,2926.119,198.4325060621632,-1.4642207860287735,0.026760113445116307,0.026408323764740917
2022-02-23,2635.57,2752.38,2573.39,2578.02,2704599.315,2022-02-23 23:59:59.999,7224805564.13842,2817096,1336758.643,3571619613.41271,0,2022-02-23,26.757703081232478,2920.3015,207.1005576316031,-1.652730943433098,-0.021835883698782532,-0.022077814946565997
2022-02-24,2578.02,2777.33,2298.72,2595.47,6227786.305,2022-02-24 23:59:59.999,15271087886.32285,5736440,3139396.939,7698292990.01452,0,2022-02-24,31.34881093422672,2900.3925,218.50331971163527,-1.3955051136175622,0.00676876052164066,0.0067459553129667355
2022-02-25,2595.47,2835.0,2571.68,2766.36,2936418.882,2022-02-25 23:59:59.999,7859621309.73445,3391355,1495854.279,4005447438.97709,0,2022-02-25,43.861105985114115,2888.1310000000003,218.8153815891494,-0.5565010974806104,0.06584163947184907,0.0637647588655976
2022-02-26,2766.42,2882.0,2726.0,2778.15,1852287.146,2022-02-26 23:59:59.999,5167387400.86429,2447336,925077.103,2581865633.17048,0,2022-02-26,44.675577790736945,2874.3255,216.48002123632264,-0.4442696349101373,0.0042619181885221735,0.004252861937415532
2022-02-27,2778.15,2836.21,2553.68,2615.99,2948786.157,2022-02-27 23:59:59.999,7998715417.35802,3578220,1446388.727,3924840188.70364,0,2022-02-27,41.03708089287349,2848.1975,214.43654303351101,-1.08287280103985,-0.058369778449687826,-0.060142627597106826
2022-02-28,2615.99,2966.0,2565.0,2920.1,3405929.703,2022-02-28 23:59:59.999,9267533739.81621,3736110,1732007.615,4718805944.11781,0,2022-02-28,49.736533781956915,2838.441,205.91738460645522,0.3965619520472494,0.11625044438243282,0.10997525131145584
2022-03-01,2920.05,3036.0,2852.2,2975.61,2903119.452,2022-03-01 23:59:59.999,8544403642.44822,3339956,1444478.697,4252815639.03993,0,2022-03-01,42.896928327645064,2825.1305,186.12315462944252,0.8084942483356974,0.019009622958118033,0.018831197727026395
2022-03-02,2975.61,3046.46,2912.96,2947.47,2628094.604,2022-03-02 23:59:59.999,7817489406.51165,3202125,1298130.046,3862517286.31753,0,2022-03-02,43.90969878634163,2818.959,179.47251702523488,0.7160483517480872,-0.009456884470747329,-0.009501884735615456
2022-03-03,2947.48,2970.0,2781.77,2832.97,2068430.471,2022-03-03 23:59:59.999,5935025460.83803,2528238,1005589.849,2885815057.2467,0,2022-03-03,47.80065565790173,2814.3055,177.74822070248558,0.10500527052386333,-0.03884687545589949,-0.03962154394934811
2022-03-04,2832.98,2835.9,2570.65,2620.25,2431616.203,2022-03-04 23:59:59.999,6556161324.43909,3013013,1181918.387,3186218162.76912,0,2022-03-04,44.40989619034832,2799.4715,181.08139595440002,-0.9897289506489763,-0.07508727589773267,-0.07805589824304535
2022-03-05,2620.25,2684.87,2588.0,2663.55,1085460.56,2022-03-05 23:59:59.999,2866022819.73462,1606329,542236.339,1431884209.93311,0,2022-03-05,46.58972687298,2789.133,182.7187110258609,-0.6873023528620743,0.016525140730846433,0.016390086422666837
2022-03-06,2663.55,2674.61,2529.0,2549.37,1394552.348,2022-03-06 23:59:59.999,3653497883.30399,1799383,678469.048,1777884035.09776,0,2022-03-06,47.478495649654036,2770.1580000000004,187.09627050772386,-1.1800769700050526,-0.04286760150926405,-0.04381354966806985
2022-03-07,2549.36,2650.0,2431.62,2489.9,2690724.432,2022-03-07 23:59:59.999,6844133016.58346,2883213,1334090.842,3394448207.16211,0,2022-03-07,47.29031440519269,2735.4665,169.9114348642731,-1.4452617635544118,-0.023327331850613975,-0.023603720795160762
2022-03-08,2489.84,2623.0,2478.35,2575.49,2643188.688,2022-03-08 23:59:59.999,6770376286.07039,2835027,1326739.569,3399232975.82482,0,2022-03-08,47.9100573273223,2708.151,146.8877471118112,-0.9031454468357956,0.03437487449295129,0.03379725824716371
2022-03-09,2575.5,2773.17,2566.41,2726.37,2075382.606,2022-03-09 23:59:59.999,5619678231.05178,2445604,1065564.117,2884105324.81258,0,2022-03-09,54.8458538306254,2699.9295,140.59340560545954,0.1880635858142479,0.058583026919149406,0.056931246796443936
2022-03-10,2726.37,2733.37,2546.83,2605.44,2036842.087,2022-03-10 23:59:59.999,5317486921.07739,2321357,996769.933,2602194847.52978,0,2022-03-10,50.305047822441985,2691.2785,140.82987841907237,-0.6095190946949995,-0.04435568173065274,-0.04536948717877122
2022-03-11,2605.43,2676.2,2520.5,2555.89,2046135.535,2022-03-11 23:59:59.999,5300909392.6962,2361963,1018583.621,2639372595.8329,0,2022-03-11,43.043831759021174,2680.9785,142.9115111667067,-0.8752863851120025,-0.01901790100712364,-0.019201067296949148
2022-03-12,2555.9,2620.0,2552.22,2567.64,835243.91,2022-03-12 23:59:59.999,2158684698.28486,1104040,419451.7,1084293842.24743,0,2022-03-12,43.04232576894348,2678.3244999999997,144.57268339472614,-0.7655976039249299,0.004597224450191506,0.00458668948924955
2022-03-13,2567.63,2604.13,2490.25,2514.07,1153034.412,2022-03-13 23:59:59.999,2952206474.62885,1402184,558716.365,1431178938.90646,0,2022-03-13,46.370887337986055,2675.6839999999997,147.17411354906037,-1.098114308982236,-0.020863516692371076,-0.021084235231115828
2022-03-14,2513.77,2609.32,2496.85,2588.96,1700607.097,2022-03-14 23:59:59.999,4359481633.20476,1842745,868925.572,2227739646.33532,0,2022-03-14,35.908696318235215,2673.3535,148.20815178501704,-0.5694254936963044,0.029788351159673265,0.029353296815753986
2022-03-15,2588.96,2668.8,2504.5,2617.29,2010933.59,2022-03-15 23:59:59.999,5180763260.29182,2105424,1021557.951,2632926318.23309,0,2022-03-15,34.3910088865656,2675.317,147.13491875434073,-0.39437952928687875,0.010942617885173922,0.01088318064829638
2022-03-16,2617.29,2789.86,2602.06,2772.78,2671403.544,2022-03-16 23:59:59.999,7174881501.972,3045564,1385429.91,3722850835.74084,0,2022-03-16,43.150217621456314,2684.1825,147.41215995958999,0.6010189391722331,0.05940877778159859,0.05771099570997145
2022-03-17,2772.78,2839.0,2745.33,2810.74,1388608.329,2022-03-17 23:59:59.999,3874029264.8057,1755043,710453.943,1982717128.23561,0,2022-03-17,49.0726758495257,2686.4015,149.03933307318277,0.8342663472530832,0.013690231464450697,0.013597366844495558
2022-03-18,2810.75,2984.72,2760.0,2938.02,2012338.322,2022-03-18 23:59:59.999,5743230991.25995,2244661,1041776.996,2974787546.08596,0,2022-03-18,64.27320175714402,2694.3949999999995,158.22334226291176,1.5397538474138732,0.04528344848687538,0.044288091208331375
2022-03-19,2938.03,2992.0,2890.6,2950.0,1138322.115,2022-03-19 23:59:59.999,3357316687.44774,1561236,554826.606,1636873555.32168,0,2022-03-19,63.238896334981746,2711.0955,166.90153616256958,1.4314098329646072,0.00407757605462189,0.004069285271272784
2022-03-20,2949.9,2965.0,2817.49,2860.47,1437020.801,2022-03-20 23:59:59.999,4147063354.36078,1797072,694125.832,2003633753.17303,0,2022-03-20,64.7133938706016,2708.114,163.46871680121563,0.9320193060869906,-0.030349152542372915,-0.030819223357257713
2022-03-21,2860.53,2960.0,2830.5,2889.08,1686819.608,2022-03-21 23:59:59.999,4892675845.46698,2035694,841002.607,2439586759.80094,0,2022-03-21,69.44677202486506,2703.7875,157.03479620689575,1.179945492818511,0.0100018528423651,0.009952165348876583
2022-03-22,2889.07,3055.9,2885.49,2968.49,1797753.573,2022-03-22 23:59:59.999,5382225852.73813,2214879,900225.366,2694997108.88053,0,2022-03-22,69.26168444165621,2704.8385,158.8118346801589,1.6601502056253188,0.027486258601354008,0.027115293674838545
2022-03-23,2968.48,3043.69,2915.51,3035.55,1781378.735,2022-03-23 23:59:59.999,5298210934.19466,2048735,881814.931,2623674368.63429,0,2022-03-23,66.51002840848412,2714.9674999999997,173.22076877652637,1.850716298422545,0.022590610040795323,0.02233922118545525
2022-03-24,3035.54,3129.75,3001.0,3109.89,2081151.644,2022-03-24 23:59:59.999,6374707643.69508,2190868,1053819.11,3229468168.26125,0,2022-03-24,78.34785051980893,2739.4494999999997,192.6420555405785,1.9229471932309705,0.024489795918367196,0.024194728587056756
2022-03-25,3109.89,3195.0,3075.0,3101.37,2007262.806,2022-03-25 23:59:59.999,6287041331.74681,2033711,1002738.046,3141333616.82659,0,2022-03-25,82.13545103214253,2761.3405,207.83972396449207,1.6360178579629547,-0.00273964673991689,-0.0027434064404508857
2022-03-26,3101.37,3152.24,3084.03,3143.47,760414.286,2022-03-26 23:59:59.999,2373068593.90462,1029994,379354.337,1184179332.07978,0,2022-03-26,82.7522267851252,2791.0454999999997,218.1493196600959,1.6155195924934436,0.013574646043522653,0.013483335942726693
2022-03-27,3143.47,3299.33,3125.26,3295.01,1243196.793,2022-03-27 23:59:59.999,3969755255.96455,1471486,647722.164,2069573448.35966,0,2022-03-27,89.96458691558175,2831.301,233.40442506743014,1.9867189744411895,0.04820787219219547,0.04708191755825734
2022-03-28,3295.01,3430.0,3274.3,3333.62,1780150.955,2022-03-28 23:59:59.999,5967520102.20501,2103793,887547.271,2975865277.8301,0,2022-03-28,89.57757557719289,2869.2075,250.60158591247426,1.8531905865998861,0.01171771861086901,0.011649597776916903
2022-03-29,3333.62,3480.0,3330.32,3399.0,1928941.55,2022-03-29 23:59:59.999,6583444774.67217,2104753,966426.807,3298793890.23792,0,2022-03-29,89.97248954295823,2902.839,274.4255174743374,1.807998777104968,0.019612313341052623,0.019422470085830913
2022-03-30,3399.0,3447.74,3332.0,3385.1,1512369.419,2022-03-30 23:59:59.999,5123666479.18429,1744604,740520.27,2509451690.85627,0,2022-03-30,86.61237473392167,2941.822,285.12360655836176,1.5546871244744356,-0.004089438070020601,-0.0040978226886108915
2022-03-31,3385.09,3444.6,3260.84,3281.43,1815474.754,2022-03-31 23:59:59.999,6079844304.562,1972188,881263.691,2951556932.78967,0,2022-03-31,76.0934884081913,2978.099,279.53755230079787,1.0851171783660707,-0.03062538772857526,-0.031104145029312174
2022-04-01,3281.43,3483.12,3210.06,3454.33,2109764.119,2022-04-01 23:59:59.999,7072994919.3486,2259343,1058417.897,3549534808.87093,0,2022-04-01,77.24447258719854,3022.4335,281.321321871881,1.5352426795317475,0.052690442886180744,0.05134921356591584
2022-04-02,3454.33,3533.0,3430.2,3443.07,1652414.36,2022-04-02 23:59:59.999,5750301550.87988,1903299,821573.386,2859594662.4313,0,2022-04-02,76.03793711648342,3068.8835000000004,269.40886591662036,1.3889168002206995,-0.003259676985117199,-0.00326500130566607
2022-04-03,3443.06,3580.0,3411.9,3520.76,1431228.504,2022-04-03 23:59:59.999,5003591177.3317,1698555,717298.807,2508455562.05967,0,2022-04-03,85.3100033155435,3115.4734999999996,262.5276774436429,1.5437857979260259,0.022564165120081858,0.022313360139595916
2022-04-04,3520.65,3551.55,3405.03,3518.96,1653737.507,2022-04-04 23:59:59.999,5747409279.23374,1917751,814828.402,2832887814.07611,0,2022-04-04,84.6781475037988,3160.557,249.57426524933018,1.436057518358104,-0.0005112532521387436,-0.0005113839866435143
2022-04-05,3518.97,3554.99,3388.97,3405.04,1487565.105,2022-04-05 23:59:59.999,5173971174.2849,1744550,705418.551,2454478528.86031,0,2022-04-05,73.1544834463079,3192.1699999999996,237.62777878993413,0.8958127752739719,-0.03237320117307385,-0.032908804446533164
2022-04-06,3405.03,3406.08,3160.19,3166.78,2622721.98,2022-04-06 23:59:59.999,8579524051.95511,3070715,1264197.684,4134599421.60509,0,2022-04-06,55.890617565468766,3209.972,220.24983982551325,-0.19610456940271856,-0.06997274628198191,-0.07254138819108297
2022-04-07,3166.77,3267.58,3140.33,3225.15,1752183.226,2022-04-07 23:59:59.999,5620103056.30526,2125732,869637.762,2789630867.01119,0,2022-04-07,55.24901632177209,3224.3285,210.74306462399102,0.003898111671981897,0.018431971908373868,0.018264162022368885
2022-04-08,3225.0,3315.0,3171.95,3191.26,1958267.702,2022-04-08 23:59:59.999,6370437705.00749,2292903,970790.3,3159117821.19071,0,2022-04-08,54.00119292435615,3236.3915,200.88845122226445,-0.2246595049412081,-0.010508038385811491,-0.010563637657012665
2022-04-09,3191.27,3269.62,3180.24,3257.53,909857.465,2022-04-09 23:59:59.999,2928136396.63502,1312697,467480.356,1505022197.70436,0,2022-04-09,54.97010789047115,3256.2445,180.35261612144305,0.00712770364880541,0.02076609238983984,0.020553416353958392
2022-04-10,3257.54,3307.21,3187.0,3200.24,1000563.67,2022-04-10 23:59:59.999,3254049432.15029,1346639,482532.983,1570020307.9176,0,2022-04-10,45.50089725695727,3271.8025000000002,159.19203288962944,-0.44953568781683917,-0.01758694470964206,-0.01774343249763479
2022-04-11,3200.24,3212.0,2945.08,2978.69,2565570.206,2022-04-11 23:59:59.999,7861189063.1962,3029221,1233985.064,3781136134.34596,0,2022-04-11,35.64373255672855,3272.3125,158.18231093718285,-1.856228413027819,-0.06922918281128909,-0.07174220044267056
2022-04-12,2978.69,3082.0,2948.19,3026.3,1863628.985,2022-04-12 23:59:59.999,5623890363.23573,2382584,944457.732,2850191024.61432,0,2022-04-12,34.70510021503965,3271.85,158.9227910852384,-1.5450899038659518,0.015983536386801056,0.015857144681298604
2022-04-13,3026.31,3133.0,2995.23,3116.45,1652978.477,2022-04-13 23:59:59.999,5064530681.36142,2045938,845245.11,2590443152.8995,0,2022-04-13,39.62444868418004,3272.178,158.57732361285795,-0.9820319605102299,0.029788851072266365,0.029353782267421014
2022-04-14,3116.53,3148.0,2973.47,3019.82,1505522.162,2022-04-14 23:59:59.999,4606236523.90761,1915798,729643.035,2232547629.22373,0,2022-04-14,39.84109848631941,3268.1005,164.1509656407662,-1.5125131858398306,-0.031006433602335903,-0.03149730653790715
2022-04-15,3019.82,3062.81,2990.06,3039.19,923299.874,2022-04-15 23:59:59.999,2793541314.08019,1319319,468592.672,1418080902.18844,0,2022-04-15,31.69673562245383,3262.8865,169.87437935367416,-1.316834833193236,0.006414289593419387,0.006393805584839272
2022-04-16,3039.2,3090.0,3008.08,3057.99,652575.022,2022-04-16 23:59:59.999,1983250932.42988,951834,338829.606,1030056095.64987,0,2022-04-16,33.13419761737909,3251.0355,175.6837054564288,-1.0988241595796557,0.0061858587320962055,0.006166804844037237
2022-04-17,3058.0,3082.56,2980.6,2986.03,1075168.023,2022-04-17 23:59:59.999,3272956187.26666,1309595,534072.882,1626510147.98233,0,2022-04-17,26.46165494290716,3233.656,184.07625677821716,-1.3452359599986325,-0.02353179703007513,-0.023813091438345237
2022-04-18,2986.02,3069.0,2875.87,3054.02,1815827.195,2022-04-18 23:59:59.999,5367447373.56267,2173037,919075.245,2719000696.98827,0,2022-04-18,30.660699133154722,3216.407,183.93036325570296,-0.8828721757823483,0.0227693626654788,0.022514009611476957
2022-04-19,3054.02,3129.43,3027.66,3100.42,1194169.089,2022-04-19 23:59:59.999,3675189299.32606,1594803,610595.654,1879547259.18505,0,2022-04-19,36.575175842191534,3202.173,181.18334895321132,-0.5616023800635032,0.015193089763655854,0.015078830621486027
2022-04-20,3100.43,3173.89,3031.48,3074.01,1393841.93,2022-04-20 23:59:59.999,4315689906.27074,1875863,691942.796,2143113010.76509,0,2022-04-20,44.9728511200945,3191.802,182.3405781728999,-0.6459999259644037,-0.008518200759896954,-0.00855468798340871
2022-04-21,3073.96,3180.0,2933.33,2981.31,1801732.011,2022-04-21 23:59:59.999,5555789275.52444,2468544,889830.5,2746013229.20583,0,2022-04-21,37.26045432697328,3168.1510000000003,177.09827449902673,-1.0550131023497191,-0.030156050240565335,-0.030620096963391928
2022-04-22,2981.31,3035.37,2930.26,2960.38,1476858.769,2022-04-22 23:59:59.999,4405125111.45917,2267165,730948.751,2180500626.62669,0,2022-04-22,37.77196364637838,3144.0165,170.4253236457043,-1.0775188573604257,-0.0070204037822299,-0.0070451627636082745
2022-04-23,2960.39,2976.82,2904.36,2930.28,615769.147,2022-04-23 23:59:59.999,1817888152.35829,1227459,298838.064,882524029.16401,0,2022-04-23,31.97744220114768,3114.4925000000003,151.85958247066267,-1.2130449524684264,-0.010167613617170779,-0.01021965687150687
2022-04-24,2930.28,2967.2,2908.99,2918.97,847760.075,2022-04-24 23:59:59.999,2491367633.1007,1389020,421006.556,1237364231.93581,0,2022-04-24,33.68333120627442,3084.493,124.56260578100228,-1.3288337937551797,-0.0038596994143905716,-0.0038671672761698083
2022-04-25,2918.98,3026.02,2791.3,3006.11,2207537.517,2022-04-25 23:59:59.999,6381274608.20131,3090400,1109715.762,3210812274.1221,0,2022-04-25,51.884536082474234,3064.5465,100.06242016469758,-0.584000465947319,0.029852996091086936,0.02941606981409293
2022-04-26,3006.12,3043.0,2761.27,2807.88,2115673.365,2022-04-26 23:59:59.999,6148208700.99848,2885124,1021787.535,2970674947.37231,0,2022-04-26,37.56320320685098,3046.6014999999998,112.2081744501128,-2.1274876021277227,-0.06594236405188103,-0.0682171339333033
2022-04-27,2807.89,2920.0,2792.27,2887.57,1889647.276,2022-04-27 23:59:59.999,5415643571.37906,2579650,958715.968,2748484118.34543,0,2022-04-27,36.81050180946455,3029.7225000000003,109.2886694601698,-1.3007066579011428,0.02838084248614625,0.027985567770649963
2022-04-28,2887.57,2979.76,2853.24,2935.39,1925868.923,2022-04-28 23:59:59.999,5612621053.48657,2603535,990190.304,2886655394.7479,0,2022-04-28,44.84459913293031,3016.929,104.2433983723493,-0.7821982137300364,0.016560637491038976,0.016425005520106194
2022-04-29,2935.39,2946.29,2776.0,2815.37,1671919.811,2022-04-29 23:59:59.999,4775274689.59476,2376583,807090.755,2305770669.83597,0,2022-04-29,37.829255029907536,2994.8210000000004,97.17833632854949,-1.846615272289659,-0.04088724155904322,-0.04174663182293928
2022-04-30,2815.38,2841.04,2711.65,2725.1,1115770.231,2022-04-30 23:59:59.999,3118023087.07109,1875933,540019.6,1509733010.62816,0,2022-04-30,33.20383059022977,2971.0640000000003,102.26217680167098,-2.4052294571924397,-0.032063281202825866,-0.032588566985892256
2022-05-01,2725.1,2849.0,2714.5,2823.38,1217450.891,2022-05-01 23:59:59.999,3385139761.72705,1915241,629035.872,1749912077.69001,0,2022-05-01,42.00572108248385,2963.2985,107.41945610674458,-1.3025433666407724,0.036064731569483754,0.03542962409528575
2022-05-02,2823.38,2882.15,2774.97,2855.16,1598694.15,2022-05-02 23:59:59.999,4519577853.11413,2375200,810227.003,2291400982.89933,0,2022-05-02,39.86525054022098,2954.7415,108.94232000058985,-0.914075448360757,0.01125601229731732,0.011193134784329139
2022-05-03,2855.15,2860.76,2753.0,2780.91,1170566.655,2022-05-03 23:59:59.999,3294651871.44225,1805962,578088.174,1627404787.78782,0,2022-05-03,34.16589852616137,2937.9645,108.56444835723569,-1.4466476123307515,-0.026005547850208033,-0.026349671300596015
2022-05-04,2780.92,2965.0,2770.08,2939.76,1716921.512,2022-05-04 23:59:59.999,4918906434.58761,2466900,887647.461,2543482345.34626,0,2022-05-04,44.118909731287836,2933.9615000000003,106.84986275761617,0.05426773465449832,0.05712158969545955,0.05554973309679762
2022-05-05,2939.76,2955.79,2684.84,2746.37,2174369.003,2022-05-05 23:59:59.999,6098185668.96568,2792559,1043396.279,2927129473.47747,0,2022-05-05,40.54232484743088,2919.3205000000003,111.62704027606875,-1.5493602586995985,-0.06578428171007167,-0.06804790565433863
2022-05-06,2746.36,2757.28,2630.0,2691.59,1917392.823,2022-05-06 23:59:59.999,5168734732.80876,2749965,947109.621,2553451730.10315,0,2022-05-06,39.46673354703702,2901.0005,117.578826570251,-1.7810221968398483,-0.0199463291544838,-0.020147942648237244
2022-05-07,2691.6,2703.61,2581.89,2634.82,963077.904,2022-05-07 23:59:59.999,2563154598.57406,1676146,474806.083,1264277137.49046,0,2022-05-07,38.65866203995149,2883.44,129.80257239363772,-1.9153703614288773,-0.021091622423920375,-0.021317228598262954
2022-05-08,2634.82,2641.11,2480.0,2518.9,1999269.154,2022-05-08 23:59:59.999,5089866425.1632,2923846,983645.67,2504608525.55616,0,2022-05-08,35.78479096639404,2856.684,146.82600742663962,-2.300573351548574,-0.04399541524658235,-0.04499257017506215
2022-05-09,2519.03,2530.88,2222.46,2227.48,4531752.048,2022-05-09 23:59:59.999,10697215137.69064,5474848,2247689.031,5306393518.03495,0,2022-05-09,25.841002314656805,2813.037,193.03515856745724,-3.033421498681928,-0.11569335821191795,-0.12295139664262827
2022-05-10,2227.62,2455.88,2197.38,2340.86,4079487.756,2022-05-10 23:59:59.999,9596880256.63219,5395559,2065257.288,4857221864.77054,0,2022-05-10,34.704117593114205,2776.3795,209.756455630547,-2.076310350929551,0.05090056925314701,0.04964748157082288
2022-05-11,2340.85,2451.86,2002.0,2083.98,5826464.141,2022-05-11 23:59:59.999,13173803440.07364,7380714,2901650.587,6567306052.93728,0,2022-05-11,26.417851755770883,2731.513,254.7566583211374,-2.5417706617259137,-0.10973744692121701,-0.11623885630160943
2022-05-12,2083.98,2193.7,1775.43,1959.78,5639772.981,2022-05-12 23:59:59.999,10971252687.57215,7561911,2802475.456,5454933650.80577,0,2022-05-12,22.598149635713057,2681.483,301.4220546727847,-2.3943271197705176,-0.05959750093570959,-0.06144730487155029
2022-05-13,1959.79,2149.99,1939.33,2008.49,2799355.876,2022-05-13 23:59:59.999,5809760462.83815,3966227,1416731.736,2940897148.66403,0,2022-05-13,26.391554702495213,2635.3934999999997,330.4530093559047,-1.8971033165106135,0.024854830644255976,0.024550973920338375
2022-05-14,2008.48,2068.6,1950.07,2055.0,1712302.978,2022-05-14 23:59:59.999,3446491889.9187,2633388,877431.054,1766649125.50061,0,2022-05-14,29.878327087537244,2592.1949999999997,347.46475867497384,-1.5460416821796414,0.023156699809309567,0.022892651983322937
2022-05-15,2054.99,2174.32,2000.0,2144.07,1621232.284,2022-05-15 23:59:59.999,3360404560.97969,2384401,826693.91,1714328486.17808,0,2022-05-15,29.488317601802038,2549.093,346.8837323961124,-1.1676044800437544,0.04334306569343083,0.04243004398111385
2022-05-16,2144.06,2144.07,1976.0,2022.89,2642704.669,2022-05-16 23:59:59.999,5366648840.78374,3369143,1310753.657,2661843757.73466,0,2022-05-16,26.156957789733653,2509.8435,360.21532836953713,-1.3518400291406942,-0.05651867709543068,-0.058178709913113226
2022-05-17,2022.79,2124.1,2006.71,2090.0,1960680.703,2022-05-17 23:59:59.999,4051495838.11071,2560883,1009465.282,2086340758.07734,0,2022-05-17,30.12536173101597,2469.965,360.34573555348754,-1.0544456684533192,0.03317530859315143,0.032636883960521265
2022-05-18,2090.0,2110.89,1906.61,1914.2,2331823.162,2022-05-18 23:59:59.999,4654040139.80995,2734722,1131084.717,2257769248.51224,0,2022-05-18,20.78376407311181,2418.9055,363.2633369374065,-1.3893653685369438,-0.08411483253588514,-0.08786428519705057
2022-05-19,1914.19,2039.3,1901.7,2019.46,2582771.916,2022-05-19 23:59:59.999,5090224818.55394,3023880,1321097.342,2604286999.12748,0,2022-05-19,28.196929795619667,2379.1099999999997,361.13445218907003,-0.9958894750138843,0.054989029359523656,0.05353036816261086
2022-05-20,2019.45,2064.74,1922.0,1958.69,2606153.056,2022-05-20 23:59:59.999,5192199953.44636,2798031,1300688.194,2592380594.28459,0,2022-05-20,28.095972456335417,2340.7895,363.1455008159948,-1.0521939529511313,-0.030092202866112694,-0.03055426650382105
2022-05-21,1958.69,1990.75,1935.52,1973.94,1160939.76,2022-05-21 23:59:59.999,2287008380.25312,1526957,583233.013,1149116707.06946,0,2022-05-21,29.74574920623246,2298.3175,353.2723706757998,-0.9182079520667731,0.007785816030101644,0.0077556629741113645
2022-05-22,1973.94,2056.73,1965.25,2042.63,1433318.968,2022-05-22 23:59:59.999,2881685469.42391,1628984,741460.528,1490853303.49115,0,2022-05-22,34.96840736509219,2257.691,331.9415189124429,-0.6478882205052718,0.03479842345765327,0.034206647804855224
2022-05-23,2042.63,2088.6,1955.01,1972.45,2340762.693,2022-05-23 23:59:59.999,4768428725.69658,2556218,1150825.976,2345307477.84321,0,2022-05-23,40.64446547663592,2217.268,313.59059759670345,-0.7806930497158936,-0.034357666341921944,-0.034961768343271665
2022-05-24,1972.45,1993.72,1911.38,1978.56,2077293.838,2022-05-24 23:59:59.999,4070659059.88736,2291743,1034894.018,2028175847.59929,0,2022-05-24,35.57401331507023,2169.208,267.2701907414149,-0.7133156132045152,0.0030976704098961694,0.0030928825139129824
2022-05-25,1978.56,2022.74,1933.0,1942.0,2151769.493,2022-05-25 23:59:59.999,4241561280.90225,2334490,1071340.72,2112405356.95718,0,2022-05-25,43.143712574850305,2128.9895000000006,234.3401361151748,-0.797940562380223,-0.018478085071971462,-0.018650937518933607
2022-05-26,1942.01,1965.28,1725.0,1791.02,4404820.882,2022-05-26 23:59:59.999,8138603051.65734,3994873,2149194.778,3972098623.96372,0,2022-05-26,42.05596038336252,2083.9610000000002,205.26535234334247,-1.4271332041951474,-0.07774459320288363,-0.08093307990706801
2022-05-27,1790.99,1821.85,1694.97,1726.55,4743622.208,2022-05-27 23:59:59.999,8357706808.1021,4743781,2385581.642,4204148974.53291,0,2022-05-27,36.92227767779283,2038.5475000000001,175.25811010216864,-1.7802171883407722,-0.03599624794809664,-0.036660092209141674
2022-05-28,1726.55,1809.33,1721.3,1791.74,2072895.705,2022-05-28 23:59:59.999,3668617968.70122,2346794,1048172.486,1855201292.11046,0,2022-05-28,37.996753661250025,2002.1895,142.77881910126672,-1.4739546196326039,0.037757377428977,0.03706201698763246
2022-05-29,1791.75,1829.0,1755.25,1812.45,1640982.631,2022-05-29 23:59:59.999,2945787959.89123,1697706,837994.51,1504699216.45287,0,2022-05-29,33.8747009511213,1981.438,138.40497517679438,-1.220967669580807,0.01155859667139203,0.011492306418733979
2022-05-30,1812.46,2013.56,1801.52,1997.87,3264009.122,2022-05-30 23:59:59.999,6239500143.71399,3107210,1706277.017,3262683988.23179,0,2022-05-30,48.854919908466805,1964.2885,109.82438983622708,0.30577451921269366,0.1023035118210156,0.09740209188518358
2022-05-31,1997.87,2016.77,1922.0,1941.68,2655076.664,2022-05-31 23:59:59.999,5223236544.60503,2673228,1304184.037,2566087967.45238,0,2022-05-31,43.14336433735831,1957.1735,106.2120917031211,-0.14587322169783382,-0.028124953075024828,-0.02852803533160661
2022-06-01,1941.68,1972.77,1758.52,1817.1,3499271.987,2022-06-01 23:59:59.999,6601368863.36227,3352330,1713993.383,3234941110.05324,0,2022-06-01,45.288054660507,1950.0395,110.72371316766979,-1.2006416349015396,-0.06416093280046153,-0.0663117540399928
2022-06-02,1817.16,1852.99,1780.48,1833.37,2390879.573,2022-06-02 23:59:59.999,4344141365.88604,2532259,1196336.173,2174173274.03294,0,2022-06-02,40.11600114726409,1941.2835000000002,112.76361699896397,-0.9569886358025551,0.008953827527378833,0.008913979697444108
2022-06-03,1833.37,1843.33,1733.01,1774.15,2363750.458,2022-06-03 23:59:59.999,4201383506.66514,2551203,1171239.375,2082170861.43723,0,2022-06-03,40.18216254176331,1927.241,115.31543955148496,-1.327584585337762,-0.03230117215837491,-0.032834368378783486
2022-06-04,1774.16,1815.48,1747.45,1803.71,1318917.819,2022-06-04 23:59:59.999,2339470640.78652,1493088,662240.765,1175084451.89273,0,2022-06-04,41.07930785113139,1910.2230000000004,106.40246525143925,-1.0010388363493263,0.016661499873178665,0.016524219846341278
2022-06-05,1803.7,1830.0,1772.19,1805.39,1432385.263,2022-06-05 23:59:59.999,2579985158.45067,1629794,728319.595,1312140766.19626,0,2022-06-05,36.62864099558119,1899.348,105.39125104008517,-0.8915161275034422,0.000931413586441332,0.0009309800899622859
2022-06-06,1805.4,1919.33,1803.52,1859.11,2917516.33,2022-06-06 23:59:59.999,5476426770.55326,2889524,1482272.261,2782335280.65961,0,2022-06-06,43.491144648887044,1887.8035000000004,95.5990536330307,-0.3001441845872684,0.029755343720747174,0.02932124365853186
2022-06-07,1859.1,1875.0,1722.0,1812.61,4087315.102,2022-06-07 23:59:59.999,7291656503.16585,3844005,2015862.966,3597552602.97118,0,2022-06-07,40.892376927720754,1882.7239999999997,96.81389169570616,-0.7242142503719791,-0.02501196809225925,-0.025330083026047636
2022-06-08,1812.62,1840.13,1763.87,1791.02,2628755.953,2022-06-08 23:59:59.999,4737579638.63843,2724564,1308576.539,2358444918.51021,0,2022-06-08,41.575528970627616,1871.3020000000001,93.24255610759735,-0.8610017072822269,-0.011911001263371523,-0.011982505598257346
2022-06-09,1791.01,1832.7,1776.32,1788.03,1839669.689,2022-06-09 23:59:59.999,3309798407.29703,2003405,912080.293,1641301492.16549,0,2022-06-09,49.800157735031874,1862.7689999999998,92.6313101494562,-0.8068438185686028,-0.0016694397605833133,-0.0016708348280106405
2022-06-10,1788.03,1803.82,1650.0,1661.95,3608897.284,2022-06-10 23:59:59.999,6228607832.37609,3277219,1723686.687,2976360797.38985,0,2022-06-10,46.01086822279857,1847.1695,98.9771436388193,-1.871336080134727,-0.07051335827698635,-0.07312284338919808
2022-06-11,1661.95,1680.97,1498.93,1532.19,4960438.976,2022-06-11 23:59:59.999,7778168198.17592,4297898,2406042.343,3770110965.49678,0,2022-06-11,35.15618744781359,1821.6474999999998,111.0032842034508,-2.6076480716504897,-0.07807695779054724,-0.08129352722868281
2022-06-12,1532.19,1548.81,1421.0,1434.35,6016472.456,2022-06-12 23:59:59.999,8893071858.23435,4851150,3036537.051,4489708234.1227,0,2022-06-12,30.12928316165649,1794.7424999999998,135.12045931317982,-2.6671941601729503,-0.06385631024872906,-0.06598629959519067
2022-06-13,1434.35,1454.58,1162.0,1209.04,17351785.758,2022-06-13 23:59:59.999,21941467145.7048,11630101,8787860.7,11113632493.26984,0,2022-06-13,10.211946050096316,1756.2664999999997,181.59291164798844,-3.0134794086058787,-0.1570816049081465,-0.17088512864125474
2022-06-14,1209.03,1268.9,1073.0,1208.32,12336657.753,2022-06-14 23:59:59.999,14657104013.43293,8775174,6297508.146,7485227799.62697,0,2022-06-14,10.817251180782606,1719.5825,213.4155622963513,-2.3956195813408163,-0.0005955137960695911,-0.0005956911848387146
2022-06-15,1208.32,1249.4,1012.42,1236.49,15639610.636,2022-06-15 23:59:59.999,17507842534.93348,10548450,7903728.747,8851220865.75608,0,2022-06-15,15.415589521211317,1691.8560000000002,238.22564640318464,-1.9114902483224527,0.023313360699152685,0.023045755508434088
2022-06-16,1236.48,1257.29,1050.51,1067.77,8764835.417,2022-06-16 23:59:59.999,9948262782.32809,6176649,4399921.717,4995515873.39514,0,2022-06-16,11.405843566632385,1658.917,275.76284823053146,-2.143678903061715,-0.13645075981204868,-0.14670435906295504
2022-06-17,1067.77,1118.0,1050.0,1085.99,6582676.581,2022-06-17 23:59:59.999,7160320740.4379,4572098,3315875.017,3607499942.58969,0,2022-06-17,13.813810655617004,1623.6294999999998,301.79786418405484,-1.7814556158426431,0.017063599838916588,0.016919651825849646
2022-06-18,1085.99,1097.0,878.04,994.09,11387513.195,2022-06-18 23:59:59.999,11140422450.60394,7103302,5692310.222,5568307283.08668,0,2022-06-18,10.04638768258981,1582.7115,329.0927090666003,-1.7886190844807723,-0.08462324699122459,-0.08841954653101727
2022-06-19,994.09,1162.98,935.5,1127.88,10406484.218,2022-06-19 23:59:59.999,10737479691.15422,6781694,5440716.768,5619043988.8625,0,2022-06-19,20.422418384542183,1539.212,328.82639759254243,-1.2509093035459165,0.13458539971229966,0.12626729760287247
2022-06-20,1127.88,1174.0,1052.05,1127.83,8647003.105,2022-06-20 23:59:59.999,9597579628.31477,6312403,4364178.116,4844599049.42852,0,2022-06-20,16.505441354292643,1498.5194999999999,326.7500463572702,-1.1344742078312855,-4.43309571941386e-05,-4.433193984006267e-05
2022-06-21,1127.82,1194.0,1108.63,1125.47,6719191.952,2022-06-21 23:59:59.999,7717129837.30618,5305574,3398323.794,3904130483.15408,0,2022-06-21,17.200954653937956,1463.9379999999999,327.8559579995367,-1.0323680010734413,-0.002092513942704044,-0.0020947063089093872
2022-06-22,1125.47,1126.81,1042.0,1049.4,6439701.679,2022-06-22 23:59:59.999,6985067146.03695,5352603,3175765.898,3445729059.33936,0,2022-06-22,16.3505689758435,1424.7395000000001,328.22748509749385,-1.1435346430190405,-0.06758954036980103,-0.06998215391884952
2022-06-23,1049.41,1156.01,1044.16,1143.71,5945329.708,2022-06-23 23:59:59.999,6567067983.10538,4874275,3082272.559,3405221150.30237,0,2022-06-23,23.002597837928434,1393.2175,323.1383531436231,-0.7721383041433744,0.0898704021345531,0.08605879204796574
2022-06-24,1143.71,1244.94,1131.36,1224.42,6052742.304,2022-06-24 23:59:59.999,7195488084.82197,5052858,3169218.721,3768338511.06337,0,2022-06-24,30.94265329767495,1364.2530000000002,310.10687193628854,-0.4509187401326881,0.07056858819106249,0.06818989816847236
2022-06-25,1224.42,1258.0,1179.03,1241.6,4537650.045,2022-06-25 23:59:59.999,5514062293.63994,4033237,2306985.166,2804521100.46168,0,2022-06-25,35.96658134930216,1336.0635,293.0518290655914,-0.3223440041346989,0.014031133107920368,0.013933607959904797
2022-06-26,1241.6,1280.0,1193.54,1197.21,4564404.562,2022-06-26 23:59:59.999,5642425991.65198,3918525,2291631.773,2834459063.06584,0,2022-06-26,37.924432223240665,1302.9685,267.0999407530213,-0.3959510425267798,-0.03575225515463909,-0.03640702066204072
2022-06-27,1197.2,1238.89,1172.14,1191.9,4630510.301,2022-06-27 23:59:59.999,5578212007.99774,3958705,2302243.912,2774653212.53411,0,2022-06-27,48.87518046987795,1271.933,239.38989300875082,-0.33432071418768844,-0.00443531210063397,-0.0044451772782505405
2022-06-28,1191.89,1239.66,1135.65,1143.5,5830850.719,2022-06-28 23:59:59.999,6943637262.86077,4636465,2906077.44,3462737385.57925,0,2022-06-28,45.99668964154253,1239.557,207.10059988986302,-0.4638180674082235,-0.04060743350952267,-0.041454938025827184
2022-06-29,1143.51,1156.76,1085.6,1099.32,6255310.525,2022-06-29 23:59:59.999,6996782558.42135,4444997,3143527.861,3516835185.89043,0,2022-06-29,41.69260771084921,1205.1215,163.84367103962572,-0.6457466396392685,-0.038635767380848285,-0.03940192764771824
2022-06-30,1099.33,1106.6,995.0,1070.85,8433372.481,2022-06-30 23:59:59.999,8776684715.97994,5239898,4256271.84,4428609787.7398,0,2022-06-30,50.22470598535033,1175.5665000000001,126.0569668746467,-0.8307077553605758,-0.025897827748062485,-0.02623908119853841
2022-07-01,1070.9,1118.21,1032.65,1059.24,7465681.271,2022-07-01 23:59:59.999,7965023016.58434,5131299,3811163.096,4067283447.79685,0,2022-07-01,48.02940786468846,1151.919,96.54131043239552,-0.9599931841084748,-0.01084185460148468,-0.010901055796437308
2022-07-02,1059.16,1078.98,1026.16,1066.53,3974288.532,2022-07-02 23:59:59.999,4182655936.29859,2814030,2022531.688,2129331251.02958,0,2022-07-02,56.09641149936039,1133.5279999999998,71.76119084563105,-0.9336244174671299,0.006882292964767167,0.006858718090857413
2022-07-03,1066.53,1088.0,1040.01,1073.9,3749708.763,2022-07-03 23:59:59.999,3986193835.78978,2591145,1898349.39,2018697292.63453,0,2022-07-03,44.22920675646781,1126.7710000000002,70.63024437168632,-0.7485603436648252,0.006910260377110955,0.006886493953171706
2022-07-04,1073.91,1160.68,1044.33,1150.23,5930747.625,2022-07-04 23:59:59.999,6505251168.91222,3839661,3105776.893,3408756160.04084,0,2022-07-04,52.058899224236185,1123.8664999999999,68.2546932471847,0.38625182746810705,0.07107738150665788,0.06866504049579111
2022-07-05,1150.23,1176.0,1075.0,1131.8,7139408.684,2022-07-05 23:59:59.999,8047372440.069,4737072,3610624.075,4070323822.26865,0,2022-07-05,50.56512811356128,1118.632,62.972946455341244,0.20910566745258286,-0.01602288238004579,-0.016152636651538616
2022-07-06,1131.81,1205.45,1111.03,1186.37,6534667.739,2022-07-06 23:59:59.999,7479228870.10764,4401264,3374963.801,3864434806.52849,0,2022-07-06,62.716553709033505,1124.5620000000001,63.51313304725101,0.9731530635406901,0.04821523237321079,0.04708893921433366
2022-07-07,1186.36,1254.82,1162.93,1236.92,5320583.171,2022-07-07 23:59:59.999,6422728354.47917,3715357,2749124.488,3319897966.04818,0,2022-07-07,59.419147517128486,1132.1084999999998,67.52854018665721,1.552106704961907,0.042608966848453944,0.041726193783380695
2022-07-08,1236.91,1277.0,1192.0,1213.53,6498615.367,2022-07-08 23:59:59.999,7993846092.86714,4412044,3298779.73,4059200808.75208,0,2022-07-08,48.75534322353532,1143.0805,61.47940592078432,1.1459040461577248,-0.018909872910131686,-0.0190909509661994
2022-07-09,1213.53,1236.87,1203.75,1216.48,2797190.032,2022-07-09 23:59:59.999,3405360762.76592,2238863,1413624.205,1721379811.48174,0,2022-07-09,47.032416595784916,1147.5104999999999,63.48583061766367,1.0863762721379715,0.002430924657816469,0.002427974740188276
2022-07-10,1216.49,1219.5,1152.0,1167.81,3568244.792,2022-07-10 23:59:59.999,4207542141.60389,2613499,1743659.987,2055966717.17862,0,2022-07-10,46.56156437125748,1149.5095,63.462956743980726,0.2883650705690734,-0.04000887807444431,-0.04083124255723091
2022-07-11,1167.81,1170.97,1091.1,1095.95,4532538.359,2022-07-11 23:59:59.999,5159629837.34689,3182994,2252733.009,2565462649.90626,0,2022-07-11,40.289837472422946,1148.0335,64.3880266963219,-0.808900391460128,-0.0615339824115223,-0.06350863289353467
2022-07-12,1095.88,1097.51,1032.09,1037.88,5644661.921,2022-07-12 23:59:59.999,6026006795.32593,3846893,2809103.571,2999385351.42623,0,2022-07-12,39.516417199348886,1147.4575,65.36099447444451,-1.6764968293565907,-0.05298599388658232,-0.05444139592293989
2022-07-13,1037.88,1120.0,1005.0,1114.19,8490574.12,2022-07-13 23:59:59.999,9015293731.15611,4958433,4369893.011,4643285871.09375,0,2022-07-13,51.38746337731168,1145.9815,65.782033883472,-0.4832854523214702,0.07352487763517934,0.07094751239065547
2022-07-14,1114.18,1216.9,1070.57,1193.01,7455813.799,2022-07-14 23:59:59.999,8433152233.87695,5131517,3864275.811,4373070821.65775,0,2022-07-14,60.419296509842724,1144.411,64.16590165963245,0.757396042804681,0.07074197399007343,0.0683518417953821
2022-07-15,1193.01,1294.99,1180.74,1230.58,7636816.255,2022-07-15 23:59:59.999,9358068233.24177,5495718,3952097.47,4844881768.33098,0,2022-07-15,63.99425005717272,1143.8600000000001,63.32926429221819,1.3693511359906296,0.031491772910537064,0.03100607764718
2022-07-16,1230.59,1440.57,1191.41,1355.37,8366413.063,2022-07-16 23:59:59.999,10769354837.13322,6042295,4351804.035,5603632337.77545,0,2022-07-16,69.79223769323539,1151.768,78.41886417789745,2.5963395687307798,0.10140746639795872,0.09658887682994795
2022-07-17,1355.38,1387.92,1316.0,1338.27,6374217.855,2022-07-17 23:59:59.999,8620438757.41276,5219624,3197327.162,4325887715.50805,0,2022-07-17,67.8770911943306,1159.0865,88.53844144452299,2.0237932481821934,-0.012616481108479571,-0.012696744717054158
2022-07-18,1338.28,1597.19,1335.49,1580.12,9898091.92,2022-07-18 23:59:59.999,14534269566.88306,7525806,5095270.633,7480602238.64865,0,2022-07-18,73.75266595206259,1180.9175,129.05251370440357,3.093333779723023,0.180718390160431,0.16612305845156156
2022-07-19,1580.12,1640.0,1492.57,1541.39,9494246.978,2022-07-19 23:59:59.999,14678284685.59557,7810523,4700785.717,7269820397.119,0,2022-07-19,72.13449628740963,1203.0210000000002,150.4287646730402,2.249363682108614,-0.02451079664835565,-0.024816186789912938
2022-07-20,1541.4,1620.0,1477.0,1521.34,8184052.839,2022-07-20 23:59:59.999,12777657100.29962,6752239,4085648.09,6381883511.4127,0,2022-07-20,68.80353874998598,1225.5454999999997,162.8137783667493,1.8167657735557408,-0.013007739767352922,-0.013093081288979262
2022-07-21,1521.26,1607.0,1462.3,1575.39,7325264.216,2022-07-21 23:59:59.999,11149023837.25642,6179726,3720528.406,5665398411.74301,0,2022-07-21,68.92564386441664,1251.353,175.47999073519875,1.8465752057679068,0.035527889886547426,0.03491133522961451
2022-07-22,1575.38,1646.3,1515.75,1534.53,6728238.217,2022-07-22 23:59:59.999,10696578370.91302,5652560,3359583.748,5342582231.07624,0,2022-07-22,67.60486135486136,1274.7530000000002,180.66394913442622,1.4379017022743599,-0.025936434787576457,-0.026278715443999755
2022-07-23,1534.53,1596.72,1485.53,1548.01,5150014.938,2022-07-23 23:59:59.999,7926850191.05773,4803334,2574363.975,3963792142.07981,0,2022-07-23,67.97475629195085,1298.4585,183.99631484511704,1.3562853158774701,0.008784448658546884,0.008746089866311027
2022-07-24,1548.01,1664.9,1543.45,1597.77,6366445.957,2022-07-24 23:59:59.999,10183471414.41454,5645954,3250428.214,5200346505.25236,0,2022-07-24,73.28387306400954,1320.8355,192.05801164383504,1.4419315165751354,0.03214449519059959,0.031638671977798245
2022-07-25,1597.77,1609.26,1433.2,1440.4,8130738.376,2022-07-25 23:59:59.999,12331583506.62446,7086762,3951668.529,5995842586.90764,0,2022-07-25,67.07209484442066,1336.2655,188.43383151025756,0.5526316541216828,-0.09849352535095779,-0.10368805428020537
2022-07-26,1440.4,1455.0,1355.0,1448.27,7673932.806,2022-07-26 23:59:59.999,10756084151.888,5969522,3855119.105,5405261456.57227,0,2022-07-26,71.40547250706753,1349.3605,186.55966096598004,0.5301762422158162,0.00546376006664806,0.0054488878770718166
2022-07-27,1448.28,1644.66,1420.22,1635.45,9108934.438,2022-07-27 23:59:59.999,13818423664.79994,6915155,4679962.927,7101600987.73951,0,2022-07-27,74.36978718629615,1369.287,195.00994074798066,1.3648688829867055,0.12924385646322856,0.12154825516870839
2022-07-28,1635.46,1784.5,1595.0,1723.82,9638750.264,2022-07-28 23:59:59.999,16135851976.92102,7251257,4907297.239,8217768492.06252,0,2022-07-28,74.5966284533331,1394.8015,206.59676892249593,1.5925636287343394,0.05403405790455218,0.05262476259953819
2022-07-29,1723.83,1766.3,1656.0,1721.85,8322821.761,2022-07-29 23:59:59.999,14239175682.25539,6414015,4107330.196,7027465387.94085,0,2022-07-29,73.54110960965278,1420.0700000000002,214.39688919091512,1.4075763931969747,-0.0011428107342994487,-0.0011434642404233176
2022-07-30,1721.85,1744.0,1671.0,1696.68,4893669.344,2022-07-30 23:59:59.999,8364186474.40813,4508506,2413446.958,4125788755.15034,0,2022-07-30,68.08149945433934,1446.5135,214.26094597784387,1.167578621751577,-0.014617998083456651,-0.014725893787865868
2022-07-31,1696.68,1755.55,1666.0,1677.63,4341013.588,2022-07-31 23:59:59.999,7400936551.22337,3852901,2163805.442,3690520702.97383,0,2022-07-31,67.94112671290816,1475.5975,203.3728484666177,0.9934094030903162,-0.01122780960463965,-0.011291317274376166
2022-08-01,1677.63,1704.32,1605.5,1629.45,5621692.061,2022-08-01 23:59:59.999,9324464883.62185,4487162,2752768.625,4566495826.98468,0,2022-08-01,53.27952771609782,1505.176,177.76774070622128,0.6990807190680066,-0.02871908585325733,-0.029139548569503793
2022-08-02,1629.45,1678.0,1557.8,1629.97,8048319.82,2022-08-02 23:59:59.999,12978724614.80327,6249114,4064212.567,6555518370.33713,0,2022-08-02,56.20412394239927,1530.965,153.86734938013345,0.643443852115796,0.00031912608548889665,0.00031907517559050664
2022-08-03,1629.98,1685.91,1588.5,1617.37,5772165.287,2022-08-03 23:59:59.999,9474080417.19574,4740351,2876403.397,4721789688.74596,0,2022-08-03,56.79685177583058,1552.1830000000002,132.60075303828677,0.49160354301440323,-0.007730203623379617,-0.007760236521134846
2022-08-04,1617.37,1664.28,1580.0,1607.2,6186609.903,2022-08-04 23:59:59.999,10013026532.58118,4613775,3038203.993,4918215986.73314,0,2022-08-04,52.4005735416195,1571.014,109.20345181552644,0.33136315197369304,-0.006287986051429106,-0.006307838701600636
2022-08-05,1607.2,1743.4,1605.0,1737.13,7645714.788,2022-08-05 23:59:59.999,12843741577.30625,5669716,3882963.899,6523161871.98856,0,2022-08-05,63.47755514754798,1590.102,102.69721456789844,1.4316649250773223,0.08084245893479336,0.07774079162094062
2022-08-06,1737.12,1751.0,1685.03,1689.85,3673770.096,2022-08-06 23:59:59.999,6311553238.84685,3195495,1808565.952,3107995421.28602,0,2022-08-06,59.02956380025974,1607.681,86.06531246372535,0.9547284224946294,-0.027217306707039923,-0.027594558540166854
2022-08-07,1689.84,1729.39,1667.0,1699.25,3426181.998,2022-08-07 23:59:59.999,5804010084.89889,3100771,1704495.517,2888237781.75146,0,2022-08-07,56.810189783373154,1613.6375,88.15452861015528,0.9711639475562632,0.0055626239015298395,0.005547209645249064
2022-08-08,1699.25,1819.78,1693.15,1776.09,6333566.586,2022-08-08 23:59:59.999,11180279823.20407,5056209,3238601.39,5716466674.41836,0,2022-08-08,75.2577009314854,1625.3725,93.49081192544378,1.612110290797269,0.04521994997793133,0.04422734171707467
2022-08-09,1776.08,1790.0,1666.05,1702.04,6330296.526,2022-08-09 23:59:59.999,10892575737.02873,5118754,3036294.118,5224103641.43411,0,2022-08-09,67.36461797429897,1634.4075,91.62067865162302,0.7381794262533751,-0.041692707013721075,-0.042586787324032746
2022-08-10,1702.04,1886.75,1655.0,1853.24,9215939.763,2022-08-10 23:59:59.999,16379353776.41723,6837238,4712549.884,8379638270.76828,0,2022-08-10,65.67443467246268,1648.3,102.6073745682761,1.9973223256348955,0.08883457498061142,0.08510792697640565
2022-08-11,1853.25,1943.0,1849.8,1879.35,7873808.723,2022-08-11 23:59:59.999,14907737774.29255,6358628,3934778.328,7451292956.90535,0,2022-08-11,62.29544484323367,1665.541,111.10275968435141,1.9244256452984805,0.014088839006280773,0.013990513763475994
2022-08-12,1879.35,1964.46,1852.0,1957.4,5535344.089,2022-08-12 23:59:59.999,10503385045.46876,4668550,2817420.93,5348706748.97447,0,2022-08-12,66.62197445487263,1686.0104999999999,125.13587821057314,2.1687585038027057,0.04153031633277471,0.040691089632047824
2022-08-13,1957.4,2019.0,1945.5,1982.8,5390461.793,2022-08-13 23:59:59.999,10705002496.90554,4709258,2715450.385,5393547651.05189,0,2022-08-13,70.1839781032196,1705.262,139.6246827674098,1.987743101714541,0.012976397261673656,0.0128929251546997
2022-08-14,1982.79,2030.0,1905.0,1934.55,4960301.502,2022-08-14 23:59:59.999,9772904219.56565,4268940,2439764.124,4808182644.87547,0,2022-08-14,67.40697579880212,1729.9695,133.89270753600024,1.5279435584271361,-0.02433427476296146,-0.024635245867908887
2022-08-15,1934.56,2012.94,1871.0,1898.56,7812767.162,2022-08-15 23:59:59.999,15018776583.95025,5482428,3862929.885,7428628743.25677,0,2022-08-15,68.53910910869534,1752.484,121.29736832310246,1.2042800434952075,-0.018603809671499882,-0.01877903720823156
2022-08-16,1898.55,1915.0,1850.0,1875.78,6218534.016,2022-08-16 23:59:59.999,11706754821.45182,4354381,3048915.458,5740592643.19626,0,2022-08-16,66.4300514671479,1764.5004999999996,120.99695531077964,0.9196884311194433,-0.011998567335243515,-0.01207113116977758
2022-08-17,1875.79,1957.7,1818.01,1833.55,8253584.13,2022-08-17 23:59:59.999,15456235081.25482,5922176,4058981.15,7602852965.03713,0,2022-08-17,63.89903302129411,1769.9869999999999,121.54182676630023,0.5229722285005522,-0.022513301133395225,-0.022770594512787352
2022-08-18,1833.55,1882.0,1820.11,1845.86,5330045.147,2022-08-18 23:59:59.999,9902115271.66837,4328572,2685136.745,4988944388.70099,0,2022-08-18,65.3022492370034,1776.1875,122.11869005949593,0.5705310134431971,0.006713752011126006,0.006691315145807654
2022-08-19,1845.86,1847.65,1601.85,1608.29,10707278.713,2022-08-19 23:59:59.999,18452074675.28043,7025072,5219181.093,8997579632.16911,0,2022-08-19,42.741081288170726,1771.768,126.66241978293436,-1.29065906272877,-0.12870423542413834,-0.13777379079669513
2022-08-20,1608.29,1657.0,1520.64,1574.93,7333793.524,2022-08-20 23:59:59.999,11770457029.84846,5034015,3646097.834,5854621562.77378,0,2022-08-20,43.42216727339333,1766.6330000000003,132.62131959675287,-1.4454915739255991,-0.02074252777795038,-0.020960675909220457
2022-08-21,1574.92,1648.7,1560.0,1617.17,6301946.927,2022-08-21 23:59:59.999,10132763944.54036,4464716,3167563.346,5093299125.67095,0,2022-08-21,45.47209779562656,1766.0189999999998,133.31647088592916,-1.116508703019605,0.02682023962969793,0.02646688118569479
2022-08-22,1617.17,1629.0,1528.0,1624.02,8702841.846,2022-08-22 23:59:59.999,13698514100.45008,5736402,4395232.645,6919974583.39424,0,2022-08-22,40.90914525520391,1765.7215,133.6422881101671,-1.0603043542863428,0.004235794628888678,0.004226848903426736
2022-08-23,1624.02,1680.0,1562.41,1664.19,8533214.781,2022-08-23 23:59:59.999,13842148886.67689,5409440,4356844.314,7069911726.20811,0,2022-08-23,47.6417739342812,1768.0625,131.29633709868463,-0.7911302195881333,0.024734917057671835,0.0244339616383874
2022-08-24,1664.19,1693.84,1605.0,1655.71,7245610.326,2022-08-24 23:59:59.999,11946551543.69754,4845012,3655554.831,6028036281.30032,0,2022-08-24,35.03084314706193,1770.4879999999998,128.58839145446694,-0.8926000139028304,-0.005095572020021755,-0.00510859871828898
2022-08-25,1655.71,1722.0,1652.27,1694.16,5903160.698,2022-08-25 23:59:59.999,10016122886.2417,4264516,3026434.529,5135272379.1491,0,2022-08-25,36.22364721110501,1768.3395,129.53061013868444,-0.5726793066177813,0.023222665805002096,0.02295712291850125
2022-08-26,1694.15,1706.0,1485.0,1507.23,12030116.664,2022-08-26 23:59:59.999,19517508006.90065,7297196,5888495.398,9558181208.22344,0,2022-08-26,21.18026657789271,1759.2085,141.26039159820704,-1.7837873529100299,-0.11033786655333622,-0.11691351367272025
2022-08-27,1507.22,1517.4,1443.4,1490.0,7282986.956,2022-08-27 23:59:59.999,10825970419.74756,5185492,3634257.302,5403157725.08715,0,2022-08-27,18.11759225712956,1748.7459999999999,153.1810732915198,-1.6891512406861051,-0.011431566516059255,-0.011497409143101399
2022-08-28,1490.0,1510.0,1423.1,1426.3,5691272.507,2022-08-28 23:59:59.999,8412659314.02118,4221778,2836848.37,4194964341.87194,0,2022-08-28,17.76249857286024,1731.2565,169.04226495093457,-1.8040251654727608,-0.04275167785234901,-0.04369244141012827
2022-08-29,1426.29,1559.79,1420.59,1550.67,9032669.023,2022-08-29 23:59:59.999,13462848651.39427,5843852,4667328.933,6956774023.03578,0,2022-08-29,30.158440462203572,1723.6879999999996,173.74250392312987,-0.9958300133429017,0.08719764425436449,0.08360341705182806
2022-08-30,1550.66,1605.0,1471.92,1523.48,12249570.308,2022-08-30 23:59:59.999,18926962419.59301,7466286,6120241.068,9458996151.52486,0,2022-08-30,30.007490806737195,1707.2,176.4272826795485,-1.0413355418146837,-0.017534356117033356,-0.017689903908166764
2022-08-31,1523.49,1621.29,1523.26,1553.04,11937118.009,2022-08-31 23:59:59.999,18812423619.66005,7869837,6062565.83,9557432950.10699,0,2022-08-31,33.84921868702571,1690.8845000000001,174.749581385704,-0.7888116177843788,0.01940294588704794,0.019217108744082296
2022-09-01,1553.04,1599.0,1505.0,1585.4,9119984.942,2022-09-01 23:59:59.999,14170488622.63159,5955873,4591287.573,7136980444.32175,0,2022-09-01,35.342052540350736,1672.2845000000002,164.37892291818298,-0.5285622904540231,0.020836552825426402,0.020622440985935304
2022-09-02,1585.4,1649.64,1545.0,1574.49,9144439.365,2022-09-02 23:59:59.999,14620844149.07381,5673542,4626571.535,7400928045.59853,0,2022-09-02,47.44635841644001,1651.869,148.358777680129,-0.5215667128697566,-0.006881544089819669,-0.006905331104755669
2022-09-03,1574.49,1582.02,1532.6,1556.41,3937946.105,2022-09-03 23:59:59.999,6120571237.10822,2941164,1942701.592,3019994082.16438,0,2022-09-03,48.56771638928417,1632.962,133.8204986500666,-0.5720498785479738,-0.011483083411136241,-0.011549523125015988
2022-09-04,1556.42,1586.0,1539.7,1578.14,3969402.047,2022-09-04 23:59:59.999,6193035829.21504,2687848,1998409.474,3118633636.15928,0,2022-09-04,46.88263765754541,1616.941,118.6725473907746,-0.32695851612785265,0.013961616797630416,0.013865051195764078
2022-09-05,1578.14,1631.6,1555.72,1616.92,5810610.257,2022-09-05 23:59:59.999,9199273055.66278,3583657,2980856.971,4721233276.10765,0,2022-09-05,49.46043712192601,1603.998,101.88544757409444,0.12682871114250857,0.024573231779183136,0.024276166648975042
2022-09-06,1616.93,1686.75,1551.7,1558.23,11076502.23,2022-09-06 23:59:59.999,18073176431.24372,6751274,5525912.117,9021685817.84402,0,2022-09-06,42.16805132602076,1590.232,86.70663731046977,-0.36908362488341745,-0.036297404942730704,-0.03697254332238903
2022-09-07,1558.23,1657.6,1486.16,1629.35,9094507.329,2022-09-07 23:59:59.999,14158089326.65611,5527649,4630628.995,7214030472.89154,0,2022-09-07,48.21675010147476,1579.4065,63.529310539598406,0.7861489378020183,0.04564152917091824,0.04463060056793986
2022-09-08,1629.36,1666.0,1594.0,1634.22,8111052.514,2022-09-08 23:59:59.999,13203029495.58423,5198061,4100853.257,6677358363.16659,0,2022-09-08,45.75206939562308,1580.703,64.40829368796089,0.8309023098682612,0.0029889219627459163,0.0029844640162566493
2022-09-09,1634.23,1746.3,1629.25,1717.48,7591864.92,2022-09-09 23:59:59.999,12916052034.8623,5236115,3916826.664,6663025273.15959,0,2022-09-09,67.46697682146714,1587.8305,71.25888040507014,1.8194153383130518,0.05094785279827674,0.04969247391626666
2022-09-10,1717.49,1788.98,1705.0,1773.05,4234258.288,2022-09-10 23:59:59.999,7348536836.11749,3412888,2163699.489,3756719118.43522,0,2022-09-10,72.10671831799934,1595.6245000000001,82.30535599860902,2.155698105515738,0.03235554416936437,0.031843127270097873
2022-09-11,1773.04,1787.88,1718.02,1765.01,3909495.301,2022-09-11 23:59:59.999,6884026557.92414,2976743,1923990.351,3388719709.58945,0,2022-09-11,78.97284998203685,1602.674,90.49585482804038,1.7938501195272403,-0.004534559093088197,-0.0045448713924686225
2022-09-12,1765.0,1783.43,1691.28,1715.14,6512918.389,2022-09-12 23:59:59.999,11291212213.97169,4933620,3238468.273,5615956409.09848,0,2022-09-12,66.12356135913575,1605.2215,93.0011552998692,1.1819046725342626,-0.028254797423243994,-0.028661646152388722
2022-09-13,1715.15,1762.88,1556.78,1571.9,9660861.421,2022-09-13 23:59:59.999,15865869412.73067,6558301,4758954.807,7821061633.37342,0,2022-09-13,53.86691796575518,1601.031,92.49327451513133,-0.3149526292880268,-0.08351504833424672,-0.08720963118714549
2022-09-14,1571.91,1642.24,1548.0,1635.39,6491665.957,2022-09-14 23:59:59.999,10351087044.81358,4751850,3224450.774,5142994632.39855,0,2022-09-14,56.23854184027516,1598.0925,90.28607906191048,0.413103552480385,0.04039061008970046,0.03959622926299272
2022-09-15,1635.4,1657.8,1455.0,1471.93,12706158.928,2022-09-15 23:59:59.999,19824699198.48316,8791055,6208016.307,9690867317.01126,0,2022-09-15,42.82843093880749,1596.3274999999999,92.47435586921482,-1.345210775795329,-0.09995169347984278,-0.10530684318693334
2022-09-16,1471.94,1482.65,1403.0,1433.58,8136455.084,2022-09-16 23:59:59.999,11772482639.46676,5306662,4014386.848,5809835899.3208,0,2022-09-16,41.392706615356424,1593.5065,96.65475021819661,-1.654616039449364,-0.026054228122261325,-0.026399652579757422
2022-09-17,1433.58,1475.15,1408.15,1467.96,4366994.599,2022-09-17 23:59:59.999,6308438616.51773,3043567,2201916.901,3181483276.37852,0,2022-09-17,44.70264119302869,1595.5895,93.25059793658937,-1.3686721889632103,0.023981919390616557,0.023698869616331098
2022-09-18,1467.96,1469.0,1320.0,1333.67,7139282.229,2022-09-18 23:59:59.999,9967351085.11641,4215106,3434646.754,4795875849.19366,0,2022-09-18,37.09798292186065,1584.7395000000001,109.8916737651214,-2.2846999358352407,-0.09148069429684735,-0.09593914128566723
2022-09-19,1333.68,1394.0,1276.62,1375.05,10278329.861,2022-09-19 23:59:59.999,13666010265.88282,6176536,5216486.652,6938534383.18353,0,2022-09-19,37.270133998589486,1577.318,118.89022050882367,-1.7013005706805657,0.031027165640675536,0.030555553514736006
2022-09-20,1375.05,1384.53,1311.0,1322.08,7850914.483,2022-09-20 23:59:59.999,10604151627.64198,4804928,3915168.547,5289452262.36358,0,2022-09-20,37.49589638776224,1565.77,131.8796691166646,-1.8478208326745558,-0.03852223555507073,-0.03928384012302008
2022-09-21,1322.09,1420.0,1218.0,1244.19,11244354.459,2022-09-21 23:59:59.999,14907764982.7589,6900700,5597099.45,7428214084.70522,0,2022-09-21,29.75101465732972,1548.7095000000002,150.0280397818842,-2.029750574910669,-0.05891474040905231,-0.06072153819729365
2022-09-22,1244.2,1349.84,1235.6,1325.73,9848169.894,2022-09-22 23:59:59.999,12674382231.70619,5593957,5024458.663,6468914136.65836,0,2022-09-22,34.99168069434579,1536.2715,157.88419941195042,-1.3335184951006815,0.06553661418272116,0.06347853534737664
2022-09-23,1325.73,1359.22,1260.75,1326.62,10875882.189,2022-09-23 23:59:59.999,14195748237.66868,5874881,5432804.96,7092632270.36299,0,2022-09-23,29.32745197596681,1524.782,164.56145998253692,-1.2041823159628553,0.000671328249341796,0.0006711030093336299
2022-09-24,1326.62,1348.84,1305.36,1316.19,4603413.868,2022-09-24 23:59:59.999,6117137472.97961,2915054,2305918.466,3064288126.6855,0,2022-09-24,24.625091644264728,1511.6844999999998,170.41152424199146,-1.1471906073816314,-0.007862085601000879,-0.007893154748673763
2022-09-25,1316.18,1336.92,1268.19,1293.99,4839166.035,2022-09-25 23:59:59.999,6323317973.41767,2980838,2360753.093,3085595180.12908,0,2022-09-25,24.243749863295335,1495.538,175.14863761660416,-1.1507254794706616,-0.016866865726072988,-0.017010731307902597
2022-09-26,1293.98,1340.0,1277.55,1335.25,8104991.588,2022-09-26 23:59:59.999,10639323515.45812,4716042,4122463.892,5412602294.87849,0,2022-09-26,29.029444560981247,1484.389,178.02126011121285,-0.8377594895510249,0.03188587237923013,0.03138807216416525
2022-09-27,1335.25,1400.0,1303.02,1327.19,9686206.927,2022-09-27 23:59:59.999,13143901188.70475,5284170,4875675.973,6617874574.73985,0,2022-09-27,34.1219065910536,1469.281,177.8930211909006,-0.7987440937748713,-0.006036322785995085,-0.006054615031463992
2022-09-28,1327.2,1355.76,1250.0,1336.43,10608737.289,2022-09-28 23:59:59.999,13854142475.32485,5342908,5297819.534,6921735266.87477,0,2022-09-28,29.13281402685874,1454.3915,175.81137964712696,-0.6709548621753709,0.006962077773340569,0.0069379544109767315
2022-09-29,1336.43,1351.93,1287.24,1334.8,8973401.704,2022-09-29 23:59:59.999,11892132443.56242,4724858,4524749.572,5997058303.27875,0,2022-09-29,37.63502912481288,1435.2575,166.23501942400674,-0.6043100927113825,-0.0012196673226432253,-0.001220411722173602
2022-09-30,1334.8,1373.34,1307.53,1327.78,8510622.642,2022-09-30 23:59:59.999,11394338399.68576,4388913,4297636.021,5755612720.12006,0,2022-09-30,39.88875721548989,1412.9940000000001,147.3595537024104,-0.5782726525630506,-0.005259214863649997,-0.005273093215014782
2022-10-01,1327.78,1333.38,1301.0,1311.31,2763699.151,2022-10-01 23:59:59.999,3648363835.7798,1721856,1338929.085,1767821129.22723,0,2022-10-01,34.498387001009334,1390.309,123.26994562215626,-0.6408618061870949,-0.012404163340312468,-0.01248173713392348
2022-10-02,1311.32,1317.7,1266.66,1275.96,4140053.849,2022-10-02 23:59:59.999,5371485640.17009,2376019,2010133.15,2608717347.61141,0,2022-10-02,42.89862919302044,1368.3500000000001,99.10936861555302,-0.9322024879240481,-0.02695777504937802,-0.027327801077285573
2022-10-03,1275.95,1329.0,1260.48,1322.59,5798622.25,2022-10-03 23:59:59.999,7563682363.97532,3139844,2961217.26,3863228305.26743,0,2022-10-03,43.62699839642353,1355.8845000000001,87.11283466229231,-0.38219970833312883,0.03654503275964749,0.03589309889602032
2022-10-04,1322.58,1370.0,1318.06,1360.73,5536817.118,2022-10-04 23:59:59.999,7456202392.44989,3096865,2856881.609,3847454191.80711,0,2022-10-04,54.87082545683681,1342.1515000000002,57.26784799017848,0.3244141460176064,0.028837357004060316,0.028429385082319326
2022-10-05,1360.73,1364.75,1315.27,1351.61,5456174.624,2022-10-05 23:59:59.999,7323277791.98338,2883956,2730257.63,3665152529.18117,0,2022-10-05,66.37599853649611,1336.1354999999999,48.577491482057255,0.31855288381277874,-0.006702284803010272,-0.006724845977919337
2022-10-06,1351.6,1383.29,1344.0,1351.5,7101597.575,2022-10-06 23:59:59.999,9688859096.22463,3756284,3565833.905,4865857865.64373,0,2022-10-06,55.226120462380855,1332.0314999999998,43.066326970027816,0.45205851925912693,-8.138442302141335e-05,-8.138773491326078e-05
2022-10-07,1351.5,1361.21,1316.22,1330.41,5119226.33,2022-10-07 23:59:59.999,6854336044.88562,2924493,2533778.101,3393432707.54931,0,2022-10-07,50.71040299906282,1325.154,28.85493105728941,0.18215257522413317,-0.015604883462819075,-0.01572792132965334
2022-10-08,1330.42,1337.19,1302.0,1314.74,2182988.071,2022-10-08 23:59:59.999,2887524977.80279,1380547,1030594.811,1363555138.68117,0,2022-10-08,49.733446082576556,1324.2075,28.871353289976028,-0.32792020190085913,-0.011778323975315974,-0.011848237955068203
2022-10-09,1314.75,1328.72,1306.41,1322.61,2303208.579,2022-10-09 23:59:59.999,3036627474.46765,1376556,1145920.584,1510922388.62104,0,2022-10-09,55.553830629511744,1321.5855,26.27550419677253,0.038990688526000974,0.005985974413191819,0.005968129645160783
2022-10-10,1322.6,1337.93,1284.38,1289.56,4968203.961,2022-10-10 23:59:59.999,6508981566.24311,2701991,2427065.27,3180651919.36785,0,2022-10-10,40.841852074564024,1319.9595000000002,27.232093001010117,-1.1163115519204716,-0.024988469768109978,-0.02530598217535347
2022-10-11,1289.57,1297.7,1265.0,1279.68,5514583.049,2022-10-11 23:59:59.999,7068866635.71179,2959172,2735735.701,3507357708.67276,0,2022-10-11,40.54602618697018,1321.734,22.836483829375926,-1.8415269318257876,-0.007661527963026105,-0.007691028243134654
2022-10-12,1279.67,1306.6,1274.35,1294.02,4405169.271,2022-10-12 23:59:59.999,5701823057.72268,2408056,2238274.891,2897357730.25999,0,2022-10-12,41.72875141397197,1320.1484999999998,23.63139799759903,-1.1056688225831786,0.011205926481620443,0.011143605233491357
2022-10-13,1294.02,1301.0,1176.0,1286.38,10523564.637,2022-10-13 23:59:59.999,13177563627.81076,5203186,5197762.907,6512260490.04396,0,2022-10-13,40.772924765607144,1318.1365,24.738511267697174,-1.2836867852054894,-0.005904081853448817,-0.005921579851784359
2022-10-14,1286.38,1343.36,1282.74,1295.35,7171699.686,2022-10-14 23:59:59.999,9450587003.03056,3756235,3632699.045,4787981670.44125,0,2022-10-14,43.865622517307884,1317.0945,25.258250653158264,-0.8608870146468797,0.006973056173136927,0.00694885684731782
2022-10-15,1295.34,1301.32,1262.12,1274.13,3049822.11,2022-10-15 23:59:59.999,3917050344.33982,1692294,1472134.911,1891282283.29759,0,2022-10-15,43.091273970566384,1316.1015,26.570675025691912,-1.5796173774063507,-0.01638167290693615,-0.016517336144852863
2022-10-16,1274.12,1315.0,1273.98,1305.51,3282852.856,2022-10-16 23:59:59.999,4242204246.14907,1782879,1675271.023,2165213363.21525,0,2022-10-16,55.573158311644235,1314.6145000000001,26.27316631399866,-0.3465322714129494,0.024628570083115475,0.02433017626764266
2022-10-17,1305.52,1338.16,1295.0,1330.62,5154706.89,2022-10-17 23:59:59.999,6802174597.73257,2613961,2633202.832,3475525208.26373,0,2022-10-17,51.648261422882705,1314.786,26.370588361495738,0.6004416656520033,0.019233862628398102,0.019051229997724652
2022-10-18,1330.62,1342.0,1285.11,1309.93,6506270.391,2022-10-18 23:59:59.999,8569353674.81877,3082581,3155306.483,4156984719.99417,0,2022-10-18,38.76801981073666,1313.461,25.88716017855962,-0.13639966592103872,-0.015549142504997504,-0.015671298355005605
2022-10-19,1309.93,1312.78,1275.56,1284.45,4389238.836,2022-10-19 23:59:59.999,5694630433.42334,2318403,2156303.022,2798496552.79084,0,2022-10-19,36.15257731958758,1310.9435,26.149655583016873,-1.013149099264102,-0.019451421068301333,-0.01964308951267605
2022-10-20,1284.45,1310.0,1270.0,1282.2,5294962.986,2022-10-20 23:59:59.999,6829877558.46932,2458114,2634729.131,3399211058.95319,0,2022-10-20,35.83633093525174,1308.6644999999999,26.587620284139124,-0.9953692627311683,-0.0017517225271517223,-0.00175325858715383
2022-10-21,1282.19,1307.0,1248.0,1299.08,6030198.052,2022-10-21 23:59:59.999,7736955770.56057,2531304,3012196.285,3866605060.62933,0,2022-10-21,43.48459010938728,1308.053,26.664104414280867,-0.336519834328071,0.013164872874746436,0.013078969056370706
2022-10-22,1299.08,1320.0,1293.67,1313.19,2486638.762,2022-10-22 23:59:59.999,3251370186.83828,1229803,1290028.128,1686956156.75895,0,2022-10-22,49.67555574161679,1309.9144999999999,25.583340894436237,0.1280325354501505,0.010861532777042271,0.010802970002622746
2022-10-23,1313.18,1371.0,1298.22,1363.44,3682722.299,2022-10-23 23:59:59.999,4892526172.62552,1877507,1956239.487,2600452286.72296,0,2022-10-23,57.25866666666672,1311.9569999999999,28.150454815525304,1.8288514461800702,0.03826559751444947,0.03755162630483064
2022-10-24,1363.43,1370.4,1322.25,1342.72,5502275.006,2022-10-24 23:59:59.999,7394468406.05214,2838633,2725699.456,3663210986.43144,0,2022-10-24,59.88398036590813,1311.0565,26.761965012325472,1.1831530302583235,-0.015196855013788646,-0.015313510589158159
2022-10-25,1342.73,1533.68,1334.16,1459.2,11473585.177,2022-10-25 23:59:59.999,16344240230.08303,5230442,6016544.372,8567843739.83438,0,2022-10-25,73.90285470813811,1316.4360000000001,41.88391380702872,3.408563981335528,0.0867492850333651,0.08319093299224396
2022-10-26,1459.19,1595.0,1456.69,1565.45,10817326.89,2022-10-26 23:59:59.999,16625093320.88943,5662698,5540331.809,8513957833.13441,0,2022-10-26,79.03429390496979,1327.1335000000001,69.5174118496099,3.428155531963137,0.0728138706140351,0.07028498225860429
2022-10-27,1565.45,1588.0,1500.46,1513.7,8021549.342,2022-10-27 23:59:59.999,12406744072.25012,4785262,3952135.199,6115584103.92462,0,2022-10-27,72.21918129569538,1336.2980000000002,81.09036633031116,2.1877074679546475,-0.03305758727522434,-0.03361633781015168
2022-10-28,1513.7,1574.8,1475.0,1553.79,7430625.343,2022-10-28 23:59:59.999,11324631030.27013,4495171,3688355.724,5623942601.86903,0,2022-10-28,73.81233184682861,1348.2505,94.28905174350471,2.1798872318615596,0.02648477241197056,0.026140122892362956
2022-10-29,1553.8,1665.0,1546.71,1618.82,7454042.474,2022-10-29 23:59:59.999,12038906676.54819,4313716,3807711.978,6150206109.45155,0,2022-10-29,79.38683990655959,1363.0610000000001,111.70484633035976,2.2895962744857936,0.041852502590440155,0.04100038109524647
2022-10-30,1618.82,1639.87,1574.6,1589.89,3955450.865,2022-10-30 23:59:59.999,6332682157.97092,2602199,1946241.243,3116692445.7597,0,2022-10-30,74.346768946269,1378.0775,121.09599801616639,1.749128819035976,-0.01787104187000399,-0.01803265732500076
2022-10-31,1589.88,1634.93,1543.72,1572.01,7113753.83,2022-10-31 23:59:59.999,11265423901.76959,4079724,3530553.392,5592283789.6832,0,2022-10-31,70.92529343435221,1392.694,126.13181890806806,1.4216555469694414,-0.011246061048248657,-0.01130977613905428
2022-11-01,1572.0,1613.0,1562.7,1577.88,4495232.885,2022-11-01 23:59:59.999,7122535302.01501,3071638,2249236.315,3564519639.10474,0,2022-11-01,73.8402405822375,1406.8870000000002,130.34447284429694,1.3118546284985917,0.003734072938467392,0.003727118594753946
2022-11-02,1577.88,1622.5,1501.0,1517.26,8956953.565,2022-11-02 23:59:59.999,13993599315.82898,5212982,4392334.452,6866095540.91832,0,2022-11-02,69.4947329637755,1418.431,129.33004164785768,0.7641612013788215,-0.03841863766572873,-0.039176097320940226
2022-11-03,1517.26,1558.14,1514.07,1530.27,4820992.806,2022-11-03 23:59:59.999,7425208238.02046,3015527,2444523.409,3765436134.74359,0,2022-11-03,70.40485630151183,1430.1770000000001,128.2264840080147,0.7805953721209701,0.00857466749271718,0.008538113839726249
2022-11-04,1530.27,1679.4,1527.78,1644.09,8773312.803,2022-11-04 23:59:59.999,14117291322.98787,4586447,4481140.268,7209795206.29364,0,2022-11-04,74.47539053078134,1448.675,131.18150906685605,1.4896535448483643,0.07437903115136546,0.07174284923763201
2022-11-05,1644.08,1666.8,1620.1,1626.11,3007552.195,2022-11-05 23:59:59.999,4936106420.27118,1907449,1480644.817,2430315278.27874,0,2022-11-05,72.07766551899304,1464.705,132.349402420478,1.2195370515328168,-0.010936140965518981,-0.010996380147187033
2022-11-06,1626.11,1638.5,1561.32,1567.42,3810965.466,2022-11-06 23:59:59.999,6138703520.86827,2312804,1834766.044,2956936337.99533,0,2022-11-06,64.22216644355198,1476.545,130.299007165926,0.6974343241485909,-0.03609226928067588,-0.03675970397401443
2022-11-07,1567.42,1608.0,1544.94,1567.52,6311427.259,2022-11-07 23:59:59.999,9948551937.36538,3586921,3103693.022,4893503762.73461,0,2022-11-07,66.137832017229,1489.4244999999999,125.60947334687245,0.621732564584028,6.379910936438193e-05,6.379707428776101e-05
2022-11-08,1567.52,1580.54,1195.22,1333.4,20492980.873,2022-11-08 23:59:59.999,29374837585.47329,11443830,10026124.246,14378375941.81149,0,2022-11-08,42.27405605915445,1491.8719999999998,121.82523071145692,-1.3008142818571031,-0.14935694600387872,-0.1617626814123725
2022-11-09,1333.4,1336.47,1071.14,1101.49,23279890.038,2022-11-09 23:59:59.999,27924782502.31694,13408573,11549303.873,13855130136.52978,0,2022-11-09,25.316024686103418,1482.8365000000001,143.04752670926035,-2.665872726167961,-0.17392380380980954,-0.19106826251205022
2022-11-10,1101.53,1350.0,1083.77,1298.21,15328692.985,2022-11-10 23:59:59.999,18981639356.49054,9604316,7820354.243,9683609293.72743,0,2022-11-10,40.0674797422495,1482.7930000000001,143.10646725245738,-1.2898298975850826,0.17859444933680746,0.16432258387113874
2022-11-11,1298.3,1309.88,1199.57,1288.64,11730741.022,2022-11-11 23:59:59.999,14813683425.71741,7390176,5852947.505,7393285036.51492,0,2022-11-11,37.42470950912972,1481.5655000000002,144.7338452207133,-1.3329674182690054,-0.007371688709838842,-0.0073989938799587296
2022-11-12,1288.67,1291.69,1238.0,1256.82,4582467.37,2022-11-12 23:59:59.999,5792014547.78374,3161772,2276118.45,2877235602.48062,0,2022-11-12,32.27297657290606,1476.2345,151.13576118929677,-1.4517708997090673,-0.024692699279861063,-0.02500267741735966
2022-11-13,1256.85,1273.91,1200.0,1220.78,4739475.303,2022-11-13 23:59:59.999,5856567989.37609,3003417,2318407.41,2865319568.39051,0,2022-11-13,32.049798181199236,1470.1375,159.0573811677797,-1.5677203922838916,-0.0286755462198246,-0.029094722549604046
2022-11-14,1220.78,1290.0,1170.5,1242.89,9479256.426,2022-11-14 23:59:59.999,11685915959.46197,5588526,4764811.905,5877433569.43691,0,2022-11-14,34.060132896801576,1459.3220000000001,166.99638447395628,-1.2960280588215574,0.01811137141827368,0.01794931432339981
2022-11-15,1242.9,1292.0,1232.52,1252.81,6157353.578,2022-11-15 23:59:59.999,7759799922.32057,3940272,3087344.237,3891196141.63842,0,2022-11-15,34.317802456509355,1443.69,171.12090545639228,-1.1154686184654579,0.007981398192921318,0.007949715305207347
2022-11-16,1252.8,1268.2,1185.59,1215.78,6410929.265,2022-11-16 23:59:59.999,7840175274.84689,3915394,3134108.746,3833701588.94308,0,2022-11-16,35.11709648118162,1428.794,177.55187130586816,-1.1997282733958994,-0.029557554617220427,-0.030003182219439897
2022-11-17,1215.72,1228.92,1181.0,1199.7,5819726.225,2022-11-17 23:59:59.999,6998582017.23369,3619109,2878296.069,3462099420.28504,0,2022-11-17,33.730350129440595,1411.0894999999998,182.0294579247367,-1.1612928061753747,-0.013226077086314847,-0.013314320584410351
2022-11-18,1199.7,1235.0,1198.48,1212.04,3844518.715,2022-11-18 23:59:59.999,4667089419.93724,2484972,1939993.116,2355557720.84912,0,2022-11-18,26.375993788480244,1390.7504999999999,180.31478205088376,-0.9911028811246816,0.010285904809535618,0.010233364864110393
2022-11-19,1212.05,1233.66,1196.0,1216.91,2150246.728,2022-11-19 23:59:59.999,2603491616.74213,1350546,1092934.21,1323711674.36483,0,2022-11-19,27.29996005858075,1372.1015,177.90643118091998,-0.8723209103226832,0.004018019207286949,0.004009968526100964
2022-11-20,1216.9,1226.5,1131.6,1141.57,5200695.873,2022-11-20 23:59:59.999,6120393596.02878,2806311,2518366.014,2963770966.57615,0,2022-11-20,26.804797542403335,1350.5795,178.4849545915046,-1.1710202715873532,-0.061910905490135004,-0.06391035100056126
2022-11-21,1141.53,1147.03,1077.32,1106.95,9738564.67,2022-11-21 23:59:59.999,10872443056.73908,4907670,4816178.072,5378291309.65157,0,2022-11-21,25.822843284443934,1327.033,177.98311037849953,-1.2365386779227003,-0.03032665539563928,-0.03079602234029858
2022-11-22,1106.94,1142.96,1071.52,1139.11,7509599.62,2022-11-22 23:59:59.999,8331237863.26098,4024461,3861298.612,4286148633.50395,0,2022-11-22,37.056480087404886,1308.1255,176.7931642068446,-0.9560069856674737,0.029052802746284634,0.028638770157602047
2022-11-23,1139.11,1190.0,1127.01,1183.83,6642657.893,2022-11-23 23:59:59.999,7724547462.35971,3667096,3396348.221,3950429484.48161,0,2022-11-23,57.30819753612383,1290.8035,170.75078701446097,-0.6264890597016131,0.039258719526648056,0.038507689326283505
2022-11-24,1183.84,1216.71,1179.72,1202.92,5188015.378,2022-11-24 23:59:59.999,6220071901.35329,2693497,2613275.423,3133579978.45148,0,2022-11-24,37.64745534209641,1268.7450000000001,149.93707524019584,-0.4390175004717804,0.016125626145645944,0.015996989293680923
2022-11-25,1202.93,1209.27,1170.99,1198.55,4268310.488,2022-11-25 23:59:59.999,5071643622.45446,2312222,2135587.819,2537980930.45949,0,2022-11-25,38.1619405534677,1247.367,124.65080091791994,-0.3916300548453357,-0.003632826788148913,-0.0036394415283815523
2022-11-26,1198.55,1238.0,1195.08,1204.84,3881430.501,2022-11-26 23:59:59.999,4716635434.54015,2157592,1975916.498,2401940645.63018,0,2022-11-26,42.678460758352585,1229.2379999999998,99.47759105502355,-0.24526126679630555,0.005248008009678395,0.005234285206293096
2022-11-27,1205.0,1222.91,1186.58,1193.26,2990387.752,2022-11-27 23:59:59.999,3624416287.45259,1581438,1511395.499,1832405952.69765,0,2022-11-27,45.83686312477309,1210.525,59.769825559170606,-0.2888581293065376,-0.009611234686763281,-0.009657720701325364
2022-11-28,1193.25,1198.8,1150.25,1167.21,5581193.574,2022-11-28 23:59:59.999,6533252497.45609,2852119,2745705.89,3214379997.88155,0,2022-11-28,38.68624050708603,1202.2155,52.951406072032405,-0.6610872608818031,-0.02183095050533823,-0.022072771640517148
2022-11-29,1167.2,1228.75,1156.06,1215.74,5916426.621,2022-11-29 23:59:59.999,7132437233.9672,2955645,3097270.758,3734557965.22839,0,2022-11-29,45.03176347602328,1207.9279999999999,47.38299124108389,0.16486928738316237,0.04157777949126551,0.04073665919091437
2022-11-30,1215.75,1312.99,1211.53,1294.02,6987495.376,2022-11-30 23:59:59.999,8899047729.23707,3762871,3651027.016,4649894502.08943,0,2022-11-30,59.44197721567871,1207.7185,46.97027304868923,1.837364239090971,0.06438876733512089,0.06240070701716092
2022-12-01,1294.09,1300.51,1262.0,1275.7,4742584.148,2022-12-01 23:59:59.999,6068049140.14661,2764695,2351741.9,3009491134.82501,0,2022-12-01,59.122335317841376,1207.0715,45.87325069379529,1.4960461480721392,-0.014157431878950799,-0.014258604347700442
2022-12-02,1275.7,1297.24,1264.43,1295.0,4241223.544,2022-12-02 23:59:59.999,5429934958.52178,2390853,2135986.233,2735410745.88492,0,2022-12-02,59.794106535700806,1208.9805000000001,48.75630577036865,1.7642743567392614,0.015128948812416665,0.015015647589393728
2022-12-03,1294.99,1312.0,1235.17,1239.76,3733284.723,2022-12-03 23:59:59.999,4739114178.11653,2400157,1751686.93,2225012951.47665,0,2022-12-03,52.41089704361771,1209.9295,49.1809264992136,0.6065461170292719,-0.042656370656370624,-0.04359288265455858
2022-12-04,1239.76,1287.99,1239.13,1278.82,3873239.959,2022-12-04 23:59:59.999,4893240341.17784,2354053,2016431.869,2547914198.67652,0,2022-12-04,65.68177144032359,1211.7259999999999,51.068305795741495,1.3138090045194903,0.03150609795444281,0.03101996524649194
2022-12-05,1278.82,1304.98,1246.0,1258.66,5401461.11,2022-12-05 23:59:59.999,6905572840.95312,2996293,2631923.02,3365850144.6756,0,2022-12-05,67.92626728110602,1212.0185000000001,51.33207648813953,0.9086228960711661,-0.01576453292879365,-0.01589011475248632
2022-12-06,1258.67,1274.42,1240.55,1270.72,4094634.401,2022-12-06 23:59:59.999,5143559417.12193,2226722,2022880.189,2541555119.29271,0,2022-12-06,66.3267584666915,1214.7655,52.987315510462096,1.0559980150145953,0.00958161854670836,0.009536005969801564
2022-12-07,1270.72,1278.3,1217.02,1230.83,4598453.506,2022-12-07 23:59:59.999,5688885187.00896,2406920,2199880.564,2721937597.85728,0,2022-12-07,55.901260609713226,1216.3220000000001,52.97869557915157,0.27384592695991306,-0.031391651976832136,-0.031894930401410386
2022-12-08,1230.78,1294.31,1221.0,1279.73,5403214.246,2022-12-08 23:59:59.999,6769034561.56288,2696895,2837007.351,3555849049.45596,0,2022-12-08,58.97250192743499,1219.7065,54.820877532435624,1.0949022106493311,0.039729288366386895,0.038960379621742994
2022-12-09,1279.72,1297.63,1254.0,1262.31,4410565.839,2022-12-09 23:59:59.999,5628848627.17139,2331932,2209128.029,2820550641.30392,0,2022-12-09,57.227713793416164,1221.9765,55.63292448820674,0.7249933446973472,-0.013612246333211009,-0.013705742388725798
2022-12-10,1262.31,1283.92,1258.58,1265.88,2219440.107,2022-12-10 23:59:59.999,2815529332.16199,1242237,1131597.831,1435768369.10462,0,2022-12-10,56.96231407975183,1228.192,53.061576305319505,0.7102691368070387,0.002828148394609986,0.002824156707224137
2022-12-11,1265.87,1284.9,1255.0,1262.43,2427305.929,2022-12-11 23:59:59.999,3084127004.0478,1281968,1206309.656,1533030401.26589,0,2022-12-11,58.03872347349093,1235.966,45.16577842856104,0.585930341970269,-0.002725376812968139,-0.0027290974139183815
2022-12-12,1262.43,1278.83,1238.5,1274.88,4101114.474,2022-12-12 23:59:59.999,5144565033.61437,2168033,2066221.961,2592897815.14392,0,2022-12-12,62.921537095264384,1242.7545,39.71645774148985,0.8088712293805638,0.009861932938856066,0.00981362144832467
2022-12-13,1274.89,1350.0,1254.32,1321.06,7377534.339,2022-12-13 23:59:59.999,9619436612.69286,3742605,3805979.738,4963166628.10635,0,2022-12-13,62.711209809790475,1249.616,40.83896119619324,1.749407867080114,0.03622301706827291,0.03558238811099836
2022-12-14,1321.05,1354.4,1300.17,1307.76,5647195.942,2022-12-14 23:59:59.999,7479465702.91782,2974134,2791146.981,3698031916.4213,0,2022-12-14,51.96679072430575,1254.858,41.256088112192806,1.282283474287166,-0.01006767292931432,-0.010118694684169956
2022-12-15,1307.76,1311.86,1256.1,1266.26,4199459.837,2022-12-15 23:59:59.999,5374816224.59595,2290137,2008911.157,2571360577.92296,0,2022-12-15,48.732817869415804,1258.2435,39.114820084826974,0.20494789398531915,-0.03173365143451401,-0.03224807607659372
2022-12-16,1266.26,1279.76,1154.7,1166.2,7218530.189,2022-12-16 23:59:59.999,8739897084.46596,3590335,3469037.011,4200309911.83771,0,2022-12-16,35.79119230429795,1256.3115,42.682939680182166,-2.111183078653766,-0.07902010645523028,-0.08231707407830319
2022-12-17,1166.19,1190.0,1161.07,1186.45,3336484.36,2022-12-17 23:59:59.999,3926389487.824,1835780,1682223.405,1980010577.86437,0,2022-12-17,43.62701733413031,1255.971,43.23598171363834,-1.6079431354294955,0.017364088492539898,0.017215055449710952
2022-12-18,1186.44,1196.0,1171.12,1182.45,2877052.211,2022-12-18 23:59:59.999,3402889257.43771,1495561,1425793.508,1686634546.97418,0,2022-12-18,37.425298154962306,1256.733,41.6961828494618,-1.7815299848474913,-0.0033714020818408352,-0.0033770980637396657
2022-12-19,1182.45,1194.86,1148.0,1167.21,4295030.572,2022-12-19 23:59:59.999,5053649056.7304,2135385,2123722.244,2499410422.90265,0,2022-12-19,37.91207338673434,1254.3065000000001,45.45040388628335,-1.9162976025012903,-0.0128884942280858,-0.012972271490157493
2022-12-20,1167.21,1232.0,1162.5,1216.21,5778341.186,2022-12-20 23:59:59.999,6963536310.44835,2751419,3021118.48,3640819048.05974,0,2022-12-20,43.43585173767492,1250.416,45.201598993665904,-0.7567431409847512,0.04198044910513099,0.04112318030018995
2022-12-21,1216.22,1226.0,1202.06,1213.21,2943786.951,2022-12-21 23:59:59.999,3566753016.5772,1517384,1472265.724,1784099478.9089,0,2022-12-21,47.67128356946502,1247.2915,45.5205345537359,-0.7487060583563142,-0.0024666792741384613,-0.0024697265395749422
2022-12-22,1213.21,1239.99,1182.0,1217.39,4400633.138,2022-12-22 23:59:59.999,5306923844.99218,2102079,2207708.168,2663189896.2155,0,2022-12-22,40.656474820143906,1243.411,44.53685368090912,-0.5842577068068451,0.003445405164810733,0.003439483354561413
2022-12-23,1217.38,1234.25,1208.33,1219.5,3311152.464,2022-12-23 23:59:59.999,4040440150.9293,1660634,1668358.271,2036079853.8974,0,2022-12-23,43.27500078544724,1242.3980000000001,44.853550067853554,-0.5105058566236229,0.0017332161427314752,0.0017317158569289906
2022-12-24,1219.5,1229.0,1214.0,1219.96,1200985.985,2022-12-24 23:59:59.999,1464144965.51859,701605,613728.674,748316153.70053,0,2022-12-24,42.71527381179007,1239.4550000000002,44.265143052733066,-0.4404142549991474,0.0003772037720377597,0.0003771326485797356
2022-12-25,1219.96,1225.0,1187.54,1217.96,2475907.604,2022-12-25 23:59:59.999,3000167697.41548,1318448,1218401.624,1476926841.58611,0,2022-12-25,42.91269563000031,1237.42,44.27131267899145,-0.4395622994308593,-0.0016393980130495756,-0.0016407432964765326
2022-12-26,1217.97,1231.49,1210.0,1227.57,1928492.812,2022-12-26 23:59:59.999,2350576564.38967,1037352,988642.171,1205281269.4926,0,2022-12-26,42.39119945961591,1235.2625,43.60955338062835,-0.17639483561914138,0.007890242700909544,0.007859277511228077
2022-12-27,1227.57,1233.97,1200.0,1211.29,3078179.63,2022-12-27 23:59:59.999,3740892959.73712,1503421,1508405.177,1833438084.57402,0,2022-12-27,30.46727641553079,1234.2855,43.93177299733592,-0.5234366480359095,-0.01326197284065267,-0.01335069812379181
2022-12-28,1211.29,1215.42,1177.5,1189.93,4121050.599,2022-12-28 23:59:59.999,4927046581.26896,1921535,2003982.696,2396417438.4265,0,2022-12-28,29.61771319840858,1229.7955,43.63063789242581,-0.9137042666735903,-0.01763409257898596,-0.017791425549522812
2022-12-29,1189.94,1207.97,1186.24,1200.35,3022857.135,2022-12-29 23:59:59.999,3619014162.58405,1413010,1547702.306,1853209561.774,0,2022-12-29,37.22525875101753,1226.6975,43.399558192694066,-0.607091433581355,0.008756817627927571,0.008718699070313186
2022-12-30,1200.36,1203.0,1180.0,1199.66,2868990.449,2022-12-30 23:59:59.999,3423709126.11584,1277631,1433870.767,1711446695.83057,0,2022-12-30,60.54854981084494,1223.3865,42.77444826006082,-0.5546886275597807,-0.0005748323405672107,-0.000574997620018776
2022-12-31,1199.67,1209.0,1190.26,1196.1,1688387.94,2022-12-31 23:59:59.999,2024981394.9103,826320,852319.415,1022340272.94592,0,2022-12-31,53.40004228031847,1220.0700000000002,42.15484600980674,-0.5686178996935244,-0.0029675074604472718,-0.0029719192408671716
2023-01-01,1196.1,1204.79,1190.8,1199.96,1381763.488,2023-01-01 23:59:59.999,1654443731.79587,683700,696726.069,834314029.48659,0,2023-01-01,56.17549552091417,1216.324,40.316651568421086,-0.40588688205489515,0.003227154920157238,0.0032219588317714755
2023-01-02,1199.96,1225.0,1191.5,1213.23,2831791.319,2023-01-02 23:59:59.999,3431524206.10823,1194079,1453605.056,1761689074.40266,0,2023-01-02,66.45922746781119,1210.9325,31.905941679865077,0.07200853129653946,0.011058701956731865,0.010998001613590859
2023-01-03,1213.24,1219.5,1203.05,1214.23,2418195.012,2023-01-03 23:59:59.999,2931903414.03335,1012410,1209897.596,1467071952.79021,0,2023-01-03,48.92156862745097,1206.2559999999999,22.40736354544874,0.35586515940737684,0.0008242460209524349,0.0008239065167447601
2023-01-04,1214.22,1275.0,1212.16,1256.39,5329817.195,2023-01-04 23:59:59.999,6655447772.02725,2182199,2822003.988,3523606971.10619,0,2023-01-04,66.48594990836901,1205.7625,21.086009299134098,2.400999605083124,0.03472159310838974,0.03413239836664363
2023-01-05,1256.39,1260.0,1242.22,1251.08,2662864.999,2023-01-05 23:59:59.999,3329922187.67573,1160417,1342721.594,1679168373.54689,0,2023-01-05,62.75266863502152,1210.0065,21.245469678201378,1.9332827479047388,-0.004226394670444833,-0.004235351120971275
2023-01-06,1251.08,1277.77,1233.0,1268.54,4156167.363,2023-01-06 23:59:59.999,5216519703.013,1805807,2139105.168,2685976789.91665,0,2023-01-06,66.63049376017361,1214.111,24.181716864846013,2.2508327388087817,0.013955942066054883,0.013859454586029383
2023-01-07,1268.54,1270.66,1260.53,1263.65,1186947.058,2023-01-07 23:59:59.999,1500580014.03508,625140,591543.268,747865787.06989,0,2023-01-07,64.38401264239155,1218.1709999999998,25.37339549513671,1.7923891979186302,-0.0038548252321565224,-0.003862274220135061
2023-01-08,1263.64,1296.0,1256.3,1289.65,2415068.332,2023-01-08 23:59:59.999,3068138464.86221,1138729,1269003.375,1613080261.70105,0,2023-01-08,70.3815318132712,1224.2930000000001,27.14000835831584,2.408142220780645,0.020575317532544712,0.02036650508382667
2023-01-09,1289.64,1345.0,1284.81,1320.32,6326600.832,2023-01-09 23:59:59.999,8343049682.27575,2548577,3241923.976,4275472933.06937,0,2023-01-09,73.54897679378462,1229.4985000000001,34.49555749818364,2.6328462731695805,0.02378164618307288,0.023503267729913017
2023-01-10,1320.32,1348.7,1316.74,1335.3,3653151.641,2023-01-10 23:59:59.999,4864320674.8589,1599802,1855394.54,2470737491.55366,0,2023-01-10,81.69503654858664,1235.6029999999998,41.544060326673296,2.399789505793439,0.011345734367426141,0.01128185424708608
2023-01-11,1335.29,1400.0,1319.52,1389.26,4603732.161,2023-01-11 23:59:59.999,6190290564.99127,2010343,2413387.859,3247906088.92634,0,2023-01-11,93.66866757218594,1244.1965,53.60384189643341,2.706214608278888,0.04041039466786489,0.039615245572692484
2023-01-12,1389.25,1439.36,1358.0,1415.84,8272496.444,2023-01-12 23:59:59.999,11611529579.13658,3699395,4192682.871,5886789334.43772,0,2023-01-12,94.08731944842259,1254.0135,65.5013738928221,2.4705817661899987,0.019132487799260023,0.018951763256429215
2023-01-13,1415.85,1465.49,1400.7,1450.94,5096738.5,2023-01-13 23:59:59.999,7246536108.50026,2499674,2577867.475,3666291273.27522,0,2023-01-13,95.06456241032991,1265.5625,78.294648326588,2.3676905633031358,0.024790936829020227,0.024488627717623345
2023-01-14,1450.95,1644.92,1448.7,1550.27,7348877.264,2023-01-14 23:59:59.999,11302279848.04887,4120583,3777114.583,5807378137.32412,0,2023-01-14,97.27687748618415,1282.178,99.93204346746865,2.6827430991869305,0.06845906791459333,0.06621748705508153
2023-01-15,1550.27,1570.0,1516.02,1553.47,3651240.364,2023-01-15 23:59:59.999,5624513802.85479,2064815,1819133.995,2802725899.16117,0,2023-01-15,97.27207081918108,1298.4730000000002,115.86031245019876,2.2009003308152426,0.0020641565662755657,0.0020620291221926028
2023-01-16,1553.48,1610.5,1520.0,1577.11,5395191.668,2023-01-16 23:59:59.999,8433001908.55222,3010479,2688587.988,4203661138.46638,0,2023-01-16,97.34568543770166,1316.764,129.45129477917553,2.0111502201975746,0.015217545237436125,0.015102919811485213
2023-01-17,1577.25,1609.0,1540.0,1565.84,4580613.258,2023-01-17 23:59:59.999,7212262387.95917,2767898,2285186.699,3598840833.72994,0,2023-01-17,94.55835762260803,1335.5594999999998,137.12876977404045,1.6793011443146044,-0.007145982207962698,-0.007171637031154409
2023-01-18,1565.83,1614.6,1501.21,1511.66,6932415.112,2023-01-18 23:59:59.999,10794454438.88289,4050516,3406219.17,5305252337.16218,0,2023-01-18,81.39311803625455,1351.125,138.63351381479333,1.1579811806145657,-0.03460123639707746,-0.035214036466195316
2023-01-19,1511.6,1565.0,1509.87,1551.11,3660939.013,2023-01-19 23:59:59.999,5615305826.41623,2102315,1846241.976,2832334946.11443,0,2023-01-19,84.03939098273246,1368.6975,140.6829714707753,1.2966210344646671,0.02609713824537252,0.025762418919436262
2023-01-20,1551.11,1680.0,1541.6,1659.01,5324812.863,2023-01-20 23:59:59.999,8486281244.20332,2909709,2782862.799,4437410946.92665,0,2023-01-20,86.75703661865768,1391.843,148.64642577537575,1.7973321498071155,0.06956308707957537,0.06725023525231533
2023-01-21,1659.01,1682.44,1615.3,1627.63,4643566.522,2023-01-21 23:59:59.999,7675267204.16943,2631057,2274266.486,3760035686.09194,0,2023-01-21,82.63575066351055,1413.2265,150.34185260600182,1.4261065450742016,-0.01891489502775745,-0.019096069894971625
2023-01-22,1627.63,1666.0,1603.39,1628.14,3827578.409,2023-01-22 23:59:59.999,6244645504.84663,2167269,1886595.374,3078696030.06833,0,2023-01-22,81.8040026308372,1433.9720000000002,149.91795603983743,1.295161734651745,0.0003133390266829572,0.00031328994626240905
2023-01-23,1628.13,1650.0,1585.21,1626.9,3969684.229,2023-01-23 23:59:59.999,6458881282.47335,2354013,1957573.999,3185607853.23564,0,2023-01-23,80.49212285168687,1454.6055000000001,146.44063239255354,1.176548456429372,-0.0007616052673603546,-0.0007618954359906494
2023-01-24,1626.9,1641.89,1530.0,1555.99,4505754.932,2023-01-24 23:59:59.999,7238645481.42649,2537854,2117202.601,3402852795.37741,0,2023-01-24,69.75208090933502,1469.5855000000001,140.29175274838926,0.6158915139863196,-0.0435859610301802,-0.04456436453265791
2023-01-25,1556.0,1641.18,1512.3,1611.41,6003304.445,2023-01-25 23:59:59.999,9396221038.91902,3278455,3003407.716,4702408779.98788,0,2023-01-25,69.83092606809379,1487.602,133.73803767855233,0.9257500868793977,0.03561719548326159,0.03499757312516354
2023-01-26,1611.44,1633.0,1575.66,1600.69,4235877.329,2023-01-26 23:59:59.999,6803196691.7946,2450011,2067946.278,3322011304.81845,0,2023-01-26,66.9820854386771,1504.2095,125.47089125519513,0.7689472756176452,-0.0066525589390658,-0.006674785841313441
2023-01-27,1600.69,1621.46,1551.1,1597.08,4349734.136,2023-01-27 23:59:59.999,6892435836.78376,2546198,2154937.244,3415179659.40039,0,2023-01-27,64.25033153912162,1520.881,113.39572649983596,0.6719741770877942,-0.002255277411616352,-0.002257824379851878
2023-01-28,1597.08,1606.66,1555.0,1571.52,2478890.254,2023-01-28 23:59:59.999,3918631425.95445,1619661,1188205.481,1878967875.33539,0,2023-01-28,52.42032848128659,1534.9745,99.85179098493555,0.36599744120276717,-0.016004207679014115,-0.016133658035585214
2023-01-29,1571.52,1663.68,1565.98,1645.67,5099573.535,2023-01-29 23:59:59.999,8242123689.74398,2975062,2606876.967,4212998534.13364,0,2023-01-29,59.04027924853905,1551.242,88.94751004475833,1.0616148777237722,0.04718361840765639,0.04610429225939396
2023-01-30,1645.67,1648.49,1529.04,1565.92,5031935.997,2023-01-30 23:59:59.999,7994874441.45608,3086645,2388900.048,3796024986.49549,0,2023-01-30,49.011571415952666,1562.7730000000001,72.99846733073268,0.04311049416615674,-0.048460505447629254,-0.04967408543276428
2023-01-31,1565.93,1605.67,1561.04,1585.02,3444437.709,2023-01-31 23:59:59.999,5443354538.36838,2195132,1732630.659,2738495060.06986,0,2023-01-31,51.67108106224298,1572.561,60.575667070673525,0.20567664546663872,0.012197302544191269,0.012123514850791542
2023-02-01,1585.02,1648.76,1554.57,1641.8,5095996.279,2023-02-01 23:59:59.999,8138789577.81239,3162655,2548316.355,4071995659.57216,0,2023-02-01,61.28746877601997,1583.859,49.94654436183388,1.1600602352036797,0.03582289182470877,0.0351961753858648
2023-02-02,1641.81,1717.0,1625.0,1643.81,6256821.466,2023-02-02 23:59:59.999,10469433177.5439,3654614,3108312.237,5203117965.14467,0,2023-02-02,58.5986197684773,1593.5025,40.69476144683661,1.236215626075639,0.0012242660494579116,0.001223517246871396
2023-02-03,1643.82,1677.0,1622.0,1663.68,4613666.206,2023-02-03 23:59:59.999,7613169004.81489,2904948,2287902.73,3776339207.8914,0,2023-02-03,50.51772687967008,1599.173,42.22617647862999,1.527654298338995,0.012087771701108974,0.012015298034313731
2023-02-04,1663.69,1696.99,1645.0,1666.44,2708043.817,2023-02-04 23:59:59.999,4528626441.07317,1831492,1367238.131,2287344449.57744,0,2023-02-04,54.59409550415492,1604.8215,43.33220733326215,1.4220023348014674,0.001658972879399867,0.0016575983039381966
2023-02-05,1666.44,1674.59,1608.0,1628.98,3600230.231,2023-02-05 23:59:59.999,5915689068.44671,2324955,1727896.863,2839629120.96724,0,2023-02-05,50.09143553794573,1607.4150000000002,43.13815303617917,0.4999055008663366,-0.022479057151772674,-0.022735562443453837
2023-02-06,1628.98,1659.0,1602.0,1613.9,3905639.202,2023-02-06 23:59:59.999,6376859033.52747,2440312,1915767.973,3128960350.08637,0,2023-02-06,48.626315567014665,1609.818,42.02454866540157,0.09713370231530365,-0.009257326670677357,-0.0093004420140586
2023-02-07,1613.89,1679.03,1612.49,1670.51,4525016.709,2023-02-07 23:59:59.999,7450540052.39308,2731721,2314004.443,3810904054.43785,0,2023-02-07,62.47820781032077,1617.7605,37.234711376888214,1.4166754098365806,0.035076522708965774,0.034475358968784134
2023-02-08,1670.5,1699.0,1631.0,1650.26,4145086.428,2023-02-08 23:59:59.999,6891130617.52701,2543360,2074246.657,3448715062.02282,0,2023-02-08,54.584503551957695,1622.718,34.385158303886286,0.800985115630166,-0.012122046560631206,-0.01219611777211458
2023-02-09,1650.26,1656.2,1522.0,1544.68,6604140.847,2023-02-09 23:59:59.999,10570920339.39659,3626250,3143730.666,5033680236.15775,0,2023-02-09,44.59957189964711,1617.0014999999999,37.40510509421998,-1.9334660287099492,-0.06397779743797938,-0.06611608209995656
2023-02-10,1544.67,1554.0,1486.28,1512.26,4905464.68,2023-02-10 23:59:59.999,7508443152.4602,2735743,2393818.084,3664994391.61801,0,2023-02-10,42.252183126895396,1611.2330000000002,43.995215541359734,-2.249630983327177,-0.020988165833700223,-0.021211548510079614
2023-02-11,1512.25,1542.82,1502.83,1537.65,2103873.253,2023-02-11 23:59:59.999,3199893749.52892,1406794,1069299.358,1626625693.64477,0,2023-02-11,46.90521006560554,1606.7085,46.73282969519586,-1.4777299053025048,0.016789440969145586,0.016650056269110102
2023-02-12,1537.64,1547.7,1491.0,1514.49,2649623.411,2023-02-12 23:59:59.999,4044008570.62891,1659390,1304587.872,1991302623.7797,0,2023-02-12,36.78207246785699,1601.0880000000002,50.76257672531873,-1.705941770225543,-0.015061945176080394,-0.015176528291247944
2023-02-13,1514.48,1526.1,1460.0,1504.85,5918159.268,2023-02-13 23:59:59.999,8822293928.12193,3211988,2934921.457,4375343981.69699,0,2023-02-13,42.83400999741849,1598.531,54.317343735962616,-1.7246977402905548,-0.006365179037167712,-0.006385523164545291
2023-02-14,1504.86,1568.98,1470.0,1554.94,6535322.162,2023-02-14 23:59:59.999,9982603577.18941,3480428,3272169.792,5000628433.12878,0,2023-02-14,46.709691533581285,1595.7075,55.075052321012826,-0.7402171814995421,0.03328570953915677,0.032743734218175925
2023-02-15,1554.94,1684.1,1541.77,1675.0,5965469.291,2023-02-15 23:59:59.999,9558331915.34157,3215608,3140493.948,5033314430.85102,0,2023-02-15,53.18997655559399,1599.423,57.86478923003158,1.306096522698053,0.07721198245591476,0.0743762055992639
2023-02-16,1674.99,1744.5,1634.02,1639.0,7811713.183,2023-02-16 23:59:59.999,13211292223.81743,4397301,3879480.323,6563258150.96354,0,2023-02-16,49.56617421577647,1601.5189999999998,58.53084107414229,0.6403632565696814,-0.021492537313432813,-0.0217268655153371
2023-02-17,1638.99,1722.62,1631.31,1694.12,5957429.029,2023-02-17 23:59:59.999,9986189969.91788,3544045,3011277.012,5048841870.65715,0,2023-02-17,52.58132356432955,1607.649,61.565025520767946,1.4045474564260587,0.03363026235509459,0.03307713221191593
2023-02-18,1694.1,1715.0,1679.13,1691.66,2188299.314,2023-02-18 23:59:59.999,3708739130.00816,1506786,1084049.141,1837572243.37414,0,2023-02-18,52.139754293083556,1609.9485,63.87541024900012,1.2792324883937507,-0.0014520813165536106,-0.0014531366083319164
2023-02-19,1691.65,1729.58,1666.0,1680.31,3595633.465,2023-02-19 23:59:59.999,6100181496.80222,2288950,1783381.344,3026690344.97585,0,2023-02-19,54.55691482750661,1615.668,64.83958785871936,0.9969526663378886,-0.006709386046841681,-0.0067319951630094126
2023-02-20,1680.46,1720.39,1650.0,1703.7,4212950.942,2023-02-20 23:59:59.999,7148997088.38648,2740431,2117811.544,3594474259.60275,0,2023-02-20,57.856243001119815,1621.602,67.27217181760228,1.220385752114493,0.013920050466878164,0.013824056367092302
2023-02-21,1703.71,1716.99,1635.0,1659.2,4978504.599,2023-02-21 23:59:59.999,8351819569.77419,3119701,2408456.154,4041373118.74736,0,2023-02-21,48.9891135303266,1622.472,67.65853480999976,0.5428435614684898,-0.026119621999178277,-0.026466798076233682
2023-02-22,1659.2,1667.62,1591.17,1642.01,5674489.615,2023-02-22 23:59:59.999,9245679948.95379,3474125,2747227.845,4477517502.69488,0,2023-02-22,49.258560258829874,1622.382,67.62984801965966,0.2902268831699011,-0.01036041465766635,-0.0104144573474512
2023-02-23,1642.01,1678.56,1627.64,1649.69,5209103.366,2023-02-23 23:59:59.999,8615177343.6624,3342766,2584468.444,4274890292.72009,0,2023-02-23,61.45272112553167,1621.6825000000001,67.25151008873256,0.41645904996105604,0.004677194414163255,0.004666290327505555
2023-02-24,1649.68,1664.44,1572.0,1607.12,5126530.811,2023-02-24 23:59:59.999,8303467975.32484,3257215,2462928.391,3990310874.63411,0,2023-02-24,60.1216389244558,1618.7165,66.47731550373645,-0.1744429646733901,-0.025804848183598184,-0.02614363420142327
2023-02-25,1607.11,1608.34,1556.08,1593.59,2522137.13,2023-02-25 23:59:59.999,4010474034.10132,1744332,1219753.937,1940029556.78972,0,2023-02-25,56.123834128826005,1616.947,66.66049687155255,-0.3503874272795527,-0.00841878640051763,-0.008454424543650179
2023-02-26,1593.6,1652.91,1586.35,1640.49,2823827.922,2023-02-26 23:59:59.999,4564751214.9919,1905728,1463578.15,2366504839.10643,0,2023-02-26,63.1118881118881,1618.2765000000002,66.86138538447052,0.33223212280550846,0.029430405562284045,0.02900564496980422
2023-02-27,1640.51,1664.97,1606.71,1632.6,4195083.677,2023-02-27 23:59:59.999,6870579195.6605,2647835,2056980.274,3369627146.00822,0,2023-02-27,63.34259394648339,1616.3809999999999,65.83209023124587,0.2463692090442243,-0.004809538613463116,-0.00482114166279219
2023-02-28,1632.61,1646.99,1595.0,1604.72,3664338.319,2023-02-28 23:59:59.999,5961137503.73183,2409659,1780116.811,2896881500.89221,0,2023-02-28,55.45211600806097,1614.104,65.38465765641416,-0.14351990721296456,-0.017077055004287578,-0.017224549500813414
2023-03-01,1604.73,1670.0,1593.03,1664.46,4455452.375,2023-03-01 23:59:59.999,7331741626.01347,2929631,2324066.979,3824859632.08268,0,2023-03-01,48.669863705199404,1620.093,64.16532438699723,0.6914482303932793,0.03722767834887075,0.036551459969269735
2023-03-02,1664.47,1677.74,1617.83,1647.29,3990138.366,2023-03-02 23:59:59.999,6548059757.19698,2583497,1956709.243,3211565215.18678,0,2023-03-02,51.09839149905928,1626.8445,59.1281632491226,0.3457827687604253,-0.010315657931100786,-0.010369233090872105
2023-03-03,1647.29,1648.78,1534.85,1568.86,5211938.594,2023-03-03 23:59:59.999,8180795615.35683,3256332,2483071.768,3896228813.60607,0,2023-03-03,34.36907257661977,1628.405,57.024691927953896,-1.0441967854071073,-0.04761153166716248,-0.0487822724510923
2023-03-04,1568.85,1577.0,1548.0,1566.05,1814800.844,2023-03-04 23:59:59.999,2838940116.034,1262240,893577.799,1397971725.81124,0,2023-03-04,34.339076877041634,1630.983,52.5973240364359,-1.2345304859049249,-0.0017911094680213013,-0.0017927154224978616
2023-03-05,1566.05,1588.08,1552.07,1564.06,2504148.446,2023-03-05 23:59:59.999,3930326242.67598,1545373,1253985.43,1968369953.72019,0,2023-03-05,35.15970076850411,1633.9434999999999,46.42875382612014,-1.5051771637403817,-0.0012707129401998696,-0.001271520980485432
2023-03-06,1564.06,1583.19,1553.29,1565.17,2751818.445,2023-03-06 23:59:59.999,4310268929.36937,1727768,1379447.304,2161091565.21384,0,2023-03-06,31.248815614932766,1634.4550000000002,45.56081135782491,-1.520714797106014,0.0007096914440622992,0.00070943973217422
2023-03-07,1565.17,1584.0,1524.0,1561.29,4147930.855,2023-03-07 23:59:59.999,6464685741.27135,2468263,2059565.549,3210818386.06566,0,2023-03-07,35.10965112388601,1628.7694999999999,47.296759149618225,-1.4267256618267596,-0.0024789639464084523,-0.0024820416649532573
2023-03-08,1561.3,1570.0,1520.0,1531.82,3963442.596,2023-03-08 23:59:59.999,6153983307.15385,2437977,1995556.344,3099241328.09991,0,2023-03-08,33.845477202756214,1623.4105,51.92243703989889,-1.7639869239885428,-0.0188754171230201,-0.019055831682932272
2023-03-09,1531.81,1545.78,1402.8,1436.42,6580693.11,2023-03-09 23:59:59.999,9821140426.08169,3481126,3121192.072,4661680475.67977,0,2023-03-09,25.130023089301986,1610.5255,64.01808917678255,-2.7196297521348507,-0.0622788578292488,-0.06430266397192472
2023-03-10,1436.42,1438.17,1367.51,1425.79,9938476.933,2023-03-10 23:59:59.999,13998824363.90489,4977789,4917910.563,6928053239.17433,0,2023-03-10,27.152685028853696,1597.232,73.22569800572366,-2.34128188148646,-0.007400342518205094,-0.0074278609005921
2023-03-11,1425.8,1478.0,1407.48,1471.03,7155608.693,2023-03-11 23:59:59.999,10335156488.57957,4150431,3622182.935,5232586413.22043,0,2023-03-11,35.70028468754377,1586.768,75.64221145424433,-1.5300716065131108,0.03172977787752762,0.03123678963053958
2023-03-12,1471.03,1597.29,1446.65,1579.26,6809861.012,2023-03-12 23:59:59.999,10289085088.51228,4139321,3544200.52,5357469286.14255,0,2023-03-12,43.75038275460836,1580.546,70.45795710921803,-0.018252019399407345,0.07357429828079654,0.0709935471953634
2023-03-13,1579.26,1700.0,1564.18,1673.9,9437876.215,2023-03-13 23:59:59.999,15324628550.22331,5874928,4800183.688,7795655975.59044,0,2023-03-13,53.58121466477057,1581.281,71.3921209643885,1.2973280349269907,0.059926801160037124,0.05819985023013537
2023-03-14,1673.91,1779.05,1655.0,1699.93,9038833.861,2023-03-14 23:59:59.999,15496848069.26033,6100882,4499611.749,7716090371.20928,0,2023-03-14,58.28244341214747,1584.1770000000001,75.0654806152895,1.5420270282852635,0.0155505107832008,0.015430840617370684
2023-03-15,1699.93,1718.34,1611.63,1649.81,7616093.701,2023-03-15 23:59:59.999,12666499395.59632,5456820,3762636.597,6257576939.22335,0,2023-03-15,48.70388392462178,1584.183,75.07099728014796,0.8741991231992676,-0.029483566970404773,-0.02992694397691514
2023-03-16,1649.82,1693.0,1632.0,1672.56,4599500.477,2023-03-16 23:59:59.999,7617308540.09723,3550128,2322352.389,3846757149.13228,0,2023-03-16,52.21383140889738,1587.455,77.50983180423107,1.0979897390946776,0.013789466665858452,0.013695257049342996
2023-03-17,1672.57,1801.22,1661.57,1789.21,6694758.759,2023-03-17 23:59:59.999,11584029077.18723,4937836,3449318.728,5969764530.49026,0,2023-03-17,68.09261844157976,1597.236,89.70765063896327,2.139995849101177,0.06974338738221664,0.06741879483479733
2023-03-18,1789.21,1846.15,1745.0,1758.52,5475097.503,2023-03-18 23:59:59.999,9841499219.83983,4078321,2708359.036,4869534335.415,0,2023-03-18,65.11156823642101,1603.1375,96.34009253819278,1.6128539625224105,-0.017152821636364668,-0.017301635454266738
2023-03-19,1758.52,1841.96,1757.8,1779.99,4626069.971,2023-03-19 23:59:59.999,8310885359.15003,3339465,2326380.05,4179667300.04792,0,2023-03-19,66.45030549587847,1610.507,104.04185200907406,1.6289886879870075,0.01220913040511351,0.012135200113918419
2023-03-20,1779.98,1803.37,1722.1,1731.71,5373050.445,2023-03-20 23:59:59.999,9477798166.4006,3921342,2631535.926,4642703408.4311,0,2023-03-20,61.83686814124067,1616.8564999999999,107.48801334765396,1.0685237955652194,-0.02712374788622407,-0.027498386679102677
2023-03-21,1731.71,1836.0,1716.0,1800.14,5619744.412,2023-03-21 23:59:59.999,10019890870.83099,4147413,2850791.044,5084624794.77109,0,2023-03-21,65.54952280509876,1623.6405,114.69090779708814,1.5389144910446093,0.03951585427121174,0.03875508002378019
2023-03-22,1800.13,1819.4,1709.0,1733.61,6034436.316,2023-03-22 23:59:59.999,10708921360.87074,4700861,2917610.677,5179083502.61749,0,2023-03-22,62.53213926393321,1627.9564999999998,117.22392365291026,0.9012963967392088,-0.03695823658159936,-0.0376585000886552
2023-03-23,1733.61,1860.0,1728.5,1813.27,5198586.173,2023-03-23 23:59:59.999,9324634529.86897,3888063,2659256.855,4770327501.35848,0,2023-03-23,73.87090644200921,1640.1770000000001,123.3201656408578,1.4036066129208278,0.04595035792363911,0.04492590555250274
2023-03-24,1813.26,1818.17,1720.0,1748.77,4912493.752,2023-03-24 23:59:59.999,8679521189.99405,4244423,2383431.683,4211262819.97184,0,2023-03-24,69.1515855885771,1649.313,124.30389319814131,0.8001117056041415,-0.03557109531399072,-0.03621916144652612
2023-03-25,1748.77,1763.7,1712.02,1741.02,2338463.552,2023-03-25 23:59:59.999,4073640165.89135,2328183,1136142.059,1979589840.69401,0,2023-03-25,66.75437181189727,1658.161,124.21417352385728,0.6670655823675834,-0.004431686270921831,-0.004441535301838941
2023-03-26,1741.02,1800.0,1738.29,1772.63,2889759.744,2023-03-26 23:59:59.999,5109438055.6122,2541762,1473365.71,2605395297.03452,0,2023-03-26,63.26068768772887,1668.534,124.7013063874683,0.8347627063068281,0.018156023480488503,0.01799317110010197
2023-03-27,1772.63,1779.79,1684.0,1714.35,4306582.468,2023-03-27 23:59:59.999,7455510896.43108,3461394,2079057.214,3599986897.38512,0,2023-03-27,52.91952363767591,1676.187,122.44963790109658,0.3116628244407266,-0.032877701494389844,-0.033430319441367345
2023-03-28,1714.34,1797.19,1700.55,1772.09,4167114.123,2023-03-28 23:59:59.999,7259377635.49757,3058865,2167891.129,3777447114.62036,0,2023-03-28,54.98026116003643,1688.2005000000001,119.285909013659,0.7032641214176764,0.03368040365152969,0.03312564093125785
2023-03-29,1772.11,1828.58,1771.66,1791.89,3725356.756,2023-03-29 23:59:59.999,6711651489.12707,2756300,1881124.519,3389610060.81713,0,2023-03-29,60.23424669375054,1705.9740000000002,105.4797510824967,0.8145260025576305,0.0111732474084274,0.011111287779259441
2023-03-30,1791.89,1829.88,1760.84,1792.77,4163974.718,2023-03-30 23:59:59.999,7462948646.57345,2942201,2041834.179,3660324786.24005,0,2023-03-30,58.94060422151813,1724.3229999999999,83.88285554085903,0.8159831893975026,0.0004911015743154223,0.0004909810234041548
2023-03-31,1792.76,1848.0,1777.0,1820.81,3958210.583,2023-03-31 23:59:59.999,7182992018.54653,2809931,2034712.491,3693563971.25167,0,2023-03-31,52.70705547750403,1741.812,61.86803890458429,1.2768790056823098,0.015640600857890208,0.015519547262680584
2023-04-01,1820.81,1842.8,1805.5,1819.82,1675351.82,2023-04-01 23:59:59.999,3052725254.36357,1422524,835279.442,1522231190.326,0,2023-04-01,55.53289046140514,1753.8399999999997,51.03872121401862,1.292743987909277,-0.000543714061324363,-0.0005438619274149482
2023-04-02,1819.83,1824.6,1770.0,1793.56,2192606.026,2023-04-02 23:59:59.999,3949711148.25586,1750101,1043180.289,1879510786.96302,0,2023-04-02,51.21431767337807,1759.8229999999999,48.10373616088463,0.7013384550248967,-0.01442999857128724,-0.014535123528193908
2023-04-03,1793.55,1840.0,1761.25,1809.68,4518659.82,2023-04-03 23:59:59.999,8135938230.19109,3246221,2255875.313,4063284779.94112,0,2023-04-03,57.403292884407215,1765.3105,47.16249351421216,0.9407793501552142,0.008987711590356717,0.008947562496870384
2023-04-04,1809.68,1895.0,1800.69,1869.11,4275707.73,2023-04-04 23:59:59.999,7917928013.22222,3189265,2231992.447,4133887675.20377,0,2023-04-04,56.66260940126352,1776.2755000000002,44.30222834783099,2.0954815019941275,0.03284006012112628,0.03231234767677014
2023-04-05,1869.11,1945.0,1863.69,1907.48,4197070.072,2023-04-05 23:59:59.999,8002757302.09807,3188196,2146330.904,4093193790.17143,0,2023-04-05,67.76249923380257,1788.0215,46.447144184536725,2.571923464775049,0.02052848681993047,0.02032061744937849
2023-04-06,1907.49,1908.84,1851.6,1871.33,3037614.773,2023-04-06 23:59:59.999,5695615572.83125,2416120,1448023.679,2715334786.05008,0,2023-04-06,56.510136347326856,1792.1275,50.047932695663526,1.5825328986438332,-0.018951705915658423,-0.01913359118473
2023-04-07,1871.34,1881.94,1840.0,1862.87,2094298.392,2023-04-07 23:59:59.999,3892274987.5975,1776477,1011379.48,1879944393.94206,0,2023-04-07,64.63270749974347,1797.345,51.76958408995098,1.2657045860393332,-0.004520848808067024,-0.004531098748994967
2023-04-08,1862.88,1878.81,1846.0,1848.02,1433874.915,2023-04-08 23:59:59.999,2670491237.61519,1249077,686239.184,1278241952.68377,0,2023-04-08,63.476749458410985,1800.7465,52.79406986987697,0.8954320081122054,-0.0079715707483613,-0.008003513588114715
2023-04-09,1848.01,1873.7,1820.31,1857.84,2391096.749,2023-04-09 23:59:59.999,4411928549.86057,1897984,1185492.119,2187910852.63471,0,2023-04-09,61.35557983954793,1807.0529999999999,51.633961192469535,0.9835968193625046,0.005313795305245561,0.005299726910678584
2023-04-10,1857.84,1919.12,1845.04,1908.9,3082285.12,2023-04-10 23:59:59.999,5789773602.66807,2215569,1579049.68,2966692085.42422,0,2023-04-10,76.43557898741746,1812.491,56.37694469983815,1.7100784817854253,0.0274835292597857,0.027112637342288616
2023-04-11,1908.91,1938.0,1880.67,1888.89,3135834.566,2023-04-11 23:59:59.999,5992414574.57517,2319270,1544377.765,2952116703.61944,0,2023-04-11,67.6841085271318,1820.2549999999999,55.62933677953309,1.2337914484224466,-0.01048247681911052,-0.010537804969601328
2023-04-12,1888.89,1933.0,1850.38,1916.86,5177985.751,2023-04-12 23:59:59.999,9820582527.1319,3524224,2638375.517,5006249274.38149,0,2023-04-12,68.46428888035221,1825.4344999999998,59.62383420247641,1.5333716998059612,0.014807638348447894,0.014699075664256317
2023-04-13,1916.86,2025.0,1898.01,2011.8,5944851.519,2023-04-13 23:59:59.999,11737826015.50057,4063215,3111310.227,6143156391.23556,0,2023-04-13,75.32314380188221,1838.586,69.93999137609757,2.4766088269664404,0.04952891708314633,0.048341413098726485
2023-04-14,2011.8,2137.64,2009.0,2099.77,6908499.4,2023-04-14 23:59:59.999,14466877844.1142,5000626,3525254.142,7382010465.93851,0,2023-04-14,78.32656376929326,1856.5234999999998,87.42013644195882,2.782499660836148,0.04372701063724027,0.042797971203582294
2023-04-15,2099.77,2113.28,2071.0,2091.2,2619968.921,2023-04-15 23:59:59.999,5490344951.01392,2390559,1297209.204,2718870870.96257,0,2023-04-15,77.13908556342251,1872.452,99.51564884084762,2.1981266519182014,-0.004081399391361984,-0.004089751033862735
2023-04-16,2091.2,2146.1,2072.4,2118.09,2905235.978,2023-04-16 23:59:59.999,6115423203.35783,2641132,1460801.343,3075580920.80018,0,2023-04-16,82.41345558418728,1892.639,106.46358610986566,2.1176348481005034,0.012858645753634379,0.012776675306442935
2023-04-17,2118.09,2120.64,2055.5,2074.49,3410289.359,2023-04-17 23:59:59.999,7103102832.76539,2859924,1647145.819,3431051499.1468,0,2023-04-17,75.07243083565295,1907.7589999999996,109.86135879756105,1.5176491700528802,-0.020584583280219615,-0.020799398853756187
2023-04-18,2074.49,2126.63,2047.64,2103.29,3542599.96,2023-04-18 23:59:59.999,7413341871.08492,2774522,1766262.151,3696879801.99428,0,2023-04-18,73.5375708599686,1923.3289999999997,114.54236030488835,1.571130536519248,0.013882930262377746,0.013787445113575734
2023-04-19,2103.29,2104.61,1921.0,1932.83,5712106.365,2023-04-19 23:59:59.999,11407976091.09683,4126727,2667159.932,5326482466.18793,0,2023-04-19,52.013342863950434,1930.3319999999999,110.34464433145776,0.02263816259624212,-0.08104445891912193,-0.08451753529300302
2023-04-20,1932.83,1983.22,1905.75,1942.11,4486102.176,2023-04-20 23:59:59.999,8732216194.09306,3711473,2222261.06,4326602211.68515,0,2023-04-20,55.87210459945575,1936.3970000000002,107.29959003700618,0.05324344667141227,0.004801249980598277,0.0047897607403767795
2023-04-21,1942.1,1956.82,1822.01,1848.0,5520829.389,2023-04-21 23:59:59.999,10453785961.75719,4357957,2641596.857,5003625098.95889,0,2023-04-21,48.91984949079658,1937.806,105.86360775223996,-0.8483179622045315,-0.048457605387954295,-0.04967103768196441
2023-04-22,1848.01,1886.5,1839.26,1873.39,2233900.931,2023-04-22 23:59:59.999,4160733028.8103,2272920,1119672.613,2085214278.25238,0,2023-04-22,51.815072903401216,1941.7975,101.55600906709513,-0.6735938190994186,0.013739177489177523,0.013645650670822804
2023-04-23,1873.4,1882.11,1833.3,1861.3,2624859.049,2023-04-23 23:59:59.999,4883738761.28466,2665310,1305043.384,2428432345.35332,0,2023-04-23,50.246741021764564,1944.3785,98.6355383416733,-0.8422775542849102,-0.006453541440917365,-0.0064744555681649045
2023-04-24,1861.3,1891.3,1806.0,1841.19,4637382.676,2023-04-24 23:59:59.999,8559463422.76587,4745194,2287738.248,4224048896.18997,0,2023-04-24,44.94844745519928,1942.9824999999996,99.94576481248068,-1.0184773731131453,-0.010804276580884231,-0.010863066616445533
2023-04-25,1841.19,1877.6,1797.98,1865.4,4166439.286,2023-04-25 23:59:59.999,7632322493.54573,3976737,2091177.016,3831528588.22671,0,2023-04-25,48.25842613324634,1940.8785,101.16792779050772,-0.7460714244962706,0.01314910465514152,0.013063405604921334
2023-04-26,1865.4,1964.7,1782.03,1865.02,7328089.271,2023-04-26 23:59:59.999,13832491013.22545,5679035,3695812.494,6977627362.62568,0,2023-04-26,45.99257884972172,1940.563,101.40579502284304,-0.7449574255887745,-0.0002037096601266164,-0.00020373041175768383
2023-04-27,1865.03,1939.4,1858.55,1907.67,5486808.619,2023-04-27 23:59:59.999,10425583648.13769,4977700,2753424.414,5232410799.49907,0,2023-04-27,41.242367664126796,1942.8029999999999,100.0854806284903,-0.3510299374033166,0.022868387470375673,0.022610825193774112
2023-04-28,1907.68,1923.63,1873.0,1890.13,3142216.755,2023-04-28 23:59:59.999,5966985911.23344,3231156,1555648.862,2954454701.52911,0,2023-04-28,29.99923675774697,1944.9085,98.41558778307702,-0.5566039001945512,-0.009194462354600086,-0.009236992317755287
2023-04-29,1890.13,1917.27,1881.1,1907.01,1593882.469,2023-04-29 23:59:59.999,3028671705.69795,1843721,801874.241,1523881447.31421,0,2023-04-29,32.70159093897337,1947.3670000000002,96.7257160113021,-0.41723133892629555,0.008930602656959996,0.008890960668135538
2023-04-30,1907.01,1940.0,1863.9,1868.41,2977980.167,2023-04-30 23:59:59.999,5678023570.39942,2825844,1467497.441,2799231252.08699,0,2023-04-30,27.05568829259329,1945.3425,97.9887062168746,-0.7851159890786615,-0.020241110429415676,-0.020448768638547603
2023-05-01,1868.41,1885.56,1805.28,1829.97,3740379.561,2023-05-01 23:59:59.999,6871929627.84383,3275823,1830613.967,3363413507.18168,0,2023-05-01,27.31472891230939,1942.3965,100.62548987918211,-1.117276548268108,-0.02057364282999985,-0.020788228528142647
2023-05-02,1829.97,1882.6,1821.25,1869.2,3065412.118,2023-05-02 23:59:59.999,5666257518.06199,2920972,1566367.567,2895813904.70639,0,2023-05-02,28.694686641061594,1940.0135000000002,101.81932813491963,-0.6954819020821473,0.021437509904533858,0.021210958567801287
2023-05-03,1869.21,1917.29,1841.71,1904.74,4144638.549,2023-05-03 23:59:59.999,7762176084.36052,3834345,2084102.485,3904150577.56949,0,2023-05-03,46.611171432018345,1934.6605,100.65421843725608,-0.29726026851672616,0.019013481703402446,0.01883498448025367
2023-05-04,1904.74,1918.61,1865.72,1876.13,2639262.752,2023-05-04 23:59:59.999,4990059178.68051,2865588,1307120.209,2471883108.18078,0,2023-05-04,42.39476232191436,1923.4785,93.51557485115076,-0.5063167293294694,-0.015020422734861372,-0.01513437176597116
2023-05-05,1876.14,2004.99,1874.8,1992.56,5053850.5,2023-05-05 23:59:59.999,9793284393.60356,4405236,2645323.467,5126920613.02304,0,2023-05-05,65.84740188555142,1918.5465,86.54580522994213,0.8551945389306248,0.062058599350791166,0.060209099593894415
2023-05-06,1992.55,2023.66,1850.0,1895.29,4880833.923,2023-05-06 23:59:59.999,9391662414.45572,4331607,2335719.163,4495936476.70929,0,2023-05-06,52.073942194780095,1907.4065000000003,72.74852722512942,-0.16655319993632708,-0.04881659774360625,-0.05004838302568396
2023-05-07,1895.3,1933.0,1865.32,1869.5,3198475.667,2023-05-07 23:59:59.999,6096392897.08655,3623305,1581694.343,3015322457.35376,0,2023-05-07,50.75690444542904,1897.157,61.54740484506429,-0.44936094494352735,-0.013607416279302842,-0.013700845691595723
2023-05-08,1869.51,1883.17,1810.0,1846.54,4905366.653,2023-05-08 23:59:59.999,9079925715.77355,4414300,2425054.549,4489152431.03952,0,2023-05-08,50.49124933428828,1884.3195,38.89852973481991,-0.9712320814578728,-0.012281358652046048,-0.012357397754253159
2023-05-09,1846.54,1863.0,1830.05,1845.8,2509784.607,2023-05-09 23:59:59.999,4627725853.77786,2740860,1254792.082,2313863067.69182,0,2023-05-09,48.119218516101775,1879.968,38.04470287499245,-0.8981013759594751,-0.000400749509894216,-0.00040082983143898613
2023-05-10,1845.8,1887.0,1785.74,1839.86,4903103.427,2023-05-10 23:59:59.999,9053981839.2211,4212083,2438669.534,4503877518.60249,0,2023-05-10,47.611180737533694,1874.8555000000001,36.073652212545994,-0.9701124741627685,-0.0032181168057211496,-0.003223306079726149
2023-05-11,1839.86,1841.54,1768.42,1793.24,4005939.727,2023-05-11 23:59:59.999,7238023894.70517,3699503,1937174.275,3500784423.38762,0,2023-05-11,39.216721008688424,1872.1174999999998,40.07545408028708,-1.9682247353199493,-0.02533888448034083,-0.02566544222806289
2023-05-12,1793.25,1820.0,1735.37,1806.53,4274267.712,2023-05-12 23:59:59.999,7571365343.22157,3793847,2146412.837,3803189298.92513,0,2023-05-12,42.05836531519548,1868.7745,42.668481091885226,-1.4587934326970404,0.007411166380406398,0.007383838624152797
2023-05-13,1806.53,1816.24,1784.0,1794.44,1794108.348,2023-05-13 23:59:59.999,3228545808.33887,1928232,893679.793,1608308396.32891,0,2023-05-13,39.208129613651614,1865.4315,45.78992250374631,-1.5503738839958001,-0.006692388169584729,-0.006714882616509817
2023-05-14,1794.44,1825.27,1789.41,1798.25,2065119.626,2023-05-14 23:59:59.999,3725543210.17867,1990969,1037074.513,1871085659.43365,0,2023-05-14,42.7931629550497,1863.2845000000002,47.94247347497928,-1.3565111536003893,0.002123225073003221,0.0021209742161353105
2023-05-15,1798.26,1848.0,1783.51,1815.56,3062945.098,2023-05-15 23:59:59.999,5584428011.28594,2813445,1536012.036,2800955529.68282,0,2023-05-15,48.45263406567445,1860.7925,49.10787576190258,-0.9210844349958834,0.009626025302377217,0.00957999030772866
2023-05-16,1815.56,1832.93,1795.0,1823.53,2559941.664,2023-05-16 23:59:59.999,4647961186.01632,2426443,1279790.757,2323938833.42156,0,2023-05-16,44.742961070055465,1858.7179999999996,49.79147935989104,-0.7067072610086966,0.004389830135054673,0.004380222936465923
2023-05-17,1823.52,1837.85,1781.0,1821.65,3158227.207,2023-05-17 23:59:59.999,5716856398.18019,2852611,1586505.255,2872559989.96547,0,2023-05-17,39.63215292855181,1854.417,49.05013719605393,-0.6680307512500887,-0.0010309674093652577,-0.0010314992218171354
2023-05-18,1821.65,1831.46,1770.0,1799.69,3046459.303,2023-05-18 23:59:59.999,5507830657.71073,2673556,1501702.18,2715545013.97381,0,2023-05-18,40.3009693955235,1849.895,49.748345489590974,-1.0091792904048336,-0.012055005077814096,-0.012128255939759174
2023-05-19,1799.69,1830.0,1795.72,1811.38,2142895.0,2023-05-19 23:59:59.999,3879976465.72274,1972008,1083337.571,1961760925.05395,0,2023-05-19,18.68864924650906,1845.1135,48.55115959105313,-0.694803178423284,0.006495563124760295,0.006474557866194866
2023-05-20,1811.38,1828.88,1805.96,1818.59,1031296.976,2023-05-20 23:59:59.999,1872602029.56196,1171963,525012.243,953468413.18907,0,2023-05-20,30.753789019371624,1842.6225000000002,48.57103012197281,-0.4947908236586547,0.003980390641389331,0.00397248984512446
2023-05-21,1818.59,1828.91,1794.45,1803.89,1397629.152,2023-05-21 23:59:59.999,2530470510.36566,1365112,675392.146,1222916182.3177,0,2023-05-21,32.566296434075525,1841.3185,49.273600733200446,-0.7596055381189292,-0.008083185324894493,-0.008116031387678612
2023-05-22,1803.9,1827.99,1790.76,1816.67,2270653.543,2023-05-22 23:59:59.999,4115022438.72039,1983728,1161096.269,2104416852.50256,0,2023-05-22,41.60907916175066,1838.6919999999998,49.10893761514834,-0.44843161081144445,0.007084689199452265,0.007059710696157198
2023-05-23,1816.68,1874.23,1814.25,1853.36,2935200.681,2023-05-23 23:59:59.999,5428836551.9576,2374643,1524584.779,2819330935.33901,0,2023-05-23,51.76685051883705,1836.123,46.759678998088916,0.36862956224965393,0.02019629321781058,0.019995053112331622
2023-05-24,1853.37,1853.5,1775.0,1798.84,3607753.797,2023-05-24 23:59:59.999,6525113256.73166,2854180,1719674.2,3109755475.54553,0,2023-05-24,42.18726192290109,1832.2585000000004,46.47220949697387,-0.719107190334399,-0.02941684292312341,-0.029858195265980648
2023-05-25,1798.84,1819.93,1758.0,1804.65,2893039.67,2023-05-25 23:59:59.999,5185691223.35058,2045504,1458064.396,2614314878.95182,0,2023-05-25,52.57318118262599,1822.8629999999998,27.466543112132243,-0.6630976430359333,0.003229859242623201,0.003224654451410347
2023-05-26,1804.65,1837.93,1795.99,1826.81,2175357.921,2023-05-26 23:59:59.999,3959307938.13433,1806113,1117498.096,2034201553.25013,0,2023-05-26,54.397606036950314,1819.4390000000003,21.605605729802377,0.3411614602330828,0.012279389355276615,0.012204609201206923
2023-05-27,1826.81,1835.7,1810.63,1828.85,1194937.504,2023-05-27 23:59:59.999,2181720432.26159,1189923,592996.446,1082791288.39845,0,2023-05-27,57.801659638144464,1817.4064999999998,18.30887598246111,0.6250247153873523,0.0011167006968431092,0.0011160776504143934
2023-05-28,1828.85,1930.0,1822.31,1908.36,2905772.688,2023-05-28 23:59:59.999,5415391316.17548,2351903,1529200.675,2851174938.38755,0,2023-05-28,68.58522094318606,1820.4975000000002,26.75598956562585,3.283844157006216,0.04347540804330596,0.042556880456560205
2023-05-29,1908.36,1928.2,1872.0,1891.5,2477917.179,2023-05-29 23:59:59.999,4704184612.1712,2042709,1238706.239,2352058957.00346,0,2023-05-29,62.83724389749142,1822.7825,30.69243912987602,2.238906452146723,-0.008834811041941726,-0.008874069382740735
2023-05-30,1891.51,1917.0,1880.02,1899.81,2207189.76,2023-05-30 23:59:59.999,4200115983.3063,1950161,1088473.738,2071480220.5058,0,2023-05-30,62.87991354856142,1825.78,35.06414062684329,2.11127375936105,0.004393338620142684,0.0043837160811144695
2023-05-31,1899.81,1906.57,1845.0,1872.84,2656970.771,2023-05-31 23:59:59.999,4967704528.00343,2173059,1284460.2,2401620012.60467,0,2023-05-31,57.96830733787864,1829.7600000000002,35.68824751274044,1.207120074602163,-0.014196156457751075,-0.01429788581173596
2023-06-01,1872.85,1889.61,1837.94,1860.59,2605797.159,2023-06-01 23:59:59.999,4857143174.4757,2178965,1288478.47,2402158194.98644,0,2023-06-01,59.7752808988764,1832.4630000000002,35.882924410014816,0.7838547293026531,-0.006540868413746015,-0.006562353632788353
2023-06-02,1860.59,1911.0,1846.0,1905.58,2646266.39,2023-06-02 23:59:59.999,4992858140.85456,2296378,1340916.464,2530367163.60785,0,2023-06-02,63.6600928074246,1838.02,38.214659077706926,1.7679079607284014,0.024180501883811045,0.023892782454252602
2023-06-03,1905.59,1907.09,1878.5,1890.91,1280350.751,2023-06-03 23:59:59.999,2427982701.83077,1270285,624525.602,1184488750.14261,0,2023-06-03,60.26514506330556,1842.6529999999998,38.75241834224984,1.2452642199980608,-0.00769844351850868,-0.0077282295037727254
2023-06-04,1890.9,1914.53,1883.19,1888.54,1547682.823,2023-06-04 23:59:59.999,2939610066.72539,1434481,764805.045,1452784775.80217,0,2023-06-04,62.451092872061885,1846.3020000000001,39.495856358332176,1.0694286412424923,-0.0012533647820361926,-0.0012541509006054896
2023-06-05,1888.54,1890.01,1775.0,1810.03,4257292.031,2023-06-05 23:59:59.999,7829891468.02886,3278110,2031022.328,3735831484.46925,0,2023-06-05,49.181580634028485,1845.627,40.01743844881033,-0.8895371962784449,-0.0415717962023574,-0.0424606240513987
2023-06-06,1810.03,1898.0,1796.0,1883.26,4333156.268,2023-06-06 23:59:59.999,7988336481.22652,3334936,2241039.993,4132356771.19762,0,2023-06-06,53.380823156942576,1848.7075,40.443637698252175,0.8543370964252615,0.040457892963100095,0.03966089795302409
2023-06-07,1883.26,1897.2,1820.0,1831.31,3703943.621,2023-06-07 23:59:59.999,6871014307.4863,3143949,1815291.688,3367950615.43161,0,2023-06-07,53.69287810204036,1850.2884999999999,39.01958702139373,-0.4863839278871499,-0.027585144908297332,-0.027972759927421723
2023-06-08,1831.32,1861.41,1827.42,1844.94,1833404.039,2023-06-08 23:59:59.999,3381316556.27167,1890782,922499.105,1701570593.31107,0,2023-06-08,54.50217901441501,1851.9665,37.96567470137527,-0.18507507255614275,0.007442759554635803,0.007415198886874902
2023-06-09,1844.93,1854.77,1825.0,1839.61,1930535.751,2023-06-09 23:59:59.999,3552821831.1683,1864032,952406.122,1753073868.15895,0,2023-06-09,51.48622915795829,1853.0175,37.27780274688826,-0.3596644386750828,-0.0028889828395504136,-0.0028931640052931203
2023-06-10,1839.61,1844.8,1712.08,1750.64,5551171.332,2023-06-10 23:59:59.999,9774108050.69357,4207698,2683133.418,4722405750.17928,0,2023-06-10,42.44420828905422,1850.355,42.506296809124436,-2.3458877268883844,-0.048363511831311934,-0.049572157269229325
2023-06-11,1750.65,1778.36,1737.29,1751.8,2030813.582,2023-06-11 23:59:59.999,3559919133.52975,2005358,1013588.81,1777028014.26622,0,2023-06-11,32.17668488160291,1847.1115000000002,47.40470943464664,-2.010591376609937,0.000662614815153173,0.0006623953828839073
2023-06-12,1751.8,1759.32,1717.5,1741.61,2615423.791,2023-06-12 23:59:59.999,4546659536.76596,2493537,1285318.796,2234849129.43602,0,2023-06-12,32.6728781818602,1841.5240000000001,52.89714084407597,-1.8888355477381105,-0.005816874072382738,-0.005833857978557446
2023-06-13,1741.6,1766.53,1722.53,1739.24,2978916.867,2023-06-13 23:59:59.999,5193391874.7618,2661438,1496623.638,2609581841.66132,0,2023-06-13,31.17982137415318,1838.5439999999999,56.951746648545495,-1.74365152684103,-0.0013608098253914402,-0.001361736567924188
2023-06-14,1739.24,1749.65,1625.5,1650.18,3962845.762,2023-06-14 23:59:59.999,6743167988.43778,3011779,1877819.531,3196728771.28422,0,2023-06-14,27.218220512400748,1830.8205000000003,70.62341631017368,-2.557798948816612,-0.05120627400473765,-0.052563863328770256
2023-06-15,1650.19,1680.0,1625.56,1665.64,3284979.384,2023-06-15 23:59:59.999,5417639691.08114,2694714,1634652.419,2696209524.80342,0,2023-06-15,30.183577629144736,1822.762,79.71508366811662,-1.971044785628738,0.009368674932431542,0.009325061088439984
2023-06-16,1665.64,1730.0,1644.65,1717.31,3099475.105,2023-06-16 23:59:59.999,5225967567.41919,2642700,1597160.64,2694154039.03345,0,2023-06-16,31.119000340975177,1817.185,83.09677259553331,-1.2019119019956808,0.031021109003145808,0.0305496791250777
2023-06-17,1717.31,1775.0,1713.38,1727.2,2161730.858,2023-06-17 23:59:59.999,3756474597.35009,1966345,1081036.901,1878967507.70796,0,2023-06-17,33.42311508941047,1808.127,82.50673689242515,-0.9808532375424693,0.0057590068188038135,0.005742487133343002
2023-06-18,1727.19,1747.5,1710.77,1719.99,1638597.358,2023-06-18 23:59:59.999,2834954534.14003,1617954,804245.787,1391764492.92036,0,2023-06-18,33.09869041172813,1799.5515,82.2979697438014,-0.9667492436044269,-0.004174386289949039,-0.004183123363488325
2023-06-19,1719.99,1753.0,1689.29,1736.21,2591602.407,2023-06-19 23:59:59.999,4467229390.33761,2337219,1297281.428,2236816445.50176,0,2023-06-19,41.54100013750745,1791.3715,79.90398562455118,-0.6903472907996105,0.009430287385391756,0.009386099809114383
2023-06-20,1736.2,1796.84,1713.57,1791.37,3466422.973,2023-06-20 23:59:59.999,6080886439.10825,3113824,1778252.848,3120673088.4895,0,2023-06-20,39.01546847729934,1787.298,77.57485584228715,0.0524912351532877,0.0317703503608433,0.03127611357606853
2023-06-21,1791.37,1901.6,1786.56,1888.31,5330798.831,2023-06-21 23:59:59.999,9829732060.96629,4491068,2676902.493,4936106697.00964,0,2023-06-21,56.152052842896005,1788.684,79.18419362476496,1.2581551372752986,0.054115006949988054,0.05270155891989824
2023-06-22,1888.3,1933.7,1862.0,1871.36,3137860.418,2023-06-22 23:59:59.999,5950906236.05417,3050141,1562217.337,2963271671.93831,0,2023-06-22,52.8312400874448,1786.973,76.86101250414386,1.0979168404195863,-0.00897628037769227,-0.009016809900940956
2023-06-23,1871.37,1938.48,1859.96,1892.2,3405962.433,2023-06-23 23:59:59.999,6453773157.88428,3157195,1694368.58,3211033496.7969,0,2023-06-23,55.454375738969915,1787.0375,76.95331051155938,1.3665753857880276,0.011136285909712829,0.011074734029094358
2023-06-24,1892.2,1905.6,1863.0,1874.48,1763224.894,2023-06-24 23:59:59.999,3321937126.86462,1924133,859977.779,1620435429.27686,0,2023-06-24,65.07156070489728,1786.3345000000002,76.03599462549613,1.1592601692678222,-0.00936476059613145,-0.00940888566316659
2023-06-25,1874.47,1929.96,1867.84,1898.27,2781158.136,2023-06-25 23:59:59.999,5289332862.49297,2826509,1388813.932,2641581494.1643,0,2023-06-25,66.89505617459109,1790.7465,79.9429868077314,1.345002285924114,0.012691519781486083,0.012611657450680875
2023-06-26,1898.26,1909.32,1836.0,1858.14,3400509.135,2023-06-26 23:59:59.999,6370416998.95966,3162920,1629906.774,3054086373.00139,0,2023-06-26,62.5730994152047,1789.4904999999999,78.59902473450163,0.8734141451740687,-0.02114030143235679,-0.021366957684194655
2023-06-27,1858.14,1912.65,1854.14,1889.05,2829280.124,2023-06-27 23:59:59.999,5325411157.57672,2751693,1443244.701,2717068618.00114,0,2023-06-27,65.2261408679744,1792.3775,81.23223860119931,1.1900755373073348,0.016634914484376706,0.016498069808780845
2023-06-28,1889.05,1889.65,1811.89,1827.26,3088158.07,2023-06-28 23:59:59.999,5721684180.26515,2614615,1448220.376,2683306950.41087,0,2023-06-28,69.05397262632349,1791.4935,80.72474298017185,0.4430673753744271,-0.0327095630078611,-0.033256480132034104
2023-06-29,1827.26,1879.98,1827.02,1851.19,2244626.491,2023-06-29 23:59:59.999,4161267238.70473,2066231,1138449.423,2110648193.27948,0,2023-06-29,69.60794673993448,1792.0724999999998,81.12854263616128,0.7286892883695159,0.013096111117191889,0.013011098472942233
2023-06-30,1851.18,1947.31,1820.0,1933.41,5961506.278,2023-06-30 23:59:59.999,11262001146.78503,4411637,3009003.519,5685871065.17313,0,2023-06-30,71.45126067103436,1801.211,86.34214723080127,1.5311062353663594,0.04441467380441777,0.04345660772921682
2023-07-01,1933.42,1944.69,1908.55,1924.08,1584006.709,2023-07-01 23:59:59.999,3044484799.23761,1625797,796168.922,1530276966.4496,0,2023-07-01,69.56513097746152,1809.825,89.68238860735215,1.2739959514262231,-0.004825670706161689,-0.004837351849763406
2023-07-02,1924.08,1964.0,1883.55,1937.69,2602287.765,2023-07-02 23:59:59.999,5000254512.61926,2103960,1291071.172,2481730922.12985,0,2023-07-02,71.36240530674726,1819.6289999999997,92.5059000622131,1.2762537299847974,0.007073510456945709,0.007048610532814936
2023-07-03,1937.69,1978.0,1933.04,1955.0,2783862.146,2023-07-03 23:59:59.999,5455730800.61678,2360367,1405631.215,2754986241.00081,0,2023-07-03,71.42353563245402,1830.417,95.17982615197504,1.3089223319348846,0.008933317506928384,0.00889365148384542
2023-07-04,1955.0,1967.91,1930.37,1935.72,1913551.422,2023-07-04 23:59:59.999,3733154567.49133,1669357,939300.533,1832725047.47165,0,2023-07-04,65.20273828330701,1844.694,87.85498754079883,1.0360937101917937,-0.009861892583120202,-0.009910843141769425
2023-07-05,1935.72,1942.22,1892.9,1909.88,2290593.319,2023-07-05 23:59:59.999,4386390984.97652,1992180,1116275.998,2137876511.50572,0,2023-07-05,52.67186919360835,1856.9060000000002,78.08824248721011,0.6783863781884504,-0.013349038084020326,-0.013438937435864738
2023-07-06,1909.88,1957.94,1844.47,1844.82,4219617.366,2023-07-06 23:59:59.999,8025247594.29251,3152119,2057982.477,3915836529.02027,0,2023-07-06,47.06259961041262,1863.2815000000003,70.97211715473588,-0.26012328136907537,-0.034064967432508975,-0.03465870110219575
2023-07-07,1844.81,1877.51,1823.74,1870.0,2150375.881,2023-07-07 23:59:59.999,3994359583.46465,1880387,1042857.5,1937342003.66714,0,2023-07-07,47.56632317474238,1870.4215,63.33335300534201,-0.006655261090698469,0.013649028089461446,0.013556719108996182
2023-07-08,1870.0,1873.1,1841.28,1864.45,1144653.748,2023-07-08 23:59:59.999,2127599970.73217,1140915,554985.308,1031638575.51181,0,2023-07-08,48.870317392381686,1877.6444999999999,52.60265477345298,-0.25083334780013256,-0.002967914438502639,-0.0029723274303108203
2023-07-09,1864.45,1878.98,1855.2,1861.81,1315813.529,2023-07-09 23:59:59.999,2455983243.42244,1242924,649584.518,1212551153.40483,0,2023-07-09,45.68806471450873,1883.9244999999999,41.05964345673308,-0.5385945453545703,-0.001415967175306454,-0.001416970604153954
2023-07-10,1861.81,1904.96,1845.09,1879.34,2457486.761,2023-07-10 23:59:59.999,4599947109.42808,1893733,1257725.227,2354609787.44919,0,2023-07-10,52.648808036383606,1888.3229999999999,34.86797521787083,-0.2576289544738435,0.00941556872076088,0.009371518542707522
2023-07-11,1879.35,1892.32,1861.1,1877.66,1690867.909,2023-07-11 23:59:59.999,3168583574.5677,1481905,827010.251,1549910425.2415,0,2023-07-11,48.46475266208385,1887.7904999999998,34.949411933225186,-0.28986181568248487,-0.000893930848063551,-0.0008943306425209338
2023-07-12,1877.66,1901.86,1863.15,1870.81,2514859.274,2023-07-12 23:59:59.999,4739014879.90064,2096738,1254990.16,2365212494.01906,0,2023-07-12,56.890604727698474,1887.7630000000001,34.96323438916868,-0.4848807696479048,-0.003648157813448738,-0.0036548285700885464
2023-07-13,1870.82,2014.8,1861.59,2004.78,5072952.783,2023-07-13 23:59:59.999,9872664104.00889,3321989,2644445.768,5147581658.61575,0,2023-07-13,68.02487970895433,1893.3920000000003,43.68891580498558,2.5495711657666864,0.07161069269460829,0.06916283689031498
2023-07-14,2004.77,2031.28,1896.8,1936.74,4202754.58,2023-07-14 23:59:59.999,8269315805.5465,3071455,2059111.021,4053421710.97666,0,2023-07-14,50.40425376939325,1896.5049999999999,44.48138339154542,0.9045357165678349,-0.0339388860623111,-0.03452818182491362
2023-07-15,1936.74,1945.89,1925.54,1930.4,1111948.993,2023-07-15 23:59:59.999,2150367734.53819,1118661,545402.38,1054795469.91407,0,2023-07-15,50.772842887888885,1898.1115000000002,45.12404823611387,0.7155497182134163,-0.003273542137819163,-0.0032789118988449414
2023-07-16,1930.4,1942.78,1912.09,1920.97,1270216.239,2023-07-16 23:59:59.999,2450221634.39045,1207129,627896.64,1211296705.60358,0,2023-07-16,47.93427230046948,1901.2530000000002,44.37568360931568,0.4443199156905096,-0.004884997927890655,-0.004896968530425429
2023-07-17,1920.97,1935.45,1872.0,1910.37,2551243.537,2023-07-17 23:59:59.999,4862622170.96846,2036621,1254136.356,2390640011.1046,0,2023-07-17,44.39307520289453,1902.319,44.323157770419066,0.1816431952276899,-0.005518045570727326,-0.005533326223003161
2023-07-18,1910.37,1916.62,1875.0,1896.46,1989216.045,2023-07-18 23:59:59.999,3773730051.42879,1697737,969002.119,1838454108.7746,0,2023-07-18,45.00025469920025,1905.7789999999998,40.70907462528144,-0.22891701876741705,-0.007281311997152318,-0.007307950135181484
2023-07-19,1896.47,1925.0,1881.0,1887.55,2046151.353,2023-07-19 23:59:59.999,3896411754.63565,1922215,1012288.97,1927862728.48311,0,2023-07-19,47.028134898453494,1907.5970000000002,38.91528005950743,-0.51514469301892,-0.004698227223353002,-0.004709298583662628
2023-07-20,1887.55,1928.81,1875.6,1890.56,2682007.64,2023-07-20 23:59:59.999,5094834736.36539,2322459,1327609.113,2522542496.07014,0,2023-07-20,57.291799515367934,1905.4544999999998,38.59760266286517,-0.385891842301644,0.0015946597441127697,0.0015933896243563036
2023-07-21,1890.56,1905.97,1883.42,1890.84,1423334.683,2023-07-21 23:59:59.999,2693663745.42729,1367103,689935.958,1305889938.35254,0,2023-07-21,53.60878298815542,1903.7925,38.46882071379218,-0.33670124947075014,0.0001481042654027931,0.00014809329904884034
2023-07-22,1890.84,1896.85,1835.39,1865.6,1146954.994,2023-07-22 23:59:59.999,2154869158.92295,1075435,532186.047,1000228577.21009,0,2023-07-22,50.18642803877701,1900.188,38.50285793909716,-0.8983229259165803,-0.013348564659093287,-0.013438457605781223
2023-07-23,1865.6,1904.57,1856.68,1887.86,1545904.444,2023-07-23 23:59:59.999,2907676982.84785,1409113,793198.55,1491978313.51174,0,2023-07-23,53.97043133668648,1896.8310000000001,36.33844316400403,-0.24687353719343383,0.01193181818181821,0.011861195257464213
2023-07-24,1887.85,1890.2,1829.0,1849.04,2113287.416,2023-07-24 23:59:59.999,3919275815.32224,1897904,996408.233,1847680176.13681,0,2023-07-24,45.6632507013225,1892.497,36.62406515428954,-1.1865695360939545,-0.02056296547413472,-0.020777326945203786
2023-07-25,1849.04,1868.54,1844.5,1856.91,1320722.986,2023-07-25 23:59:59.999,2451833082.62795,1328165,662243.95,1229477142.93225,0,2023-07-25,47.081821505920736,1889.8484999999996,37.21141283268595,-0.8851719806528505,0.004256262709297909,0.004247230443234332
2023-07-26,1856.91,1887.79,1846.9,1870.98,1946701.756,2023-07-26 23:59:59.999,3628405350.49632,1708874,1005260.859,1873907356.63653,0,2023-07-26,50.023432115782235,1891.1564999999998,35.98488926662,-0.5606936803530964,0.007577103898411819,0.007548541834417716
2023-07-27,1870.97,1885.57,1854.0,1860.28,1593279.389,2023-07-27 23:59:59.999,2978878030.2649,1417004,779440.579,1457276599.42233,0,2023-07-27,19.83046600968767,1890.6704999999997,36.34945137867836,-0.8360648881161937,-0.005718928048402461,-0.0057353437340827845
2023-07-28,1860.29,1883.76,1855.57,1873.39,1378048.23,2023-07-28 23:59:59.999,2576729426.7434,1219487,693925.831,1297560912.84423,0,2023-07-28,32.836629639664096,1891.1174999999998,36.063886715169616,-0.491558221109401,0.007047326208957871,0.007022609860449462
2023-07-29,1873.38,1886.19,1868.56,1879.85,749505.043,2023-07-29 23:59:59.999,1405661589.82189,751626,388500.308,728653364.67202,0,2023-07-29,36.313423945416105,1892.0194999999999,35.51369602005106,-0.34267061341993416,0.0034482942686786533,0.0034423625343293677
2023-07-30,1879.86,1885.0,1845.56,1860.76,1386061.233,2023-07-30 23:59:59.999,2588400428.31909,1210044,670091.701,1251499550.35679,0,2023-07-30,34.508310605670744,1891.0904999999998,36.10099524439965,-0.840156893034825,-0.010155065563741794,-0.010206980004123291
2023-07-31,1860.77,1876.73,1850.08,1855.39,1421399.856,2023-07-31 23:59:59.999,2648009197.68637,1219991,700919.539,1305915442.04879,0,2023-07-31,35.46271813855107,1889.977,36.87225816396179,-0.9380222889034943,-0.0028859175820631355,-0.002890089871397274
2023-08-01,1855.4,1875.87,1808.47,1873.05,2857111.757,2023-08-01 23:59:59.999,5253762221.9205,1998672,1427051.02,2624935205.76073,0,2023-08-01,43.930515945034976,1890.089,36.8143304335111,-0.46283606952388956,0.009518214499377509,0.00947320169800284
2023-08-02,1873.06,1879.27,1820.0,1839.07,2433052.599,2023-08-02 23:59:59.999,4499307943.90133,1819159,1173293.13,2169843298.13394,0,2023-08-02,38.876651982378824,1881.8035,26.97613590124529,-1.5841223574955137,-0.018141533861882997,-0.01830810918405742
2023-08-03,1839.07,1858.9,1825.0,1834.69,1708783.419,2023-08-03 23:59:59.999,3145302649.42659,1355571,845442.71,1556344906.9886,0,2023-08-03,37.26116101965433,1876.7009999999998,25.657130926371455,-1.637400538686853,-0.0023816385455691647,-0.0023844791577539623
2023-08-04,1834.69,1851.0,1808.77,1829.4,1914149.705,2023-08-04 23:59:59.999,3512140548.40425,1496727,951612.842,1746523507.72868,0,2023-08-04,36.3040570664289,1871.6509999999998,24.442446879930305,-1.7285912579682048,-0.002883320887997365,-0.0028874856651881792
2023-08-05,1829.4,1838.62,1826.7,1835.5,649573.659,2023-08-05 23:59:59.999,1190327889.76681,634724,325352.514,596212794.12981,0,2023-08-05,42.6642620393839,1867.3774999999998,22.781000827196547,-1.3993019991441134,0.003334426587952244,0.0033288797146247954
2023-08-06,1835.5,1838.6,1825.0,1829.38,804165.426,2023-08-06 23:59:59.999,1473035578.85485,704305,391074.683,716376190.21179,0,2023-08-06,34.53073748809649,1863.3280000000002,21.918499660627525,-1.5488286390779433,-0.0033342413511304736,-0.003339812320575603
2023-08-07,1829.39,1846.86,1800.0,1828.18,2235036.668,2023-08-07 23:59:59.999,4078589895.0943,1694489,1104861.941,2016417338.40522,0,2023-08-07,43.110964332893005,1859.9140000000002,21.803592750888622,-1.4554482081264706,-0.000655959942712836,-0.0006561751785652698
2023-08-08,1828.18,1878.0,1825.35,1855.36,2299167.676,2023-08-08 23:59:59.999,4246702788.46169,1782666,1189879.77,2198223583.18393,0,2023-08-08,49.546013707457035,1858.3044999999997,20.82220107568055,-0.1414115630378234,0.014867245019636988,0.014757810855487849
2023-08-09,1855.36,1871.28,1845.18,1854.7,1405393.116,2023-08-09 23:59:59.999,2608828366.62844,1203325,707642.124,1313665276.2118,0,2023-08-09,44.8251748251748,1856.5115,19.393427067579896,-0.0934079362913798,-0.0003557261124524924,-0.00035578939799469093
2023-08-10,1854.69,1865.38,1844.81,1851.42,1190359.595,2023-08-10 23:59:59.999,2206051375.26295,1022074,580202.134,1075359575.26292,0,2023-08-10,47.044302108353364,1854.5404999999998,17.645300395774317,-0.17684595501400815,-0.0017684800776405218,-0.0017700456846351635
2023-08-11,1851.43,1857.99,1834.52,1848.04,1079579.87,2023-08-11 23:59:59.999,1994538363.42238,894262,526457.122,972773800.02674,0,2023-08-11,40.956118444523604,1853.6625,17.502333942235584,-0.32124287072549024,-0.0018256257359217098,-0.0018272942215816876
2023-08-12,1848.04,1853.02,1845.35,1849.14,450661.209,2023-08-12 23:59:59.999,833424956.61809,478354,223779.048,413851499.05956,0,2023-08-12,38.60820535648047,1851.7265,15.553514165590054,-0.16629682350000052,0.0005952252115755119,0.0005950481353126174
2023-08-13,1849.14,1861.93,1833.4,1840.09,841324.653,2023-08-13 23:59:59.999,1554669146.88981,746373,413565.853,764309121.11672,0,2023-08-13,41.71543086172339,1851.279,15.762229971951397,-0.7098614865987047,-0.004894167018181572,-0.004906182674031491
2023-08-14,1840.09,1855.86,1834.28,1844.81,1283582.445,2023-08-14 23:59:59.999,2369924279.03675,1058520,633864.721,1170351292.33259,0,2023-08-14,45.73730862207889,1850.6740000000002,15.766936224238606,-0.37191753151037027,0.002565091924851437,0.0025618076916012196
2023-08-15,1844.8,1846.75,1810.92,1828.28,1212865.745,2023-08-15 23:59:59.999,2224006399.87829,1000802,554621.718,1017020706.03046,0,2023-08-15,31.796373099129852,1848.539,15.763586253876738,-1.2851770957270412,-0.008960272331568042,-0.009000656991056606
2023-08-16,1828.27,1830.87,1791.11,1807.19,1557481.275,2023-08-16 23:59:59.999,2830987601.01116,1334812,756394.01,1375107712.58889,0,2023-08-16,35.51962209302327,1845.8845000000001,17.994565985442854,-2.1503436110269583,-0.011535432209508367,-0.01160248143423434
2023-08-17,1807.19,1809.66,1492.66,1681.0,5897283.822,2023-08-17 23:59:59.999,10069596308.31243,4001486,2770969.223,4728878843.88751,0,2023-08-17,16.86144292552501,1836.265,40.217784688711895,-3.8606054809274224,-0.06982663693358204,-0.07238429830800046
2023-08-18,1681.0,1698.98,1638.48,1660.76,2961785.532,2023-08-18 23:59:59.999,4956722774.94701,2799834,1456021.279,2436920133.34704,0,2023-08-18,15.840220385674897,1825.3105,54.8846950649525,-2.9981126761343053,-0.01204045211183824,-0.012113525505509128
2023-08-19,1660.76,1696.14,1653.36,1668.69,1374954.312,2023-08-19 23:59:59.999,2295511190.10816,1251150,659459.536,1101262541.125,0,2023-08-19,16.459564885189224,1815.7069999999999,64.34407305959974,-2.284856910811707,0.004774922324718878,0.004763558542874902
2023-08-20,1668.7,1694.36,1660.22,1684.16,1165848.58,2023-08-20 23:59:59.999,1950618000.36989,1059429,569849.606,953596496.62451,0,2023-08-20,21.858770637935052,1807.1455,69.93490284960215,-1.7585711138326068,0.009270745315187456,0.009228035719432873
2023-08-21,1684.15,1687.78,1647.22,1666.79,1716607.681,2023-08-21 23:59:59.999,2864914067.06811,1393442,839563.063,1401314659.34083,0,2023-08-21,20.569677960538314,1796.8325,74.7473027061607,-1.739761774564768,-0.010313746912407495,-0.010367302155151461
2023-08-22,1666.8,1668.57,1575.0,1634.5,2628650.16,2023-08-22 23:59:59.999,4297253119.31144,2461726,1282150.613,2096662806.13178,0,2023-08-22,10.461868958109633,1786.604,82.2804625655707,-1.8486040945477886,-0.019372566430084115,-0.019562673845997434
2023-08-23,1634.49,1703.85,1628.5,1678.8,2809971.177,2023-08-23 23:59:59.999,4668477789.68188,3320788,1426411.606,2370270396.66141,0,2023-08-23,22.765838855514986,1778.8095,84.82978942226197,-1.1789431599573736,0.027103089629856303,0.02674230529517057
2023-08-24,1678.79,1682.88,1631.66,1660.22,1739875.239,2023-08-24 23:59:59.999,2884193910.79672,1485826,867292.244,1437771560.47395,0,2023-08-24,21.736045411542136,1770.3505,87.89908912020718,-1.2529196957819442,-0.011067429116035199,-0.011129128769705456
2023-08-25,1660.23,1676.73,1634.43,1653.24,1842552.274,2023-08-25 23:59:59.999,3043887039.99092,1693684,932169.939,1540066750.87766,0,2023-08-25,21.507137842265422,1761.2375,90.20684533923594,-1.1972206720438971,-0.004204262085747645,-0.004213124845222271
2023-08-26,1653.25,1654.77,1643.01,1646.28,499811.129,2023-08-26 23:59:59.999,824120366.34905,516668,242895.732,400492416.46727,0,2023-08-26,20.828300258843825,1752.0824999999998,92.19652064878053,-1.1475758440283312,-0.004209915075851112,-0.004218801718434218
2023-08-27,1646.29,1659.57,1645.38,1657.59,657340.273,2023-08-27 23:59:59.999,1086302322.04676,657187,334292.636,552428808.20619,0,2023-08-27,23.925591496170995,1743.5529999999999,92.67564422563099,-0.9275684104305958,0.006870034259056856,0.006846543102359833
2023-08-28,1657.59,1663.88,1618.0,1652.51,1672402.974,2023-08-28 23:59:59.999,2751962940.19508,1483706,843576.057,1388408352.74988,0,2023-08-28,22.55366522036995,1733.4105,90.87798126437634,-0.8902101353313457,-0.0030646903033921813,-0.0030693960836856698
2023-08-29,1652.5,1747.15,1639.01,1728.51,3479356.341,2023-08-29 23:59:59.999,5922298880.94104,2859738,1773847.706,3019021235.59899,0,2023-08-29,37.82669172014935,1727.1009999999999,86.27801402567538,0.01633092759391521,0.045990644534677605,0.044964421563227844
2023-08-30,1728.52,1730.37,1688.0,1704.39,1539234.041,2023-08-30 23:59:59.999,2633294810.54013,1517829,766589.73,1311603535.89948,0,2023-08-30,37.54905285596628,1719.7495,81.24482269985211,-0.18905204651308516,-0.01395421490185178,-0.014052490266762039
2023-08-31,1704.39,1730.0,1628.3,1645.27,2488894.539,2023-08-31 23:59:59.999,4174430139.24252,2158167,1222124.399,2050532975.80199,0,2023-08-31,44.83297180043384,1709.611,76.93013336790769,-0.8363562778748637,-0.0346868967783196,-0.0353027709716078
2023-09-01,1645.26,1653.89,1601.22,1628.19,2089554.942,2023-09-01 23:59:59.999,3406667604.15655,1880661,1032354.552,1683031627.01186,0,2023-09-01,45.24650456814268,1698.5635000000002,71.51251464091575,-0.9840725130890039,-0.010381274805958851,-0.010435536100216542
2023-09-02,1628.2,1644.99,1627.05,1636.24,754625.922,2023-09-02 23:59:59.999,1233123837.93811,779308,368608.693,602379071.68856,0,2023-09-02,45.26567651950628,1688.3709999999999,64.45866998157412,-0.808750785812084,0.004944140425871657,0.004931958300521702
2023-09-03,1636.24,1648.24,1623.93,1635.02,838943.974,2023-09-03 23:59:59.999,1371255502.34573,794257,428801.493,701003639.28079,0,2023-09-03,42.51963709431892,1677.8815,53.859495011545796,-0.7958021142012529,-0.0007456118906762343,-0.0007458899974704078
2023-09-04,1635.03,1644.5,1614.76,1630.09,1087824.165,2023-09-04 23:59:59.999,1772994172.54402,1049704,544060.418,886796174.83601,0,2023-09-04,44.19340548066577,1667.9720000000002,41.55935116766927,-0.9115156742261716,-0.0030152536360411597,-0.003019808671982891
2023-09-05,1630.08,1648.0,1608.45,1633.63,1444381.953,2023-09-05 23:59:59.999,2353454200.55271,1320230,723388.438,1178787699.00706,0,2023-09-05,49.84857451178336,1659.2939999999999,26.265828791591755,-0.9770870054637434,0.002171659233539458,0.002169304589998857
2023-09-06,1633.63,1680.0,1606.74,1632.33,1835281.753,2023-09-06 23:59:59.999,2997580765.06195,1505410,925291.963,1511534954.95455,0,2023-09-06,40.48798460719695,1656.8605,26.403199462300922,-0.9290730100730887,-0.0007957738288353333,-0.0007960906249051604
2023-09-07,1632.33,1659.7,1622.61,1647.27,1570880.608,2023-09-07 23:59:59.999,2572833662.21947,1312038,798238.114,1307460916.38445,0,2023-09-07,47.309146822923154,1656.1860000000001,26.47056208028168,-0.3368269994781044,0.009152561063020315,0.00911093020253883
2023-09-08,1647.25,1658.77,1615.0,1635.78,1482115.785,2023-09-08 23:59:59.999,2422307107.23686,1298004,732024.197,1196325913.40325,0,2023-09-08,46.43876968263033,1654.5404999999998,26.674474192099666,-0.7033128325189733,-0.006975177111220421,-0.006999617375509246
2023-09-09,1635.77,1636.92,1629.0,1634.8,411166.927,2023-09-09 23:59:59.999,671640259.67899,425249,205822.019,336217122.03261,0,2023-09-09,47.59993309918047,1652.0725000000002,26.06628794265108,-0.6626375047341535,-0.0005991025688051321,-0.0005992821024587364
2023-09-10,1634.81,1635.05,1590.0,1616.47,1532646.839,2023-09-10 23:59:59.999,2479591561.04642,1274849,742295.231,1201148650.913,0,2023-09-10,41.64838735884316,1649.5565,26.983332140878773,-1.2261828830945247,-0.011212380719354043,-0.011275713311137808
2023-09-11,1616.46,1618.35,1528.61,1551.03,3273332.648,2023-09-11 23:59:59.999,5152734588.80112,2794774,1566573.982,2466302225.71971,0,2023-09-11,33.447510928426965,1645.3830000000003,34.76713134713856,-2.713856344888398,-0.0404832752850347,-0.04132553302973877
2023-09-12,1551.02,1626.78,1548.7,1592.29,2987142.357,2023-09-12 23:59:59.999,4756772634.50226,2626404,1526375.881,2430607021.09923,0,2023-09-12,24.941133186166326,1641.0575000000001,35.75816930957645,-1.3638142259967334,0.026601677594888518,0.026254005269838017
2023-09-13,1592.29,1620.0,1580.46,1606.68,1869877.516,2023-09-13 23:59:59.999,2989447575.59212,1813619,950149.896,1519369281.24121,0,2023-09-13,31.35803411302328,1638.3805,36.24882669249939,-0.8745248575606831,0.009037298482060585,0.008996706478204953
2023-09-14,1606.69,1644.45,1606.02,1625.65,2118267.271,2023-09-14 23:59:59.999,3445036998.14618,1981372,1080125.743,1756825319.19237,0,2023-09-14,45.579488103821234,1637.0009999999997,36.17848428647978,-0.3137500153438332,0.011806955958871823,0.011737797687876365
2023-09-15,1625.65,1653.91,1610.0,1640.67,1426966.202,2023-09-15 23:59:59.999,2324102928.93025,1432652,746173.973,1215530057.64763,0,2023-09-15,52.83816974438279,1636.7205,36.124463132105554,0.10933034452462381,0.00923938117060863,0.009196959190095905
2023-09-16,1640.66,1652.97,1630.37,1633.68,778800.039,2023-09-16 23:59:59.999,1275526426.27402,791509,379181.772,621064593.59224,0,2023-09-16,49.414990859232184,1635.525,35.79156332527348,-0.05154846082672277,-0.004260454570388927,-0.004269556167455082
2023-09-17,1633.68,1634.43,1610.81,1621.62,946075.604,2023-09-17 23:59:59.999,1536971431.17038,912567,458286.181,744605754.84458,0,2023-09-17,47.08238982755616,1633.9805000000001,35.686377538859354,-0.34636465935890304,-0.007382106654914122,-0.007409489248292442
2023-09-18,1621.63,1668.64,1598.58,1635.63,2369929.712,2023-09-18 23:59:59.999,3889929749.54443,2181953,1187811.327,1950011835.53669,0,2023-09-18,51.16035522788207,1629.3365,27.940155082900354,0.22524928660299043,0.008639508639508797,0.008602401655646989
2023-09-19,1635.63,1660.69,1625.02,1642.49,1776617.676,2023-09-19 23:59:59.999,2919971038.79256,1657071,890576.185,1463833715.04528,0,2023-09-19,51.83027598744007,1626.2414999999999,21.981809770657122,0.7391793564554361,0.0041941025782112895,0.004185331845010753
2023-09-20,1642.48,1648.68,1602.0,1621.6,1872818.8,2023-09-20 23:59:59.999,3048153518.40011,1815994,910689.54,1482440750.90431,0,2023-09-20,47.94939418262432,1625.058,21.536071967593216,-0.16056781409365506,-0.012718494480940534,-0.012800066922380773
2023-09-21,1621.6,1624.81,1565.5,1583.0,2049732.627,2023-09-21 23:59:59.999,3270921337.69404,1935935,966042.895,1541901301.88779,0,2023-09-21,38.736022994146325,1622.7985,23.473618624312365,-1.6954565308809928,-0.02380365071534285,-0.02409153525677811
2023-09-22,1583.0,1602.28,1575.46,1592.28,1121431.042,2023-09-22 23:59:59.999,1785915865.79037,1084273,558545.8,889563626.69211,0,2023-09-22,42.316659601526084,1620.6005,24.195786382923785,-1.170472393490268,0.005862286797220451,0.005845170455333228
2023-09-23,1592.28,1597.6,1586.53,1592.97,512678.235,2023-09-23 23:59:59.999,816248305.47904,458455,258382.402,411362107.88128,0,2023-09-23,42.604052477103174,1618.498,24.698602048734646,-1.0335807650015505,0.00043334086969637475,0.00043324700465775947
2023-09-24,1592.97,1600.95,1568.28,1579.99,884404.712,2023-09-24 23:59:59.999,1404537061.94281,810700,439772.57,698598584.85967,0,2023-09-24,43.42560553633219,1615.993,25.96899874452869,-1.3863838322833015,-0.008148301600155672,-0.00818168045394354
2023-09-25,1579.99,1597.13,1562.0,1587.69,1624097.779,2023-09-25 23:59:59.999,2566160541.55339,1487912,831407.036,1313878843.61197,0,2023-09-25,58.34319526627219,1613.6960000000001,26.355725314359287,-0.9867305752284244,0.004873448566130145,0.004861611757474361
2023-09-26,1587.68,1599.4,1578.61,1593.3,1186689.092,2023-09-26 23:59:59.999,1884723615.62952,1166579,599949.579,952942906.9894,0,2023-09-26,50.27438196142353,1611.7445,26.34833930158063,-0.7000251434781539,0.0035334353683653674,0.003527207451929277
2023-09-27,1593.3,1633.98,1582.64,1597.89,2305835.91,2023-09-27 23:59:59.999,3703063187.32729,2014187,1160285.719,1863889811.31129,0,2023-09-27,47.47776183644191,1609.2755,25.129592007780975,-0.4530714225871446,0.0028808134061382162,0.0028766718153912262
2023-09-28,1597.89,1668.0,1597.17,1652.13,2832920.096,2023-09-28 23:59:59.999,4633523879.60758,2580757,1470588.013,2405056706.62462,0,2023-09-28,56.31920580374187,1610.093,26.276951096944554,1.5997670294742847,0.033944764658393245,0.03338135556692384
2023-09-29,1652.13,1687.65,1647.5,1666.61,1996104.505,2023-09-29 23:59:59.999,3329523068.64839,1954962,1012814.554,1689487331.83868,0,2023-09-29,56.206335534500866,1611.6835,28.70194075142981,1.9136859237389234,0.008764443475997474,0.008726258691336228
2023-09-30,1666.61,1694.11,1665.27,1670.18,1063587.313,2023-09-30 23:59:59.999,1783660358.78097,1050816,537174.971,901072185.26257,0,2023-09-30,58.87818641759095,1614.3690000000001,31.545220991019818,1.7692378828440607,0.0021420728304764047,0.0021397818634996133
2023-10-01,1670.17,1780.0,1666.69,1733.39,1762739.428,2023-10-01 23:59:59.999,2997174137.30115,1812217,934466.489,1590481386.31219,0,2023-10-01,71.76970121927468,1623.487,37.973903379803005,2.894171792159075,0.03784622016788619,0.03714762364110551
2023-10-02,1733.4,1743.99,1619.99,1661.49,3140059.122,2023-10-02 23:59:59.999,5329837520.60813,3102053,1523394.231,2587170206.61582,0,2023-10-02,54.109980928162734,1626.947,38.13402446777876,0.9058314846676394,-0.04147941317303094,-0.04236423855602209
2023-10-03,1661.49,1669.94,1642.03,1656.18,1574186.817,2023-10-03 23:59:59.999,2606720930.49924,1713634,791611.03,1310942231.3823,0,2023-10-03,52.18655166906246,1629.422,38.35511159242077,0.6976384343328987,-0.003195926547857608,-0.003201044428262887
2023-10-04,1656.19,1657.05,1615.0,1645.75,1760659.358,2023-10-04 23:59:59.999,2888984570.87979,1800180,871317.804,1430070895.74855,0,2023-10-04,53.99054826663143,1630.4270000000001,38.51407959918445,0.3978545030665704,-0.00629762465432504,-0.006317538342448494
2023-10-05,1645.76,1655.13,1601.28,1611.23,1929063.873,2023-10-05 23:59:59.999,3142418022.15932,1946846,936228.104,1525405654.26574,0,2023-10-05,54.728484807879134,1628.955,38.664292176083805,-0.45843332445547497,-0.020975239252620348,-0.021198344894668503
2023-10-06,1611.24,1664.6,1610.59,1644.33,2078440.945,2023-10-06 23:59:59.999,3396848695.37563,2101172,1055384.558,1725094663.88657,0,2023-10-06,58.074023516272135,1629.4875,38.80587053735281,0.3824807894906839,0.020543311631486372,0.02033514394625862
2023-10-07,1644.32,1647.16,1629.03,1633.18,729971.504,2023-10-07 23:59:59.999,1195721405.78214,803174,364663.637,597321833.31396,0,2023-10-07,56.04134739625591,1630.0655000000002,38.768592480236244,0.08033564802714056,-0.006780877317813294,-0.006803971926761465
2023-10-08,1633.17,1640.9,1615.19,1632.02,1153340.712,2023-10-08 23:59:59.999,1878584822.50507,1197257,576481.404,939040662.60794,0,2023-10-08,58.10511885846029,1629.885,38.74972074607286,0.05509717125423066,-0.0007102707601122082,-0.0007105231218924147
2023-10-09,1632.03,1635.81,1544.3,1579.4,2950124.049,2023-10-09 23:59:59.999,4687163300.24275,2468764,1396322.676,2218841266.20996,0,2023-10-09,48.8671458635109,1626.7305000000001,40.21004593975952,-1.1770814704093595,-0.03224225193318697,-0.03277348328744168
2023-10-10,1579.39,1594.4,1545.6,1566.89,2076875.007,2023-10-10 23:59:59.999,3269769387.62689,1877903,1025764.768,1615272405.25873,0,2023-10-10,46.4577912497653,1623.9950000000001,42.37986879346431,-1.3474557997878127,-0.007920729390907932,-0.007952265001691645
2023-10-11,1566.89,1577.89,1541.78,1566.07,2381820.983,2023-10-11 23:59:59.999,3720791581.44529,2150018,1187227.914,1854872229.63186,0,2023-10-11,45.68858056473901,1623.1485,43.398639716175516,-1.3152140337413805,-0.0005233296530070541,-0.0005234666377641208
2023-10-12,1566.08,1568.06,1514.5,1538.81,2299190.123,2023-10-12 23:59:59.999,3548262571.00839,1969356,1099774.943,1697529747.81473,0,2023-10-12,33.43468600163722,1620.475,46.905595502856166,-1.7410502760811817,-0.017406629333299284,-0.017559905996686005
2023-10-13,1538.82,1575.53,1536.65,1551.55,1795481.428,2023-10-13 23:59:59.999,2781970955.41561,1572029,899400.523,1393667348.79359,0,2023-10-13,33.0943285336468,1618.404,49.04933750294245,-1.3629949639174943,0.008279124778237668,0.008245040819036806
2023-10-14,1551.55,1561.7,1543.83,1554.15,791727.302,2023-10-14 23:59:59.999,1228665922.21849,735132,409317.457,635288169.20856,0,2023-10-14,32.903073704063914,1617.112,50.43519475007064,-1.2483742813328147,0.0016757436112275759,0.0016743411194947292
2023-10-15,1554.15,1567.0,1546.14,1557.25,1000513.27,2023-10-15 23:59:59.999,1557409625.42848,929789,505242.61,786513038.1702,0,2023-10-15,18.458563140176196,1615.59,51.81035448231186,-1.1260297402504222,0.0019946594601549794,0.001992672768384344
2023-10-16,1557.25,1642.0,1554.1,1598.61,3513907.329,2023-10-16 23:59:59.999,5586981341.03709,2904708,1793178.182,2851360793.88214,0,2023-10-16,37.35724626025411,1615.8555000000001,51.703613991100354,-0.3335453495179013,0.0265596403917161,0.026213056511637647
2023-10-17,1598.61,1599.83,1541.0,1563.99,1821162.481,2023-10-17 23:59:59.999,2869574835.22577,1613796,884253.539,1393430053.79356,0,2023-10-17,33.418468290226244,1614.1605,52.86617697698365,-0.9490094209354817,-0.02165631392272027,-0.02189425342296954
2023-10-18,1564.0,1584.9,1554.7,1562.65,1722717.852,2023-10-18 23:59:59.999,2706429797.06621,1514754,867201.254,1362536631.72958,0,2023-10-18,34.548159166976575,1609.6865,53.26850350870092,-0.8830077231720421,-0.0008567829717580633,-0.0008571502200714621
2023-10-19,1562.66,1574.34,1539.0,1565.89,1914194.811,2023-10-19 23:59:59.999,2979513487.14482,1602080,949767.274,1478615291.82173,0,2023-10-19,40.459557276323544,1604.6505,52.35695223281337,-0.74031238158488,0.0020734009535083864,0.0020712544243164017
2023-10-20,1565.9,1630.01,1560.37,1603.14,2591313.635,2023-10-20 23:59:59.999,4147073641.09869,2349744,1337875.67,2140869634.71588,0,2023-10-20,41.481573396203025,1601.2984999999999,50.03535942083608,0.03680397265685221,0.02378838871185085,0.02350985361333882
2023-10-21,1603.15,1643.84,1591.25,1628.29,1630618.809,2023-10-21 23:59:59.999,2637996263.05947,1505973,823023.857,1331750359.58411,0,2023-10-21,49.04406302537434,1596.0435,39.931047711268526,0.8075545683941576,0.01568796237384129,0.01556617833636993
2023-10-22,1628.29,1667.5,1620.0,1662.83,1922557.976,2023-10-22 23:59:59.999,3147813653.67379,1833101,978910.359,1603253930.14586,0,2023-10-22,55.32768459277192,1596.1105000000002,40.04759359027999,1.6660052207529714,0.021212437587899036,0.020990585695961947
2023-10-23,1662.82,1803.0,1656.25,1766.35,5040484.646,2023-10-23 23:59:59.999,8602139318.25797,4897119,2548724.688,4351652892.82009,0,2023-10-23,77.48860461696809,1601.6190000000001,53.91936298042063,3.055136242240425,0.06225531172759702,0.06039430044989055
2023-10-24,1766.35,1854.87,1755.28,1784.31,5148312.495,2023-10-24 23:59:59.999,9289125142.383,5912764,2537428.729,4577941312.19656,0,2023-10-24,81.46454413892909,1608.547,67.16326103336131,2.616951549042489,0.010167860276842022,0.010116515337664672
2023-10-25,1784.3,1818.55,1759.16,1786.71,2706185.955,2023-10-25 23:59:59.999,4842621703.21632,3390549,1342446.195,2402553046.32413,0,2023-10-25,81.78517920940422,1617.3210000000001,78.10329313768563,2.168781791330998,0.0013450577534173114,0.0013441539735705836
2023-10-26,1786.7,1872.64,1757.25,1803.3,4046404.43,2023-10-26 23:59:59.999,7321211035.63508,4124422,2002889.806,3624600205.76679,0,2023-10-26,89.31066258434653,1625.2694999999999,88.40620747884948,2.0137782750446855,0.009285222559900497,0.009242379879261672
2023-10-27,1803.31,1803.92,1735.5,1780.02,2440107.981,2023-10-27 23:59:59.999,4342572403.59896,2392435,1187295.267,2113386532.06047,0,2023-10-27,82.92549358697222,1632.6115,94.95276799686829,1.5524402617189823,-0.012909665613042742,-0.012993719535161898
2023-10-28,1780.03,1806.23,1767.37,1776.76,1074543.724,2023-10-28 23:59:59.999,1919964127.56444,1163130,532947.194,952356773.00363,0,2023-10-28,82.02007997468431,1639.8485,100.27212753698527,1.3653993723180977,-0.0018314400961786381,-0.0018331192330638638
2023-10-29,1776.76,1813.1,1762.49,1795.49,1315116.448,2023-10-29 23:59:59.999,2355557946.44111,1379647,661801.443,1185353590.20619,0,2023-10-29,82.7937451822487,1650.6529999999998,104.948860383491,1.3800721558171758,0.01054166010040758,0.010486484226374108
2023-10-30,1795.48,1832.65,1776.94,1809.81,2334817.504,2023-10-30 23:59:59.999,4215510289.5673,2225616,1166802.277,2106971712.38701,0,2023-10-30,81.40987507436054,1662.7989999999998,108.73318545873686,1.352034334134259,0.00797553871088108,0.007943902202821089
2023-10-31,1809.82,1820.91,1781.0,1815.67,2155865.116,2023-10-31 23:59:59.999,3883759064.22507,2111699,1056508.56,1903455534.56253,0,2023-10-31,90.93156388238359,1675.279,111.3395096989569,1.2609270543726434,0.0032379089517684534,0.0032326782126417966
2023-11-01,1815.66,1861.63,1782.73,1848.2,3596670.145,2023-11-01 23:59:59.999,6543306690.18927,3191399,1791212.171,3259729542.97009,0,2023-11-01,92.16253728257982,1690.7485000000001,112.86345211782047,1.395061882704359,0.01791625130117258,0.01775764686710291
2023-11-02,1848.2,1876.26,1784.0,1800.68,2902767.066,2023-11-02 23:59:59.999,5310717363.58517,2745069,1394011.396,2551622630.55722,0,2023-11-02,80.65864041158497,1703.205,110.41320527909804,0.8828201278425599,-0.025711503084081766,-0.026047821131964303
2023-11-03,1800.68,1834.32,1775.36,1832.49,2284646.929,2023-11-03 23:59:59.999,4119457491.29056,2333085,1134916.177,2046835562.76318,0,2023-11-03,80.37989774021777,1717.122,108.15534697833625,1.0666879005354066,0.017665548570539924,0.017511326398020263
2023-11-04,1832.49,1870.68,1823.32,1856.08,1368734.648,2023-11-04 23:59:59.999,2518749107.0753,1379689,688307.936,1266895459.57968,0,2023-11-04,80.2984756989705,1732.0634999999997,105.51610090534777,1.1753324747210667,0.012873194396695098,0.01279103914549864
2023-11-05,1856.08,1914.96,1846.21,1892.49,3049000.645,2023-11-05 23:59:59.999,5744702487.69734,2680620,1544706.562,2910812463.37326,0,2023-11-05,80.39599767060196,1746.7575000000002,106.41227075440922,1.3695084125808994,0.019616611352959,0.019426685416296597
2023-11-06,1892.49,1916.8,1869.13,1901.71,2360118.573,2023-11-06 23:59:59.999,4471746197.27929,2206036,1162975.731,2203622314.59004,0,2023-11-06,73.87470015521379,1763.6435000000001,102.61102696850283,1.345532776339724,0.004871888358723098,0.004860059115576522
2023-11-07,1901.72,1908.47,1850.1,1885.79,2747654.474,2023-11-07 23:59:59.999,5170405915.43216,2459502,1349013.731,2538933402.7521,0,2023-11-07,68.0287094940307,1779.8005,94.41003562152274,1.1226507786195283,-0.00837141309663414,-0.008406650169118055
2023-11-08,1885.79,1906.2,1873.13,1888.42,1671720.477,2023-11-08 23:59:59.999,3158948638.69263,1599496,819658.346,1548971145.03108,0,2023-11-08,68.05481591933824,1795.9270000000001,82.77777969711178,1.1173650747632595,0.001394640972748773,0.001393669364285742
2023-11-09,1888.42,2134.3,1881.79,2122.92,8102128.485,2023-11-09 23:59:59.999,16206007619.1415,6414486,4184285.526,8370947086.9697,0,2023-11-09,81.98887065134713,1821.916,99.0587512221355,3.0386411729036444,0.12417788415712616,0.11705199887598713
2023-11-10,2122.92,2139.6,2066.0,2079.1,3645227.908,2023-11-10 23:59:59.999,7658220087.43382,3688849,1796183.776,3774301562.08345,0,2023-11-10,78.75105744828114,1844.4564999999998,103.85495625988023,2.2593384894683575,-0.02064138073973587,-0.020857391719180052
2023-11-11,2079.1,2091.97,2021.0,2054.52,2484048.95,2023-11-11 23:59:59.999,5117869676.2676,2338320,1202711.313,2478669015.76359,0,2023-11-11,75.65011820330967,1864.041,104.72988378131124,1.8187645505054069,-0.011822423163868945,-0.011892863744615994
2023-11-12,2054.53,2068.96,2011.5,2046.08,1719295.996,2023-11-12 23:59:59.999,3521190449.16089,1825830,821554.663,1682975102.44176,0,2023-11-12,73.58938153064105,1878.0275000000001,109.56393110275437,1.5338305070707257,-0.004108015497537143,-0.004116476573304788
2023-11-13,2046.07,2120.0,2030.0,2055.18,4007607.657,2023-11-13 23:59:59.999,8297650404.00478,3808882,1953362.921,4045534119.88604,0,2023-11-13,73.3272488734242,1891.5710000000004,114.02039420072686,1.4349099662993139,0.004447528933374967,0.004437667903900138
2023-11-14,2055.18,2066.39,1920.0,1980.11,3803937.012,2023-11-14 23:59:59.999,7681721989.8978,3536731,1767390.943,3570456509.01781,0,2023-11-14,63.81523675101655,1901.241,112.85423826196858,0.6988572269383564,-0.03652721416129001,-0.0372110366343384
2023-11-15,1980.11,2064.08,1967.85,2059.29,3044717.364,2023-11-15 23:59:59.999,6140731223.70993,2774407,1527764.985,3082060289.85544,0,2023-11-15,66.44541049252871,1914.0404999999998,115.64373733130716,1.2560083524789203,0.039987677452262727,0.039208864479492504
2023-11-16,2059.3,2093.0,1938.4,1962.13,4348334.629,2023-11-16 23:59:59.999,8782074171.55734,3800919,2098325.553,4239823879.39005,0,2023-11-16,61.6750791837207,1923.146,111.63589987570153,0.34920666240345627,-0.04718131006317705,-0.04833064533072314
2023-11-17,1962.14,1992.26,1903.81,1961.21,3228385.518,2023-11-17 23:59:59.999,6299859702.20526,3003364,1577706.226,3079474072.44778,0,2023-11-17,59.743543161655616,1932.3685,106.40237078262375,0.2710606896055178,-0.00046887820888530385,-0.0004689881666452293
2023-11-18,1961.21,1972.06,1916.0,1963.19,1643154.159,2023-11-18 23:59:59.999,3202110781.79973,1600372,803856.524,1566668105.39545,0,2023-11-18,58.3819823767862,1940.7535000000003,101.54488306450513,0.22095155681795692,0.001009580820003908,0.001009071536034577
2023-11-19,1963.19,2016.45,1943.44,2012.46,1726269.572,2023-11-19 23:59:59.999,3401707212.28241,1606737,901505.434,1777152472.29308,0,2023-11-19,59.20311756854201,1950.886,97.83395521846856,0.6293724899755097,0.0250969086028352,0.02478715309965252
2023-11-20,2012.45,2068.8,1981.96,2022.41,3280845.795,2023-11-20 23:59:59.999,6650412053.45637,2877783,1625521.713,3295725625.10417,0,2023-11-20,59.24875865873843,1961.223,93.62675551585765,0.6535204564429964,0.00494419764864884,0.00493201524177172
2023-11-21,2022.41,2036.06,1929.85,1933.44,4105107.032,2023-11-21 23:59:59.999,8161456877.11487,3410996,1998657.772,3974783022.12897,0,2023-11-21,53.283625287704844,1965.4850000000001,90.08411896377088,-0.3557230771484551,-0.0439920688683304,-0.04498906980231443
2023-11-22,1933.44,2093.78,1928.74,2063.91,3525684.092,2023-11-22 23:59:59.999,7155330992.38286,3097542,1788844.299,3630783925.61124,0,2023-11-22,60.281693441604844,1978.6465,83.7446344723046,1.0181368697501152,0.06748075968222422,0.06530144224132746
2023-11-23,2063.92,2089.75,2033.5,2062.68,2101282.327,2023-11-23 23:59:59.999,4333101748.32414,1966699,1039598.744,2144117710.38171,0,2023-11-23,45.143032218531275,1990.1559999999997,78.23737398728467,0.9269738528262323,-0.0005959562190211987,-0.0005961338715142722
2023-11-24,2062.67,2135.0,2057.77,2081.16,3231969.816,2023-11-24 23:59:59.999,6778271023.31061,2738733,1598086.368,3352142839.04157,0,2023-11-24,50.17316745124411,2001.4100000000003,74.01029480313753,1.077552794677136,0.008959218104601874,0.008919322422428938
2023-11-25,2081.16,2090.79,2065.59,2082.87,1027458.693,2023-11-25 23:59:59.999,2137077833.54589,1056929,512548.536,1066083174.78538,0,2023-11-25,52.478450159984604,2010.9289999999996,71.46323640059514,1.0066854458805499,0.0008216571527417393,0.0008213197772953977
2023-11-26,2082.87,2094.96,2035.0,2061.97,2265552.05,2023-11-26 23:59:59.999,4687601793.16523,1922353,1097420.414,2270977505.00993,0,2023-11-26,51.35953729529937,2018.9419999999998,67.44398038766374,0.6379813254300502,-0.010034231613110789,-0.010084913838293661
2023-11-27,2061.97,2071.0,1985.0,2027.57,2895401.474,2023-11-27 23:59:59.999,5861604298.08316,2658341,1393232.825,2820653227.83683,0,2023-11-27,47.73573455362562,2026.0309999999997,59.72085423477786,0.02576989260652593,-0.01668307492349541,-0.016823804818476826
2023-11-28,2027.57,2075.87,1994.85,2048.2,2601579.447,2023-11-28 23:59:59.999,5299174745.72606,2375525,1312949.299,2674639422.12915,0,2023-11-28,56.131472309770366,2034.02,50.2850940559507,0.2819921144866942,0.010174741192659154,0.010123326970317623
2023-11-29,2048.21,2077.0,2018.56,2028.41,2090299.255,2023-11-29 23:59:59.999,4272821333.41157,1964582,1017733.523,2080690233.66549,0,2023-11-29,46.88621788408019,2029.2945,45.72508127534442,-0.019343869389179705,-0.009662142368909166,-0.009709123738541495
2023-11-30,2028.41,2054.97,2020.4,2051.76,1702901.412,2023-11-30 23:59:59.999,3467788056.2867,1594450,854710.826,1740773525.27975,0,2023-11-30,60.618410140978575,2027.9275000000002,44.55133950086196,0.5349446339214757,0.011511479434631156,0.011445726483292411
2023-12-01,2051.77,2111.5,2044.35,2086.99,2908736.552,2023-12-01 23:59:59.999,6077197060.66088,2456177,1450230.691,3030005103.54043,0,2023-12-01,63.780787097905154,2029.551,46.1348811866958,1.245023256211699,0.017170624244550847,0.01702487511279068
2023-12-02,2086.99,2199.99,2085.63,2165.28,2703872.717,2023-12-02 23:59:59.999,5771277302.8414,2069131,1408025.704,3005917771.12229,0,2023-12-02,68.96953085399969,2035.5109999999997,55.19288645053933,2.3511906759269046,0.037513356556572175,0.03682684682931695
2023-12-03,2165.26,2219.17,2148.17,2193.24,2138376.029,2023-12-03 23:59:59.999,4647728772.82338,1783428,1074599.378,2336250596.02384,0,2023-12-03,67.67639236545682,2042.414,65.46086789272238,2.30406355514831,0.012912879627576812,0.012830219226155385
2023-12-04,2193.25,2276.84,2191.52,2243.66,3783378.877,2023-12-04 23:59:59.999,8452455553.34357,3158954,1883664.855,4208338823.90871,0,2023-12-04,70.04693474439593,2055.5915,77.65057130474109,2.4219847560673005,0.02298882019295667,0.022728558457140682
2023-12-05,2243.67,2311.51,2186.0,2293.97,4121719.56,2023-12-05 23:59:59.999,9263997221.57883,3159367,2060798.958,4633613380.0191,0,2023-12-05,85.12773544829201,2067.3255,94.20568440081725,2.405847390648899,0.022423183548309522,0.02217547999858919
2023-12-06,2293.97,2314.98,2218.49,2233.29,2935176.941,2023-12-06 23:59:59.999,6656006363.54016,2433953,1422482.641,3226885681.53294,0,2023-12-06,69.10099688754572,2080.8835,97.71635731601245,1.559682577064564,-0.026451958831196554,-0.026808106472447992
2023-12-07,2233.32,2387.2,2222.08,2357.04,3592068.146,2023-12-07 23:59:59.999,8267176771.20482,3029221,1817772.741,4184430510.94754,0,2023-12-07,76.00812864463691,2100.675,111.33823282897518,2.3025783101281823,0.05541152291014595,0.05393075997999567
2023-12-08,2357.05,2397.44,2333.36,2360.82,2691981.223,2023-12-08 23:59:59.999,6360273773.82462,2294416,1333258.7,3150659977.83971,0,2023-12-08,75.36828737300442,2120.5564999999997,120.61152398792443,1.9920443093319635,0.0016037063435496712,0.001602421779723554
2023-12-09,2360.82,2407.63,2328.0,2342.4,2422255.37,2023-12-09 23:59:59.999,5724964316.41979,2095299,1182736.659,2795972395.20926,0,2023-12-09,72.84957123487881,2137.0534999999995,127.42021645247262,1.611569229099483,-0.007802373751493175,-0.007832971530359544
2023-12-10,2342.41,2379.98,2323.0,2353.97,1509788.704,2023-12-10 23:59:59.999,3549153797.86988,1479652,745273.235,1752214150.51171,0,2023-12-10,76.13770632675718,2153.6315,133.1590568208809,1.5045052494588143,0.004939378415300455,0.004927219706939964
2023-12-11,2353.99,2356.73,2114.63,2225.56,4715186.38,2023-12-11 23:59:59.999,10505238677.09641,3845528,2233909.931,4975110875.49382,0,2023-12-11,65.1695551571431,2168.2375,123.39881036172825,0.46453041023625746,-0.054550397838544984,-0.05609469514778855
2023-12-12,2225.55,2245.37,2164.82,2204.7,2861907.892,2023-12-12 23:59:59.999,6320204699.44428,2561548,1425796.153,3149072308.43669,0,2023-12-12,61.986458748200135,2175.277,121.12895629736842,0.24290641065020885,-0.009372921871349305,-0.009417124123208635
2023-12-13,2204.71,2285.91,2145.33,2261.44,3400818.732,2023-12-13 23:59:59.999,7496980793.2386,2839563,1692713.217,3732443600.42986,0,2023-12-13,66.89186250489294,2185.215,119.5480432603312,0.6376097669286832,0.025735927790629276,0.025410333299554416
2023-12-14,2261.45,2333.29,2212.04,2316.54,3279042.292,2023-12-14 23:59:59.999,7482325202.55013,2851067,1625436.478,3709938803.30156,0,2023-12-14,68.34876372103336,2196.984,120.3485253840315,0.9934147478624892,0.024365006367624176,0.024072914634444692
2023-12-15,2316.53,2319.32,2195.28,2221.71,2619585.033,2023-12-15 23:59:59.999,5917897874.7053,2342300,1262926.193,2853617419.35486,0,2023-12-15,58.62351495288817,2203.9260000000004,117.38760054669693,0.15149811323492512,-0.04093605117977672,-0.041797523506233385
2023-12-16,2221.71,2264.95,2211.16,2229.64,1615397.454,2023-12-16 23:59:59.999,3624431712.39292,1639372,795129.207,1784058853.10463,0,2023-12-16,54.52754797681354,2212.3095000000003,112.6057792513115,0.15390417894379724,0.0035693227288888796,0.0035629678138564937
2023-12-17,2229.63,2251.24,2190.0,2197.93,1888776.25,2023-12-17 23:59:59.999,4193330348.14639,1855200,918193.671,2038921237.42136,0,2023-12-17,50.32819694615891,2220.8275000000003,104.01116579106376,-0.2201446337597704,-0.014222026874293636,-0.014324129121879456
2023-12-18,2197.93,2226.52,2116.56,2220.48,3103789.978,2023-12-18 23:59:59.999,6733348048.69405,2909157,1521046.192,3301156090.86878,0,2023-12-18,48.31207037166493,2229.4415,95.76945361129313,-0.09357367784902082,0.010259653401154756,0.010207380388506106
2023-12-19,2220.49,2256.64,2135.03,2179.02,2922787.525,2023-12-19 23:59:59.999,6442713698.58217,2867036,1421128.68,3132620910.66113,0,2023-12-19,41.52023488101036,2236.972,84.37337810374316,-0.6868517215079862,-0.01867163856463472,-0.018848154286428682
2023-12-20,2179.01,2269.56,2156.0,2203.95,3264604.314,2023-12-20 23:59:59.999,7232731576.40189,3199614,1641740.15,3638245116.28233,0,2023-12-20,47.715095632670845,2244.5815,72.86878959909527,-0.5575981188042739,0.011440922983726454,0.011375970565309403
2023-12-21,2203.95,2282.41,2184.9,2241.35,3165860.981,2023-12-21 23:59:59.999,7068225568.50204,2976867,1586016.274,3541524294.60746,0,2023-12-21,39.5904191185733,2252.2995,62.7741820442244,-0.17442680483333498,0.016969531976678276,0.016827157892654557
2023-12-22,2241.47,2345.95,2232.56,2326.53,4099057.645,2023-12-22 23:59:59.999,9424688260.19954,3673059,2057294.139,4730569126.95634,0,2023-12-22,47.30885746126921,2260.362,61.34846814031735,1.0785599381008089,0.03800388158922097,0.03729952422535721
2023-12-23,2326.54,2332.75,2265.0,2309.86,1865910.468,2023-12-23 23:59:59.999,4279554665.09509,1718866,900317.381,2065048573.17343,0,2023-12-23,47.439166430572605,2266.1929999999998,60.16369521655812,0.7258031582472088,-0.007165177324169547,-0.007190970489464951
2023-12-24,2309.86,2328.79,2241.2,2265.43,2062149.982,2023-12-24 23:59:59.999,4721397589.48568,1972246,995693.02,2280234720.26452,0,2023-12-24,43.37473810236457,2267.2815,59.93104970455502,-0.030893835651597014,-0.01923493198722015,-0.019422330245235413
2023-12-25,2265.42,2308.0,2254.38,2273.07,1894335.789,2023-12-25 23:59:59.999,4319976648.99361,1906169,935091.968,2132834550.54507,0,2023-12-25,54.33936759037687,2266.2365,59.62261750954789,0.11461254613496091,0.0033724281924403243,0.0033667543094138604
2023-12-26,2273.08,2277.51,2178.84,2232.44,2717406.562,2023-12-26 23:59:59.999,6062439161.58762,2463779,1269071.122,2831183559.11326,0,2023-12-26,52.44534555712273,2266.194,59.647636067380645,-0.565889987020942,-0.017874504524717727,-0.018036182993182277
2023-12-27,2232.45,2395.0,2213.68,2380.31,3570723.046,2023-12-27 23:59:59.999,8260845965.55004,3376417,1824750.455,4220385247.26155,0,2023-12-27,59.028146977959366,2267.3574999999996,61.7044570492479,1.8305403758734975,0.06623694253820922,0.06413557359468428
2023-12-28,2380.32,2455.52,2336.02,2345.96,4260463.058,2023-12-28 23:59:59.999,10170568781.88293,3765791,2083640.202,4975136279.65121,0,2023-12-28,52.30716145424888,2266.6144999999997,60.59938921661412,1.3093448799686374,-0.014430893455054106,-0.01453603151460973
2023-12-29,2345.98,2388.74,2254.72,2300.6,3866751.979,2023-12-29 23:59:59.999,9014828986.57667,3347246,1877331.327,4378663257.1383,0,2023-12-29,56.70707860774343,2264.5245000000004,58.53368067554514,0.6163203745885656,-0.019335368036965783,-0.019524741307772757
2023-12-30,2300.61,2325.0,2269.15,2293.26,1809956.531,2023-12-30 23:59:59.999,4159237315.21914,1702313,890976.048,2047550080.98102,0,2023-12-30,55.4142837690632,2261.489,55.12597533692937,0.5763344740082361,-0.0031904720507692774,-0.0031955724580831992
2023-12-31,2293.26,2324.78,2258.0,2283.85,1671717.997,2023-12-31 23:59:59.999,3840542439.66964,1659172,822847.507,1890697866.70563,0,2023-12-31,57.60058030501396,2264.4035,54.66540571373949,0.3557368640385371,-0.004103328885516788,-0.004111770640266013
2024-01-01,2283.84,2354.95,2266.67,2354.62,1658563.418,2024-01-01 23:59:59.999,3833607643.67903,1694881,844668.997,1952994085.90657,0,2024-01-01,60.933424621804875,2271.8995,56.30206768901352,1.4692266802155391,0.030987148893315997,0.030516740256183426
2024-01-02,2354.63,2434.49,2335.0,2356.93,3376173.73,2024-01-02 23:59:59.999,8044076762.32824,3261710,1663317.071,3964080369.092,0,2024-01-02,65.4895610231764,2276.674,59.335531859571766,1.3525790952702699,0.0009810500208100592,0.0009805691057471807
2024-01-03,2356.92,2387.48,2067.16,2210.39,4996919.678,2024-01-03 23:59:59.999,11247346123.69518,4672877,2361194.588,5316498482.47451,0,2024-01-03,50.462710159505676,2271.3664999999996,60.32119338442684,-1.01086362153674,-0.062174099358063284,-0.06419095419456039
2024-01-04,2210.39,2295.55,2202.1,2267.85,2512800.256,2024-01-04 23:59:59.999,5657915952.55511,2713751,1251138.628,2817833669.84854,0,2024-01-04,51.85066204815911,2273.6735,59.193898091960605,-0.09838007273913396,0.025995412574251642,0.025663275563388727
2024-01-05,2267.85,2278.16,2206.0,2268.93,2640741.967,2024-01-05 23:59:59.999,5923620087.33033,2917958,1306889.001,2931697194.21693,0,2024-01-05,45.442028297407624,2275.638,58.300853257323276,-0.11505835035368851,0.00047622197235264174,0.00047610861465668855
2024-01-06,2268.92,2270.34,2215.56,2240.36,1201310.744,2024-01-06 23:59:59.999,2691373219.47519,1575059,588826.987,1319137639.47041,0,2024-01-06,44.602025599602335,2277.7594999999997,56.052977335405814,-0.6672170110824099,-0.01259183844367151,-0.012671787487333856
2024-01-07,2240.36,2257.98,2201.06,2220.87,1609796.697,2024-01-07 23:59:59.999,3600489002.36785,1927429,785012.985,1756032817.61605,0,2024-01-07,46.39959923725801,2277.779,56.0320658101501,-1.015650577525042,-0.008699494724062284,-0.008737556232996805
2024-01-08,2220.87,2359.63,2165.43,2331.11,3478939.516,2024-01-08 23:59:59.999,7863706854.1669,3995669,1752179.104,3962436923.55933,0,2024-01-08,54.02262205095506,2285.3835,52.10644098740614,0.8775594558655825,0.0496382048476498,0.04844553798088612
2024-01-09,2331.12,2377.36,2222.44,2344.44,4370510.933,2024-01-09 23:59:59.999,10039664919.16545,4815580,2169557.04,4984959602.11133,0,2024-01-09,58.067769261799114,2292.4080000000004,49.97679773239336,1.0411231283487021,0.005718305871451834,0.0057020184220125236
2024-01-10,2344.33,2645.65,2336.28,2585.82,7740895.596,2024-01-10 23:59:59.999,18922026567.58447,8220834,3906703.454,9551421624.39738,0,2024-01-10,63.04610032629535,2309.6315000000004,81.11286135123422,3.4049902247197354,0.10295848902083238,0.097996104949233
2024-01-11,2585.81,2691.9,2565.69,2618.59,5161427.019,2024-01-11 23:59:59.999,13515735771.84295,6580830,2560104.573,6705295939.41637,0,2024-01-11,67.34177215189874,2324.2345,106.6009461040039,2.761284123246109,0.012672962541862898,0.012593332611092084
2024-01-12,2618.6,2719.89,2458.38,2523.3,6484996.966,2024-01-12 23:59:59.999,16931186211.05264,7491478,3207075.547,8378289400.00684,0,2024-01-12,63.31969664346038,2334.9065,115.40639584919164,1.6324355215648971,-0.03638981283820686,-0.037068436315368165
2024-01-13,2523.3,2591.29,2497.79,2578.5,2509197.587,2024-01-13 23:59:59.999,6396752318.6813,3435962,1250328.99,3187901268.72509,0,2024-01-13,66.13640477914552,2350.5600000000004,126.21290612964181,1.805995971330119,0.02187611461181782,0.021640265854512293
2024-01-14,2578.51,2579.13,2470.0,2474.36,2126298.888,2024-01-14 23:59:59.999,5377127058.63416,2844015,1030119.982,2605581030.25596,0,2024-01-14,59.73410180160849,2360.6245000000004,127.72505678730916,0.8904713206696386,-0.04038782237735117,-0.04122605778589665
2024-01-15,2474.3,2555.0,2472.04,2512.21,1818558.839,2024-01-15 23:59:59.999,4582971876.58271,2769584,900709.545,2269735533.33003,0,2024-01-15,58.33236398244594,2374.6130000000003,128.26646762442493,1.0727433486583213,0.0152968848510322,0.015181067114908213
2024-01-16,2512.2,2613.8,2500.0,2587.4,2456630.069,2024-01-16 23:59:59.999,6264614166.95275,3431803,1217717.221,3105496591.03239,0,2024-01-16,61.31385428018813,2384.9675,136.82393330483353,1.4795108948446567,0.029929822745709878,0.02949066666377629
2024-01-17,2587.4,2593.01,2505.76,2530.62,2299529.287,2024-01-17 23:59:59.999,5861698853.5795,3138244,1139860.101,2905501276.98739,0,2024-01-17,67.23946725238757,2394.2005,140.24097413401745,0.9727506589453265,-0.021944809461235337,-0.022189178495820947
2024-01-18,2530.61,2549.99,2428.22,2471.29,2928749.65,2024-01-18 23:59:59.999,7309579149.43542,3725950,1405569.978,3509064047.39776,0,2024-01-18,60.93011261067653,2402.7349999999997,139.4364728582999,0.49165758853975183,-0.023444847507725353,-0.023724050493531088
2024-01-19,2471.29,2505.16,2415.55,2492.46,2594474.775,2024-01-19 23:59:59.999,6404258356.95563,3421545,1285716.188,3173951338.78877,0,2024-01-19,61.75570351203813,2412.695,138.31501750868037,0.5766908137433014,0.008566376265027653,0.008529893068337721
2024-01-20,2492.46,2492.46,2453.79,2472.27,938896.162,2024-01-20 23:59:59.999,2321269007.36401,1280394,457646.322,1131445899.51985,0,2024-01-20,62.30487610760332,2422.116,135.464673794762,0.37023674582486826,-0.008100430899593225,-0.008133417648665474
2024-01-21,2472.26,2482.7,2451.0,2457.02,708291.369,2024-01-21 23:59:59.999,1750600706.66527,1031485,346886.488,857430588.03018,0,2024-01-21,62.58647706558933,2427.236,134.7123974055184,0.22109323695236993,-0.006168420115925888,-0.006187523417932428
2024-01-22,2457.02,2466.46,2302.21,2314.33,3645112.961,2024-01-22 23:59:59.999,8673726491.18901,4445987,1735853.574,4131651730.55922,0,2024-01-22,49.13555060995713,2425.106,136.21099412310846,-0.8132676860127763,-0.05807441534867441,-0.059829004711645296
2024-01-23,2314.33,2351.76,2167.5,2241.67,4379161.194,2024-01-23 23:59:59.999,9796897099.56964,4729158,2123892.817,4750275811.085,0,2024-01-23,45.01063220343921,2426.67,133.77360037728002,-1.382933549506381,-0.031395695514468525,-0.03189910499487193
2024-01-24,2241.67,2264.44,2195.0,2234.62,2256073.0,2024-01-24 23:59:59.999,5029982840.98715,2865311,1115253.155,2486611241.73123,0,2024-01-24,27.927497611745167,2425.0085000000004,136.03721345648577,-1.3995324894015126,-0.0031449767360941516,-0.0031499325688096108
2024-01-25,2234.62,2242.55,2169.04,2218.02,2082826.704,2024-01-25 23:59:59.999,4606164128.97297,2790959,1045420.626,2312102672.07559,0,2024-01-25,24.30233900871194,2422.463,139.5425788669809,-1.4650940355265019,-0.007428556085598448,-0.0074562852186525535
2024-01-26,2218.01,2281.96,2195.15,2266.72,2261609.947,2024-01-26 23:59:59.999,5072599984.48894,2890039,1139833.371,2557000261.48137,0,2024-01-26,32.49317685589516,2423.781,137.8462400419021,-1.1393927027117838,0.021956519778901784,0.0217189466288306
2024-01-27,2266.73,2283.35,2250.33,2266.99,944833.561,2024-01-27 23:59:59.999,2141771562.52407,1386577,457481.418,1037017163.31208,0,2024-01-27,27.022880493309913,2426.087,134.62116886404334,-1.181812647613211,0.00011911484435667141,0.00011910775074689558
2024-01-28,2267.0,2308.0,2236.56,2256.0,1596669.122,2024-01-28 23:59:59.999,3632645831.61376,2059388,793452.98,1805730731.27378,0,2024-01-28,31.32781502257488,2422.3315,138.40467068006814,-1.201776639348295,-0.004847837881949091,-0.004859626763838024
2024-01-29,2256.0,2322.53,2232.0,2316.52,1959261.39,2024-01-29 23:59:59.999,4461192290.02723,2555972,988538.054,2251428131.14256,0,2024-01-29,33.890910288282655,2420.9355,139.36910778578402,-0.7492011799378878,0.026826241134751738,0.026472725916138945
2024-01-30,2316.53,2392.84,2295.1,2341.95,2383935.871,2024-01-30 23:59:59.999,5568693641.04369,2836460,1185331.421,2769700488.82839,0,2024-01-30,27.99167907035128,2408.7419999999997,134.7765007473102,-0.4955760064228624,0.010977673406661559,0.010917856121550325
2024-01-31,2341.96,2351.23,2261.88,2282.0,2607909.368,2024-01-31 23:59:59.999,6035736969.81903,3194972,1252025.507,2898049726.19403,0,2024-01-31,27.83345221112694,2391.9125,128.0403119036108,-0.8584210579144982,-0.025598326181173747,-0.025931664233617965
2024-02-01,2281.99,2311.51,2237.0,2303.33,1894237.423,2024-02-01 23:59:59.999,4317833942.98259,2337968,940435.7,2144163976.72759,0,2024-02-01,33.9364957918898,2380.9139999999998,125.58430845663742,-0.6177841877975428,0.009347063978965897,0.00930365049253496
2024-02-02,2303.32,2324.9,2280.05,2307.99,1514215.851,2024-02-02 23:59:59.999,3488673055.88872,1806684,740719.858,1706901374.01972,0,2024-02-02,31.78218017341834,2367.3885,117.49039187034683,-0.5055604892827982,0.0020231577759157737,0.0020211139484153876
2024-02-03,2308.0,2330.45,2291.0,2295.42,938282.273,2024-02-03 23:59:59.999,2167201213.34462,1257148,458900.307,1060111233.37669,0,2024-02-03,32.267832434275135,2358.4415,115.71549467622499,-0.5446245567746623,-0.005446297427631697,-0.005461182576031136
2024-02-04,2295.41,2311.0,2261.51,2288.66,1193801.655,2024-02-04 23:59:59.999,2738353319.06096,1419294,591695.545,1357444503.88394,0,2024-02-04,32.82671671630824,2347.264,110.77179350265592,-0.529051648862173,-0.002944994815763713,-0.0029493398458203513
2024-02-05,2288.66,2338.0,2267.62,2300.83,1689233.364,2024-02-05 23:59:59.999,3893676970.0004,2078381,845736.765,1949440827.30549,0,2024-02-05,48.123227492631926,2332.9355,95.5653851931276,-0.3359532317597871,0.005317522043466472,0.005303433943577912
2024-02-06,2300.83,2392.0,2297.74,2371.74,2197507.85,2024-02-06 23:59:59.999,5141782514.2453,2430191,1111689.083,2601215214.31397,0,2024-02-06,68.17076918778466,2324.9915,84.1948238986304,0.5552419713625668,0.030819313030514994,0.030353935583415925
2024-02-07,2371.74,2445.0,2352.06,2424.22,2154502.953,2024-02-07 23:59:59.999,5154911271.5263,2471783,1114433.769,2667509239.44873,0,2024-02-07,73.50374373977296,2322.638,80.46537794869697,1.2624311547354743,0.02212721461880318,0.021885960178643388
2024-02-08,2424.21,2463.28,2410.16,2418.76,1910078.832,2024-02-08 23:59:59.999,4642887417.7459,2217113,956418.231,2325010419.94426,0,2024-02-08,75.5915349311577,2318.953,73.68039324288827,1.3545937474978629,-0.002252270833504988,-0.0022548110102861628
2024-02-09,2418.77,2528.66,2418.26,2485.24,2908524.98,2024-02-09 23:59:59.999,7221137099.9816,3133698,1501618.269,3727946811.93077,0,2024-02-09,76.65008049173142,2319.6014999999998,75.14339255720091,2.204298932523071,0.027485157684102424,0.027114222207622156
2024-02-10,2485.24,2516.12,2470.04,2499.2,1320062.188,2024-02-10 23:59:59.999,3292566689.2355,1716115,653832.073,1630878042.61357,0,2024-02-10,77.40458375622548,2321.7105,79.65943261789899,2.228103994304861,0.0056171637346895675,0.005601446301273933
2024-02-11,2499.2,2539.2,2492.16,2506.1,1521963.675,2024-02-11 23:59:59.999,3827876646.36733,1929008,758995.414,1909046292.27716,0,2024-02-11,79.80361313694657,2331.299,89.64054186762459,1.9500216794554281,0.0027608834827144157,0.0027570792443424932
2024-02-12,2506.11,2667.74,2470.05,2660.91,3172400.237,2024-02-12 23:59:59.999,8120720968.59546,3544051,1633357.145,4181772157.1495,0,2024-02-12,83.50944791484235,2352.261,113.4379155448628,2.720862760193565,0.06177327321335935,0.05994040964453048
2024-02-13,2660.91,2688.8,2585.7,2640.83,3319971.574,2024-02-13 23:59:59.999,8773950694.90412,3813884,1619317.263,4280437980.11422,0,2024-02-13,79.38724140643444,2372.5714999999996,126.8395977634546,2.1149428469513154,-0.007546290554734991,-0.007574907865902473
2024-02-14,2640.88,2788.88,2619.12,2776.14,2845619.643,2024-02-14 23:59:59.999,7757923313.0378,3605673,1446039.416,3941589820.09537,0,2024-02-14,92.3152017537851,2400.4775,150.27761309885653,2.49979017002938,0.05123767906302179,0.049968211963350224
2024-02-15,2776.14,2870.98,2758.57,2824.54,3444416.851,2024-02-15 23:59:59.999,9686287863.61306,4121791,1720609.45,4839107997.21499,0,2024-02-15,92.65570013912767,2428.3684999999996,174.0332146845147,2.276413158937363,0.01743427925104646,0.017284045831900255
2024-02-16,2824.53,2859.83,2732.7,2803.69,2736822.77,2024-02-16 23:59:59.999,7688936547.61237,3546446,1334258.505,3749502339.8072,0,2024-02-16,89.52068118761369,2455.2035,188.60771040430086,1.8476789695022635,-0.007381732954746534,-0.007409112768984797
2024-02-17,2803.7,2806.09,2718.35,2787.43,1776912.75,2024-02-17 23:59:59.999,4921403820.66918,2425610,867334.213,2402424588.03441,0,2024-02-17,88.99703565144335,2481.775,196.34234611757222,1.5567451751695467,-0.005799499944715847,-0.005816382349166517
2024-02-18,2787.44,2899.0,2764.8,2883.58,2111668.519,2024-02-18 23:59:59.999,5959314932.20575,2842195,1066928.683,3012148987.69328,0,2024-02-18,91.30126905667717,2510.1279999999997,211.57507209649404,1.7651039713680363,0.03449413976315108,0.03391255338620835
2024-02-19,2883.56,2988.22,2856.4,2946.55,2893244.938,2024-02-19 23:59:59.999,8446450558.41116,3965210,1458569.963,4258638335.09884,0,2024-02-19,91.87440014526216,2540.3579999999997,228.77470829112468,1.7755109515126357,0.02183743818447903,0.021602416687939524
2024-02-20,2946.55,3036.83,2873.6,3017.21,4598117.415,2024-02-20 23:59:59.999,13548620086.74358,5271820,2281291.017,6724949654.32074,0,2024-02-20,91.87176459903736,2577.1184999999996,243.65978896977307,1.8061720477587522,0.02398058746669829,0.023697568885566928
2024-02-21,3017.22,3020.0,2867.87,2969.65,4069738.764,2024-02-21 23:59:59.999,11926830767.65694,4999251,1977341.585,5794809491.71332,0,2024-02-21,85.60945354834502,2610.4345,249.73180151757867,1.4384051122728756,-0.015762906791373488,-0.015888462570532683
2024-02-22,2969.65,3044.0,2907.16,2972.8,4052804.255,2024-02-22 23:59:59.999,12075046482.4062,4886162,2024869.093,6034189384.13521,0,2024-02-22,86.28100688896455,2643.675,251.59396531756323,1.3081593574177215,0.0010607310625831978,0.0010601688849007328
2024-02-23,2972.8,2996.0,2906.62,2923.35,2501284.482,2024-02-23 23:59:59.999,7359220940.31807,3629465,1218093.494,3584082370.79459,0,2024-02-23,79.34388018914682,2675.0715,244.93959520182972,1.0136315437094559,-0.016634149623250938,-0.01677405068337663
2024-02-24,2923.36,3009.29,2907.16,2994.39,1450354.218,2024-02-24 23:59:59.999,4298585233.05027,2163161,742581.241,2201590520.20801,0,2024-02-24,80.81111014323223,2710.3579999999997,237.04989660407898,1.1981949963656418,0.024300887680229755,0.02401031908130775
2024-02-25,2994.39,3131.0,2985.23,3115.24,2955696.567,2024-02-25 23:59:59.999,9030291053.95802,3673836,1533677.301,4686944083.66674,0,2024-02-25,83.19419316869016,2751.0784999999996,232.9121683173028,1.5635142750630904,0.04035880429736949,0.03956565778512659
2024-02-26,3115.24,3200.0,3037.25,3178.6,3828384.516,2024-02-26 23:59:59.999,11945080186.58809,4713313,1911717.272,5966420255.59207,0,2024-02-26,81.33375298091005,2791.4215,233.62579923042955,1.6572591780333237,0.02033872189622632,0.020134652460141966
2024-02-27,3178.6,3295.57,3168.29,3244.98,3406593.01,2024-02-27 23:59:59.999,11048069693.76326,4735324,1722620.436,5587133028.14167,0,2024-02-27,84.62614197778514,2832.4595,237.77867746632757,1.7348927346877776,0.020883407789592967,0.020668338528280608
2024-02-28,3244.99,3502.07,3152.94,3387.07,6595638.084,2024-02-28 23:59:59.999,22006158170.23106,7921243,3297615.896,11006246740.80201,0,2024-02-28,84.74470238975395,2880.875,247.49264819491202,2.0452930771557623,0.043787635054761465,0.04285605407036682
2024-02-29,3387.07,3531.0,3300.39,3343.15,4741266.907,2024-02-29 23:59:59.999,16279675952.14628,7017190,2283728.285,7843834554.75515,0,2024-02-29,79.64536007042493,2923.7704999999996,249.64925409093854,1.6798748369071237,-0.01296695964358574,-0.013051764570535165
2024-03-01,3343.16,3456.0,3342.18,3435.82,2297074.999,2024-03-01 23:59:59.999,7831386723.6275,3983525,1132996.2,3862930172.98764,0,2024-03-01,83.39267413973435,2970.6014999999998,253.63068686317948,1.8342358558961027,0.027719366465758455,0.02734213994516876
2024-03-02,3435.83,3475.0,3390.0,3424.43,1386240.615,2024-03-02 23:59:59.999,4749632563.43359,2634935,669278.381,2293379845.96483,0,2024-03-02,83.82396669640198,3016.518,248.18012829395477,1.6436126566783462,-0.0033150747128779523,-0.003320581747242399
2024-03-03,3424.43,3496.78,3355.88,3491.77,1889236.536,2024-03-03 23:59:59.999,6486743244.58064,3318252,930495.162,3195808982.71697,0,2024-03-03,83.31343185478124,3058.061,254.96802094422398,1.7010329310861956,0.019664586515128146,0.019473736467645622
2024-03-04,3491.78,3644.77,3420.22,3629.72,3908128.352,2024-03-04 23:59:59.999,13818014096.46304,6031545,1931821.096,6833016856.48748,0,2024-03-04,84.58003057268093,3107.5055,265.4670438159358,1.9671537848671043,0.039507184035603604,0.03874673934121109
2024-03-05,3629.72,3827.93,3205.0,3555.43,8430806.942,2024-03-05 23:59:59.999,30468306760.3476,9555880,4082002.679,14766389824.41837,0,2024-03-05,77.14334705075441,3146.4700000000003,271.39511821231633,1.506880457886734,-0.020467143471121774,-0.020679497975471355
2024-03-06,3555.43,3906.42,3501.0,3822.36,4970650.254,2024-03-06 23:59:59.999,18750612857.70527,6774634,2483076.798,9368318606.74118,0,2024-03-06,85.21237849043199,3196.361,299.37276738471445,2.0910352182954197,0.07507671364645074,0.07239202056509524
2024-03-07,3822.35,3939.0,3736.44,3871.69,2852543.201,2024-03-07 23:59:59.999,10911337953.45516,4469723,1421816.614,5440145677.44488,0,2024-03-07,85.75565438070308,3249.761,320.1730261806693,1.9424778140087728,0.012905639447880368,0.012823071320626534
2024-03-08,3871.69,4003.33,3826.08,3886.04,3605867.534,2024-03-08 23:59:59.999,14152008425.22743,5126791,1788755.241,7021420325.48132,0,2024-03-08,89.39348059154258,3304.6915,330.74544058241503,1.7576916524572312,0.0037063917823998427,0.0036995400373264382
2024-03-09,3886.04,3945.88,3871.46,3908.15,1056996.982,2024-03-09 23:59:59.999,4132818940.47502,1918674,518986.179,2029221286.24806,0,2024-03-09,88.95102987314144,3355.9199999999996,341.2668707532088,1.6181764106816925,0.005689596607343139,0.0056734719853844635
2024-03-10,3908.16,3970.84,3791.19,3881.22,1817977.804,2024-03-10 23:59:59.999,7102403722.4269,3069450,876725.436,3425764449.49334,0,2024-03-10,85.49358689205215,3402.6535000000003,346.21824247712664,1.3822682957892278,-0.0068907283497308125,-0.006914579047258706
2024-03-11,3881.32,4095.16,3719.0,4070.52,3797267.73,2024-03-11 23:59:59.999,15103305759.78546,5434980,1869389.388,7437209735.14596,0,2024-03-11,87.00974290029706,3455.3189999999995,364.1486270727248,1.6894228187688252,0.04877332385177868,0.047621218219946505
2024-03-12,4070.52,4098.64,3831.95,3984.18,3641750.754,2024-03-12 23:59:59.999,14508632314.86478,5413638,1784305.729,7110342008.25455,0,2024-03-12,80.17290642806991,3506.0455,363.59580313534224,1.3150165537582468,-0.021211049202558896,-0.021439235996501466
2024-03-13,3984.18,4091.65,3935.0,4008.76,2445801.499,2024-03-13 23:59:59.999,9809630177.9462,4055227,1196931.39,4801111303.17637,0,2024-03-13,78.06904273859291,3557.8435,357.3695346965287,1.2617653611209747,0.006169399976908796,0.006150447140677906
2024-03-14,4008.76,4015.45,3725.03,3884.99,3822719.006,2024-03-14 23:59:59.999,14848753489.47771,5504684,1842385.705,7157548210.64813,0,2024-03-14,72.81854322485003,3605.9255,331.2458109919877,0.8424695218462704,-0.030874884004031267,-0.03136155675157912
2024-03-15,3884.99,3938.16,3566.0,3745.0,5393474.72,2024-03-15 23:59:59.999,20014921950.22168,7481037,2659178.114,9871786209.51283,0,2024-03-15,62.52146444192448,3643.4559999999997,299.2927838544912,0.33927981387405765,-0.03603355478392478,-0.036698792844541195
2024-03-16,3745.01,3784.87,3468.84,3525.58,2737209.353,2024-03-16 23:59:59.999,9957942394.06776,4504950,1329993.422,4840536697.48032,0,2024-03-16,53.50574991508564,3663.9730000000004,274.1888421296967,-0.5047360750534767,-0.05859012016021359,-0.06037665523291635
2024-03-17,3525.57,3682.95,3414.72,3646.99,2757553.884,2024-03-17 23:59:59.999,9814353456.64519,4396192,1371848.358,4883233627.5711,0,2024-03-17,55.18540789737421,3687.3924999999995,249.4354589420563,-0.16197576788545195,0.03443688698029823,0.03385720810680812
2024-03-18,3646.99,3648.78,3454.72,3523.43,2802619.048,2024-03-18 23:59:59.999,9962049261.21333,4956817,1370810.127,4872365142.69938,0,2024-03-18,46.41471756919943,3701.315,230.4938721071561,-0.7717558752160746,-0.03387999418698706,-0.03446722286538308
2024-03-19,3523.44,3551.99,3153.0,3161.0,5894325.453,2024-03-19 23:59:59.999,19521481713.99768,8260303,2843403.624,9417596513.66962,0,2024-03-19,38.860741619362315,3690.0114999999996,251.3182165528764,-2.1049468966317355,-0.10286283536213292,-0.10854651374421082
2024-03-20,3160.99,3539.16,3055.0,3517.8,7145176.265,2024-03-20 23:59:59.999,23415379367.1745,8856290,3549119.587,11641040676.80881,0,2024-03-20,41.81431151629828,3698.744,241.47298452796906,-0.7493343421157814,0.11287567225561546,0.1069473609826068
2024-03-21,3517.8,3590.53,3414.06,3495.16,3449349.457,2024-03-21 23:59:59.999,12105423292.09032,5654816,1705967.223,5988368744.97908,0,2024-03-21,39.73266144205756,3701.7109999999993,238.4176119841259,-0.8663411997170405,-0.006435840582182162,-0.006456639892907034
2024-03-22,3495.16,3545.36,3250.1,3339.0,3850579.18,2024-03-22 23:59:59.999,13035377951.76805,5694593,1849192.957,6263193726.91232,0,2024-03-22,36.153970760944404,3697.4394999999995,244.33861304766248,-1.4669785324928553,-0.04467892743107604,-0.045707793361662884
2024-03-23,3338.99,3438.0,3271.38,3330.96,2065343.895,2024-03-23 23:59:59.999,6949919666.04788,3317963,1019216.79,3430871101.77939,0,2024-03-23,35.286050056848026,3689.399,253.92084205619875,-1.4116170893946103,-0.002407906558849926,-0.0024108102279604424
2024-03-24,3330.96,3474.16,3301.46,3457.16,1864567.712,2024-03-24 23:59:59.999,6297063059.58874,3160988,951313.217,3213756000.76092,0,2024-03-24,39.7104782980045,3680.7709999999997,258.93756705145944,-0.8635711015063372,0.03788697552657494,0.03718689203916218
2024-03-25,3457.16,3665.1,3422.18,3592.94,2530891.112,2024-03-25 23:59:59.999,8954272773.21119,4491164,1277883.278,4523017076.63006,0,2024-03-25,38.10285384032844,3682.6465000000003,258.11647485654834,-0.34754271322609614,0.039275011859445375,0.03852336608201918
2024-03-26,3592.94,3684.45,3545.63,3589.64,2433410.106,2024-03-26 23:59:59.999,8786304757.96774,4213030,1223977.911,4420549973.21663,0,2024-03-26,39.74730780424931,3671.0105000000003,256.72846543166474,-0.3169516082417414,-0.0009184678842396599,-0.0009188899343129309
2024-03-27,3589.65,3671.94,3461.18,3504.99,2908597.17,2024-03-27 23:59:59.999,10352080808.70646,4600863,1428362.764,5083943019.76981,0,2024-03-27,37.30514326033818,3652.6755,254.72871994122983,-0.5797756139711044,-0.023581751930555783,-0.023864251504989113
2024-03-28,3504.99,3615.83,3466.97,3563.99,1971184.35,2024-03-28 23:59:59.999,7017608937.73292,3444936,979852.018,3488437304.5024,0,2024-03-28,41.63792474653273,3636.5730000000003,249.3220293874922,-0.2911214872521081,0.016833143603833367,0.016693036353050982
2024-03-29,3564.0,3588.93,3475.0,3512.46,1730640.148,2024-03-29 23:59:59.999,6112211894.03871,2876273,841754.164,2973486773.99292,0,2024-03-29,43.64964061783147,3616.7884999999997,242.2362323995072,-0.4306890796911679,-0.01445851419336186,-0.014564057073821614
2024-03-30,3512.47,3569.97,3486.51,3508.66,1258779.458,2024-03-30 23:59:59.999,4433539602.80039,2148077,619519.703,2181909120.37586,0,2024-03-30,49.47625828019562,3598.1604999999995,235.04950879325438,-0.380772971870887,-0.0010818628539542852,-0.0010824484899950228
2024-03-31,3508.66,3661.08,3507.39,3648.79,1535402.07,2024-03-31 23:59:59.999,5541965437.87304,2372967,797586.842,2878299574.24737,0,2024-03-31,50.055078885203365,3577.0740000000005,207.7782471112758,0.34515643960357356,0.03993832403253661,0.039161407579871896
2024-04-01,3648.8,3649.67,3413.0,3506.52,2754500.509,2024-04-01 23:59:59.999,9690877424.55129,3885762,1309151.231,4605795640.23593,0,2024-04-01,49.48842218632203,3553.191,184.6901840180858,-0.25269886566050287,-0.03899100797798727,-0.03977151311283928
2024-04-02,3506.52,3508.44,3212.0,3280.76,3971713.064,2024-04-02 23:59:59.999,13191687525.92359,5398400,1864872.104,6194688078.61069,0,2024-04-02,53.94971175283302,3516.791,160.3081167101676,-1.472358386111772,-0.06438292095867115,-0.06654898979857218
2024-04-03,3280.67,3370.0,3203.12,3313.29,2660184.672,2024-04-03 23:59:59.999,8811379210.6341,3862307,1291029.421,4276382571.68467,0,2024-04-03,41.42004883410667,3488.2059999999997,141.00676771366497,-1.2404794665968972,0.009915385459466686,0.00986655057089298
2024-04-04,3313.28,3446.48,3252.59,3329.65,2446555.032,2024-04-04 23:59:59.999,8169659175.37157,3555027,1219030.542,4071079079.30695,0,2024-04-04,43.01945997924945,3467.4385,131.45868429503543,-1.0481506089834167,0.004937690331966227,0.0049255399192947615
2024-04-05,3329.65,3352.07,3208.0,3319.66,2617392.108,2024-04-05 23:59:59.999,8604507301.44426,4078030,1274510.657,4191255519.66735,0,2024-04-05,49.06960186272057,3457.1424999999995,134.68955075616518,-1.0207361983773384,-0.0030003153484601253,-0.0030048253177009255
2024-04-06,3319.66,3402.72,3308.0,3353.15,1131719.523,2024-04-06 23:59:59.999,3784631189.15189,2056794,558365.088,1867321019.62669,0,2024-04-06,51.04198950027705,3442.4505,128.78776831733973,-0.6933927124193874,0.010088382545200503,0.010037834495108283
2024-04-07,3353.16,3462.19,3345.51,3455.99,1444094.538,2024-04-07 23:59:59.999,4908725510.13586,2597159,729474.558,2480135111.02437,0,2024-04-07,49.94382723754836,3439.0784999999996,127.43165909513903,0.13271034937537954,0.030669668818871676,0.030208754878378236
2024-04-08,3456.0,3735.31,3407.33,3697.6,2845934.629,2024-04-08 23:59:59.999,10242502690.69892,5023843,1463089.112,5264935579.31939,0,2024-04-08,54.561302581803595,3465.9085,122.18330983770895,1.896261447719383,0.06991050321326164,0.06757500311887482
2024-04-09,3697.59,3730.0,3452.3,3508.45,3448082.837,2024-04-09 23:59:59.999,12375679718.68608,5410809,1659128.775,5955335281.23831,0,2024-04-09,46.95486493987743,3465.441,121.99204960722346,0.35255576194084487,-0.05115480311553444,-0.052509616033781466
2024-04-10,3508.46,3567.18,3413.2,3547.64,2832357.377,2024-04-10 23:59:59.999,9907338189.7315,5219893,1401265.214,4903520764.81873,0,2024-04-10,51.656117733856256,3468.065,123.22313784351886,0.6457796919686639,0.01117017486354377,0.011108249180720937
2024-04-11,3547.64,3621.74,3475.03,3504.43,2234984.241,2024-04-11 23:59:59.999,7911317508.81466,4311146,1099113.179,3891577222.95107,0,2024-04-11,47.65854732439106,3476.3365000000003,119.60267050685478,0.23489024016724921,-0.01217992806485435,-0.012254711244898695
2024-04-12,3504.42,3555.0,3062.04,3238.3,3896865.831,2024-04-12 23:59:59.999,13037212264.80269,5575896,1803071.624,6037712052.60828,0,2024-04-12,40.77809022778952,3471.7034999999996,127.09071187542719,-1.8365110758745202,-0.0759410232191825,-0.07897938169248547
2024-04-13,3238.31,3305.42,2791.61,3005.46,5308516.817,2024-04-13 23:59:59.999,16403790658.86951,7092786,2492393.86,7713815358.70743,0,2024-04-13,35.333721946954256,3449.1184999999996,164.45424499730754,-2.6977625296766474,-0.07190192384893312,-0.07461786627264112
2024-04-14,3005.47,3173.32,2903.0,3153.16,3950204.757,2024-04-14 23:59:59.999,12011461408.84632,5563424,1934261.03,5884077990.5787,0,2024-04-14,35.6178216787478,3427.1295,173.37140884529634,-1.5802461422256193,0.049143891450892596,0.04797449012244565
2024-04-15,3153.16,3277.74,3022.08,3100.75,3855036.931,2024-04-15 23:59:59.999,12155258304.12795,5366832,1880843.138,5932730904.92783,0,2024-04-15,37.57753136461324,3402.685,183.42623736160135,-1.6460840299786215,-0.016621421050628582,-0.016761106884037234
2024-04-16,3100.76,3127.41,2976.43,3082.85,3451959.497,2024-04-16 23:59:59.999,10560043076.80123,5526522,1695678.362,5188958927.27828,0,2024-04-16,43.05749465043672,3381.578,194.95971401940787,-1.5322550174148402,-0.005772796903974919,-0.005789523901459101
2024-04-17,3082.84,3123.12,2912.45,2983.25,3311729.707,2024-04-17 23:59:59.999,9975172417.97654,4938769,1632717.882,4918500672.32691,0,2024-04-17,38.942790903365,3352.5409999999997,209.09637946223165,-1.766128141241697,-0.032307767163501255,-0.03284118354421476
2024-04-18,2983.26,3093.59,2949.54,3062.85,2675545.62,2024-04-18 23:59:59.999,8096360542.18016,4317809,1336107.199,4043856059.8818,0,2024-04-18,41.42486147358676,3330.0604999999996,215.08186366750522,-1.24236648987327,0.026682309561719464,0.026332544787388196
2024-04-19,3062.85,3128.52,2861.76,3054.91,4007802.786,2024-04-19 23:59:59.999,12155003896.40264,5981903,1961320.729,5951875096.79183,0,2024-04-19,41.47952188773244,3307.3730000000005,219.144210704427,-1.1520404722920685,-0.0025923567918768597,-0.0025957227672094947
2024-04-20,3054.91,3173.83,3016.4,3154.31,1625068.703,2024-04-20 23:59:59.999,5020261592.09934,2652444,812815.833,2511570331.44671,0,2024-04-20,43.86114404267931,3282.649,206.10379439037132,-0.622691107553892,0.03253778343715541,0.03201963931149755
2024-04-21,3154.3,3196.41,3114.15,3145.73,1575165.839,2024-04-21 23:59:59.999,4973199800.33538,2580212,773103.634,2441023665.76054,0,2024-04-21,39.829275008850956,3264.6094999999996,201.20908526822768,-0.5908257067096336,-0.00272008775294752,-0.002723793913887002
2024-04-22,3145.74,3235.0,3127.14,3198.66,2047440.862,2024-04-22 23:59:59.999,6532944241.83253,3349826,1020037.877,3254867560.55685,0,2024-04-22,31.335198790944048,3260.5045,201.69913776073585,-0.30661757252211336,0.016825983158122337,0.016685994419998556
2024-04-23,3198.66,3266.91,3150.31,3218.04,1663106.378,2024-04-23 23:59:59.999,5330082646.21801,2881555,836134.426,2680709855.40677,0,2024-04-23,37.55538605257069,3255.742,201.51160315554796,-0.18709592603904718,0.006058787117105391,0.006040506468318513
2024-04-24,3218.03,3293.38,3102.5,3138.84,2482827.279,2024-04-24 23:59:59.999,7955315677.08124,3929282,1199335.412,3845500211.82075,0,2024-04-24,33.06292570557332,3246.2015,202.34348860747994,-0.5305903379390049,-0.024611254055263432,-0.024919173660037545
2024-04-25,3138.84,3189.97,3070.16,3154.44,2448075.918,2024-04-25 23:59:59.999,7673893769.26812,3780175,1204218.194,3776118889.72213,0,2024-04-25,35.1599799866012,3237.9404999999997,202.55915308803034,-0.41222773065066626,0.004969988913101631,0.004957679287158977
2024-04-26,3154.44,3167.2,3100.38,3129.98,1764316.116,2024-04-26 23:59:59.999,5531739047.59648,2824667,879590.232,2758220480.88687,0,2024-04-26,44.22317981099472,3226.782,202.02475066190104,-0.47915911136058437,-0.007754149706445501,-0.007784369445566282
2024-04-27,3129.98,3283.54,3062.8,3253.97,2199813.487,2024-04-27 23:59:59.999,6971864379.53136,3083165,1112602.119,3528168301.16083,0,2024-04-27,64.99414738925293,3216.6809999999996,194.8856984545263,0.19133779592708827,0.0396136716528539,0.03884917457680796
2024-04-28,3253.97,3365.69,3248.8,3262.28,1999881.264,2024-04-28 23:59:59.999,6603964510.25257,2947670,998335.709,3297528712.55697,0,2024-04-28,57.9152763673292,3194.915,159.43143764806754,0.42253272625379706,0.00255380350771528,0.002550548092819332
2024-04-29,3262.29,3286.29,3113.02,3215.27,2960135.349,2024-04-29 23:59:59.999,9429474471.30777,4366893,1432776.56,4564374582.13521,0,2024-04-29,58.3725690890481,3180.2560000000003,141.56302057277378,0.24733860480180914,-0.014410167122380746,-0.014515001924088534
2024-04-30,3215.28,3250.0,2918.33,3012.58,4278488.436,2024-04-30 23:59:59.999,13020897617.75349,5924197,2038778.336,6202878359.07569,0,2024-04-30,45.955404114240984,3153.5029999999997,116.88758981896936,-1.2056284180232946,-0.06303980692134725,-0.0651144810200621
2024-05-01,3012.57,3021.94,2814.44,2970.61,4277387.307,2024-05-01 23:59:59.999,12498907680.0962,5896600,2070553.972,6051145818.53226,0,2024-05-01,49.220772815821284,3126.812,90.50832032705358,-1.7258302820730822,-0.013931580240192698,-0.01402953554983508
2024-05-02,2970.61,3016.38,2890.0,2984.8,2293012.777,2024-05-02 23:59:59.999,6797323551.42273,3573426,1176638.906,3488409694.1004,0,2024-05-02,44.76631127204454,3114.1369999999997,91.81448298208007,-1.408677539743299,0.004776796684855977,0.004765423993880088
2024-05-03,2984.8,3126.44,2956.86,3100.83,2355561.832,2024-05-03 23:59:59.999,7151691173.98163,3689351,1200944.642,3647370869.93909,0,2024-05-03,52.6893433598051,3118.9055,88.2817560264224,-0.2047478529379274,0.038873626373626236,0.03813707466529773
2024-05-04,3100.83,3167.45,3090.75,3115.46,1371653.97,2024-05-04 23:59:59.999,4285219356.99816,2105769,690252.155,2156926277.74958,0,2024-05-04,47.473893649947335,3117.0205,87.91357499363453,-0.0177503872423916,0.0047180916077309565,0.004706996298956613
2024-05-05,3115.46,3171.15,3071.1,3135.24,1570278.517,2024-05-05 23:59:59.999,4910484764.99347,2308243,774256.566,2421213716.30513,0,2024-05-05,49.32771062717099,3118.745,87.91589273129372,0.1876225047320538,0.006348982172776907,0.0063289122895556285
2024-05-06,3135.24,3221.95,3043.92,3061.5,2638707.024,2024-05-06 23:59:59.999,8247182154.47072,3738000,1285416.677,4019891492.41545,0,2024-05-06,41.43798846413144,3117.6775,88.50234239393909,-0.6347572107181537,-0.023519730546943673,-0.02380073424274894
2024-05-07,3061.5,3128.59,2996.53,3004.55,2201536.706,2024-05-07 23:59:59.999,6751855977.43258,3393105,1066799.598,3272641136.36332,0,2024-05-07,37.27028799713791,3118.7425,86.91345410205987,-1.3138644779426993,-0.018601992487342733,-0.018777185578387586
2024-05-08,3004.55,3037.52,2930.64,2972.93,2195609.599,2024-05-08 23:59:59.999,6577135534.8255,3545690,1067452.734,3198238088.75101,0,2024-05-08,39.51224445933472,3114.2465,92.12635912160813,-1.5339420915729507,-0.010524038541545488,-0.01057980785921534
2024-05-09,2972.94,3058.23,2949.0,3034.75,1709515.974,2024-05-09 23:59:59.999,5123060909.63459,2897214,876457.54,2627142581.08119,0,2024-05-09,42.851682413788986,3113.2385000000004,92.91665956087142,-0.8447193471110648,0.020794300572162916,0.020581050297506783
2024-05-10,3034.75,3053.52,2877.0,2908.85,2264167.435,2024-05-10 23:59:59.999,6695556185.59951,3453080,1079391.142,3192750219.47911,0,2024-05-10,38.220598105749865,3100.9655,102.88262783515344,-1.8673269145868077,-0.04148611912019118,-0.04237123472356443
2024-05-11,2908.85,2946.6,2884.6,2911.27,1115231.905,2024-05-11 23:59:59.999,3252159193.86028,1843654,555636.698,1620594677.04918,0,2024-05-11,29.028467921572485,3089.2425,110.58309920718767,-1.6094005438078012,0.0008319438953539038,0.0008315980218496689
2024-05-12,2911.27,2954.94,2898.97,2927.73,1003441.381,2024-05-12 23:59:59.999,2935939762.59539,1564945,504653.796,1476867775.6163,0,2024-05-12,29.72940221277007,3075.696,113.04115689244567,-1.30895687966803,0.005653889883109553,0.005637966638359286
2024-05-13,2927.73,2996.44,2863.8,2949.71,2489504.728,2024-05-13 23:59:59.999,7308749342.26376,3739975,1247573.299,3664239229.37726,0,2024-05-13,33.406233597440576,3062.2794999999996,111.1656820139883,-1.0126281597034115,0.007507522893162921,0.007479481702300745
2024-05-14,2949.72,2959.79,2858.14,2880.87,2087007.343,2024-05-14 23:59:59.999,6062587792.47052,3182464,1008772.425,2930382295.18379,0,2024-05-14,40.11675896327645,3049.3810000000003,116.64585150203659,-1.444637746050131,-0.023337887453342865,-0.02361452857151667
2024-05-15,2880.87,3039.52,2861.71,3030.66,2538941.374,2024-05-15 23:59:59.999,7490561299.98222,3682410,1291743.94,3811986418.48906,0,2024-05-15,53.87844732932892,3043.192,114.0327392324051,-0.10989826329138017,0.051994709931374894,0.050688085720531496
2024-05-16,3030.67,3039.95,2920.93,2943.22,2031554.936,2024-05-16 23:59:59.999,6049550675.84311,2914768,988124.268,2943163333.62479,0,2024-05-16,47.54661316969552,3033.8540000000003,114.19837902805443,-0.7936539972930348,-0.028851801257811838,-0.029276197473580026
2024-05-17,2943.22,3119.0,2931.36,3090.48,2573872.238,2024-05-17 23:59:59.999,7838262652.4321,3386966,1322641.099,4027227222.45315,0,2024-05-17,49.41101487543107,3025.6795,102.90596808816049,0.6297059461554712,0.05003363662926996,0.04882219854134504
2024-05-18,3090.47,3146.36,3081.59,3121.59,1335509.587,2024-05-18 23:59:59.999,4156984937.14991,2176066,658942.185,2051457612.99166,0,2024-05-18,50.34241601590866,3018.645,89.86319154548458,1.145574714513608,0.010066397452823006,0.01001606874468555
2024-05-19,3121.6,3135.58,3051.3,3069.98,1348685.716,2024-05-19 23:59:59.999,4166087445.67779,2281506,649518.045,2006765491.08395,0,2024-05-19,46.47981530627658,3011.3805,78.25427618888132,0.7488344772183307,-0.016533241072658522,-0.01667144047628162
2024-05-20,3069.98,3698.86,3045.06,3664.39,5394372.967,2024-05-20 23:59:59.999,18048021771.67237,7043385,2802915.942,9379594498.75876,0,2024-05-20,70.82363343718265,3043.971,165.6769300047326,3.744751909528245,0.19362015387722398,0.17699083527556753
2024-05-21,3664.39,3849.26,3628.0,3792.32,5629142.3,2024-05-21 23:59:59.999,21078487769.9036,7464955,2808283.548,10516194241.59272,0,2024-05-21,75.93754733008907,3085.0565,234.23021523538367,3.0195229052291723,0.034911676977614325,0.034316086822474424
2024-05-22,3792.33,3816.84,3655.0,3740.25,3626843.371,2024-05-22 23:59:59.999,13562779469.1395,5376346,1781756.427,6663860888.3651,0,2024-05-22,74.9285268738954,3122.829,274.63890190768,2.2481192420713443,-0.013730381402413339,-0.013825514905742223
2024-05-23,3740.25,3952.89,3524.55,3784.8,7635174.311,2024-05-23 23:59:59.999,29016060909.3369,10012746,3775955.533,14357672778.77449,0,2024-05-23,74.64400007885553,3157.0274999999997,311.8227316226042,2.01323520172284,0.011910968518147325,0.011840591222596841
2024-05-24,3784.79,3832.0,3627.0,3729.61,3215814.229,2024-05-24 23:59:59.999,11955995521.85735,4953006,1596475.851,5934904406.42245,0,2024-05-24,78.28139429106996,3187.7349999999997,336.7568820302572,1.6090985185903748,-0.01458201225956457,-0.014689374786358927
2024-05-25,3729.61,3782.82,3710.14,3751.15,1147234.262,2024-05-25 23:59:59.999,4299287507.21736,2105740,577017.199,2162608809.82915,0,2024-05-25,78.56384932457249,3218.5305,359.12263226508543,1.4831131545250218,0.005775402790104023,0.005758789087932742
2024-05-26,3751.16,3887.26,3732.06,3827.53,1903387.53,2024-05-26 23:59:59.999,7268692628.89094,3077314,967536.95,3695319315.2221,0,2024-05-26,79.40330697340042,3256.832,381.6373278471586,1.4953935539255174,0.02036175572824339,0.020157226896979324
2024-05-27,3827.54,3980.0,3824.7,3896.09,2765129.283,2024-05-27 23:59:59.999,10831101104.6769,4047338,1406302.893,5509171360.41635,0,2024-05-27,80.01179694040641,3301.4089999999997,402.1361614507201,1.4788050839662572,0.017912335109065092,0.017753799596135565
2024-05-28,3896.09,3934.42,3775.42,3847.0,2743469.005,2024-05-28 23:59:59.999,10587010856.16523,4131171,1320711.68,5098775734.56719,0,2024-05-28,81.0267642090524,3345.1125,411.9355801818298,1.218364045607483,-0.01259981160599477,-0.012679862359331946
2024-05-29,3847.01,3891.79,3746.41,3770.0,2322064.217,2024-05-29 23:59:59.999,8840201337.98247,3697682,1132198.881,4310818597.66084,0,2024-05-29,74.90802754457125,3381.875,415.57204710084005,0.9339535772621879,-0.020015596568754845,-0.020218622310238646
2024-05-30,3770.01,3828.74,3704.7,3750.39,2337573.407,2024-05-30 23:59:59.999,8797090035.41715,3681296,1154732.765,4346373766.41512,0,2024-05-30,78.49552710917806,3423.9519999999998,407.68561005807516,0.8007101353258427,-0.005201591511936332,-0.005215166885225015
2024-05-31,3750.38,3859.53,3725.16,3764.35,2245502.251,2024-05-31 23:59:59.999,8482436640.91421,3559476,1119934.939,4230765534.45397,0,2024-05-31,76.26129180598745,3466.6059999999998,395.67292894378204,0.7525003057318187,0.003722279549593477,0.0037153690104011565
2024-06-01,3764.35,3837.2,3754.36,3817.49,990970.998,2024-06-01 23:59:59.999,3762256419.145,1713419,512007.072,1943999050.79715,0,2024-06-01,76.66201802243606,3511.094,381.66759183463023,0.8027823335148552,0.014116646964283275,0.01401793500673423
2024-06-02,3817.49,3841.7,3753.8,3783.98,1399997.604,2024-06-02 23:59:59.999,5315063128.49873,2239103,693850.462,2634354624.45735,0,2024-06-02,77.7402209893235,3552.8075,362.1752494068286,0.6382890613828939,-0.008778019064882847,-0.00881677282842791
2024-06-03,3783.98,3854.0,3760.0,3769.15,1916780.125,2024-06-03 23:59:59.999,7289605441.43148,3009290,941751.145,3582084956.02903,0,2024-06-03,57.404998869034166,3597.2214999999997,328.32103350989206,0.5236597185444117,-0.003919153906733142,-0.00392685391533568
2024-06-04,3769.14,3835.11,3720.0,3813.12,1757510.322,2024-06-04 23:59:59.999,6653247408.53949,2842601,871391.871,3299567659.17706,0,2024-06-04,51.668270773179316,3636.3445,302.8902325313551,0.5836289223413634,0.011665760184657037,0.011598239814604863
2024-06-05,3813.11,3892.06,3778.91,3868.61,1939160.262,2024-06-05 23:59:59.999,7418252620.82999,3006680,980924.582,3753144955.64928,0,2024-06-05,60.23898407836381,3682.6140000000005,258.92650081686645,0.7183351237251335,0.014552387546156398,0.014447517734287705
2024-06-06,3868.6,3881.99,3760.0,3815.76,1550761.493,2024-06-06 23:59:59.999,5943223056.9034,2511651,736342.557,2822913004.46003,0,2024-06-06,52.43733467691145,3718.8779999999997,219.40341996087903,0.4415701451566943,-0.01366123749873982,-0.013755410870532437
2024-06-07,3815.77,3844.32,3555.02,3679.82,2617598.785,2024-06-07 23:59:59.999,9796443077.05075,3691632,1215070.304,4551942193.23492,0,2024-06-07,46.5224132873287,3746.7895000000003,169.17927098589618,-0.3958493236773856,-0.03562593035201378,-0.03627602058534694
2024-06-08,3679.82,3711.28,3659.0,3682.11,793561.955,2024-06-08 23:59:59.999,2926036726.64497,1458805,386433.172,1424926502.72171,0,2024-06-08,45.04464413884184,3777.3960000000006,61.210624499202794,-1.5566905382780651,0.0006223130479208194,0.0006221194914536602
2024-06-09,3682.12,3724.73,3666.71,3707.67,715200.186,2024-06-09 23:59:59.999,2642214956.13551,1254370,364384.915,1346307751.15646,0,2024-06-09,40.7200371632084,3779.5600000000004,57.667728638461575,-1.2466244413873653,0.006941672030439161,0.006917689546874765
2024-06-10,3707.67,3715.49,3642.6,3669.66,1149036.664,2024-06-10 23:59:59.999,4227296437.78585,1802146,572898.274,2107870923.90956,0,2024-06-10,31.59853718000811,3773.4269999999997,62.554687745610565,-1.6588205255213844,-0.01025172143151909,-0.010304632256332616
2024-06-11,3669.65,3675.0,3427.09,3498.16,3162055.189,2024-06-11 23:59:59.999,11172484428.62634,4252218,1482214.962,5237497335.022,0,2024-06-11,26.354960279803677,3761.3224999999998,87.68649892329245,-3.0011746760491906,-0.04673457486524635,-0.047861898749627194
2024-06-12,3498.17,3657.77,3462.09,3560.45,2861506.382,2024-06-12 23:59:59.999,10226727654.51707,3530223,1422978.039,5084832973.19999,0,2024-06-12,35.50729649353342,3750.1049999999996,98.24015737495631,-1.9305241875390886,0.01780650399066941,0.017649825396498224
2024-06-13,3560.44,3562.33,3426.01,3469.18,2257441.373,2024-06-13 23:59:59.999,7883026434.45223,3052011,1092733.326,3816380105.11294,0,2024-06-13,32.30515598847232,3737.0834999999997,116.63687763289515,-2.29690219283136,-0.025634400146048897,-0.025968686576271823
2024-06-14,3469.18,3533.82,3361.05,3480.51,2523034.384,2024-06-14 23:59:59.999,8724522321.55577,3294259,1246182.223,4311025266.76449,0,2024-06-14,32.08035556453447,3723.5515,129.86812283703085,-1.8714484716544966,0.003265901452216502,0.0032605799791918725
2024-06-15,3480.5,3594.99,3472.34,3567.87,1576530.079,2024-06-15 23:59:59.999,5582814974.94714,2027536,800635.054,2835959176.30979,0,2024-06-15,34.89348825950134,3710.5685,131.88968525469528,-1.081953450146094,0.025099769861313348,0.024789944303548427
2024-06-16,3567.88,3653.73,3540.0,3622.96,1335659.257,2024-06-16 23:59:59.999,4792346124.67986,1829019,677199.022,2430270925.72044,0,2024-06-16,40.50343249427919,3696.9120000000003,125.66243732192959,-0.5884972596110447,0.015440584998893003,0.015322592201468293
2024-06-17,3622.96,3637.47,3464.0,3509.56,2934501.925,2024-06-17 23:59:59.999,10383899880.01183,3692294,1440740.992,5098795168.57783,0,2024-06-17,36.284672689808204,3680.04,127.09527950985401,-1.341355876138439,-0.03130037317552503,-0.03180069778320024
2024-06-18,3509.56,3515.87,3341.85,3482.34,3312942.268,2024-06-18 23:59:59.999,11343168334.36804,4533103,1598710.063,5475607173.67633,0,2024-06-18,32.20847676419967,3665.657,132.53918308820204,-1.383115511418283,-0.007755958011830488,-0.007786191884059943
2024-06-19,3482.33,3587.63,3463.91,3558.85,2344216.428,2024-06-19 23:59:59.999,8299632826.1935,3184104,1190686.068,4216065261.46845,0,2024-06-19,33.70747512149964,3656.0800000000004,133.0136006896468,-0.7309778811781946,0.021970858675488314,0.021732977358824155
2024-06-20,3558.84,3625.0,3483.63,3511.26,2504170.932,2024-06-20 23:59:59.999,8897629754.84559,3501862,1238031.732,4400210046.08425,0,2024-06-20,33.895024117796396,3643.4255,134.20476371948868,-0.9848048335769102,-0.013372297230846986,-0.013462511548577753
2024-06-21,3511.27,3546.66,3443.8,3517.18,2504862.799,2024-06-21 23:59:59.999,8759168104.96023,3403949,1217382.352,4258098600.17461,0,2024-06-21,40.02624671916008,3628.41,130.45217409579504,-0.8526496455192875,0.0016860044542414965,0.0016845847442658606
2024-06-22,3517.18,3520.0,3472.57,3494.26,844082.802,2024-06-22 23:59:59.999,2950982843.3563,1249230,410224.022,1434255973.88213,0,2024-06-22,38.76454896706819,3613.924,128.3365104715095,-0.9324236693077685,-0.006516584309020135,-0.00653790994189214
2024-06-23,3494.25,3519.7,3397.87,3419.38,1408148.716,2024-06-23 23:59:59.999,4887692168.50265,1681099,657795.694,2284151724.64746,0,2024-06-23,33.71776480023493,3596.4355000000005,129.8927174116504,-1.3630902757918577,-0.021429429979452075,-0.02166237413282915
2024-06-24,3419.38,3434.75,3213.0,3352.0,4181333.575,2024-06-24 23:59:59.999,13901750459.19383,5015476,1999937.781,6651263700.4253,0,2024-06-24,32.635077515142214,3573.3795,130.3305920171097,-1.6985996654640951,-0.019705326696652592,-0.01990206547057675
2024-06-25,3351.99,3431.27,3335.58,3393.06,1973459.793,2024-06-25 23:59:59.999,6678808477.4523,2753268,996863.26,3374307280.70847,0,2024-06-25,43.299074239371606,3549.602,116.2533270423909,-1.3465593113125964,0.012249403341288767,0.012174986491865158
2024-06-26,3393.07,3425.0,3325.54,3370.76,1794812.97,2024-06-26 23:59:59.999,6063286037.3137,2606789,896856.908,3029906763.55334,0,2024-06-26,37.25595582010938,3527.352,104.63596416048146,-1.4965409002189014,-0.006572238628258731,-0.0065939308852494835
2024-06-27,3370.78,3476.6,3360.22,3450.34,1724674.688,2024-06-27 23:59:59.999,5901459500.76735,2329723,866906.982,2966540217.18654,0,2024-06-27,48.71406339585553,3515.8779999999997,99.49248014960679,-0.6587231507491832,0.023608919056829825,0.023334538685650174
2024-06-28,3450.34,3487.98,3362.0,3379.51,2082751.457,2024-06-28 23:59:59.999,7138480475.03431,2745383,1007314.321,3453111202.06849,0,2024-06-28,43.624059390939834,3500.7480000000005,95.82361375823997,-1.2652204946672125,-0.02052841169276065,-0.020742048340602334
2024-06-29,3379.5,3407.0,3369.07,3377.62,735883.787,2024-06-29 23:59:59.999,2493797462.5418,1194686,363692.103,1232518250.46531,0,2024-06-29,36.537073467596954,3484.2454999999995,86.25490811209093,-1.2361673362568133,-0.0005592526727248304,-0.000559409112829889
2024-06-30,3377.63,3459.77,3348.5,3436.73,1174744.367,2024-06-30 23:59:59.999,3992984415.0922,1630699,597791.185,2032315211.63122,0,2024-06-30,36.89610042359165,3472.5990000000006,74.87696609494259,-0.4790391741369352,0.017500488509660794,0.017349118442272486
2024-07-01,3436.72,3524.16,3420.0,3440.46,1724896.32,2024-07-01 23:59:59.999,5995532614.39528,2268545,863006.437,3000071117.79851,0,2024-07-01,44.25048259335685,3469.714,74.95181858686237,-0.39030407202324474,0.00108533402391231,0.0010847454747503725
2024-07-02,3440.47,3463.84,3399.22,3420.43,1214393.314,2024-07-02 23:59:59.999,4168787637.14763,1653542,598215.013,2053994483.33986,0,2024-07-02,44.78635069812874,3462.7130000000006,72.53069695692227,-0.5829669612180027,-0.00582189590926796,-0.005838909210506065
2024-07-03,3420.43,3431.36,3250.1,3294.75,2520352.735,2024-07-03 23:59:59.999,8373143758.36071,2979704,1178834.167,3915665271.63823,0,2024-07-03,29.460258205008543,3453.9915,81.62874688912291,-1.9508017220489653,-0.03674391816233624,-0.0374359816233252
2024-07-04,3294.75,3312.59,3049.39,3059.31,3862044.922,2024-07-04 23:59:59.999,12216177700.63474,4536999,1845451.655,5838337261.74437,0,2024-07-04,22.798675895275323,3432.9315,119.82477945450232,-3.118065409349365,-0.07145913954017757,-0.07414089220038729
2024-07-05,3059.3,3108.28,2800.0,2980.43,5753070.194,2024-07-05 23:59:59.999,16931336844.73351,6619794,2745725.183,8082869905.51578,0,2024-07-05,20.30297329895653,3403.5595000000003,152.53929583364894,-2.773904898980539,-0.0257835917249315,-0.02612181493171361
2024-07-06,2980.37,3080.0,2953.45,3065.5,1595818.824,2024-07-06 23:59:59.999,4806659739.67779,2278598,827056.24,2491713223.9266,0,2024-07-06,27.804236638850355,3375.6865,161.03384120558496,-1.92621934419361,0.028542861264985397,0.02814310281084494
2024-07-07,3065.49,3072.0,2922.0,2930.24,1800470.608,2024-07-07 23:59:59.999,5390321656.787,2489493,879593.213,2633375371.12909,0,2024-07-07,26.16834268787028,3346.7205000000004,185.87289792746003,-2.2406736250625356,-0.04412330778013385,-0.045126357283375405
2024-07-08,2930.23,3098.0,2821.26,3017.51,4593820.144,2024-07-08 23:59:59.999,13619919410.75795,5819027,2263602.673,6714713716.15402,0,2024-07-08,34.01298117824747,3323.4790000000003,196.76455441119538,-1.555000599145469,0.029782543409413664,0.029347657048485055
2024-07-09,3017.51,3115.8,3002.56,3065.06,2220259.045,2024-07-09 23:59:59.999,6802252912.17147,3391751,1107944.184,3394990338.8133,0,2024-07-09,34.41982861811482,3298.7895000000003,196.65611868317518,-1.1885188295440359,0.015758025656915642,0.015635157067298483
2024-07-10,3065.05,3150.0,3022.57,3099.12,2157373.274,2024-07-10 23:59:59.999,6683224627.71187,3176233,1095966.819,3395597845.45764,0,2024-07-10,37.23951972040061,3278.1825,194.804919717284,-0.9191887980029938,0.011112343640907518,0.011051055171354943
2024-07-11,3099.12,3216.6,3052.75,3098.25,2601339.395,2024-07-11 23:59:59.999,8152402004.42387,3600706,1307473.275,4099614706.74557,0,2024-07-11,32.13955989327057,3257.236,190.22299386164948,-0.8357874974653774,-0.00028072485092534016,-0.00028076426152216555
2024-07-12,3098.24,3156.6,3044.51,3133.24,1932672.308,2024-07-12 23:59:59.999,5984893351.43529,2961105,953615.559,2953715611.62769,0,2024-07-12,37.036101197056304,3239.1850000000004,183.55965900980112,-0.5771693005506385,0.011293472121358672,0.011230176967310787
2024-07-13,3133.24,3200.72,3112.12,3174.01,1049485.437,2024-07-13 23:59:59.999,3309598689.12394,1693477,530449.761,1672762352.10716,0,2024-07-13,39.70324968898871,3226.9165000000003,179.0260258432152,-0.2955240711556304,0.013012089721821551,0.01292815976771049
2024-07-14,3174.0,3268.66,3162.06,3243.56,1366714.817,2024-07-14 23:59:59.999,4379641147.06541,2055927,694270.539,2225310717.98379,0,2024-07-14,40.33328329079718,3221.4945,176.66489287186093,0.1249003106463533,0.021912344321536326,0.021675719337541755
2024-07-15,3243.52,3493.94,3231.03,3481.62,2723612.97,2024-07-15 23:59:59.999,9168654594.26661,3974958,1413455.861,4759014356.49876,0,2024-07-15,51.668450238350026,3225.9225,182.21410402038697,1.403280505505716,0.07339466512103976,0.07082621067281644
2024-07-16,3481.62,3497.74,3345.0,3442.83,2845763.916,2024-07-16 23:59:59.999,9753609626.26469,4061901,1400015.787,4799501715.18949,0,2024-07-16,50.894397240145665,3229.526,185.90445654182227,1.1473850813899873,-0.011141365226532418,-0.011203895115435146
2024-07-17,3442.84,3517.14,3374.53,3386.0,2271175.016,2024-07-17 23:59:59.999,7844661419.98232,3237912,1123891.81,3882675286.01509,0,2024-07-17,53.85544917567328,3226.309,182.40602202952786,0.875469999417832,-0.01650676914050353,-0.016644523881847527
2024-07-18,3386.01,3487.99,3364.62,3424.99,1913161.231,2024-07-18 23:59:59.999,6551974018.48734,2731223,944022.723,3233110257.0681,0,2024-07-18,68.52594889253652,3228.583,184.6857006433099,1.0634661986058551,0.011515062020082567,0.011449268290953362
2024-07-19,3424.99,3539.38,3375.25,3502.18,2389303.433,2024-07-19 23:59:59.999,8238609685.59137,3178663,1199695.337,4137730841.44349,0,2024-07-19,76.47805125602639,3234.811,191.93404620777733,1.3930253922254137,0.022537292079684912,0.022287079741326297
2024-07-20,3502.18,3538.38,3478.01,3516.03,1048158.992,2024-07-20 23:59:59.999,3670139851.53731,1558795,523893.206,1834532617.65168,0,2024-07-20,74.64525234401498,3238.7760000000003,197.07509958870938,1.4068443988034096,0.003954679656671178,0.003946880466514681
2024-07-21,3516.03,3547.84,3408.13,3534.29,1758109.934,2024-07-21 23:59:59.999,6134383804.64903,2543058,866286.165,3023588474.70076,0,2024-07-21,87.89380575386123,3243.4674999999997,203.1521581132172,1.431550138088733,0.005193357280796729,0.005179918309711428
2024-07-22,3534.3,3562.33,3421.0,3438.08,1946040.386,2024-07-22 23:59:59.999,6769829515.27811,2872471,924675.807,3217480097.84942,0,2024-07-22,76.0909214983188,3244.35,203.99792442185785,0.9496665250347143,-0.027221874832003,-0.027599254486877684
2024-07-23,3438.09,3540.94,3384.61,3481.01,3985761.867,2024-07-23 23:59:59.999,13828978662.12502,5226373,1983682.765,6883828450.35069,0,2024-07-23,75.95307917888564,3253.663,210.56578749696132,1.0796958171720135,0.012486620439315033,0.012409305530323027
2024-07-24,3481.01,3486.73,3285.69,3334.24,2296300.341,2024-07-24 23:59:59.999,7821933918.61205,3181878,1090418.27,3716095917.3267,0,2024-07-24,62.86130013347044,3267.4094999999998,206.13757612142294,0.3242033852218884,-0.042163050379056766,-0.043077714222252206
2024-07-25,3334.23,3342.02,3085.57,3173.67,4204282.853,2024-07-25 23:59:59.999,13341514822.71402,5209059,2025470.194,6425950593.26435,0,2024-07-25,53.51195797943675,3277.0714999999996,196.27103723048694,-0.5268301500774769,-0.04815790105091411,-0.049356120395908
2024-07-26,3173.67,3284.93,3169.14,3272.82,2257393.787,2024-07-26 23:59:59.999,7320892193.0802,2915335,1134692.41,3679901499.2473,0,2024-07-26,56.13312007874018,3287.4375,189.87954319779905,-0.07698301646308822,0.031241433419353593,0.030763351644956992
2024-07-27,3272.81,3326.9,3188.89,3248.17,2181510.66,2024-07-27 23:59:59.999,7122454624.01377,2761294,1054924.118,3444874885.88237,0,2024-07-27,53.305402032447844,3303.334,170.74580766681868,-0.323076746385732,-0.007531731045398171,-0.007560237758466997
2024-07-28,3248.16,3284.57,3195.84,3268.03,1114442.469,2024-07-28 23:59:59.999,3619629949.885,1570115,553972.831,1799410904.0888,0,2024-07-28,51.141207525347234,3315.8599999999997,157.3366296896879,-0.3039978681018762,0.0061142120024506585,0.006095596050957317
2024-07-29,3268.03,3396.07,3256.56,3316.87,2897273.325,2024-07-29 23:59:59.999,9642865305.32722,3645510,1448141.1,4820081979.34955,0,2024-07-29,40.669845620632245,3328.4505,145.86790204534344,-0.07939032396860139,0.014944783248623583,0.014834210273704384
2024-07-30,3316.86,3365.0,3230.1,3278.17,2000830.475,2024-07-30 23:59:59.999,6618568157.7503,2867603,964073.973,3190146742.55348,0,2024-07-30,40.67399184413232,3337.403,136.228167235802,-0.43480728840366245,-0.011667626406823284,-0.011736227288190836
2024-07-31,3278.17,3348.74,3212.32,3231.48,2173585.083,2024-07-31 23:59:59.999,7150139867.6455,3182046,1067718.335,3513298837.35317,0,2024-07-31,41.14660921779388,3344.0644999999995,126.853037698849,-0.8875191484753937,-0.014242702483397762,-0.014345103242315199
2024-08-01,3231.49,3241.83,3078.4,3201.67,2840086.848,2024-08-01 23:59:59.999,8965170896.1268,4034154,1380300.354,4356642639.08682,0,2024-08-01,37.06860610552649,3347.486,121.6849384962931,-1.1983077100740929,-0.009224875289341128,-0.009267687949097662
2024-08-02,3201.66,3217.06,2965.27,2988.11,3409297.384,2024-08-02 23:59:59.999,10491247461.2199,4548541,1621377.708,4991340464.84899,0,2024-08-02,24.292643896584508,3338.191,141.1730008442584,-2.4798013636205685,-0.06670268953389946,-0.06903146816097148
2024-08-03,2988.1,3016.61,2855.0,2901.94,2621892.579,2024-08-03 23:59:59.999,7708121561.66818,3601279,1248008.633,3669871587.98689,0,2024-08-03,21.36228396616208,3321.1099999999997,170.78629379248517,-2.4543538634857573,-0.028837626459534693,-0.029261601663332505
2024-08-04,2901.95,2934.66,2613.3,2687.6,3709293.795,2024-08-04 23:59:59.999,10337564316.12464,4334371,1745526.288,4868353923.68421,0,2024-08-04,16.619751626256672,3281.4089999999997,217.42987699366086,-2.7310368207461764,-0.07386093440939512,-0.0767308767881209
2024-08-05,2687.6,2695.93,2112.0,2418.6,13557724.097,2024-08-05 23:59:59.999,31796290079.35264,14541848,6562189.135,15387889552.71915,0,2024-08-05,14.626936101704331,3230.1975,286.9228351587432,-2.8286263780677303,-0.10008929900282781,-0.10545974169481981
2024-08-06,2418.6,2558.24,2412.35,2459.87,4356686.925,2024-08-06 23:59:59.999,10853835843.08941,6249436,2188075.764,5451877184.46254,0,2024-08-06,14.528477538940379,3183.891,331.6953066627723,-2.182789401768947,0.017063590506904758,0.016919642650403906
2024-08-07,2459.86,2549.85,2307.0,2341.41,4906789.045,2024-08-07 23:59:59.999,11948141533.76121,6140976,2425336.198,5908403982.37131,0,2024-08-07,14.81995932164952,3129.712,375.80453902752396,-2.0976383149599607,-0.04815701642769743,-0.04935519101612265
2024-08-08,2341.4,2723.77,2318.64,2681.59,4820970.35,2024-08-08 23:59:59.999,12083805705.50479,5984866,2490429.713,6247556699.7897,0,2024-08-08,34.53240123720673,3088.6825,377.7888924543016,-1.077566090827413,0.14528852272775827,0.13565659017840936
2024-08-09,2681.59,2708.8,2551.23,2597.9,3151681.154,2024-08-09 23:59:59.999,8282477599.45511,4634696,1557582.043,4094020420.0692,0,2024-08-09,28.5769606785084,3042.776,378.9082613370678,-1.1740994995204093,-0.031209096095972888,-0.031706475821160145
2024-08-10,2597.89,2644.43,2574.54,2608.76,1311479.404,2024-08-10 23:59:59.999,3425329027.8452,2176236,659571.157,1722921753.27068,0,2024-08-10,29.524858623185168,2996.4995,372.17790926094517,-1.041812236438095,0.004180299472650972,0.004171586294832022
2024-08-11,2608.77,2720.78,2537.76,2554.65,2629489.23,2024-08-11 23:59:59.999,6903526348.81363,3711479,1293433.061,3396187353.52038,0,2024-08-11,27.646520605635217,2952.3280000000004,369.4253532689672,-1.0764772814887538,-0.0207416550391758,-0.02095978468458298
2024-08-12,2554.66,2749.97,2506.13,2721.15,4126997.22,2024-08-12 23:59:59.999,10880965017.29926,5678213,2066388.903,5450953692.7764,0,2024-08-12,32.61524274224615,2914.335,350.7957863502059,-0.5507050184666124,0.06517526862779643,0.06313935710248673
2024-08-13,2721.15,2737.38,2610.04,2701.01,3016449.602,2024-08-13 23:59:59.999,8069318726.17169,4277979,1463942.691,3916811496.53101,0,2024-08-13,32.97242119921171,2882.6735,339.2898408250859,-0.5354227511151819,-0.0074012825459823794,-0.007428807937209854
2024-08-14,2701.01,2788.88,2631.0,2659.82,3096528.693,2024-08-14 23:59:59.999,8350455924.61193,4268636,1539084.484,4152131428.5977,0,2024-08-14,33.07977363136959,2856.9809999999998,335.5291934886813,-0.5876120582832403,-0.015249850981669866,-0.015367325805080809
2024-08-15,2659.82,2674.17,2513.65,2568.73,3219267.74,2024-08-15 23:59:59.999,8394943427.72548,4395653,1558233.282,4064093807.97042,0,2024-08-15,31.921785028790794,2821.7765,326.4156522510539,-0.7752278368237561,-0.03424667834665507,-0.03484683798699399
2024-08-16,2568.73,2630.73,2549.15,2591.52,2666495.856,2024-08-16 23:59:59.999,6920011178.09664,3532045,1330009.967,3452180554.93673,0,2024-08-16,37.28707069541412,2788.944,314.06029931243785,-0.6286181361738941,0.008872088541808543,0.008832962811929792
2024-08-17,2591.53,2628.0,2585.81,2613.18,820608.568,2024-08-17 23:59:59.999,2137408112.92346,1287056,415970.481,1083684914.5752,0,2024-08-17,40.34428334492536,2756.2015,295.0443073466074,-0.48474583795980103,0.008358029264678546,0.00832329434751411
2024-08-18,2613.18,2688.25,2593.0,2610.67,1615775.889,2024-08-18 23:59:59.999,4267133650.03774,2004401,809008.005,2136908459.7733,0,2024-08-18,47.00299972729752,2720.8915,265.15795205828715,-0.41568242304032865,-0.0009605155404525112,-0.0009609771311045707
2024-08-19,2610.67,2647.29,2560.9,2635.15,2122248.285,2024-08-19 23:59:59.999,5523868083.81981,2786090,1064720.33,2772015605.40278,0,2024-08-19,60.421780100680515,2688.7405,230.78636663819842,-0.2322082572754963,0.009376903247059198,0.009333212996948555
2024-08-20,2635.16,2694.96,2552.5,2571.51,2504509.413,2024-08-20 23:59:59.999,6566812933.60973,3120372,1238820.281,3248597650.00739,0,2024-08-20,55.259587298596074,2655.742,193.2251752585382,-0.43592663268280796,-0.024150427869381152,-0.0244468313631677
2024-08-21,2571.51,2663.55,2533.51,2629.38,2414391.575,2024-08-21 23:59:59.999,6277878525.37053,3176025,1178623.074,3065820083.52276,0,2024-08-21,64.38828431813414,2627.1275,144.3069062021648,0.015609093558172782,0.022504287364233377,0.022254801947284207
2024-08-22,2629.37,2644.0,2582.27,2622.0,1631635.639,2024-08-22 23:59:59.999,4269132808.98035,2282787,808553.017,2115701959.89217,0,2024-08-22,45.539069635130474,2608.822,116.68249309900112,0.11293896496382537,-0.002806745316386361,-0.0028106916119159317
2024-08-23,2622.0,2798.88,2619.86,2761.58,3288873.603,2024-08-23 23:59:59.999,8851748788.1898,3726302,1681673.422,4527645060.38112,0,2024-08-23,61.30699088145896,2601.804,101.33661412398924,1.5766857949734512,0.05323417238749051,0.05186559436079172
2024-08-24,2761.58,2819.35,2729.15,2766.4,2124349.317,2024-08-24 23:59:59.999,5889986272.50161,2442380,1043222.69,2893254975.15796,0,2024-08-24,60.98138653588943,2605.7439999999997,106.26023058613944,1.5119108919095112,0.0017453776461302528,0.0017438562445893629
2024-08-25,2766.4,2791.66,2731.63,2744.47,1228055.898,2024-08-25 23:59:59.999,3389709159.62444,1753910,613644.6,1694288811.56545,0,2024-08-25,63.84375273491057,2622.0375,100.90275646309647,1.2133712129537073,-0.007927270098322836,-0.007958857951640282
2024-08-26,2744.48,2760.97,2665.0,2679.25,1907712.073,2024-08-26 23:59:59.999,5184051187.20895,2553448,915016.083,2487377251.83939,0,2024-08-26,46.41451309258942,2633.0065000000004,94.03654156907257,0.4917609604563391,-0.0237641511840172,-0.024051073384279323
2024-08-27,2679.26,2699.11,2388.0,2455.98,3836573.429,2024-08-27 23:59:59.999,9846501388.57358,4097936,1789097.4,4597768265.06356,0,2024-08-27,34.441156674244056,2638.7349999999997,77.34682673046036,-2.3627989372707896,-0.08333302230101702,-0.0870110376817059
2024-08-28,2455.98,2554.19,2416.56,2527.31,3674708.436,2024-08-28 23:59:59.999,9159321788.05102,4369848,1827085.219,4554679262.93537,0,2024-08-28,41.89610675538485,2631.021,80.47783747884831,-1.2886901940830382,0.029043396118860976,0.028629629061642674
2024-08-29,2527.32,2594.0,2504.11,2526.28,2156748.728,2024-08-29 23:59:59.999,5495665085.87916,2978686,1071415.057,2731070479.70818,0,2024-08-29,47.08251432969995,2627.44,83.563455056989,-1.2105770391017254,-0.0004075479462352094,-0.0004076310164702855
2024-08-30,2526.28,2552.32,2431.0,2524.99,2705396.131,2024-08-30 23:59:59.999,6752794214.88911,3350073,1356369.455,3385768019.74133,0,2024-08-30,45.28831036387585,2623.2515,86.59353289793451,-1.1347440936012887,-0.0005106322339568647,-0.0005107626509946946
2024-08-31,2524.99,2533.29,2490.62,2511.91,785832.801,2024-08-31 23:59:59.999,1976386313.99828,1248851,397981.405,1000992767.9217,0,2024-08-31,42.739773167199566,2621.1145,88.87299847332945,-1.2287702887933083,-0.005180218535518977,-0.0051936823848056785
2024-09-01,2511.91,2514.97,2397.23,2424.55,2295800.358,2024-09-01 23:59:59.999,5659435689.68286,2855543,1108499.181,2732738084.96637,0,2024-09-01,38.104003681546246,2606.2844999999998,95.77982171164344,-1.8974194851514021,-0.03477831610208948,-0.03539747977918605
2024-09-02,2424.55,2564.49,2421.8,2536.74,2289999.119,2024-09-02 23:59:59.999,5708121980.45667,2837354,1181635.729,2945741446.13685,0,2024-09-02,44.344187864228296,2598.0710000000004,94.260556069521,-0.6506539167323231,0.04627250417603257,0.04523385195799796
2024-09-03,2536.76,2552.55,2405.14,2424.05,2052035.733,2024-09-03 23:59:59.999,5085212466.24925,2614090,1000153.64,2478456524.97064,0,2024-09-03,41.977498259052915,2586.2825000000003,100.65757245945349,-1.6117267289090442,-0.044423157280604086,-0.04544009706040781
2024-09-04,2424.05,2489.34,2304.87,2449.67,3391129.709,2024-09-04 23:59:59.999,8140965676.04585,3931605,1677759.784,4030837807.87353,0,2024-09-04,39.867386867240256,2580.3295,105.16981548533612,-1.2423669224580667,0.010569088921433156,0.01051362655001029
2024-09-05,2449.67,2465.23,2346.05,2367.37,2611081.826,2024-09-05 23:59:59.999,6245550694.43367,3107916,1261969.432,3018996438.19869,0,2024-09-05,36.76160173025131,2569.1220000000003,115.3638345045281,-1.7488322997107166,-0.033596361958957766,-0.03417368727944821
2024-09-06,2367.33,2409.34,2150.0,2223.7,5476018.438,2024-09-06 23:59:59.999,12547525242.00458,5360447,2594469.019,5951733241.16893,0,2024-09-06,22.15365500103539,2549.648,138.15665957626697,-2.35926375897983,-0.06068759847425631,-0.06260715912435223
2024-09-07,2223.7,2310.0,2220.76,2272.21,1832770.243,2024-09-07 23:59:59.999,4165135636.96698,2210828,908635.249,2065076225.44763,0,2024-09-07,25.52278873490573,2532.725,150.469159263562,-1.7313514694641272,0.02181499302963541,0.021580450961770335
2024-09-08,2272.21,2333.98,2238.88,2295.89,1933824.754,2024-09-08 23:59:59.999,4415720059.77657,2156598,973068.219,2222217326.39417,0,2024-09-08,27.820299829911775,2515.762,157.28342823005582,-1.3979349412348594,0.010421571949775776,0.010367641736942651
2024-09-09,2295.9,2382.51,2271.22,2358.19,2933575.518,2024-09-09 23:59:59.999,6805916507.20762,3320754,1482404.917,3440306921.7662,0,2024-09-09,34.079458901935894,2505.096,160.50402252381565,-0.9152792415417624,0.027135446384626505,0.02677380772705042
2024-09-10,2358.19,2399.99,2319.09,2387.63,2148101.375,2024-09-10 23:59:59.999,5054995341.92923,2565583,1068571.246,2515123913.45632,0,2024-09-10,45.804122825326274,2493.0085,159.75291432234815,-0.6596342886575948,0.012484150980200948,0.012406866523154194
2024-09-11,2387.63,2388.39,2275.8,2339.22,3136148.113,2024-09-11 23:59:59.999,7306678946.31927,3409399,1529071.821,3563775627.453,0,2024-09-11,38.11918086840076,2478.8695,160.24861413230923,-0.8714552743944383,-0.020275335793234373,-0.020483701683794344
2024-09-12,2339.18,2392.0,2313.16,2360.79,2141666.211,2024-09-12 23:59:59.999,5033942160.06787,2545405,1066702.747,2507509313.74966,0,2024-09-12,39.81110933247958,2458.83,147.5945118435164,-0.6642523409267722,0.009221022392079448,0.009178768316995514
2024-09-13,2360.79,2463.77,2336.2,2438.15,2314979.037,2024-09-13 23:59:59.999,5530067659.02683,2668001,1208391.772,2887469170.17797,0,2024-09-13,45.11135130266389,2442.4175,128.62422072296172,-0.033178043575412715,0.03276869183620734,0.03224324622192811
2024-09-14,2438.16,2439.61,2373.82,2416.65,1075037.045,2024-09-14 23:59:59.999,2596020589.32818,1367830,500734.531,1209109278.68291,0,2024-09-14,44.687709123354914,2426.0265,107.21217690444175,-0.08745741641228989,-0.008818161310829908,-0.008857271384327743
2024-09-15,2416.65,2429.44,2282.0,2314.85,1664319.311,2024-09-15 23:59:59.999,3940360052.61832,1854980,775695.527,1838188878.30536,0,2024-09-15,43.979408148928684,2407.8064999999997,91.7643641000946,-1.0129912729368977,-0.04212442844433417,-0.043037393000460424
2024-09-16,2314.85,2334.9,2251.06,2294.61,2822059.425,2024-09-16 23:59:59.999,6460692525.60421,3278768,1401475.588,3208620449.81585,0,2024-09-16,35.21957294070252,2399.7380000000003,94.36324538722997,-1.1140778336797958,-0.008743547098084004,-0.008781996191049215
2024-09-17,2294.61,2392.62,2262.0,2340.59,2616421.538,2024-09-17 23:59:59.999,6111066521.55576,2954820,1314011.466,3069825062.72255,0,2024-09-17,44.45360057417795,2390.402,90.22331135349442,-0.552096783555602,0.02003826358291816,0.01984013990915928
2024-09-18,2340.59,2376.0,2275.25,2373.93,2861908.683,2024-09-18 23:59:59.999,6635180765.57796,3408011,1421120.067,3295733475.77364,0,2024-09-18,45.0177608209446,2382.7845,84.39027198090254,-0.10492323098572473,0.014244271743449222,0.014143775312724425
2024-09-19,2373.93,2494.68,2371.37,2464.56,2948555.003,2024-09-19 23:59:59.999,7171076241.07582,3370281,1497203.33,3641275078.0614,0,2024-09-19,56.323933214476256,2379.763,79.99831610734522,1.0599848112579735,0.038177199833188125,0.037466482922669894
2024-09-20,2464.55,2572.18,2436.11,2560.29,3062258.119,2024-09-20 23:59:59.999,7753088412.44312,3534413,1551048.187,3927065203.7841,0,2024-09-20,73.3584088606365,2382.182,84.7923214994959,2.100520387344968,0.03884263316778647,0.03810724074962254
2024-09-21,2560.3,2623.85,2527.69,2611.4,1505216.371,2024-09-21 23:59:59.999,3860209268.60618,1968769,765766.675,1964591017.98574,0,2024-09-21,73.45420348780925,2391.5245000000004,98.8367116684469,2.2246339066558987,0.01996258236371662,0.019765942666166332
2024-09-22,2611.4,2633.3,2522.57,2579.94,1969445.194,2024-09-22 23:59:59.999,5079507048.41662,2567848,973369.702,2510953564.04593,0,2024-09-22,69.43232038529423,2393.6845,102.57853553438488,1.815735612033244,-0.012047177759056504,-0.01212033314264928
2024-09-23,2579.95,2702.0,2538.24,2645.84,3118835.195,2024-09-23 23:59:59.999,8258863620.46054,3944673,1572817.958,4165165302.30153,0,2024-09-23,69.58214767110977,2404.7740000000003,117.0077720046162,2.0602563049443354,0.025543229687512214,0.025222452383413477
2024-09-24,2645.84,2669.94,2590.1,2652.0,2718085.708,2024-09-24 23:59:59.999,7157361925.27724,3286318,1337213.087,3521501448.58989,0,2024-09-24,68.58645369029371,2414.8905000000004,129.20480036201997,1.8351446644059706,0.0023281831100896433,0.0023254770910506035
2024-09-25,2652.0,2673.06,2552.44,2578.9,2133334.523,2024-09-25 23:59:59.999,5567024562.92928,2797933,1030281.087,2689554386.55888,0,2024-09-25,66.28526390172313,2425.467,133.69001840868924,1.1476773047555175,-0.027564102564102577,-0.027951120895050495
2024-09-26,2578.9,2666.17,2557.5,2631.11,2641065.13,2024-09-26 23:59:59.999,6929873789.00273,3328794,1321868.043,3468568465.59914,0,2024-09-26,67.63293847518656,2445.8375,132.36062683266712,1.3997553837080654,0.020245065725696954,0.020042858953633443
2024-09-27,2631.16,2727.66,2614.22,2693.53,2373825.623,2024-09-27 23:59:59.999,6342180731.2717,3189100,1199024.707,3203856813.3117,0,2024-09-27,66.98954203145374,2466.9035,136.72810396341762,1.65749756948751,0.02372382758607583,0.023446790618859455
2024-09-28,2693.52,2703.3,2648.32,2673.9,1392948.05,2024-09-28 23:59:59.999,3723908596.00055,1839875,677326.925,1810841424.32055,0,2024-09-28,67.15663389844073,2485.804,137.9653407429769,1.3633569053434529,-0.007287834180425001,-0.007314520178414317
2024-09-29,2673.91,2683.0,2632.8,2656.3,1390536.4,2024-09-29 23:59:59.999,3694249941.64657,1986101,677042.803,1799071998.37582,0,2024-09-29,75.6532584033298,2500.7095,139.54707639834527,1.114967823158531,-0.00658214592916706,-0.006603903779802948
2024-09-30,2656.3,2662.81,2572.82,2601.49,2859601.743,2024-09-30 23:59:59.999,7479243412.38602,3737190,1386603.621,3627038278.3598,0,2024-09-30,71.91749514341214,2511.4024999999997,138.6167140706581,0.649903589217092,-0.020633964537138283,-0.02084981923819888
2024-10-01,2601.49,2658.63,2412.4,2446.85,4639427.429,2024-10-01 23:59:59.999,11757705807.87982,5506567,2223094.24,5637027782.0471,0,2024-10-01,56.56947844795607,2516.7840000000006,133.57794414541257,-0.5235445151324585,-0.0594428577469065,-0.06128287477347204
2024-10-02,2446.85,2498.0,2350.0,2363.0,3570103.344,2024-10-02 23:59:59.999,8682380285.25884,4876678,1762306.137,4287791720.54734,0,2024-10-02,49.36398021530405,2516.8945000000003,133.44295499047018,-1.153260582478788,-0.034268549359380396,-0.0348694848263996
2024-10-03,2363.0,2402.29,2308.09,2348.74,3190067.071,2024-10-03 23:59:59.999,7492256044.28834,4606050,1582561.453,3716899655.06006,0,2024-10-03,42.602953198446755,2512.424,137.65115226546322,-1.1891219020406896,-0.006034701650444396,-0.00605298405211753
2024-10-04,2348.74,2440.0,2338.27,2413.38,2533506.834,2024-10-04 23:59:59.999,6057108558.06383,3367064,1276058.588,3050968050.70008,0,2024-10-04,40.2293193577994,2512.2605,137.77278680478636,-0.7177070471841871,0.027521138993673366,0.027149240406479053
2024-10-05,2413.38,2427.94,2388.66,2413.42,1103480.476,2024-10-05 23:59:59.999,2659364171.76931,1634536,531347.467,1280610283.15056,0,2024-10-05,35.873101952277665,2517.189,131.9805032611345,-0.7862449182716338,1.657426513856919e-05,1.6574127786954413e-05
2024-10-06,2413.42,2457.11,2405.76,2438.77,1219434.738,2024-10-06 23:59:59.999,2965206689.83741,1662789,616942.51,1500513800.77798,0,2024-10-06,39.838182577273585,2524.397,122.80220181040454,-0.6972757714246872,0.010503766439326823,0.010448985157241282
2024-10-07,2438.76,2520.25,2401.08,2421.75,3345508.612,2024-10-07 23:59:59.999,8255869954.96215,3859018,1666039.13,4112579562.93845,0,2024-10-07,32.648320505474416,2528.455,117.64113152433293,-0.90703819843767,-0.006978927902180243,-0.007003394519803136
2024-10-08,2421.75,2466.63,2400.01,2439.84,2262736.283,2024-10-08 23:59:59.999,5503261413.71323,3114112,1139055.76,2770824075.20939,0,2024-10-08,33.87008484627319,2531.7504999999996,113.94983127286693,-0.8065874163508717,0.007469804893155851,0.007442044060207855
2024-10-09,2439.84,2472.9,2350.0,2369.6,2689510.593,2024-10-09 23:59:59.999,6518443895.41703,3351701,1286371.019,3119005644.17756,0,2024-10-09,34.018020769700684,2527.0025,118.77312919910152,-1.3252366175866557,-0.028788773034297388,-0.02921129885316779
2024-10-10,2369.6,2421.5,2329.44,2385.24,2863209.676,2024-10-10 23:59:59.999,6818678392.31371,3597279,1398871.814,3332026528.56307,0,2024-10-10,30.115005742199514,2518.25,122.57983259045689,-1.0850887718568751,0.006600270087778526,0.006578583676973641
2024-10-11,2385.24,2470.0,2380.81,2438.46,2339315.627,2024-10-11 23:59:59.999,5679642394.45142,2711747,1200225.385,2914875010.63419,0,2024-10-11,29.05932384283207,2509.603,121.76003173200225,-0.5842886125111076,0.02231222015394696,0.022066944298301926
2024-10-12,2438.45,2489.95,2433.2,2475.09,1118480.77,2024-10-12 23:59:59.999,2752321410.11463,1599784,572385.739,1408694565.5221,0,2024-10-12,34.12136798555983,2504.3605,120.82583783785795,-0.24225364809205074,0.015021776038975476,0.014910066489203651
2024-10-13,2475.08,2484.0,2435.0,2467.79,1294682.574,2024-10-13 23:59:59.999,3182005834.60698,1710016,628913.242,1545838846.41015,0,2024-10-13,34.692154028551485,2495.4579999999996,116.32862731349269,-0.23784343234307656,-0.00294938769903319,-0.0029537457140260933
2024-10-14,2467.79,2653.44,2442.0,2628.88,3677192.62,2024-10-14 23:59:59.999,9413848750.38399,4126739,1941736.246,4970136301.48087,0,2024-10-14,51.89678813312837,2494.302,114.79591656046517,1.1723239295634285,0.06527702924478995,0.06323488669230437
2024-10-15,2628.87,2688.76,2536.64,2606.53,3913137.317,2024-10-15 23:59:59.999,10179198376.76577,4603082,1895316.575,4932265835.07717,0,2024-10-15,63.538628501661805,2495.6835,116.02723778565013,0.9553489518106001,-0.008501719363379068,-0.008538065127046694
2024-10-16,2606.54,2647.51,2588.01,2610.39,2129585.886,2024-10-16 23:59:59.999,5575803606.56706,3335242,1075259.626,2816083406.04165,0,2024-10-16,74.26676868145876,2494.6475,114.84081810905597,1.0078515801767243,0.0014808960572101348,0.0014798006120043024
2024-10-17,2610.39,2647.9,2573.73,2605.01,2064665.138,2024-10-17 23:59:59.999,5391409323.33926,3126924,1015541.123,2652422054.07469,0,2024-10-17,75.58350803633826,2490.2215,108.29144390928265,1.0599960242118496,-0.002060994717264286,-0.0020631214895566567
2024-10-18,2605.01,2675.12,2595.61,2641.11,2309322.096,2024-10-18 23:59:59.999,6087636750.23593,3332476,1166893.882,3076289416.438,0,2024-10-18,74.10810696364676,2488.582,105.5784787978739,1.4446883658175211,0.013857912253695703,0.013762769367880078
2024-10-19,2641.11,2662.66,2630.05,2647.45,811419.456,2024-10-19 23:59:59.999,2145117994.00858,1394122,388171.835,1026251049.19583,0,2024-10-19,74.44892501201394,2488.1395,104.8546076831074,1.5193466793702506,0.0024005058479199537,0.002397629236385818
2024-10-20,2647.46,2759.62,2634.53,2746.98,1886789.344,2024-10-20 23:59:59.999,5086837478.2804,2561549,972928.602,2623284767.8298,0,2024-10-20,77.87767506648095,2495.414,117.42567366551216,2.1423424038987187,0.03759466656594079,0.0369052138429897
2024-10-21,2746.98,2770.0,2655.52,2666.63,2440964.283,2024-10-21 23:59:59.999,6594015920.8176,3398089,1145823.576,3095647136.81916,0,2024-10-21,69.87275206128677,2506.403,122.80242626185876,1.304754351174943,-0.029250303970178138,-0.02968662349961684
2024-10-22,2666.62,2671.59,2606.0,2621.78,2231512.621,2024-10-22 23:59:59.999,5872949301.92433,3216850,1058950.981,2787039361.33469,0,2024-10-22,64.15038576406172,2519.3419999999996,120.50930501749292,0.8500422435025314,-0.01681898126099235,-0.016962026511655535
2024-10-23,2621.79,2629.51,2443.01,2523.84,3189122.481,2024-10-23 23:59:59.999,8115624142.39563,4009452,1520306.621,3870037417.51346,0,2024-10-23,61.500492111306656,2528.097,113.62670841056743,-0.037464783232285866,-0.03735629991837608,-0.03807192517804958
2024-10-24,2523.85,2561.83,2506.27,2535.39,2024878.304,2024-10-24 23:59:59.999,5131500444.50411,3077106,1012955.907,2567477463.68968,0,2024-10-24,61.26423502228093,2534.1975,110.37219905850176,0.010804351187816606,0.0045763598326358235,0.004565920136397561
2024-10-25,2535.39,2565.94,2380.63,2440.1,4024452.801,2024-10-25 23:59:59.999,10029812560.47148,4904111,1927355.099,4805880042.88846,0,2024-10-25,50.115727673026974,2535.5315,108.9881616109076,-0.8756134481898564,-0.037583961441829405,-0.03830844929202387
2024-10-26,2440.1,2507.1,2429.34,2482.04,1570141.847,2024-10-26 23:59:59.999,3869014206.47847,2441155,789431.121,1945757193.89331,0,2024-10-26,50.48678330788518,2537.695,107.38394129187998,-0.518280474067575,0.01718782017130449,0.017041780616146057
2024-10-27,2482.04,2527.25,2462.86,2507.22,1121169.212,2024-10-27 23:59:59.999,2791987376.97791,1824285,572225.679,1424929948.04159,0,2024-10-27,52.69422617014008,2541.9685,104.17978707255625,-0.3335435882183122,0.010144880823838465,0.01009376692595884
2024-10-28,2507.21,2590.78,2470.41,2566.49,2899028.949,2024-10-28 23:59:59.999,7309310195.27607,3762851,1494189.493,3768684034.75069,0,2024-10-28,45.04786246090831,2548.3010000000004,101.4588832924786,0.17927459291627934,0.023639728464195375,0.023364637039755998
2024-10-29,2566.48,2681.83,2560.3,2639.28,3011425.28,2024-10-29 23:59:59.999,7913517420.71605,4189559,1493408.088,3924332428.64527,0,2024-10-29,52.406778664550174,2561.785,94.11386186288483,0.8234174909632693,0.028361692428180207,0.02796694603492805
2024-10-30,2639.28,2724.65,2599.9,2659.36,3503151.793,2024-10-30 23:59:59.999,9357672371.96901,4461263,1710311.85,4569927873.94407,0,2024-10-30,53.51498011742921,2575.491,86.71994118400102,0.9671247334225955,0.007608135552120254,0.007579339652011248
2024-10-31,2659.35,2669.74,2502.5,2518.37,3205202.83,2024-10-31 23:59:59.999,8277842338.14581,4047308,1459374.126,3768659241.34926,0,2024-10-31,44.79452054794518,2579.4865,81.77396608468814,-0.747383341254423,-0.053016515251789964,-0.054473625495954164
2024-11-01,2518.37,2587.86,2467.3,2511.57,3451022.637,2024-11-01 23:59:59.999,8699141498.66404,4542784,1685871.146,4250695855.49705,0,2024-11-01,41.93299290073483,2581.3105000000005,79.70344088695114,-0.874999864797783,-0.0027001592299780164,-0.0027038112353904194
2024-11-02,2511.57,2523.8,2467.1,2493.61,1213734.335,2024-11-02 23:59:59.999,3026712910.29806,1863044,569964.447,1421633376.48026,0,2024-11-02,40.55640131611257,2582.6015,77.95790748696388,-1.1415326920477085,-0.00715090560884224,-0.007176595880087408
2024-11-03,2493.61,2496.21,2410.35,2457.29,2927779.094,2024-11-03 23:59:59.999,7163438364.52393,3691178,1458611.352,3569395175.291,0,2024-11-03,30.72100730723669,2574.022,81.93719916085135,-1.424652065185225,-0.014565228724620183,-0.014672343037165067
2024-11-04,2457.3,2491.0,2356.0,2397.37,2683418.991,2024-11-04 23:59:59.999,6531967836.16009,3886493,1321401.21,3218019482.77525,0,2024-11-04,31.579739492119074,2563.564,90.47306993336295,-1.8369444092303766,-0.02438458627186868,-0.02468681353585145
2024-11-05,2397.36,2479.6,2379.48,2421.42,2557859.231,2024-11-05 23:59:59.999,6231806758.76281,3760382,1294224.266,3153791562.91328,0,2024-11-05,35.8917305092384,2554.1155,95.0758452624943,-1.395680465775946,0.010031826543253741,0.009981841785657536
2024-11-06,2421.41,2746.02,2419.2,2722.49,6240942.27,2024-11-06 23:59:59.999,16272107312.50839,8360576,3203973.532,8355953157.99743,0,2024-11-06,60.87646872022863,2559.9895,101.77854062288914,1.5966086662816095,0.12433613334324467,0.11719275778177837
2024-11-07,2722.5,2916.56,2700.31,2895.76,5207698.306,2024-11-07 23:59:59.999,14756353987.5382,7200619,2573722.71,7294142221.69339,0,2024-11-07,66.76248685960947,2572.7219999999998,125.60118950999244,2.5719342409117916,0.06364394359575254,0.06170069543749194
2024-11-08,2895.76,2982.75,2886.47,2962.12,3870167.008,2024-11-08 23:59:59.999,11332152551.52056,5787373,1923427.482,5633403581.36234,0,2024-11-08,74.953154875717,2588.4555,152.321195486652,2.4531352895844645,0.0229162637787661,0.02265763003060768
2024-11-09,2962.12,3158.66,2954.1,3127.03,3673317.244,2024-11-09 23:59:59.999,11173770610.26657,4998817,1829587.064,5568059228.63056,0,2024-11-09,77.58796205206292,2607.4579999999996,191.74321646138216,2.709728195806314,0.05567296395824628,0.05417844409786318
2024-11-10,3127.02,3252.28,3073.86,3185.19,5615528.884,2024-11-10 23:59:59.999,17861396070.5185,8319460,2731425.298,8690072177.09007,0,2024-11-10,78.20292025458629,2633.386,231.17223866748205,2.3869821185307396,0.018599118012938787,0.01842826958633002
2024-11-11,3185.19,3392.06,3107.15,3375.02,6247550.0,2024-11-11 23:59:59.999,20262260007.34664,9405458,3090488.191,10026582648.42951,0,2024-11-11,80.33860909111375,2671.048,284.4097526383339,2.475203446680668,0.05959770060812697,0.0578893083569177
2024-11-12,3375.02,3449.0,3211.15,3245.98,6898960.493,2024-11-12 23:59:59.999,22813786244.09084,10356407,3364197.551,11130563501.01949,0,2024-11-12,71.84322705147036,2707.1549999999997,309.47251734967597,1.7411077552685452,-0.03823384750312586,-0.03898394258889464
2024-11-13,3245.99,3335.0,3120.0,3188.9,5945632.887,2024-11-13 23:59:59.999,19122914369.90351,9306759,2849988.549,9168395150.131,0,2024-11-13,68.57044663898552,2739.8305,324.5168720530779,1.383809406145608,-0.017584828002637054,-0.017741277900122795
2024-11-14,3188.9,3242.31,3031.6,3061.03,4177386.799,2024-11-14 23:59:59.999,13169676243.66554,7152344,2006885.014,6330866943.5301,0,2024-11-14,69.20729980745273,2770.877,324.0342613155654,0.8954392625705422,-0.040098466555865575,-0.04092456910987512
2024-11-15,3061.04,3133.68,3016.11,3091.75,3517544.364,2024-11-15 23:59:59.999,10790970529.49053,6167452,1731672.241,5313681896.51725,0,2024-11-15,70.19337862671938,2801.3625,324.1110273522392,0.8959506943415747,0.010035837610216092,0.00998581300606122
2024-11-16,3091.75,3222.69,3073.47,3134.72,2517322.736,2024-11-16 23:59:59.999,7933164452.94315,4435334,1214685.16,3827847188.49747,0,2024-11-16,71.93223725172246,2832.7375,324.5102222844655,0.9305793138783834,0.013898277674456061,0.013802582261526941
2024-11-17,3134.71,3164.8,3035.0,3078.09,3003350.309,2024-11-17 23:59:59.999,9311038693.96001,5162148,1430589.371,4436199564.8674,0,2024-11-17,70.94636542769997,2858.3175,322.5763225049186,0.6813038796319248,-0.01806540935075529,-0.018230581146260638
2024-11-18,3078.09,3228.0,3051.5,3210.48,4140524.369,2024-11-18 23:59:59.999,12964128792.03221,6611517,2060471.827,6455666075.86111,0,2024-11-18,76.15594943223857,2886.8775,327.41264170166096,0.9883628754166041,0.04301043829127793,0.042111183918007715
2024-11-19,3210.48,3224.83,3066.4,3109.34,3063837.655,2024-11-19 23:59:59.999,9570014970.63267,5223717,1428609.456,4461903184.33466,0,2024-11-19,71.08321482861768,2909.3765,326.414571080135,0.6126059242340292,-0.03150307742144476,-0.032009973653242436
2024-11-20,3109.33,3162.25,3030.5,3071.05,3143204.946,2024-11-20 23:59:59.999,9732361141.30283,5403260,1507055.746,4667171846.0058,0,2024-11-20,62.73362266742655,2937.0105,314.75658519051944,0.4258512968644242,-0.012314510474891738,-0.012390962352332793
2024-11-21,3071.05,3389.99,3033.32,3358.42,5993751.26,2024-11-21 23:59:59.999,19501154177.75849,8809931,2983670.438,9700569839.4602,0,2024-11-21,65.60131106854786,2979.353,311.45592338497266,1.217080721664289,0.09357385910356397,0.08945110261554093
2024-11-22,3358.69,3429.99,3260.42,3330.05,3830379.399,2024-11-22 23:59:59.999,12761376613.46164,6619821,1807528.384,6023849791.06925,0,2024-11-22,62.733168601230666,3021.175,298.69466737968287,1.0340827397744483,-0.008447424681844451,-0.008483306388625895
2024-11-23,3330.04,3498.94,3315.28,3396.33,4091652.282,2024-11-23 23:59:59.999,13914670591.29124,6400769,2006412.144,6823533100.17052,0,2024-11-23,60.00267431322151,3068.127,278.51455190368733,1.1784052135038723,0.019903605050975104,0.01970811797832963
2024-11-24,3396.32,3453.0,3282.48,3362.98,3119510.218,2024-11-24 23:59:59.999,10467984857.78793,5305993,1481962.213,4973694848.5659,0,2024-11-24,56.72769103857478,3116.4075000000003,236.66987465055917,1.0418415117854003,-0.009819422729828942,-0.009867951203591825
2024-11-25,3362.98,3549.91,3301.96,3416.92,6242839.345,2024-11-25 23:59:59.999,21540192689.67565,9119034,3070906.834,10598242196.6816,0,2024-11-25,51.7672762855986,3166.1825,180.93166589905087,1.3858132502902882,0.016039346056176296,0.01591207483968558
2024-11-26,3416.91,3464.95,3254.19,3327.17,4595675.477,2024-11-26 23:59:59.999,15396679931.86683,7787759,2151305.381,7208756745.13305,0,2024-11-26,53.54185752301183,3196.4165000000003,150.92018320170803,0.8663751741226352,-0.026266345129531854,-0.0266174676936782
2024-11-27,3327.17,3688.0,3305.0,3655.88,4755415.766,2024-11-27 23:59:59.999,16658357985.87472,7249761,2381028.116,8343090194.49157,0,2024-11-27,66.46870459450693,3234.4225,166.16168225954223,2.5364301460410665,0.09879567319974636,0.09421473748072492
2024-11-28,3655.89,3664.31,3531.0,3581.58,3330702.226,2024-11-28 23:59:59.999,11972541460.78653,5370271,1566563.758,5633304565.9389,0,2024-11-28,69.07880751497204,3265.3955,170.41243037424732,1.855407491728265,-0.020323424182413063,-0.020532786463579162
2024-11-29,3581.58,3649.28,3535.52,3594.5,2545976.992,2024-11-29 23:59:59.999,9140926324.62408,4178179,1251816.736,4495556928.06223,0,2024-11-29,68.67001879071013,3288.7690000000002,182.09394370981803,1.6789740162210323,0.0036073464783699105,0.0036008556092547903
2024-11-30,3594.51,3742.18,3570.2,3705.73,2866770.739,2024-11-30 23:59:59.999,10530300461.19052,4705886,1419727.267,5215781645.98697,0,2024-11-30,70.18173849731741,3314.796,202.5606672060301,1.9299600726648987,0.03094449853943515,0.030475370937331336
2024-12-01,3705.74,3750.67,3661.35,3711.24,2458452.706,2024-12-01 23:59:59.999,9116765142.49187,3980508,1186657.125,4401538796.6916,0,2024-12-01,73.21697040812585,3331.607,220.93990307203057,1.7182636306137615,0.001486886524382447,0.0014857822031456326
2024-12-02,3711.22,3766.0,3557.61,3646.26,4609268.921,2024-12-02 23:59:59.999,16810699964.70914,6989919,2184297.816,7967375336.51378,0,2024-12-02,66.81068403104605,3351.621,230.68977779238327,1.2772087381573103,-0.01750897274226393,-0.017664067842523543
2024-12-03,3646.26,3673.9,3502.01,3616.82,3627143.717,2024-12-03 23:59:59.999,13040702466.41318,5579847,1674343.979,6022055423.76573,0,2024-12-03,70.72294273300449,3373.017,234.61438770213218,1.0391647434237241,-0.008074026536780132,-0.008106798006717998
2024-12-04,3616.83,3891.0,3616.82,3840.75,5709329.425,2024-12-04 23:59:59.999,21470452009.98491,7540393,2816521.335,10595039911.10767,0,2024-12-04,77.2927777147396,3412.0029999999997,244.61295040598276,1.7527567501573864,0.061913504127935504,0.060072473295607616
2024-12-05,3840.74,3960.0,3615.0,3787.31,6207399.404,2024-12-05 23:59:59.999,23960322079.33845,8358595,2979944.474,11512840370.27009,0,2024-12-05,68.23279343621138,3446.781,246.12551239475906,1.38355831822029,-0.013913949098483425,-0.014011655467953023
2024-12-06,3787.3,4092.83,3780.0,4001.75,4645126.843,2024-12-06 23:59:59.999,18350269886.27917,6808802,2323700.449,9181713824.96801,0,2024-12-06,74.65460791942564,3490.1324999999997,263.9775769360031,1.9381096907485944,0.05662066215862982,0.05507576088399059
2024-12-07,4001.75,4028.69,3970.0,3999.79,1549576.994,2024-12-07 23:59:59.999,6195507333.44881,2841145,766277.364,3064085198.66848,0,2024-12-07,73.24755374065799,3536.2175,268.67063208705144,1.7254304886207232,-0.0004897857187480259,-0.00048990570295247
2024-12-08,3999.8,4019.57,3926.0,4007.3,1787672.127,2024-12-08 23:59:59.999,7113810256.06474,2913808,842113.355,3352203336.28407,0,2024-12-08,75.32584940961905,3576.0585000000005,276.782449213044,1.5580521858453025,0.001877598573925221,0.0018758380890343115
2024-12-09,4007.31,4010.67,3475.0,3712.55,6542091.049,2024-12-09 23:59:59.999,24835140845.08763,8692697,2994802.042,11378904345.47438,0,2024-12-09,59.77050242254787,3606.2189999999996,255.27823992243717,0.41652982264492194,-0.07355326529084416,-0.0763987257791584
2024-12-10,3712.55,3781.29,3512.71,3628.4,5674583.192,2024-12-10 23:59:59.999,20720315245.43261,9072630,2725358.243,9955856324.72222,0,2024-12-10,59.99256934723042,3634.0865000000003,222.03920977291696,-0.025610341551007703,-0.022666361395806134,-0.022927192292941136
2024-12-11,3628.41,3846.95,3562.65,3830.44,3007758.489,2024-12-11 23:59:59.999,11214285319.67592,4897003,1525449.955,5689438995.53688,0,2024-12-11,56.321889033753436,3657.6875,216.20523103061666,0.7990209079424943,0.055682945650975535,0.05418789934194013
2024-12-12,3830.44,3986.94,3795.25,3880.52,3937234.533,2024-12-12 23:59:59.999,15409323839.82955,5818628,1985618.845,7772735668.18599,0,2024-12-12,61.019773219894134,3685.2110000000002,207.14938255685524,0.9428413330963913,0.013074216016958795,0.012989486173185662
2024-12-13,3880.52,3967.96,3851.8,3905.6,2515017.007,2024-12-13 23:59:59.999,9833909791.77788,4331617,1238063.504,4841140658.59578,0,2024-12-13,61.366127405848566,3710.6745,200.97888730372674,0.9698804815523792,0.006463051343634341,0.006442255382780554
2024-12-14,3905.59,3944.99,3822.37,3868.6,1893829.596,2024-12-14 23:59:59.999,7351171432.14136,3160535,887295.765,3444822500.05477,0,2024-12-14,56.29176935973607,3735.955500000001,186.19799432113217,0.7123841504502433,-0.009473576403113526,-0.0095187361706983
2024-12-15,3868.6,3973.67,3829.0,3958.5,1930757.605,2024-12-15 23:59:59.999,7507505193.11604,3277273,982466.086,3820794393.93937,0,2024-12-15,58.96714296076014,3763.0345,176.48633883243028,1.1075389817315537,0.023238380809595283,0.02297248114349116
2024-12-16,3958.5,4109.99,3882.22,3984.76,4190982.527,2024-12-16 23:59:59.999,16710873556.97649,6216546,2097774.433,8368050220.29274,0,2024-12-16,62.63078553411245,3795.9139999999998,150.3267025829916,1.2562372270205509,0.006633825944170724,0.006611918952251805
2024-12-17,3984.76,4039.99,3844.59,3890.81,3370320.436,2024-12-17 23:59:59.999,13360231433.72831,5614565,1579633.915,6264690646.85175,0,2024-12-17,59.754074432712216,3807.6605000000004,147.9687657466278,0.5619395389320161,-0.023577329625874666,-0.023859722406239327
2024-12-18,3890.81,3908.0,3615.01,3625.4,4440453.127,2024-12-18 23:59:59.999,16816522852.99123,6976069,2102593.92,7969858744.15421,0,2024-12-18,42.553441634335435,3809.8514999999998,144.73402918075692,-1.2744169497944398,-0.06821458770795796,-0.07065273512868235
2024-12-19,3625.41,3718.47,3322.2,3416.7,7030380.882,2024-12-19 23:59:59.999,24823675205.22244,9527951,3295348.923,11642415982.92708,0,2024-12-19,38.4273339869975,3800.9615000000003,162.96948959771078,-2.3578738630681593,-0.05756606167595302,-0.05928945408040359
2024-12-20,3416.69,3496.54,3100.0,3470.88,7970055.665,2024-12-20 23:59:59.999,26389990584.74834,11426850,3875255.841,12842561186.34769,0,2024-12-20,31.579422194771595,3789.2189999999996,177.9634894814738,-1.7887882561054127,0.015857406269207175,0.015732991146336348
2024-12-21,3470.88,3553.76,3291.03,3337.6,3404611.235,2024-12-21 23:59:59.999,11644433705.20112,5947133,1679796.876,5746713370.16594,0,2024-12-21,28.941861870265683,3770.5370000000003,204.2505842831342,-2.1196365313690304,-0.03839948370442081,-0.039156178288298135
2024-12-22,3337.61,3402.08,3219.59,3280.8,2966199.056,2024-12-22 23:59:59.999,9842978680.88034,5584169,1429940.748,4745768813.8,0,2024-12-22,27.59900837454829,3752.264,230.6018702028551,-2.044493392812747,-0.017018216682646137,-0.017164690728603736
2024-12-23,3280.81,3465.75,3214.81,3420.74,3962458.373,2024-12-23 23:59:59.999,13190179748.46324,7238929,2004140.486,6671966355.79839,0,2024-12-23,40.052632655426535,3742.46,240.61412057702373,-1.33707863540375,0.04265423067544494,0.04176960684227115
2024-12-24,3420.75,3539.4,3356.01,3491.97,2605267.471,2024-12-24 23:59:59.999,8973870641.8296,4818980,1287705.747,4435913698.97661,0,2024-12-24,45.30797537572651,3725.0209999999997,245.70091863890536,-0.9485149721499561,0.020822979823079235,0.020609144937176617
2024-12-25,3491.98,3547.01,3439.0,3495.72,1695270.242,2024-12-25 23:59:59.999,5907497938.82275,3650750,827736.19,2885165009.17183,0,2024-12-25,36.67048966198349,3710.4415,250.41625132808895,-0.8574583273298725,0.0010738923873916395,0.0010733161774498744
2024-12-26,3495.73,3514.32,3302.73,3333.15,2522058.848,2024-12-26 23:59:59.999,8516052603.49187,4781849,1225262.667,4137077319.50676,0,2024-12-26,29.9945177442345,3677.0115000000005,254.08189888250425,-1.3533490638741377,-0.04650544093920561,-0.04762156023922956
2024-12-27,3333.15,3444.0,3306.0,3332.09,2851118.849,2024-12-27 23:59:59.999,9587300667.28414,5136868,1439850.134,4843313533.87734,0,2024-12-27,28.66453873797461,3643.6265,253.3032644723926,-1.2298953219134445,-0.00031801749096194154,-0.000318068069247691
2024-12-28,3332.1,3427.5,3320.92,3402.54,1144976.458,2024-12-28 23:59:59.999,3854924407.36522,2652570,594905.416,2003655549.7545,0,2024-12-28,33.08287597642071,3613.3884999999996,243.51222654433917,-0.8658641210428418,0.02114288629658856,0.02092247679196861
2024-12-29,3402.53,3413.0,3324.63,3355.46,1333521.072,2024-12-29 23:59:59.999,4496507392.42402,2762491,643136.681,2168689967.64379,0,2024-12-29,27.408478563828993,3595.5340000000006,248.8906259130125,-0.964576303825547,-0.013836721978286781,-0.01393334171816128
2024-12-30,3355.46,3436.86,3302.2,3360.11,2953842.227,2024-12-30 23:59:59.999,9963737593.70885,5234356,1445604.483,4877640853.60689,0,2024-12-30,26.213777083888658,3582.1195,254.19942847414455,-0.873367423886954,0.0013858010526128783,0.0013848417165311909
2024-12-31,3360.1,3452.0,3313.96,3336.57,2093246.431,2024-12-31 23:59:59.999,7069312807.88444,4080566,1054991.234,3563546380.60546,0,2024-12-31,27.699092255198607,3557.4259999999995,252.79133757227888,-0.8736691775953418,-0.007005723026924704,-0.0070303783240910755
2025-01-01,3336.58,3374.14,3312.62,3359.36,1271279.84,2025-01-01 23:59:59.999,4251757543.559,2495858,615148.142,2057993538.0369,0,2025-01-01,36.6982660346793,3531.368,244.45705326402296,-0.7036327964496266,0.006830367712950647,0.006807146431363002
2025-01-02,3359.35,3511.14,3353.5,3454.83,2410080.281,2025-01-02 23:59:59.999,8305215215.90076,4191874,1223609.847,4217548581.68521,0,2025-01-02,52.14988892522469,3508.8295,228.38962126099335,-0.23643587524623857,0.02841910363878819,0.028022772315232373
2025-01-03,3454.83,3630.0,3421.56,3607.89,2490827.774,2025-01-03 23:59:59.999,8794485642.80913,3824612,1318441.788,4657456694.24025,0,2025-01-03,56.95009485933426,3495.7939999999994,213.74532899544644,0.524437191338055,0.04430319292121454,0.04334986197376078
2025-01-04,3607.9,3670.0,3570.66,3655.99,1729182.603,2025-01-04 23:59:59.999,6258393811.64672,2814665,868428.672,3144074180.06389,0,2025-01-04,67.67870825883688,3480.6685000000007,188.49047842140354,0.9301345164398019,0.013331892047706573,0.01324380442766694
2025-01-05,3655.98,3674.71,3592.14,3634.96,1270073.705,2025-01-05 23:59:59.999,4607192518.94134,2339287,607379.963,2203646776.53285,0,2025-01-05,70.47830511610698,3463.1784999999995,151.93907595776037,1.1305946078529292,-0.0057522039174067174,-0.00576881156001408
2025-01-06,3634.96,3744.28,3609.0,3685.72,2686061.958,2025-01-06 23:59:59.999,9863288922.11345,4321666,1345080.084,4939987354.75113,0,2025-01-06,67.0835804729608,3452.924,126.31978994017406,1.8429099677117389,0.013964390254638248,0.013867786460264054
2025-01-07,3685.72,3700.31,3353.59,3379.38,4062657.507,2025-01-07 23:59:59.999,14252747060.47262,5634409,1875588.638,6577669616.83248,0,2025-01-07,44.42982239153021,3440.6229999999996,120.4840139254266,-0.5083080983499251,-0.08311537501492239,-0.08677363254208696
2025-01-08,3379.37,3413.55,3206.54,3325.38,3959258.697,2025-01-08 23:59:59.999,13155227894.48453,6453587,1890117.638,6282510869.87341,0,2025-01-08,41.97191064190781,3436.057,123.13946449796494,-0.898793903735295,-0.015979262468263422,-0.016108307424578003
2025-01-09,3325.38,3355.85,3156.0,3218.24,3639862.647,2025-01-09 23:59:59.999,11896491217.83481,5760409,1763218.385,5767158353.11324,0,2025-01-09,44.2857569097039,3423.425,132.01743949790296,-1.5542264778075754,-0.03221887423392222,-0.03274932701801001
2025-01-10,3218.24,3323.0,3193.43,3265.52,2960794.58,2025-01-10 23:59:59.999,9661186776.60014,5058295,1487105.834,4852470031.16315,0,2025-01-10,46.835093991575455,3419.821,135.42365578553597,-1.1393947320722098,0.014691259819031632,0.014584388704190553
2025-01-11,3265.51,3319.3,3217.36,3281.84,1182807.831,2025-01-11 23:59:59.999,3857529545.80479,2383604,577956.481,1885336408.84794,0,2025-01-11,43.95023858214043,3419.8730000000005,135.36765302415012,-1.019689688905035,0.004997672652441221,0.004985225739642474
2025-01-12,3281.85,3299.0,3222.4,3265.7,1348856.48,2025-01-12 23:59:59.999,4400527896.12045,2318386,664990.782,2170020593.2822,0,2025-01-12,45.3570172353148,3412.121,139.6857978653046,-1.0482167996863234,-0.0049179728445020165,-0.0049301058692216545
2025-01-13,3265.7,3338.32,2900.0,3136.14,6106720.33,2025-01-13 23:59:59.999,18939529755.40154,8221072,2855217.437,8864393496.0309,0,2025-01-13,39.7405476716169,3394.3295,151.16899231185806,-1.70795277557557,-0.03967296444866342,-0.04048139049974845
2025-01-14,3136.13,3255.84,3123.47,3223.99,2714405.364,2025-01-14 23:59:59.999,8679677888.80398,4303464,1367286.965,4372399325.80699,0,2025-01-14,45.1299487818383,3380.743,153.7655208460478,-1.0194287974151466,0.028012142315075206,0.02762697855375716
2025-01-15,3223.99,3472.93,3185.09,3449.8,3291912.768,2025-01-15 23:59:59.999,10893084885.66243,5031400,1704547.096,5645583974.27235,0,2025-01-15,53.32778947058564,3386.5755,154.07726822588418,0.4103428151861461,0.07004053982797731,0.06769653544579284
2025-01-16,3449.81,3458.99,3263.06,3306.94,3258757.747,2025-01-16 23:59:59.999,10868089745.35856,4977573,1571692.587,5239868285.96674,0,2025-01-16,44.741688888888895,3385.318,154.64693304768878,-0.5068189743913678,-0.04141109629543749,-0.04229296784565339
2025-01-17,3306.93,3524.85,3306.41,3472.38,3028696.472,2025-01-17 23:59:59.999,10352213034.17833,4763847,1531930.996,5236338396.61238,0,2025-01-17,45.22391321204261,3388.81,155.84018760797198,0.5362544879003031,0.0500281226753434,0.04881694731108751
2025-01-18,3472.38,3492.95,3225.65,3306.7,4090676.503,2025-01-18 23:59:59.999,13548917336.79446,6150871,1959708.4,6489711095.85026,0,2025-01-18,38.63143710820787,3386.3720000000003,156.7680267683618,-0.5082158756627249,-0.047713671890749376,-0.04888952459080203
2025-01-19,3306.71,3449.77,3129.63,3214.15,6927128.105,2025-01-19 23:59:59.999,22763925109.29559,10057528,3348002.079,11005852998.54553,0,2025-01-19,36.91291448190928,3379.0739999999996,161.3844019528775,-1.021932714712761,-0.027988629146883492,-0.028387776181567747
2025-01-20,3214.16,3455.76,3141.25,3283.2,6609534.854,2025-01-20 23:59:59.999,21889087510.73756,11066288,3235175.54,10715924107.79865,0,2025-01-20,37.62253846816153,3376.4055,162.5611455317127,-0.5733565649721467,0.021483129287680924,0.02125561951280274
2025-01-21,3283.21,3367.95,3203.5,3326.72,3033556.395,2025-01-21 23:59:59.999,9966801739.68548,6525708,1498452.75,4924309859.38527,0,2025-01-21,48.06851525821595,3374.7735000000002,162.90475519780375,-0.29497911182305553,0.013255360623781742,0.013168277036620416
2025-01-22,3326.71,3365.97,3220.82,3242.0,2024070.863,2025-01-22 23:59:59.999,6660317063.70819,3776171,974351.864,3207248239.88301,0,2025-01-22,47.009154040404034,3364.132,164.34497650082403,-0.7431441021222068,-0.0254665255867641,-0.025796410277394603
2025-01-23,3241.99,3347.7,3177.0,3337.88,3535707.19,2025-01-23 23:59:59.999,11472361370.01663,5699609,1749326.834,5679197459.73212,0,2025-01-23,54.32644323260962,3350.6315000000004,154.03384618751687,-0.08278375380224522,0.02957433682911792,0.029145451609492817
2025-01-24,3337.87,3429.99,3273.94,3308.62,2912997.928,2025-01-24 23:59:59.999,9802499198.84368,4855648,1424511.271,4795228278.33115,0,2025-01-24,51.57917106343064,3333.263,136.3605797373994,-0.18071938420514966,-0.008766043117188205,-0.008804690897660793
2025-01-25,3308.61,3349.8,3266.53,3317.91,1413725.645,2025-01-25 23:59:59.999,4677740699.24074,2547080,698542.343,2311676498.99401,0,2025-01-25,51.32843747467976,3317.4104999999995,116.41092056184652,0.004290834550483429,0.002807817156397441,0.002803882601092762
2025-01-26,3317.91,3363.0,3226.57,3230.5,1594638.892,2025-01-26 23:59:59.999,5270139297.22366,2489479,776163.359,2566538229.83282,0,2025-01-26,48.768266054532226,3294.6494999999995,79.14637701422386,-0.8105172014187187,-0.026344897842316306,-0.026698142610326003
2025-01-27,3230.5,3253.19,3020.17,3180.99,4938995.28,2025-01-27 23:59:59.999,15403932237.78285,7896616,2362912.376,7368829155.19222,0,2025-01-27,51.66255198950201,3284.7300000000005,80.39053544713889,-1.290450417116768,-0.015325800959603897,-0.015444454919531482
2025-01-28,3181.0,3221.98,3038.0,3075.96,2591573.539,2025-01-28 23:59:59.999,8171948114.91113,4409549,1251140.678,3946635488.79512,0,2025-01-28,44.58166484872001,3272.259,92.22743603096721,-2.1284230425107844,-0.03301802269104892,-0.03357542143887591
2025-01-29,3075.96,3180.93,3052.88,3112.55,2863466.609,2025-01-29 23:59:59.999,8927573088.10282,4611145,1400448.25,4366475580.69164,0,2025-01-29,35.67076538719738,3266.9745,98.31273748793937,-1.5707476360216683,0.011895473283137559,0.011825278261149524
2025-01-30,3112.54,3282.6,3089.0,3245.86,2475377.574,2025-01-30 23:59:59.999,7974693345.67408,3862855,1252205.419,4033195457.87294,0,2025-01-30,47.383571502004735,3265.9915,98.42626774314958,-0.20453381461679068,0.042829834058890626,0.04193801223728726
2025-01-31,3245.86,3436.39,3212.31,3299.5,4130284.914,2025-01-31 23:59:59.999,13725006593.75213,5905329,2115511.843,7030998267.40278,0,2025-01-31,41.81005078450693,3266.8745000000004,98.6548807166406,0.330703354593348,0.01652566654137888,0.0163906036852267
2025-02-01,3299.5,3330.82,3100.67,3116.22,2633608.712,2025-02-01 23:59:59.999,8499351382.94312,4302085,1265837.293,4085863701.69285,0,2025-02-01,41.1242824125848,3259.4004999999997,104.25199977763336,-1.3734077073379887,-0.055547810274284015,-0.05715021298752347
2025-02-02,3116.23,3161.86,2736.01,2868.05,6388796.102,2025-02-02 23:59:59.999,19055247283.49321,8534522,2941141.576,8781009335.79179,0,2025-02-02,35.91555027428255,3245.996,133.94216353574296,-2.8217104310036296,-0.07963815135003294,-0.08298837251666448
2025-02-03,2868.06,2919.34,2080.19,2878.69,13603740.638,2025-02-03 23:59:59.999,35522362935.68567,16305538,6480558.167,16957130073.75955,0,2025-02-03,32.71694082461012,3228.731,157.16859693370512,-2.227168829073724,0.0037098376946007594,0.0037029732188961794
2025-02-04,2878.68,2888.8,2630.5,2730.03,6593771.039,2025-02-04 23:59:59.999,18187127049.63802,9436433,3208926.614,8852676455.9942,0,2025-02-04,26.607547495275952,3192.7425,184.00016180986626,-2.5147396363604098,-0.05164154528622389,-0.05302273140856881
2025-02-05,2730.06,2827.98,2697.95,2787.0,4064890.548,2025-02-05 23:59:59.999,11224931437.28863,6582885,2053260.147,5670962827.82402,0,2025-02-05,31.76557340258408,3166.7455,202.7876979678741,-1.8726259226048307,0.0208679025505214,0.0206531503523325
2025-02-06,2787.0,2857.43,2650.0,2685.25,3677522.354,2025-02-06 23:59:59.999,10141418543.39581,6165527,1797248.004,4957003634.15325,0,2025-02-06,23.96789814201719,3127.389,216.28209473790284,-2.044270010126347,-0.03650879081449587,-0.03719191500379183
2025-02-07,2685.26,2796.12,2560.68,2620.66,4069680.275,2025-02-07 23:59:59.999,10974565824.99491,6107627,2006273.161,5410387201.05769,0,2025-02-07,23.31088420595262,3093.0870000000004,239.5028014581888,-1.9725322506612706,-0.024053626291779207,-0.024347639049660037
2025-02-08,2620.66,2667.15,2587.05,2630.99,1942560.926,2025-02-08 23:59:59.999,5096919779.54318,3573156,943994.894,2477172310.96196,0,2025-02-08,23.372716841876738,3063.929,258.7158423302225,-1.6734151109594635,0.003941755130387081,0.003934006768389263
2025-02-09,2630.99,2698.0,2518.12,2626.07,2482123.177,2025-02-09 23:59:59.999,6517077908.61138,3829711,1219193.699,3203900311.0853,0,2025-02-09,24.969562444611924,3031.0725,270.8460035338684,-1.4953238914945106,-0.0018700185101424571,-0.001871769177617436
2025-02-10,2626.07,2692.99,2556.91,2659.99,2710643.453,2025-02-10 23:59:59.999,7161385120.35718,4370981,1335475.116,3529731962.63747,0,2025-02-10,28.142305755999303,2997.736,273.55956994680145,-1.2346341970989385,0.012916639693534293,0.012833931350913786
2025-02-11,2659.99,2724.49,2552.88,2601.03,3346333.954,2025-02-11 23:59:59.999,8891252694.05344,4862893,1662445.621,4418382186.87985,0,2025-02-11,29.273912701945463,2965.6875,280.88493144787793,-1.2982451501413739,-0.02216549686277003,-0.022414842962671787
2025-02-12,2601.03,2794.99,2542.21,2737.14,4299721.893,2025-02-12 23:59:59.999,11338821415.09216,6108125,2193959.374,5788551473.30255,0,2025-02-12,34.926320016060984,2935.6504999999997,270.9333599260066,-0.7326912420611998,0.052329269558597735,0.05100605922014708
2025-02-13,2737.14,2756.51,2610.72,2674.52,2864504.217,2025-02-13 23:59:59.999,7647282889.61602,4600272,1387546.987,3705339004.19032,0,2025-02-13,25.67855196839662,2903.9455000000003,261.94330186985013,-0.8758593877464111,-0.022877894444566227,-0.023143654651035628
2025-02-14,2674.52,2791.0,2662.97,2724.74,2712685.991,2025-02-14 23:59:59.999,7376575654.51473,4104315,1382689.231,3760120810.32407,0,2025-02-14,25.46151612958309,2874.287,245.68133468292794,-0.6087031405662249,0.018777201142634814,0.018603085724590983
2025-02-15,2724.75,2738.0,2655.31,2691.73,1286579.513,2025-02-15 23:59:59.999,3475638111.76326,2309993,628974.632,1699817842.48218,0,2025-02-15,29.20939982563887,2847.3485,233.8187272738294,-0.6655519077295822,-0.012114917386612967,-0.012188901143512688
2025-02-16,2691.74,2726.27,2643.75,2660.0,1494743.59,2025-02-16 23:59:59.999,4018205916.31638,2409156,731168.303,1965905960.60474,0,2025-02-16,37.06848327387088,2821.299,223.48484326095718,-0.7217446948366674,-0.01178795793040166,-0.011857986781955302
2025-02-17,2660.01,2848.76,2632.81,2743.0,4114492.169,2025-02-17 23:59:59.999,11283662723.0256,5943057,2093785.363,5744425640.17338,0,2025-02-17,42.262115215730084,2804.6510000000003,215.78490979141813,-0.2857057987029461,0.03120300751879701,0.03072608916185849
2025-02-18,2742.99,2755.85,2604.18,2670.57,3579587.482,2025-02-18 23:59:59.999,9562328030.28426,5644317,1759618.233,4701564881.49133,0,2025-02-18,46.286349555311276,2782.552,204.95288584659758,-0.5463792302188702,-0.026405395552314914,-0.02676027918152471
2025-02-19,2670.56,2736.12,2654.82,2714.06,2404564.481,2025-02-19 23:59:59.999,6500235666.03633,4005103,1196407.487,3234746946.44008,0,2025-02-19,45.366417644966184,2755.962,173.81240827248257,-0.24107599921353737,0.01628491295865664,0.016153735984639362
2025-02-20,2714.06,2770.5,2705.64,2736.87,2363654.302,2025-02-20 23:59:59.999,6466026934.31328,3607017,1192450.92,3262646528.97892,0,2025-02-20,53.6447595108312,2727.8305,117.67654895274448,0.07681649470898289,0.008404383101331625,0.00836926291215714
2025-02-21,2736.86,2845.0,2614.76,2660.85,6002308.013,2025-02-21 23:59:59.999,16395699595.42658,7401548,2944404.496,8046233496.85266,0,2025-02-21,52.792640048918116,2705.062,74.82594720244826,-0.590864555050409,-0.02777625535739736,-0.0281693110498168
2025-02-22,2660.86,2797.21,2651.24,2762.01,2505671.695,2025-02-22 23:59:59.999,6842920190.09954,3824433,1297031.945,3542804619.45823,0,2025-02-22,58.083662388943786,2699.7599999999998,65.89277078794015,0.9447166852390672,0.038017926602401664,0.037313054924433195
2025-02-23,2762.0,2860.9,2743.62,2818.54,3105005.707,2025-02-23 23:59:59.999,8691240349.6159,4242168,1610505.46,4509467434.50232,0,2025-02-23,61.16402361921557,2696.7524999999996,58.222409311702314,2.0917633165606886,0.02046697875822301,0.020260344839504115
2025-02-24,2818.54,2839.0,2466.34,2512.27,5891164.461,2025-02-24 23:59:59.999,15678064597.92875,7508388,2759086.43,7348645941.89709,0,2025-02-24,43.488839521844916,2685.8645,70.6967429813052,-2.4554808705388997,-0.10866264094176414,-0.1150322934784726
2025-02-25,2512.26,2532.89,2287.13,2494.45,8206583.668,2025-02-25 23:59:59.999,19928703161.05617,10118302,4039684.105,9813460885.71888,0,2025-02-25,45.12540934121218,2671.237,78.50390745224139,-2.2519516000850066,-0.00709318663997105,-0.007118462885329951
2025-02-26,2494.46,2506.45,2252.78,2335.33,6596169.478,2025-02-26 23:59:59.999,15709746317.00698,8080597,3219718.088,7670198249.31079,0,2025-02-26,32.00146923125162,2653.741,108.48462282014019,-2.9350795690915836,-0.06378961294072838,-0.06591505526287667
2025-02-27,2335.34,2381.44,2229.0,2306.66,4574087.764,2025-02-27 23:59:59.999,10613578529.53697,6859702,2277133.232,5285145831.57178,0,2025-02-27,33.005322097793524,2638.041,133.38713391362504,-2.4843550519241715,-0.012276637562999682,-0.012352617974297757
2025-02-28,2306.65,2313.24,2070.0,2236.59,9311975.744,2025-02-28 23:59:59.999,20155770931.98017,10228954,4566915.71,9883952776.08994,0,2025-02-28,27.854245869362046,2618.321,160.8179819711415,-2.373683560265672,-0.030377255425593552,-0.03084820625408885
2025-03-01,2236.59,2279.75,2141.17,2216.6,3472964.049,2025-03-01 23:59:59.999,7675941044.45444,4872005,1725523.669,3814755673.50512,0,2025-03-01,28.18723544912818,2597.8475,184.1513213544402,-2.070294675030891,-0.0089377132152072,-0.008977894170377025
2025-03-02,2216.59,2550.0,2170.09,2517.12,8185197.482,2025-03-02 23:59:59.999,19298748978.3224,8624437,4108249.203,9687283352.92682,0,2025-03-02,44.7389351204065,2590.704,184.38476947607205,-0.3990785150481175,0.1355770098348823,0.1271409004618374
2025-03-03,2517.12,2522.84,2094.76,2148.22,7766111.123,2025-03-03 23:59:59.999,17763555710.17462,8934040,3763800.996,8606364051.71794,0,2025-03-03,31.90838301496531,2568.0635,209.18271291349487,-2.007065948005091,-0.146556381896771,-0.15847579856268185
2025-03-04,2148.21,2221.77,1979.99,2170.51,9151176.202,2025-03-04 23:59:59.999,19172619410.64978,9740234,4534616.164,9507240471.15028,0,2025-03-04,34.31095716777732,2539.732,222.99388532095216,-1.6557494366654197,0.01037603224995598,0.010322570721683268
2025-03-05,2170.51,2272.94,2153.7,2240.45,4626954.982,2025-03-05 23:59:59.999,10203548846.28264,6335846,2300712.625,5073653174.16326,0,2025-03-05,35.38339989259988,2518.0285,230.19216883372937,-1.2058555310823733,0.032222841636297295,0.031714575567568994
2025-03-06,2240.44,2318.99,2175.5,2201.34,4574430.922,2025-03-06 23:59:59.999,10285345864.60901,5917170,2268856.353,5102298017.30968,0,2025-03-06,33.63704695033641,2491.8585,235.15334762158807,-1.2354427565603103,-0.017456314579660237,-0.017610472695041866
2025-03-07,2201.33,2259.34,2100.75,2140.72,6125675.539,2025-03-07 23:59:59.999,13304167980.7921,7032283,3031836.483,6588141512.91993,0,2025-03-07,33.95660730038679,2464.308,242.66219423632296,-1.3334916096772187,-0.027537772447691067,-0.027924044807028373
2025-03-08,2140.72,2234.4,2103.07,2202.84,2667066.135,2025-03-08 23:59:59.999,5789724228.38603,3621608,1331884.254,2892015204.8843,0,2025-03-08,32.326782429502444,2441.45,244.78070342334817,-0.9747908910422719,0.0290182742254943,0.02860521590266895
2025-03-09,2202.83,2211.27,1986.8,2019.2,4793159.949,2025-03-09 23:59:59.999,9975230599.77414,5344226,2286344.772,4758086023.15528,0,2025-03-09,26.61490392491868,2405.2599999999998,251.27072845629195,-1.536430456391796,-0.0833651104937263,-0.08704604358366516
2025-03-10,2019.34,2152.99,1807.75,1864.51,9275180.166,2025-03-10 23:59:59.999,18408884029.1897,9087174,4554027.084,9046308083.4061,0,2025-03-10,29.205136436597115,2364.957,270.3931962337109,-1.850812102414903,-0.07660954833597466,-0.07970310937420613
2025-03-11,1864.52,1969.77,1752.5,1922.61,9136006.396,2025-03-11 23:59:59.999,17227796967.52857,8722650,4541586.247,8567530625.19416,0,2025-03-11,32.10517092465797,2325.3845,274.49623135129053,-1.4673225130167404,0.031161002086339096,0.03068535393542117
2025-03-12,1922.6,1955.9,1828.87,1907.24,7503776.831,2025-03-12 23:59:59.999,14203682998.01653,7532109,3709394.235,7021561199.93638,0,2025-03-12,35.27918956280132,2283.903,271.71246884781925,-1.3862558519939003,-0.00799434102600105,-0.008026467102649452
2025-03-13,1907.23,1922.0,1820.2,1863.76,5305883.8,2025-03-13 23:59:59.999,9948069773.52003,5675270,2659467.581,4987627615.03157,0,2025-03-13,34.92347702949267,2244.0485,271.9703084660422,-1.3982721207505715,-0.022797340659801657,-0.0230612182144135
2025-03-14,1863.75,1945.62,1860.41,1910.79,3494472.929,2025-03-14 23:59:59.999,6671244395.27386,3927410,1725907.31,3295484945.22168,0,2025-03-14,38.732881449716416,2201.4875,252.55926485055173,-1.15100707222923,0.02523393569987542,0.024920816500976255
2025-03-15,1910.78,1957.68,1902.47,1936.27,1877714.35,2025-03-15 23:59:59.999,3622201820.5788,2231484,949440.396,1831582722.21787,0,2025-03-15,40.34204052946,2157.3740000000003,213.073249065615,-1.0376900946956145,0.013334798695827432,0.013246672830383714
2025-03-16,1936.26,1940.0,1857.08,1885.97,3167735.396,2025-03-16 23:59:59.999,6011743941.36257,3402409,1537218.924,2916803790.34754,0,2025-03-16,23.725511418984752,2126.059,203.9995298988619,-1.176909574835935,-0.0259777820242012,-0.026321164536321846
2025-03-17,1885.96,1951.76,1878.66,1925.37,3207773.053,2025-03-17 23:59:59.999,6139548873.01509,3575683,1650005.174,3158172705.42109,0,2025-03-17,37.21559943550145,2097.605,189.05191424303734,-0.9110460515019272,0.02089110643329417,0.020675879658456943
2025-03-18,1925.36,1935.44,1871.14,1930.64,3234486.937,2025-03-18 23:59:59.999,6137726089.38187,3516338,1625529.117,3085193059.25748,0,2025-03-18,35.96512784506464,2077.3705,183.8545384830054,-0.7980792925248508,0.0027371362387489384,0.0027333971028164843
2025-03-19,1930.63,2069.69,1927.12,2055.21,6384300.0,2025-03-19 23:59:59.999,12803727155.08538,5746415,3279088.449,6575933924.607,0,2025-03-19,39.812798345762126,2064.7980000000002,175.7694951260075,-0.05454871445768587,0.0645226453404053,0.06252647834297916
2025-03-20,2055.22,2067.15,1951.15,1982.72,4033783.537,2025-03-20 23:59:59.999,8041021162.65686,4117538,2005691.385,3997778024.12804,0,2025-03-20,38.40286029536581,2052.1045,171.83302802662527,-0.4037902421718883,-0.03527133480276956,-0.035908393141942475
2025-03-21,1982.72,1995.8,1932.0,1964.81,2832280.447,2025-03-21 23:59:59.999,5564742710.62003,3135671,1388499.854,2728567940.85995,0,2025-03-21,40.22559315441463,2039.515,168.33501229146432,-0.4437876528660115,-0.009033045513234361,-0.009074090831975738
2025-03-22,1964.81,2006.0,1963.41,1979.56,1718916.027,2025-03-22 23:59:59.999,3416534601.99354,1935358,870115.902,1729647223.44446,0,2025-03-22,36.90409159159158,2012.637,125.53807961188988,-0.2634818064945708,0.0075070871992710675,0.00747904925492327
2025-03-23,1979.55,2020.0,1975.51,2005.0,2158448.476,2025-03-23 23:59:59.999,4319576854.2484,2265905,1089547.181,2180638428.59431,0,2025-03-23,48.97735783833612,2005.4759999999999,121.4141140412872,-0.003920466774052482,0.012851340701974134,0.012769462969327435
2025-03-24,2005.0,2104.24,1976.46,2080.41,4667944.526,2025-03-24 23:59:59.999,9631402684.10723,4085104,2361909.778,4872371586.17381,0,2025-03-24,67.55284552845528,2000.971,116.54213996847108,0.6816332703474556,0.03761097256857848,0.03692092891462455
2025-03-25,2080.4,2097.21,2036.0,2065.22,3242153.268,2025-03-25 23:59:59.999,6691890455.3985,3220265,1606037.62,3315296041.44611,0,2025-03-25,62.4639479802129,1992.2094999999997,103.44126283858515,0.7058160157415062,-0.007301445388168681,-0.0073282314046143405
2025-03-26,2065.22,2077.7,1980.41,2008.69,3880044.941,2025-03-26 23:59:59.999,7879878138.20578,3492271,1880653.48,3820157628.20809,0,2025-03-26,58.2715042804729,1982.577,91.18579703007318,0.28637135223359356,-0.027372386476985366,-0.027753989966771916
2025-03-27,2008.69,2036.88,1985.71,2002.8,3264548.453,2025-03-27 23:59:59.999,6574214809.55443,3096611,1646447.967,3316246309.16078,0,2025-03-27,62.07657297710455,1975.681,83.48678022681977,0.32482987038573147,-0.0029322593331972957,-0.0029365668281181186
2025-03-28,2002.8,2015.09,1854.2,1896.02,5692204.684,2025-03-28 23:59:59.999,10883235596.21066,4743653,2736513.654,5229513002.15931,0,2025-03-28,48.83775829779198,1960.3399999999997,65.88208965152725,-0.9762896158912086,-0.05331535849810265,-0.05478924917325111
2025-03-29,1896.03,1912.94,1796.13,1827.32,4384848.185,2025-03-29 23:59:59.999,8107139348.98921,3790968,2091504.104,3866911734.297,0,2025-03-29,41.97279813742392,1950.7459999999999,70.65761369195381,-1.7468181212303686,-0.036233795002162394,-0.03690653972161522
2025-03-30,1827.31,1848.08,1766.04,1806.99,3858562.08,2025-03-30 23:59:59.999,7004957696.269,3138363,1919041.186,3484942942.24433,0,2025-03-30,43.912064872198066,1947.8699999999997,75.36618723908738,-1.8692732797146816,-0.01112558282074294,-0.011187935018318673
2025-03-31,1806.99,1853.34,1775.92,1821.59,5212530.713,2025-03-31 23:59:59.999,9460349315.84653,4334263,2687062.021,4877787184.99967,0,2025-03-31,41.682428750040074,1942.819,80.36741293655712,-1.5084347693971374,0.008079734807608263,0.008047268512454167
2025-04-01,1821.59,1927.79,1816.64,1904.21,4671744.603,2025-04-01 23:59:59.999,8777533006.34936,3992479,2413022.953,4533951055.47618,0,2025-04-01,48.115400521954896,1942.6675,80.44083500024189,-0.4780842963637105,0.04535598021508691,0.04435747833194998
2025-04-02,1904.21,1957.97,1780.52,1794.1,7079855.203,2025-04-02 23:59:59.999,13280295671.59771,5670908,3533944.554,6633016737.75419,0,2025-04-02,30.989443028758643,1939.1844999999998,85.39293496450361,-1.6990222910163364,-0.057824504650222486,-0.05956372096167004
2025-04-03,1794.11,1844.97,1747.47,1816.48,5186368.349,2025-04-03 23:59:59.999,9300377779.3857,4700592,2589510.41,4645603386.97213,0,2025-04-03,36.94395576778086,1934.4690000000003,89.54638356451663,-1.3176299846323913,0.012474221057912072,0.012397058990884816
2025-04-04,1816.48,1834.7,1757.52,1815.97,6221114.502,2025-04-04 23:59:59.999,11189347191.90998,5349009,3061559.411,5508024739.3019,0,2025-04-04,37.98204250371423,1928.4540000000002,93.37747566793145,-1.2046159868362176,-0.00028076279397515336,-0.00028080221522724697
2025-04-05,1815.97,1826.63,1761.18,1805.15,2358927.115,2025-04-05 23:59:59.999,4240858358.66691,1981013,1163732.038,2092524177.9256,0,2025-04-05,35.82746908062603,1924.4129999999998,96.99161624653514,-1.229621740675552,-0.005958248208946193,-0.0059760693937610755
2025-04-06,1805.14,1816.38,1535.27,1579.98,9388042.765,2025-04-06 23:59:59.999,15611375780.35225,6387942,4506752.28,7488356740.89301,0,2025-04-06,23.926433058500194,1907.1435000000001,123.84382394459747,-2.641742555901369,-0.12473755643575335,-0.13323150209418697
2025-04-07,1579.98,1638.47,1410.0,1552.44,17632071.352,2025-04-07 23:59:59.999,26972327209.18665,11894988,8763427.953,13412695415.90747,0,2025-04-07,15.58976498038247,1888.2335000000003,146.8116027350753,-2.2872408838553913,-0.017430600387346673,-0.017584301995237483
2025-04-08,1552.44,1618.0,1441.62,1472.67,9197866.83,2025-04-08 23:59:59.999,14045598156.5731,7003932,4532803.809,6922053921.32389,0,2025-04-08,14.37932070934778,1859.1065000000003,168.1733935485684,-2.2978456451757188,-0.05138362835278654,-0.052750806940787244
2025-04-09,1472.68,1688.0,1384.0,1668.69,16116570.623,2025-04-09 23:59:59.999,24474452374.02393,10373055,8159600.808,12401021687.99441,0,2025-04-09,32.49660228161939,1843.4050000000002,170.66602037469693,-1.0237245798338397,0.13310517631241203,0.12496180766895769
2025-04-10,1668.7,1669.19,1470.84,1521.57,9945193.041,2025-04-10 23:59:59.999,15502627233.05013,7258777,4897976.943,7634066370.94482,0,2025-04-10,28.371102142080233,1821.243,182.4434199272396,-1.642553072725302,-0.08816496772917681,-0.09229619093754823
2025-04-11,1521.56,1590.88,1503.63,1565.96,6468082.686,2025-04-11 23:59:59.999,10065984172.36663,5366345,3294719.542,5129458418.20909,0,2025-04-11,34.284054548224915,1800.563,186.9391003593636,-1.2549701991130238,0.02917381388960094,0.028756357931929377
2025-04-12,1565.97,1669.85,1545.06,1643.6,5604513.987,2025-04-12 23:59:59.999,9064527082.06725,4250664,2864503.819,4633303143.64378,0,2025-04-12,41.325942852826195,1782.493,183.57426663202025,-0.7566038669156986,0.049579810467700325,0.048389903568892216
2025-04-13,1643.6,1649.2,1559.4,1596.92,6495362.492,2025-04-13 23:59:59.999,10425865231.3282,5218372,3270743.433,5251065840.92114,0,2025-04-13,40.322654947160885,1758.3184999999999,173.8549586739958,-0.9283514328897932,-0.028401070820150753,-0.028812183975096193
2025-04-14,1596.93,1691.57,1594.73,1623.02,6972175.93,2025-04-14 23:59:59.999,11461353410.02934,5742331,3456941.304,5683356146.31344,0,2025-04-14,40.94833480722419,1736.2085000000002,160.36561809210596,-0.7058152573264826,0.016343962127094658,0.01621183726341032
2025-04-15,1623.02,1660.68,1582.14,1588.0,5330097.578,2025-04-15 23:59:59.999,8655053492.30134,4227971,2615528.224,4247985442.41171,0,2025-04-15,34.93190503874122,1715.1740000000002,149.9993132756564,-0.8478305481725126,-0.021577060048551422,-0.0218132484904876
2025-04-16,1588.0,1614.95,1537.56,1576.58,7222095.782,2025-04-16 23:59:59.999,11399051627.39225,5261614,3650034.701,5762565109.16009,0,2025-04-16,38.55856424498727,1693.863,136.66949997024187,-0.8581505019447432,-0.007191435768261978,-0.007217418787550193
2025-04-17,1576.57,1616.81,1562.26,1582.84,4942514.542,2025-04-17 23:59:59.999,7867233863.14387,3714504,2446749.936,3895371312.00331,0,2025-04-17,37.498662329045644,1678.2040000000002,130.07023618439135,-0.7331731132156128,0.003970619949510867,0.003962757842872407
2025-04-18,1582.84,1600.0,1572.65,1587.91,2400463.737,2025-04-18 23:59:59.999,3807791936.43141,1906813,1199145.973,1902371619.14464,0,2025-04-18,37.85648867968733,1666.2334999999998,126.59480076943464,-0.618694444984745,0.0032031032827071204,0.0031979842756134037
2025-04-19,1587.91,1632.29,1584.01,1612.44,2503971.109,2025-04-19 23:59:59.999,4018736527.91098,2012580,1290665.877,2071361038.24393,0,2025-04-19,39.886431622810235,1656.5059999999999,122.62211770961105,-0.3593642062548226,0.015447978789729921,0.015329873537302061
2025-04-20,1612.45,1618.46,1564.69,1586.56,3100920.987,2025-04-20 23:59:59.999,4922880313.28205,2243513,1500737.892,2382793817.71072,0,2025-04-20,50.43666383520917,1644.7544999999998,117.10662080595502,-0.49693603657497537,-0.016050209620202982,-0.016180409268547778
2025-04-21,1586.57,1658.0,1560.62,1578.64,7470078.354,2025-04-21 23:59:59.999,12051145787.21652,4794348,3746753.045,6049832854.19654,0,2025-04-21,51.78517892671227,1628.476,100.60852519077822,-0.4953456966544221,-0.0049919322307381275,-0.005004433545600504
2025-04-22,1578.63,1779.02,1535.0,1755.57,10307669.455,2025-04-22 23:59:59.999,17105891545.17911,6832643,5326485.655,8848686848.18484,0,2025-04-22,67.02207032660232,1626.5495,97.59388971792234,1.3220141176144378,0.1120774844169663,0.1062298736319209
2025-04-23,1755.58,1838.0,1744.3,1794.46,8309523.12,2025-04-23 23:59:59.999,14884457486.24906,6412708,4136421.326,7410640115.04715,0,2025-04-23,59.33219559249091,1625.4485,95.43884127522819,1.770888013116188,0.022152349379403802,0.021910550514568607
2025-04-24,1794.45,1802.27,1721.22,1768.8,5247333.371,2025-04-24 23:59:59.999,9233374360.0472,4179010,2575922.944,4533164906.5031,0,2025-04-24,72.37821104654321,1623.09,90.96061501672777,1.6019020976628597,-0.014299566443386924,-0.01440279046442366
2025-04-25,1768.79,1826.91,1737.4,1783.77,5989110.176,2025-04-25 23:59:59.999,10683768505.19271,4602956,2962400.681,5285395337.56243,0,2025-04-25,70.82433026751056,1622.021,88.80854622821349,1.8213224612904897,0.00846336499321576,0.008427751518518836
2025-04-26,1783.76,1841.49,1777.31,1820.0,3965587.849,2025-04-26 23:59:59.999,7150557099.82798,3192958,1938494.458,3496189262.45883,0,2025-04-26,68.3154747072016,1634.022,98.51528295014766,1.8878086163962167,0.02031091452373346,0.0201073990090857
2025-04-27,1819.99,1857.0,1780.25,1790.21,3619555.606,2025-04-27 23:59:59.999,6545876836.53077,3088596,1773263.314,3207811902.15749,0,2025-04-27,70.7986312867196,1645.9105,102.42129160204844,1.4088818617975138,-0.016368131868131797,-0.016503569681555582
2025-04-28,1790.22,1826.71,1742.15,1799.22,6352728.687,2025-04-28 23:59:59.999,11349439257.29635,4714470,3161654.68,5650896900.95027,0,2025-04-28,69.68363197640645,1662.238,99.33253172530196,1.3790245513807633,0.005032929097703587,0.005020306245616148
2025-04-29,1799.21,1842.82,1779.36,1796.57,5315318.445,2025-04-29 23:59:59.999,9636124239.94526,4148644,2663449.842,4829126754.52726,0,2025-04-29,75.11620625707471,1668.632,103.78567960242422,1.2327134195208518,-0.001472860461755654,-0.001473946186937636
2025-04-30,1796.57,1816.0,1730.6,1792.71,5626543.488,2025-04-30 23:59:59.999,10019083575.07204,4037432,2787529.47,4964551984.84229,0,2025-04-30,76.50926039494665,1682.1889999999999,101.24232310862767,1.0916482021201448,-0.002148538604117789,-0.0021508500245619767
2025-05-01,1792.71,1872.71,1791.55,1837.19,5360708.038,2025-05-01 23:59:59.999,9845482567.69241,3726576,2723048.841,5001039618.03466,0,2025-05-01,78.52288783726199,1695.7505,103.00434219135542,1.37314114134375,0.024811598083348763,0.024508788947888528
2025-05-02,1837.18,1871.06,1812.0,1841.22,4329970.344,2025-05-02 23:59:59.999,7960281598.84561,3245598,2154991.66,3962680250.54521,0,2025-05-02,78.47267495447699,1705.6315,107.13420340744364,1.265594886484025,0.0021935673501378705,0.002191164993790262
2025-05-03,1841.22,1848.0,1807.75,1832.55,2801643.56,2025-05-03 23:59:59.999,5123783033.42071,2040283,1366933.51,2500239335.52779,0,2025-05-03,75.65564025456324,1717.413,107.50545979285795,1.070987466328189,-0.004708834359826719,-0.004719955846902248
2025-05-04,1832.55,1849.53,1801.71,1807.87,3055757.356,2025-05-04 23:59:59.999,5590079217.0753,2419911,1494262.302,2734448212.41088,0,2025-05-04,75.86787292236482,1726.6555,106.90748782185017,0.7596708299360195,-0.013467572508253589,-0.013559082806043865
2025-05-05,1807.87,1832.98,1780.02,1819.43,4641355.365,2025-05-05 23:59:59.999,8394316571.89672,3278009,2289563.069,4142308029.89647,0,2025-05-05,77.90732713659857,1738.227,103.58286182675744,0.7839424260724923,0.006394265074369354,0.006373908492287419
2025-05-06,1819.43,1820.3,1750.0,1816.22,5344191.56,2025-05-06 23:59:59.999,9539152683.93454,3821783,2587765.159,4620324770.55913,0,2025-05-06,61.7680158329776,1750.209,97.58682098796378,0.676433552519778,-0.001764288815727988,-0.0017658470062424138
2025-05-07,1816.23,1850.0,1786.0,1810.14,5769207.963,2025-05-07 23:59:59.999,10500877576.81347,3932284,2883664.076,5249521996.66292,0,2025-05-07,53.48630380647457,1761.574,90.01071371324885,0.5395579925598514,-0.003347612073427153,-0.0033532278632172545
2025-05-08,1810.13,2227.0,1807.72,2206.54,13290171.723,2025-05-08 23:59:59.999,26775043415.66911,8811007,6898361.327,13880695413.16653,0,2025-05-08,86.74658339209563,1792.5055,126.2072325676263,3.2805924951895733,0.21898858651816977,0.19802148746774587
2025-05-09,2206.53,2490.75,2183.59,2344.3,13924417.937,2025-05-09 23:59:59.999,32335300573.60659,11017757,6953525.351,16144093007.8896,0,2025-05-09,89.01184560348547,1829.0984999999996,169.8156397321578,3.033887225067159,0.062432586764799236,0.06056117205276397
2025-05-10,2344.31,2600.76,2315.09,2581.91,9337754.747,2025-05-10 23:59:59.999,22823633374.33704,8375060,4688668.108,11467659834.44162,0,2025-05-10,91.4176061927179,1878.866,230.13426605950528,3.05492968099855,0.10135648167896583,0.09654258524337417
2025-05-11,2581.9,2608.0,2434.89,2513.48,7493744.561,2025-05-11 23:59:59.999,18805426565.15567,7173973,3591164.381,9012170899.02368,0,2025-05-11,87.73202007449683,1925.6079999999997,259.0647972714035,2.2692083455249583,-0.026503634905941653,-0.02686118802990093
2025-05-12,2513.48,2624.84,2406.55,2494.16,9197060.865,2025-05-12 23:59:59.999,23177645097.88142,8291760,4465015.648,11257119574.26195,0,2025-05-12,85.86824122055452,1962.5375,284.9043708791825,1.8659682136833258,-0.007686554100291287,-0.00771624791721486
2025-05-13,2494.16,2738.62,2414.36,2678.59,8696179.007,2025-05-13 23:59:59.999,22321674127.76505,7578193,4313837.158,11072928866.74628,0,2025-05-13,88.3313632096791,2006.744,323.43846354284676,2.077198836034537,0.07394473490072828,0.0713385375008109
2025-05-14,2678.58,2724.96,2545.0,2608.74,6914278.151,2025-05-14 23:59:59.999,18124941984.93919,6788178,3332146.09,8736506619.90104,0,2025-05-14,83.53979827539433,2048.741,344.7457668134584,1.6243825273799946,-0.026077152531742587,-0.02642319052195192
2025-05-15,2608.75,2646.1,2475.61,2547.75,8115677.622,2025-05-15 23:59:59.999,20701781487.27752,7482356,3947414.53,10073956370.91594,0,2025-05-15,78.81380675090426,2086.94,355.983464296646,1.2944702386962574,-0.023379102555256437,-0.023656729421786565
2025-05-16,2547.76,2648.68,2527.14,2535.72,5514825.122,2025-05-16 23:59:59.999,14259348442.34683,5588177,2676288.785,6922856885.02824,0,2025-05-16,77.98101561618665,2122.726,363.62893746526146,1.1357566943897424,-0.004721813364733651,-0.004732996341966918
2025-05-17,2535.71,2537.63,2442.65,2474.09,5088864.02,2025-05-17 23:59:59.999,12632025371.53351,5112244,2460031.466,6105896488.12802,0,2025-05-17,74.78940941900184,2156.92,362.86863337056326,0.8740628724337948,-0.024304733961162728,-0.024604968741397636
2025-05-18,2474.09,2587.52,2312.62,2496.98,8079064.264,2025-05-18 23:59:59.999,19985490224.21014,7026592,3839030.762,9501374357.0965,0,2025-05-18,76.66442241466038,2191.808,360.20077145072,0.8472275025145286,0.009251886552227306,0.009209350010723974
2025-05-19,2496.98,2546.97,2346.99,2526.87,8872894.591,2025-05-19 23:59:59.999,21684230990.30493,7830995,4441561.846,10857265699.95116,0,2025-05-19,76.99081280712998,2228.323,355.00436483752384,0.8409671248313725,0.011970460316061748,0.011899381028248477
2025-05-20,2526.87,2588.0,2438.39,2523.09,6945963.632,2025-05-20 23:59:59.999,17457148458.04838,6688706,3413218.64,8580918186.31276,0,2025-05-20,76.95734083853894,2264.842,345.26801437968976,0.7479638693551434,-0.0014959218321479728,-0.0014970418403143855
2025-05-21,2523.08,2615.46,2450.72,2550.26,10600046.776,2025-05-21 23:59:59.999,26847255635.16949,8757866,5212210.749,13199188480.06132,0,2025-05-21,77.77852842708944,2300.4955,335.46070392624756,0.7445417513191411,0.010768541748411797,0.0107109739150419
2025-05-22,2550.26,2692.61,2543.37,2663.72,6985054.685,2025-05-22 23:59:59.999,18416807932.67231,7426416,3422533.683,9023464129.06048,0,2025-05-22,71.78624528229957,2341.6205,326.48982685006905,0.9865529444135318,0.04448958145443971,0.04352832729210772
2025-05-23,2663.72,2734.3,2497.0,2525.39,9061544.83,2025-05-23 23:59:59.999,23651003468.51325,7995313,4409771.318,11510166538.76902,0,2025-05-23,58.62489402844324,2376.2625,305.7289499209158,0.4877768364382094,-0.05193113390296278,-0.053328135803255496
2025-05-24,2525.38,2574.5,2511.13,2529.27,2752527.948,2025-05-24 23:59:59.999,7010178346.24612,3086598,1333784.876,3397784455.16996,0,2025-05-24,46.77482599745124,2412.3325,276.27731954221275,0.42326130930241984,0.0015363963585823814,0.001535217309200673
2025-05-25,2529.27,2553.0,2457.6,2550.03,4036746.533,2025-05-25 23:59:59.999,10112388538.50681,3902828,1995315.375,5000485169.12801,0,2025-05-25,52.378287632904325,2448.8625,239.62606808099184,0.42218904149362474,0.008207901884733637,0.008174400251959603
2025-05-26,2550.03,2598.6,2521.29,2562.43,3750834.338,2025-05-26 23:59:59.999,9600977643.38416,3388656,1870986.243,4790808393.40359,0,2025-05-26,54.48265899749177,2486.173,188.59759076713178,0.4043370845291302,0.00486268788994626,0.0048509032112241425
2025-05-27,2562.42,2711.8,2508.0,2659.84,6941172.913,2025-05-27 23:59:59.999,18256630414.12917,6343592,3596895.122,9461216336.05793,0,2025-05-27,48.610019719186916,2528.658,105.84300163826573,1.2394017362464296,0.038014696986844676,0.0373099435903238
2025-05-28,2659.83,2689.13,2606.0,2680.4,5156133.407,2025-05-28 23:59:59.999,13632284869.34801,4658793,2587014.772,6841180605.41663,0,2025-05-28,55.731149428964486,2552.3509999999997,79.76628445526244,1.6053023012726353,0.007729788257940351,0.007700066508317178
2025-05-29,2680.4,2788.88,2617.11,2630.3,7588357.955,2025-05-29 23:59:59.999,20452187002.00675,6807765,3750030.03,10108375095.51315,0,2025-05-29,56.719139168796524,2566.6510000000003,64.72271649532829,0.9834105156045807,-0.01869124011341583,-0.018868128991450628
2025-05-30,2630.3,2648.42,2503.37,2529.63,6984847.342,2025-05-30 23:59:59.999,18079390292.1202,6515951,3340582.622,8648509286.29376,0,2025-05-30,49.5668131961931,2564.037,65.128467387302,-0.5282943293504858,-0.03827320077557694,-0.039024861140138985
2025-05-31,2529.62,2550.0,2474.0,2527.08,3446829.335,2025-05-31 23:59:59.999,8685292710.63833,3643920,1709587.365,4309632778.87603,0,2025-05-31,54.11508891822628,2564.717,64.6420059046496,-0.5822375013472935,-0.001008052561046524,-0.0010085609877387113
2025-06-01,2527.08,2547.0,2465.0,2537.89,3484871.729,2025-06-01 23:59:59.999,8755165625.15367,3465704,1701860.45,4276848373.22306,0,2025-06-01,53.23772892033493,2566.9035,62.84440755387705,-0.4616719471040681,0.004277664339870535,0.00426854114183416
2025-06-02,2537.89,2614.2,2472.74,2606.48,5275446.384,2025-06-02 23:59:59.999,13325178539.07842,4846615,2651457.043,6700655914.24251,0,2025-06-02,55.936880099035015,2563.2980000000002,57.97976240404395,0.7447771120391474,0.02702638806252433,0.026667624932320427
2025-06-03,2606.49,2654.98,2563.0,2592.16,5191907.18,2025-06-03 23:59:59.999,13577160885.2253,4398023,2590854.889,6777225037.61505,0,2025-06-03,55.0711443297455,2562.469,57.41157914574672,0.5171604829859384,-0.005493999570301722,-0.005509147091733882
2025-06-04,2592.16,2679.64,2582.41,2606.62,5284587.533,2025-06-04 23:59:59.999,13890243223.44595,4353984,2634595.473,6925909898.69614,0,2025-06-04,54.21666916055661,2565.4125,58.12195752089707,0.7089833473895697,0.005578359360533414,0.005562857935582616
2025-06-05,2606.62,2640.0,2390.0,2412.9,8492400.72,2025-06-05 23:59:59.999,21556669894.86718,6705665,4072316.24,10341944526.61718,0,2025-06-05,33.2464999465641,2559.2715,67.20324923815994,-2.1780420092676978,-0.07431846605949455,-0.07722501931955744
2025-06-06,2412.9,2529.67,2379.62,2475.38,5419019.543,2025-06-06 23:59:59.999,13390557409.25552,4539094,2677043.081,6618177821.62515,0,2025-06-06,46.28294510264454,2559.3360000000002,67.11775593770707,-1.250876147854539,0.02589415226490943,0.025564575992846925
2025-06-07,2475.38,2545.0,2455.85,2523.4,2692914.761,2025-06-07 23:59:59.999,6733132072.13929,2371757,1380665.237,3452681137.2673,0,2025-06-07,49.59056985422335,2560.657,66.07782278661179,-0.5638351632788483,0.019399041763284774,0.01921327892266087
2025-06-08,2523.41,2548.02,2483.28,2508.32,2632952.539,2025-06-08 23:59:59.999,6620003823.64801,2211010,1279586.838,3218053737.45697,0,2025-06-08,47.06750847195467,2559.7295000000004,66.70425288073295,-0.7707079800731788,-0.0059760640405801535,-0.005993992173419927
2025-06-09,2508.31,2693.2,2475.83,2679.12,5572543.306,2025-06-09 23:59:59.999,14246910954.41894,4499371,2865761.755,7332197576.39201,0,2025-06-09,56.709638096990474,2567.531,71.16846588059767,1.5679556755827435,0.06809338521400776,0.0658751760543655
2025-06-10,2679.13,2827.0,2655.0,2815.74,8830157.515,2025-06-10 23:59:59.999,24154747930.96526,7107084,4473543.525,12237530696.86115,0,2025-06-10,58.57743348225091,2580.8050000000003,90.03493441880069,2.6093760329428464,0.05099435635581839,0.04973672209525723
2025-06-11,2815.74,2879.0,2742.57,2770.34,7913878.569,2025-06-11 23:59:59.999,22221851409.53581,6969338,3890891.675,10927440613.38044,0,2025-06-11,54.816734860007294,2586.136,98.00637108188342,1.8795104641319638,-0.016123647779979544,-0.016255048138538227
2025-06-12,2770.35,2783.9,2614.24,2641.38,7405894.267,2025-06-12 23:59:59.999,20158025803.52708,6130736,3594294.326,9788375166.18697,0,2025-06-12,50.54717130214918,2591.9355000000005,97.6537561449572,0.5063246100498603,-0.04655024293047061,-0.04766854849252492
2025-06-13,2641.38,2644.32,2433.8,2578.09,11165882.996,2025-06-13 23:59:59.999,28202599088.1968,8865737,5428522.503,13709089735.9645,0,2025-06-13,52.484873346323454,2594.3765,96.60947677584724,-0.16858077016385825,-0.023960959801315962,-0.024252693165461664
2025-06-14,2578.1,2578.18,2486.68,2529.66,3565324.383,2025-06-14 23:59:59.999,9006633899.97699,3119536,1732756.742,4377779231.1908,0,2025-06-14,50.12634919391172,2593.358,97.20712977970409,-0.6552811521578312,-0.018785224720626603,-0.0189639083343207
2025-06-15,2529.66,2559.76,2490.38,2546.32,3498181.69,2025-06-15 23:59:59.999,8854576371.88794,3073108,1779655.834,4505308956.0368,0,2025-06-15,50.4104866433587,2592.5525000000002,97.54306772831345,-0.47397012495825314,0.006585865294150395,0.006564273233070605
2025-06-16,2546.32,2680.0,2513.38,2543.12,7101649.996,2025-06-16 23:59:59.999,18500985118.57673,5630646,3534150.089,9210749109.49895,0,2025-06-16,46.704942586120815,2586.7165,96.79417600334305,-0.45040416479700573,-0.0012567155738478775,-0.0012575059030800805
2025-06-17,2543.11,2617.74,2451.97,2508.99,8004120.988,2025-06-17 23:59:59.999,20276853861.58318,6296058,3951237.342,10012830755.46793,0,2025-06-17,45.76203821656051,2578.1459999999997,95.64431886178399,-0.7230539233588728,-0.013420522822359948,-0.013511391962162974
2025-06-18,2508.99,2547.35,2465.0,2523.49,6693705.668,2025-06-18 23:59:59.999,16787444513.8059,5415845,3306863.455,8294011443.89205,0,2025-06-18,45.7642491006736,2572.8055,95.56086478623206,-0.5160637684717279,0.005779217932315284,0.005762582315491132
2025-06-19,2523.5,2546.29,2483.58,2520.18,3666746.681,2025-06-19 23:59:59.999,9226215331.05735,3069943,1861702.12,4685077417.70183,0,2025-06-19,56.78231843010316,2572.333,95.80862312035825,-0.5443455745573524,-0.0013116754970299294,-0.001312536496318151
2025-06-20,2520.17,2568.56,2363.88,2405.42,7724171.787,2025-06-20 23:59:59.999,19117430362.24391,5638305,3692187.203,9145257789.81853,0,2025-06-20,45.851321220171734,2566.25,102.46401442770004,-1.5696242324517131,-0.04553642993754403,-0.046605803058622414
2025-06-21,2405.43,2447.96,2213.07,2294.63,6347781.449,2025-06-21 23:59:59.999,14926463759.4515,4817953,3017033.533,7102354945.72291,0,2025-06-21,37.37374852361661,2554.087,119.09593086428032,-2.1785547005436534,-0.046058484588969884,-0.047152914013651716
2025-06-22,2294.64,2312.96,2111.0,2226.33,10976426.378,2025-06-22 23:59:59.999,24395034719.55417,8628739,5414264.055,12034154146.36614,0,2025-06-22,35.300005212948946,2535.0795,138.97120066954443,-2.2216797330129308,-0.02976514732222635,-0.030217120627443295
2025-06-23,2226.33,2440.0,2187.01,2410.39,10119602.037,2025-06-23 23:59:59.999,23160060525.87008,7962034,5109722.939,11705444379.32052,0,2025-06-23,36.18226879608396,2525.991,140.97109987141295,-0.820033326727576,0.08267417678421429,0.07943407029219013
2025-06-24,2410.4,2481.28,2374.9,2447.58,6672609.972,2025-06-24 23:59:59.999,16167058360.26545,5447479,3346735.461,8112583560.51332,0,2025-06-24,28.91360626818485,2518.0389999999998,140.66884070868124,-0.5008856236038599,0.015429038454358057,0.015311221166713795
2025-06-25,2447.58,2467.84,2388.23,2417.28,5000125.213,2025-06-25 23:59:59.999,12136042753.0774,4754756,2477838.619,6015469628.08048,0,2025-06-25,29.422529957569836,2518.2580000000003,140.49984823370008,-0.718705402670888,-0.012379574927070758,-0.012456840201147712
2025-06-26,2417.28,2520.0,2392.12,2414.54,5704994.512,2025-06-26 23:59:59.999,13986888156.9707,5199894,2828545.277,6938015854.228,0,2025-06-26,34.498264221086316,2515.216,142.1262902233086,-0.7083559265623409,-0.0011335054275881662,-0.0011341483307340736
2025-06-27,2414.59,2463.38,2377.0,2422.06,4375482.494,2025-06-27 23:59:59.999,10621563197.78729,3895770,2189953.783,5317047428.5262,0,2025-06-27,38.45744129961976,2510.149,143.61779280257116,-0.6133571494243358,0.003114464867014055,0.0031096249678369387
2025-06-28,2422.07,2447.42,2404.75,2434.8,1533911.759,2025-06-28 23:59:59.999,3723317923.01957,1550736,775516.127,1882778366.61757,0,2025-06-28,42.59137769447051,2506.473,144.6045796792727,-0.49564820256016573,0.0052599853017680775,0.005246199898629233
2025-06-29,2434.8,2524.41,2406.45,2499.25,3066795.2,2025-06-29 23:59:59.999,7537795437.65051,2605239,1569650.553,3859243032.28087,0,2025-06-29,46.579165394845845,2497.4795000000004,138.777885598983,0.012757796333024716,0.02647034664038106,0.026126069227520643
2025-06-30,2499.25,2523.43,2431.87,2484.3,5172486.705,2025-06-30 23:59:59.999,12818199456.88197,4205127,2534986.833,6282717978.0753,0,2025-06-30,45.797010318118176,2480.9075,116.82601971694247,0.02903890766988436,-0.005981794538361451,-0.005999757139525944
2025-07-01,2484.3,2499.6,2383.33,2403.65,4506176.03,2025-07-01 23:59:59.999,10982509466.22594,3555794,2185180.831,5327648695.59392,0,2025-07-01,42.94213812880232,2462.573,95.91458102756307,-0.6143278672412384,-0.03246387312321386,-0.03300251433421447
2025-07-02,2403.66,2618.2,2367.53,2569.37,6609066.769,2025-07-02 23:59:59.999,16554772337.67924,4861645,3373379.31,8452615556.5655,0,2025-07-02,52.556045817176994,2458.9725000000003,90.01956342203049,1.2263723106768811,0.06894514592390721,0.06667231727815903
2025-07-03,2569.37,2635.0,2555.25,2590.17,5268757.244,2025-07-03 23:59:59.999,13647187156.29036,4325630,2703056.509,7002399763.40586,0,2025-07-03,53.82471556444475,2459.5765,90.89711449741475,1.4367177739587567,0.008095369682062259,0.00806277795349378
2025-07-04,2590.18,2601.96,2473.07,2506.86,5033671.72,2025-07-04 23:59:59.999,12725393707.41595,4057479,2450111.773,6191557815.95106,0,2025-07-04,55.740673668960525,2458.4365,90.11146999109565,0.5373733222284055,-0.03216391202121871,-0.03269253664403731
2025-07-05,2506.87,2528.86,2486.31,2515.25,2011813.011,2025-07-05 23:59:59.999,5052102986.64698,1961577,983322.087,2469738327.26284,0,2025-07-05,64.12202990577632,2456.883,88.77454009727367,0.6574745409668721,0.003346816335974001,0.003341228210994714
2025-07-06,2515.25,2607.08,2502.25,2569.14,3600165.163,2025-07-06 23:59:59.999,9172986497.63379,2976116,1836966.661,4680999555.50237,0,2025-07-06,72.35591031811246,2458.184,90.28272034942773,1.2289837919211855,0.021425305635622616,0.021199010365681645
2025-07-07,2569.14,2589.88,2505.37,2541.37,4567857.773,2025-07-07 23:59:59.999,11644446527.06696,3841371,2263542.698,5770160028.45091,0,2025-07-07,60.7286786147243,2459.8030000000003,91.52355463864463,0.891213199946661,-0.010809064511860034,-0.010867906854276957
2025-07-08,2541.36,2627.83,2522.07,2613.97,4474456.244,2025-07-08 23:59:59.999,11532994545.81018,3704131,2272286.995,5857233183.798,0,2025-07-08,62.88187293869903,2464.327,96.9147097683444,1.5440690103462293,0.02856726883531313,0.02816683277062856
2025-07-09,2613.97,2795.73,2588.49,2767.7,7269179.795,2025-07-09 23:59:59.999,19472870001.08627,5653754,3768214.373,10101424349.21511,0,2025-07-09,72.77643449548916,2476.703,117.94491810300474,2.4672279626822387,0.05881092743987115,0.05714651190677698
2025-07-10,2767.69,3010.44,2754.08,2950.62,8576372.082,2025-07-10 23:59:59.999,24350173415.15155,7003532,4321398.295,12281316816.41542,0,2025-07-10,78.23137849679811,2503.963,157.10589375861375,2.8430314695021464,0.06609097806843223,0.06399866738190678
2025-07-11,2950.61,3040.95,2913.72,2956.93,8156318.681,2025-07-11 23:59:59.999,24321474191.78244,7658556,3956820.239,11800896395.05097,0,2025-07-11,78.2036003923099,2537.078,178.94275899236044,2.3462922018427386,0.002138533596328873,0.0021362501882080534
2025-07-12,2956.94,2979.0,2902.8,2941.87,3279022.65,2025-07-12 23:59:59.999,9646182328.47869,3419956,1599523.474,4706848048.03806,0,2025-07-12,76.67245279048973,2572.855,184.97255530428802,1.9949716291314348,-0.005093120229427095,-0.005106134373468835
2025-07-13,2941.88,3019.52,2930.0,2970.37,3503115.926,2025-07-13 23:59:59.999,10415925230.63532,3582692,1751254.16,5207474502.12151,0,2025-07-13,75.75552153947082,2600.8540000000003,200.79139437946648,1.8402979925607181,0.009687715636652827,0.009641090604373117
2025-07-14,2970.37,3083.0,2961.44,3012.26,6656768.639,2025-07-14 23:59:59.999,20170004457.45065,6645231,3340936.036,10124390186.23357,0,2025-07-14,78.03704569110181,2629.0879999999997,217.13993786692117,1.7646316185041722,0.014102620212296912,0.014004103413460676
2025-07-15,3012.26,3144.48,2930.99,3137.62,8695662.537,2025-07-15 23:59:59.999,26257227282.62108,8482122,4329322.936,13077292555.0391,0,2025-07-15,87.21013941698354,2665.105,238.81758950693506,1.978560293551068,0.04161659352114344,0.0407739231451428
2025-07-16,3137.62,3423.47,3099.6,3370.55,9404285.667,2025-07-16 23:59:59.999,30571821987.93077,8722872,4762095.824,15490414485.51467,0,2025-07-16,88.02612344085206,2712.9055,278.4179982172918,2.362076102158958,0.07423779807624897,0.07161138505714278
2025-07-17,3370.54,3524.0,3311.0,3476.65,8831516.299,2025-07-17 23:59:59.999,30197089749.63605,9706393,4351549.085,14881168716.19383,0,2025-07-17,88.92303909515614,2765.635,317.5499634040331,2.2390649722586913,0.0314785420777024,0.030993250673627626
2025-07-18,3476.66,3674.43,3458.0,3546.36,9940209.861,2025-07-18 23:59:59.999,35671704359.38496,11072600,4848998.776,17406121457.46232,0,2025-07-18,96.19343026769526,2821.2129999999997,352.0035176723269,2.0600561176068286,0.020050911078193012,0.019852538872334128
2025-07-19,3546.36,3608.0,3505.0,3591.31,3451544.417,2025-07-19 23:59:59.999,12293248411.83796,4428185,1699122.083,6052632282.12079,0,2025-07-19,96.31322521778054,2875.816,382.7863576516518,1.8691731972619652,0.012674968136342502,0.012595313104862291
2025-07-20,3591.32,3826.0,3578.05,3755.67,7235342.352,2025-07-20 23:59:59.999,26908744578.77599,7720041,3552660.143,13210663152.58352,0,2025-07-20,96.63336451316235,2939.3845,418.2684680350362,1.951582685242302,0.04576602966605514,0.04474965961480799
2025-07-21,3755.68,3857.82,3700.19,3760.96,6672579.311,2025-07-21 23:59:59.999,25225480585.51872,7816769,3210353.77,12138767029.60567,0,2025-07-21,98.7949204215378,3007.25,436.4860907894307,1.7267675096744475,0.0014085369587850671,0.001407545901121347
2025-07-22,3760.95,3798.58,3616.53,3746.01,7931786.206,2025-07-22 23:59:59.999,29306295168.48628,8579050,3797162.062,14032752633.29127,0,2025-07-22,97.48250926966766,3066.082,453.3318408314007,1.4998461143894664,-0.003975048923679059,-0.003982970429870201
2025-07-23,3746.02,3764.08,3526.5,3627.49,6962184.377,2025-07-23 23:59:59.999,25314488743.70884,7072827,3282221.792,11938355891.6992,0,2025-07-23,87.16082465315294,3117.948,455.35240672646756,1.1190058347623586,-0.031638997226382304,-0.03215032447957984
2025-07-24,3627.5,3772.63,3505.0,3706.2,7785869.615,2025-07-24 23:59:59.999,28454660354.48651,7988402,3841955.467,14043399496.17899,0,2025-07-24,85.88976288189693,3177.915,449.57649790489313,1.175072545966932,0.02169819903018344,0.021466143894869127
2025-07-25,3706.22,3746.42,3570.13,3724.17,7413357.205,2025-07-25 23:59:59.999,27126573043.76688,8386075,3637522.018,13311512882.89762,0,2025-07-25,86.04434839800807,3238.361,436.88230176897144,1.1119905705333464,0.00484863202201713,0.004836915264009937
2025-07-26,3724.18,3795.2,3694.56,3740.0,3327830.068,2025-07-26 23:59:59.999,12459303545.27103,3430625,1655933.546,6202157184.68408,0,2025-07-26,87.46842930511608,3296.904,420.6321088477334,1.053405079354982,0.004250611545659755,0.00424160321465911
2025-07-27,3740.0,3878.53,3728.36,3871.47,4061335.758,2025-07-27 23:59:59.999,15482491667.55545,4559036,2038998.708,7776129232.82427,0,2025-07-27,88.57316530255811,3363.4089999999997,399.50839603720175,1.271715450888021,0.03515240641711226,0.03454866845365594
2025-07-28,3871.48,3940.81,3751.03,3796.0,6290790.926,2025-07-28 23:59:59.999,24175996255.18144,6687629,3043266.681,11703061854.16594,0,2025-07-28,82.61180739335231,3422.5104999999994,369.0776999990463,1.011953580508835,-0.019493887334784965,-0.0196863991324151
2025-07-29,3795.99,3885.43,3712.24,3791.55,6546244.159,2025-07-29 23:59:59.999,24860205422.37114,7087846,3230256.318,12270688952.66161,0,2025-07-29,80.25464740772271,3473.703,343.5992574451364,0.9250514752662172,-0.0011722866174920243,-0.00117297428292866
2025-07-30,3791.55,3832.61,3670.0,3808.67,5758788.738,2025-07-30 23:59:59.999,21736673459.65851,6641102,2819159.578,10642161411.12838,0,2025-07-30,75.32778355879293,3516.6055,328.06635406296215,0.8902604500062424,0.004515303767588463,0.004505140365944733
2025-07-31,3808.67,3878.0,3682.23,3696.58,5397334.756,2025-07-31 23:59:59.999,20469554422.85698,5989796,2632017.204,9987168063.63206,0,2025-07-31,62.62673816440652,3553.5879999999997,302.3350502792809,0.47295872532116884,-0.029430221048292515,-0.029871978955993955
2025-08-01,3696.57,3722.9,3428.86,3486.42,9193572.267,2025-08-01 23:59:59.999,33128314776.46401,10694477,4392233.26,15838218917.15354,0,2025-08-01,47.036604900429126,3580.8154999999997,266.77499522760945,-0.353839384082689,-0.05685255019504509,-0.058532646106527995
2025-08-02,3486.41,3536.48,3366.5,3392.42,5424066.49,2025-08-02 23:59:59.999,18754639855.72633,6590236,2620359.928,9062563249.15896,0,2025-08-02,40.621846679052055,3601.918,230.1203242836839,-0.9103846027165274,-0.026961754464465026,-0.02733189074895883
2025-08-03,3392.42,3520.97,3353.51,3495.0,3427531.227,2025-08-03 23:59:59.999,11864698196.98683,4146890,1754747.792,6074636130.57502,0,2025-08-03,36.9483582179229,3626.0549999999994,186.12883422937384,-0.7041090680151963,0.030238001190890262,0.02978984466655686
2025-08-04,3495.01,3735.0,3489.28,3719.42,5316512.393,2025-08-04 23:59:59.999,19236902829.45886,6075647,2677248.978,9687462431.98572,0,2025-08-04,48.29438139504328,3655.1449999999995,147.15881641062197,0.43677301549267666,0.06421173104434907,0.062234366464939114
2025-08-05,3719.41,3720.1,3542.58,3610.19,5815168.146,2025-08-05 23:59:59.999,21058063277.99194,6592665,2798340.263,10134497863.50469,0,2025-08-05,44.824011829087965,3667.1269999999995,131.71218606854143,-0.4322834636604552,-0.029367482026767644,-0.02980733961196876
2025-08-06,3610.19,3697.39,3562.34,3681.21,4199037.186,2025-08-06 23:59:59.999,15227765255.91895,4916416,2067907.873,7500888476.52586,0,2025-08-06,52.12412615063425,3677.3550000000005,123.85018600587931,0.031126315787822573,0.019672094820494257,0.019481099945618495
2025-08-07,3681.21,3926.38,3645.78,3908.4,5937102.226,2025-08-07 23:59:59.999,22547412157.43496,6237352,3029290.384,11504081909.95496,0,2025-08-07,57.154989384288754,3695.457,130.0014082555559,1.6380053328453048,0.061716120514722084,0.05988658060368867
2025-08-08,3908.4,4070.0,3876.7,4009.05,6145342.857,2025-08-08 23:59:59.999,24345087579.6172,6968705,3066357.114,12148346381.28722,0,2025-08-08,59.523427471116825,3716.344,145.07268477344405,2.017650672537776,0.025752225974823517,0.02542622243268411
2025-08-09,4009.04,4325.24,4005.02,4259.1,6548032.73,2025-08-09 23:59:59.999,27432612279.33882,7055176,3293060.47,13794818979.60294,0,2025-08-09,65.00375744262675,3741.5155,189.21458807884963,2.7354365498727415,0.06237138474202131,0.060503564834765926
2025-08-10,4259.11,4331.99,4160.0,4248.77,4745124.651,2025-08-10 23:59:59.999,20053465752.63617,5986405,2272308.795,9604507149.15049,0,2025-08-10,61.72642283497851,3765.906,220.6774445202922,2.188098566437764,-0.0024253950365100696,-0.002428341071548174
2025-08-11,4248.77,4370.0,4164.23,4221.31,7280638.345,2025-08-11 23:59:59.999,31097460175.2005,9226033,3535293.252,15101570850.51035,0,2025-08-11,63.625180201826055,3789.6710000000007,242.8962962362123,1.7770505630939653,-0.006463046952412066,-0.006484022868097309
2025-08-12,4221.31,4640.0,4216.61,4589.31,8478717.163,2025-08-12 23:59:59.999,37479934448.83552,8681417,4303736.664,19037814775.53742,0,2025-08-12,70.72857662526633,3837.762,298.0496754534407,2.521552821208832,0.08717672949866273,0.08358417955900725
2025-08-13,4589.31,4783.62,4562.59,4748.37,7960032.485,2025-08-13 23:59:59.999,37251303664.17844,8944863,3920628.626,18350626200.55333,0,2025-08-13,72.73937199938052,3889.8705,358.7574335261496,2.3929803810948056,0.03465880491838624,0.03407171528480655
2025-08-14,4748.36,4794.0,4451.0,4545.26,10442559.67,2025-08-14 23:59:59.999,48290670951.46872,11233029,5023044.168,23228103400.42674,0,2025-08-14,69.67032253877605,3930.9250000000006,384.8308122922074,1.5963768502339322,-0.04277467846861127,-0.04371646954583994
2025-08-15,4545.26,4670.23,4364.0,4437.16,7420333.141,2025-08-15 23:59:59.999,33482732351.53149,8626932,3622196.9,16347653790.36137,0,2025-08-15,73.13010899182561,3965.7830000000004,397.97647669310686,1.1844343261611774,-0.023783017913166726,-0.024070399566045658
2025-08-16,4437.15,4488.33,4370.0,4420.22,3186954.848,2025-08-16 23:59:59.999,14093829789.0426,4233693,1519989.962,6722538100.52846,0,2025-08-16,75.97894992265464,3993.2205000000004,409.8704519912758,1.0417913707258135,-0.003817757304221514,-0.003825063541193067
2025-08-17,4420.22,4574.95,4392.45,4470.66,4146129.176,2025-08-17 23:59:59.999,18646228010.40326,4914999,2029408.435,9127376785.19763,0,2025-08-17,75.32866043613708,4026.9535000000005,420.41184104055816,1.0554091409551756,0.011411196727764583,0.011346580126261146
2025-08-18,4470.66,4480.0,4224.1,4311.73,8232985.759,2025-08-18 23:59:59.999,35575776951.64949,9593567,4035017.975,17436458268.33868,0,2025-08-18,65.91794722952308,4052.9625,421.17190459448153,0.6143987696642527,-0.03554956091494332,-0.0361968330420898
2025-08-19,4311.72,4354.22,4064.96,4073.94,7641112.186,2025-08-19 23:59:59.999,32204790715.55084,8963447,3659115.864,15432994509.22249,0,2025-08-19,61.657458008013805,4066.226,417.23226602786013,0.01848850299483993,-0.05514955713831793,-0.0567286255351
2025-08-20,4073.93,4376.13,4060.0,4334.5,7670009.51,2025-08-20 23:59:59.999,32383014019.12521,9070241,3826427.41,16155678903.04898,0,2025-08-20,64.99327552889228,4098.122,411.83531391233237,0.5739624359904154,0.06395774115475428,0.0619956731708959
2025-08-21,4334.5,4338.94,4202.0,4223.7,4937369.302,2025-08-21 23:59:59.999,21078545366.69103,6587893,2385344.656,10184926938.87164,0,2025-08-21,57.64467418607132,4134.986,386.4119425309373,0.22958400151645733,-0.0255623485984543,-0.025894742172103767
2025-08-22,4223.69,4888.49,4206.0,4830.37,11984283.633,2025-08-22 23:59:59.999,54750305193.79994,11643825,5966269.405,27254690713.37555,0,2025-08-22,65.98993863501853,4206.883500000001,374.5691721835489,1.664543017155918,0.1436347278452541,0.13421154813091332
2025-08-23,4830.36,4830.37,4662.25,4777.26,3997279.661,2025-08-23 23:59:59.999,18933270794.15555,5001086,1947766.421,9225664643.83754,0,2025-08-23,60.92565259562266,4270.9965,355.56337276993565,1.423834789438713,-0.010995016944871705,-0.011055908893727436
2025-08-24,4777.25,4957.67,4702.47,4778.32,6361395.851,2025-08-24 23:59:59.999,30592940074.78536,7265862,3143816.147,15125114823.27254,0,2025-08-24,61.209637472851746,4323.941500000001,347.862493012693,1.3062014707731635,0.00022188451120497277,0.0002218598984775378
2025-08-25,4778.33,4796.8,4331.15,4374.25,9104476.925,2025-08-25 23:59:59.999,41589800131.29473,10159027,4340822.043,19829074713.3435,0,2025-08-25,52.792261852598365,4362.1445,304.61868520073904,0.03973984718640069,-0.08456319375847576,-0.08835394374752582
2025-08-26,4374.25,4632.92,4310.0,4598.49,6833123.715,2025-08-26 23:59:59.999,30589096262.84132,8818702,3417921.657,15302892617.25593,0,2025-08-26,50.17688679245283,4408.0085,262.89637705008124,0.7245497337672079,0.05126364519631932,0.04999291219349918
2025-08-27,4598.5,4662.5,4479.01,4504.84,5766618.714,2025-08-27 23:59:59.999,26459757592.6853,7415091,2782602.618,12769987160.50781,0,2025-08-27,45.1861457143196,4437.8305,235.65767419077582,0.2843510198855345,-0.020365380809787448,-0.020575614399731112
2025-08-28,4504.86,4633.12,4425.0,4509.1,4426437.919,2025-08-28 23:59:59.999,20065358628.09292,5601270,2179199.123,9879189296.56193,0,2025-08-28,49.224240759969454,4462.8330000000005,213.2308327932198,0.21698081555056892,0.0009456495680202348,0.0009452027231510696
2025-08-29,4509.1,4514.66,4264.29,4358.65,6209654.111,2025-08-29 23:59:59.999,27104770526.17302,7454969,3023585.681,13197027708.48541,0,2025-08-29,48.34574394113705,4467.8105,209.35135727880905,-0.5214224613534397,-0.033365860149475624,-0.03393520067229451
2025-08-30,4358.65,4414.45,4254.97,4372.0,2942714.992,2025-08-30 23:59:59.999,12802321816.86978,3583349,1435369.519,6247127309.51978,0,2025-08-30,48.98243422329891,4473.972,204.31830877593544,-0.4990840057893529,0.0030628749727554805,0.0030581939270755403
2025-08-31,4372.0,4498.0,4370.33,4389.58,3156027.534,2025-08-31 23:59:59.999,14051520790.23488,3770253,1557353.159,6934900979.36076,0,2025-08-31,48.26494102340232,4482.385499999999,196.68859149950333,-0.4718397711452107,0.004021043000914881,0.004012980214155089
2025-09-01,4389.58,4490.0,4205.49,4313.0,5447493.883,2025-09-01 23:59:59.999,23773811619.81524,6589665,2658868.777,11610053107.00537,0,2025-09-01,50.028170013796654,4468.57,198.47880393264208,-0.7838116560436128,-0.01744586042400409,-0.017599832862741135
2025-09-02,4313.0,4414.73,4254.33,4324.59,5122607.494,2025-09-02 23:59:59.999,22199377296.74414,6799107,2523277.295,10934001772.52983,0,2025-09-02,56.1798251453424,4447.380999999999,189.4515078324948,-0.6481394706478979,0.002687224669603472,0.0026836205366904354
2025-09-03,4324.58,4488.36,4281.0,4448.22,3880391.161,2025-09-03 23:59:59.999,17044372656.69283,5119195,1910250.517,8391344991.77567,0,2025-09-03,53.00681106692613,4442.5289999999995,188.05026900442712,0.030263184573624483,0.02858768114433974,0.02818667795441258
2025-09-04,4448.22,4480.99,4263.0,4295.68,4894116.686,2025-09-04 23:59:59.999,21342682503.19518,5688361,2385345.232,10402979550.9344,0,2025-09-04,51.862084665611206,4435.455,190.9023093930106,-0.7321807705963621,-0.03429236863284635,-0.034894149620323514
2025-09-05,4295.68,4494.45,4252.47,4305.71,6326357.485,2025-09-05 23:59:59.999,27575467859.60816,6969862,3144665.679,13709504358.49794,0,2025-09-05,30.366578352567842,4429.7294999999995,193.0879504669623,-0.6422953876721551,0.0023349039034563646,0.002332182251045103
2025-09-06,4305.71,4327.0,4220.0,4271.69,2147554.767,2025-09-06 23:59:59.999,9195378104.55838,2490116,1027661.082,4401196364.957,0,2025-09-06,30.80672715538512,4419.781,195.97232623915215,-0.7556730220127077,-0.007901135933446657,-0.007932515305714762
2025-09-07,4271.68,4336.05,4267.44,4303.84,1711470.552,2025-09-07 23:59:59.999,7351406415.13431,2167511,842909.915,3620996878.30009,0,2025-09-07,32.40242111353423,4419.3865000000005,196.20908351942333,-0.588894754144051,0.0075262952133701155,0.007498113965480702
2025-09-08,4303.83,4382.75,4276.21,4303.98,3546410.615,2025-09-08 23:59:59.999,15322973248.83397,4276268,1766976.332,7636008462.03931,0,2025-09-08,46.27889982101437,4430.8885,181.0497954845732,-0.7009590906210884,3.2529090300714714e-05,3.252856124133e-05
2025-09-09,4303.97,4380.77,4275.0,4308.4,3523559.615,2025-09-09 23:59:59.999,15222966920.79079,4163833,1705285.733,7367839033.85386,0,2025-09-09,29.976946120183896,4429.5835,181.87331763086746,-0.6663071943623735,0.001026956444964977,0.001026429485940169
2025-09-10,4308.41,4453.56,4283.0,4347.83,4432223.474,2025-09-10 23:59:59.999,19320820617.76293,4641071,2202701.077,9603634039.34492,0,2025-09-10,38.28580807854725,4435.79,176.51679150782326,-0.4983095333233588,0.009151889332466911,0.009110264564058695
2025-09-11,4347.83,4483.44,4328.88,4456.86,4235830.637,2025-09-11 23:59:59.999,18709241142.85245,4845793,2144185.223,9474069450.4494,0,2025-09-11,46.62941647095255,4417.1145,150.39954830823626,0.2642660862155224,0.02507687743081033,0.024767612149356535
2025-09-12,4456.87,4750.0,4448.35,4710.83,4819201.204,2025-09-12 23:59:59.999,22044074626.95246,5257367,2498943.807,11433035659.61851,0,2025-09-12,70.04530655920588,4413.793,142.55632774452937,2.0836465465939242,0.05698406501438247,0.05541963110216487
2025-09-13,4710.82,4768.0,4603.0,4664.74,3171687.815,2025-09-13 23:59:59.999,14859966360.5965,3611292,1514533.803,7098240898.72099,0,2025-09-13,66.06343283582086,4408.114,128.87637227409826,1.991257167405365,-0.009783838516779442,-0.009832014754740945
2025-09-14,4664.74,4691.3,4575.0,4602.0,2511259.911,2025-09-14 23:59:59.999,11619139302.15607,2962617,1223889.018,5662945206.75829,0,2025-09-14,61.10565059182734,4419.5015,135.61260123390738,1.345734086209456,-0.01344983857621218,-0.01354110694214287
2025-09-15,4602.0,4668.0,4463.0,4521.54,4176404.992,2025-09-15 23:59:59.999,18980591155.35112,4822542,2003037.077,9103609610.20994,0,2025-09-15,60.85874364742147,4415.654,131.28989256003965,0.8065053442828983,-0.017483702737940088,-0.017638347832211205
2025-09-16,4521.54,4536.31,4421.01,4499.41,3109858.769,2025-09-16 23:59:59.999,13940782703.99469,3837838,1533778.727,6876185257.54886,0,2025-09-16,59.00409979604028,4415.382500000001,131.10123299735494,0.6409360009733436,-0.004894350155035698,-0.004906366711613131
2025-09-17,4499.41,4615.26,4404.08,4588.3,5124507.153,2025-09-17 23:59:59.999,23070604822.17107,5809176,2491509.715,11218670920.1431,0,2025-09-17,57.482586214264344,4419.342500000001,135.21269649491785,1.2495683051949935,0.019755923554421573,0.019563308028688105
2025-09-18,4588.31,4642.6,4551.75,4585.31,2928393.691,2025-09-18 23:59:59.999,13458754798.55331,3707936,1431908.227,6581842939.31912,0,2025-09-18,68.41282152347772,4430.6755,139.29519701076902,1.1101208320057525,-0.0006516574766253225,-0.0006518698976475881
2025-09-19,4585.32,4619.5,4433.0,4466.49,3411338.53,2025-09-19 23:59:59.999,15390394153.31296,3828856,1587235.426,7160962697.77853,0,2025-09-19,58.9793137342507,4435.4,138.80189070457118,0.2239883033450369,-0.02591318798510911,-0.02625484993265095
2025-09-20,4466.48,4506.75,4451.62,4478.27,1210096.976,2025-09-20 23:59:59.999,5418567490.32544,1675624,608242.126,2723708343.4974,0,2025-09-20,61.8310730321635,4439.8345,138.6776650887934,0.2771571036719632,0.0026374177486125916,0.0026339458656196605
2025-09-21,4478.26,4497.01,4440.01,4443.01,1366255.572,2025-09-21 23:59:59.999,6106266734.79425,1854241,663045.681,2963864350.18824,0,2025-09-21,57.94213319637047,4446.335,135.4284360445751,-0.024551712307343068,-0.007873576180087438,-0.007904736450632891
2025-09-22,4443.0,4454.01,4000.88,4196.86,6100386.078,2025-09-22 23:59:59.999,25725810179.45994,7252729,2821549.443,11897302384.37024,0,2025-09-22,45.227062094531995,4439.9484999999995,144.19952322264257,-1.6857788054172254,-0.055401630876365515,-0.05699544804751116
2025-09-23,4196.87,4230.06,4112.43,4162.25,3491189.582,2025-09-23 23:59:59.999,14583116712.74314,4714029,1735353.502,7249186977.33441,0,2025-09-23,43.65861066516252,4425.65,156.95048575570928,-1.6782362840850151,-0.008246641536767907,-0.008280833192390697
2025-09-24,4162.25,4204.99,4070.0,4150.51,3047254.366,2025-09-24 23:59:59.999,12670384477.90497,4180129,1485681.454,6178787549.93948,0,2025-09-24,41.22757099923535,4418.3915,166.35278727595568,-1.6103216807279706,-0.0028205898252147144,-0.002824575184502461
2025-09-25,4150.51,4158.95,3822.0,3873.1,8452019.741,2025-09-25 23:59:59.999,33629986986.04217,9489735,4122867.032,16406478789.80459,0,2025-09-25,27.426839076904088,4396.7609999999995,205.33411485982705,-2.5502873711827228,-0.06683756935894636,-0.06917599828108185
2025-09-26,3873.1,4066.39,3866.0,4030.17,4740997.735,2025-09-26 23:59:59.999,18750388212.84918,6525096,2398852.841,9488726424.89693,0,2025-09-26,21.547644924507225,4384.6849999999995,219.6779324973748,-1.6137943213947352,0.04055407812863088,0.039753338714476144
2025-09-27,4030.17,4038.62,3971.45,4017.01,1763090.139,2025-09-27 23:59:59.999,7063334343.7382,2222512,881775.159,3533197152.40817,0,2025-09-27,22.157649951427572,4370.3435,234.12152778273307,-1.5091884259695096,-0.003265370939687373,-0.003270713897704673
2025-09-28,4017.01,4143.05,3963.1,4139.55,2514830.299,2025-09-28 23:59:59.999,10149863141.77429,2976315,1325631.717,5353896576.725,0,2025-09-28,31.09377682929825,4362.122,239.40216878058413,-0.9296991799768984,0.030505276312481122,0.03004924148323685
2025-09-29,4139.54,4234.27,4080.0,4212.98,3781396.686,2025-09-29 23:59:59.999,15694942048.56818,4749311,1882523.934,7814893363.99008,0,2025-09-29,37.312291320580925,4357.351000000001,241.47099683966604,-0.5978813269067742,0.01773864308922457,0.017583149497349213
2025-09-30,4212.99,4246.87,4091.0,4142.75,3692892.942,2025-09-30 23:59:59.999,15345949182.5394,4968279,1794931.381,7458935038.67879,0,2025-09-30,35.892506803366885,4347.097,246.20452061137868,-0.8299888218646931,-0.01666991060959211,-0.016810417246831622
2025-10-01,4142.75,4356.07,4120.61,4345.85,4436505.357,2025-10-01 23:59:59.999,18930019542.68207,5512248,2235987.426,9538353705.26361,0,2025-10-01,41.20468116289026,4341.5464999999995,244.8473349548219,0.01757625828680127,0.049025405829461244,0.04786154821474461
2025-10-02,4345.85,4516.65,4330.11,4481.7,4471666.244,2025-10-02 23:59:59.999,19726077711.08088,5935964,2248530.893,9921712912.45965,0,2025-10-02,46.5718161664957,4330.09,231.66466277564294,0.6544373154865976,0.03125970753707552,0.03078107199173356
2025-10-03,4481.7,4590.83,4426.0,4511.11,4421328.072,2025-10-03 23:59:59.999,19877580078.8867,6208153,2182648.246,9815662543.44157,0,2025-10-03,51.569203933208605,4322.4085,222.343891144361,0.8486920824709417,0.006562242006381558,0.006540804231774324
2025-10-04,4511.12,4515.8,4438.0,4484.79,1887541.368,2025-10-04 23:59:59.999,8456084877.8291,2751769,893559.521,4003645832.9171,0,2025-10-04,50.22697524159633,4316.548000000001,216.04199739379294,0.7787467345681605,-0.005834484195685663,-0.005851571293952723
2025-10-05,4484.79,4618.44,4465.01,4512.34,3476365.707,2025-10-05 23:59:59.999,15788381952.9441,5233806,1721023.346,7817691438.1541,0,2025-10-05,52.426552426552426,4316.088,215.59187848682652,0.9102940304497238,0.006142985513257093,0.006124194294605216
2025-10-06,4512.35,4734.99,4486.05,4682.43,3988549.973,2025-10-06 23:59:59.999,18419617390.68043,5919219,2022274.459,9339403963.58013,0,2025-10-06,67.9506990706169,4325.239,227.3464771271158,1.5711305691369266,0.037694411325387644,0.03700133997846284
2025-10-07,4682.42,4754.0,4422.44,4445.76,5946456.672,2025-10-07 23:59:59.999,27299951019.86175,7609815,2863875.407,13153232028.32008,0,2025-10-07,59.11859871218409,4318.112,220.8059795767474,0.5781002862543967,-0.050544268681005367,-0.05186637296677397
2025-10-08,4445.77,4556.75,4408.69,4523.67,3755083.452,2025-10-08 23:59:59.999,16827127415.92555,6009027,1869314.316,8378163316.41122,0,2025-10-08,61.512025371126775,4315.03,217.2822173313452,0.9602258415921543,0.017524562729432036,0.017372778317867342
2025-10-09,4523.66,4529.15,4262.55,4365.83,5102570.656,2025-10-09 23:59:59.999,22281784727.32817,6884022,2440006.551,10652493197.01764,0,2025-10-09,66.41153233810962,4309.997,214.74018132324866,0.2600025745342654,-0.03489202351188303,-0.03551529116887617
2025-10-10,4365.83,4392.0,3400.0,3819.99,12017119.047,2025-10-10 23:59:59.999,47929937738.04511,15891025,5666179.165,22619258551.27069,0,2025-10-10,44.439506016063994,4277.0830000000005,236.89637903745464,-1.9295060644541628,-0.1250254819816622,-0.1335605153133408
2025-10-11,3820.0,3874.28,3640.0,3744.99,5215588.468,2025-10-11 23:59:59.999,19726835357.37149,9393255,2613387.766,9888803995.20522,0,2025-10-11,43.03148920472593,4242.182,261.3233114382588,-1.9025933708844354,-0.019633559250155086,-0.01982885807536178
2025-10-12,3744.99,4200.0,3692.96,4149.99,9472267.39,2025-10-12 23:59:59.999,37481577939.66282,10027905,4803223.613,18997320974.20802,0,2025-10-12,50.233636493841296,4239.8385,261.96052638106886,-0.3429848811240332,0.10814448102665164,0.10268697786250111
2025-10-13,4150.0,4293.03,4034.12,4239.7,7867416.54,2025-10-13 23:59:59.999,32696882710.92269,9278748,3944751.191,16397816816.17658,0,2025-10-13,50.59364058084354,4243.711,261.32487836328085,-0.015348710865654855,0.021616919558842262,0.021386587422502622
2025-10-14,4239.7,4262.0,3885.09,4123.05,8470013.274,2025-10-14 23:59:59.999,34258219352.17251,11845500,4149008.192,16775972713.99781,0,2025-10-14,49.57116859822199,4242.338,261.9118068639545,-0.4554510215798008,-0.027513739179658825,-0.02789933128049835
2025-10-15,4123.06,4216.12,3925.0,3983.81,5383244.01,2025-10-15 23:59:59.999,21819540012.2743,8388501,2676280.211,10851209454.24153,0,2025-10-15,41.89370734590787,4247.8735,254.76979163396732,-1.0364788474584337,-0.033771116042735416,-0.034354532921094805
2025-10-16,3983.8,4089.34,3822.5,3892.02,5731700.779,2025-10-16 23:59:59.999,22709297884.67893,9444104,2785426.699,11039477031.71406,0,2025-10-16,36.530959059305076,4240.966,262.7313933799556,-1.3281473352343676,-0.023040757465842998,-0.023310344765357732
2025-10-17,3892.02,3948.06,3671.0,3829.99,6653715.864,2025-10-17 23:59:59.999,25226782204.14404,10588433,3261526.179,12366430756.20759,0,2025-10-17,34.67078374534128,4231.615,274.19970391362625,-1.4647171177344274,-0.015937739271637885,-0.016066110833612677
2025-10-18,3830.0,3926.0,3817.21,3887.01,1938785.098,2025-10-18 23:59:59.999,7509890240.83936,3494925,964052.159,3734729677.75682,0,2025-10-18,36.729801006952776,4218.987999999999,284.29153810463504,-1.1677378870060242,0.014887767330985291,0.01477803232184623
2025-10-19,3887.01,4030.0,3810.0,3980.59,3378168.171,2025-10-19 23:59:59.999,13293751538.49362,5024361,1696525.463,6680310360.5597,0,2025-10-19,38.53181329986155,4207.3685,289.25577361795246,-0.7840068226244892,0.02407506026483075,0.023789824970799876
2025-10-20,3980.6,4085.0,3906.89,3977.54,3964193.706,2025-10-20 23:59:59.999,15854456792.02957,6197163,1958810.573,7834500393.97327,0,2025-10-20,33.61734368971753,4199.108,293.5257561118904,-0.7548502827654405,-0.0007662180732002088,-0.0007665117683006373
2025-10-21,3977.54,4108.41,3838.21,3871.11,6065458.751,2025-10-21 23:59:59.999,23982223539.19465,8882649,2965777.598,11726989182.43355,0,2025-10-21,35.78366129167925,4175.371,300.1552747794031,-1.0136786708933045,-0.026757744736696565,-0.027122250125799014
2025-10-22,3871.11,3887.45,3706.31,3803.93,5014922.865,2025-10-22 23:59:59.999,19162417413.61478,8670010,2460698.199,9405795396.53953,0,2025-10-22,32.09922600927197,4141.4825,302.0049618078867,-1.117705146231095,-0.017354195566646302,-0.017506544790243786
2025-10-23,3803.94,3933.4,3794.89,3855.21,3703936.916,2025-10-23 23:59:59.999,14306558471.2592,6351393,1847168.41,7133547396.24258,0,2025-10-23,36.589452673600185,4108.6875,295.2920193527504,-0.8583960398103425,0.01348079486215581,0.013390737408379776
2025-10-24,3855.22,4026.48,3844.02,3933.19,3655431.455,2025-10-24 23:59:59.999,14370925595.57035,6259143,1793297.282,7050946974.81901,0,2025-10-24,53.94166887195844,4081.1074999999996,283.85349363944727,-0.5211050887676776,0.02022717309822286,0.0200253212217946
2025-10-25,3933.2,3968.93,3910.0,3952.25,1294911.079,2025-10-25 23:59:59.999,5100565551.56726,2320554,660468.178,2602123989.38233,0,2025-10-25,57.50942028985508,4053.103,266.1460874090801,-0.378938503217535,0.004845939301177937,0.0048342355325944105
2025-10-26,3952.24,4179.27,3914.3,4156.37,2929386.864,2025-10-26 23:59:59.999,11852616616.01451,4661450,1472768.044,5961088182.98089,0,2025-10-26,50.270540742248464,4026.8,223.20815175644913,0.5804895519289924,0.05164653045733436,0.050357060191524854
2025-10-27,4156.36,4253.0,4090.61,4118.47,4177961.802,2025-10-27 23:59:59.999,17446812942.46984,6977860,2060147.723,8604335606.69436,0,2025-10-27,44.623040689783664,4010.4355000000005,201.85138765869428,0.5352180198169989,-0.009118533720530064,-0.009160362018463021
2025-10-28,4118.46,4174.08,3925.01,3977.56,4291976.218,2025-10-28 23:59:59.999,17497055109.81833,7323112,2052915.791,8372181231.32695,0,2025-10-28,43.6829719426522,3983.13,161.71694101277657,-0.034442897355819395,-0.03421416205532646,-0.034813169198898125
2025-10-29,3977.56,4034.99,3836.0,3900.38,4458210.334,2025-10-29 23:59:59.999,17639590435.27133,7668112,2176233.415,8612741083.83583,0,2025-10-29,46.171214582702326,3959.8575000000005,135.03432284443863,-0.44046208954236993,-0.019403855630084732,-0.019594581681855842
2025-10-30,3900.38,3947.0,3677.7,3802.8,5769173.941,2025-10-30 23:59:59.999,22017129749.74984,9606081,2834214.336,10817342646.85872,0,2025-10-30,45.927143248425104,3958.9979999999996,136.02253383753145,-1.1483244400267238,-0.02501807516190724,-0.025336346783729525
2025-10-31,3802.8,3904.9,3794.13,3846.42,3815967.522,2025-10-31 23:59:59.999,14680218606.47905,6374992,1907672.563,7339626620.1384,0,2025-10-31,50.76284485880639,3964.0695,129.3506951327253,-0.9095389853087466,0.011470495424424021,0.011405208069661369
2025-11-01,3846.42,3907.61,3828.8,3872.14,1270485.006,2025-11-01 23:59:59.999,4916549621.84477,2478182,641829.937,2483659052.02197,0,2025-11-01,49.28891821842212,3950.1770000000006,123.10137324901328,-0.6339246910117327,0.006686737277780352,0.006664480213074707
2025-11-02,3872.14,3917.0,3837.04,3904.8,1816853.789,2025-11-02 23:59:59.999,7038966407.17009,3238857,908098.423,3518678439.54914,0,2025-11-02,46.151502533843825,3933.432,102.73948093679103,-0.2786854648177075,0.008434612384882856,0.008399239805326253
2025-11-03,3904.79,3913.34,3556.0,3602.15,6599474.497,2025-11-03 23:59:59.999,24340952228.33653,10070951,3101856.608,11440337089.36183,0,2025-11-03,35.38508257609382,3907.387,117.15454368618839,-2.6054217821684467,-0.07750717066174961,-0.08067567617273264
2025-11-04,3602.15,3653.65,3055.0,3285.28,10678270.996,2025-11-04 23:59:59.999,36171319570.78212,15897517,5181122.338,17567242223.80083,0,2025-11-04,30.403222029691378,3872.4605,180.28602880964024,-3.2569384542825,-0.08796690865177736,-0.09207900519301647
2025-11-05,3285.28,3479.0,3165.41,3423.06,5529908.978,2025-11-05 23:59:59.999,18458018565.74134,10505832,2805720.156,9371135878.87705,0,2025-11-05,37.83403926378801,3849.0125,206.2369680444339,-2.0653547423574814,0.04193858666536787,0.04108300365316079
2025-11-06,3423.06,3455.0,3245.0,3313.7,4923419.396,2025-11-06 23:59:59.999,16485449833.07646,8995344,2397515.509,8026923804.26709,0,2025-11-06,33.32162942977348,3823.1979999999994,238.5272688504734,-2.1360157371331443,-0.031948023113822166,-0.03246949801674294
2025-11-07,3313.7,3472.23,3192.92,3434.36,5003943.428,2025-11-07 23:59:59.999,16601841382.86458,10160525,2528806.548,8390658919.14615,0,2025-11-07,35.02974064715167,3800.5654999999997,253.1785639357758,-1.4464316974832652,0.036412469445031403,0.03576520113192645
2025-11-08,3434.37,3490.0,3353.31,3400.07,2663386.219,2025-11-08 23:59:59.999,9099157353.14614,5444163,1312894.573,4486131384.34617,0,2025-11-08,33.57877832629514,3771.5395000000003,264.4782322049696,-1.4045371405542093,-0.00998439301645715,-0.01003457134792065
2025-11-09,3400.08,3624.4,3356.74,3581.31,3242104.849,2025-11-09 23:59:59.999,11301873155.95876,6039399,1677038.198,5847009990.89904,0,2025-11-09,32.662413622604646,3751.728,263.07164492626924,-0.6478007162184392,0.05330478490148716,0.05193263562179358
2025-11-10,3581.31,3658.0,3505.55,3566.38,3732092.709,2025-11-10 23:59:59.999,13360528858.35997,7309365,1872721.194,6705385107.43077,0,2025-11-10,33.12115931395029,3736.491499999999,264.6135133454119,-0.6428677728863563,-0.004168865582705683,-0.004177579529443065
2025-11-11,3566.38,3647.54,3403.02,3416.32,4510443.944,2025-11-11 23:59:59.999,15900378901.78895,8880574,2240751.876,7900568447.8105,0,2025-11-11,32.93688434877781,3717.111,273.4608294840555,-1.0999418109259327,-0.042076279028034014,-0.0429871273839127
2025-11-12,3416.33,3587.24,3370.0,3413.46,4885053.439,2025-11-12 23:59:59.999,16907897063.88611,8920704,2475303.169,8566692945.1903,0,2025-11-12,34.49575871819039,3695.0235000000002,279.49306769060945,-1.007407812746478,-0.000837158111652303,-0.00083750872419667
2025-11-13,3413.45,3565.0,3152.49,3230.12,7753251.79,2025-11-13 23:59:59.999,26083884668.87648,13807020,3803654.811,12798805629.68556,0,2025-11-13,32.709354846501284,3659.8700000000003,291.90010315355283,-1.4722502505383914,-0.05371089744716506,-0.0552071513824721
2025-11-14,3230.13,3255.95,3068.0,3111.2,8107655.483,2025-11-14 23:59:59.999,25699714531.16107,16788043,3952775.054,12533282601.27943,0,2025-11-14,28.76731317938706,3617.8175,307.7158791700926,-1.646380750211344,-0.03681596968533685,-0.037510784387843735
2025-11-15,3111.2,3230.56,3109.16,3166.55,2382547.615,2025-11-15 23:59:59.999,7562768036.56531,5233565,1199624.502,3808048408.60312,0,2025-11-15,29.96587108241482,3568.3265,295.91148776681547,-1.357759048261784,0.017790563126767855,0.01763416329503484
2025-11-16,3166.56,3248.5,3001.01,3094.05,5514051.792,2025-11-16 23:59:59.999,17212970189.19971,9769735,2685448.444,8387684167.75581,0,2025-11-16,27.48929648324922,3517.1055,284.09756240224283,-1.489120485310648,-0.022895580363487045,-0.02316175482385931
2025-11-17,3094.04,3223.22,2958.0,3030.06,6720441.979,2025-11-17 23:59:59.999,20848106009.10493,12972230,3291215.866,10211876610.03888,0,2025-11-17,31.68901834010819,3469.7305,282.2675321388171,-1.5576375244736735,-0.020681630872157908,-0.020898491025156812
2025-11-18,3030.06,3169.28,2943.31,3122.2,6218662.842,2025-11-18 23:59:59.999,18980315506.87928,13026557,3112873.052,9506834150.4854,0,2025-11-18,43.90318673266437,3430.8215000000005,273.271070864292,-1.129360305223321,0.03040863877282951,0.02995546023500996
2025-11-19,3122.2,3125.05,2873.0,3024.09,7755927.867,2025-11-19 23:59:59.999,23272863365.89668,13129760,3756145.969,11273357564.66225,0,2025-11-19,34.62839529955694,3391.886,272.95724850143586,-1.3474491042800245,-0.031423355326372304,-0.031927661761257296
2025-11-20,3024.08,3063.0,2788.01,2832.97,8009557.115,2025-11-20 23:59:59.999,23455659763.16681,12951864,3868609.133,11324741263.58337,0,2025-11-20,32.57605961537068,3341.2135000000003,278.1555247902088,-1.827191821493854,-0.06319917727316327,-0.06528458846797675
2025-11-21,2832.96,2885.84,2620.0,2764.69,10727173.104,2025-11-21 23:59:59.999,29404535921.142,18266473,5263936.46,14434276409.42476,0,2025-11-21,24.769992389592574,3285.8410000000003,277.12941551974626,-1.8805329597459017,-0.0241019142454737,-0.024397118354704286
2025-11-22,2764.7,2798.0,2702.87,2769.06,2709820.893,2025-11-22 23:59:59.999,7433402072.25529,5561881,1360831.644,3733818434.39116,0,2025-11-22,25.678186261283827,3229.0539999999996,259.41945681199724,-1.7731669229935978,0.0015806473781869723,0.001579399469948744
2025-11-23,2769.06,2857.0,2766.87,2800.73,3288963.717,2025-11-23 23:59:59.999,9262309369.80448,6045121,1638877.336,4616345046.8418,0,2025-11-23,15.991948694712647,3188.983,260.6487614254699,-1.489563955250244,0.011437094176363072,0.011372185060369504
2025-11-24,2800.74,2986.98,2761.38,2952.19,6158375.151,2025-11-24 23:59:59.999,17629818981.86079,10158684,3124442.647,8946862344.75279,0,2025-11-24,26.086110094457908,3172.3285,264.78075588513815,-0.8313991674511877,0.05407875803808304,0.05266717032383028
2025-11-25,2952.18,2979.31,2855.0,2958.24,4774258.874,2025-11-25 23:59:59.999,13900856134.8333,8125337,2360308.097,6873883202.1706,0,2025-11-25,29.9115913555992,3149.0875,261.9996830226081,-0.7284264537966328,0.002049326093510162,0.0020472290892663315
2025-11-26,2958.24,3044.46,2887.09,3025.02,4273427.784,2025-11-26 23:59:59.999,12642800437.45882,6624304,2155302.965,6376376348.15385,0,2025-11-26,33.8698425353797,3134.6535,260.4006534932978,-0.42101852867593387,0.022574233327924853,0.02232320613129087
2025-11-27,3025.02,3070.0,2983.81,3013.8,2959023.537,2025-11-27 23:59:59.999,8948067808.55838,4596719,1475739.288,4463480546.8284,0,2025-11-27,39.51897360362806,3113.6255,251.7621635691106,-0.39650715812424714,-0.0037090663863378337,-0.0037159620292792988
2025-11-28,3013.81,3099.0,2992.1,3029.8,3878973.607,2025-11-28 23:59:59.999,11796891863.91637,5794744,1948605.739,5927214938.49761,0,2025-11-28,45.61913372944116,3095.112,243.05303973023004,-0.26871500999325554,0.005308912336585037,0.005294869740169194
2025-11-29,3029.8,3051.46,2960.01,2987.96,2258392.443,2025-11-29 23:59:59.999,6775926299.40963,3177060,1091553.426,3276297970.18338,0,2025-11-29,40.246633097768495,3065.4445,215.2001109243243,-0.36005789991087717,-0.013809492375734367,-0.01390573044197715
2025-11-30,2987.96,3052.21,2974.0,2990.02,1978839.3,2025-11-30 23:59:59.999,5970408807.45167,3026503,992675.164,2995416403.81468,0,2025-11-30,43.84503425670637,3036.6265,180.35835740853403,-0.258410537053353,0.0006894335934886087,0.0006891960433257977
2025-12-01,2990.02,2998.84,2718.07,2797.47,6741830.72,2025-12-01 23:59:59.999,18971589442.10295,10476924,3317461.906,9327662554.94863,0,2025-12-01,38.05576952703743,3005.684,164.145878009067,-1.2684692575009358,-0.06439756255811002,-0.06656463905758236
2025-12-02,2797.48,3034.94,2780.6,2994.63,5080990.853,2025-12-02 23:59:59.999,14815158458.2562,8158020,2578544.841,7514473874.82758,0,2025-12-02,44.08669936125044,2984.7425,133.18043012058578,0.0742413881006978,0.07047796759214586,0.06810524741790745
2025-12-03,2994.63,3216.53,2983.76,3187.07,5461248.054,2025-12-03 23:59:59.999,16873625293.15583,8723312,2840071.519,8782473468.66753,0,2025-12-03,56.947144075021306,2982.5899999999997,129.2971174425259,1.581473771763661,0.06426169510089719,0.062281314719912426
2025-12-04,3187.08,3239.27,3064.81,3132.01,5001099.111,2025-12-04 23:59:59.999,15859152719.01436,7753902,2434141.931,7721985985.18098,0,2025-12-04,64.41934923910739,2983.6305,130.46501819805962,1.1373125305876577,-0.017276056064033707,-0.01742702845219228
2025-12-05,3132.01,3192.72,2978.0,3020.38,5378728.01,2025-12-05 23:59:59.999,16628875832.68546,8370405,2611313.4,8075753333.68204,0,2025-12-05,61.834322265317645,2976.322,123.59185744767879,0.35647979494645465,-0.03564164865373998,-0.03629231968578767
2025-12-06,3020.38,3068.58,3011.0,3036.53,1618613.158,2025-12-06 23:59:59.999,4915211200.82418,2879281,818924.98,2487211526.758,0,2025-12-06,62.24600987116211,2973.4460000000004,121.35716990940408,0.519820955342758,0.005347009316708506,0.00533276481681334
2025-12-07,3036.53,3150.0,2903.75,3058.14,4316087.325,2025-12-07 23:59:59.999,13102163181.41413,6493338,2120089.62,6437585537.06868,0,2025-12-07,61.8949917283574,2974.85,122.20608034661424,0.681553649080011,0.007116675942605344,0.007091471912994137
2025-12-08,3058.14,3179.99,3038.76,3123.14,4298631.798,2025-12-08 23:59:59.999,13429694816.30503,7567429,2142741.698,6695783349.72163,0,2025-12-08,58.58570639345085,2974.897,122.26589936863009,1.21246398845069,0.021254749619049385,0.021032017971027536
2025-12-09,3123.15,3397.5,3089.01,3316.49,5589772.365,2025-12-09 23:59:59.999,18099810028.77385,8904592,2802759.32,9074961271.09343,0,2025-12-09,65.14350932070846,2989.517,144.00675993270175,2.2705392451910122,0.06190884814641673,0.06006808876550433
2025-12-10,3316.5,3446.12,3286.58,3322.79,4812014.096,2025-12-10 23:59:59.999,16131527898.00717,9399126,2376392.211,7969185345.62591,0,2025-12-10,63.26523339005853,3014.0080000000003,157.04319535183606,1.9662233649042318,0.0018995986720902192,0.0018977967161672273
2025-12-11,3322.8,3326.74,3142.92,3235.77,5182963.105,2025-12-11 23:59:59.999,16622839521.25866,9099788,2480302.599,7955252964.21677,0,2025-12-11,59.26287588572572,3037.562,152.95541836206746,1.2958547145470405,-0.026188835286009682,-0.02653787019966044
2025-12-12,3235.78,3264.78,3041.1,3083.34,4616717.641,2025-12-12 23:59:59.999,14523686590.13976,8017963,2235893.621,7034359465.41456,0,2025-12-12,52.00584444777462,3053.2760000000003,139.4680769887746,0.21556187372125032,-0.047107798143873,-0.04825349625248983
2025-12-13,3083.34,3135.0,3075.0,3113.01,1450299.521,2025-12-13 23:59:59.999,4503562083.13692,2455782,712686.33,2213440347.6542,0,2025-12-13,54.72803853512096,3068.8900000000003,126.59264845205172,0.3485194483209726,0.009622681896904073,0.00957667877363063
2025-12-14,3113.0,3128.65,3022.51,3062.02,2689994.308,2025-12-14 23:59:59.999,8301728632.29391,4452073,1333821.125,4117470566.30954,0,2025-12-14,52.62513125656283,3074.3815,123.61090261380475,-0.10000331474498478,-0.016379645423561184,-0.016515274896877354
2025-12-15,3062.01,3177.0,2890.51,2963.25,6080692.972,2025-12-15 23:59:59.999,18458624279.93705,10131146,3007279.222,9137044742.49783,0,2025-12-15,56.488047715211586,3074.632,123.36798973204449,-0.9028436002071686,-0.03225648428161798,-0.032788189915329315
2025-12-16,2963.25,2982.1,2870.0,2960.84,4501415.709,2025-12-16 23:59:59.999,13217875098.26135,8979194,2137006.897,6277543083.12337,0,2025-12-16,48.43973661608932,3071.4230000000002,125.54195608598042,-0.8808449656803552,-0.0008132962119293818,-0.0008136271167214589
2025-12-17,2960.83,3030.0,2789.52,2832.0,5886093.565,2025-12-17 23:59:59.999,17109213289.76786,10384645,2884597.105,8387273599.50242,0,2025-12-17,32.58145855204418,3062.333,136.07375570081751,-1.6927070088844198,-0.0435146782669783,-0.04448983602927789
2025-12-18,2831.99,2997.05,2772.97,2827.3,6355841.595,2025-12-18 23:59:59.999,18285465909.39752,11498172,3199267.97,9201599881.04937,0,2025-12-18,34.27498013149338,3052.2079999999996,145.8075651997285,-1.5424988387393925,-0.0016596045197739828,-0.0016609831889298635
2025-12-19,2827.32,3017.99,2806.15,2978.33,5024441.542,2025-12-19 23:59:59.999,14783267707.48895,9819037,2571762.093,7566291843.36286,0,2025-12-19,47.914745058367295,3051.7264999999998,146.04660248575098,-0.5025553402186179,0.053418455770523066,0.0520405481059317
2025-12-20,2978.34,2992.97,2965.28,2976.54,1037932.071,2025-12-20 23:59:59.999,3091907124.40667,1794190,496474.727,1479159541.75933,0,2025-12-20,46.98212111760621,3051.0525000000002,146.3770948387091,-0.5090448070588132,-0.0006010079474068064,-0.0006011886250793344
2025-12-21,2976.55,3011.99,2943.0,3000.62,1880938.477,2025-12-21 23:59:59.999,5603772651.19481,3361816,942601.732,2809294042.57813,0,2025-12-21,47.113551054818444,3061.21,134.4138700158247,-0.45077193293271606,0.008089929918630334,0.008057381858766758
2025-12-22,3000.61,3077.99,2961.0,3008.49,4028005.767,2025-12-22 23:59:59.999,12186700742.80464,7635016,2056349.644,6222531204.31329,0,2025-12-22,43.89672611125898,3061.9030000000002,134.08786938735938,-0.39834326732195635,0.0026227912898000305,0.0026193577750098793
2025-12-23,3008.5,3035.0,2899.3,2963.29,4025936.154,2025-12-23 23:59:59.999,11896188689.51685,6847882,2004633.796,5925617669.95075,0,2025-12-23,27.67665276197698,3050.7140000000004,132.41987628671475,-0.660203003140635,-0.015024148326901465,-0.015138154178492146
2025-12-24,2963.29,2976.48,2886.75,2946.23,2622651.93,2025-12-24 23:59:59.999,7687832001.93483,4466930,1339477.715,3927472790.65745,0,2025-12-24,26.51959194871921,3041.425,132.93203750313972,-0.7161178131927133,-0.005757114558480603,-0.005773750623716538
2025-12-25,2946.23,2969.99,2888.88,2902.32,1833895.842,2025-12-25 23:59:59.999,5381555216.75797,2958944,912375.033,2677647300.18663,0,2025-12-25,28.026359143327838,3035.522,136.48944553758417,-0.9759142875506871,-0.014903792304063135,-0.015015969791971166
2025-12-26,2902.32,2994.0,2892.72,2926.82,3511943.959,2025-12-26 23:59:59.999,10338553279.60866,5553736,1766906.235,5202145877.29267,0,2025-12-26,37.593925366982646,3030.0364999999997,138.6345632940648,-0.7445221274370215,0.008441522643953814,0.008406092243064961
2025-12-27,2926.83,2959.84,2914.63,2947.61,899512.695,2025-12-27 23:59:59.999,2636507869.6153,1352404,447307.621,1311245258.39815,0,2025-12-27,36.70289738559987,3024.5099999999998,139.65460736364525,-0.5506442032360629,0.007103272493696133,0.007078163089476811
2025-12-28,2947.61,2959.99,2922.84,2949.6,1156340.657,2025-12-28 23:59:59.999,3400543807.9755,1882393,563046.755,1656078988.37126,0,2025-12-28,40.18919956714487,3015.8329999999996,138.59114470457857,-0.4779021065247873,0.000675123235434727,0.0006748954422630911
2025-12-29,2949.6,3056.0,2908.58,2936.45,4975460.686,2025-12-29 23:59:59.999,14777756623.34557,7102902,2503963.457,7437437095.79113,0,2025-12-29,47.25026676516455,2996.831,120.00616461796778,-0.503149152314129,-0.004458231624627107,-0.00446819917536902
2025-12-30,2936.45,3008.67,2917.48,2972.22,3160478.075,2025-12-30 23:59:59.999,9386429031.82699,4897272,1569781.659,4662351274.18345,0,2025-12-30,51.092801720826586,2979.3025000000002,92.29232070893532,-0.07673986248906559,0.012181375470381006,0.012107779579536649
2025-12-31,2972.23,3027.73,2957.59,2970.4,2411514.797,2025-12-31 23:59:59.999,7193092989.15502,3583480,1225250.687,3654995109.2056,0,2025-12-31,67.57862114515072,2966.034,69.82014144627406,0.0625320990413573,-0.0006123369064200412,-0.0006125244612319203
2026-01-01,2970.4,3008.56,2970.0,3002.49,1078103.921,2026-01-01 23:59:59.999,3220483557.50709,1630690,550885.733,1645834079.99837,0,2026-01-01,70.80394252464082,2961.9915,64.83326674306706,0.6246561685761485,0.010803258820360817,0.010745320527853442
2026-01-02,3002.5,3149.0,2990.67,3123.89,4632283.725,2026-01-02 23:59:59.999,14228422818.66765,6758855,2432922.278,7473068821.19214,0,2026-01-02,68.59383782126622,2962.5355,66.19839213144236,2.4374383546902054,0.04043310718770088,0.03963707568131587
2026-01-03,3123.88,3135.0,3074.52,3125.47,1466597.6,2026-01-03 23:59:59.999,4554177757.17688,2161378,732141.212,2273579378.51877,0,2026-01-03,69.03453388205827,2965.708,72.44290155192515,2.205350649649042,0.0005057796529326364,0.0005056517895159691
2026-01-04,3125.46,3165.99,3115.0,3143.32,1887902.79,2026-01-04 23:59:59.999,5929565719.6933,2979127,961167.329,3019537463.90454,0,2026-01-04,68.53343030806803,2974.7115000000003,82.59929471311547,2.0412825628307387,0.00571114104438708,0.005694894307293242
2026-01-05,3143.33,3266.0,3131.47,3223.71,4530955.5,2026-01-05 23:59:59.999,14424880063.24923,6670366,2232185.506,7108904731.95913,0,2026-01-05,73.5213114754099,2987.855,99.46780195779309,2.3711693166807866,0.02557486988279911,0.025253304039684305
2026-01-06,3223.72,3308.0,3180.71,3295.46,4587035.481,2026-01-06 23:59:59.999,14910247560.18325,6400806,2313597.952,7521324645.53855,0,2026-01-06,84.31153806424962,3011.028,114.14979201400793,2.491743480050284,0.02225696480142436,0.022012893446961078
2026-01-07,3295.46,3295.79,3123.01,3167.52,4540326.148,2026-01-07 23:59:59.999,14508108836.34791,6023266,2236762.783,7143624613.66279,0,2026-01-07,68.59798631771807,3028.0389999999998,110.62492604338584,1.2608460406590225,-0.03882310815485546,-0.03959681635227309
2026-01-08,3167.53,3183.68,3052.43,3105.45,4244975.433,2026-01-08 23:59:59.999,13204555285.32681,6093127,2089609.996,6502261518.04549,0,2026-01-08,66.56608328304162,3034.395,111.26855007971247,0.6385901492299149,-0.01959577208667984,-0.019790314900391008
2026-01-09,3105.44,3148.0,3056.79,3087.15,3688956.785,2026-01-09 23:59:59.999,11437273391.87188,5807706,1848776.518,5732705819.72973,0,2026-01-09,63.209148280578034,3039.9255,110.99010740530677,0.42548386612104777,-0.005892865768246103,-0.0059102972162513165
2026-01-10,3087.16,3102.75,3077.08,3085.47,690476.319,2026-01-10 23:59:59.999,2133355612.35137,1071426,343282.457,1060720669.43963,0,2026-01-10,61.72717683487017,3044.168,111.03026565097365,0.3719886623511604,-0.0005441912443516772,-0.0005443393701485039
2026-01-11,3085.47,3147.0,3083.23,3122.0,1514111.583,2026-01-11 23:59:59.999,4715974738.78988,2132706,764318.012,2381095642.09964,0,2026-01-11,63.85139478082016,3049.8435,112.00736640600938,0.6442120935014568,0.01183936320884671,0.01176982625894701
2026-01-12,3122.0,3170.88,3061.35,3093.84,3879346.739,2026-01-12 23:59:59.999,12097803440.06908,5697955,1873635.665,5843077274.56559,0,2026-01-12,62.3476064205357,3056.371,110.49157409646836,0.3391118309825733,-0.00901985906470204,-0.009060784272418248
2026-01-13,3093.85,3383.63,3090.18,3324.69,4721555.817,2026-01-13 23:59:59.999,15083497161.28831,6720342,2508370.062,8021329958.94001,0,2026-01-13,71.17165819728261,3075.2940000000003,122.40180130253393,2.0375190344101317,0.07461601117058403,0.0719633988578146
2026-01-14,3324.68,3403.77,3280.0,3353.27,4884153.834,2026-01-14 23:59:59.999,16313326709.51153,7698663,2426903.605,8108771379.77599,0,2026-01-14,72.28138785106556,3097.8415,130.15065664047685,1.9625602097850785,0.008596290180437949,0.008559552466570787
2026-01-15,3353.28,3383.07,3266.0,3317.0,4131982.824,2026-01-15 23:59:59.999,13732434224.8674,6747187,2039698.931,6781589808.15577,0,2026-01-15,68.21451323333527,3117.3505,132.3899241067843,1.5080415020025606,-0.010816307663862434,-0.010875229180292023
2026-01-16,3317.0,3325.34,3251.42,3294.77,2550182.156,2026-01-16 23:59:59.999,8390347154.81726,4174866,1234592.198,4062422043.96325,0,2026-01-16,61.18061189772044,3134.7084999999997,131.72031503290853,1.215161837109265,-0.00670183901115462,-0.006724397178180048
2026-01-17,3294.77,3328.36,3282.39,3308.87,1148627.857,2026-01-17 23:59:59.999,3798184016.12259,1576756,598226.674,1978355245.1791,0,2026-01-17,61.806360242049706,3152.672,129.62860127870732,1.2049655589831378,0.004279509647107327,0.004270378587400252
2026-01-18,3308.86,3367.98,3277.42,3282.77,1816518.47,2026-01-18 23:59:59.999,6038375566.59079,2658487,904733.798,3008560818.66779,0,2026-01-18,58.882731384164586,3169.988,122.1398185687229,0.9233843747405152,-0.007887889218978095,-0.007919163182743286
2026-01-19,3282.77,3283.2,3165.0,3188.01,3565887.7,2026-01-19 23:59:59.999,11448614199.2606,5321611,1675225.09,5377676503.53394,0,2026-01-19,47.766851824050455,3180.7774999999997,112.93428801392056,0.06404166641674874,-0.028865866326303613,-0.029290680505482527
2026-01-20,3188.01,3199.73,2910.0,2938.24,5863217.618,2026-01-20 23:59:59.999,17955207599.30427,8126065,2777012.404,8511074018.67183,0,2026-01-20,31.72488591483004,3179.1695,116.26714879625781,-2.0722061433036085,-0.07834668021743985,-0.08158613504724435
2026-01-21,2938.25,3069.34,2864.29,2980.66,6529694.517,2026-01-21 23:59:59.999,19336222914.1736,9670117,3207296.315,9500387581.38072,0,2026-01-21,39.52367069588033,3178.078,118.10109325221778,-1.671601799471851,0.014437214114572106,0.014333989866413247
2026-01-22,2980.67,3037.49,2904.11,2951.21,3511036.223,2026-01-22 23:59:59.999,10424393737.03718,6462621,1715504.129,5093717871.42792,0,2026-01-22,41.02420856610802,3169.444,128.15519524142965,-1.7028884360783982,-0.009880362067461457,-0.009929496758335415
2026-01-23,2951.21,3020.45,2890.2,2955.08,3421101.166,2026-01-23 23:59:59.999,10092253959.87801,6487691,1709424.251,5043879876.57048,0,2026-01-23,42.18307941806645,3160.9245,136.61661713966078,-1.5067310573908366,0.0013113265406392571,0.0013104675028951518
2026-01-24,2955.08,2968.75,2942.0,2952.09,782585.277,2026-01-24 23:59:59.999,2314502464.82381,1450206,377606.015,1116878452.98185,0,2026-01-24,42.11776664145236,3151.363,144.38460805486932,-1.3801540391637284,-0.0010118169389660148,-0.0010123291712777068
2026-01-25,2952.09,2959.27,2784.15,2815.49,3639269.207,2026-01-25 23:59:59.999,10425054712.51541,5810665,1687751.135,4836294975.52802,0,2026-01-25,33.80225122866352,3130.952,161.463013708371,-1.9537725250798128,-0.04627230199621302,-0.04737708013913608
2026-01-26,2815.49,2950.0,2810.72,2928.9,5212624.57,2026-01-26 23:59:59.999,15094744589.38012,8044766,2802617.161,8116393860.55911,0,2026-01-26,42.00407213496218,3112.624,162.60698633272327,-1.1298653529195062,0.04028073266109988,0.039490611978373946
2026-01-27,2928.89,3034.99,2898.89,3024.92,3892928.818,2026-01-27 23:59:59.999,11504547925.70945,6647131,2022330.4,5977328793.62834,0,2026-01-27,33.282398474184944,3105.494,163.19850535951238,-0.49371775692738373,0.032783638908805424,0.03225771893450563
2026-01-28,3024.92,3045.0,2981.7,3009.36,2975250.747,2026-01-28 23:59:59.999,8965143376.7394,5684336,1483072.779,4469744864.19777,0,2026-01-28,30.538169882858924,3100.6895,164.6082063719783,-0.5548295678139841,-0.0051439376909141465,-0.00515721328384897
2026-01-29,3009.36,3012.04,2752.5,2821.0,5756506.007,2026-01-29 23:59:59.999,16464783136.19275,8707224,2739649.807,7836657320.26238,0,2026-01-29,26.053454868487137,3087.382,176.11636071523446,-1.5125340934719724,-0.06259138155621136,-0.06463599954839587
2026-01-30,2821.0,2827.27,2634.63,2705.66,7083805.908,2026-01-30 23:59:59.999,19303148891.17319,13377207,3447110.945,9396541762.27039,0,2026-01-30,23.904318936877075,3068.3915,195.71968750378272,-1.8533214753522929,-0.040886210563629954,-0.0417455568764848
2026-01-31,2705.66,2713.43,2202.4,2450.38,9597331.925,2026-01-31 23:59:59.999,23874988096.82025,15242773,4537687.474,11300125958.94725,0,2026-01-31,18.666647200951886,3034.8105,238.893105041937,-2.4464100790912524,-0.09435036183408108,-0.09910276057300038
2026-02-01,2450.38,2474.98,2218.0,2269.04,7484600.303,2026-02-01 23:59:59.999,17587227056.44762,15343395,3621938.814,8511786082.5011,0,2026-02-01,16.766655520368232,2993.5705,293.18878612638247,-2.471208089410631,-0.07400484822762188,-0.07688628001664209
2026-02-02,2269.03,2395.4,2156.0,2345.55,9776544.584,2026-02-02 23:59:59.999,22274496868.95568,21225095,4894431.298,11156161072.67812,0,2026-02-02,22.04695670639451,2944.6135000000004,315.860421376858,-1.8966083100523954,0.03371910587737559,0.03316308142176008
2026-02-03,2345.56,2358.6,2103.4,2232.23,10848208.477,2026-02-03 23:59:59.999,24435647737.9596,18298062,5328592.483,12012573775.36765,0,2026-02-03,24.24204834837687,2888.5615,338.20282703345094,-1.9406446296059003,-0.04831276246509353,-0.04951883017038105
2026-02-04,2232.23,2295.0,2073.68,2147.01,10585464.616,2026-02-04 23:59:59.999,23038086218.26108,18763359,5281668.439,11498333764.81937,0,2026-02-04,20.50634344463552,2830.062,360.63811435024706,-1.8940094594012558,-0.038177069567204014,-0.038924909257459984
2026-02-05,2147.01,2173.0,1813.44,1824.95,16655460.741,2026-02-05 23:59:59.999,33321590705.23254,30866560,8049874.509,16113378237.05663,0,2026-02-05,16.988885501911057,2756.5710000000004,407.6515027750207,-2.285336846934559,-0.1500039589941361,-0.16252358714878187
2026-02-06,1824.94,2095.1,1736.02,2062.54,12992141.928,2026-02-06 23:59:59.999,25258713376.55576,24473508,6640521.476,12925129506.94576,0,2026-02-06,26.991647762425245,2694.2545,413.9916809928805,-1.5259110967760334,0.13018986821556755,0.12238564357916386
2026-02-07,2062.55,2125.0,1993.34,2085.93,9242436.501,2026-02-07 23:59:59.999,18982825602.80097,14846160,4560350.068,9376401605.46093,0,2026-02-07,27.904081632653075,2634.4125,410.9347515741523,-1.3347191930080111,0.01134038612584476,0.011276565990517542
2026-02-08,2085.94,2152.0,2065.28,2088.6,4555179.279,2026-02-08 23:59:59.999,9588863227.21854,8396008,2300498.391,4844401866.70309,0,2026-02-08,30.096874709074697,2579.442,406.49244226287396,-1.2075058450473681,0.0012800046022638512,0.001279186094760738
2026-02-09,2088.59,2148.0,2008.0,2103.96,6112389.381,2026-02-09 23:59:59.999,12673818355.94872,11525138,3048461.161,6321473103.35802,0,2026-02-09,26.13048460087269,2537.728,410.5216180165677,-1.0566264502603957,0.007354208560758524,0.00732729822458919
2026-02-10,2103.96,2123.7,1983.77,2021.51,5719539.726,2026-02-10 23:59:59.999,11602593984.76758,9802708,2790541.824,5660614178.86517,0,2026-02-10,20.736679401557353,2489.7704999999996,412.0759899961518,-1.1363450221993583,-0.039188007376566136,-0.03997652637978017
2026-02-11,2021.51,2031.0,1901.22,1940.07,7001716.607,2026-02-11 23:59:59.999,13695963301.93003,12640258,3519180.736,6884902121.24899,0,2026-02-11,19.96933152842452,2439.2135000000003,414.50349701114214,-1.2041961131791923,-0.040286716365489195,-0.04112070200961338
2026-02-12,1940.07,2000.9,1893.77,1947.15,5249452.151,2026-02-12 23:59:59.999,10231781788.6413,10345221,2609494.857,5087474058.17995,0,2026-02-12,22.67596385353805,2388.817,409.7278897807692,-1.0779520042834287,0.0036493528584020662,0.003642710126469422
2026-02-13,1947.15,2073.0,1923.29,2047.6,4756924.94,2026-02-13 23:59:59.999,9498998511.64008,8579905,2404757.384,4802449578.41267,0,2026-02-13,29.230002019997983,2343.5925,393.89481565346256,-0.7514506112728482,0.05158821867858143,0.05030161057631493
2026-02-14,2047.6,2107.02,2041.0,2085.43,2551809.818,2026-02-14 23:59:59.999,5299908435.22112,4301549,1305650.134,2712017058.27407,0,2026-02-14,36.648594068968535,2307.0894999999996,381.49433574430776,-0.5810295965929216,0.018475288142215218,0.018306693397947375
2026-02-15,2085.43,2102.73,1926.83,1965.47,5263088.682,2026-02-15 23:59:59.999,10617145861.75579,8339584,2575462.204,5196457064.32553,0,2026-02-15,38.37190595481603,2258.918,359.00933520481135,-0.8173826450295251,-0.057522908944438234,-0.059243666527729
2026-02-16,1965.48,2023.3,1935.39,1997.35,4222483.641,2026-02-16 23:59:59.999,8341029821.68136,7420307,2104499.653,4157999565.94141,0,2026-02-16,36.190211787102385,2207.5395,314.3690507981445,-0.6686074836767633,0.01622003897286639,0.01608989949976327
2026-02-17,1997.36,2014.91,1940.01,1990.68,4415263.662,2026-02-17 23:59:59.999,8740794927.86932,7923955,2217249.233,4389362758.35195,0,2026-02-17,39.534682206143586,2156.6054999999997,254.42986659493258,-0.6521463152915252,-0.0033394247377774855,-0.003345013061225884
2026-02-18,1990.68,2038.27,1921.64,1954.77,4947193.478,2026-02-18 23:59:59.999,9786269452.38242,7403537,2504585.34,4957648733.26881,0,2026-02-18,41.29931024494451,2113.294,204.13571080350326,-0.7765618243668877,-0.018039062029055475,-0.018203749452499505
2026-02-19,1954.77,1986.91,1905.5,1948.15,4169323.203,2026-02-19 23:59:59.999,8097564341.846,7059258,2020517.026,3924376545.08418,0,2026-02-19,57.80438363106551,2075.4185,152.08037571155214,-0.8368502471442324,-0.003386587680392017,-0.003392335148321948
2026-02-20,1948.15,1980.73,1921.53,1967.85,4614697.353,2026-02-20 23:59:59.999,9019949198.26163,7103706,2302403.698,4501055968.76875,0,2026-02-20,41.714355716560775,2051.2920000000004,125.39904064934905,-0.6654117891804909,0.01011215768806295,0.010061371903786335
2026-02-21,1967.85,1996.64,1955.07,1972.54,1952314.278,2026-02-21 23:59:59.999,3860156024.46838,2752421,1002962.087,1983343231.87349,0,2026-02-21,39.74236036981419,2036.467,115.4318076249627,-0.5538074930585736,0.0023833117361586886,0.0023804761532345317
2026-02-22,1972.54,1982.83,1933.0,1957.01,2181545.112,2026-02-22 23:59:59.999,4271790660.05216,2904372,1081949.056,2118809476.19112,0,2026-02-22,38.36660360344431,2017.0399999999997,90.72761124427605,-0.6616508378951397,-0.007873097630466286,-0.007904254103328909
2026-02-23,1957.0,1957.58,1836.06,1855.47,6596823.284,2026-02-23 23:59:59.999,12433371157.59701,9342545,3250580.919,6126596895.0955,0,2026-02-23,30.93670886075948,1998.2019999999998,82.42994260511006,-1.7315552515155022,-0.05188527396385301,-0.05327976502385525
2026-02-24,1855.47,1868.94,1796.0,1851.09,5451865.185,2026-02-24 23:59:59.999,9999540421.71525,8649959,2639332.981,4842644519.51481,0,2026-02-24,35.146771719425445,1983.4060000000002,80.85689134440898,-1.636422051354928,-0.002360587883393439,-0.002363378463442339
2026-02-25,1851.1,2149.95,1845.7,2056.5,8508406.312,2026-02-25 23:59:59.999,16923300053.31844,11251060,4442075.658,8837340537.73721,0,2026-02-25,58.34444205547196,1994.9834999999998,73.18777560234048,0.840529712697443,0.11096705184512912,0.10523085391272174
2026-02-26,2056.51,2083.09,1973.49,2026.71,5317905.842,2026-02-26 23:59:59.999,10826829011.89361,8529680,2713240.909,5523397702.27056,0,2026-02-26,55.52223888055972,1993.1920000000002,71.87381490821693,0.46634508051092577,-0.014485776805251649,-0.014591720028011113
2026-02-27,2026.7,2063.71,1885.0,1928.5,5765278.24,2026-02-27 23:59:59.999,11360747390.93571,8779410,2856772.793,5628273667.20966,0,2026-02-27,41.70751406450175,1985.3205000000003,69.77277711285024,-0.8143648905947802,-0.0484578454736988,-0.049671289994185235
2026-02-28,1928.51,1984.22,1834.06,1963.48,6413987.498,2026-02-28 23:59:59.999,12172091189.72073,10065570,3207546.163,6090919764.31046,0,2026-02-28,41.47524710948314,1979.0644999999997,65.50378442050369,-0.2379175514494628,0.01813844957220634,0.0179759104253664
2026-03-01,1963.48,2054.67,1905.91,1938.57,6813284.796,2026-03-01 23:59:59.999,13519048482.19929,10492396,3420125.855,6792131900.58323,0,2026-03-01,47.83141465931443,1970.7949999999996,59.026040506554416,-0.5459454797145225,-0.012686658382056404,-0.012767821219994738
2026-03-02,1938.58,2089.0,1916.0,2026.69,7122677.456,2026-03-02 23:59:59.999,14218087624.82057,12411033,3613387.496,7215462734.41631,0,2026-03-02,52.16864263962393,1971.054,59.27114052331065,0.9386693002494018,0.04545618677685104,0.04445333253006766
2026-03-03,2026.69,2041.22,1926.32,1981.85,6737214.335,2026-03-03 23:59:59.999,13311839797.91763,12022290,3354149.951,6629058145.81446,0,2026-03-03,49.382197780669706,1973.1429999999996,58.85645375324399,0.14793619806766614,-0.022124745274314295,-0.022373168487921338
2026-03-04,1981.85,2199.47,1943.4,2125.98,8276703.768,2026-03-04 23:59:59.999,17205720013.14975,13863238,4239212.719,8817506708.3719,0,2026-03-04,60.40347572461566,1982.0845000000002,67.62982248385201,2.12769300162451,0.07272497918611398,0.07020212062412001
2026-03-05,2125.97,2163.0,2053.3,2072.18,5635437.004,2026-03-05 23:59:59.999,11861681490.81004,10037289,2823371.812,5944437738.57469,0,2026-03-05,57.12791512936334,1983.3134999999997,69.09062487043248,1.2862309490854056,-0.025305976537879138,-0.02563167932687906
2026-03-06,2072.17,2092.39,1954.25,1977.66,5122007.554,2026-03-06 23:59:59.999,10349061522.8241,9005774,2522946.204,5097452486.50392,0,2026-03-06,50.51913002063821,1977.925,64.77501073543893,-0.004091083845315198,-0.04561379802912868,-0.04668686558408727
2026-03-07,1977.66,1995.74,1946.87,1968.39,2177663.083,2026-03-07 23:59:59.999,4301277162.0393,3350036,1094300.459,2162160323.22245,0,2026-03-07,49.78144781605807,1978.071,64.7487456410703,-0.14951640999604368,-0.004687357786474888,-0.004698377898273866
2026-03-08,1968.39,1979.03,1906.63,1935.97,4103521.455,2026-03-08 23:59:59.999,7982197268.9374,6546563,1954587.952,3804165486.62995,0,2026-03-08,48.91133371967879,1975.002,65.23965548964655,-0.5982864211506184,-0.016470313301733985,-0.016607456861988924
2026-03-09,1935.98,2052.83,1928.2,1992.28,6267966.906,2026-03-09 23:59:59.999,12539756488.37013,10996535,3193480.19,6388443226.79926,0,2026-03-09,57.42652726660803,1975.0819999999999,65.26087000393827,0.26352698024041443,0.02908619451747696,0.02867121866690064
2026-03-10,1992.28,2088.0,1990.23,2035.39,6003913.771,2026-03-10 23:59:59.999,12290103291.4013,9614232,3009618.087,6160625403.76515,0,2026-03-10,59.6007584755475,1979.113,66.41977361716309,0.8472928607732846,0.02163852470536276,0.02140773519096393
2026-03-11,2035.38,2084.98,2005.9,2050.99,4590062.81,2026-03-11 23:59:59.999,9391004123.01922,7516154,2295144.824,4696628397.81484,0,2026-03-11,49.64221243879948,1984.2549999999999,67.86167537128276,0.9833974719144698,0.007664378816836015,0.007635156683533632
2026-03-12,2050.98,2094.57,2016.17,2072.6,5389229.449,2026-03-12 23:59:59.999,11084558370.7927,7445593,2753080.599,5664369654.42117,0,2026-03-12,53.011826785503324,1989.4924999999998,70.51913498243663,1.1785099182044516,0.01053637511640737,0.010481254360027404
2026-03-13,2072.6,2209.49,2069.1,2091.01,7769112.85,2026-03-13 23:59:59.999,16564573013.01872,10343288,4066438.286,8673942601.30955,0,2026-03-13,61.91369881090275,1995.416,73.91413157375777,1.293311549018316,0.008882562964392715,0.008843345067846236
2026-03-14,2091.0,2105.75,2060.09,2095.27,2147825.724,2026-03-14 23:59:59.999,4470800618.03992,2647780,1062461.14,2211838501.01394,0,2026-03-14,60.11730205278592,2002.3290000000002,76.55156060142335,1.214096737804085,0.0020372929828167408,0.002035220515805458
2026-03-15,2095.28,2202.87,2081.59,2177.73,3897654.309,2026-03-15 23:59:59.999,8294757906.69499,4977724,2073499.08,4415129264.33424,0,2026-03-15,66.86933950286374,2018.4420000000002,77.91630351647525,2.0443474961093173,0.039355309816873296,0.03860062653245185
2026-03-16,2177.73,2385.78,2163.32,2351.66,9230354.53,2026-03-16 23:59:59.999,21037410008.44173,11793444,4925316.48,11226834391.4868,0,2026-03-16,70.4468521524658,2043.4705,98.9010893705009,3.11613857806427,0.07986756852318688,0.07683841187967848
2026-03-17,2351.66,2377.0,2292.57,2316.45,5494951.391,2026-03-17 23:59:59.999,12798423454.3513,8881527,2757326.884,6423881754.65163,0,2026-03-17,71.31101599918475,2056.468,116.2611451408485,2.236189912674918,-0.014972402473146684,-0.015085620408779511
2026-03-18,2316.45,2349.99,2150.7,2201.95,7125002.425,2026-03-18 23:59:59.999,15946554139.76757,9062895,3473395.493,7772918663.95192,0,2026-03-18,55.0283951761295,2065.23,120.42915462710178,1.1352732685315376,-0.04942908329556006,-0.050692509942629936
2026-03-19,2201.96,2232.64,2098.02,2136.56,6232708.908,2026-03-19 23:59:59.999,13404580257.13115,9104892,3061599.394,6586336323.04462,0,2026-03-19,54.19687092568449,2075.633,116.93202528769751,0.5210463074602224,-0.029696405458797814,-0.030146272390907912
2026-03-20,2136.56,2175.64,2114.2,2145.08,4465173.651,2026-03-20 23:59:59.999,9555696884.78175,7061357,2268865.496,4856815446.48977,0,2026-03-20,62.29221732745961,2084.713,114.7960513303517,0.5258630353606849,0.0039877185756542755,0.003979788700351632
2026-03-21,2145.08,2168.0,2068.78,2083.37,1888068.546,2026-03-21 23:59:59.999,4037233128.04885,2411471,888121.985,1900816521.21902,0,2026-03-21,57.838405322862116,2091.9530000000004,109.53975721886164,-0.07835511249903183,-0.02876815783094333,-0.02919007279647413
2026-03-22,2083.37,2126.38,2024.11,2052.85,4214366.298,2026-03-22 23:59:59.999,8755069596.9334,6323630,2101302.282,4367009229.66785,0,2026-03-22,57.988626732646196,2093.261,108.87360561190022,-0.3711735252348712,-0.014649342171577762,-0.014757703366875747
2026-03-23,2052.86,2199.0,2021.58,2151.01,8293509.298,2026-03-23 23:59:59.999,17619801746.33515,12333946,4258765.728,9049710900.43723,0,2026-03-23,60.261963563014795,2101.719,106.303329348213,0.46368256104698163,0.047816450300801394,0.046708427716804904
2026-03-24,2151.0,2174.71,2102.0,2155.29,4711394.096,2026-03-24 23:59:59.999,10082660787.98355,7702596,2369780.263,5072610311.10331,0,2026-03-24,58.161348290132864,2103.1845,106.85599283609855,0.4876235634244897,0.001989762948568119,0.001987785992287567
2026-03-25,2155.3,2200.11,2142.66,2168.0,4267494.054,2026-03-25 23:59:59.999,9270182769.24928,6065954,2140044.957,4649320397.63302,0,2026-03-25,57.996091133981174,2107.9754999999996,107.53862397805572,0.5581668965026837,0.00589711825322814,0.005879798309860689
2026-03-26,2168.0,2171.32,2033.22,2059.17,5445914.451,2026-03-26 23:59:59.999,11368507473.74588,6638114,2654550.338,5539904474.93557,0,2026-03-26,49.1799875441146,2112.0510000000004,103.82024206335541,-0.5093515382841252,-0.050198339483394805,-0.051502094588368824
2026-03-27,2059.18,2076.43,1966.2,1991.58,5023322.317,2026-03-27 23:59:59.999,10101163807.7313,6626013,2428229.644,4883007517.35101,0,2026-03-27,44.272927298489726,2113.2105,102.24894818524278,-1.1895525788651067,-0.03282390477716757,-0.03337469543070738
2026-03-28,1991.57,2049.36,1981.52,1993.48,2477055.928,2026-03-28 23:59:59.999,4978655148.31765,2884656,1235276.161,2483428844.76272,0,2026-03-28,44.12101050005198,2116.0860000000002,97.71007826049834,-1.254793795918662,0.0009540164090822145,0.0009535616246527038
2026-03-29,1993.48,2019.0,1936.54,1983.44,2832513.215,2026-03-29 23:59:59.999,5632789978.94481,3674189,1344946.191,2675431003.75247,0,2026-03-29,37.75416304251913,2115.6440000000002,98.31770651680873,-1.3446611468443697,-0.005036418725043679,-0.0050491442271163225
2026-03-30,1983.45,2086.99,1978.7,2025.69,5457974.968,2026-03-30 23:59:59.999,11154426747.31524,7021738,2834686.654,5792424690.43356,0,2026-03-30,25.365396532700558,2115.1589999999997,98.75737680102719,-0.9059475139792191,0.021301375388214305,0.02107767230444063
2026-03-31,2025.69,2124.51,2011.25,2104.49,6430786.319,2026-03-31 23:59:59.999,13300070169.22609,8922485,3296858.567,6820374449.57124,0,2026-03-31,34.97163925127623,2117.834,97.6460914893495,-0.13665677546812524,0.03890032532124832,0.03816277423439838
2026-04-01,2104.48,2167.2,2081.19,2138.8,4726113.806,2026-04-01 23:59:59.999,10067911831.45104,6583483,2425453.274,5167276340.46841,0,2026-04-01,44.948080830706736,2121.144,97.15282613105866,0.1817342912514202,0.01630323736392203,0.01617176659774018
2026-04-02,2138.8,2158.42,2015.55,2055.96,5764960.393,2026-04-02 23:59:59.999,11903711089.64816,7344728,2815460.645,5813269693.93574,0,2026-04-02,43.72723593686768,2119.3914999999997,98.03711210685316,-0.6470151826877976,-0.03873199925191706,-0.03950203194169505
2026-04-03,2055.97,2084.02,2038.35,2052.92,2137709.797,2026-04-03 23:59:59.999,4392715659.63013,3011064,1099286.347,2259310521.26145,0,2026-04-03,42.76586392037428,2117.2740000000003,99.03778361386328,-0.6497924090356159,-0.0014786279888713283,-0.0014797222380273673
2026-04-04,2052.93,2083.36,2043.0,2064.43,1306192.46,2026-04-04 23:59:59.999,2687646711.06367,1497206,673349.104,1385754496.89487,0,2026-04-04,48.386107229285244,2111.609,98.63726342401192,-0.47830807914035245,0.005606648091498911,0.005590989341557248
2026-04-05,2064.43,2123.23,2020.61,2109.35,3133077.468,2026-04-05 23:59:59.999,6446862526.47206,3563921,1579652.179,3252802372.75608,0,2026-04-05,54.6990917861539,2099.4935,80.88386692782953,0.12185990079819695,0.021759032759647967,0.021525683902397657
2026-04-06,2109.36,2174.41,2086.29,2106.14,5140998.259,2026-04-06 23:59:59.999,10984437823.35124,6599996,2638951.995,5639865278.88083,0,2026-04-06,45.56821997906086,2088.978,62.85502823740541,0.2730410037392457,-0.0015217958138763477,-0.0015229549212249715
2026-04-07,2106.14,2273.0,2058.01,2239.14,6881146.135,2026-04-07 23:59:59.999,14671800400.10454,8873842,3543748.771,7560301741.85585,0,2026-04-07,56.60288211670209,2090.8375,66.79943884682991,2.220115955465661,0.06314869856704686,0.06123497534062964
2026-04-08,2239.14,2269.65,2177.77,2188.87,5066512.92,2026-04-08 23:59:59.999,11286864440.33124,7009883,2527506.779,5632509226.93804,0,2026-04-08,51.551649789594194,2093.453,69.64728536659275,1.3700031451013013,-0.02245058370624431,-0.02270643464721138
2026-04-09,2188.87,2246.15,2156.0,2188.92,4465511.357,2026-04-09 23:59:59.999,9800427252.77979,6117522,2253144.04,4946616281.19414,0,2026-04-09,61.508168804214776,2095.645,72.00754583988402,1.2953503540782572,2.284283671483145e-05,2.2842575821209886e-05
2026-04-10,2188.92,2257.55,2173.81,2243.9,3764306.478,2026-04-10 23:59:59.999,8354604317.01898,4944090,1897949.463,4212959023.52237,0,2026-04-10,72.89156626506025,2103.6715,79.15907430603487,1.7714772592952055,0.0251174094987483,0.024807151882933646
2026-04-11,2243.91,2329.99,2227.03,2283.85,2875158.106,2026-04-11 23:59:59.999,6526388750.82707,3763078,1522056.893,3455127051.67528,0,2026-04-11,74.64229339579407,2115.2215,87.74077814933958,1.9218942840122175,0.017803823699808374,0.017647191993803636
2026-04-12,2283.86,2288.12,2173.0,2190.62,3705143.314,2026-04-12 23:59:59.999,8189504742.41815,4762255,1829348.816,4042274811.10264,0,2026-04-12,65.40692486168123,2117.2019999999998,89.02870865175464,0.8246553399666001,-0.040821419970663575,-0.04167800659684826
2026-04-13,2190.61,2395.85,2174.48,2368.8,5800599.866,2026-04-13 23:59:59.999,13062032896.14409,7781970,2960726.407,6671577345.97445,0,2026-04-13,71.22443677393014,2127.8775,105.17345076606183,2.2907159387199916,0.08133770348120639,0.07819888902066921
2026-04-14,2368.8,2416.4,2301.6,2321.17,5431617.691,2026-04-14 23:59:59.999,12817285329.6406,7470640,2813254.222,6640429477.93503,0,2026-04-14,63.941218859378225,2135.536,113.49629330367091,1.6355952656825303,-0.020107227288078344,-0.02031212890392283
2026-04-15,2321.16,2384.67,2306.8,2358.87,3655704.371,2026-04-15 23:59:59.999,8551879330.17925,5662869,1846895.463,4321850253.40849,0,2026-04-15,64.09783346786074,2150.5209999999997,122.32443237894442,1.7032492687524872,0.016241809087658376,0.016111321909058278
2026-04-16,2358.86,2368.45,2282.7,2346.92,4527435.337,2026-04-16 23:59:59.999,10552845333.85908,6394639,2234861.147,5210843536.7821,0,2026-04-16,70.50111327189201,2168.288,123.82055528694738,1.4426683807549574,-0.005065984984335636,-0.005078860589756539
2026-04-17,2346.93,2463.86,2314.08,2417.66,5677626.227,2026-04-17 23:59:59.999,13620833660.11168,7817171,2930970.162,7031310855.02725,0,2026-04-17,73.4613801265888,2189.4970000000003,128.54063298178406,1.7750262676264659,0.030141632437407306,0.029696300009076894
2026-04-18,2417.65,2426.62,2337.0,2348.99,3014437.049,2026-04-18 23:59:59.999,7149340638.99621,3917015,1446875.973,3431653764.63802,0,2026-04-18,67.05013900872399,2207.7745,123.5927910295062,1.1425868679208515,-0.028403497596849903,-0.028814681692680033
2026-04-19,2348.99,2353.99,2250.91,2262.2,3734471.899,2026-04-19 23:59:59.999,8623771806.92172,5426382,1785463.581,4124248348.99964,0,2026-04-19,58.72083071832029,2219.6,116.35673431753862,0.3661154659406658,-0.03694779458405528,-0.03764765742187659
2026-04-20,2262.21,2346.84,2258.3,2312.59,4445143.207,2026-04-20 23:59:59.999,10248279667.76236,6466115,2234213.528,5151625676.06164,0,2026-04-20,61.177222180113276,2230.005,114.81574490868893,0.719282882897973,0.02227477676598011,0.0220303174508971
2026-04-21,2312.59,2337.99,2280.82,2326.13,3918990.46,2026-04-21 23:59:59.999,9057460146.11613,6083027,1961161.346,4534036217.76682,0,2026-04-21,55.409354906911105,2239.3715,114.62467068306192,0.7568920327796432,0.00585490726847393,0.005837833908458426
2026-04-22,2326.12,2423.0,2311.41,2373.04,4859473.668,2026-04-22 23:59:59.999,11597463287.75726,6857730,2552873.158,6092230311.73515,0,2026-04-22,61.50041837868891,2255.2255,109.74563669418076,1.0735233176358896,0.02016654271257412,0.019965891137103817
2026-04-23,2373.05,2381.85,2283.31,2328.94,4777287.616,2026-04-23 23:59:59.999,11131404277.77836,6304965,2303705.536,5368598268.48711,0,2026-04-23,58.2875609640608,2269.0265,99.87754366823788,0.5998695782809209,-0.01858375754306707,-0.018758605170917576
2026-04-24,2328.94,2336.46,2298.44,2313.88,2903586.931,2026-04-24 23:59:59.999,6725582229.39237,3875658,1448657.168,3356126750.16164,0,2026-04-24,54.347447939963224,2281.499,87.83231463234132,0.3686684124805825,-0.00646646113682614,-0.0064874592679915015
2026-04-25,2313.87,2322.22,2298.98,2318.21,1004359.218,2026-04-25 23:59:59.999,2322712023.97939,1203821,491537.253,1136896358.42625,0,2026-04-25,52.23343126803776,2291.942,78.1722419168486,0.33602720551293846,0.001871315712137056,0.0018695669821671877
2026-04-26,2318.21,2379.99,2305.07,2368.32,2383954.122,2026-04-26 23:59:59.999,5590952692.8336,2617145,1243349.049,2917145526.12824,0,2026-04-26,62.23660652802646,2305.051,66.48362947682482,0.951647804096719,0.021615815650868564,0.021385506872103565
2026-04-27,2368.32,2403.99,2263.88,2302.28,4476437.779,2026-04-27 23:59:59.999,10397268595.41896,5140350,2186818.286,5080763641.89234,0,2026-04-27,44.58270897126848,2308.2079999999996,64.66328671210402,-0.09167489469553662,-0.02788474530468854,-0.028280906761717566
2026-04-28,2302.28,2309.73,2256.03,2288.37,2716170.942,2026-04-28 23:59:59.999,6198676905.70273,3633620,1358551.594,3100948572.93663,0,2026-04-28,47.173583344822816,2313.183,58.535840491924596,-0.4238941440231514,-0.006041836787879951,-0.006060162535166349
2026-04-29,2288.36,2346.48,2218.83,2251.52,5309541.884,2026-04-29 23:59:59.999,12133049133.74266,6034726,2598188.979,5939642273.83868,0,2026-04-29,40.73594642641399,2316.3129999999996,52.94860577649828,-1.2236960548781555,-0.016103165135008757,-0.016234230043133777
2026-04-30,2251.53,2277.92,2230.1,2256.49,2590482.178,2026-04-30 23:59:59.999,5846314944.71813,3832071,1272013.584,2870865593.48373,0,2026-04-30,42.10094163274574,2316.9425,52.11059371780757,-1.1600808144187793,0.00220739766913014,0.002204964946228776
2026-05-01,2256.5,2324.64,2256.03,2294.34,3118171.392,2026-05-01 23:59:59.999,7156215555.26558,3487627,1600347.631,3673029770.31475,0,2026-05-01,38.571322657176786,2317.4669999999996,51.81191847230043,-0.44636447909883137,0.016773839015462144,0.01663471182043982
2026-05-02,2294.34,2342.0,2291.41,2315.9,1178697.038,2026-05-02 23:59:59.999,2723435669.15341,1459981,635840.398,1469752802.61034,0,2026-05-02,46.63999512601291,2323.731,42.38455725467846,-0.18476068896852132,0.009397037928118745,0.009353160432022433
2026-05-03,2315.91,2356.75,2296.01,2321.67,2083961.664,2026-05-03 23:59:59.999,4841477912.69421,2521487,1081089.472,2512375856.496,0,2026-05-03,57.22793456330977,2321.3745,41.035629124243435,0.00720105933079496,0.0024914719979274302,0.002488373427170238
2026-05-04,2321.67,2398.88,2308.1,2346.11,5800734.804,2026-05-04 23:59:59.999,13653742569.78952,6857605,2902752.644,6834102161.25212,0,2026-05-04,54.348277293482774,2322.6215,41.4063542382891,0.5672680058917081,0.01052690520185906,0.010471883139798329
2026-05-05,2346.12,2398.88,2344.0,2359.47,3684222.157,2026-05-05 23:59:59.999,8749779445.17216,4160194,1822232.952,4328532491.98432,0,2026-05-05,54.326948035093146,2322.6515,41.434207489151405,0.888601525916477,0.005694532651921547,0.005678380092698838
2026-05-06,2359.47,2422.52,2335.17,2349.7,5330786.092,2026-05-06 23:59:59.999,12669419909.30159,5364924,2662348.273,6331241342.45978,0,2026-05-06,46.647707687004456,2322.7905,41.52447109509928,0.6480395605370062,-0.004140760425010659,-0.004149357112882851
2026-05-07,2349.69,2351.29,2278.0,2289.91,4332681.982,2026-05-07 23:59:59.999,10013235171.70902,4943203,2030893.082,4694230321.99099,0,2026-05-07,44.63593634039743,2316.403,35.560367072157824,-0.7450148066874925,-0.02544580159169252,-0.025775144948634546
2026-05-08,2289.92,2320.66,2263.43,2306.17,3261671.007,2026-05-08 23:59:59.999,7467547678.01854,3910959,1617687.262,3704263769.27816,0,2026-05-08,48.94386455165611,2314.2619999999997,34.775504476135794,-0.23269252659016537,0.007100715748654007,0.007075624374374416
2026-05-09,2306.17,2337.79,2296.66,2325.22,1891169.407,2026-05-09 23:59:59.999,4383197307.80287,1963262,952770.452,2208904342.29021,0,2026-05-09,50.92302425407523,2317.413,32.596761560028526,0.23950231944430486,0.00826044914295121,0.008226518360535605
2026-05-10,2325.23,2381.88,2310.01,2370.21,3347356.503,2026-05-10 23:59:59.999,7848764923.30219,3545357,1740090.337,4079884467.75,0,2026-05-10,50.25226235284694,2320.294,34.630901229838955,1.4413716717539866,0.01934870678903522,0.019163900597857792
2026-05-11,2370.21,2373.91,2302.51,2338.61,3086413.725,2026-05-11 23:59:59.999,7203349254.09189,3884586,1479558.191,3452484588.94852,0,2026-05-11,55.33997707028837,2320.918,34.85331406112624,0.507613134549315,-0.013332152003408981,-0.013421823039015193
2026-05-12,2338.62,2339.8,2255.15,2273.62,3420843.736,2026-05-12 23:59:59.999,7823498239.06062,4093648,1602992.053,3665608270.15368,0,2026-05-12,48.115015974440894,2315.947,34.110113965327876,-1.2408929516630938,-0.02779001201568465,-0.028183460833434197
2026-05-13,2273.61,2322.68,2233.0,2257.54,3628737.695,2026-05-13 23:59:59.999,8262514468.32443,3999930,1700469.058,3872967976.36721,0,2026-05-13,50.81245951198444,2312.377,36.34205858363057,-1.5089128722251313,-0.007072421952657004,-0.007097550076684224
2026-05-14,2257.53,2318.6,2237.05,2282.06,4182483.27,2026-05-14 23:59:59.999,9531103712.27378,4565736,2086405.97,4755056584.41194,0,2026-05-14,53.27795297797608,2310.786,36.96399035749049,-0.7771347119773013,0.010861380086288674,0.010802818952493546
2026-05-15,2282.06,2299.36,2203.55,2223.66,4022665.004,2026-05-15 23:59:59.999,9020114235.74348,4585770,1946093.763,4364062471.4786,0,2026-05-15,41.39266403624138,2306.0585,41.706514734589035,-1.9756745564659606,-0.025590913472914867,-0.025924056816407685
2026-05-16,2223.65,2230.79,2160.5,2179.66,2383235.147,2026-05-16 23:59:59.999,5214879791.71328,2679053,1132799.425,2478651318.99248,0,2026-05-16,34.26862500577337,2296.6255,47.77672340928625,-2.448169142910833,-0.019787197683099,-0.01998558566880308
2026-05-17,2179.67,2197.63,2085.0,2129.88,2484872.269,2026-05-17 23:59:59.999,5378648081.2906,2814955,1179579.251,2555886429.01189,0,2026-05-17,29.897490723853835,2288.0055,60.548237009763504,-2.6115624138569404,-0.022838424341410923,-0.023103261228586178
2026-05-18,2129.88,2156.52,2074.26,2128.99,5104677.882,2026-05-18 23:59:59.999,10804751722.33636,6000802,2529089.221,5353777744.69305,0,2026-05-18,26.06068624856661,2280.0364999999997,70.21447903419237,-2.1512158471822422,-0.00041786391721609917,-0.00041795124667148766
2026-05-19,2128.99,2146.99,2093.16,2111.0,3200971.162,2026-05-19 23:59:59.999,6781252478.21783,3833758,1577106.33,3342213632.08259,0,2026-05-19,22.88096745323179,2273.0104999999994,79.61890885396254,-2.0348244196257452,-0.008450016204866961,-0.008485919993263338
2026-05-20,2110.99,2148.6,2101.79,2128.6,2822259.671,2026-05-20 23:59:59.999,6005578655.00268,3504229,1463362.075,3114058864.88354,0,2026-05-20,26.27376915482681,2266.616,85.90322439871235,-1.6066451633923635,0.00833728090952146,0.008302717758623223
2026-05-21,2128.59,2157.0,2103.51,2132.78,3350094.53,2026-05-21 23:59:59.999,7138635120.51499,3729884,1660957.635,3539866183.63398,0,2026-05-21,30.853215704433083,2258.538,90.62539678891383,-1.3876684070461773,0.001963732030442644,0.0019618064291967463
2026-05-22,2132.78,2140.75,2056.05,2064.98,3354098.521,2026-05-22 23:59:59.999,7053054579.8852,3629595,1603443.218,3371960655.8983,0,2026-05-22,23.889839132223372,2245.9919999999997,99.22662692300068,-1.8242280889026292,-0.03178949540036957,-0.0323057519179339
2026-05-23,2064.99,2149.86,2007.0,2116.82,4770162.117,2026-05-23 23:59:59.999,9874199839.09287,4529657,2381957.021,4930886543.2715,0,2026-05-23,28.935026078518646,2235.7495000000004,101.54921443496431,-1.1711513541659824,0.02510435936425548,0.02479442142158435
2026-05-24,2116.82,2131.1,2061.26,2098.99,2596642.56,2026-05-24 23:59:59.999,5459614752.76659,2908226,1269939.39,2670620929.05421,0,2026-05-24,20.992513368983992,2223.3935,102.44457352632118,-1.2143493375765506,-0.00842301187630523,-0.008458685903922835
2026-05-25,2098.99,2141.6,2090.84,2111.64,2330198.394,2026-05-25 23:59:59.999,4927473573.70826,2665889,1166122.27,2466438195.39194,0,2026-05-25,24.699587559915315,2211.002,100.07995953757349,-0.9928261408089013,0.006026708083411547,0.0060086201158021
2026-05-26,2111.64,2139.66,2053.0,2072.99,4476452.166,2026-05-26 23:59:59.999,9390528626.89166,4588185,2249002.501,4717588484.50933,0,2026-05-26,26.240496435423168,2197.1665000000003,99.01773457709007,-1.2540834278865785,-0.018303309276202384,-0.018472887254202364
2026-05-27,2073.0,2096.61,2013.98,2023.7,3921315.339,2026-05-27 23:59:59.999,8076868611.66935,4530512,1848947.627,3810607284.53217,0,2026-05-27,24.32699486188578,2183.8559999999998,103.67753780981319,-1.5447511908875675,-0.023777249287261326,-0.02406449041985435
2026-05-28,2023.7,2029.5,1965.48,2008.92,5065678.305,2026-05-28 23:59:59.999,10103114235.60453,5587885,2480697.94,4948375242.43142,0,2026-05-28,19.356937713157492,2168.9935,106.48835282365184,-1.5032019535985017,-0.007303454069279014,-0.007330254861919926
2026-05-29,2008.92,2046.0,1975.37,2013.35,4404954.103,2026-05-29 23:59:59.999,8871285211.16649,4506102,2201947.686,4435265264.01659,0,2026-05-29,23.1548849914478,2153.4,105.23423782455716,-1.3308406360436291,0.0022051649642593762,0.0022027371564888923
2026-05-30,2013.36,2031.51,2000.83,2021.58,1412352.897,2026-05-30 23:59:59.999,2851791199.77103,1593833,732422.976,1479067774.53566,0,2026-05-30,27.794010226442694,2135.9685,95.8901355595065,-1.1929120689271941,0.004087714505674578,0.0040793824989267344
2026-05-31,2021.59,2037.55,1992.84,2006.31,2117587.645,2026-05-31 23:59:59.999,4264448024.4675,2228255,1037604.307,2090046170.21231,0,2026-05-31,30.778085430731437,2119.3535,87.33782819868182,-1.2943246051738482,-0.0075534977591784624,-0.007582169897919065
2026-06-01,2006.3,2020.9,1954.42,2006.0,4936359.592,2026-06-01 23:59:59.999,9801437747.27397,5593158,2374432.374,4715581758.21521,0,2026-06-01,30.833722923484558,2105.9725,82.8441365249683,-1.2067540829503274,-0.00015451251302134317,-0.00015452445130944236
2026-06-02,2006.01,2006.44,1837.01,1858.96,7992886.5,2026-06-02 23:59:59.999,15443333958.37715,9448626,3815506.399,7377321302.30316,0,2026-06-02,21.989330962436142,2086.0434999999998,91.90929036563573,-2.470734994216697,-0.07330009970089724,-0.07612549797652339
2026-06-03,1858.96,1892.39,1767.71,1812.46,7604044.983,2026-06-03 23:59:59.999,14009175500.0448,9494721,3705290.602,6828509362.60179,0,2026-06-03,16.986215538847176,2062.5634999999997,98.91471357072031,-2.528476209165637,-0.025013986314928793,-0.025332153025567995
2026-06-04,1812.45,1819.9,1712.52,1769.86,8403867.373,2026-06-04 23:59:59.999,14886358168.04281,12633212,4146918.527,7347577885.9578,0,2026-06-04,14.91628320637254,2039.8735000000001,111.29023820026681,-2.4262101004232814,-0.023503966984099067,-0.023784591125369563
2026-06-05,1769.85,1774.34,1538.13,1582.35,14318838.591,2026-06-05 23:59:59.999,23402300661.32043,19464126,7034361.506,11489057948.62697,0,2026-06-05,12.112791044541808,2010.0079999999998,146.40846806825365,-2.92099224616319,-0.10594623303538131,-0.11198936359849246
2026-06-06,1582.35,1600.56,1503.6,1568.6,6539042.797,2026-06-06 23:59:59.999,10185700196.07712,10170783,3257510.924,5073827509.19774,0,2026-06-06,4.226504575512649,1981.9440000000002,173.50766934054317,-2.3822808615377733,-0.008689607229753205,-0.008727582017361346
2026-06-07,1568.6,1721.57,1563.0,1689.66,6185207.432,2026-06-07 23:59:59.999,10056629504.46923,8863044,3257358.235,5294809447.06317,0,2026-06-07,20.84834845528225,1959.9774999999997,181.53587193354164,-1.4890583173498626,0.07717710059926053,0.07434382346649908
2026-06-08,1689.66,1714.22,1643.65,1689.21,5741075.199,2026-06-08 23:59:59.999,9657504877.63944,9292618,2849303.594,4794013640.67603,0,2026-06-08,19.383362082711244,1938.8880000000001,187.47099235541376,-1.3318220427758352,-0.0002663257696815524,-0.0002663612406873857
2026-06-09,1689.2,1696.0,1613.1,1638.64,5821248.623,2026-06-09 23:59:59.999,9645108935.53675,8548498,2842614.45,4711938123.73549,0,2026-06-09,19.05413300275012,1914.3899999999999,193.2978700838006,-1.4265547772484695,-0.029937071175283103,-0.030394334511977615
2026-06-10,1638.64,1667.31,1602.05,1620.72,5574012.277,2026-06-10 23:59:59.999,9101592782.72717,8467695,2785849.972,4550648166.52747,0,2026-06-10,19.945705677038276,1888.7869999999998,196.73049553824396,-1.3626103023152716,-0.010935898061807392,-0.010996134557704066
2026-06-11,1620.72,1693.38,1620.72,1672.57,5159676.42,2026-06-11 23:59:59.999,8557618159.26419,6644979,2643147.344,4384657731.60579,0,2026-06-11,26.229345997823273,1869.1665,197.79859600570492,-0.9939226261966483,0.03199195419319811,0.03149087070455906
2026-06-12,1672.57,1690.51,1651.17,1665.48,3688161.682,2026-06-12 23:59:59.999,6159375748.15496,5114465,1841052.87,3075225781.81437,0,2026-06-12,25.50728719284659,1846.5994999999998,193.76219167003447,-0.9347515035773107,-0.00423898551331181,-0.00424799548350644
2026-06-13,1665.49,1698.1,1661.2,1680.41,1848794.28,2026-06-13 23:59:59.999,3098385514.20634,2164674,973453.707,1631653516.44571,0,2026-06-13,26.20352932970637,1825.6704999999997,187.57307012618952,-0.7744208691699498,0.008964382640439972,0.008924441085827494
2026-06-14,1680.42,1732.0,1653.36,1724.74,2885468.86,2026-06-14 23:59:59.999,4869332773.45763,3366408,1455308.874,2456906444.45329,0,2026-06-14,31.12573903017791,1806.3254999999997,176.1299320768798,-0.4632120108034109,0.026380466671824143,0.026038503226103005
2026-06-15,1724.74,1848.78,1708.45,1795.16,6403694.775,2026-06-15 23:59:59.999,11415816381.02132,6853025,3317726.227,5910857579.21308,0,2026-06-15,37.081198990220834,1792.434,164.5677822085408,0.016564603128367602,0.040829342393636114,0.04001783997252977
2026-06-16,1795.15,1839.54,1757.36,1792.32,5345782.795,2026-06-16 23:59:59.999,9563756046.06,6593209,2666405.246,4770638535.43317,0,2026-06-16,45.04033818582358,1780.8650000000002,155.32779581458217,0.07374726422870094,-0.0015820316851981042,-0.0015832844187416968
2026-06-17,1792.33,1809.67,1724.22,1749.56,5589345.012,2026-06-17 23:59:59.999,9864620729.3988,7558042,2761734.662,4875273392.34454,0,2026-06-17,45.29247994252185,1767.8969999999997,145.82168245745092,-0.12574947491330918,-0.023857346902338872,-0.024146542288798718
2026-06-18,1749.57,1762.34,1670.56,1710.18,5095465.457,2026-06-18 23:59:59.999,8756836492.50293,6382912,2491877.866,4282266872.63228,0,2026-06-18,45.511837078482706,1752.7385,134.26285547676287,-0.316978957797941,-0.022508516426987257,-0.022765699617845858
2026-06-19,1710.18,1718.83,1678.17,1710.31,2862860.252,2026-06-19 23:59:59.999,4861309484.30325,4161238,1473074.391,2501896218.8564,0,2026-06-19,63.39951411577449,1737.175,118.58457956459091,-0.22654716235990127,7.601539019286285e-05,7.601250116949566e-05
2026-06-20,1710.3,1749.13,1703.13,1740.0,2703250.129,2026-06-20 23:59:59.999,4667576781.81196,3266553,1407974.117,2431438521.26851,0,2026-06-20,67.3685703862835,1723.8595,100.31844803180846,0.1608926405528346,0.01735942606895824,0.017210472592582404
2026-06-21,1740.0,1740.68,1700.37,1706.31,2178356.471,2026-06-21 23:59:59.999,3755843017.43623,2862945,1094977.204,1888049107.08351,0,2026-06-21,52.05024011821203,1708.875,75.19310148218716,-0.034112171854058834,-0.019362068965517287,-0.01955196905840838
2026-06-22,1706.3,1779.0,1706.1,1727.32,4317853.751,2026-06-22 23:59:59.999,7533670615.73773,5411044,2196125.9,3832333195.13844,0,2026-06-22,54.46660884648741,1702.2930000000001,66.63897390523061,0.3755610048196646,0.012313120124713528,0.012237930246584787
2026-06-23,1727.32,1735.63,1633.33,1666.4,4415668.101,2026-06-23 23:59:59.999,7386269511.65433,5330720,2164169.458,3618971530.58591,0,2026-06-23,53.17649212742585,1694.9900000000002,61.75467908958575,-0.46296087068196806,-0.03526850844082152,-0.03590546344998886
2026-06-24,1666.4,1692.0,1551.0,1621.54,6395632.341,2026-06-24 23:59:59.999,10385390894.52356,7848300,3143538.334,5107162781.6369,0,2026-06-24,50.08838111661994,1687.574,61.19365803040256,-1.0790987518215163,-0.026920307249159947,-0.027289295986847092
2026-06-25,1621.55,1660.56,1530.0,1566.97,6905885.053,2026-06-25 23:59:59.999,10998093210.55176,8456216,3471561.746,5530509219.7386,0,2026-06-25,38.68458274398869,1686.8049999999998,62.66452841150709,-1.9123258889473187,-0.03365319387742516,-0.03423249664995477
2026-06-26,1566.98,1594.89,1510.87,1577.86,6697526.651,2026-06-26 23:59:59.999,10420348023.48775,8791066,3300946.469,5137709005.45627,0,2026-06-26,40.6870456188087,1687.268,61.77306640126854,-1.7711278777922765,0.006949718246041625,0.006925680261410173
2026-06-27,1577.85,1610.44,1561.69,1573.1,2256919.578,2026-06-27 23:59:59.999,3579324490.74527,2503185,1120333.49,1777311048.81634,0,2026-06-27,38.34220532319389,1681.44,66.8272012848274,-1.6211961284782685,-0.0030167441978375953,-0.0030213037429116284
2026-06-28,1573.1,1588.27,1547.0,1571.1,2620011.381,2026-06-28 23:59:59.999,4117603574.46833,3294542,1333540.093,2096312690.25678,0,2026-06-28,31.618491577335362,1675.5345000000002,71.18126080081998,-1.4671628294450954,-0.0012713749920538753,-0.001272183874907393
2026-06-29,1571.11,1637.2,1549.08,1612.12,5502615.864,2026-06-29 23:59:59.999,8727485059.7997,7041892,2796572.623,4435316001.50041,0,2026-06-29,26.44394110985273,1674.2085,72.14520994957338,-0.8606046062295396,0.02610909553815799,0.02577407202972193
2026-06-30,1612.12,1613.56,1549.16,1571.47,3827647.387,2026-06-30 23:59:59.999,6029814926.38176,4651699,1850538.503,2915479426.15643,0,2026-06-30,24.098702882743396,1671.7459999999999,74.85656342903297,-1.3395752544139368,-0.025215244522740154,-0.02553859596923014
2026-07-01,1571.48,1645.86,1552.03,1608.87,5439929.406,2026-07-01 23:59:59.999,8694460651.72534,6072541,2774044.63,4434799384.48574,0,2026-07-01,33.289783119937255,1668.5610000000001,76.16340624973844,-0.7837228262122959,0.023799372561996046,0.023520582189034613
2026-07-02,1608.87,1725.0,1596.14,1699.9,6017445.264,2026-07-02 23:59:59.999,10027027780.64599,6388459,3137230.63,5227339486.04785,0,2026-07-02,48.91244551648259,1670.282,76.47835198334907,0.3872729894395295,0.05658008415844673,0.05503735658164611
2026-07-03,1699.89,1775.5,1693.68,1757.41,4211590.028,2026-07-03 23:59:59.999,7304259552.97644,4823161,2171579.03,3767626108.87071,0,2026-07-03,54.44339622641512,1674.132,78.91437402243164,1.0552957053974477,0.033831401847167486,0.033271708485024344
2026-07-04,1757.41,1808.0,1743.09,1779.94,2915139.488,2026-07-04 23:59:59.999,5175967837.35655,3458841,1479279.802,2627204389.71588,0,2026-07-04,53.81952413740341,1676.8919999999998,81.69387702356731,1.2613919641771025,0.012820002162272859,0.012738521583091043
2026-07-05,1779.94,1807.77,1747.27,1785.07,2751817.226,2026-07-05 23:59:59.999,4878719338.55951,3265181,1384838.408,2456205835.47958,0,2026-07-05,57.96714412883386,1676.3875,80.95286828073836,1.3425404474007925,0.0028821196220096823,0.002877974278259552
2026-07-06,1785.07,1833.0,1728.3,1798.84,5540382.936,2026-07-06 23:59:59.999,9827395046.08717,6330854,2738632.074,4859551362.43294,0,2026-07-06,57.342312746386334,1676.7134999999998,81.45586969728906,1.4992964958063002,0.0077139832051404955,0.0076843825651340784
2026-07-07,1798.84,1812.85,1756.62,1770.67,4370897.789,2026-07-07 23:59:59.999,7788028201.87085,5569849,2138917.994,3811427552.40794,0,2026-07-07,61.476149596073,1677.7689999999998,82.5785256843108,1.1250019206585409,-0.015660092059327058,-0.01578400667972436
2026-07-08,1770.67,1784.16,1712.45,1742.68,4192853.427,2026-07-08 23:59:59.999,7298476098.98838,5285144,2048397.585,3566087579.33839,0,2026-07-08,63.84710347034889,1679.3939999999998,83.56377888198034,0.7573376987819211,-0.01580757566344948,-0.015933847860364513
2026-07-09,1742.67,1762.52,1720.53,1744.25,3052244.456,2026-07-09 23:59:59.999,5322638544.72311,4178259,1542511.844,2690413727.53052,0,2026-07-09,73.05811352166904,1681.091,84.56330645694538,0.7468842296529278,0.000900911240158786,0.0009005056632017442
2026-07-10,1744.26,1811.23,1736.61,1796.03,3384049.117,2026-07-10 23:59:59.999,6035968317.5746,3950013,1706386.942,3043630232.86942,0,2026-07-10,75.64835061484568,1683.8925,87.4949137092204,1.2816459294156977,0.029686111509244606,0.029254009689483766
2026-07-11,1796.03,1829.52,1785.0,1786.7,2361669.526,2026-07-11 23:59:59.999,4271423198.19284,2532642,1151938.383,2083938669.84501,0,2026-07-11,74.84414255140975,1687.9119999999998,90.37802152470928,1.0930533589185913,-0.0051947907328941945,-0.005208330569708221
2026-07-12,1786.69,1826.2,1778.26,1805.92,2411677.076,2026-07-12 23:59:59.999,4353707091.18831,2744722,1216411.813,2196043643.81566,0,2026-07-12,76.26034444195935,1691.8419999999999,93.82501863623202,1.215859071046826,0.010757261991380718,0.010699814268194623
2026-07-13,1805.92,1848.0,1748.0,1776.0,5083243.349,2026-07-13 23:59:59.999,9076152857.27994,5850584,2477375.493,4424651586.23579,0,2026-07-13,68.79357798165141,1697.3219999999997,95.4474818172132,0.8243067129908437,-0.016567732789935397,-0.016706512655200886
2026-07-14,1776.0,1896.86,1772.52,1891.12,5310465.083,2026-07-14 23:59:59.999,9767271249.85603,5643063,2793565.452,5135172934.81687,0,2026-07-14,81.30938155033598,1710.8010000000002,102.92442254793731,1.7519554206487358,0.06481981981981977,0.06280560158051014
2026-07-15,1891.12,1946.75,1863.32,1916.91,4752347.958,2026-07-15 23:59:59.999,9068463403.21453,5212944,2423308.477,4625631155.89794,0,2026-07-15,80.87439361744781,1728.298,106.85601761733908,1.7651041486071142,0.01363742121071132,0.013545268454103027
2026-07-16,1916.91,1928.69,1855.38,1863.73,4313799.484,2026-07-16 23:59:59.999,8144210069.96647,4824789,2084167.44,3934618429.81066,0,2026-07-16,67.76859504132231,1742.5915,104.77296594233185,1.1561999692427904,-0.027742564856983454,-0.02813465861834303
2026-07-17,1863.73,1870.44,1802.46,1841.08,4278159.839,2026-07-17 23:59:59.999,7849464070.00737,5043950,2066951.305,3792985870.73208,0,2026-07-17,59.81696585709256,1755.9904999999999,98.92901907686681,0.860106577362163,-0.012153047920031357,-0.012227500035218206
2026-07-18,1841.08,1867.0,1836.36,1861.75,1312675.904,2026-07-18 23:59:59.999,2427308201.80217,1480885,696896.714,1288917805.54668,0,2026-07-18,59.64081170897263,1770.523,91.40101612348728,0.9980961248477579,0.01122710582918729,0.011164549657587735
2026-07-19,1861.75,1878.76,1850.95,1871.49,1944778.356,2026-07-19 23:59:59.999,3631537624.92145,2356426,979047.425,1828430641.56315,0,2026-07-19,60.07460946607602,1783.4915,85.98284836760254,1.0234424849916564,0.005231636900765446,0.0052179994319459105
2026-07-20,1871.49,1917.92,1841.84,1903.5,4927740.738,2026-07-20 23:59:59.999,9263743222.32922,5997586,2492983.634,4688438320.86152,0,2026-07-20,61.70326966945477,1800.093,74.12815418680793,1.3949760537596463,0.017104018723049563,0.016959391799851266
2026-07-21,1903.51,1953.64,1899.44,1929.29,3487747.021,2026-07-21 23:59:59.999,6729496891.35654,3888388,1793097.513,3460709488.62894,0,2026-07-21,67.83208921665616,1816.1140000000003,64.64350086587194,1.7507715158377217,0.01354872603099544,0.013457762745864875
2026-07-22,1929.29,1958.75,1909.32,1933.31,3588085.006,2026-07-22 23:59:59.999,6933869707.52863,4412328,1845754.816,3567892301.19531,0,2026-07-22,72.65144133653364,1827.7845000000002,63.61978304316417,1.6586900324448413,0.0020836680851505918,0.002081500259636305
2026-07-23,1933.31,1940.66,1868.18,1877.42,3473835.055,2026-07-23 23:59:59.999,6607190691.17787,3769636,1632500.623,3105673872.8884,0,2026-07-23,64.01464923912357,1833.7849999999999,62.278259998226645,0.7006457791409508,-0.02890896959101219,-0.02933506595111752
2026-07-24,1877.42,1909.32,1846.17,1860.57,3432295.181,2026-07-24 23:59:59.999,6425601588.50683,3720755,1668247.565,3124537248.46262,0,2026-07-24,57.33109182607114,1837.8165000000001,61.20979628111161,0.37172971292866697,-0.008975082826432113,-0.00901560150349003
2026-07-25,1860.58,1876.42,1850.26,1873.92,1096625.42,2026-07-25 23:59:59.999,2044238533.1212,1259736,545065.683,1016243418.33304,0,2026-07-25,59.81764970733903,1842.259,60.398979330749356,0.5241975998737005,0.007175220496944634,0.007149601079337166
2026-07-26,1873.93,1966.97,1873.0,1953.79,2677956.839,2026-07-26 23:59:59.999,5123450919.68906,2553281,1432744.124,2742397288.83092,0,2026-07-26,64.64494404278497,1850.0065,64.34535792962157,1.6129135549065454,0.04262188353825125,0.04173858252182188
2026-07-27,1953.8,1982.0,1881.16,1891.44,4750960.033,2026-07-27 23:59:59.999,9228308685.01879,5693345,2330934.945,4529918304.05155,0,2026-07-27,60.743001786777846,1856.045,62.13709871588812,0.5696274968008712,-0.0319123344883534,-0.032432632261100845
2026-07-28,1891.43,1928.9,1855.82,1921.13,4725347.515,2026-07-28 23:59:59.999,8942284392.93945,5396275,2391200.406,4527185225.81292,0,2026-07-28,53.32079229832912,1864.9675,57.65212169133361,0.9741618929601789,0.015697035063232168,0.015575110852266604
2026-07-29,1921.13,1935.0,1870.26,1909.68,4781085.516,2026-07-29 23:59:59.999,9109139841.41855,6091754,2350993.111,4480178243.96063,0,2026-07-29,49.17373317181321,1873.239,50.89189480485301,0.7160472240173901,-0.005960033938359199,-0.005977865828381414
2026-07-30,1909.68,1936.57,1892.99,1917.31,3007123.87,2026-07-30 23:59:59.999,5765640477.36114,3592295,1525825.81,2925885773.31884,0,2026-07-30,56.83488111031737,1879.3030000000003,48.37098718280226,0.7857395975063447,0.003995433789954372,0.003987473241221455
2026-07-31,1917.31,1936.0,1847.28,1861.68,3994907.633,2026-07-31 23:59:59.999,7517537304.44882,4330949,1918298.103,3610174778.55815,0,2026-07-31,52.423871605403136,1883.0520000000001,43.473797383407884,-0.4916064684093334,-0.029014609009497594,-0.02944385612788458
2026-08-01,1861.68,1874.44,1820.61,1844.17,1873612.61,2026-08-01 23:59:59.999,3466959352.73297,1893589,870292.439,1610577567.24905,0,2026-08-01,47.91597515292334,1884.9645,40.65176988102659,-1.003511043169611,-0.009405483219457667,-0.009449994094134615
2026-08-02,1844.17,1898.5,1843.03,1884.37,2672196.743,2026-08-02 23:59:59.999,5000246440.02179,2752019,1387200.388,2595826815.69014,0,2026-08-02,51.42402264284449,1890.3830000000003,31.571681031332698,-0.19045549060352188,0.02179842422336331,0.02156423575577043
2026-08-03,1884.38,1885.16,1827.18,1859.78,3646115.389,2026-08-03 23:59:59.999,6764218596.19507,3941796,1765225.81,3275158383.545,0,2026-08-03,45.08565262353311,1888.816,32.30246892938168,-0.898878660435441,-0.013049454194239973,-0.013135346370587154
2026-08-04,1859.78,1874.08,1847.5,1855.13,770569.545,2026-08-04 23:59:59.999,1434109189.3082,946651,395833.916,736702818.20252,0,2026-08-04,41.24811178247735,1885.727,32.428200706158464,-0.9435306102009318,-0.002500295733903979,-0.002503426693254187
