timestamp,open,high,low,close,volume,close_time,quote_volume,trades,taker_buy_base,taker_buy_quote,ignore,date,rsi,rolling_mean,rolling_std,zscore,return,log_return
2020-01-09,45.32,45.77,43.87,44.73,212861.927,2020-01-09 23:59:59.999,9529891.5188,20337,89479.1,4004781.22655,0,2020-01-09,,,,,,
2020-01-10,44.73,49.63,43.8,49.04,384284.072,2020-01-10 23:59:59.999,17930008.74843,33288,160034.523,7501083.41791,0,2020-01-10,,,,,0.09635591325732173,0.09199187418319925
2020-01-11,49.03,51.99,47.76,49.25,545784.433,2020-01-11 23:59:59.999,27169067.91927,35658,236762.251,11819568.3858,0,2020-01-11,,,,,0.004282218597063681,0.004273075990141987
2020-01-12,49.3,51.75,48.78,51.33,528807.006,2020-01-12 23:59:59.999,26733093.38712,35560,297599.592,15049305.0662,0,2020-01-12,,,,,0.04223350253807112,0.041366008954113964
2020-01-13,51.33,51.42,48.9,49.58,481361.43,2020-01-13 23:59:59.999,24029706.71888,35468,248061.407,12387480.07453,0,2020-01-13,,,,,-0.03409312293006039,-0.034687849965167356
2020-01-14,49.6,61.21,49.58,58.55,1387911.639,2020-01-14 23:59:59.999,77679527.95806,64973,700998.361,39186234.12563,0,2020-01-14,,,,,0.18091972569584502,0.16629356343668183
2020-01-15,58.55,60.37,55.36,58.2,677280.386,2020-01-15 23:59:59.999,39457945.8873,42630,348267.78,20285167.04977,0,2020-01-15,,,,,-0.005977796754910281,-0.005995735306334157
2020-01-16,58.27,58.56,54.68,57.6,387334.981,2020-01-16 23:59:59.999,22054995.48173,40100,194926.49,11101825.71925,0,2020-01-16,,,,,-0.010309278350515538,-0.01036278703554666
2020-01-17,57.64,63.39,56.83,61.15,699042.16,2020-01-17 23:59:59.999,41891761.61121,45585,344402.904,20629094.5152,0,2020-01-17,,,,,0.06163194444444442,0.059807294431335783
2020-01-18,61.18,62.76,57.96,59.33,400679.659,2020-01-18 23:59:59.999,24112622.61078,47364,173881.92,10480294.41573,0,2020-01-18,,,,,-0.029762878168438256,-0.030214781862629474
2020-01-19,59.38,62.7,55.35,57.64,439816.278,2020-01-19 23:59:59.999,26030615.56244,51959,196507.143,11645413.94423,0,2020-01-19,,,,,-0.028484746334063726,-0.02889830913923055
2020-01-20,57.63,58.32,55.85,57.23,221200.071,2020-01-20 23:59:59.999,12654234.17572,39427,108469.454,6207709.7456,0,2020-01-20,,,,,-0.007113115891741906,-0.007138534710310495
2020-01-21,57.26,58.15,56.0,57.59,176966.937,2020-01-21 23:59:59.999,10155766.7803,28848,88526.225,5084231.31121,0,2020-01-21,,,,,0.006290407129128095,0.006270705097570117
2020-01-22,57.61,59.49,57.23,58.36,240476.89,2020-01-22 23:59:59.999,13997156.13485,28940,120491.043,7019135.65336,0,2020-01-22,75.36285820617789,,,,0.013370376801528083,0.013281782136003931
2020-01-23,58.36,58.46,52.14,54.5,390128.497,2020-01-23 23:59:59.999,21559798.16955,40681,174851.35,9664502.7599,0,2020-01-23,65.89651806052717,,,,-0.0661411925976696,-0.06843002198538646
2020-01-24,54.53,55.48,50.68,54.4,380824.766,2020-01-24 23:59:59.999,20295409.2619,40913,190899.765,10191929.02947,0,2020-01-24,60.10558069381599,,,,-0.0018348623853211565,-0.0018365478073015034
2020-01-25,54.38,54.43,52.18,53.28,214348.899,2020-01-25 23:59:59.999,11443331.98593,26916,107858.461,5759143.04652,0,2020-01-25,57.34597156398105,,,,-0.020588235294117574,-0.020803127629763173
2020-01-26,53.23,56.63,52.82,56.27,278686.132,2020-01-26 23:59:59.999,15257973.73832,29701,155251.827,8501977.42865,0,2020-01-26,58.71559633027523,,,,0.056118618618618665,0.05460050721305396
2020-01-27,56.32,59.68,55.92,58.6,361503.218,2020-01-27 23:59:59.999,21004215.31024,34334,176523.615,10263037.93759,0,2020-01-27,65.59474412171508,,,,0.041407499555713434,0.040573163137779235
2020-01-28,58.59,61.65,57.3,60.57,490260.107,2020-01-28 23:59:59.999,29225260.6802,40394,229426.147,13695209.29446,0,2020-01-28,54.60766423357665,55.36,4.4697262367598,1.1656194863014342,0.033617747440273016,0.033065024409888864
2020-01-29,60.58,62.78,59.48,59.86,514719.82,2020-01-29 23:59:59.999,31365111.88668,38242,253717.441,15485747.93973,0,2020-01-29,53.72531418312387,56.116499999999995,3.8071805771946767,0.9832735600785201,-0.011721974574872118,-0.011791218568303015
2020-01-30,59.89,70.3,58.2,68.03,1130298.782,2020-01-30 23:59:59.999,74318743.34392,67114,561192.559,36926812.21596,0,2020-01-30,67.47068676716918,57.065999999999995,4.287199306626275,2.5573805218372048,0.13648513197460743,0.12794028193241655
2020-01-31,68.01,70.1,65.41,68.01,1316496.14,2020-01-31 23:59:59.999,89230315.95695,63168,649274.835,44015727.75961,0,2020-01-31,63.031914893617035,58.004,4.532374072916101,2.207673029415732,-0.0002939879464941564,-0.00029403116942205244
2020-02-01,68.08,73.0,67.67,70.73,1214559.486,2020-02-01 23:59:59.999,86100071.04769,60398,597827.388,42391313.97495,0,2020-02-01,70.94048493754593,58.974000000000004,5.072613154038685,2.317543176072903,0.03999411851198342,0.03921505786035114
2020-02-02,70.74,73.61,67.45,70.01,1067588.624,2020-02-02 23:59:59.999,75589248.93731,56729,536471.666,37972316.94495,0,2020-02-02,73.56190476190477,59.99549999999999,5.137957278919317,1.949120916417272,-0.010179556058249717,-0.010231722058792386
2020-02-03,69.99,73.1,68.57,69.69,908404.842,2020-02-03 23:59:59.999,63906598.95093,45955,443041.078,31190022.34542,0,2020-02-03,73.81498470948011,60.552499999999995,5.559545489752878,1.643569607774927,-0.004570775603485289,-0.00458125353867882
2020-02-04,69.7,70.55,66.74,68.15,864721.179,2020-02-04 23:59:59.999,59009231.84148,39137,413372.703,28215492.49067,0,2020-02-04,69.31236283833212,61.05,5.778817945056347,1.2286249657810908,-0.02209786196010899,-0.022345677307885777
2020-02-05,68.14,73.54,67.74,72.7,938936.749,2020-02-05 23:59:59.999,67027731.05392,45742,451381.351,32212609.95297,0,2020-02-05,73.03984575835477,61.80500000000001,6.269892553431753,1.7376693311971898,0.06676449009537788,0.0646302263969321
2020-02-06,72.7,75.2,71.02,73.68,885328.176,2020-02-06 23:59:59.999,64835198.61863,45885,428240.103,31367064.18754,0,2020-02-06,83.9589235127479,62.43149999999999,6.804240376799101,1.6531602908026028,0.013480055020632875,0.01339000740757786
2020-02-07,73.72,75.56,72.97,74.4,753271.791,2020-02-07 23:59:59.999,55798590.38733,36142,367723.859,27242168.35722,0,2020-02-07,84.65003465003467,63.185,7.261747288649651,1.5443941456802575,0.009771986970684043,0.00972454989199478
2020-02-08,74.39,77.99,71.59,76.66,907541.871,2020-02-08 23:59:59.999,68507565.56953,43951,437998.026,33069858.29266,0,2020-02-08,88.96666666666668,64.136,7.727827637829406,1.6206365600977282,0.030376344086021412,0.029924118113362756
2020-02-09,76.66,78.52,75.0,77.09,867779.427,2020-02-09 23:59:59.999,66873579.73076,38034,413210.606,31867147.06284,0,2020-02-09,87.93731778425658,65.129,8.062451566561991,1.4835437957366155,0.005609183407252916,0.005593510518761901
2020-02-10,77.1,77.65,72.54,74.09,1160040.655,2020-02-10 23:59:59.999,86506235.27036,53645,557596.956,41584122.51729,0,2020-02-10,77.55247242974032,65.954,8.094539680029925,1.0051220108380434,-0.03891555324944873,-0.039693000042605314
2020-02-11,74.07,77.6,72.77,76.6,936902.251,2020-02-11 23:59:59.999,70534998.94371,54129,473994.323,35731387.35547,0,2020-02-11,77.97556719022688,66.86600000000001,8.220460609453642,1.1841185625055788,0.03387771629099734,0.03331650631797998
2020-02-12,76.6,83.1,76.6,81.31,1370117.76,2020-02-12 23:59:59.999,109212351.1559,82862,676968.914,53961338.55096,0,2020-02-12,82.84839203675347,68.2065,8.283515192680484,1.5818767389451482,0.06148825065274166,0.05967193347320069
2020-02-13,81.31,84.78,75.24,80.68,1628544.558,2020-02-13 23:59:59.999,131963451.73619,97064,749964.972,60803338.68341,0,2020-02-13,75.18916766228597,69.5205,8.059491609276604,1.3846406871564014,-0.007748124461935735,-0.007778297133735076
2020-02-14,80.69,83.92,78.72,83.14,894633.684,2020-02-14 23:59:59.999,73108721.48189,61485,427760.357,34967203.89019,0,2020-02-14,77.45916515426498,71.0135,7.647870893949913,1.5856046954967629,0.030490827962320166,0.03003522073848025
2020-02-15,83.15,83.64,74.81,76.8,922664.131,2020-02-15 23:59:59.999,73301085.23549,65838,379555.346,30184492.4217,0,2020-02-15,59.73692653192171,72.04,6.906699264977593,0.6891859363468945,-0.076256916045225,-0.07932129367086499
2020-02-16,76.78,80.85,67.34,74.9,1179931.913,2020-02-16 23:59:59.999,88730547.26333,95678,537791.507,40509923.4031,0,2020-02-16,57.5579598145286,72.855,6.158472554986847,0.33206285840213007,-0.02473958333333326,-0.02505074963045261
2020-02-17,74.74,75.66,68.58,73.6,1027609.908,2020-02-17 23:59:59.999,73611911.72694,92663,497152.258,35637322.01604,0,2020-02-17,55.86558655865586,73.5065,5.4374609738466315,0.017195525714982163,-0.01735647530040063,-0.01750886478834334
2020-02-18,73.54,79.2,70.04,77.39,759448.8,2020-02-18 23:59:59.999,56579947.69976,70529,368586.012,27488040.15722,0,2020-02-18,62.98482293423271,74.38300000000001,4.444057060602915,0.6766339763405375,0.051494565217391486,0.05021254754753737
2020-02-19,77.39,79.73,64.31,70.56,1082076.133,2020-02-19 23:59:59.999,81866004.04507,71724,504510.158,38252470.06942,0,2020-02-19,47.173798203909136,74.5095,4.286931763787278,-0.9212882820674584,-0.08825429642072613,-0.09239416158383182
2020-02-20,70.65,72.52,66.15,69.44,791753.105,2020-02-20 23:59:59.999,55038408.62518,70623,375074.516,26086776.34799,0,2020-02-20,44.42105263157894,74.581,4.183501303680282,-1.2288749606645033,-0.015873015873015928,-0.01600034134644119
2020-02-21,69.44,75.48,68.57,73.33,1146695.16,2020-02-21 23:59:59.999,83350857.82165,77689,576722.275,41909607.16824,0,2020-02-21,48.700510080155446,74.711,4.097038596737622,-0.3370727337300798,0.05601958525345618,0.054506731753613376
2020-02-22,73.33,76.85,72.43,74.79,1153653.768,2020-02-22 23:59:59.999,86429088.62744,72726,602314.753,45141849.38355,0,2020-02-22,47.68392370572209,74.95000000000002,3.9449714827866487,-0.040557961115346264,0.019909995908905076,0.019714384097868187
2020-02-23,74.8,80.08,74.71,79.66,1309914.943,2020-02-23 23:59:59.999,102434828.43258,75598,668964.423,52285715.07619,0,2020-02-23,52.86766346797589,75.4485,3.874611389681876,1.0869477158961702,0.06511565717341883,0.06308339154992189
2020-02-24,79.62,79.84,71.69,75.64,1871316.693,2020-02-24 23:59:59.999,141902408.82825,112857,866878.414,65738784.10386,0,2020-02-24,51.691032075059994,75.82300000000001,3.473230105884283,-0.052688706023240925,-0.05046447401456189,-0.051782333963241424
2020-02-25,75.64,76.19,69.46,71.03,1637648.766,2020-02-25 23:59:59.999,119550469.91477,109833,774324.865,56586066.4058,0,2020-02-25,44.189442937617365,75.73949999999999,3.5709610603781075,-1.318832639273118,-0.060946589106292914,-0.06288292078053809
2020-02-26,71.05,72.18,57.4,60.52,2240594.829,2020-02-26 23:59:59.999,144219079.27009,149469,1054157.69,67906122.5307,0,2020-02-26,30.653266331658287,75.0815,4.925849405779772,-2.956139906127497,-0.14796564831761227,-0.16012843408956343
2020-02-27,60.57,65.2,57.09,61.78,1630138.399,2020-02-27 23:59:59.999,100501302.76086,108119,782002.588,48180156.31985,0,2020-02-27,32.615894039735096,74.4505,5.756086458331679,-2.201235178054009,0.020819563780568373,0.020605798570280446
2020-02-28,61.79,63.44,56.56,59.95,1676427.006,2020-02-28 23:59:59.999,100342198.94252,103509,797395.309,47764922.68036,0,2020-02-28,28.419877163595757,73.615,6.573229199203616,-2.0788868889062297,-0.029621236646163784,-0.030068806016912374
2020-02-29,59.92,61.72,57.87,58.12,966106.269,2020-02-29 23:59:59.999,57653962.4915,68717,453839.586,27103163.01329,0,2020-02-29,31.023973994311262,72.6665,7.366231111597948,-1.974754766667163,-0.030525437864887484,-0.031001042771441178
2020-03-01,58.11,60.34,56.24,57.78,1010214.686,2020-03-01 23:59:59.999,59149552.32221,73958,489143.521,28644081.5159,0,2020-03-01,32.03944607637432,71.851,8.069587415266744,-1.743707487867256,-0.0058499655884376445,-0.0058671436639928945
2020-03-02,57.77,62.39,57.25,61.52,943139.957,2020-03-02 23:59:59.999,56494737.67011,61828,466728.897,27935413.28212,0,2020-03-02,37.94411177644711,71.09700000000001,8.303622608298891,-1.1533520310073415,0.0647282796815507,0.06271963015929934
2020-03-03,61.52,62.54,59.41,61.09,909566.311,2020-03-03 23:59:59.999,55435129.24898,54590,433809.122,26447480.57984,0,2020-03-03,32.56311510483526,70.086,8.225266209097805,-1.0937032031923413,-0.006989596879063753,-0.007014138535712992
2020-03-04,61.09,61.87,58.79,60.4,662911.146,2020-03-04 23:59:59.999,40013005.6527,44376,318439.779,19224309.4305,0,2020-03-04,37.487684729064036,69.072,8.099600120083892,-1.0706701406772885,-0.01129481093468665,-0.011359081720906437
2020-03-05,60.39,63.33,60.39,62.11,768020.447,2020-03-05 23:59:59.999,47583657.35252,46596,377409.742,23374964.46058,0,2020-03-05,41.102209274095664,68.0205,7.521599406481228,-0.7858036144422988,0.028311258278145734,0.027917901630442384
2020-03-06,62.11,63.9,61.24,63.31,783058.83,2020-03-06 23:59:59.999,48973917.59174,46776,377306.304,23601109.90675,0,2020-03-06,36.987012987012996,67.346,7.2942835584846,-0.5533099950995718,0.019320560296248734,0.01913628798482369
2020-03-07,63.31,64.02,60.0,60.49,813703.963,2020-03-07 23:59:59.999,50697525.45311,54149,365352.837,22791391.92131,0,2020-03-07,32.06221776216758,66.6255,7.220162904562532,-0.8497730703725375,-0.044542726267572275,-0.0455652324372123
2020-03-08,60.5,60.5,50.28,50.99,1439119.706,2020-03-08 23:59:59.999,79349235.15124,95957,673428.621,37147803.55236,0,2020-03-08,17.779276241852102,65.49499999999999,7.816140183519025,-1.855775313572929,-0.15705075219044473,-0.17084852705175854
2020-03-09,51.08,52.29,46.63,50.37,2124369.893,2020-03-09 23:59:59.999,104988079.64108,168062,1040068.978,51423417.13258,0,2020-03-09,19.250425894378196,64.144,7.985247845739948,-1.72493080566664,-0.012159246911159105,-0.01223377530950528
2020-03-10,50.37,51.44,48.92,50.28,1090385.567,2020-03-10 23:59:59.999,54806165.85142,84142,521309.534,26209253.86303,0,2020-03-10,21.629751162154776,63.13000000000001,8.404262702875672,-1.5289859984508989,-0.0017867778439546456,-0.0017883760355123805
2020-03-11,50.28,50.79,45.52,48.59,1158315.318,2020-03-11 23:59:59.999,55765145.00753,79901,560278.556,26985539.97571,0,2020-03-11,28.50450450450451,62.0875,8.861092884360419,-1.523231973318179,-0.033611774065234634,-0.034189635304234994
2020-03-12,48.59,48.82,28.32,29.67,3705544.106,2020-03-12 23:59:59.999,135626808.36285,200336,1672339.516,61308354.37527,0,2020-03-12,14.644351464435147,59.904500000000006,11.052627920425445,-2.7355032864289344,-0.3893805309734514,-0.49328131411508125
2020-03-13,29.64,39.6,23.68,37.54,5026424.181,2020-03-13 23:59:59.999,165555242.81226,325701,2515045.685,82899476.66742,0,2020-03-13,28.221574344023324,58.041999999999994,11.540012131709378,-1.7766012518882084,0.2652510953825411,0.23527059685563217
2020-03-14,37.5,37.62,33.79,34.42,1215517.524,2020-03-14 23:59:59.999,43520720.094,85772,621759.35,22282761.74602,0,2020-03-14,27.531285551763375,55.78000000000001,11.513364774081133,-1.8552352348016978,-0.08311134789557795,-0.08676924037496929
2020-03-15,34.41,38.77,34.04,36.42,1155495.19,2020-03-15 23:59:59.999,41676623.57943,72572,567045.276,20474028.58622,0,2020-03-15,30.367647058823536,53.818999999999996,11.290595481009365,-1.5410170375216157,0.058105752469494565,0.05648028351606862
2020-03-16,36.4,36.43,29.23,33.19,1564263.936,2020-03-16 23:59:59.999,50669232.61324,179719,780676.578,25238721.61514,0,2020-03-16,23.714974948970124,51.927,11.424390390277866,-1.6400875110102289,-0.08868753432180132,-0.09286944856757877
2020-03-17,33.19,35.84,32.38,34.07,969866.688,2020-03-17 23:59:59.999,33459204.52442,100763,501381.208,17306994.74233,0,2020-03-17,25.138019874861982,50.6045,11.898407445403846,-1.3896397543846928,0.026514010244049535,0.026168605940992073
2020-03-18,34.06,34.84,32.29,34.7,1110479.139,2020-03-18 23:59:59.999,37381702.678,77433,563745.784,18984781.51445,0,2020-03-18,26.32645541635962,49.2505,12.098857916957963,-1.2026341742228226,0.0184913413560317,0.01832245527993831
2020-03-19,34.71,40.85,34.0,38.92,1111838.022,2020-03-19 23:59:59.999,41442743.82244,99042,580084.856,21644206.15412,0,2020-03-19,29.58267300581089,48.199,12.033706564654553,-0.7710841169465034,0.12161383285302585,0.11476857036499073
2020-03-20,38.88,43.78,33.91,38.12,1519922.49,2020-03-20 23:59:59.999,60055217.22899,149930,741950.851,29362895.46061,0,2020-03-20,27.664479517644963,47.199,11.996823658566312,-0.7567836502720582,-0.020554984583761704,-0.020769178531803094
2020-03-21,38.11,39.86,36.14,38.33,835591.096,2020-03-21 23:59:59.999,31797046.08765,91345,419213.462,15962158.05718,0,2020-03-21,29.39754555596876,46.2265,11.88173798867735,-0.6645913255724826,0.005508919202518392,0.0054938006064623865
2020-03-22,38.33,39.69,34.83,35.42,891288.331,2020-03-22 23:59:59.999,33167784.83593,86212,444421.693,16537466.33385,0,2020-03-22,33.50286077558805,44.9215,11.542067348798914,-0.8232060785010703,-0.07591964518653782,-0.0789562470377761
2020-03-23,35.41,40.26,34.51,38.99,1048406.694,2020-03-23 23:59:59.999,39228273.05338,95263,527581.697,19778928.61372,0,2020-03-23,38.65177502991624,43.816500000000005,10.955673500159849,-0.44054799551388435,0.10079051383399218,0.09602857063981855
2020-03-24,38.97,41.06,38.24,40.59,711095.325,2020-03-24 23:59:59.999,28140495.15371,68546,350589.63,13889689.49913,0,2020-03-24,40.619554695062924,42.826,10.250250009787925,-0.2181410207424062,0.04103616311874836,0.040216527856300366
2020-03-25,40.57,41.09,38.04,39.19,717235.302,2020-03-25 23:59:59.999,28347997.62124,71748,363366.978,14371291.67341,0,2020-03-25,40.84890965732087,41.68,9.209167057597353,-0.27038275931218,-0.03449125400344921,-0.03510011863926636
2020-03-26,39.19,40.53,38.43,40.44,587118.427,2020-03-26 23:59:59.999,23055001.71938,47442,304979.669,11981873.66036,0,2020-03-26,65.98397150489758,40.5365,7.67393145313195,-0.012575040654111462,0.03189589180913499,0.03139778194073058
2020-03-27,40.44,41.3,37.38,38.02,716211.364,2020-03-27 23:59:59.999,28551678.15225,51651,349653.557,13947741.20497,0,2020-03-27,50.84985835694052,39.413000000000004,6.077745513454409,-0.22919682913940587,-0.059841740850642755,-0.06170705709198738
2020-03-28,38.02,39.43,36.57,38.88,825505.156,2020-03-28 23:59:59.999,31221930.00908,71849,407464.844,15420693.58388,0,2020-03-28,58.58352578906852,38.807500000000005,5.432675869703857,0.013345173122568435,0.022619673855865274,0.022367642531955164
2020-03-29,38.84,39.14,36.98,37.12,519957.867,2020-03-29 23:59:59.999,19771950.4416,45613,253629.695,9654974.46511,0,2020-03-29,51.35975135975135,38.145,4.708019474091038,-0.21771362791524967,-0.04526748971193428,-0.04632407167423863
2020-03-30,37.1,39.73,37.1,38.96,575402.083,2020-03-30 23:59:59.999,22239922.58946,42531,287749.552,11127636.02878,0,2020-03-30,61.84804928131416,37.57899999999999,3.756694935991564,0.36761036590145646,0.04956896551724155,0.04837957085633469
2020-03-31,38.96,39.34,38.3,39.09,429058.696,2020-03-31 23:59:59.999,16707864.35253,30966,197927.474,7710309.80006,0,2020-03-31,60.63559322033898,37.104,2.759394288988918,0.7197231682057671,0.0033367556468173465,0.003331201030529188
2020-04-01,39.1,39.54,37.09,39.24,598364.107,2020-04-01 23:59:59.999,22910828.56038,43558,295635.432,11320563.18077,0,2020-04-01,59.818339100346016,37.582499999999996,2.1690378051106896,0.7641637209340485,0.0038372985418264616,0.003829954892298801
2020-04-02,39.24,43.16,39.02,39.92,720282.57,2020-04-02 23:59:59.999,28995768.48836,54327,361998.435,14589687.63224,0,2020-04-02,52.55362614913176,37.701499999999996,2.2309857981570267,0.9944034613903258,0.017329255861366022,0.01718081674610096
2020-04-03,39.94,41.27,39.66,40.51,535016.151,2020-04-03 23:59:59.999,21661934.63001,44627,273225.241,11070637.46953,0,2020-04-03,56.16933402168302,38.006,2.1744168002138027,1.1515731481442695,0.014779559118236474,0.014671405771335964
2020-04-04,40.51,41.19,39.91,40.75,468072.633,2020-04-04 23:59:59.999,18941659.22701,39740,238746.823,9665642.75014,0,2020-04-04,56.23711340206186,38.2225,2.2232074387669902,1.1368709711594778,0.005924463095531962,0.00590698247227252
2020-04-05,40.76,41.03,39.87,40.37,284336.869,2020-04-05 23:59:59.999,11520887.06699,33778,133081.367,5394767.18765,0,2020-04-05,64.67101363366922,38.5815,1.9278902431085376,0.9276980400690316,-0.00932515337423323,-0.00936890482202237
2020-04-06,40.34,45.13,40.33,45.08,576532.596,2020-04-06 23:59:59.999,24787094.52191,45690,298445.257,12834420.3307,0,2020-04-06,66.90727373681287,39.132,2.132879447329719,2.78871832510115,0.11667079514490952,0.11035175430672604
2020-04-07,45.06,47.72,43.67,44.83,980263.344,2020-04-07 23:59:59.999,44970822.87308,65388,439466.49,20165395.12963,0,2020-04-07,62.725090036014386,39.63850000000001,2.22578259448091,2.33243804353261,-0.005545696539485334,-0.005561131004227399
2020-04-08,44.82,47.25,44.32,46.59,744337.578,2020-04-08 23:59:59.999,34336700.73588,52051,371137.413,17130213.52893,0,2020-04-08,71.73913043478261,40.022,2.7047105108251177,2.428356001025901,0.039259424492527506,0.03850836766135744
2020-04-09,46.57,46.94,44.71,46.28,494460.313,2020-04-09 23:59:59.999,22767932.8543,49480,229758.956,10583139.5651,0,2020-04-09,68.1592039800995,40.43,3.0018362801177285,1.9488071480602438,-0.006653788366602353,-0.006676023503229646
2020-04-10,46.27,46.44,40.86,42.3,929015.121,2020-04-10 23:59:59.999,40001567.26925,72105,420036.363,18068511.9132,0,2020-04-10,62.13151927437638,40.6285,2.986885854073206,0.5596129486235893,-0.08599827139152993,-0.08992281627324367
2020-04-11,42.28,43.2,41.42,42.55,384372.228,2020-04-11 23:59:59.999,16298877.61536,43888,199055.206,8440289.31384,0,2020-04-11,60.77510275983555,40.985,2.748493367187406,0.5694028658331807,0.005910165484633634,0.00589276896715092
2020-04-12,42.52,43.6,41.84,41.98,511521.495,2020-04-12 23:59:59.999,21868400.49481,46174,260570.019,11154553.50724,0,2020-04-12,65.34090909090907,41.134499999999996,2.7153859374816633,0.311373786071878,-0.013396004700352515,-0.0134865406268962
2020-04-13,41.98,41.99,39.43,41.2,936013.692,2020-04-13 23:59:59.999,37858512.39672,61269,415550.428,16814175.75631,0,2020-04-13,57.57780784844385,41.165000000000006,2.712372238077625,0.012903833592104083,-0.018580276322057943,-0.01875505803700604
2020-04-14,41.21,41.83,40.46,41.2,515098.221,2020-04-14 23:59:59.999,21255309.38711,42693,278970.321,11514037.87557,0,2020-04-14,57.20136518771331,41.265499999999996,2.6722836183387417,-0.024510871357551447,0.0,0.0
2020-04-15,41.21,41.77,39.06,39.21,480625.519,2020-04-15 23:59:59.999,19512062.97142,49095,233021.614,9473537.58303,0,2020-04-15,49.90903577926015,41.204,2.7062197366727974,-0.7368211727151001,-0.048300970873786486,-0.04950644005124052
2020-04-16,39.2,43.8,37.87,42.54,901247.417,2020-04-16 23:59:59.999,37068293.05014,80075,487583.886,20068607.02146,0,2020-04-16,56.84430512016718,41.42999999999999,2.6134711743095367,0.4247224958558274,0.08492731446059665,0.08151299346785074
2020-04-17,42.54,43.02,41.62,42.19,449130.633,2020-04-17 23:59:59.999,18947964.00652,40191,215140.182,9080658.72088,0,2020-04-17,54.44444444444445,41.5955,2.547462049714647,0.23336952166435185,-0.008227550540667594,-0.008261583635843815
2020-04-18,42.16,44.46,41.97,44.12,618666.97,2020-04-18 23:59:59.999,26724537.05772,49184,309003.146,13349756.60508,0,2020-04-18,58.18358426420592,41.945499999999996,2.3752528397269836,0.9154814862782958,0.04574543730741887,0.044729968249054466
2020-04-19,44.13,44.3,41.5,42.23,721781.477,2020-04-19 23:59:59.999,30967892.37368,51695,341924.309,14677813.00338,0,2020-04-19,54.20814479638009,42.109,2.2691034631138614,0.053325025485593494,-0.042837715321849545,-0.043782325439449564
2020-04-20,42.2,43.25,39.54,40.19,868956.977,2020-04-20 23:59:59.999,36089408.39948,61491,419262.184,17434779.79165,0,2020-04-20,37.41636644364385,42.164,2.2044868122224477,-0.8954464998635763,-0.048306890835898675,-0.04951266048474249
2020-04-21,40.19,41.35,40.0,40.59,584108.609,2020-04-21 23:59:59.999,23718413.6478,44864,296627.322,12044784.28618,0,2020-04-21,39.172625127681336,42.2315,2.129641123708173,-0.7707871442404256,0.009952724558347947,0.00990352238969672
2020-04-22,40.57,42.46,40.28,41.83,543528.767,2020-04-22 23:59:59.999,22512543.27941,36301,283526.935,11743707.33922,0,2020-04-22,37.51311647429169,42.327000000000005,2.0622907549359466,-0.2409941463445311,0.030549396403054763,0.030092054603300524
2020-04-23,41.83,43.98,40.94,43.0,900219.801,2020-04-23 23:59:59.999,38264378.8729,53743,429500.054,18250669.97549,0,2020-04-23,41.76706827309237,42.4515,2.0215842536823403,0.2713218600713266,0.027970356203681712,0.027586330239455507
2020-04-24,43.0,45.06,42.86,44.59,1159409.673,2020-04-24 23:59:59.999,51197945.15076,64241,565243.317,24964689.16605,0,2020-04-24,56.53166001140903,42.6435,2.0337941597443128,0.9570781736558399,0.036976744186046684,0.036309502945823025
2020-04-25,44.59,45.67,43.9,44.41,1046864.832,2020-04-25 23:59:59.999,46830769.50267,62392,476175.122,21310433.79472,0,2020-04-25,55.32646048109966,42.8455,1.996387461074727,0.7836655110815858,-0.004036779546983782,-0.004044949335374535
2020-04-26,44.41,45.45,43.62,44.56,754525.085,2020-04-26 23:59:59.999,33628705.82416,46745,350373.74,15628331.24301,0,2020-04-26,57.57042253521128,42.8195,1.9689523663746118,0.8839726291625573,0.0033776176536817193,0.0033719263150177956
2020-04-27,44.58,45.29,43.2,44.53,679362.605,2020-04-27 23:59:59.999,30090336.79697,43677,314300.492,13924906.38155,0,2020-04-27,60.2209944751381,42.8045,1.9539150307441655,0.8830987903004319,-0.0006732495511669878,-0.0006734762854175943
2020-04-28,44.5,46.2,43.46,45.75,756146.843,2020-04-28 23:59:59.999,33737239.36113,47310,375343.609,16759666.55145,0,2020-04-28,62.992575671045095,42.7625,1.8757254736850828,1.5927170803575552,0.02739726027397249,0.0270286723879192
2020-04-29,45.75,50.16,45.67,48.85,1821735.765,2020-04-29 23:59:59.999,86749471.06026,89045,875068.407,41723740.72849,0,2020-04-29,75.88614393125668,42.891,2.1909284261291164,2.719851515427289,0.06775956284153017,0.06556258676726154
2020-04-30,48.84,50.89,45.61,46.39,1787959.771,2020-04-30 23:59:59.999,86229652.10686,99237,843186.841,40695955.2407,0,2020-04-30,60.8450704225352,43.0955,2.3199420931973784,1.4200785483656062,-0.05035823950870011,-0.05167045972513945
2020-05-01,46.37,48.35,46.36,47.11,793918.34,2020-05-01 23:59:59.999,37598631.94684,77557,371101.632,17581057.74378,0,2020-05-01,63.57615894039735,43.3235,2.48192895059247,1.5256278787094641,0.015520586333261477,0.015401373948297433
2020-05-02,47.11,49.71,46.77,49.22,728683.621,2020-05-02 23:59:59.999,35146503.94552,98791,365232.704,17617575.39896,0,2020-05-02,63.93442622950819,43.685500000000005,2.785132473462693,1.9871586191083666,0.044788792188495075,0.043814752250960126
2020-05-03,49.24,50.09,46.59,48.11,1038104.995,2020-05-03 23:59:59.999,50322789.2459,115421,467662.995,22699777.97602,0,2020-05-03,66.78082191780821,44.031,2.887298682888577,1.412739189116103,-0.022551808208045476,-0.022809989251547435
2020-05-04,48.12,48.24,45.16,47.0,1132834.533,2020-05-04 23:59:59.999,52709603.20083,120378,541483.42,25193616.98304,0,2020-05-04,70.52441229656418,44.321000000000005,2.8792522786671753,0.930449901819691,-0.023072126377052582,-0.023342454001303744
2020-05-05,46.99,47.79,45.66,46.58,693477.288,2020-05-05 23:59:59.999,32459711.69271,104052,337177.188,15796488.71606,0,2020-05-05,68.03130644190244,44.689499999999995,2.6534654104039372,0.7124645350896857,-0.008936170212766048,-0.008976337253863742
2020-05-06,46.58,47.6,44.45,44.95,643145.403,2020-05-06 23:59:59.999,29993792.09828,64858,309190.398,14428991.94384,0,2020-05-06,59.1764705882353,44.81,2.6049931811204083,0.05374294298144248,-0.034993559467582536,-0.03562050353856554
2020-05-07,44.94,48.3,44.29,47.39,1032222.714,2020-05-07 23:59:59.999,48122056.22245,97042,507748.064,23670015.5339,0,2020-05-07,62.01423097974821,45.07,2.5891860131180104,0.8960345020581025,0.05428253615127909,0.05286047506186755
2020-05-08,47.39,48.51,46.35,47.75,866151.502,2020-05-08 23:59:59.999,41208498.97597,105458,417354.079,19854136.26728,0,2020-05-08,59.272300469483554,45.2515,2.645700136169242,0.9443625019491529,0.007596539354294052,0.0075678309472422215
2020-05-09,47.72,49.21,46.82,47.0,1189422.448,2020-05-09 23:59:59.999,57248778.62724,117625,547021.248,26348464.21647,0,2020-05-09,57.35377626348667,45.489999999999995,2.5729872051555893,0.5868665016966903,-0.015706806282722474,-0.015831465216680628
2020-05-10,47.0,47.08,39.0,42.04,1942988.152,2020-05-10 23:59:59.999,81786464.64287,176829,881934.676,36998949.57771,0,2020-05-10,44.380017841213196,45.582499999999996,2.399850598419926,-1.4761335569524192,-0.10553191489361702,-0.1115260557013082
2020-05-11,42.04,42.86,39.24,41.51,1038174.698,2020-05-11 23:59:59.999,42953114.29573,145955,512546.546,21229231.49525,0,2020-05-11,43.41186736474694,45.628499999999995,2.3061046559534466,-1.7859120093997753,-0.012607040913415801,-0.012687183943802994
2020-05-12,41.49,42.86,41.22,42.2,740169.862,2020-05-12 23:59:59.999,31174489.0956,135048,365841.689,15412461.99444,0,2020-05-12,42.07235372934346,45.647,2.2753070353828724,-1.5149603751917196,0.016622500602264667,0.01648585897701888
2020-05-13,42.2,43.77,41.88,43.19,547383.902,2020-05-13 23:59:59.999,23425462.80888,122730,282861.662,12120389.49055,0,2020-05-13,36.04536489151872,45.6565,2.264042204832497,-1.0894231541865118,0.023459715639810197,0.023188765930643406
2020-05-14,43.17,44.4,42.18,43.98,614400.126,2020-05-14 23:59:59.999,26746670.49097,166928,300700.739,13102010.43816,0,2020-05-14,43.52498656636216,45.626,2.2831935160162367,-0.7209200571276918,0.01829127112757578,0.018125998154005327
2020-05-15,43.96,44.13,41.78,42.72,626020.859,2020-05-15 23:59:59.999,26953334.25218,193940,295343.7,12718061.16497,0,2020-05-15,38.53785900783289,45.5415,2.3605290999220037,-1.195282871155127,-0.028649386084583894,-0.02906779047467572
2020-05-16,42.73,43.89,42.47,43.26,559203.547,2020-05-16 23:59:59.999,24207929.60904,185751,285709.844,12374712.0391,0,2020-05-16,33.04891922639361,45.4765,2.406430584474519,-0.9210737323154535,0.012640449438202195,0.012561225872973258
2020-05-17,43.26,44.52,43.1,43.68,449103.438,2020-05-17 23:59:59.999,19755597.02466,183121,232192.618,10223921.20233,0,2020-05-17,36.88573120189461,45.434000000000005,2.431402887223678,-0.7213942243865753,0.009708737864077666,0.00966191091173689
2020-05-18,43.68,46.61,43.63,45.35,881373.275,2020-05-18 23:59:59.999,39907155.37515,178237,458722.711,20759839.10714,0,2020-05-18,45.27220630372493,45.414,2.4303116542620087,-0.026334071141766537,0.03823260073260082,0.03751984512449609
2020-05-19,45.34,45.83,44.08,45.75,522733.736,2020-05-19 23:59:59.999,23521912.33053,134052,246787.418,11110366.45543,0,2020-05-19,47.61904761904762,45.259,2.294709934656265,0.21397039886592412,0.008820286659316334,0.008781615160384618
2020-05-20,45.72,46.16,43.09,44.26,717318.939,2020-05-20 23:59:59.999,32241743.48539,193887,334509.262,15054857.94244,0,2020-05-20,48.004626951995355,45.1525,2.2888767068033613,-0.38992925977496984,-0.03256830601092897,-0.033110457098626735
2020-05-21,44.25,44.64,41.59,42.72,756210.608,2020-05-21 23:59:59.999,32645994.031,184019,348657.474,15052102.67637,0,2020-05-21,35.753508236729715,44.933,2.3017364154732007,-0.9614480550958495,-0.03479439674649798,-0.035414139970964216
2020-05-22,42.73,44.7,42.33,44.23,552276.041,2020-05-22 23:59:59.999,24120122.44897,172623,276831.898,12091601.54891,0,2020-05-22,39.96579247434434,44.683499999999995,2.071519338172028,-0.21892144168935468,0.03534644194756553,0.03473609722829598
2020-05-23,44.23,44.73,43.65,43.84,360879.101,2020-05-23 23:59:59.999,15933398.06432,157781,159668.4,7052629.43395,0,2020-05-23,40.80325960419093,44.47,1.9138222983007864,-0.32918416749525264,-0.008817544652950371,-0.00885664924047518
2020-05-24,43.84,44.55,41.97,42.04,490552.496,2020-05-24 23:59:59.999,21312119.32667,168230,222902.847,9691630.94715,0,2020-05-24,50.0,44.221999999999994,1.8899390132181058,-1.154534609180103,-0.04105839416058399,-0.04192509663100977
2020-05-25,42.05,43.33,41.63,42.97,459224.491,2020-05-25 23:59:59.999,19623227.5142,130451,225780.621,9653486.80414,0,2020-05-25,55.0624133148405,44.0415,1.8241256737636873,-0.5874047032018319,0.022121788772597517,0.021880651778153355
2020-05-26,42.98,43.08,41.72,42.25,371842.37,2020-05-26 23:59:59.999,15789716.14168,155353,174510.757,7413168.97846,0,2020-05-26,50.17301038062282,43.9065,1.85303243644733,-0.8939400991684071,-0.016755876192692587,-0.0168978439837209
2020-05-27,42.25,44.04,42.2,43.86,420442.967,2020-05-27 23:59:59.999,18170429.98616,188896,224575.835,9700461.36662,0,2020-05-27,52.2229595222296,43.730000000000004,1.6620405973886523,0.07821710264132387,0.03810650887573974,0.037398389186559376
2020-05-28,43.87,44.92,43.13,44.77,388725.011,2020-05-28 23:59:59.999,17108662.96128,168428,203306.989,8956972.61989,0,2020-05-28,52.60039499670839,43.581,1.3947718168403878,0.8524691893283821,0.020747834017327937,0.020535529263132103
2020-05-29,44.77,45.33,44.18,44.53,385714.208,2020-05-29 23:59:59.999,17245011.72252,140559,174545.288,7805321.45076,0,2020-05-29,56.38673253352154,43.457499999999996,1.1668305022805299,0.9191566366356047,-0.00536073263345993,-0.005375152919263179
2020-05-30,44.51,48.27,44.17,47.77,745144.83,2020-05-30 23:59:59.999,34643423.93267,174932,387294.577,18015591.08867,0,2020-05-30,63.366923532898646,43.744,1.4656609789657256,2.746883527486032,0.07275993712104212,0.07023470806825959
2020-05-31,47.77,47.88,45.1,45.65,719423.627,2020-05-31 23:59:59.999,33553390.51481,172909,340565.396,15900316.14408,0,2020-05-31,55.30425417339795,43.951,1.4253380023882922,1.191997966203917,-0.04437931756332436,-0.045394220360893106
2020-06-01,45.64,48.89,45.38,48.38,927443.804,2020-06-01 23:59:59.999,43541208.98005,210833,463810.795,21801952.97185,0,2020-06-01,57.71777890983189,44.260000000000005,1.6739584349991752,2.461231960040888,0.05980284775465505,0.05808289814090379
2020-06-02,48.37,50.06,43.7,46.0,1222979.176,2020-06-02 23:59:59.999,58379602.27966,207791,548957.622,26259734.13888,0,2020-06-02,50.57843590930125,44.4005,1.6971879993868637,0.9424412620038817,-0.049193881769326264,-0.050445108692786296
2020-06-03,46.0,47.57,45.28,47.18,714620.147,2020-06-03 23:59:59.999,33297364.06846,177037,343463.511,16015821.32406,0,2020-06-03,56.85446009389671,44.560500000000005,1.8029988907372154,1.452857244370753,0.02565217391304353,0.02532867749043402
2020-06-04,47.2,48.14,46.25,47.49,845405.123,2020-06-04 23:59:59.999,40116554.23434,206390,410247.792,19474361.83013,0,2020-06-04,61.88340807174888,44.799,1.8612697985938331,1.44578717283922,0.006570580754557076,0.00654908858150156
2020-06-05,47.49,48.03,46.43,46.84,621559.174,2020-06-05 23:59:59.999,29409491.70927,197694,302309.693,14315322.25047,0,2020-06-05,56.79333680374806,44.978,1.8775476726723959,0.991719159572516,-0.01368709201937246,-0.013781623831513838
2020-06-06,46.84,47.3,46.1,46.8,405456.161,2020-06-06 23:59:59.999,18951372.55068,169283,196243.037,9176280.47322,0,2020-06-06,57.84729586426296,45.134,1.8935719518523033,0.8798186931161004,-0.000853970964987294,-0.0008543358059156426
2020-06-07,46.82,47.0,45.08,46.63,640220.28,2020-06-07 23:59:59.999,29608936.93749,203356,289445.719,13399704.65954,0,2020-06-07,63.31979106210098,45.19799999999999,1.9226642698964573,0.7447998188873234,-0.0036324786324785086,-0.0036390921033714377
2020-06-08,46.63,46.84,45.98,46.48,384909.073,2020-06-08 23:59:59.999,17868993.94965,186154,190264.785,8837400.26085,0,2020-06-08,60.66869300911852,45.234500000000004,1.9405410938296928,0.641831293323439,-0.0032168132103796987,-0.003221998276573818
2020-06-09,46.47,46.88,45.3,45.9,487133.695,2020-06-09 23:59:59.999,22434247.44398,198648,237450.145,10938946.30788,0,2020-06-09,61.18945432250151,45.3165,1.9318256295943304,0.30204589434012824,-0.012478485370051584,-0.012556995477156267
2020-06-10,45.91,47.25,45.68,46.7,580202.563,2020-06-10 23:59:59.999,26895785.34876,205636,307679.059,14269041.78232,0,2020-06-10,59.16129032258065,45.5155,1.8536918355142722,0.6389951001059367,0.017429193899782147,0.01727904760835217
2020-06-11,46.69,46.99,41.86,43.23,758938.766,2020-06-11 23:59:59.999,34195245.89445,216714,325021.803,14640759.95525,0,2020-06-11,45.73643410852712,45.465500000000006,1.9030210746405187,-1.1747111105547245,-0.07430406852248406,-0.07720946599531134
2020-06-12,43.22,45.39,42.77,44.76,473526.629,2020-06-12 23:59:59.999,21005110.04264,204433,240196.207,10651320.41549,0,2020-06-12,50.59431524547803,45.5115,1.872536346355043,-0.4013273234790987,0.03539208882720346,0.034780184764184194
2020-06-13,44.76,45.25,44.28,45.11,327477.706,2020-06-13 23:59:59.999,14646946.53513,144215,167937.964,7515819.62402,0,2020-06-13,41.919805589307416,45.665000000000006,1.6899096830427807,-0.32841991827675493,0.007819481680071627,0.00778906797658021
2020-06-14,45.11,45.14,43.55,44.03,316390.306,2020-06-14 23:59:59.999,14031039.07505,132733,135423.37,6008557.71004,0,2020-06-14,44.74708171206227,45.718,1.6159422866191286,-1.0445917617092828,-0.023941476391044048,-0.02423273165264203
2020-06-15,44.05,44.11,41.7,43.74,530926.697,2020-06-15 23:59:59.999,22825571.82472,156035,247399.311,10640410.10923,0,2020-06-15,32.12634822804317,45.792500000000004,1.475922102494311,-1.3906560492124032,-0.006586418351124168,-0.006608204519040615
2020-06-16,43.74,44.22,43.28,43.87,287345.9,2020-06-16 23:59:59.999,12578202.44635,133889,134945.175,5911322.35059,0,2020-06-16,40.07455731593662,45.793,1.4752345041060124,-1.3035215720942848,0.0029721079103794956,0.002967699929500808
2020-06-17,43.88,45.06,43.01,44.06,542801.204,2020-06-17 23:59:59.999,23983237.44159,143858,276459.151,12223218.71693,0,2020-06-17,33.98357289527725,45.7575,1.50929706538461,-1.1246957533621313,0.004330977889218213,0.004321626196074523
2020-06-18,44.06,44.27,42.89,43.44,289279.371,2020-06-18 23:59:59.999,12648327.68895,115027,140251.007,6135292.24322,0,2020-06-18,29.850746268656735,45.703,1.5742369914542114,-1.437521804076999,-0.014071720381298336,-0.014171665748517174
2020-06-19,43.45,43.8,42.58,42.89,364043.932,2020-06-19 23:59:59.999,15726981.77885,106780,167818.898,7253181.43351,0,2020-06-19,30.15075376884424,45.459,1.6146692670961782,-1.591037900052494,-0.012661141804788167,-0.012741977096890861
2020-06-20,42.89,43.88,42.22,43.58,304930.613,2020-06-20 23:59:59.999,13135007.00123,129106,154306.256,6653751.5242,0,2020-06-20,34.811320754717,45.35549999999999,1.6672684089156329,-1.064915517205027,0.016087666122639233,0.01595963098768465
2020-06-21,43.58,43.86,42.91,43.04,201921.073,2020-06-21 23:59:59.999,8753115.1959,96334,94445.331,4097961.56751,0,2020-06-21,33.63719234275297,45.088499999999996,1.5828697289881462,-1.294168409746206,-0.012391005048187242,-0.01246841366294484
2020-06-22,43.04,44.7,42.96,44.34,384921.153,2020-06-22 23:59:59.999,16916469.00986,107859,211237.14,9286770.92161,0,2020-06-22,41.17161716171621,45.0055,1.576065971768967,-0.42225389794631585,0.030204460966542834,0.029757288334636513
2020-06-23,44.34,44.52,43.91,44.23,249083.336,2020-06-23 23:59:59.999,11006012.68658,98352,120349.283,5319939.74596,0,2020-06-23,42.83261802575108,44.858,1.4979550973523355,-0.4192382008713093,-0.0024808299503835674,-0.0024839123079301827
2020-06-24,44.22,44.74,42.07,42.65,569436.144,2020-06-24 23:59:59.999,24691619.24303,126194,244285.656,10601257.2587,0,2020-06-24,33.7087691069992,44.616,1.4402134344748119,-1.3650754484990084,-0.03572236038887633,-0.036376017942547266
2020-06-25,42.65,43.05,41.6,42.35,290719.624,2020-06-25 23:59:59.999,12336910.02707,113704,125566.25,5338680.81858,0,2020-06-25,45.24838012958966,44.39149999999999,1.4251621329739212,-1.432468596215045,-0.007033997655334079,-0.007058852839624688
2020-06-26,42.35,43.6,41.36,43.12,675315.879,2020-06-26 23:59:59.999,28855462.92111,148761,333312.543,14258307.20176,0,2020-06-26,40.35294117647059,44.207499999999996,1.3323776728681362,-0.8162100147317818,0.018181818181818077,0.018018505502678212
2020-06-27,43.12,43.17,38.94,41.06,742733.163,2020-06-27 23:59:59.999,30660510.6677,166443,332855.747,13753195.39994,0,2020-06-27,30.16650342801175,43.929,1.380624953837031,-2.078044433447678,-0.047773654916511976,-0.048952515009954116
2020-06-28,41.05,42.05,40.43,41.37,378517.22,2020-06-28 23:59:59.999,15628961.26003,132411,187953.067,7765073.64927,0,2020-06-28,35.9110169491525,43.673500000000004,1.356304091814698,-1.698365443193485,0.007549926936190721,0.007521568882532405
2020-06-29,41.37,42.33,40.59,41.88,513348.652,2020-06-29 23:59:59.999,21278506.54576,153718,259324.448,10757300.08279,0,2020-06-29,40.37267080745341,43.472500000000004,1.3059172013729323,-1.219449440076124,0.012327773749093662,0.012252405529016085
2020-06-30,41.89,42.09,40.75,41.19,307520.398,2020-06-30 23:59:59.999,12701402.27549,126140,137505.188,5680393.0549,0,2020-06-30,36.88845401174169,43.196999999999996,1.1625294563329176,-1.7264078678323367,-0.016475644699140535,-0.01661287755434687
2020-07-01,41.19,42.04,40.96,41.76,333486.282,2020-07-01 23:59:59.999,13869771.44605,119652,173472.407,7216396.36578,0,2020-07-01,39.15094339622639,43.12349999999999,1.2059906388742139,-1.1306057908316893,0.01383831026948279,0.013743435126393814
2020-07-02,41.78,41.9,40.27,41.04,466479.653,2020-07-02 23:59:59.999,19199739.85269,130092,202856.48,8348678.36347,0,2020-07-02,38.78504672897196,42.9375,1.2269940805414719,-1.5464622283773652,-0.01724137931034475,-0.017391742711869107
2020-07-03,41.03,41.72,40.89,41.16,297792.219,2020-07-03 23:59:59.999,12311343.24136,126712,156922.689,6491259.22327,0,2020-07-03,41.577409931840286,42.739999999999995,1.175728217788815,-1.3438479880762704,0.0029239766081869956,0.0029197101033346246
2020-07-04,41.15,42.25,41.06,42.14,461625.885,2020-07-04 23:59:59.999,19250308.13729,124643,242535.683,10120978.6881,0,2020-07-04,43.181818181818194,42.6455,1.1420594278940583,-0.44262145003446346,0.023809523809523947,0.02353049741019425
2020-07-05,42.14,42.23,40.72,41.6,423079.296,2020-07-05 23:59:59.999,17549663.538,128026,196921.787,8172941.90204,0,2020-07-05,43.181818181818194,42.5385,1.134340870517285,-0.8273527159186467,-0.012814428096820096,-0.012897241108825348
2020-07-06,41.59,44.38,41.52,44.09,593198.71,2020-07-06 23:59:59.999,25493147.29429,150434,315943.293,13565172.0728,0,2020-07-06,48.93617021276596,42.5495,1.148905543274998,1.3408412980659394,0.059855769230769296,0.05813283210262872
2020-07-07,44.08,44.54,43.06,43.42,425469.372,2020-07-07 23:59:59.999,18574722.67792,109668,197917.532,8644399.15868,0,2020-07-07,46.70999187652317,42.5175,1.112970775612737,0.810892810283486,-0.015196189612156963,-0.015312834919700487
2020-07-08,43.42,45.66,43.12,45.39,836723.839,2020-07-08 23:59:59.999,37524782.90577,128431,421731.964,18913043.53365,0,2020-07-08,60.78740157480316,42.614999999999995,1.2720786966716782,2.181468809485322,0.045370796867802765,0.04437165201822837
2020-07-09,45.39,45.98,43.63,44.37,945542.413,2020-07-09 23:59:59.999,42360268.43161,127458,441179.708,19791846.29504,0,2020-07-09,57.52608047690013,42.689,1.3306187717708913,1.263322024055614,-0.022471910112359605,-0.022728251077556175
2020-07-10,44.37,44.69,43.45,44.36,517516.307,2020-07-10 23:59:59.999,22841827.78101,145097,245192.566,10830994.81251,0,2020-07-10,54.89731437598737,42.728,1.3689857943977215,1.1921234001686543,-0.00022537750732476436,-0.00022540290865183187
2020-07-11,44.36,44.84,43.81,44.73,395085.883,2020-07-11 23:59:59.999,17527286.41677,161417,196337.08,8716239.94508,0,2020-07-11,66.72743846855056,42.8125,1.4395937840785151,1.3319729643229807,0.008340847610459834,0.008306254962590416
2020-07-12,44.73,45.41,43.69,44.78,690730.96,2020-07-12 23:59:59.999,30824704.71178,175783,324788.661,14503232.81164,0,2020-07-12,65.91970121381885,42.8345,1.467261950565935,1.3259391066807173,0.001117818019226613,0.00111719372585217
2020-07-13,44.79,45.68,42.55,43.95,1009908.617,2020-07-13 23:59:59.999,44975425.75236,198889,484033.334,21594848.62713,0,2020-07-13,59.38349954669084,42.8205,1.4545264195822512,0.7765414122380805,-0.018535060294774364,-0.018708987039422673
2020-07-14,43.94,44.13,42.88,43.93,587941.579,2020-07-14 23:59:59.999,25655448.21306,173107,285568.659,12467841.41566,0,2020-07-14,63.22393822393822,42.884499999999996,1.4746506276687428,0.7089814905194339,-0.0004550625711036149,-0.0004551661434978965
2020-07-15,43.94,44.12,42.91,43.37,457458.126,2020-07-15 23:59:59.999,19883057.02336,161892,197745.492,8595428.26229,0,2020-07-15,57.77777777777777,42.935500000000005,1.472829267984306,0.29501043294355733,-0.012747552925108208,-0.01282950014041341
2020-07-16,43.37,43.54,40.8,42.12,756081.598,2020-07-16 23:59:59.999,31818105.97066,195304,346485.77,14579418.74373,0,2020-07-16,54.96323529411763,42.8855,1.4831739614757287,-0.5161228688496835,-0.02882176619783261,-0.029245270581500123
2020-07-17,42.12,42.53,41.65,41.93,442280.646,2020-07-17 23:59:59.999,18599394.15296,154686,226143.126,9516219.20799,0,2020-07-17,53.51598173515983,42.928999999999995,1.4389136984470459,-0.6942737435039853,-0.004510921177587779,-0.004521126083103401
2020-07-18,41.91,42.94,41.75,42.49,355686.999,2020-07-18 23:59:59.999,15104955.11931,108137,187316.639,7953609.72666,0,2020-07-18,51.661918328585,42.985,1.3962072685821811,-0.35453188873788016,0.013355592654423987,0.01326719294404886
2020-07-19,42.49,42.9,41.84,42.69,333980.41,2020-07-19 23:59:59.999,14145007.42623,113224,148576.404,6301544.95455,0,2020-07-19,55.34838076545631,43.0255,1.3740392815957017,-0.24417060304882973,0.004706989879971646,0.004695946643150381
2020-07-20,42.69,42.84,41.34,41.95,398330.73,2020-07-20 23:59:59.999,16817394.9116,116017,171170.479,7232886.92059,0,2020-07-20,37.32227488151658,43.0635,1.3304224695065971,-0.8369521903917854,-0.017334270320918166,-0.017486267856655427
2020-07-21,41.95,44.13,41.88,43.79,672708.649,2020-07-21 23:59:59.999,29190195.32888,128645,352524.562,15278684.84616,0,2020-07-21,51.92507804370446,43.165000000000006,1.3028935409107614,0.47970151081039153,0.04386174016686528,0.042927047900091775
2020-07-22,43.79,45.18,43.22,45.03,589440.16,2020-07-22 23:59:59.999,25933711.4728,144552,292327.953,12878750.11811,0,2020-07-22,47.972972972972975,43.3645,1.2653207415303789,1.3162670501912537,0.028316967344142574,0.027923453500173362
2020-07-23,45.03,45.8,44.49,45.0,842831.98,2020-07-23 23:59:59.999,38039543.29025,155032,402747.754,18191969.47706,0,2020-07-23,53.99239543726238,43.5565,1.2030105875194261,1.1999063141883535,-0.0006662225183211579,-0.0006664445431605588
2020-07-24,45.01,45.03,44.0,44.18,638390.46,2020-07-24 23:59:59.999,28386869.91649,127682,274278.318,12206132.79191,0,2020-07-24,48.96551724137931,43.6585,1.1623853650324976,0.44864639188348976,-0.01822222222222225,-0.01839029177834867
2020-07-25,44.19,49.66,44.11,49.22,2486589.073,2020-07-25 23:59:59.999,118455463.18109,269023,1252254.362,59602487.18019,0,2020-07-25,66.7913238593867,44.0395,1.6134515959988454,3.2108183554108365,0.114078768673608,0.10802784697093872
2020-07-26,49.22,50.9,47.26,48.13,2451319.852,2020-07-26 23:59:59.999,119775211.6863,242406,1102373.012,53954595.53255,0,2020-07-26,61.62387231089523,44.241499999999995,1.8549344576304883,2.09630048328889,-0.022145469321414035,-0.02239436164789178
2020-07-27,48.14,56.1,46.7,53.41,3945312.35,2020-07-27 23:59:59.999,201399574.36871,359700,1942539.254,99149591.50327,0,2020-07-27,75.07953340402969,44.741,2.7508025623155463,3.151443916317528,0.10970288801163508,0.10409231103666088
2020-07-28,53.41,58.35,51.6,55.79,4755599.984,2020-07-28 23:59:59.999,261346489.01579,434951,2243758.283,123397913.37242,0,2020-07-28,77.94533459000944,45.261,3.699378183880112,2.8461539957930446,0.044560943643512596,0.043596647505758174
2020-07-29,55.8,57.04,54.65,55.19,2176931.227,2020-07-29 23:59:59.999,121732324.04213,262525,1027255.136,57469061.3426,0,2020-07-29,77.79868297271874,45.802,4.303976863565251,2.1812384911900606,-0.010754615522495126,-0.010812864406027117
2020-07-30,55.2,58.73,53.95,56.82,2447266.605,2020-07-30 23:59:59.999,138199556.37151,299593,1190578.26,67273543.50711,0,2020-07-30,83.96487985212572,46.425,4.939180093902198,2.1046003187519804,0.029534335930422317,0.029106598974632098
2020-07-31,56.83,59.37,55.85,58.22,1800745.758,2020-07-31 23:59:59.999,103839160.81766,211314,826704.261,47673733.61714,0,2020-07-31,85.64551422319477,47.0995,5.575625973825697,1.9944845748628484,0.02463921154523052,0.02434056189143526
2020-08-01,58.22,62.51,57.59,61.68,2718035.185,2020-08-01 23:59:59.999,163938744.01148,258560,1319331.53,79612776.66029,0,2020-08-01,87.26213592233012,47.9445,6.421980736419812,2.1388260980143334,0.05942974922706967,0.057730790937596824
2020-08-02,61.69,65.43,51.0,56.84,3762472.647,2020-08-02 23:59:59.999,221923203.47423,361403,1732868.809,102256155.24596,0,2020-08-02,73.28068443566966,48.589,6.643006532397322,1.242058089174028,-0.07846952010376129,-0.0817194260261741
2020-08-03,56.84,60.12,55.7,58.57,1710164.404,2020-08-03 23:59:59.999,99724110.98058,242116,822001.262,47936077.23696,0,2020-08-03,76.48183556405354,49.321,6.904074998067967,1.3396436166449868,0.030436312456016745,0.02998231687279088
2020-08-04,58.54,59.7,56.36,57.69,1548717.024,2020-08-04 23:59:59.999,89832562.30391,234127,744619.668,43209210.37529,0,2020-08-04,72.84681130834977,50.037,6.996357774246756,1.0938548666236467,-0.015024756701383035,-0.015138771832892929
2020-08-05,57.69,59.88,56.81,58.91,1860999.03,2020-08-05 23:59:59.999,109216698.25658,239502,915506.372,53758019.88206,0,2020-08-05,72.82894736842105,50.8765,7.0037112530278804,1.1470347234156624,0.021147512567169402,0.020927007264797962
2020-08-06,58.91,60.83,57.76,59.13,1959152.648,2020-08-06 23:59:59.999,116158834.89187,261330,926327.913,54952299.93382,0,2020-08-06,73.09578293559989,51.7365,6.902615274776575,1.0711157591264302,0.003734510269903346,0.0037275542991426595
2020-08-07,59.13,61.17,54.59,57.2,2087286.232,2020-08-07 23:59:59.999,122233117.80395,273298,961869.97,56409024.32261,0,2020-08-07,70.53627760252367,52.472,6.644383144312272,0.7115784712155359,-0.03263994588195496,-0.03318451144698625
2020-08-08,57.24,58.64,56.51,58.53,853817.599,2020-08-08 23:59:59.999,49256021.23866,187169,417881.819,24127381.48446,0,2020-08-08,66.63093962129332,53.263999999999996,6.3547548712506785,0.8286708310062013,0.02325174825174825,0.022985544917377317
2020-08-09,58.53,58.8,55.84,57.04,933965.373,2020-08-09 23:59:59.999,53582325.60299,186290,432558.598,24835335.42085,0,2020-08-09,65.69214512152166,54.0185,5.813511734245538,0.519737490543161,-0.025457030582607287,-0.02578666719708912
2020-08-10,57.03,59.53,56.19,58.36,1570329.009,2020-08-10 23:59:59.999,91223165.8443,205061,727904.577,42299839.29396,0,2020-08-10,60.13098649201801,54.747,5.359465900333929,0.6741343386054357,0.023141654978962034,0.022877947548544303
2020-08-11,58.35,59.8,52.33,54.14,1899468.289,2020-08-11 23:59:59.999,106844476.46209,248718,826073.296,46557853.2254,0,2020-08-11,46.85953559192996,55.2025,4.853389347445229,-0.21891917666965835,-0.07230980123372166,-0.0750574394684297
2020-08-12,54.12,55.13,51.51,54.57,1180956.472,2020-08-12 23:59:59.999,63859103.92219,194720,541258.921,29302027.35317,0,2020-08-12,48.81226053639847,55.681000000000004,4.225749263989213,-0.2629119549206742,0.007942371629109601,0.00791099701198534
2020-08-13,54.58,57.4,51.85,57.2,2041261.893,2020-08-13 23:59:59.999,111474463.97433,245369,966000.944,52754516.80406,0,2020-08-13,50.701107011070114,56.33200000000001,3.2512387922468373,0.2669751609970627,0.04819497892614999,0.047069617187611726
2020-08-14,57.2,57.96,55.88,56.86,1763149.645,2020-08-14 23:59:59.999,100242562.59608,224130,830230.829,47224704.15939,0,2020-08-14,47.38863287250385,56.714,2.787380207480277,0.05237893259347679,-0.005944055944056004,-0.005961792162898551
2020-08-15,56.85,61.08,56.51,59.89,2581491.523,2020-08-15 23:59:59.999,152085566.50225,281328,1217452.301,71754641.22479,0,2020-08-15,46.50527137836783,57.302,2.014517311913748,1.2846749862583493,0.05328877945831878,0.05191744005351741
2020-08-16,59.93,64.83,57.6,64.02,3641865.023,2020-08-16 23:59:59.999,224279629.47854,304423,1718040.549,105920828.34006,0,2020-08-16,64.4176706827309,57.8325,2.3108733254585823,2.6775591426120737,0.06895975955919176,0.06668598826534587
2020-08-17,64.02,69.08,61.31,67.32,4660661.396,2020-08-17 23:59:59.999,303460357.07311,438107,2251787.425,146703163.00752,0,2020-08-17,66.52814506989043,58.409000000000006,3.0835418800976298,2.88985859329981,0.05154639175257736,0.0502618347808883
2020-08-18,67.34,68.56,63.3,65.51,3990551.031,2020-08-18 23:59:59.999,264612565.03061,411699,1846658.403,122591311.66347,0,2020-08-18,64.27007299270075,58.925,3.366971933354994,1.9557632586020501,-0.02688651218062965,-0.027254566578820093
2020-08-19,65.5,67.26,58.75,62.13,3267905.641,2020-08-19 23:59:59.999,203869410.40809,396065,1469880.246,91806998.95449,0,2020-08-19,55.44654939106903,59.19050000000001,3.4014292274680606,0.8641955494067669,-0.05159517630896049,-0.052973838668182525
2020-08-20,62.15,63.78,61.02,62.87,1763007.622,2020-08-20 23:59:59.999,110305360.19848,297176,849281.216,53167458.56997,0,2020-08-20,56.21675531914893,59.423,3.4893855589412395,0.987853002133102,0.011910510220505266,0.011840138319367111
2020-08-21,62.88,64.0,58.81,59.23,2044205.03,2020-08-21 23:59:59.999,125725638.38437,324206,914929.257,56281036.56893,0,2020-08-21,53.19282793331235,59.3005,3.4487487814996074,-0.020442196421551876,-0.05789724829012244,-0.05964093210609588
2020-08-22,59.25,60.61,57.8,60.28,1170891.764,2020-08-22 23:59:59.999,69411765.44244,228086,553462.689,32829828.94391,0,2020-08-22,52.77689622342114,59.472500000000004,3.405082694721971,0.23714548878700017,0.017727502954583807,0.017572203469420893
2020-08-23,60.27,61.7,58.06,60.62,1096453.667,2020-08-23 23:59:59.999,65475073.6051,193039,525492.437,31386610.94608,0,2020-08-23,55.89591567852438,59.575,3.407339601198425,0.3066908856494517,0.0056403450564033175,0.005624497871362251
2020-08-24,60.62,63.09,60.02,62.11,1341328.691,2020-08-24 23:59:59.999,83091773.06853,213460,661771.779,41029497.90783,0,2020-08-24,56.14150016377334,59.79600000000001,3.421952966547535,0.6762220353760812,0.024579346750247533,0.024282134941554605
2020-08-25,62.1,62.38,56.65,58.36,2141069.74,2020-08-25 23:59:59.999,127127966.05509,296924,970976.204,57667474.38723,0,2020-08-25,57.019294743845634,59.7685,3.431644189321728,-0.4104446505214157,-0.06037675092577688,-0.06227628291662675
2020-08-26,58.36,59.21,57.04,58.2,1470618.167,2020-08-26 23:59:59.999,85453343.1277,223561,691329.0,40179182.57746,0,2020-08-26,56.09264853977845,59.721999999999994,3.447017933167633,-0.44154107391061675,-0.002741603838245288,-0.002745368917192672
2020-08-27,58.2,59.36,53.85,56.16,1812016.056,2020-08-27 23:59:59.999,103026710.42048,259594,837034.367,47612579.84907,0,2020-08-27,48.21917808219177,59.67,3.494582273056139,-1.0044118941089868,-0.035051546391752675,-0.03568059501983656
2020-08-28,56.17,58.33,55.37,57.4,986124.913,2020-08-28 23:59:59.999,56237783.41848,189300,499419.884,28502338.12531,0,2020-08-28,50.89700996677741,59.6135,3.523003017761723,-0.6282992063419551,0.022079772079772075,0.02183954360796505
2020-08-29,57.45,58.25,56.97,57.01,798103.459,2020-08-29 23:59:59.999,45983934.23372,198079,372828.495,21503336.67944,0,2020-08-29,44.756008739985425,59.612,3.5241626105024535,-0.7383314243916306,-0.006794425087108036,-0.006817612282030259
2020-08-30,57.01,63.07,56.96,62.99,1528564.383,2020-08-30 23:59:59.999,92104438.48204,253343,774051.164,46625927.13453,0,2020-08-30,48.24292050494712,59.843500000000006,3.589064201446609,0.8766909209179838,0.10489387826697083,0.09974929259034726
2020-08-31,63.0,63.77,60.58,61.01,1674264.677,2020-08-31 23:59:59.999,103684640.27641,245939,779931.024,48357719.49921,0,2020-08-31,38.728117184708836,60.187,3.3341709298525806,0.2468379748114441,-0.0314335608826799,-0.03193819847007668
2020-09-01,61.0,64.5,59.75,62.76,2301004.148,2020-09-01 23:59:59.999,144375803.95166,324687,1107487.969,69525066.83289,0,2020-09-01,45.07697815968492,60.596500000000006,3.1029108150760867,0.6972485285391422,0.028683822324209185,0.028280142701070803
2020-09-02,62.75,63.3,56.2,58.09,1896107.486,2020-09-02 23:59:59.999,113741176.49505,331910,853096.953,51109513.31789,0,2020-09-02,43.08692676249146,60.641,3.057689013824577,-0.834290206906682,-0.07441045251752698,-0.0773243958603906
2020-09-03,58.11,58.71,45.08,47.28,2159754.988,2020-09-03 23:59:59.999,114890651.93771,350329,982213.553,52293745.5042,0,2020-09-03,30.160346144057016,60.162,4.213208053878124,-3.0575276215335547,-0.18609054914787404,-0.20590615890659844
2020-09-04,47.28,52.36,46.12,50.3,2576694.094,2020-09-04 23:59:59.999,126898331.55015,398724,1274605.309,62766075.07677,0,2020-09-04,38.453581587794154,59.68249999999999,4.7564802057160644,-1.9725720688850221,0.0638747884940778,0.061917704007850724
2020-09-05,50.3,51.31,45.06,47.83,1852494.656,2020-09-05 23:59:59.999,89325430.06373,343357,900539.707,43436927.26708,0,2020-09-05,34.472437016712405,58.873000000000005,5.323335025101648,-2.074451438417431,-0.049105367793240484,-0.05035201941348792
2020-09-06,47.84,49.22,46.26,47.91,1111385.985,2020-09-06 23:59:59.999,53271479.06571,274390,547665.858,26243195.85162,0,2020-09-06,34.044689932211895,57.902499999999996,5.469620284135986,-1.8269092699144243,0.0016725904244196954,0.0016711932028251092
2020-09-07,47.9,49.21,45.18,48.88,1306343.575,2020-09-07 23:59:59.999,61953058.63067,299472,642771.451,30508303.78495,0,2020-09-07,33.172220808954464,57.071000000000005,5.51610932680484,-1.4849234332968833,0.02024629513671483,0.02004406396830928
2020-09-08,48.88,49.38,45.95,47.46,1296282.933,2020-09-08 23:59:59.999,61837786.15157,232493,610722.874,29144202.37403,0,2020-09-08,35.262303948080046,56.3375,5.777174573494531,-1.5366508120993347,-0.029050736497545082,-0.029481063855722453
2020-09-09,47.46,48.84,46.51,47.84,733485.399,2020-09-09 23:59:59.999,35057859.62859,206035,366371.128,17509033.62222,0,2020-09-09,36.07526881720431,55.586,5.859666238025227,-1.3219182945495687,0.008006742520016985,0.007974858634758917
2020-09-10,47.83,49.45,47.78,48.68,792947.663,2020-09-10 23:59:59.999,38635270.71851,202929,381018.024,18571943.47808,0,2020-09-10,39.61111111111112,55.0585,5.987825609210395,-1.0652447843819428,0.017558528428093467,0.017406158476949953
2020-09-11,48.67,49.44,47.36,48.96,680173.186,2020-09-11 23:59:59.999,32956829.70312,223701,334715.199,16224107.86789,0,2020-09-11,37.956621004566216,54.49250000000001,6.003277942310484,-0.9215798524015549,0.005751848808545734,0.005735370084744348
2020-09-12,48.94,51.37,48.4,50.87,741652.12,2020-09-12 23:59:59.999,36844042.90331,213985,379307.814,18862733.30447,0,2020-09-12,41.60284463894967,54.004999999999995,5.873986810730134,-0.533709063539814,0.039011437908496704,0.03826972063060298
2020-09-13,50.86,51.12,47.27,48.19,876356.425,2020-09-13 23:59:59.999,43050086.10651,228580,381619.242,18774554.82737,0,2020-09-13,27.751052315093204,53.309000000000005,5.684723665922091,-0.900483524060563,-0.05268331039905638,-0.05412182818243224
2020-09-14,48.18,49.67,47.09,49.12,837579.97,2020-09-14 23:59:59.999,40597016.21886,233864,412397.996,20000458.88871,0,2020-09-14,31.542999068612232,52.847,5.627806060325064,-0.6622474122330952,0.019298609670056033,0.019114753186645652
2020-09-15,49.14,50.39,48.1,48.33,981141.236,2020-09-15 23:59:59.999,48346547.83859,308717,472441.785,23288520.92964,0,2020-09-15,26.911999999999992,52.3535,5.566108226532573,-0.7228569471252362,-0.016083061889250794,-0.0162137979818943
2020-09-16,48.33,48.75,46.94,47.74,802130.757,2020-09-16 23:59:59.999,38514946.33125,279370,387643.648,18618465.36858,0,2020-09-16,30.95325726904673,51.932500000000005,5.581453192210965,-0.7511484653944109,-0.012207738464721674,-0.012282864946308635
2020-09-17,47.74,49.73,47.62,48.88,690689.811,2020-09-17 23:59:59.999,33554447.32459,324261,343616.731,16695296.75779,0,2020-09-17,54.57142857142858,51.5065,5.4661371668039616,-0.48050385854764577,0.02387934645999157,0.023598693952655795
2020-09-18,48.88,49.12,47.48,48.59,500056.784,2020-09-18 23:59:59.999,24205790.32412,307007,231959.085,11229854.89633,0,2020-09-18,44.21123899796888,51.0855,5.342811673542985,-0.467076167471416,-0.0059328968903437085,-0.005950566445528269
2020-09-19,48.59,49.08,47.96,48.56,410834.385,2020-09-19 23:59:59.999,19937583.6029,362943,207235.122,10061533.34105,0,2020-09-19,52.96025952960262,50.364,4.568869951265709,-0.3948459945768942,-0.0006174109899156344,-0.0006176016665688155
2020-09-20,48.55,48.57,46.17,47.1,687438.696,2020-09-20 23:59:59.999,32471791.88353,374302,294409.017,13903975.62082,0,2020-09-20,47.045951859956254,49.6685,3.86794420440895,-0.6640478415051196,-0.03006589785831959,-0.030527145728870744
2020-09-21,47.11,47.69,41.51,43.15,1315111.858,2020-09-21 23:59:59.999,58694696.27958,328819,624361.98,27917424.89771,0,2020-09-21,32.834032354703396,48.688,2.67674901011611,-2.068927635378029,-0.08386411889596612,-0.08759058349293522
2020-09-22,43.15,44.82,42.74,44.47,701448.096,2020-09-22 23:59:59.999,30754007.40802,295970,360015.046,15793078.35246,0,2020-09-22,40.98854731766123,48.007,1.7206703100213923,-2.0555942526584454,0.03059096176129783,0.03013238699316816
2020-09-23,44.46,45.19,42.21,43.0,870968.35,2020-09-23 23:59:59.999,38383585.35904,298583,415933.572,18322470.81801,0,2020-09-23,36.312217194570124,47.793,2.0504045813858416,-2.337587441772332,-0.033055992804137624,-0.03361468882904266
2020-09-24,42.99,45.28,42.55,44.94,750418.361,2020-09-24 23:59:59.999,33137976.98506,234883,402991.619,17806707.01955,0,2020-09-24,40.04259850905217,47.525,2.055763400271138,-1.2574404231824836,0.04511627906976745,0.044128151063620696
2020-09-25,44.93,46.59,43.96,46.04,822082.422,2020-09-25 23:59:59.999,37446957.63215,282404,413074.657,18822028.36381,0,2020-09-25,42.55102040816326,47.435500000000005,2.0806008115065495,-0.6707197230157442,0.02447708055184683,0.02418231709649871
2020-09-26,46.03,46.57,45.08,46.02,499553.83,2020-09-26 23:59:59.999,22936090.73049,288952,247379.966,11363444.18105,0,2020-09-26,36.3071710897798,47.340999999999994,2.100738967726813,-0.6288263417274688,-0.0004344048653344146,-0.0004344992464619981
2020-09-27,46.02,46.64,44.51,46.04,646779.716,2020-09-27 23:59:59.999,29585149.36429,274968,316691.877,14497031.57882,0,2020-09-27,42.857142857142854,47.199,2.0871761330864977,-0.5552957326538992,0.0004345936549325913,0.0004344992464620286
2020-09-28,46.05,47.19,44.73,45.23,748666.914,2020-09-28 23:59:59.999,34697361.68187,254535,363455.155,16858062.21894,0,2020-09-28,36.97253851306094,47.0875,2.1315916341401846,-0.8714145665847752,-0.01759339704604701,-0.017750000363930204
2020-09-29,45.23,45.88,44.93,45.69,506773.525,2020-09-29 23:59:59.999,23026192.35281,252348,259689.214,11800392.55696,0,2020-09-29,40.958904109589035,46.980000000000004,2.1458110968017357,-0.6011712782745466,0.010170240990493129,0.01011887208542844
2020-09-30,45.68,46.75,45.42,46.29,490985.096,2020-09-30 23:59:59.999,22593013.25379,258030,237352.114,10929275.38351,0,2020-09-30,45.037645448323055,46.8605,2.112445514713017,-0.2700661371034259,0.013131976362442677,0.013046499467999156
2020-10-01,46.28,48.5,45.15,46.27,1071424.286,2020-10-01 23:59:59.999,50222434.11521,284679,484865.619,22744733.55284,0,2020-10-01,40.32616753150482,46.726,2.056633426897251,-0.22172157373127127,-0.00043205875999130505,-0.00043215212427088605
2020-10-02,46.27,46.99,43.17,44.91,995480.795,2020-10-02 23:59:59.999,44941193.86625,256560,476385.595,21519950.70571,0,2020-10-02,37.36263736263734,46.428000000000004,1.8455368638390834,-0.8225248867921642,-0.02939269505078901,-0.02983331581926171
2020-10-03,44.92,45.98,44.73,45.5,313185.734,2020-10-03 23:59:59.999,14214832.62603,256188,160586.967,7289369.36549,0,2020-10-03,39.88095238095237,46.2935,1.80800638971843,-0.4388811922968798,0.01313738588287694,0.013051838857258125
2020-10-04,45.51,47.09,45.28,46.7,375687.555,2020-10-04 23:59:59.999,17323419.58583,267556,193789.887,8936539.22719,0,2020-10-04,48.65410497981158,46.1725,1.6857323100220074,0.31292038294805946,0.026373626373626502,0.02603183871794702
2020-10-05,46.69,47.1,45.51,46.32,416752.691,2020-10-05 23:59:59.999,19269284.30108,247963,215446.353,9962531.80507,0,2020-10-05,64.03897254207263,46.072,1.608482776440194,0.15418256485708698,-0.008137044967880147,-0.008170331410111887
2020-10-06,46.33,48.25,45.48,46.02,852953.323,2020-10-06 23:59:59.999,39844301.14138,265659,421654.357,19712483.71486,0,2020-10-06,57.54625121713732,45.986000000000004,1.559852894548413,0.02179692720949954,-0.006476683937823746,-0.0064977486575198955
2020-10-07,46.02,46.96,45.0,46.58,624105.371,2020-10-07 23:59:59.999,28709215.05085,236348,291819.609,13422560.75966,0,2020-10-07,69.12393162393161,45.871,1.4131484072991423,0.5017165899475917,0.012168622338113666,0.012095179848974923
2020-10-08,46.57,47.53,45.36,47.24,715479.784,2020-10-08 23:59:59.999,33397881.11611,247736,366339.671,17122525.15026,0,2020-10-08,64.23267326732675,45.8035,1.3045034344630064,1.1011852955307333,0.014169171318162421,0.014069726872966737
2020-10-09,47.22,48.26,46.62,47.8,801026.709,2020-10-09 23:59:59.999,38030798.40718,247386,374528.978,17790658.95869,0,2020-10-09,61.67108753315649,45.7655,1.2288568714564665,1.655603713708874,0.011854360711261558,0.011784648168248653
2020-10-10,47.8,50.79,47.76,48.93,967719.907,2020-10-10 23:59:59.999,47791785.11144,303128,507224.922,25069816.51329,0,2020-10-10,66.82080924855488,45.857,1.390899368261791,2.2093618489742597,0.02364016736401675,0.023365065803621916
2020-10-11,48.93,51.3,48.68,50.51,1128406.506,2020-10-11 23:59:59.999,56720072.35775,303325,538204.552,27052504.43159,0,2020-10-11,71.89030362389812,46.225,1.5955777702926757,2.6855475676462968,0.032291027999182376,0.03178063117892889
2020-10-12,50.51,51.58,49.16,50.64,1453327.147,2020-10-12 23:59:59.999,73494192.69578,260368,700031.837,35410953.98148,0,2020-10-12,78.38405036726128,46.533500000000004,1.819199578183415,2.2573114292938627,0.002573747772718349,0.002570441355959615
2020-10-13,50.64,50.77,48.77,49.93,1159048.634,2020-10-13 23:59:59.999,57878487.09088,237601,520371.075,25994840.69992,0,2020-10-13,71.67689161554192,46.88,1.7700669032849774,1.7230987113197003,-0.014020537124802557,-0.014119753323402862
2020-10-14,49.94,51.11,49.31,49.84,1304710.98,2020-10-14 23:59:59.999,65479256.6727,249739,598981.872,30078350.65101,0,2020-10-14,69.1477885652643,47.125,1.8256520104219034,1.4871399283659616,-0.0018025235329460765,-0.0018041500333201633
2020-10-15,49.84,50.27,48.8,49.57,1021573.987,2020-10-15 23:59:59.999,50701426.18036,234762,482188.942,23947418.13281,0,2020-10-15,67.3319327731092,47.3015,1.884910370617878,1.203505501036839,-0.005417335473515306,-0.005432062446715238
2020-10-16,49.57,49.9,45.5,47.58,1346942.39,2020-10-16 23:59:59.999,63778052.05015,288478,584931.899,27702592.59901,0,2020-10-16,63.15270935960591,47.3795,1.861217697043834,0.1077251738571214,-0.04014524914262663,-0.040973307157670946
2020-10-17,47.59,47.64,46.22,46.92,545267.582,2020-10-17 23:59:59.999,25661388.37998,289885,248553.16,11702407.46886,0,2020-10-17,56.94716242661449,47.4235,1.8381434426586951,-0.27391768689810836,-0.013871374527112179,-0.013968481089536851
2020-10-18,46.91,47.99,46.76,47.52,349908.775,2020-10-18 23:59:59.999,16580013.28905,269702,177973.432,8436346.96433,0,2020-10-18,54.261954261954266,47.538,1.7641506082023588,-0.010203210494786093,0.01278772378516635,0.012706651269114883
2020-10-19,47.52,48.46,46.76,48.01,762678.659,2020-10-19 23:59:59.999,36406639.20226,251972,366986.315,17521888.92443,0,2020-10-19,58.68448098663926,47.653999999999996,1.7117378057953825,0.2079757768945118,0.01031144781144766,0.010258647488459347
2020-10-20,48.0,48.48,46.37,46.91,949189.075,2020-10-20 23:59:59.999,44957522.31103,256231,433305.65,20527634.00831,0,2020-10-20,54.22602089268753,47.685,1.6912265869542065,-0.4582472898535331,-0.022911893355550994,-0.02317845020248239
2020-10-21,46.91,55.06,46.89,53.04,3083156.196,2020-10-21 23:59:59.999,158847884.86082,368929,1522154.269,78344662.32318,0,2020-10-21,70.06211180124224,48.0235,2.0355634807616036,2.464428177952516,0.13067576209763376,0.1228154735372404
2020-10-22,53.04,56.35,53.02,54.4,2948546.29,2020-10-22 23:59:59.999,162283562.74118,339532,1413386.172,77812658.16521,0,2020-10-22,71.3095238095238,48.498,2.352934561910172,2.508357051463687,0.02564102564102555,0.025317807984289786
2020-10-23,54.4,57.03,53.07,55.5,2368034.172,2020-10-23 23:59:59.999,130947615.71968,324352,1133840.273,62759902.51844,0,2020-10-23,72.20299884659747,48.998,2.7167096972159674,2.3933363239595047,0.020220588235294157,0.020018866890491923
2020-10-24,55.5,59.73,54.87,59.25,2318065.532,2020-10-24 23:59:59.999,134074962.49646,320244,1127155.97,65227344.75976,0,2020-10-24,75.85170340681363,49.6255,3.495691295234598,2.7532465504377703,0.06756756756756754,0.06538275926285171
2020-10-25,59.25,60.07,56.55,58.86,2277059.171,2020-10-25 23:59:59.999,132967454.91787,316504,1078490.845,63019022.58499,0,2020-10-25,72.24294086307938,50.2525,3.964741811465033,2.1710114830451968,-0.006582278481012671,-0.006604037209913864
2020-10-26,58.86,59.37,54.97,56.84,2708097.796,2020-10-26 23:59:59.999,154997432.50582,337697,1274167.153,72965560.71564,0,2020-10-26,65.00484027105519,50.7935,4.092945503514188,1.4772979495594307,-0.03431872239211686,-0.0349214395764268
2020-10-27,56.83,59.14,56.51,57.95,2246632.382,2020-10-27 23:59:59.999,129856438.67692,303519,1063480.153,61487325.3759,0,2020-10-27,69.04083570750238,51.362,4.262998203636823,1.5453912212254013,0.01952850105559456,0.019340266556860736
2020-10-28,57.95,60.62,54.72,55.78,2850857.824,2020-10-28 23:59:59.999,164579844.12758,366720,1327605.504,76686128.86201,0,2020-10-28,62.83491789109766,51.789,4.256086539484278,0.9377158953360004,-0.03744607420189816,-0.03816518758641779
2020-10-29,55.78,56.59,53.36,54.91,1801333.875,2020-10-29 23:59:59.999,99611662.74823,299745,855985.19,47366212.39147,0,2020-10-29,61.24684077506318,52.144499999999994,4.201955027440435,0.6581460253477702,-0.015596988167802195,-0.01571990090856176
2020-10-30,54.92,55.82,52.13,54.01,1720301.503,2020-10-30 23:59:59.999,92657039.76039,260394,811352.763,43704384.12441,0,2020-10-30,64.19426048565121,52.3985,4.150642657912701,0.3882531291697368,-0.016390457111637224,-0.0165262666859815
2020-10-31,54.02,56.5,53.61,55.71,1486080.84,2020-10-31 23:59:59.999,82145427.35776,271512,717699.831,39696812.7986,0,2020-10-31,68.55213170113971,52.658500000000004,4.1888099993347465,0.7284885207217866,0.03147565265691554,0.030990449427924515
2020-11-01,55.71,56.23,54.07,55.6,925187.053,2020-11-01 23:59:59.999,51061150.52106,239466,445000.5,24576319.34647,0,2020-11-01,67.41379310344827,52.906499999999994,4.209790937427011,0.6398179957236195,-0.0019745108598097083,-0.0019764627761874043
2020-11-02,55.61,56.82,53.02,53.8,1545138.137,2020-11-02 23:59:59.999,84617811.25141,251138,722226.13,39541548.13863,0,2020-11-02,61.81150550795592,53.1,4.154353455301974,0.16849794018046876,-0.03237410071942448,-0.03290973408879798
2020-11-03,53.82,54.4,51.0,53.97,1478446.773,2020-11-03 23:59:59.999,78183730.36441,260469,713153.003,37740818.25441,0,2020-11-03,64.97031382527565,53.30649999999999,4.085860438918139,0.1623892959436688,0.0031598513011152907,0.003154869462812744
2020-11-04,53.97,55.2,51.61,54.69,1934417.957,2020-11-04 23:59:59.999,103504967.95076,260039,970393.284,51936504.20336,0,2020-11-04,54.54045129334066,53.5625,3.9988996841895283,0.28195255921467616,0.013340744858254538,0.013252540728129888
2020-11-05,54.72,59.8,54.65,58.99,2802829.751,2020-11-05 23:59:59.999,159812825.72387,331461,1375832.474,78428618.79814,0,2020-11-05,60.87162482235907,54.133,3.913477522075493,1.2410956681371492,0.07862497714390204,0.07568706065630258
2020-11-06,58.99,63.81,58.63,63.28,3638509.399,2020-11-06 23:59:59.999,223814332.21943,392767,1722973.137,106031279.90183,0,2020-11-06,66.0082304526749,54.951,4.034382363216501,2.06450436526287,0.07272419054076962,0.07020138544441452
2020-11-07,63.31,64.94,57.06,58.98,3450081.781,2020-11-07 23:59:59.999,212929632.32075,394378,1509522.653,93264664.65879,0,2020-11-07,49.45674044265593,55.524,3.725411174763598,0.9276828349609764,-0.06795195954487998,-0.07037092007226833
2020-11-08,58.99,62.07,58.57,61.05,1694542.556,2020-11-08 23:59:59.999,102177951.18211,263134,785754.491,47385647.79161,0,2020-11-08,54.12740294006785,56.176,3.4737321049331147,1.403101866456061,0.03509664292980674,0.03449479716958353
2020-11-09,61.04,62.0,57.5,59.28,2325932.165,2020-11-09 23:59:59.999,139045587.03073,312752,1084895.212,64910281.30849,0,2020-11-09,54.64231354642313,56.794500000000006,2.766288554800832,0.8984962887137949,-0.028992628992628888,-0.02942121956888213
2020-11-10,59.29,59.66,57.0,58.01,1675689.503,2020-11-10 23:59:59.999,97904204.85392,263660,774720.145,45279108.4068,0,2020-11-10,50.113464447806344,57.04299999999999,2.6311976460601807,0.3675132506476439,-0.021423751686909687,-0.021656571509858596
2020-11-11,58.0,60.61,57.84,59.35,2217745.851,2020-11-11 23:59:59.999,132228613.91361,308955,1033645.54,61654878.2227,0,2020-11-11,56.96993361967981,57.290499999999994,2.602149870274483,0.7914609467835012,0.0230994656093777,0.022836711577704092
2020-11-12,59.35,60.89,57.55,60.82,2408993.613,2020-11-12 23:59:59.999,142022863.18268,338226,1128942.459,66627552.80066,0,2020-11-12,61.27432277756582,57.55650000000001,2.6802283386625,1.2176201381515728,0.024768323504633427,0.024466561193541445
2020-11-13,60.81,66.72,60.16,66.02,4433657.557,2020-11-13 23:59:59.999,282841969.39882,503244,2175529.122,138862269.30978,0,2020-11-13,69.68207145198295,57.895,3.2683498170050522,2.4859640047482205,0.08549819138441306,0.0820390441758284
2020-11-14,66.02,66.37,61.5,63.86,2210781.921,2020-11-14 23:59:59.999,140321212.09149,322519,994963.334,63191437.84401,0,2020-11-14,63.157894736842096,58.144999999999996,3.5270391638255307,1.6203392518617077,-0.03271735837624956,-0.03326453913841093
2020-11-15,63.85,64.47,61.0,62.34,1580860.843,2020-11-15 23:59:59.999,99039055.94693,306721,726466.348,45530461.98559,0,2020-11-15,60.40765904879555,58.42,3.6327646424410247,1.079067978751844,-0.023802067021609696,-0.024089912947444857
2020-11-16,62.34,74.63,62.1,73.86,6007623.228,2020-11-16 23:59:59.999,414032173.0881,689854,3050091.203,210134921.43952,0,2020-11-16,73.82422802850357,59.2155,5.006621378892187,2.9250264583099717,0.18479307025986524,0.1695681350852261
2020-11-17,73.86,77.2,71.25,76.48,5504337.267,2020-11-17 23:59:59.999,407338391.89304,712792,2697976.152,199827904.63221,0,2020-11-17,75.26374859708193,60.2505,6.245397020796189,2.5986338331988055,0.03547251556999731,0.03485785931872872
2020-11-18,76.47,77.39,67.3,73.44,5668647.589,2020-11-18 23:59:59.999,413325945.44829,717193,2593575.58,189192410.4625,0,2020-11-18,70.00213356091317,61.177,6.764336121002292,1.8128903976142086,-0.03974895397489553,-0.04056052243091096
2020-11-19,73.46,83.46,71.51,81.58,6066646.194,2020-11-19 23:59:59.999,474116384.70937,727627,2951266.994,230857165.87544,0,2020-11-19,72.27371327154407,62.555499999999995,7.934866081846868,2.3975829968351503,0.11083877995642699,0.10511538757717735
2020-11-20,81.57,85.72,80.07,82.64,4867968.519,2020-11-20 23:59:59.999,401054789.58138,611502,2356426.423,194271327.9106,0,2020-11-20,70.38753159224936,63.902,8.934100608579046,2.0973571734805265,0.012993380730571324,0.012909690921970817
2020-11-21,82.65,88.73,80.1,87.32,5478401.293,2020-11-21 23:59:59.999,463155803.56145,642732,2524355.45,213595178.93331,0,2020-11-21,79.60718763058922,65.488,10.119591524937213,2.1573993323940464,0.056631171345595366,0.05508570687036005
2020-11-22,87.35,88.3,77.6,82.95,4705897.092,2020-11-22 23:59:59.999,394452206.86891,608228,2107517.106,176820636.5518,0,2020-11-22,71.83014354066987,66.94550000000001,10.441673829823616,1.5327523403659455,-0.05004580852038465,-0.0513415150452895
2020-11-23,82.94,91.28,81.04,89.21,5246031.319,2020-11-23 23:59:59.999,456436742.32313,697054,2429427.838,211573564.49779,0,2020-11-23,77.38334858188472,68.7075,11.090047636459904,1.8487296603303571,0.07546714888487038,0.07275512428923858
2020-11-24,89.17,94.5,85.48,89.47,5833777.648,2020-11-24 23:59:59.999,524246406.2833,730132,2638430.755,237344625.06584,0,2020-11-24,79.32513049962716,70.44649999999999,11.495771888646374,1.6548258076335254,0.002914471471808122,0.002910232633812547
2020-11-25,89.46,90.94,78.0,81.83,3694621.832,2020-11-25 23:59:59.999,318821749.72112,560069,1663968.749,143856516.07263,0,2020-11-25,68.75208541875209,71.5885,11.432069516104924,0.8958570436938205,-0.08539175142505873,-0.08925944902021432
2020-11-26,81.85,83.34,64.45,71.06,7319728.034,2020-11-26 23:59:59.999,535856018.11872,944817,3361344.607,246063364.2524,0,2020-11-26,57.394569612940494,71.97749999999999,11.265629552338797,-0.08144240814393834,-0.13161432237565684,-0.14111933394640933
2020-11-27,71.05,73.56,65.3,69.22,3650595.196,2020-11-27 23:59:59.999,252818371.42769,521676,1751094.174,121291739.99352,0,2020-11-27,52.42865816636309,72.48949999999999,10.869560817642267,-0.30079412175451503,-0.025893611032929975,-0.02623475238568289
2020-11-28,69.19,74.98,68.27,72.64,3273194.782,2020-11-28 23:59:59.999,234465847.07444,467486,1580284.822,113320685.42647,0,2020-11-28,56.53857610962169,73.06899999999999,10.531266180684263,-0.04073584245613606,0.04940768563998854,0.048225896085839756
2020-11-29,72.66,81.12,71.49,78.95,3552312.473,2020-11-29 23:59:59.999,270738868.05278,512283,1750358.904,133530987.06428,0,2020-11-29,61.54594744890866,74.0525,10.08476697797243,0.4856334321553817,0.0868667400881058,0.0832990064086133
2020-11-30,78.95,88.68,76.67,87.75,4637018.262,2020-11-30 23:59:59.999,385283389.89996,623894,2274912.598,189139822.74555,0,2020-11-30,60.034677069787605,75.5395,9.782864436296292,1.2481518147892057,0.11146295123495875,0.10567712164432402
2020-12-01,87.77,93.2,79.3,85.16,7918179.223,2020-12-01 23:59:59.999,695276782.54026,996805,3808569.1,334823124.91927,0,2020-12-01,56.27348944781729,76.83000000000001,9.221058850034145,0.9033669706998061,-0.02951566951566953,-0.029960022320696483
2020-12-02,85.15,90.75,82.62,88.98,4086326.425,2020-12-02 23:59:59.999,355874823.64846,584555,1984649.563,172917507.65208,0,2020-12-02,61.106346483704975,78.238,8.78750224975661,1.2224178947205993,0.04485674025364039,0.04387978535261718
2020-12-03,89.0,91.5,85.5,89.05,3797959.567,2020-12-03 23:59:59.999,336961564.54904,637548,1771572.815,157259059.13472,0,2020-12-03,56.03490063015027,79.3895,8.60931103973781,1.1220990803340987,0.000786693639019953,0.0007863843577748785
2020-12-04,89.05,89.97,77.54,79.54,3395213.278,2020-12-04 23:59:59.999,287546748.03265,555797,1522952.701,129172138.25901,0,2020-12-04,47.7964174011942,80.1735,7.796249621317857,-0.08125701853719158,-0.10679393599101616,-0.11293796995612596
2020-12-05,79.54,84.29,78.64,83.21,1946193.719,2020-12-05 23:59:59.999,159921170.6528,353383,957985.489,78734034.38607,0,2020-12-05,47.0359151882302,81.21700000000001,6.586499030113683,0.3025886728120541,0.046140306763892136,0.04510749313279372
2020-12-06,83.22,85.27,80.36,83.64,1715505.48,2020-12-06 23:59:59.999,142329451.01715,326802,822252.989,68250903.00272,0,2020-12-06,50.52760360911454,81.70599999999999,6.371071462395609,0.3035596149588317,0.005167648119216439,0.005154341648094302
2020-12-07,83.62,87.01,81.78,83.43,2536058.718,2020-12-07 23:59:59.999,213256290.66277,432311,1162864.092,97873389.72347,0,2020-12-07,45.129760701044844,82.0535,6.259588245244603,0.21990264312444696,-0.002510760401721601,-0.002513917646449595
2020-12-08,83.46,84.85,75.38,76.74,2521838.944,2020-12-08 23:59:59.999,201725506.03582,441141,1152128.316,92226830.04385,0,2020-12-08,40.322335411281735,82.21849999999999,6.060931207765651,-0.9039040061996734,-0.08018698309960459,-0.083584872095177
2020-12-09,76.76,78.18,72.12,77.41,2502057.619,2020-12-09 23:59:59.999,190122926.63535,425267,1195927.865,90932018.63727,0,2020-12-09,46.24149659863945,82.01,6.155046709814996,-0.7473541984116433,0.008730779254626064,0.00869288639781578
2020-12-10,77.4,77.65,73.11,74.73,1593866.494,2020-12-10 23:59:59.999,119905105.70031,341046,750392.255,56466085.05223,0,2020-12-10,53.61861565766121,81.61449999999999,6.363053284804985,-1.0819491354001738,-0.0346208500193772,-0.03523435327442316
2020-12-11,74.74,75.12,69.8,72.22,2599196.229,2020-12-11 23:59:59.999,186544231.04026,443638,1255091.002,90115368.93262,0,2020-12-11,52.91942390035033,80.8595,6.543714923497527,-1.3202745078299196,-0.03358758196172895,-0.03416460209288712
2020-12-12,72.21,77.56,71.99,76.63,1774905.153,2020-12-12 23:59:59.999,133760166.66339,360013,878328.631,66213730.48517,0,2020-12-12,53.809432881420655,80.5435,6.589885611179095,-0.5938646330007807,0.06106341733591791,0.05927162913300115
2020-12-13,76.64,84.37,75.48,82.3,2363064.632,2020-12-13 23:59:59.999,189439844.11289,410205,1157932.165,92817386.32018,0,2020-12-13,53.23796636381209,80.19800000000001,6.285718650032994,0.3344088587211832,0.07399190917395271,0.07138246270071114
2020-12-14,82.28,83.0,79.13,82.38,2297953.554,2020-12-14 23:59:59.999,186610316.42196,408842,1121856.192,91158011.31682,0,2020-12-14,43.75726575215066,79.8435,5.924848010487067,0.4281122478602569,0.000972053462940492,0.0009715813249105846
2020-12-15,82.37,85.0,80.41,81.35,2548882.483,2020-12-15 23:59:59.999,209652359.56567,451249,1202621.131,98969852.20583,0,2020-12-15,45.40410132689988,79.81949999999999,5.917345132832524,0.25864639726825966,-0.012503034717164407,-0.012581855342887924
2020-12-16,81.39,93.45,78.33,93.05,4756813.74,2020-12-16 23:59:59.999,409219865.32192,740997,2357306.464,202994641.74515,0,2020-12-16,54.12527873504966,80.919,6.238352430941672,1.9445839481320937,0.14382298709280894,0.13437614942321305
2020-12-17,93.03,110.0,90.52,101.09,10810004.404,2020-12-17 23:59:59.999,1078795269.58225,1487881,5248199.922,523982558.40165,0,2020-12-17,60.50610820244328,82.5125,7.103155618233817,2.6153868785179806,0.08640515851692654,0.0828742260777066
2020-12-18,101.09,113.02,99.21,109.43,7337280.897,2020-12-18 23:59:59.999,789706423.69051,1154946,3572158.182,384470907.75887,0,2020-12-18,76.62569036166043,84.352,8.938538441696664,2.8056040888089346,0.08250074191314671,0.07927386626438543
2020-12-19,109.45,124.42,105.47,119.91,6361308.528,2020-12-19 23:59:59.999,732714708.75359,1024670,3082615.119,355055381.25458,0,2020-12-19,79.15475055608516,86.4,11.852949000143598,2.8271445358951617,0.09576898473910256,0.09145638596099014
2020-12-20,119.92,123.34,110.0,114.68,6162094.03,2020-12-20 23:59:59.999,722562632.82475,974758,2962032.474,347503611.37378,0,2020-12-20,72.91113079421318,87.7465,13.438025886894525,2.0042750495269535,-0.04361604536735875,-0.04459582037617265
2020-12-21,114.67,118.86,100.43,104.57,8098408.711,2020-12-21 23:59:59.999,878790680.07378,1272938,3918604.911,425507838.96667,0,2020-12-21,63.614116434827395,88.717,13.933173250990267,1.1377881918516501,-0.08815835367980474,-0.09228893740467177
2020-12-22,104.6,114.74,98.39,114.37,7090188.752,2020-12-22 23:59:59.999,756752639.3808,1062823,3482346.69,372077420.45809,0,2020-12-22,73.30030959752322,89.9865,15.068803003137774,1.6181444534726896,0.09371712728315962,0.08958210318262798
2020-12-23,114.33,117.5,94.94,102.5,8981367.086,2020-12-23 23:59:59.999,968846938.25293,1527632,4326512.125,467792860.75732,0,2020-12-23,63.64328439369222,90.65899999999999,15.322795505561928,0.7727702164857526,-0.10378595785608113,-0.10957600821466248
2020-12-24,102.44,112.44,98.66,111.25,5403149.019,2020-12-24 23:59:59.999,567078174.74954,984289,2654074.92,278768205.03976,0,2020-12-24,68.62885125484594,92.24449999999999,15.74643501006884,1.2069716089925884,0.08536585365853666,0.0819171224678868
2020-12-25,111.24,128.8,108.37,127.96,6734096.834,2020-12-25 23:59:59.999,801338239.47114,1225026,3316507.76,395084936.7699,0,2020-12-25,74.835145250401,94.482,17.47916160822143,1.91530925512202,0.15020224719101116,0.1399377940349676
2020-12-26,127.87,135.39,125.11,129.79,7237393.522,2020-12-26 23:59:59.999,942590038.55723,1157199,3548070.912,462408520.77568,0,2020-12-26,74.2429770156877,96.7895,18.95634249504582,1.7408685250661915,0.01430134417005302,0.014200044618350225
2020-12-27,129.8,139.63,121.83,127.99,8863865.403,2020-12-27 23:59:59.999,1173375669.97649,1457575,4301250.514,569843527.83605,0,2020-12-27,71.59875200907629,99.0175,19.898731479008678,1.4559973348332935,-0.013868556899607087,-0.013965623831967233
2020-12-28,127.97,137.58,126.44,130.04,5068093.822,2020-12-28 23:59:59.999,668693925.71094,894092,2496860.723,329730569.02825,0,2020-12-28,72.11806200111378,101.6825,20.322783137988043,1.395355144394233,0.01601687631846227,0.015889959568004087
2020-12-29,130.04,131.09,120.1,129.05,4358835.964,2020-12-29 23:59:59.999,550717066.47768,827832,2069870.432,261539851.0069,0,2020-12-29,72.14484679665739,104.2645,20.357057608448507,1.2175384319644325,-0.0076130421408795446,-0.007642169271081534
2020-12-30,129.04,133.29,122.73,130.21,3857615.453,2020-12-30 23:59:59.999,493816991.02285,762052,1830591.45,234472685.72492,0,2020-12-30,69.12309592424867,107.0385,19.895472712999094,1.1646619476832263,0.008988764044943753,0.008948605576014014
2020-12-31,130.21,130.56,121.89,124.36,3004910.831,2020-12-31 23:59:59.999,378359359.09939,615710,1413878.778,178097681.88873,0,2020-12-31,62.25123723281036,109.64550000000001,18.456983124352668,0.7972321316469785,-0.04492742492896096,-0.04596794655008394
2021-01-01,124.37,134.23,123.07,126.31,3818243.55,2021-01-01 23:59:59.999,490520900.60163,766035,1826389.622,234819080.20381,0,2021-01-01,59.52811018288553,112.12950000000001,17.070783743917172,0.8306882807916145,0.015680283049211985,0.015558617595330834
2021-01-02,126.32,142.39,123.23,137.08,5716443.97,2021-01-02 23:59:59.999,756754825.84961,921328,2732365.639,361790195.07815,0,2021-01-02,59.66017778777991,114.8685,16.41486401982916,1.3531333535976002,0.085266408043702,0.08182549422052421
2021-01-03,137.09,165.99,135.55,161.97,9070260.102,2021-01-03 23:59:59.999,1358476392.00337,1389536,4373599.7,655308432.99245,0,2021-01-03,71.78660278264074,118.848,17.719789294220956,2.433550381666423,0.18157280420192579,0.16684643589189713
2021-01-04,161.87,174.65,139.5,155.58,8310498.048,2021-01-04 23:59:59.999,1305369967.36854,1479625,3926931.909,617398419.24203,0,2021-01-04,74.33451006583343,122.55949999999999,17.219118650653176,1.9176649322146029,-0.03945175032413406,-0.04025106411967724
2021-01-05,155.58,163.42,146.54,158.6,4042152.23,2021-01-05 23:59:59.999,626644154.3333,896905,1889199.846,293066384.22681,0,2021-01-05,72.55942058553505,125.83700000000002,17.54202445857582,1.867686370941242,0.01941123537729772,0.019225240422119462
2021-01-06,158.64,170.49,155.18,169.18,4017916.796,2021-01-06 23:59:59.999,654564240.47916,913472,1840323.356,300005289.11044,0,2021-01-06,84.46351044035562,129.2415,19.030611151234297,2.098645160820789,0.06670870113493077,0.06457792767512097
2021-01-07,169.2,182.13,161.83,169.65,6034438.23,2021-01-07 23:59:59.999,1031577260.27992,1184740,2784880.663,476368583.05209,0,2021-01-07,83.00926972643005,132.2525,20.44266433222464,1.8293848293076327,0.0027781061591205525,0.0027742543543707813
2021-01-08,169.7,182.5,149.61,172.47,7460104.24,2021-01-08 23:59:59.999,1258834974.04204,1481980,3538352.209,597472466.67071,0,2021-01-08,79.84444146439589,134.8805,22.08492018860045,1.7020437329632063,0.016622458001768203,0.016485817073069942
2021-01-09,172.5,179.54,163.58,177.56,4404269.027,2021-01-09 23:59:59.999,754303798.2421,900478,2102275.871,360077862.88599,0,2021-01-09,80.6886804574072,138.0245,23.48898408661095,1.6831506996735461,0.029512378964457575,0.029085271662525246
2021-01-10,177.51,186.61,162.1,170.36,5920578.79,2021-01-10 23:59:59.999,1039671366.77019,1186286,2793562.844,490840816.32918,0,2021-01-10,75.4535624173976,141.31400000000002,23.16176509045183,1.2540495029877439,-0.04054967334985349,-0.04139473491082167
2021-01-11,170.31,171.06,112.55,139.06,11343644.875,2021-01-11 23:59:59.999,1547404693.87316,2541754,5467143.728,745245569.85174,0,2021-01-11,54.00960170697014,142.5485,22.29172782021475,-0.15649302863085024,-0.1837285747828129,-0.20300835038414103
2021-01-12,139.07,147.0,128.15,133.48,5077347.884,2021-01-12 23:59:59.999,698582143.65814,1229745,2496927.316,343687735.08383,0,2021-01-12,51.8920304091569,144.0975,20.354578917156374,-0.5216271013619829,-0.04012656407306203,-0.04095384078769856
2021-01-13,133.55,148.59,126.0,147.63,3735324.722,2021-01-13 23:59:59.999,511159069.79343,914690,1844824.301,252568629.22827,0,2021-01-13,56.69690911886821,145.91649999999998,18.83336045565532,0.09098216985941439,0.10600839077015278,0.10075748966282323
2021-01-14,147.55,157.12,143.66,152.64,3461480.927,2021-01-14 23:59:59.999,518882266.16347,815283,1666216.833,249783719.87725,0,2021-01-14,60.942578548212346,147.1505,18.398409964193544,0.2983681747870332,0.033936191830928664,0.03337306415397985
2021-01-15,152.61,156.0,130.33,143.54,3931814.915,2021-01-15 23:59:59.999,568150893.91994,991678,1887931.357,272897187.41828,0,2021-01-15,56.31737185598005,147.838,17.96740311611147,-0.23921097401916483,-0.0596174004192872,-0.061468465698050555
2021-01-16,143.56,152.95,139.42,143.65,3039715.156,2021-01-16 23:59:59.999,444572993.9536,748820,1473027.001,215506576.05106,0,2021-01-16,52.613157266725,148.621,17.388832441662686,-0.2858731324645904,0.000766336909572285,0.0007660434233727652
2021-01-17,143.65,147.24,136.36,142.91,2347455.834,2021-01-17 23:59:59.999,333547224.34178,619057,1152294.03,163788197.61243,0,2021-01-17,40.61638440330839,149.2645,16.896182214366142,-0.3760908777722003,-0.00515140967629657,-0.005164723931595179
2021-01-18,142.92,155.22,138.58,152.09,3147254.898,2021-01-18 23:59:59.999,463288900.32702,753800,1501877.939,221118689.15719,0,2021-01-18,48.32774317201724,150.41649999999998,16.217199860512288,0.10319290718460405,0.06423623259394029,0.062257389390574014
2021-01-19,152.1,166.49,150.53,151.85,3933726.523,2021-01-19 23:59:59.999,628223700.00863,931453,1902321.595,303990001.77227,0,2021-01-19,46.677168455252534,151.49849999999998,15.504314603225772,0.022671108591081082,-0.0015780130186074937,-0.001579259392519683
2021-01-20,151.94,156.38,138.19,149.81,3303965.894,2021-01-20 23:59:59.999,487183314.755,862907,1578799.816,232953091.4679,0,2021-01-20,39.589379769966676,152.771,14.144478893119585,-0.20933963155336377,-0.013434310174514241,-0.013525366962467141
2021-01-21,149.84,150.44,125.67,129.83,4014496.661,2021-01-21 23:59:59.999,545949918.5676,967300,1920777.758,261273186.99256,0,2021-01-21,32.30851252887862,152.947,13.815980106955864,-1.6732073889105694,-0.13336893398304517,-0.14314192215712845
2021-01-22,129.8,142.01,122.67,137.72,3697571.481,2021-01-22 23:59:59.999,500090463.10115,879740,1845720.897,249732278.49643,0,2021-01-22,35.226596377859025,152.97899999999998,13.777984307545067,-1.1074914631484876,0.060771778479550065,0.058996736098160835
2021-01-23,137.71,143.78,135.12,137.78,2032285.389,2021-01-23 23:59:59.999,282479318.83548,582545,978590.895,136067729.45276,0,2021-01-23,32.3325635103926,151.76950000000002,14.007024356222127,-0.9987488880024457,0.00043566656985194463,0.00043557169472684804
2021-01-24,137.76,142.85,133.75,141.18,1630047.454,2021-01-24 23:59:59.999,227107084.23527,514359,794286.564,110746279.10788,0,2021-01-24,36.587608016179445,151.04950000000002,14.169997019277245,-0.6965068508181959,0.02467702133836558,0.024377461802276394
2021-01-25,141.17,147.8,136.7,137.14,2537596.595,2021-01-25 23:59:59.999,364306358.95397,601882,1219806.774,175198886.49426,0,2021-01-25,48.82237487733071,149.9765,14.379124223020769,-0.892717790103583,-0.028615951267885076,-0.029033370111107844
2021-01-26,137.14,139.89,128.36,134.77,2044496.235,2021-01-26 23:59:59.999,274504701.77295,529233,966779.112,129916398.35855,0,2021-01-26,50.823649597752535,148.256,14.014439696256487,-0.9622931984646056,-0.017281610033542227,-0.017432680075150364
2021-01-27,134.83,135.13,118.15,122.39,3005204.307,2021-01-27 23:59:59.999,376675398.8312,655243,1447222.917,181351356.26784,0,2021-01-27,33.51188920825712,145.893,14.20036548825449,-1.6550982451430545,-0.09186020627736147,-0.09635695438682082
2021-01-28,122.43,136.0,120.76,133.43,2094813.806,2021-01-28 23:59:59.999,271105742.57486,558867,1031855.042,133539751.30164,0,2021-01-28,38.36744580356063,143.941,12.986107110860656,-0.8094034578853383,0.09020344799411717,0.08636432836008222
2021-01-29,133.43,146.03,131.59,134.84,3528268.555,2021-01-29 23:59:59.999,488158088.86734,811108,1718015.851,237756683.11468,0,2021-01-29,44.19070512820514,141.805,10.426387828864952,-0.6680165858321265,0.010567338679457361,0.010511894611530638
2021-01-30,134.84,136.43,128.1,133.54,1879905.724,2021-01-30 23:59:59.999,248224822.23663,533386,906342.154,119716987.62419,0,2021-01-30,43.35480478506638,139.964,8.113076773755457,-0.7918081116624766,-0.00964105606644916,-0.009687831936137266
2021-01-31,133.51,135.25,125.77,129.53,1383297.359,2021-01-31 23:59:59.999,179926851.92935,448612,644947.408,83882602.73266,0,2021-01-31,41.56793546760777,139.4875,8.442151057265693,-1.1794979659159426,-0.030028455893365225,-0.030488543887558072
2021-02-01,129.53,136.99,126.06,132.23,1736371.634,2021-02-01 23:59:59.999,228411509.41393,533629,835571.976,109959244.70336,0,2021-02-01,36.37112270107054,139.425,8.493438644036232,-0.8471245041667635,0.02084459198641242,0.02063031602656688
2021-02-02,132.22,146.78,132.09,142.26,3351095.745,2021-02-02 23:59:59.999,473806068.30692,751699,1642342.224,232221440.39968,0,2021-02-02,44.198427102238355,139.1565,8.303153665293788,0.3737736437387958,0.07585268093473485,0.07311353873663755
2021-02-03,142.29,157.19,142.2,156.29,3451654.888,2021-02-03 23:59:59.999,526087920.78946,770923,1653694.268,252089833.9558,0,2021-02-03,53.42349957734572,139.339,8.648062697567626,1.9600921724084714,0.09862224096724304,0.09405688654873307
2021-02-04,156.3,159.45,141.27,145.28,3655266.041,2021-02-04 23:59:59.999,547111266.82478,719612,1629844.202,244146817.83422,0,2021-02-04,59.01715886541378,139.426,8.701138703460034,0.6727855053812846,-0.07044596583274676,-0.07305034100111898
2021-02-05,145.26,157.46,143.68,155.28,3104966.936,2021-02-05 23:59:59.999,474491564.21581,574788,1462570.52,223596189.25814,0,2021-02-05,60.002278423331056,140.0075,9.36182273918964,1.6313596641888561,0.06883259911894268,0.0665670240077716
2021-02-06,155.34,164.76,150.0,155.76,3695828.978,2021-02-06 23:59:59.999,588534233.16981,734973,1718785.611,274007269.20755,0,2021-02-06,60.19274376417233,140.65,9.991289364136298,1.512317324552453,0.0030911901081915882,0.0030864222031893648
2021-02-07,155.79,157.73,145.37,150.91,2497926.958,2021-02-07 23:59:59.999,378140524.40876,583363,1113933.212,168759375.7498,0,2021-02-07,55.426659230340206,140.591,9.92343260857101,1.0398619517088594,-0.031137647663071366,-0.0316327284334851
2021-02-08,150.93,170.0,148.01,167.71,3594750.493,2021-02-08 23:59:59.999,573290390.27488,706934,1718399.985,274211412.30435,0,2021-02-08,64.92530026364614,141.38400000000001,11.395091002154262,2.310293089807095,0.11132463057451458,0.10555266471307725
2021-02-09,167.71,185.14,164.55,182.06,3873541.29,2021-02-09 23:59:59.999,666191642.26352,796836,1881266.812,324019045.00494,0,2021-02-09,70.67051315674446,142.99650000000003,14.507076775800027,2.6927202911866943,0.08556436706219062,0.08210000573360626
2021-02-10,182.1,196.15,167.7,181.82,5895651.942,2021-02-10 23:59:59.999,1085626487.61309,1104946,2765234.486,509624451.60078,0,2021-02-10,79.06112469437653,145.59599999999998,16.53928287123558,2.190179603433669,-0.0013182467318466617,-0.0013191163834305973
2021-02-11,181.8,194.28,175.99,184.12,3211022.92,2021-02-11 23:59:59.999,596909064.81285,735088,1477057.586,274716232.08895,0,2021-02-11,77.10405304245535,147.916,18.51290997627019,1.9556082780290198,0.012649873501265008,0.012570532255328556
2021-02-12,184.21,200.48,176.88,197.04,4140831.613,2021-02-12 23:59:59.999,778560604.55589,849182,1953248.47,367744772.25909,0,2021-02-12,79.61340697010093,150.879,21.332789661384034,2.1638520199521416,0.07017162719965242,0.0678190348632418
2021-02-13,197.04,229.67,191.47,226.27,6892096.978,2021-02-13 23:59:59.999,1444613842.93377,1405157,3242189.383,680736195.07376,0,2021-02-13,84.87401278676195,155.1335,27.022784981528226,2.6324636801360883,0.14834551360129922,0.13832222265095387
2021-02-14,226.28,231.37,208.19,213.79,3927171.349,2021-02-14 23:59:59.999,864118259.02719,1107692,1835384.342,404031855.13399,0,2021-02-14,79.79069438551831,158.966,29.644778611880074,1.8493644603582702,-0.0551553453838336,-0.05673475165091986
2021-02-15,213.87,220.38,184.3,208.18,4768459.723,2021-02-15 23:59:59.999,983063648.38476,1164890,2164014.634,446706107.32524,0,2021-02-15,76.31123120626343,162.6365,31.004723795441137,1.4689213263269452,-0.026240703494082918,-0.026591134724994234
2021-02-16,208.22,223.01,200.17,210.56,3536521.163,2021-02-16 23:59:59.999,748568482.67738,996176,1706015.286,361150404.98141,0,2021-02-16,74.98536728124085,167.045,31.24836728366385,1.3925527565963092,0.01143241425689312,0.011367558049630107
2021-02-17,210.53,238.0,203.67,237.59,4363053.193,2021-02-17 23:59:59.999,974622234.94478,1041718,2092480.491,467471570.78567,0,2021-02-17,77.15793693212186,172.253,33.917013445358805,1.9263783382714292,0.12837196048632227,0.12077585092374456
2021-02-18,237.58,239.51,221.57,226.8,2994122.224,2021-02-18 23:59:59.999,688185997.29724,772595,1413987.115,325005966.96215,0,2021-02-18,77.27151077211295,176.851,34.79997185419338,1.4353172528207427,-0.04541436929163678,-0.046477927207099784
2021-02-19,226.85,242.92,220.5,236.78,3102860.212,2021-02-19 23:59:59.999,721664347.114,784221,1475772.353,343355883.62361,0,2021-02-19,77.26846895074947,182.01299999999998,35.68313785765543,1.5348145731598084,0.04400352733686064,0.043062868129893135
2021-02-20,236.84,248.0,213.14,227.07,3623486.609,2021-02-20 23:59:59.999,856033187.25166,931738,1659037.366,392483984.34662,0,2021-02-20,72.47116657213084,186.89000000000001,34.78687411260659,1.1550333574076133,-0.04100853112593972,-0.04187309999430444
2021-02-21,227.06,234.02,220.5,227.49,2452248.355,2021-02-21 23:59:59.999,558639618.74893,708458,1169022.391,266430181.96341,0,2021-02-21,74.82494813278008,191.653,33.402904553819916,1.0728707721287591,0.0018496498876998668,0.0018479413917681297
2021-02-22,227.53,227.72,173.0,208.18,5484931.296,2021-02-22 23:59:59.999,1133778642.39579,1207096,2560785.557,529868277.78819,0,2021-02-22,62.909090909090914,194.949,31.46888821142532,0.42044701138174473,-0.08488285199349421,-0.08870319129363152
2021-02-23,208.21,208.94,156.04,177.61,7767866.398,2021-02-23 23:59:59.999,1384870117.10078,1840704,3771070.375,672462063.005,0,2021-02-23,48.71364976585535,196.01500000000001,30.434505261731157,-0.604741225188988,-0.14684407724084925,-0.15881295480808685
2021-02-24,177.56,189.67,169.23,181.45,3467642.815,2021-02-24 23:59:59.999,629433819.58147,796171,1695829.656,307826946.75976,0,2021-02-24,49.89522568952823,197.82350000000002,28.25784348962668,-0.5794320435673256,0.0216204042565169,0.021389998379843723
2021-02-25,181.42,205.43,175.09,179.5,4765918.686,2021-02-25 23:59:59.999,911190377.4854,984986,2336976.004,446986440.40374,0,2021-02-25,48.68913857677902,199.0345,26.821122366523493,-0.7283252256580356,-0.010746762193441617,-0.010804925730745672
2021-02-26,179.58,183.02,162.74,170.3,4506211.347,2021-02-26 23:59:59.999,779973432.68462,1046498,2190306.969,379370258.2777,0,2021-02-26,42.24927536231884,199.7615,25.762577975571375,-1.1435773247512737,-0.051253481894150354,-0.0526136202596909
2021-02-27,170.32,180.5,167.17,171.9,2503435.858,2021-02-27 23:59:59.999,437868045.1405,634480,1218520.91,213186232.69982,0,2021-02-27,31.234900255401385,200.81099999999998,24.037539917037787,-1.2027437125339053,0.009395184967704084,0.009351324720161008
2021-02-28,171.85,173.13,153.01,165.36,3423412.316,2021-02-28 23:59:59.999,552147173.02425,886586,1669172.252,269168591.22743,0,2021-02-28,32.570359173684594,200.6935,24.212963312416925,-1.4592802848662565,-0.03804537521814999,-0.03878799701529065
2021-03-01,165.35,176.66,163.48,176.05,2483592.321,2021-03-01 23:59:59.999,422258748.09243,609699,1214076.847,206391276.21832,0,2021-03-01,38.844524685785714,200.393,24.492075001819746,-0.9939133371995358,0.06464683115626513,0.06264313022754871
2021-03-02,176.1,185.41,170.87,179.27,3026032.912,2021-03-02 23:59:59.999,536606311.28379,648886,1458481.65,258662020.4611,0,2021-03-02,39.19917155678287,200.26550000000003,24.600248923644855,-0.8534669736540722,0.018290258449304098,0.018125003665685587
2021-03-03,179.2,196.84,177.0,187.72,3735524.143,2021-03-03 23:59:59.999,711111199.95463,864266,1814662.022,345543631.0677,0,2021-03-03,30.25263324621841,200.44549999999998,24.488812800306345,-0.5196454439735352,0.047135605511239964,0.046058441659469665
2021-03-04,187.81,194.62,177.11,180.82,3314267.523,2021-03-04 23:59:59.999,614890903.9598,767509,1585916.071,294331338.17357,0,2021-03-04,31.21425069455792,199.6345,24.873094208930713,-0.7564197619307308,-0.03675687193692734,-0.03744942961699653
2021-03-05,180.84,183.73,168.62,180.36,2680745.695,2021-03-05 23:59:59.999,469220033.93092,642968,1292761.818,226319200.12723,0,2021-03-05,25.00443026758815,197.339,24.399542251962217,-0.6958737104436674,-0.0025439663754008857,-0.002547207756336876
2021-03-06,180.27,184.76,174.8,182.99,2142190.147,2021-03-06 23:59:59.999,387308011.42004,520146,1049527.64,189844568.04692,0,2021-03-06,29.164303270939683,195.799,24.278257524399862,-0.5275914050720831,0.014581947216677715,0.014476652986712345
2021-03-07,183.02,192.29,182.42,190.96,1874921.157,2021-03-07 23:59:59.999,350021559.42427,496743,908883.151,169718264.58444,0,2021-03-07,33.8833495102797,194.93800000000002,24.120904146447973,-0.16491919108205594,0.04355429258429422,0.04263247549097884
2021-03-08,190.95,195.56,179.76,192.07,2763366.352,2021-03-08 23:59:59.999,515994952.1569,680279,1312985.279,245273713.26208,0,2021-03-08,41.532639545884564,194.01350000000002,23.843378044626416,-0.08151110116873878,0.005812735651445244,0.005795906886185849
2021-03-09,192.08,205.4,189.28,203.98,3247301.204,2021-03-09 23:59:59.999,644751729.2496,801892,1529608.54,303804565.59479,0,2021-03-09,67.24205570812084,192.33300000000003,21.698368869087204,0.5367684580472303,0.0620086426823554,0.0601620609056115
2021-03-10,203.98,208.5,191.58,200.52,4156211.361,2021-03-10 23:59:59.999,834953112.4818,976543,2004252.167,402747764.81305,0,2021-03-10,62.531213037192835,191.019,20.248568474417716,0.4692183554607172,-0.016962447298754735,-0.017107957427069376
2021-03-11,200.53,203.89,191.34,201.57,3089656.838,2021-03-11 23:59:59.999,613321402.70372,765111,1471297.314,292162208.32879,0,2021-03-11,64.67615374384894,189.2585,17.389278691799653,0.7079937137246405,0.005236385397965115,0.005222723204865461
2021-03-12,201.61,224.47,198.66,221.13,5796039.138,2021-03-12 23:59:59.999,1220879535.06671,1195412,2819479.606,594347023.28213,0,2021-03-12,79.70777323202807,188.9615,16.74840456659501,1.9206904079783598,0.09703824973954456,0.09261404826913883
2021-03-13,221.05,230.54,212.8,226.34,3226225.769,2021-03-13 23:59:59.999,719954461.81762,777658,1521825.931,339721343.80599,0,2021-03-13,80.52938537460747,188.90400000000002,16.610575071638884,2.2537449690058415,0.023560801338579074,0.023287529668488356
2021-03-14,226.38,228.43,213.95,214.08,2169604.176,2021-03-14 23:59:59.999,478008901.57847,595662,1038185.432,228769234.44674,0,2021-03-14,75.6745362563238,189.199,17.01831703597236,1.4620129562404993,-0.05416629848899879,-0.05568851659793183
2021-03-15,214.07,223.1,197.8,200.74,3754136.651,2021-03-15 23:59:59.999,776924726.79115,853397,1770877.647,366526138.5439,0,2021-03-15,62.65764380190711,190.35549999999998,16.975181721375158,0.6117460284341971,-0.062313153961136014,-0.06433923855420937
2021-03-16,200.72,205.27,191.05,201.83,2698395.257,2021-03-16 23:59:59.999,537999298.30018,719276,1289599.608,257213296.62816,0,2021-03-16,61.823899371069196,191.3745,17.024082160900125,0.6141593949783417,0.005429909335458838,0.005415220526373473
2021-03-17,201.85,207.26,194.33,206.13,2327459.93,2021-03-17 23:59:59.999,466672841.79984,596119,1081025.287,216801247.93084,0,2021-03-17,60.08767123287672,192.706,17.08774765731357,0.7855921253761331,0.021305058712778102,0.021081278799066624
2021-03-18,206.13,208.46,199.25,199.98,2047913.721,2021-03-18 23:59:59.999,418415420.87615,526955,951366.076,194441635.98425,0,2021-03-18,60.58563535911603,194.19,16.310584874473204,0.354984204708784,-0.029835540678212813,-0.030289676163391004
2021-03-19,199.98,205.33,196.02,200.15,1413743.157,2021-03-19 23:59:59.999,285133781.99838,429222,667149.129,134617922.25737,0,2021-03-19,60.968850460037686,195.60250000000002,15.480790770976872,0.29375114406465347,0.0008500850085009226,0.0008497238908793767
2021-03-20,200.16,206.68,199.1,200.34,1377882.134,2021-03-20 23:59:59.999,279856385.80671,397267,637171.543,129454440.44144,0,2021-03-20,59.88378717101516,197.35150000000002,13.765131109935368,0.2171065408772572,0.000949288033974538,0.0009488377450355503
2021-03-21,200.33,202.14,192.12,195.52,1541566.144,2021-03-21 23:59:59.999,303225849.87457,455100,722014.111,142048310.30646,0,2021-03-21,52.694398487355244,198.325,12.836511044263554,-0.21851732065883206,-0.024059099530797656,-0.024353247200387666
2021-03-22,195.54,199.23,184.37,185.71,2146245.87,2021-03-22 23:59:59.999,414561261.21566,572585,957570.511,185077282.08632,0,2021-03-22,46.592370338619816,198.647,12.406950132041878,-1.042722011640009,-0.05017389525368254,-0.05147635877826897
2021-03-23,185.74,189.58,181.27,185.99,1616527.223,2021-03-23 23:59:59.999,301007419.02731,521961,766354.434,142758550.24297,0,2021-03-23,38.98886032562125,198.5605,12.492874800841488,-1.0062135577596012,0.0015077271013945737,0.001506591622073778
2021-03-24,185.97,197.29,171.5,176.15,3118745.458,2021-03-24 23:59:59.999,587079914.50038,778726,1431155.397,269905677.2134,0,2021-03-24,36.164414670148744,198.327,12.879566068206243,-1.7218747807618193,-0.05290607021882898,-0.05435700403978881
2021-03-25,176.17,178.43,168.03,171.66,2467408.278,2021-03-25 23:59:59.999,428200610.96367,627354,1160464.398,201451638.6235,0,2021-03-25,33.65752376789422,197.892,13.642643130235937,-1.9227945603782968,-0.025489639511779738,-0.025820128497172756
2021-03-26,171.68,183.99,171.55,183.63,1876116.511,2021-03-26 23:59:59.999,335030960.5154,509660,902351.902,161151023.04066,0,2021-03-26,27.657292659675875,197.924,13.606552368930476,-1.0505232782287501,0.0697308633344984,0.06740708724101425
2021-03-27,183.64,186.37,177.84,184.3,1295119.909,2021-03-27 23:59:59.999,236355014.71694,394694,611684.446,111669394.8789,0,2021-03-27,23.51977828168306,197.591,13.86499830128959,-0.9586009108103385,0.003648641289549781,0.0036420011446895773
2021-03-28,184.3,187.48,180.07,184.4,1144159.305,2021-03-28 23:59:59.999,210849700.43594,367061,534744.639,98585634.82882,0,2021-03-28,27.923237131806005,197.2075,14.129299485374169,-0.9064497509772219,0.0005425935973955021,0.0005424464467158064
2021-03-29,184.4,197.88,182.65,193.95,2165278.372,2021-03-29 23:59:59.999,418634340.23421,553928,1054730.883,203853394.98104,0,2021-03-29,44.64764307110198,196.706,14.05406755131298,-0.19609981166929322,0.051789587852494545,0.050493082763482695
2021-03-30,193.95,200.56,190.6,195.95,2156106.089,2021-03-30 23:59:59.999,421338423.18349,550253,1025122.635,200375279.88572,0,2021-03-30,45.43052533416224,196.4775,14.02591619110945,-0.03760895137348444,0.010311936065996452,0.01025913075966435
2021-03-31,195.93,199.38,186.92,197.01,2492341.529,2021-03-31 23:59:59.999,482128944.80031,625884,1148842.325,222322065.67995,0,2021-03-31,42.53682487725041,196.2495,13.975750605961249,0.054415681950963954,0.005409543250829207,0.005394964225350403
2021-04-01,197.01,205.56,194.13,203.15,2582588.453,2021-04-01 23:59:59.999,516808899.01145,642382,1179695.946,236213599.06263,0,2021-04-01,52.59453265673597,195.3505,12.821700550240054,0.6083046448822242,0.031165930663418218,0.030690133562744915
2021-04-02,203.16,214.18,201.21,211.96,2767026.209,2021-04-02 23:59:59.999,572312842.10792,679057,1296192.799,268278996.68173,0,2021-04-02,58.46837802954252,194.63150000000002,11.306056260160778,1.532674135105849,0.043366970219050005,0.04245295519082562
2021-04-03,211.93,218.78,195.05,195.52,3126390.691,2021-04-03 23:59:59.999,653206378.39398,783260,1418896.881,296975952.68413,0,2021-04-03,47.19702256338684,193.70350000000002,10.346707727074323,0.1755630919434149,-0.07756180411398372,-0.08073490164133078
2021-04-04,195.48,205.13,192.0,202.66,1673316.389,2021-04-04 23:59:59.999,335365552.36694,525625,770550.992,154464340.62167,0,2021-04-04,54.04303510758776,193.79950000000002,10.424048852231556,0.8500056096823777,0.03651800327332233,0.0358670220369409
2021-04-05,202.66,225.92,198.33,221.84,4320889.414,2021-04-05 23:59:59.999,915746741.1363,973947,2074794.551,440144050.57859,0,2021-04-05,68.49595576942767,194.8,12.066298870037928,2.24095228298576,0.09464127109444398,0.09042670328735118
2021-04-06,221.85,245.43,212.13,237.52,7429092.871,2021-04-06 23:59:59.999,1712192760.5833,1576496,3494417.725,806203653.5766,0,2021-04-06,72.78676925798177,196.36950000000002,15.241354227372211,2.6999241265646265,0.07068157230436345,0.06829542914798171
2021-04-07,237.54,243.74,210.77,219.36,6578487.857,2021-04-07 23:59:59.999,1479364102.71727,1523089,3034433.66,682547408.45393,0,2021-04-07,67.79800642557048,197.3385,16.07617860949041,1.3698218049779463,-0.07645671943415289,-0.07953761464150007
2021-04-08,219.31,228.49,217.3,226.45,2596891.821,2021-04-08 23:59:59.999,580798953.75176,754229,1211555.315,271118514.56184,0,2021-04-08,72.09452375191547,198.6535,17.343916353399276,1.6026657090370524,0.03232129832239239,0.031809954188218595
2021-04-09,226.45,229.34,219.0,221.35,1902674.962,2021-04-09 23:59:59.999,428284198.36021,580075,853129.766,192167267.26243,0,2021-04-09,66.10314207650273,199.704,18.072417308385944,1.1977368401047177,-0.02252152793111062,-0.022779010824072844
2021-04-10,221.35,257.92,219.45,257.13,5058482.27,2021-04-10 23:59:59.999,1205715639.54556,1370995,2456880.758,586190976.03148,0,2021-04-10,73.9210405307758,202.7845,22.119392652507816,2.4569164648306243,0.16164445448384912,0.14983663440075107
2021-04-11,257.12,264.0,245.11,252.85,4322666.171,2021-04-11 23:59:59.999,1100851818.34178,1212198,1992872.596,507878936.14204,0,2021-04-11,71.88159324851352,206.1415,24.37180192785413,1.916497604004307,-0.016645276708279866,-0.01678536605290906
2021-04-12,252.84,260.0,240.0,244.92,3426899.12,2021-04-12 23:59:59.999,855865021.00186,995320,1584943.418,396011140.71191,0,2021-04-12,66.46424187609018,209.08800000000002,25.34993171380872,1.4134949318416274,-0.031362467866323906,-0.0318648009162383
2021-04-13,244.92,274.65,244.87,267.99,4745925.113,2021-04-13 23:59:59.999,1250144415.13238,1212483,2259914.379,595436634.23457,0,2021-04-13,70.48220175139315,213.68,27.311619081301902,1.9885309559396187,0.0941940225379716,0.09001803977210368
2021-04-14,268.0,284.48,254.99,279.54,6330946.728,2021-04-14 23:59:59.999,1716316496.86498,1532000,2992163.611,811672879.0612,0,2021-04-14,72.14381540112691,219.074,29.166058752562446,2.0731632104624915,0.04309862308295087,0.042195728674903
2021-04-15,279.54,291.91,266.67,286.11,4097143.812,2021-04-15 23:59:59.999,1143883542.26417,1142452,1902764.057,531604877.36477,0,2021-04-15,72.20794517614306,224.198,31.518550360734167,1.9643035384371617,0.02350289761751445,0.02323095720217029
2021-04-16,286.13,317.99,265.0,308.74,8700816.851,2021-04-16 23:59:59.999,2552790136.83822,2071111,4141720.883,1216634982.31327,0,2021-04-16,74.12263210368893,230.42,35.285448767684315,2.2196118438410877,0.07909545279787489,0.07612314649476447
2021-04-17,308.76,336.09,296.62,301.49,7092881.941,2021-04-17 23:59:59.999,2254513690.09795,1915059,3338211.635,1062045546.84294,0,2021-04-17,77.68141685387388,236.27450000000005,36.9236738314399,1.7662245717399345,-0.02348254194467836,-0.02376265063236271
2021-04-18,301.48,305.62,225.7,273.71,9805838.326,2021-04-18 23:59:59.999,2608486728.69167,2292475,4584541.694,1219982565.00666,0,2021-04-18,66.75312426314548,240.2625,36.415559554009505,0.9184947426221076,-0.09214235961391759,-0.09666769638846359
2021-04-19,273.61,282.2,250.67,261.61,5311192.422,2021-04-19 23:59:59.999,1416348821.04071,1421993,2559798.079,682757222.48395,0,2021-04-19,59.70141971995902,243.5455,35.148049953395,0.5139545443901684,-0.04420737276679687,-0.045214306580737426
2021-04-20,261.64,273.0,234.09,260.88,5741953.843,2021-04-20 23:59:59.999,1457444822.22287,1522941,2721940.248,691153466.25307,0,2021-04-20,56.1467213977476,246.73900000000003,33.56320524496766,0.421324480090298,-0.0027904132105042168,-0.002794313671067787
2021-04-21,260.85,277.36,251.01,257.99,4552080.559,2021-04-21 23:59:59.999,1202907291.8456,1305424,2159806.307,571078026.27171,0,2021-04-21,61.05293276108727,249.481,32.01931898746581,0.2657458143732202,-0.01107789021772454,-0.011139707000544858
2021-04-22,257.96,290.0,239.64,252.64,6852337.565,2021-04-22 23:59:59.999,1839376190.13731,1900944,3284703.838,882308499.82192,0,2021-04-22,57.568926651638634,251.51500000000001,30.77841836160756,0.03655158581518523,-0.020737237877437198,-0.02095527397318688
2021-04-23,252.68,257.36,205.0,241.38,7249020.035,2021-04-23 23:59:59.999,1681625409.74736,1945184,3504091.282,813028480.85739,0,2021-04-23,55.58966344812189,253.808,27.96711501219423,-0.44437904998714156,-0.044569347688410366,-0.04559309531758009
2021-04-24,241.36,241.48,220.48,225.02,3266941.35,2021-04-24 23:59:59.999,750943657.3469,1048905,1566454.752,360051916.23419,0,2021-04-24,39.94992175273866,254.92600000000002,26.20633057307528,-1.1411746454395189,-0.06777694920871646,-0.07018316804682592
2021-04-25,225.06,235.89,210.56,223.96,2875488.283,2021-04-25 23:59:59.999,648214437.66466,989356,1378778.563,310897442.48726,0,2021-04-25,40.77173704721141,255.032,26.069389712842092,-1.1918959493207302,-0.00471069238289934,-0.004721822662233336
2021-04-26,223.92,248.45,221.1,247.64,3326950.229,2021-04-26 23:59:59.999,799073722.61679,1130496,1601412.66,384699490.07323,0,2021-04-26,50.78941258416531,255.538,25.808504636630627,-0.3060231544291103,0.10573316663689925,0.10050861417033867
2021-04-27,247.59,263.37,243.84,259.92,2817437.937,2021-04-27 23:59:59.999,716554545.44236,956595,1346027.217,342371606.6185,0,2021-04-27,47.501393275125395,257.56600000000003,24.369521387003413,0.09659607025583211,0.04958811177515754,0.04839781270981353
2021-04-28,259.86,267.11,248.3,258.69,2577267.353,2021-04-28 23:59:59.999,659885427.30376,873027,1232929.381,315784133.72081,0,2021-04-28,43.10379043461003,259.178,23.243204915348493,-0.020995383458403884,-0.00473222530009243,-0.004743457728502188
2021-04-29,258.68,263.0,248.66,255.43,2059803.537,2021-04-29 23:59:59.999,526253341.92251,732484,980265.918,250551530.95207,0,2021-04-29,39.625321249830925,260.882,21.508508132952922,-0.25348108601019403,-0.012601956009122839,-0.01268203412867314
2021-04-30,255.43,273.94,252.81,271.43,2448032.17,2021-04-30 23:59:59.999,648713413.60936,773209,1210708.844,320858735.49881,0,2021-04-30,36.79105006018552,261.597,21.614640287011053,0.4549231386427004,0.06263947069647258,0.06075587973959328
2021-05-01,271.43,279.0,266.05,277.1,1992837.997,2021-05-01 23:59:59.999,541829040.00545,655339,948448.579,257942799.64064,0,2021-05-01,41.267454350161124,262.8095,21.77769343424205,0.656198969975875,0.02088936374019079,0.020674172625669788
2021-05-02,277.1,277.86,265.21,269.11,1886231.254,2021-05-02 23:59:59.999,510439011.7103,634302,884753.147,239467217.15777,0,2021-05-02,48.081094610378784,264.019,21.40031354910577,0.23789371068410067,-0.028834355828220914,-0.02925823391979593
2021-05-03,269.1,300.34,268.68,294.95,3472003.392,2021-05-03 23:59:59.999,990806086.85792,1045303,1649448.769,471070814.97212,0,2021-05-03,62.47754491017963,265.367,22.485212473980326,1.3156646855898353,0.09602021478205924,0.0916856324999473
2021-05-04,295.01,328.34,268.72,305.52,9505052.61,2021-05-04 23:59:59.999,2883942013.13471,2457585,4493839.766,1364311516.7508,0,2021-05-04,65.56051310652538,266.666,24.04354851645652,1.6159844281473885,0.03583658247160537,0.035209392468176504
2021-05-05,305.5,360.8,300.72,356.76,7776301.08,2021-05-05 23:59:59.999,2645052546.37125,2424819,3736073.076,1271245041.22011,0,2021-05-05,75.74951770165285,270.1985,31.181169127502844,2.7760825659243737,0.16771406127258448,0.1550480438807459
2021-05-06,356.75,366.31,316.71,354.94,6783792.769,2021-05-06 23:59:59.999,2323931594.27897,2201355,3171421.483,1087423760.12072,0,2021-05-06,77.16987145437162,272.5085,35.586805253604005,2.316350102588988,-0.005101468774526219,-0.005114525691587719
2021-05-07,354.9,374.0,333.91,344.91,7076733.49,2021-05-07 23:59:59.999,2526583954.87032,2290210,3374551.608,1205714418.04388,0,2021-05-07,77.67737796075497,274.67949999999996,38.641250453097285,1.8175007065375843,-0.02825829717698758,-0.028665247672660214
2021-05-08,345.0,357.39,334.5,347.76,3165282.237,2021-05-08 23:59:59.999,1095560948.59547,1198116,1485773.76,514370873.68692,0,2021-05-08,85.36768095896727,278.38199999999995,41.94948586348313,1.6538462527473627,0.008263025136992175,0.008229073246778015
2021-05-09,347.77,390.0,334.1,388.49,6164237.405,2021-05-09 23:59:59.999,2217616818.24212,1949625,2940972.999,1058918986.22848,0,2021-05-09,88.58764482386604,284.726,48.38060337736541,2.1447438179025564,0.11712100299056827,0.11075484277014538
2021-05-10,388.44,413.94,330.0,359.39,8833376.503,2021-05-10 23:59:59.999,3405050093.32166,2748925,4113248.303,1588039754.38898,0,2021-05-10,75.55921504048305,289.6515,50.780146895063815,1.3733418326676612,-0.07490540297047543,-0.07785927963968556
2021-05-11,359.39,380.39,345.23,378.15,4418229.576,2021-05-11 23:59:59.999,1596453992.71145,1575304,2111925.294,763518772.72709,0,2021-05-11,76.2628282020525,295.6595,53.85235942395065,1.5317898952318258,0.05219956036617601,0.05088279249104211
2021-05-12,378.2,394.79,301.5,311.54,5917230.796,2021-05-12 23:59:59.999,2126130773.6937,2001577,2737591.551,985468525.24484,0,2021-05-12,59.09732502495955,298.60450000000003,52.97939425405284,0.24416096450575112,-0.17614703160121636,-0.1937632014035786
2021-05-13,310.95,332.94,290.95,318.04,5844658.369,2021-05-13 23:59:59.999,1839357614.46595,1987002,2845322.324,895914011.84246,0,2021-05-13,60.65847264308332,302.43750000000006,51.37005352035622,0.30372754028409216,0.020864094498298735,0.02064942013482288
2021-05-14,318.04,339.15,308.0,326.53,3106606.767,2021-05-14 23:59:59.999,1006455200.08919,1202853,1512936.08,490247091.36811,0,2021-05-14,59.62613556953179,307.51300000000003,48.237641351520786,0.39423569368613814,0.02669475537668209,0.026344667076251056
2021-05-15,326.52,332.33,296.0,300.42,3200199.193,2021-05-15 23:59:59.999,1001045470.75241,1291740,1493557.8,467252309.9113,0,2021-05-15,53.802504565614406,311.336,44.12150154910214,-0.24740771770543094,-0.07996202492879667,-0.08334033253962539
2021-05-16,300.41,324.12,280.01,295.87,4061859.205,2021-05-16 23:59:59.999,1228445424.52061,1479169,1954862.937,591384648.10542,0,2021-05-16,54.412928759894456,313.7475,41.70897995888393,-0.42862472344380903,-0.015145463018440886,-0.015261326906856491
2021-05-17,295.87,296.41,261.47,281.63,4731749.682,2021-05-17 23:59:59.999,1326343259.21632,1792240,2263767.228,634755550.99931,0,2021-05-17,47.716049382716044,314.83299999999997,40.49932359409232,-0.8198408529678094,-0.04812924595261436,-0.04932601596260882
2021-05-18,281.62,318.25,278.37,294.27,5729518.758,2021-05-18 23:59:59.999,1728073057.59135,2243956,2810428.39,847787416.61646,0,2021-05-18,48.08458473797119,316.61199999999997,38.64222718872863,-0.5781757839909605,0.04488158221780347,0.04390356054389077
2021-05-19,294.22,300.63,129.6,185.96,11399292.428,2021-05-19 23:59:59.999,2566279032.53547,3092942,5429262.456,1224401164.92906,0,2021-05-19,25.65147972857386,313.13849999999996,46.7111035233431,-2.7226610036400576,-0.3680633431882284,-0.45896611642194984
2021-05-20,186.07,224.93,166.17,210.78,6801620.32,2021-05-20 23:59:59.999,1368255318.49777,2179574,3411818.496,685825633.40206,0,2021-05-20,30.71386525391982,310.10600000000005,51.30423142495478,-1.9360196467476387,0.13346956334695625,0.1252833386834066
2021-05-21,210.67,219.14,156.24,179.83,6105580.771,2021-05-21 23:59:59.999,1155316669.32392,2015017,3011914.33,569946427.13042,0,2021-05-21,29.085795368164995,305.2425,58.678305223885104,-2.137289063163853,-0.14683556314640855,-0.15880297532868512
2021-05-22,179.84,184.39,161.39,169.34,4811403.672,2021-05-22 23:59:59.999,840843533.75009,1646978,2396542.468,418926140.87351,0,2021-05-22,27.825006214267958,300.254,65.72909148442928,-1.991720820163969,-0.05833286993271425,-0.06010343196297439
2021-05-23,169.34,176.42,118.0,142.4,8824460.623,2021-05-23 23:59:59.999,1255191217.0524,2364626,4343699.279,617310020.38452,0,2021-05-23,18.32900054052662,292.62649999999996,74.62613259477328,-2.0130548747011128,-0.15908822487303653,-0.1732685292362558
2021-05-24,142.4,185.38,139.5,185.22,5547680.9,2021-05-24 23:59:59.999,898116951.27177,1759965,2788482.369,451877533.1929,0,2021-05-24,28.34945180618054,286.61150000000004,78.29043198077842,-1.2950688536869142,0.30070224719101124,0.26290430876424753
2021-05-25,185.25,194.56,167.13,183.75,5104106.221,2021-05-25 23:59:59.999,910872897.09453,1731052,2508123.244,447691111.81907,0,2021-05-25,24.74931158102561,277.961,79.67747359792112,-1.1824044581963011,-0.007936507936507908,-0.007968169649176845
2021-05-26,183.74,204.18,179.34,198.86,3769735.564,2021-05-26 23:59:59.999,732986823.33844,1488320,1867092.246,362953828.97557,0,2021-05-26,33.10340690978886,270.15700000000004,79.3840265054033,-0.8981277863897112,0.08223129251700678,0.07902492145898145
2021-05-27,198.86,208.78,180.34,194.3,3654647.779,2021-05-27 23:59:59.999,711156925.30306,1455513,1805644.901,351532388.19679,0,2021-05-27,31.336349924585207,262.6265,79.06251838526963,-0.8642084946883013,-0.022930705018606057,-0.023197703168533125
2021-05-28,194.32,198.88,165.25,177.36,4814730.8,2021-05-28 23:59:59.999,861632805.84984,1702576,2357970.118,421872686.2998,0,2021-05-28,28.060008824827193,254.1065,78.585390920022,-0.9766000919701032,-0.08718476582604218,-0.09122179107533834
2021-05-29,177.36,188.83,157.55,163.83,4422262.115,2021-05-29 23:59:59.999,759523611.54304,1568328,2191045.466,376498494.57671,0,2021-05-29,29.138283898952253,242.8735,74.30553045047427,-1.0637633500602444,-0.07628552097428953,-0.07935226047588395
2021-05-30,163.83,181.0,155.0,170.51,3298304.35,2021-05-30 23:59:59.999,564249437.41035,1369530,1651299.031,282542420.73759,0,2021-05-30,30.9772382397572,233.42950000000002,70.62932293057621,-0.8908410471645833,0.04077397302081409,0.03996464119788806
2021-05-31,170.49,188.57,163.5,187.95,3460829.031,2021-05-31 23:59:59.999,610649357.39803,1383301,1717892.586,303346057.24997,0,2021-05-31,35.92125037571385,223.91950000000003,62.44875107048336,-0.5759842972584468,0.1022813911207554,0.09738202398012678
2021-06-01,187.98,193.16,175.86,182.97,2805097.061,2021-06-01 23:59:59.999,510980380.62236,1191815,1360707.94,247890124.71652,0,2021-06-01,32.879030273197145,217.49100000000004,59.50235775072089,-0.5801618844184676,-0.02649640861931357,-0.026853765033712274
2021-06-02,183.0,191.43,178.27,187.19,2247994.798,2021-06-02 23:59:59.999,416814020.55439,1035432,1104315.398,204796966.25015,0,2021-06-02,50.27834351663271,210.94850000000002,54.87883498408619,-0.4329264643990627,0.023063890255233144,0.022801938836763173
2021-06-03,187.18,197.79,182.0,193.55,2771633.62,2021-06-03 23:59:59.999,528707385.90229,1111322,1332288.832,254186655.86459,0,2021-06-03,45.74546891204504,204.2995,47.72811413291171,-0.22522364847823492,0.03397617394091568,0.03341173321041936
2021-06-04,193.56,193.84,169.03,178.48,3551181.576,2021-06-04 23:59:59.999,631962140.03097,1327550,1695074.987,301431529.42725,0,2021-06-04,49.63828305021166,198.2025,42.280711401051214,-0.466465661207149,-0.07786101782485155,-0.08105932689938014
2021-06-05,178.48,185.52,167.36,172.87,2606463.699,2021-06-05 23:59:59.999,459241576.49828,1147132,1273820.362,224439472.01831,0,2021-06-05,50.97122104220547,192.05249999999998,35.77109798868108,-0.5362569526400847,-0.03143209323173457,-0.0319366831895816
2021-06-06,172.87,179.93,171.98,176.35,2081023.847,2021-06-06 23:59:59.999,366904845.95773,995356,1036356.577,182775522.16423,0,2021-06-06,60.725342768686424,186.78850000000003,29.001001484522853,-0.35993584585590305,0.02013073407763044,0.019930789747365465
2021-06-07,176.35,182.19,160.0,161.9,2963878.626,2021-06-07 23:59:59.999,516871087.66035,1168026,1444082.944,252278971.12394,0,2021-06-07,41.02386451116243,180.17,14.816735559211816,-1.2330651328012137,-0.08193932520555702,-0.08549179599847144
2021-06-08,161.9,164.46,144.83,160.6,4421410.052,2021-06-08 23:59:59.999,690913958.15994,1318323,2197126.991,343377436.36621,0,2021-06-08,41.07762275495259,178.90200000000002,15.369966818442801,-1.190763793844955,-0.008029647930821615,-0.00806205917092827
2021-06-09,160.59,173.18,152.23,172.47,4152083.546,2021-06-09 23:59:59.999,677746649.04919,1294938,2083434.523,340309964.96242,0,2021-06-09,39.568345323741006,176.9865,13.456093620599859,-0.335647189098456,0.07391033623910337,0.07130650679064794
2021-06-10,172.48,174.56,161.96,168.08,3183426.072,2021-06-10 23:59:59.999,536242834.71967,1089169,1603315.743,270167953.15195,0,2021-06-10,39.62159594680177,176.399,13.581333513320123,-0.6125318984207985,-0.02545370209311759,-0.025783251766564205
2021-06-11,168.08,173.72,160.42,162.79,3067441.369,2021-06-11 23:59:59.999,515806735.37787,1277479,1513946.001,254643621.62669,0,2021-06-11,43.64698700619167,176.0715,13.837078439355412,-0.9598485733971672,-0.03147310804378878,-0.03197902991632657
2021-06-12,162.8,164.28,154.09,161.75,2717811.668,2021-06-12 23:59:59.999,432761006.39633,1245300,1330632.068,211940303.20903,0,2021-06-12,48.982188295165386,177.039,11.899677969991712,-1.2848246850507532,-0.006388598808280577,-0.006409093239408544
2021-06-13,161.76,171.58,156.39,170.83,2321381.776,2021-06-13 23:59:59.999,377208158.31043,1180469,1146909.505,186462447.82193,0,2021-06-13,50.15299292407727,176.3195,11.813715701854472,-0.46467175430150837,0.05613601236476051,0.054616976577956375
2021-06-14,170.81,179.96,166.36,179.81,2451456.056,2021-06-14 23:59:59.999,422528851.66926,1204864,1217591.135,209948773.58238,0,2021-06-14,45.76570952975448,176.1225,11.71573115853124,0.31474774814329975,0.05256687935374349,0.05123182788458006
2021-06-15,179.75,181.22,172.15,175.13,2303056.498,2021-06-15 23:59:59.999,406849681.99526,1183071,1144519.72,202261451.64732,0,2021-06-15,45.908996034230846,174.93599999999998,10.422001727117122,0.01861446630691358,-0.026027473444191096,-0.026372182558973258
2021-06-16,175.13,177.3,164.35,166.5,2502744.475,2021-06-16 23:59:59.999,426040673.61281,1183844,1223060.896,208242123.38778,0,2021-06-16,39.678738900528785,173.546,9.518137478134244,-0.7402708792751286,-0.04927767943813166,-0.05053324586407452
2021-06-17,166.47,173.37,162.78,167.07,2104649.736,2021-06-17 23:59:59.999,354500248.81201,1141235,1041285.296,175574928.97231,0,2021-06-17,35.98051673019906,173.0315,9.57903867004082,-0.6223484636976204,0.0034234234234233885,0.0034175768491883766
2021-06-18,167.06,167.29,151.16,156.21,2649827.905,2021-06-18 23:59:59.999,424100804.40309,1228956,1281957.494,205304395.84963,0,2021-06-18,37.65931508367506,172.65050000000002,10.101572819174484,-1.627518832393425,-0.06500269348177401,-0.06721163042676942
2021-06-19,156.21,160.87,152.24,152.43,1675545.636,2021-06-19 23:59:59.999,262888459.97084,1034228,839242.963,131713862.32935,0,2021-06-19,38.43891402714933,171.7465,11.066155741483525,-1.7455474557970052,-0.024198194737852896,-0.02449578156916719
2021-06-20,152.44,156.09,143.59,154.87,2403737.803,2021-06-20 23:59:59.999,361443229.18605,1141069,1206370.572,181478671.51314,0,2021-06-20,37.70604395604397,170.09250000000003,10.988713767461126,-1.3852849680256152,0.016007347634980018,0.01588058105433284
2021-06-21,154.87,155.44,123.92,124.34,4912481.007,2021-06-21 23:59:59.999,672116262.47311,1543361,2428024.97,332140842.97263,0,2021-06-21,31.844547563805108,167.161,14.599697509484658,-2.933005973047143,-0.19713307935687996,-0.21956630648689154
2021-06-22,124.35,132.98,104.83,119.57,6780149.758,2021-06-22 23:59:59.999,800796350.44247,1645209,3377821.286,399067660.51176,0,2021-06-22,30.810962491815545,163.78,17.29768983662968,-2.5558326237519116,-0.03836255428663349,-0.03911777490970292
2021-06-23,119.61,133.62,115.32,129.0,3447102.887,2021-06-23 23:59:59.999,439243464.00546,1140997,1746782.608,222550906.43482,0,2021-06-23,29.194984205992156,160.5525,17.471859743449397,-1.8059039199779388,0.07886593627164018,0.07591043043018363
2021-06-24,129.02,137.35,123.63,134.49,2484304.224,2021-06-24 23:59:59.999,327011954.07873,1011981,1259730.135,165887786.20256,0,2021-06-24,34.0911243724543,158.353,17.860798620679077,-1.3360544792421334,0.04255813953488374,0.04167744247378573
2021-06-25,134.49,138.47,124.16,124.91,3152379.149,2021-06-25 23:59:59.999,411398257.49557,1122655,1601918.859,209051756.17638,0,2021-06-25,32.75987620608046,155.955,18.99284809994011,-1.6345626436141458,-0.07123206186333564,-0.07389636885764
2021-06-26,124.87,129.35,118.52,126.65,3264465.174,2021-06-26 23:59:59.999,402087102.56206,1088899,1645974.397,202788209.01219,0,2021-06-26,34.12626628075253,153.46999999999997,19.430252862889343,-1.3803217173372258,0.013930029621327389,0.01383389846986636
2021-06-27,126.63,132.67,124.55,132.52,2364182.848,2021-06-27 23:59:59.999,302368771.23974,925002,1232875.403,157752156.39913,0,2021-06-27,32.15649743828598,152.00100000000003,19.865121749067963,-0.9806635089419493,0.04634820371101456,0.045306200984010836
2021-06-28,132.49,139.5,129.84,137.65,2473755.632,2021-06-28 23:59:59.999,331332861.29112,958404,1238596.661,165968556.33982,0,2021-06-28,29.632850241545896,150.8535,20.004619801962807,-0.6600225413284032,0.038711137941442875,0.03798065415692128
2021-06-29,137.65,149.15,137.24,144.2,3244093.307,2021-06-29 23:59:59.999,466506431.8721,1104780,1615665.326,232290677.06564,0,2021-06-29,35.32314700578911,149.44,19.386033768236025,-0.2702976824782869,0.047584453323646914,0.046486993262232365
2021-06-30,144.24,146.94,136.01,144.18,2622351.356,2021-06-30 23:59:59.999,370120057.23742,1017289,1270032.301,179261562.4186,0,2021-06-30,38.46630839189748,148.245,18.907260231818718,-0.21499677637900577,-0.0001386962552010207,-0.0001387058744160671
2021-07-01,144.15,144.18,134.03,136.95,2428953.351,2021-07-01 23:59:59.999,333657366.44337,947027,1185139.899,162779955.27201,0,2021-07-01,35.43801972539161,146.95300000000003,18.743195284521615,-0.5336870180433245,-0.05014565126924686,-0.05144662326734547
2021-07-02,136.95,138.9,130.51,136.7,2155479.285,2021-07-02 23:59:59.999,287929084.48421,940749,1078339.364,144044858.42197,0,2021-07-02,39.489279172502954,145.7005,18.538207622155227,-0.48551079928802904,-0.001825483753194579,-0.0018271519791832713
2021-07-03,136.7,141.32,134.5,140.15,1417323.06,2021-07-03 23:59:59.999,196394541.65219,768780,689893.139,95600153.68774,0,2021-07-03,43.360726643598625,144.1665,17.594692463773427,-0.22827906814908963,0.025237746891002333,0.024924533880893544
2021-07-04,140.12,148.11,136.81,144.97,1679126.663,2021-07-04 23:59:59.999,241426532.756,693548,809402.836,116317689.80835,0,2021-07-04,44.781783681214414,142.4245,15.477294226672043,0.16446673189253844,0.03439172315376382,0.03381354685200881
2021-07-05,144.98,145.04,133.68,137.66,2171272.307,2021-07-05 23:59:59.999,302017950.53924,809343,1019532.383,141868919.86376,0,2021-07-05,59.29648241206029,140.551,13.44430378303594,-0.21503530764068743,-0.05042422570186933,-0.05173994749258794
2021-07-06,137.67,142.67,135.51,138.81,2061681.867,2021-07-06 23:59:59.999,285835411.04302,860817,1005997.694,139484271.56489,0,2021-07-06,64.1428991473096,139.1665,11.977128324217158,-0.029765064742538146,0.008353915443847226,0.008319214616799846
2021-07-07,138.81,142.96,136.77,137.33,1827491.505,2021-07-07 23:59:59.999,256368925.98066,813431,873966.137,122659713.37717,0,2021-07-07,56.933577492924925,137.67950000000002,10.016104124964617,-0.03489380657783855,-0.0106620560478351,-0.010719303044827327
2021-07-08,137.33,137.69,127.71,132.07,2439413.382,2021-07-08 23:59:59.999,322557175.14659,945426,1166219.909,154163738.70624,0,2021-07-08,47.97794117647057,136.4725,9.075921223361266,-0.4850747259317372,-0.03830190053156646,-0.039054703486477695
2021-07-09,132.07,135.86,125.88,134.47,2273922.121,2021-07-09 23:59:59.999,299034818.06178,928007,1135494.062,149325446.68556,0,2021-07-09,59.077098366881884,135.5745,8.26633851039557,-0.13361417495920425,0.01817218141894461,0.01800904078006571
2021-07-10,134.47,136.76,130.2,133.94,1534124.236,2021-07-10 23:59:59.999,203993604.74227,795923,768079.534,102150988.78631,0,2021-07-10,57.084548104956255,134.528,6.908296766248108,-0.08511504642834508,-0.0039413995686770065,-0.003949187353874431
2021-07-11,133.96,136.48,131.99,134.21,1522538.083,2021-07-11 23:59:59.999,204604368.08787,763813,756213.231,101642206.3728,0,2021-07-11,51.842966194111234,135.0215,6.481559489897504,-0.12520135027146498,0.002015827982678964,0.002013798927810568
2021-07-12,134.19,139.71,131.77,133.27,2894554.446,2021-07-12 23:59:59.999,394164657.09884,963291,1419018.046,193250686.66652,0,2021-07-12,44.74315890542488,135.7065,5.395593011652769,-0.4515722358483911,-0.00700394903509427,-0.007028591818078959
2021-07-13,133.27,134.59,129.23,131.33,2139813.271,2021-07-13 23:59:59.999,282658773.93422,827120,1034294.778,136673102.44108,0,2021-07-13,32.63157894736847,135.823,5.266783798389217,-0.8530822931015557,-0.014556914534403775,-0.014663905994566998
2021-07-14,131.34,132.41,123.5,131.02,2260231.165,2021-07-14 23:59:59.999,289899092.33937,849489,1134153.88,145546951.70246,0,2021-07-14,32.378146759507274,135.64950000000002,5.369166822557185,-0.862238062812715,-0.0023604660016751655,-0.002363256293338243
2021-07-15,131.02,133.05,121.89,125.81,2036978.895,2021-07-15 23:59:59.999,258018345.4937,826919,987813.003,125179424.09283,0,2021-07-15,34.229898074745236,135.6945,5.277407133494568,-1.8729841662708204,-0.039764921386048036,-0.04057715094069087
2021-07-16,125.8,127.77,120.3,120.58,1882209.686,2021-07-16 23:59:59.999,233017592.07471,841834,915014.937,113327352.30323,0,2021-07-16,30.00000000000003,135.391,5.955856825541023,-2.4867958437960906,-0.04157062236706144,-0.04245939930178002
2021-07-17,120.59,122.92,117.6,119.9,2104921.354,2021-07-17 23:59:59.999,252876244.55675,821177,1033964.148,124258787.74578,0,2021-07-17,23.021582733812977,134.76,6.873816070309771,-2.161826829231745,-0.005639409520650118,-0.005655371027790874
2021-07-18,119.91,124.0,116.02,119.1,1954900.153,2021-07-18 23:59:59.999,234796744.93148,785655,983790.231,118181189.3515,0,2021-07-18,11.399582214264441,133.8325,7.668856962109217,-1.9210815996166446,-0.006672226855713226,-0.006694585672214272
2021-07-19,119.12,120.71,111.74,113.06,2426798.525,2021-07-19 23:59:59.999,280628723.56081,837421,1155908.482,133658882.43965,0,2021-07-19,11.848635235732061,132.2755,8.5622878613768,-2.2442015861996696,-0.0507136859781695,-0.052044825114109565
2021-07-20,113.08,115.0,103.72,107.23,3817587.437,2021-07-20 23:59:59.999,410333207.01983,929571,1905635.926,204876630.41886,0,2021-07-20,7.231852654387907,130.428,9.760925107150253,-2.3766189931122987,-0.051565540421015355,-0.052942591015090426
2021-07-21,107.23,119.18,104.99,117.69,3085267.288,2021-07-21 23:59:59.999,350540672.36142,969290,1592333.411,180775815.26519,0,2021-07-21,28.60566448801744,129.46499999999997,10.029982158772311,-1.1739801540625332,0.09754732817308587,0.09307798865751658
2021-07-22,117.7,121.95,115.48,120.59,1936659.152,2021-07-22 23:59:59.999,229542526.99423,710251,967742.146,114711905.8061,0,2021-07-22,36.81672025723475,128.6595,10.065193006752805,-0.8017233245886217,0.024641006032798174,0.024342313225930425
2021-07-23,120.6,124.77,116.96,124.2,1692050.59,2021-07-23 23:59:59.999,203284065.01022,627394,846584.377,101749076.98604,0,2021-07-23,38.52513966480448,127.862,9.733256933131038,-0.37623582991371657,0.029936147275893443,0.029496807383877142
2021-07-24,124.18,127.68,123.22,125.93,1759996.915,2021-07-24 23:59:59.999,221066605.46347,630795,871763.121,109525766.07018,0,2021-07-24,41.28400435255713,126.91000000000001,8.864216651353509,-0.11055686458773142,0.013929146537842163,0.013833027518376624
2021-07-25,125.93,127.96,123.42,127.62,1385325.68,2021-07-25 23:59:59.999,173694372.17445,610451,697567.658,87463726.30627,0,2021-07-25,43.04412075153051,126.40800000000002,8.500197892434848,0.14258491570868786,0.01342015405383945,0.013330901422445798
2021-07-26,127.6,140.43,126.78,131.05,3938120.902,2021-07-26 23:59:59.999,534758609.39326,996132,1918077.168,260399460.45762,0,2021-07-26,47.773766546329725,126.01999999999998,8.070549449763636,0.6232537240878122,0.026876665099514252,0.026521831329214592
2021-07-27,131.04,135.17,127.36,134.69,2295248.123,2021-07-27 23:59:59.999,301256348.54817,758498,1126432.423,147859921.15687,0,2021-07-27,53.25833979829324,125.88799999999999,7.895521448732559,1.114809206352414,0.027775658145745785,0.02739691184130803
2021-07-28,134.68,142.0,132.35,140.48,2972809.286,2021-07-28 23:59:59.999,407611188.80087,857678,1491742.261,204661817.13048,0,2021-07-28,58.29242636746142,126.30850000000001,8.446795888945179,1.6777367638949416,0.042987601158215094,0.04208928827608298
2021-07-29,140.45,143.09,135.89,141.39,2360813.784,2021-07-29 23:59:59.999,328424927.63624,721793,1172392.431,163225738.01666,0,2021-07-29,64.77057262040196,126.65450000000001,8.926796133583077,1.6507042145349604,0.006477790432801722,0.006456899716942543
2021-07-30,141.39,145.92,135.87,145.49,2192109.816,2021-07-30 23:59:59.999,307992928.50807,744357,1072526.698,150831593.26924,0,2021-07-30,74.1329199767487,127.232,9.757840356404698,1.8711107512653773,0.02899780748284897,0.02858532612354826
2021-07-31,145.47,146.64,141.73,144.36,1533930.154,2021-07-31 23:59:59.999,221168883.46953,640697,724422.956,104490120.50673,0,2021-07-31,73.49212447176336,127.73949999999999,10.383738032440116,1.6006278228587305,-0.007766856828647972,-0.007797175952709457
2021-08-01,144.38,149.78,137.95,140.25,2252435.97,2021-08-01 23:59:59.999,328602827.87505,769510,1093016.512,159571169.84496,0,2021-08-01,69.09878995846125,128.0885,10.692123158269665,1.137426105178545,-0.028470490440565377,-0.02888363537178225
2021-08-02,140.24,145.97,138.75,141.35,1798626.813,2021-08-02 23:59:59.999,256207814.20412,661653,880368.737,125443313.86527,0,2021-08-02,78.04878048780486,128.5895,11.079731364310721,1.1516975981117434,0.007843137254901933,0.007812539736793625
2021-08-03,141.34,143.24,135.5,138.48,1677883.338,2021-08-03 23:59:59.999,232817251.5441,611228,816738.879,113353645.85322,0,2021-08-03,82.91552559511268,128.9625,11.289446807109456,0.8430439650954731,-0.020304209409267804,-0.020513173271645566
2021-08-04,138.47,144.56,135.53,142.61,1723510.726,2021-08-04 23:59:59.999,241855328.12367,606632,849903.029,119295853.93198,0,2021-08-04,80.28682547399123,129.8025,11.661417660050295,1.0982798467013115,0.029823801270941752,0.029387720880721897
2021-08-05,142.6,145.26,136.07,143.62,2509821.987,2021-08-05 23:59:59.999,353194039.26261,725959,1211089.712,170522663.19744,0,2021-08-05,79.33757961783438,130.9545,11.839077344474473,1.0698046504368217,0.007082252296472857,0.007057290933495818
2021-08-06,143.62,151.04,141.77,148.05,2688533.334,2021-08-06 23:59:59.999,394023953.04386,812230,1298269.413,190312634.44743,0,2021-08-06,79.76041926628399,132.36200000000002,12.125537036398859,1.293798365623494,0.030845286171842456,0.030379131865428902
2021-08-07,148.05,156.5,147.09,156.03,3114598.965,2021-08-07 23:59:59.999,476195623.2453,892679,1470900.233,224920012.22276,0,2021-08-07,82.49136442141622,134.20850000000002,12.793186210677952,1.705712684912416,0.05390070921985801,0.05249824190549038
2021-08-08,156.05,157.75,147.01,149.76,2415475.417,2021-08-08 23:59:59.999,369024600.85458,785912,1129898.331,172667109.78626,0,2021-08-08,71.7485265225933,136.04350000000002,12.219251969095263,1.1225318894062846,-0.04018457988848301,-0.0410142837238089
2021-08-09,149.76,171.0,145.29,166.41,4367302.071,2021-08-09 23:59:59.999,699358192.53195,1113387,2137248.221,342334384.3158,0,2021-08-09,77.573300062383,139.0025,12.038720807637265,2.276612311053256,0.11117788461538458,0.10542061000597092
2021-08-10,166.43,168.44,158.8,165.45,3477850.381,2021-08-10 23:59:59.999,571077559.69121,1014591,1623193.708,266629757.23774,0,2021-08-10,75.0325520833333,141.3905,12.322170637130224,1.9525374796792565,-0.00576888408148557,-0.005785588367631776
2021-08-11,165.44,176.25,164.39,170.67,3187187.069,2021-08-11 23:59:59.999,545409701.7318,944443,1523784.421,260742302.32131,0,2021-08-11,74.7987514374897,143.8945,12.945452147986858,2.0683325459716633,0.03155031731640978,0.031062833063044536
2021-08-12,170.66,179.95,160.83,165.41,3616041.86,2021-08-12 23:59:59.999,611738567.88686,1036041,1719946.979,291117179.51073,0,2021-08-12,68.41459674946334,145.95499999999998,12.925373047656334,1.5051789939268057,-0.03081971055252819,-0.03130462717653586
2021-08-13,165.44,184.68,164.0,183.39,3916573.471,2021-08-13 23:59:59.999,695611288.99734,1042946,1903208.191,338106000.21031,0,2021-08-13,73.95701643489252,148.828,14.52681027762576,2.3791871263874413,0.10869959494589199,0.10318779245461392
2021-08-14,183.39,185.23,174.62,182.9,3123112.719,2021-08-14 23:59:59.999,563378181.60562,951967,1448259.021,261349180.34332,0,2021-08-14,74.56028549579403,151.592,15.505286229304497,2.0191823315605015,-0.002671901412290678,-0.002675477311923642
2021-08-15,182.85,186.82,175.1,184.8,3267037.163,2021-08-15 23:59:59.999,591738440.87909,917903,1534628.097,278030898.36108,0,2021-08-15,79.21311475409837,154.27949999999998,16.390318861097523,1.8621053231881008,0.010388190267905939,0.010334603810763753
2021-08-16,184.81,189.44,176.53,177.98,3280782.566,2021-08-16 23:59:59.999,603655787.98805,954232,1527134.408,281229837.09254,0,2021-08-16,72.34354031962913,156.44400000000002,16.52505670027781,1.30323304728134,-0.036904761904761996,-0.037602974778867704
2021-08-17,178.01,184.58,168.02,168.69,3011471.054,2021-08-17 23:59:59.999,535305879.93152,993935,1387182.576,246810409.1381,0,2021-08-17,67.08903722140514,157.8545,16.293036121382034,0.665038726930711,-0.052196876053489105,-0.053608473456496095
2021-08-18,168.74,174.63,162.91,166.68,2717628.761,2021-08-18 23:59:59.999,459177518.6931,862102,1297487.951,219371028.30304,0,2021-08-18,63.95038831575287,159.11899999999997,15.925200122679671,0.4747821026896945,-0.011915347679174793,-0.011986904417967294
2021-08-19,166.67,175.99,162.67,175.7,2446179.103,2021-08-19 23:59:59.999,412223050.52332,820778,1187236.083,200062052.1742,0,2021-08-19,67.01315231226135,160.6295,15.996999216959308,0.9420829366562016,0.05411567074634016,0.05270218863879868
2021-08-20,175.7,184.25,174.27,183.7,2207895.159,2021-08-20 23:59:59.999,395383307.40401,775355,1072713.754,192119668.09531,0,2021-08-20,68.21665815022993,162.5965,16.306836239992208,1.2941504832337778,0.04553215708594194,0.04452599702802845
2021-08-21,183.7,184.88,176.53,179.79,2288366.431,2021-08-21 23:59:59.999,414721501.31414,793168,1066007.89,193224305.61117,0,2021-08-21,62.66794625719769,164.5735,15.845346411321072,0.9603134955211972,-0.021284703320631482,-0.02151448908287641
2021-08-22,179.81,189.86,178.4,186.05,3373170.424,2021-08-22 23:59:59.999,622433559.89447,1014520,1610596.467,297270431.80578,0,2021-08-22,69.35053855177564,166.8085,15.546923295218171,1.237640376467168,0.034818399243562004,0.034225951654427995
2021-08-23,186.06,192.06,183.72,187.19,2860751.452,2021-08-23 23:59:59.999,538318851.17288,905520,1309692.3,246510192.16676,0,2021-08-23,63.27625862509584,169.244,14.665925563414268,1.2236527399790047,0.0061273851115291045,0.006108689020606219
2021-08-24,187.19,189.0,171.89,173.51,2828209.27,2021-08-24 23:59:59.999,510891608.80336,907176,1275788.643,230495277.86542,0,2021-08-24,54.429544954935146,170.789,13.274007803143858,0.20498707250688472,-0.0730808269672526,-0.07588890919965749
2021-08-25,173.52,179.04,169.04,177.86,2244450.284,2021-08-25 23:59:59.999,393086526.06433,778389,1097478.013,192397409.76121,0,2021-08-25,53.989568305404525,172.501,11.700229372471744,0.45802520868596336,0.02507060111809123,0.024761489357913686
2021-08-26,177.86,180.34,164.9,167.72,2583950.241,2021-08-26 23:59:59.999,441688949.62772,846048,1213059.996,207418812.57935,0,2021-08-26,51.215917464996316,173.48449999999997,10.276885394957086,-0.560918972865907,-0.05701113235128763,-0.058700801668932205
2021-08-27,167.73,176.45,165.09,176.35,2046953.805,2021-08-27 23:59:59.999,350181777.07892,748575,999073.906,170925346.08634,0,2021-08-27,45.88977113498366,174.50050000000002,9.430017846164295,0.19612900316538326,0.0514548056284283,0.05017473437949907
2021-08-28,176.37,177.2,171.36,175.79,1461299.009,2021-08-28 23:59:59.999,254262224.08518,618209,697338.567,121375507.28423,0,2021-08-28,45.85229261463072,175.802,7.417163310793237,-0.001617869190306004,-0.0031755032605613742,-0.0031805558702613476
2021-08-29,175.79,182.84,173.11,174.46,2618111.336,2021-08-29 23:59:59.999,464296252.2647,862513,1223926.305,217165467.29315,0,2021-08-29,43.927648578811365,176.2045,7.091963928874078,-0.24598263858865188,-0.007565845611240629,-0.007594611806727118
2021-08-30,174.45,176.61,166.51,167.46,2282587.878,2021-08-30 23:59:59.999,392191229.54833,811823,1069712.344,183841018.60626,0,2021-08-30,43.83497421472106,176.305,6.944244493029991,-1.2737166741288868,-0.040123810615613875,-0.040950972228786645
2021-08-31,167.45,175.5,165.65,171.68,2729741.283,2021-08-31 23:59:59.999,467289746.73023,877315,1333580.918,228336747.37725,0,2021-08-31,51.86292834890966,176.3555,6.904668500753179,-0.6771505394487778,0.02520004777260243,0.024887762106102555
2021-09-01,171.68,182.99,168.55,181.11,3134149.484,2021-09-01 23:59:59.999,551745022.91685,920268,1508614.341,265632059.30799,0,2021-09-01,58.229725105509296,177.14050000000003,6.473798587994912,0.613163963327662,0.05492777260018644,0.053472302594056186
2021-09-02,181.12,188.23,179.66,183.58,2812799.826,2021-09-02 23:59:59.999,517846072.5979,884981,1321854.502,243416916.98656,0,2021-09-02,54.8570019723866,177.15,6.483584129008039,0.9917354154828819,0.013638120479266824,0.013545958314500514
2021-09-03,183.57,217.97,180.01,213.23,8530558.739,2021-09-03 23:59:59.999,1726853780.81655,1843758,4126321.934,835661681.5457,0,2021-09-03,64.36703318088936,178.6665,10.314549904715793,3.350946024721603,0.1615099684061443,0.1497208555471975
2021-09-04,213.23,225.46,208.78,212.23,6506241.23,2021-09-04 23:59:59.999,1405581257.02502,1554792,3080812.688,665726499.19087,0,2021-09-04,66.24273983577008,180.038,12.716912319718144,2.531432095358937,-0.004689771608122673,-0.004700803090592742
2021-09-05,212.23,232.88,210.62,232.51,5001999.234,2021-09-05 23:59:59.999,1106746778.17755,1310970,2385822.672,528288058.03843,0,2021-09-05,70.39866526167896,182.7645,17.27955392790565,2.878864825304512,0.09555670734580413,0.09126264260761352
2021-09-06,232.56,232.63,214.74,219.57,4078226.066,2021-09-06 23:59:59.999,915221237.69986,1141257,1848797.828,415034423.92131,0,2021-09-06,62.88192234245703,185.3085,18.778755150436133,1.8244819598281128,-0.05565352027869763,-0.05726214657391777
2021-09-07,219.55,222.13,155.6,178.26,7752249.395,2021-09-07 23:59:59.999,1501730030.45937,2004965,3481070.099,673788001.98818,0,2021-09-07,51.54914878351053,185.8875,18.347732937542997,-0.41571893519295033,-0.18814045634649545,-0.2084279295786742
2021-09-08,178.27,188.86,169.32,179.66,5550441.183,2021-09-08 23:59:59.999,998881748.53163,1400718,2690983.808,484443250.32897,0,2021-09-08,50.59856344772545,186.0855,18.25313137519236,-0.3520217911066388,0.00785369684730175,0.007823017098489355
2021-09-09,179.66,188.92,176.48,180.42,3386431.985,2021-09-09 23:59:59.999,619482607.37821,1039574,1616984.062,295845122.68426,0,2021-09-09,54.504184990778825,185.92149999999998,18.290389560181318,-0.3007863764682689,0.004230212623844931,0.004221290427432018
2021-09-10,180.44,187.48,170.53,174.16,2888518.63,2021-09-10 23:59:59.999,515756434.05714,992162,1392904.229,248742693.61076,0,2021-09-10,49.21001370752471,185.64000000000001,18.432496189868193,-0.622813094968127,-0.03469681853453044,-0.0353130493022006
2021-09-11,174.15,186.32,173.37,178.59,2714814.142,2021-09-11 23:59:59.999,490242743.89793,960675,1304333.102,235545709.9005,0,2021-09-11,50.98259404828749,185.267,18.4991226249995,-0.36093603655433754,0.025436380339917353,0.025118258907116463
2021-09-12,178.59,186.23,175.16,183.14,2335199.0,2021-09-12 23:59:59.999,422757141.53371,877454,1130075.962,204630646.27088,0,2021-09-12,52.97872340425531,185.0645,18.499131266943603,-0.10403191221411263,0.025477350355562978,0.02515821184617761
2021-09-13,183.15,236.42,170.72,179.43,19576764.276,2021-09-13 23:59:59.999,3820134517.7046,3557655,9590170.85,1871230925.07318,0,2021-09-13,54.202654307983984,185.3605,18.351291500514993,-0.3231652660431865,-0.02025772632958378,-0.020465727955010594
2021-09-14,179.42,189.0,176.2,183.13,4676150.276,2021-09-14 23:59:59.999,847133703.00281,1232003,2239195.046,405804166.44181,0,2021-09-14,54.0348157023046,185.624,18.275605080343123,-0.1364660698803618,0.020620854929498833,0.020411123428281774
2021-09-15,183.13,191.88,179.7,189.18,2786880.524,2021-09-15 23:59:59.999,512883262.78294,900297,1332730.957,245367604.66786,0,2021-09-15,52.91314706519385,186.697,17.792698709539632,0.13955162398544596,0.03303664063779843,0.03250265963216734
2021-09-16,189.18,195.54,181.54,185.33,4078368.901,2021-09-16 23:59:59.999,772176110.2763,1219849,1908854.796,361521102.56891,0,2021-09-16,50.62549145757381,187.14600000000002,17.630414330744372,-0.10300381862456941,-0.02035098847658312,-0.020560922975805578
2021-09-17,185.33,190.72,177.33,180.08,2580553.314,2021-09-17 23:59:59.999,472906599.32597,996106,1194753.838,219042966.95327,0,2021-09-17,35.648108061304015,187.3605,17.51067057389296,-0.4157750538037444,-0.028327847623158653,-0.028736823210742002
2021-09-18,180.08,185.83,177.84,181.35,1674620.695,2021-09-18 23:59:59.999,305043914.54162,797041,787629.165,143497240.20398,0,2021-09-18,36.66205943331029,187.70499999999998,17.31013955977767,-0.3671258673596513,0.007052421146157117,0.007027669130434424
2021-09-19,181.36,181.77,172.44,175.69,1641974.531,2021-09-19 23:59:59.999,291593386.89875,760758,769348.318,136660105.67188,0,2021-09-19,21.910223452639897,188.11650000000003,16.896420136262158,-0.7354516459572977,-0.0312103666942376,-0.03170778735194848
2021-09-20,175.68,176.09,153.46,157.22,4168184.741,2021-09-20 23:59:59.999,676135637.0644,1303705,1975697.651,320344627.21369,0,2021-09-20,20.774350801537437,187.3935,17.91540333285801,-1.68422108279638,-0.10512835107291252,-0.11107498001135241
2021-09-21,157.22,162.33,144.43,148.41,3397384.074,2021-09-21 23:59:59.999,528585697.21939,1171137,1659219.934,258293091.71936,0,2021-09-21,29.877308884993923,185.75849999999997,19.90112170205569,-1.8767032612107515,-0.0560361277191197,-0.057667384457883504
2021-09-22,148.46,161.8,145.17,161.46,2686314.17,2021-09-22 23:59:59.999,416580810.84095,963696,1348983.268,209245419.40353,0,2021-09-22,39.39641109298532,184.65249999999997,20.6298771267109,-1.1242190080701482,0.08793208004851438,0.08427872005914265
2021-09-23,161.43,165.0,157.08,163.77,1965270.88,2021-09-23 23:59:59.999,316334127.88422,708879,955325.063,153781055.51629,0,2021-09-23,40.47155774293236,182.1795,19.978060986730032,-0.9214858244865739,0.014306949089557763,0.014205570494906464
2021-09-24,163.77,166.58,141.62,151.97,3570142.385,2021-09-24 23:59:59.999,540569295.02376,1087332,1727550.632,261435413.91744,0,2021-09-24,38.058336024109344,179.16649999999998,19.750221124678937,-1.377022557282487,-0.0720522684252306,-0.07477987151626225
2021-09-25,151.96,155.88,148.34,150.86,2473310.308,2021-09-25 23:59:59.999,376536535.21361,800561,1199257.149,182639917.40871,0,2021-09-25,34.52394240428619,175.084,16.27679374867393,-1.4882537908900835,-0.0073040731723365004,-0.00733087852002882
2021-09-26,150.83,153.36,141.74,150.61,2617172.873,2021-09-26 23:59:59.999,389047059.58745,758462,1303077.639,193703348.2658,0,2021-09-26,30.929769023332156,171.636,13.408451144904502,-1.568115494681152,-0.0016571655839850985,-0.0016585402017275197
2021-09-27,150.61,154.89,144.62,144.89,2056699.439,2021-09-27 23:59:59.999,310149485.72618,645933,994076.31,149953196.66315,0,2021-09-27,30.217640320733096,169.96750000000003,14.566974137628687,-1.7215311679054255,-0.037978885864152656,-0.03871888039112656
2021-09-28,144.9,148.85,139.73,140.37,2285748.511,2021-09-28 23:59:59.999,331688472.6396,708136,1127374.625,163687206.9909,0,2021-09-28,25.737630503858384,168.003,15.78910387110865,-1.750130990686788,-0.0311960797846641,-0.031693040286396156
2021-09-29,140.35,150.29,139.59,144.65,2465640.745,2021-09-29 23:59:59.999,358856800.90351,671067,1229419.637,178941802.08623,0,2021-09-29,24.215402431962943,166.21450000000002,16.32535369972359,-1.320920844757264,0.03049084562228388,0.03003523787590941
2021-09-30,144.66,154.44,143.74,153.17,2135949.474,2021-09-30 23:59:59.999,322083676.33288,627388,1068872.964,161263041.86873,0,2021-09-30,32.33355306526036,165.165,16.461798360543224,-0.7286567200792867,0.05890079502246781,0.05723138425431832
2021-10-01,153.19,167.9,151.03,166.12,2543309.322,2021-10-01 23:59:59.999,409343323.95981,686327,1254649.732,201953015.89057,0,2021-10-01,42.92949756888168,164.5415,16.159943419325916,0.09767979744980045,0.08454658222889622,0.08116200308609037
2021-10-02,166.13,172.69,164.38,168.83,1623479.17,2021-10-02 23:59:59.999,274219232.21874,595875,790669.412,133588159.26843,0,2021-10-02,43.750000000000014,163.826,15.600235963128519,0.3207643789380543,0.01631350830724787,0.01618187272654956
2021-10-03,168.87,175.02,165.69,170.54,1795242.536,2021-10-03 23:59:59.999,305023828.03987,612828,856972.981,145673642.75445,0,2021-10-03,47.32356303918511,163.38150000000002,15.255061722520814,0.46925408301901467,0.010128531659065132,0.010077581824801075
2021-10-04,170.54,170.87,161.21,167.59,2163494.844,2021-10-04 23:59:59.999,359961271.07413,638774,1057276.012,175961479.12344,0,2021-10-04,56.42582724005453,162.6045,14.576937255022631,0.3420128599567236,-0.01729799460537107,-0.01744935291712137
2021-10-05,167.57,175.66,166.67,173.88,2288967.616,2021-10-05 23:59:59.999,391838904.85693,651785,1109687.16,190085991.53608,0,2021-10-05,66.29141614430088,161.8395,13.468149747890509,0.8939980788293425,0.03753207231935085,0.03684488572380932
2021-10-06,173.92,183.35,163.8,178.69,3744779.881,2021-10-06 23:59:59.999,658017773.0339,968261,1795974.892,315815537.59989,0,2021-10-06,62.31946231946231,161.5075,12.92969119792535,1.3289180489288903,0.027662755923625548,0.02728705476997865
2021-10-07,178.68,187.18,173.57,178.7,3032425.96,2021-10-07 23:59:59.999,547340195.04399,831027,1466905.369,264761965.99303,0,2021-10-07,61.03800088718024,161.4385,12.828648973048885,1.3455430915807167,5.596284067377333e-05,5.596127481242495e-05
2021-10-08,178.7,183.75,174.48,176.06,2710725.934,2021-10-08 23:59:59.999,486992052.47768,677989,1299570.246,233515071.3883,0,2021-10-08,70.6003078501796,161.174,12.445315500008858,1.1961127060209442,-0.014773363178511412,-0.014883576132622226
2021-10-09,176.08,183.08,174.4,180.07,2012113.518,2021-10-09 23:59:59.999,361014466.1914,539085,963747.072,172999264.33885,0,2021-10-09,73.79827277171256,161.39299999999997,12.749028900067678,1.46497432442881,0.02277632625241388,0.02252081814865394
2021-10-10,180.08,184.28,173.91,174.77,2398108.095,2021-10-10 23:59:59.999,431343701.41015,635361,1156552.681,208069580.73524,0,2021-10-10,68.18729298404097,162.2705,13.047175727861898,0.9580234267334701,-0.029432998278447142,-0.02987484040314418
2021-10-11,174.72,185.52,171.87,179.15,2978544.177,2021-10-11 23:59:59.999,536999679.19811,778081,1443940.904,260360923.85735,0,2021-10-11,76.32145052243399,163.8075,13.138740977495118,1.167729847652802,0.02506150941237051,0.024752619972693016
2021-10-12,179.15,179.24,166.31,172.68,3029088.249,2021-10-12 23:59:59.999,521140294.39795,774295,1426684.675,245626163.15026,0,2021-10-12,74.10114873937046,164.3685,13.272091523986642,0.6262389002500944,-0.03611498744069219,-0.036783273063686096
2021-10-13,172.65,179.75,167.62,177.77,2781991.682,2021-10-13 23:59:59.999,482695824.41386,745256,1331782.188,231174417.71566,0,2021-10-13,74.41037735849059,165.06850000000003,13.603911695577798,0.9336652783573153,0.029476488302061732,0.029050409247317412
2021-10-14,177.78,186.96,177.02,181.53,2671564.023,2021-10-14 23:59:59.999,483949819.15555,752993,1277112.827,231385127.36697,0,2021-10-14,72.4793912492074,166.54649999999998,13.711275527060701,1.092786733840221,0.02115092535298424,0.020930349367745776
2021-10-15,181.52,193.31,176.65,189.86,3926191.52,2021-10-15 23:59:59.999,727139752.86488,1030698,1908746.973,353598253.33359,0,2021-10-15,70.3044816968868,168.4965,14.129821869105738,1.5119440427419975,0.04588773205530772,0.04486602915131269
2021-10-16,189.87,192.95,185.11,186.14,1968414.56,2021-10-16 23:59:59.999,371930833.08335,608327,909398.001,171932926.78298,0,2021-10-16,64.55355641499915,170.273,13.995549330149908,1.133717557325064,-0.019593384599178476,-0.019787879696088147
2021-10-17,186.15,188.39,176.17,183.93,1727383.596,2021-10-17 23:59:59.999,317904828.70588,557538,804407.905,148106713.50806,0,2021-10-17,61.16391529097884,172.225,12.952633343314577,0.9036772438279106,-0.011872783926077046,-0.011943828314858065
2021-10-18,183.92,187.78,178.61,185.72,1825073.403,2021-10-18 23:59:59.999,336132354.68535,630737,891341.247,164189233.72169,0,2021-10-18,65.41404523040299,174.4925,10.88742967830469,1.0312351337040513,0.009731963246887299,0.009684912709014601
2021-10-19,185.72,191.95,183.19,188.88,2164084.109,2021-10-19 23:59:59.999,406531977.64294,640893,1040379.484,195456922.52921,0,2021-10-19,63.46982758620691,176.704,8.798316465756944,1.383901118741181,0.01701486108119754,0.01687172962553656
2021-10-20,188.88,209.57,185.81,207.51,3554198.211,2021-10-20 23:59:59.999,706299938.70254,915576,1723948.262,342819024.53984,0,2021-10-20,70.73381294964031,179.421,9.509872377251495,2.953667398018034,0.0986340533672172,0.09406763850334549
2021-10-21,207.52,215.0,195.25,196.92,4130953.36,2021-10-21 23:59:59.999,847468230.35645,1099768,1968113.106,403975016.90235,0,2021-10-21,61.37612387612388,180.96099999999998,9.733777813693337,1.6395484163968808,-0.05103368512360851,-0.05238197639060321
2021-10-22,196.94,201.58,188.0,191.14,2584765.279,2021-10-22 23:59:59.999,506112616.41076,731187,1209466.558,237011541.98791,0,2021-10-22,59.06032203797163,182.07649999999998,9.54696494897072,0.9493593040767538,-0.029352021125330086,-0.029791411051966234
2021-10-23,191.15,198.12,188.98,196.42,1716664.483,2021-10-23 23:59:59.999,333278385.91222,530464,835923.828,162310732.67148,0,2021-10-23,59.67570126642206,183.3705,9.654294640212411,1.3516782412715842,0.02762373129643203,0.027249079891594672
2021-10-24,196.43,200.19,185.38,190.47,2099563.112,2021-10-24 23:59:59.999,404122909.29286,630963,973582.619,187407656.63592,0,2021-10-24,59.220108057317354,184.5145,9.02075587625461,0.6601996641630331,-0.03029223093371336,-0.03076052187915984
2021-10-25,190.47,197.52,189.71,195.62,1499400.638,2021-10-25 23:59:59.999,292037982.81629,487857,701048.103,136564034.65852,0,2021-10-25,59.58561285065766,185.60150000000002,8.981603581475424,1.115446691575563,0.02703837874730941,0.02667930001187874
2021-10-26,195.65,199.52,190.4,197.68,2036694.726,2021-10-26 23:59:59.999,396740616.91403,588092,938152.843,182784938.06708,0,2021-10-26,65.33742331288343,186.551,9.213277546993286,1.2079306135341512,0.010530620590941675,0.010475559818007834
2021-10-27,197.73,205.1,170.0,179.21,4730169.076,2021-10-27 23:59:59.999,892940647.88067,1175806,2208790.074,416976225.53685,0,2021-10-27,50.75885328836425,186.57649999999998,9.191083364929757,-0.8014833189423772,-0.09343383245649539,-0.09809125912505738
2021-10-28,179.19,194.53,177.58,189.99,2560804.421,2021-10-28 23:59:59.999,477781170.11504,726272,1252889.792,233882654.2463,0,2021-10-28,54.15112855740923,187.273,8.87455623798108,0.3061561532926989,0.06015289325372475,0.05841313664115139
2021-10-29,189.94,198.77,188.26,196.84,2026853.897,2021-10-29 23:59:59.999,391652790.48196,632099,974688.139,188383412.30942,0,2021-10-29,53.475403306114316,188.1115,8.95009513328063,0.9752410304046223,0.03605452918574659,0.0354197768013288
2021-10-30,196.84,197.45,186.6,190.45,1378764.971,2021-10-30 23:59:59.999,264858099.19787,465524,653680.765,125627185.57077,0,2021-10-30,52.090406440973915,188.89550000000003,8.389089703458225,0.1853002000156408,-0.032462914041861524,-0.03300152307316453
2021-10-31,190.43,195.5,186.75,192.03,1450325.653,2021-10-31 23:59:59.999,276893507.88053,506326,690456.249,131876892.48293,0,2021-10-31,53.952762053484285,189.5395,8.090655087004992,0.3078242704969807,0.008296140719348921,0.008261916897408676
2021-11-01,192.02,201.55,187.9,197.75,2155531.069,2021-11-01 23:59:59.999,418100328.23658,690239,1023904.854,198658884.16295,0,2021-11-01,55.65372685402763,190.79299999999998,7.238274074597192,0.9611407261318959,0.02978701244597204,0.029351996825741595
2021-11-02,197.77,205.33,195.32,201.12,1850984.315,2021-11-02 23:59:59.999,370635765.84008,608851,885968.226,177429692.07658,0,2021-11-02,55.74108818011257,191.9605,6.9025048657057715,1.3269820417668714,0.017041719342604233,0.016898138194173972
2021-11-03,201.12,209.57,197.51,207.48,2537979.475,2021-11-03 23:59:59.999,517639872.11561,739071,1203457.562,245561732.19069,0,2021-11-03,49.98409837803456,193.25799999999998,7.267940850788914,1.9568128431392298,0.03162291169451059,0.031133204641262006
2021-11-04,207.47,207.52,196.1,202.83,1680964.908,2021-11-04 23:59:59.999,339399992.10456,566152,797212.532,161062527.53016,0,2021-11-04,53.34313836406835,193.9065,7.522954539277795,1.1861696031007354,-0.02241179872758814,-0.022666759712503162
2021-11-05,202.83,203.49,196.76,198.99,1299791.687,2021-11-05 23:59:59.999,260268524.65551,475309,601348.815,120434721.7193,0,2021-11-05,54.54019664545981,194.549,7.371957463397766,0.6024180174736287,-0.018932110634521493,-0.01911361756512188
2021-11-06,198.98,201.3,190.84,197.74,1179391.951,2021-11-06 23:59:59.999,231262381.6483,463762,544131.421,106758550.91492,0,2021-11-06,50.80077651055571,195.2395,6.960236289851623,0.3592550447814354,-0.006281722699633119,-0.006301535736587385
2021-11-07,197.74,202.31,197.08,202.29,1067275.226,2021-11-07 23:59:59.999,213032064.55277,401323,504415.789,100695407.29623,0,2021-11-07,57.29449518637374,196.068,6.750490508496756,0.9217107989661534,0.023010013148578867,0.0227492749456133
2021-11-08,202.28,230.2,202.28,229.3,4363438.17,2021-11-08 23:59:59.999,950680400.06484,1136934,2149422.804,468627901.26746,0,2021-11-08,66.36858475894246,198.089,9.832339176627977,3.1743209260101923,0.13352118246082356,0.1253288784492585
2021-11-09,229.3,275.0,226.69,262.4,10650100.875,2021-11-09 23:59:59.999,2732095401.29992,2744925,5255731.377,1348782037.95882,0,2021-11-09,74.1636798088411,200.83350000000002,17.371069195649532,3.5441974991049414,0.14435237679895319,0.13483886720607507
2021-11-10,262.45,296.0,251.88,260.3,10911323.155,2021-11-10 23:59:59.999,3000321000.31708,3074958,5308573.539,1460352617.64277,0,2021-11-10,84.49170565716719,204.0025,21.828789265314725,2.579048215443401,-0.008003048780487632,-0.00803524506941411
2021-11-11,260.3,274.4,250.93,262.41,5446243.301,2021-11-11 23:59:59.999,1431979623.62364,1533784,2640223.513,694304028.80458,0,2021-11-11,83.25679647318151,207.56599999999997,25.178777906049234,2.1781835561933174,0.008106031502113087,0.00807335409935368
2021-11-12,262.37,282.88,243.85,251.27,7271195.858,2021-11-12 23:59:59.999,1912794347.92583,2123486,3502059.299,922095136.18304,0,2021-11-12,74.04789255102943,210.3085,26.833626248265965,1.5264988645597986,-0.042452650432529326,-0.04338010790460834
2021-11-13,251.27,264.3,245.34,257.79,3587388.628,2021-11-13 23:59:59.999,910942812.92177,1251573,1720642.951,437024063.44679,0,2021-11-13,79.71756398940867,213.6745,28.391208883070767,1.553843662722844,0.025948183229195676,0.025617241797976364
2021-11-14,257.81,279.98,248.57,279.6,4293172.495,2021-11-14 23:59:59.999,1126558474.64117,1459882,2071020.576,543973595.35004,0,2021-11-14,82.79038418332962,217.8735,31.608400494839323,1.95285111026349,0.08460374723612252,0.08121471036641394
2021-11-15,279.64,281.69,259.2,263.04,3831255.858,2021-11-15 23:59:59.999,1038327531.09424,1284134,1822863.348,494292019.9046,0,2021-11-15,72.61203851215629,221.1415,32.76821908255254,1.278632198303047,-0.05922746781115884,-0.06105389849184014
2021-11-16,263.03,263.9,220.0,230.25,6664264.769,2021-11-16 23:59:59.999,1599607256.69032,1942599,3099948.799,744764555.10354,0,2021-11-16,58.380804419126534,223.6935,31.28462499039313,0.20957579008900912,-0.12465784671532854,-0.13314043673239895
2021-11-17,230.31,235.59,218.03,229.75,3957756.541,2021-11-17 23:59:59.999,902187882.83494,1360859,1940275.317,442455719.48779,0,2021-11-17,56.6307389983922,225.6815,30.277262490975403,0.13437476394085093,-0.0021715526601520097,-0.0021739138996197966
2021-11-18,229.74,232.5,199.16,204.24,5484543.89,2021-11-18 23:59:59.999,1176268684.28153,1648152,2592166.667,556211770.38077,0,2021-11-18,50.373430796122676,226.05149999999998,29.94970139118436,-0.7282710339950215,-0.11103373231773661,-0.11769598830256797
2021-11-19,204.25,221.33,199.56,217.94,3530380.299,2021-11-19 23:59:59.999,747300725.5753,1112772,1702112.795,360287068.05796,0,2021-11-19,54.769695444248676,227.42600000000002,28.84007836327874,-0.32891727548418437,0.06707794751273011,0.06492402261551167
2021-11-20,217.95,227.89,212.61,226.66,2879102.814,2021-11-20 23:59:59.999,637228845.70792,1026119,1371341.668,303670121.80586,0,2021-11-20,57.01533087521832,229.15750000000003,27.616738226358613,-0.0904342858859526,0.040011012205193985,0.039231301756062216
2021-11-21,226.68,230.98,219.57,221.37,2189988.804,2021-11-21 23:59:59.999,491826760.68835,867656,1057724.412,237623048.16076,0,2021-11-21,54.611814753939875,230.3385,26.69251743663986,-0.3359930370482504,-0.023338921732992124,-0.023615587566417386
2021-11-22,221.39,221.88,205.14,209.07,3066080.363,2021-11-22 23:59:59.999,655884221.43604,1097430,1458916.001,312261384.55017,0,2021-11-22,44.73588342440801,230.73600000000002,26.29067022828995,-0.8240946241334856,-0.05556308442878444,-0.05716638561984786
2021-11-23,209.07,218.98,205.21,216.33,2319228.301,2021-11-23 23:59:59.999,489644445.0174,898674,1118349.696,236200359.37144,0,2021-11-23,36.149359629607375,231.17849999999999,25.950928038370645,-0.57217606931225,0.03472521165160014,0.034135895478240884
2021-11-24,216.35,217.82,206.04,212.36,1851152.775,2021-11-24 23:59:59.999,390625582.82326,779825,871874.275,184020920.12878,0,2021-11-24,35.74741348555119,231.65500000000003,25.486343195400643,-0.7570721249442353,-0.018351592474460277,-0.018522071881307074
2021-11-25,212.37,230.0,210.85,223.19,2713687.111,2021-11-25 23:59:59.999,602398085.37358,920475,1307164.894,290264287.52056,0,2021-11-25,38.91464104013566,232.865,24.405448162245683,-0.39642787691015957,0.0509983047654925,0.049740478920623124
2021-11-26,223.2,225.0,189.18,195.67,4518939.677,2021-11-26 23:59:59.999,907425830.49617,1275296,2115543.934,424284235.07168,0,2021-11-26,35.61672185430463,232.7615,24.56610871977164,-1.5098646848431279,-0.12330301536807209,-0.13159385984608662
2021-11-27,195.66,201.04,190.57,195.09,1598139.239,2021-11-27 23:59:59.999,314406088.93016,644169,762115.939,150001814.49881,0,2021-11-27,33.265720081135896,232.40150000000003,25.083458435896038,-1.487494242285381,-0.0029641743752235605,-0.00296857624083718
2021-11-28,195.09,199.94,181.91,199.55,2428634.691,2021-11-28 23:59:59.999,463405773.79857,868680,1178038.258,224945971.5568,0,2021-11-28,26.454497323371953,230.91400000000004,26.137054237434377,-1.1999822059166654,0.02286124352862795,0.022603840945572884
2021-11-29,199.48,209.68,195.16,205.55,2309738.013,2021-11-29 23:59:59.999,466909629.64685,794001,1103389.269,223171504.65328,0,2021-11-29,31.970143636705757,228.07150000000001,25.618799280587016,-0.8791005290035575,0.030067652217489416,0.029624481849144582
2021-11-30,205.55,219.94,197.47,207.96,3261425.633,2021-11-30 23:59:59.999,679444363.80574,1100371,1574721.9,328082523.77214,0,2021-11-30,41.36381247578458,225.4545,24.813999757141634,-0.7050253957935562,0.01172464120651906,0.01165644017162757
2021-12-01,207.99,217.94,205.25,208.78,2166606.215,2021-12-01 23:59:59.999,459228955.23687,820496,1040680.702,220572218.72747,0,2021-12-01,41.89533895029759,222.77300000000005,23.471683073777307,-0.5961651729880891,0.00394306597422589,0.003935312464637406
2021-12-02,208.78,210.26,200.03,203.51,1822663.207,2021-12-02 23:59:59.999,373061399.21322,719438,857887.475,175635843.60831,0,2021-12-02,49.66553651608173,220.385,22.840881515850164,-0.7388068620858521,-0.025241881406265043,-0.025565922255695362
2021-12-03,203.52,208.28,178.1,187.94,3022332.335,2021-12-03 23:59:59.999,591661299.83987,965496,1393670.13,273061808.19721,0,2021-12-03,36.48648648648649,216.8925,22.1502101391968,-1.30709820891342,-0.07650729693872538,-0.07959238076953816
2021-12-04,187.93,189.17,128.64,162.74,7276477.728,2021-12-04 23:59:59.999,1140601561.47323,1840151,3383662.688,529691894.20994,0,2021-12-04,24.929400690304377,211.0495,20.051846082489156,-2.4092295443155045,-0.13408534638714475,-0.14396892768640762
2021-12-05,162.75,164.97,147.83,156.25,3278384.414,2021-12-05 23:59:59.999,511484625.65242,881850,1616468.081,252273388.91124,0,2021-12-05,24.696922598694442,205.70999999999998,19.69400389645861,-2.511424302545909,-0.039879562492319054,-0.04069654665200034
2021-12-06,156.29,164.4,141.2,161.26,3490713.656,2021-12-06 23:59:59.999,524723226.59061,929246,1707713.98,256626612.50689,0,2021-12-06,30.3072740752945,202.2605,21.157096476497667,-1.9379076918964455,0.03206399999999987,0.03156068064036497
2021-12-07,161.26,165.73,158.07,161.76,2591971.444,2021-12-07 23:59:59.999,418314454.91501,675702,1295982.406,209253117.08495,0,2021-12-07,26.197330541742986,198.861,21.954879304227486,-1.689874924197651,0.003100582909586924,0.00309578601528523
2021-12-08,161.76,170.13,155.9,165.03,2938266.047,2021-12-08 23:59:59.999,479681692.62388,805036,1445518.087,236053699.31636,0,2021-12-08,29.22847362415517,196.90050000000002,23.16650201317309,-1.3757148136510902,0.020215133531157337,0.020013520283315184
2021-12-09,165.01,166.96,151.07,151.16,2252810.134,2021-12-09 23:59:59.999,355356223.50399,621630,1095078.533,172754121.7502,0,2021-12-09,19.210053859964106,193.5615,24.73395690033043,-1.71430314085465,-0.08404532509240747,-0.08778839707418823
2021-12-10,151.15,159.75,147.35,148.2,2485458.953,2021-12-10 23:59:59.999,380341981.82949,643977,1216076.553,186197417.52314,0,2021-12-10,24.31555026512281,189.6385,25.420630095922416,-1.630113016224839,-0.019581899973537986,-0.01977616561930172
2021-12-11,148.17,159.38,145.47,157.98,2027492.674,2021-12-11 23:59:59.999,312735527.1432,534341,1020809.234,157468156.17355,0,2021-12-11,31.739002066725703,186.469,25.20695202769161,-1.1302040789661056,0.06599190283400813,0.06390572987428655
2021-12-12,157.94,162.82,153.09,158.84,1286670.625,2021-12-12 23:59:59.999,202656805.60391,395440,637860.433,100499468.01463,0,2021-12-12,29.231711049892866,183.9575,25.338572608616566,-0.9912752540551009,0.00544372705405749,0.005428963526777695
2021-12-13,158.84,159.84,142.5,144.5,2414712.454,2021-12-13 23:59:59.999,364035808.43609,613601,1171749.2,176739241.28289,0,2021-12-13,21.297602256699577,180.366,25.597861835050633,-1.4011326504969812,-0.09027952656761518,-0.09461789871056382
2021-12-14,144.47,151.88,142.76,150.21,2100221.046,2021-12-14 23:59:59.999,309930383.70039,571279,1056430.665,155916538.95934,0,2021-12-14,23.66621067031464,177.2585,25.279903871195117,-1.0699605559347114,0.03951557093425606,0.03875480745747625
2021-12-15,150.2,155.03,141.67,153.54,2418358.643,2021-12-15 23:59:59.999,361317059.25652,619028,1193627.445,178464957.46122,0,2021-12-15,25.374465049928673,173.776,23.342648656821506,-0.8669110475638496,0.022168963451168366,0.021926804389789355
2021-12-16,153.54,156.64,148.4,148.8,1435136.131,2021-12-16 23:59:59.999,219850134.58033,431128,703676.442,107857030.41902,0,2021-12-16,25.494938636567227,171.4325,23.381638291842304,-0.9679604019833085,-0.030871434153966315,-0.03135799700076087
2021-12-17,148.8,150.19,141.01,143.9,1920775.269,2021-12-17 23:59:59.999,280891655.76525,529927,942836.452,137847215.17654,0,2021-12-17,28.18938193343898,168.873,23.45730681808789,-1.0646149702379024,-0.03293010752688175,-0.033484508505669384
2021-12-18,143.93,150.34,142.73,148.56,1233858.041,2021-12-18 23:59:59.999,181889139.19855,372995,619529.896,91312118.95798,0,2021-12-18,41.183785128077595,166.32350000000002,22.706595674060853,-0.7823057342009382,0.0323835997220292,0.03187030315112823
2021-12-19,148.56,161.07,147.49,153.25,2783693.127,2021-12-19 23:59:59.999,429916435.26491,640935,1409985.993,217793671.57598,0,2021-12-19,48.09208852709234,163.70850000000002,20.890231732609365,-0.50064068861785,0.03156973613354874,0.031081657771870434
2021-12-20,153.24,157.35,145.11,152.6,2466931.56,2021-12-20 23:59:59.999,371593612.37091,662910,1198992.657,180593440.47018,0,2021-12-20,44.16913546997038,160.9405,18.21451256986875,-0.4579041008100988,-0.004241435562805873,-0.00425045596596415
2021-12-21,152.6,156.37,149.0,154.72,1736057.898,2021-12-21 23:59:59.999,265873962.03145,465220,865993.901,132642115.48925,0,2021-12-21,45.36109646810754,158.2375,14.34087565226385,-0.24527790947303416,0.013892529488859884,0.013796912854627683
2021-12-22,154.73,160.12,152.86,155.31,1589475.784,2021-12-22 23:59:59.999,248564801.829,478305,767331.159,120006718.32726,0,2021-12-22,43.36065573770492,155.8275,9.59814284393808,-0.05391668038435401,0.0038133402275077888,0.003806087876935514
2021-12-23,155.31,165.18,153.01,163.66,1959761.907,2021-12-23 23:59:59.999,310843389.34448,548586,956407.789,151708405.35671,0,2021-12-23,59.23463356973996,154.6135,6.287088084236981,1.4389014244418556,0.053763440860215006,0.05236798551731594
2021-12-24,163.66,166.66,160.11,161.25,1483955.129,2021-12-24 23:59:59.999,242447939.12869,434169,712790.904,116475137.57184,0,2021-12-24,59.71994637270968,154.53900000000002,6.193860202695369,1.083492326333031,-0.014725650739337626,-0.014835149423353762
2021-12-25,161.26,163.62,157.46,157.86,1377892.336,2021-12-25 23:59:59.999,222072619.79689,395065,663430.474,106944541.63741,0,2021-12-25,49.901218307540354,154.6195,6.227638291055269,0.5203417168036786,-0.021023255813953368,-0.021247391395625384
2021-12-26,157.87,158.33,152.98,155.77,2208712.069,2021-12-26 23:59:59.999,343505120.28962,568969,1022453.757,159044463.28222,0,2021-12-26,47.52299499757948,154.34499999999997,6.037629806821349,0.23601977027310725,-0.013239579374129007,-0.013328003941741903
2021-12-27,155.77,161.3,154.44,155.89,2000389.813,2021-12-27 23:59:59.999,316226173.8985,471084,924696.822,146172646.47637,0,2021-12-27,61.92670157068063,154.0515,5.796044272651235,0.31719909536836793,0.0007703665660909742,0.0007700699860750101
2021-12-28,155.89,156.01,144.31,145.57,2699168.977,2021-12-28 23:59:59.999,405279502.96648,629408,1273002.618,191245729.29854,0,2021-12-28,45.56913674560732,153.0785,5.480886669528631,-1.3699425754858285,-0.0662005260119315,-0.06849355974802009
2021-12-29,145.59,150.98,144.0,145.51,1911652.033,2021-12-29 23:59:59.999,282830075.32907,479285,925791.009,137006459.62303,0,2021-12-29,41.82114483601547,152.796,5.725141597881695,-1.2726322791205418,-0.000412172837810032,-0.0004122578043822237
2021-12-30,145.51,149.9,142.51,147.88,1381884.43,2021-12-30 23:59:59.999,202952229.60651,377728,678914.643,99730834.76706,0,2021-12-30,49.0154109589041,152.78000000000003,5.739092171012269,-0.8537935711765656,0.016287540375232057,0.016156321296243985
2021-12-31,147.89,152.74,143.62,146.17,1416754.764,2021-12-31 23:59:59.999,210426945.73866,409330,683408.365,101541553.89056,0,2021-12-31,52.60739719733515,152.1895,5.783300346233307,-1.0408416716452489,-0.011563429807952441,-0.011630806167229859
2022-01-01,146.19,150.98,146.08,150.74,901208.51,2022-01-01 23:59:59.999,134002354.75101,309885,455310.578,67706557.21698,0,2022-01-01,52.50920810313076,151.7845,5.5728481568182415,-0.18742660316737314,0.03126496545118718,0.030786170514122677
2022-01-02,150.73,153.35,147.82,151.13,980673.268,2022-01-02 23:59:59.999,147557205.66747,314259,474131.955,71347875.41933,0,2022-01-02,47.29177312212569,152.116,5.30760467333678,-0.1857711831767118,0.0025872363009153965,0.002583895166705372
2022-01-03,151.15,151.2,145.95,148.43,1254364.788,2022-01-03 23:59:59.999,187116782.09575,346450,597951.638,89218648.31771,0,2022-01-03,44.93809176984706,152.027,5.355951043367804,-0.6715894097751496,-0.017865413882088177,-0.018026926945355615
2022-01-04,148.44,151.58,145.07,146.45,1320610.541,2022-01-04 23:59:59.999,196223305.22452,352180,634918.727,94344232.00984,0,2022-01-04,39.92691839220461,151.67249999999999,5.483652139722094,-0.9523762388517715,-0.013339621370343058,-0.013429393362931233
2022-01-05,146.45,150.0,129.5,135.21,2294175.393,2022-01-05 23:59:59.999,326509106.97928,541177,1058953.526,150931824.05558,0,2022-01-05,30.560928433268842,150.993,6.58893258666253,-2.395380403792308,-0.07674974393991107,-0.07985494790307572
2022-01-06,135.22,138.05,132.36,135.88,2209205.62,2022-01-06 23:59:59.999,298795310.76067,497791,1086468.959,146985448.39386,0,2022-01-06,18.446160835983605,150.592,7.253829188417724,-2.028170173001984,0.004955254788846952,0.004943017921716544
2022-01-07,135.86,136.46,125.64,131.36,2902075.972,2022-01-07 23:59:59.999,382174617.24726,605409,1441053.134,189760212.2784,0,2022-01-07,17.60242792109254,149.732,8.431430920574774,-2.178989565717459,-0.033264645275242755,-0.033830497588264966
2022-01-08,131.36,134.73,124.69,129.4,1894202.859,2022-01-08 23:59:59.999,247063838.46331,444575,912579.042,118990897.34555,0,2022-01-08,18.16554809843396,148.5395,9.523556099980508,-2.009700977142264,-0.014920828258221719,-0.01503326363731794
2022-01-09,129.4,132.5,127.61,130.86,1263452.389,2022-01-09 23:59:59.999,164652967.15836,300024,619532.006,80739232.47919,0,2022-01-09,21.738143862037646,147.4525,10.248773931805912,-1.6189741436784963,0.01128284389489953,0.011219667374792495
2022-01-10,130.86,131.48,120.5,126.41,2450535.083,2022-01-10 23:59:59.999,309122634.83448,522470,1197474.354,151091356.76606,0,2022-01-10,19.54545454545456,146.037,11.110941548998586,-1.766456957175602,-0.03400580773345574,-0.034597456934126594
2022-01-11,126.43,133.49,125.69,131.52,1534826.935,2022-01-11 23:59:59.999,198783463.11034,361965,762505.784,98750058.39943,0,2022-01-11,33.7346608011114,144.84750000000003,11.337093229515917,-1.1755658818525114,0.04042401708725585,0.03962833880040364
2022-01-12,131.53,142.16,130.83,141.89,1525369.942,2022-01-12 23:59:59.999,207761910.3154,427096,755788.704,102928374.75061,0,2022-01-12,46.61682242990654,143.759,10.445860373725386,-0.17892255239224916,0.07884732360097302,0.07589317821135198
2022-01-13,141.89,142.26,134.47,136.69,1689266.319,2022-01-13 23:59:59.999,233148084.67505,454807,801688.427,110667286.71261,0,2022-01-13,40.06745961299485,142.531,9.698290625292081,-0.6022710831914357,-0.0366481076890548,-0.03733652135466024
2022-01-14,136.64,146.44,135.67,144.7,2701135.712,2022-01-14 23:59:59.999,382822267.16604,587478,1322342.32,187354758.90749,0,2022-01-14,48.826441002714354,141.873,9.026706049565322,0.3131817946078051,0.05859975126197958,0.05694704547287648
2022-01-15,144.71,150.94,143.96,147.56,1933187.337,2022-01-15 23:59:59.999,285602349.58249,485477,942381.243,139257687.81246,0,2022-01-15,47.39001969796453,141.4625,8.534734525516788,0.714433469696093,0.019765031098825325,0.01957223909103687
2022-01-16,147.55,148.89,143.0,146.34,1339999.988,2022-01-16 23:59:59.999,195623140.70909,374090,634985.045,92716816.31264,0,2022-01-16,46.121457489878544,140.98499999999999,7.93085015685718,0.6752113448228463,-0.008267823258335638,-0.008302191272591013
2022-01-17,146.34,153.79,144.13,151.09,4169947.576,2022-01-17 23:59:59.999,623481907.44336,886442,2050330.75,306645681.93976,0,2022-01-17,52.08463949843259,141.26100000000002,8.190606236800258,1.2000332717544697,0.032458657919912426,0.03194300429586556
2022-01-18,151.09,153.35,138.5,141.34,3367263.006,2022-01-18 23:59:59.999,484709755.54804,710557,1611908.957,232020636.38363,0,2022-01-18,46.43006846444042,141.05249999999998,8.129599507841087,0.03536459572488483,-0.06453107419418891,-0.06670735048904133
2022-01-19,141.33,142.9,133.01,136.2,2230537.517,2022-01-19 23:59:59.999,305121949.51436,534021,1067636.434,146033343.65146,0,2022-01-19,50.75607148312202,140.4685,8.032264722912348,-0.531419238191186,-0.036366209141078354,-0.03704394154729637
2022-01-20,136.2,142.73,128.75,129.57,2109653.642,2022-01-20 23:59:59.999,290553580.24911,543393,1025918.069,141390986.49335,0,2022-01-20,45.58308833823324,139.6385,8.26635684726409,-1.2180093584191642,-0.04867841409691631,-0.04990311807469256
2022-01-21,129.59,131.02,109.7,114.47,4165453.013,2022-01-21 23:59:59.999,503465120.79666,970891,1984516.651,240092852.76488,0,2022-01-21,39.70247530788928,137.825,9.577261722708412,-2.4385884688337915,-0.11653932237400633,-0.12390849571033449
2022-01-22,114.47,116.99,96.15,108.35,6494577.165,2022-01-22 23:59:59.999,696689819.96796,1190951,3208581.602,344378711.10259,0,2022-01-22,37.78577231054892,135.68599999999998,11.10476682851919,-2.4616455637587857,-0.05346378963920684,-0.05494605194801695
2022-01-23,108.36,112.76,105.5,112.18,2862508.118,2022-01-23 23:59:59.999,310881841.07603,590445,1406537.51,152795316.48272,0,2022-01-23,39.45109555003389,133.87349999999998,11.848651833147388,-1.8308834039085333,0.03534840793724059,0.03473799609782296
2022-01-24,112.19,112.22,97.37,109.48,5083749.359,2022-01-24 23:59:59.999,525884087.62637,1003090,2501695.554,258889089.16513,0,2022-01-24,40.246572185735694,132.025,12.640694309711249,-1.7835254494430535,-0.024068461401319352,-0.024362839907712576
2022-01-25,109.47,109.8,105.09,107.77,2157479.862,2022-01-25 23:59:59.999,232324182.77144,516923,1039364.701,111966503.59931,0,2022-01-25,35.75968341527761,130.653,13.719883803404953,-1.6678712682917163,-0.015619291194738816,-0.015742557563738036
2022-01-26,107.78,116.54,104.43,106.92,2645869.737,2022-01-26 23:59:59.999,291279726.08267,640657,1291922.843,142372647.86742,0,2022-01-26,26.330039258156233,129.20499999999998,14.636775421411201,-1.522534804175562,-0.007887167115152582,-0.007918435338022034
2022-01-27,106.92,109.93,102.8,106.84,2020455.603,2022-01-27 23:59:59.999,214849712.63814,512480,993156.682,105607976.13364,0,2022-01-27,28.29090909090911,127.979,15.451037062792043,-1.3681282307519185,-0.0007482229704451893,-0.000748503028958129
2022-01-28,106.84,110.0,105.15,109.34,1613466.928,2022-01-28 23:59:59.999,173063990.04142,387922,801708.639,86006871.7366,0,2022-01-28,22.04301075268819,126.976,15.995442245576143,-1.102564076018441,0.023399475851740847,0.02312990522509302
2022-01-29,109.36,112.33,107.42,110.75,1195197.172,2022-01-29 23:59:59.999,131236312.45518,326441,579865.634,63695853.33662,0,2022-01-29,20.21362680045314,125.97050000000002,16.366214067239834,-0.9299951679397137,0.012895555149076143,0.012813115458391677
2022-01-30,110.75,112.19,106.89,108.4,1254061.471,2022-01-30 23:59:59.999,137359918.03085,307679,622864.021,68198320.69871,0,2022-01-30,19.850603941513043,125.06999999999998,16.829669290304963,-0.9905126305484225,-0.02121896162528214,-0.021447319919699157
2022-01-31,108.4,111.24,104.13,109.42,1871703.487,2022-01-31 23:59:59.999,200622087.89747,413308,918831.912,98524973.85763,0,2022-01-31,14.799797263051204,123.96499999999999,17.10711932439029,-0.8502308146797464,0.009409594095940887,0.009365599630133958
2022-02-01,109.43,116.77,108.15,115.03,2075870.995,2022-02-01 23:59:59.999,232140956.73275,458548,1012035.994,113204958.27696,0,2022-02-01,26.103542234332423,122.622,16.674709371726937,-0.4553002892435854,0.051270334490952196,0.049999275272238956
2022-02-02,115.04,115.96,107.16,108.18,1943689.284,2022-02-02 23:59:59.999,217929018.44009,438932,939160.646,105312255.02015,0,2022-02-02,25.317124735729408,121.19649999999999,16.627330790313408,-0.7828376162205787,-0.05954968269147176,-0.06139645746463798
2022-02-03,108.19,110.97,105.22,110.89,1629038.617,2022-02-03 23:59:59.999,175801722.75951,382625,806988.671,87114977.1964,0,2022-02-03,32.32399697199092,119.50600000000001,15.81063612688682,-0.5449496105566589,0.025050841190608075,0.024742212521843415
2022-02-04,110.9,121.38,108.65,121.21,2527523.119,2022-02-04 23:59:59.999,289472948.48484,502455,1272038.24,145735807.4355,0,2022-02-04,57.012068248023304,118.1885,14.383302920216629,0.21006996909959272,0.09306519974749738,0.08898585951729604
2022-02-05,121.25,123.75,118.78,121.69,1817089.844,2022-02-05 23:59:59.999,220860357.90479,400774,892576.409,108478482.87654,0,2022-02-05,65.72371522866572,116.95599999999999,12.814632015168629,0.3694214546618578,0.003960069301212732,0.003952248866287992
2022-02-06,121.7,128.0,120.52,127.52,1897028.127,2022-02-06 23:59:59.999,235535067.94683,407899,952106.643,118222375.94929,0,2022-02-06,67.26699684826654,115.77749999999999,10.358754179816602,1.1335822625156555,0.04790862026460685,0.04679638769319629
2022-02-07,127.51,139.77,124.92,137.26,2667381.076,2022-02-07 23:59:59.999,352119654.40556,566899,1340262.365,176930579.01643,0,2022-02-07,76.99183832102604,115.57350000000001,9.856859900862755,2.200142866807085,0.07638017565872013,0.07360372243858362
2022-02-08,137.27,142.79,130.4,133.6,3468639.304,2022-02-08 23:59:59.999,471666199.0639,689746,1708338.213,232336319.70083,0,2022-02-08,74.1808650065531,115.4435,9.583868724936448,1.894485465223272,-0.026664723881684393,-0.027026676377943253
2022-02-09,133.59,140.9,131.88,139.96,2347438.437,2022-02-09 23:59:59.999,323269104.26431,553504,1168803.676,160930151.58569,0,2022-02-09,78.03801765105229,115.96300000000001,10.615934944074189,2.260469767987333,0.04760479041916188,0.04650640639694212
2022-02-10,139.97,143.75,133.68,134.47,2929542.432,2022-02-10 23:59:59.999,406210051.87417,680875,1417064.126,196486345.07222,0,2022-02-10,71.47520596922121,116.963,11.382219328500023,1.5381007424592583,-0.03922549299799949,-0.040015541663708756
2022-02-11,134.48,134.65,124.76,125.53,2429752.154,2022-02-11 23:59:59.999,318034993.47642,574715,1136204.52,148870574.90635,0,2022-02-11,61.438462625406245,117.822,11.346215506315948,0.6793454606700611,-0.06648323046032567,-0.06879635200566149
2022-02-12,125.53,127.55,120.7,126.65,1664326.012,2022-02-12 23:59:59.999,207278544.10704,442419,819134.007,102050998.08632,0,2022-02-12,61.279795686719645,118.54550000000002,11.428560472503083,0.7091444298255474,0.008922169999203478,0.00888260261756729
2022-02-13,126.64,128.78,123.36,125.58,1270522.081,2022-02-13 23:59:59.999,160329540.26414,336958,634751.586,80107827.33595,0,2022-02-13,62.413294797687854,119.35050000000001,11.322935027260172,0.5501665411840969,-0.00844848006316623,-0.008484370761720888
2022-02-14,125.56,126.96,121.3,124.5,1552853.265,2022-02-14 23:59:59.999,192624611.21086,411392,754104.483,93568437.31238,0,2022-02-14,60.886514582731735,120.18700000000001,11.036740127028272,0.3907856804055508,-0.008600095556617338,-0.008637289781201101
2022-02-15,124.5,132.48,123.87,131.57,1570380.034,2022-02-15 23:59:59.999,203321519.59368,430462,789205.413,102162473.86153,0,2022-02-15,61.69400452488687,121.41950000000001,10.852022113290527,0.9353556317922178,0.05678714859437739,0.05523331347298442
2022-02-16,131.57,131.77,125.36,127.63,1344257.86,2022-02-16 23:59:59.999,172568731.32614,367702,657084.481,84338271.36079,0,2022-02-16,64.3415425453473,122.45899999999999,10.366846396590692,0.4988016415195054,-0.029946036330470438,-0.03040357638314742
2022-02-17,127.63,128.89,114.68,116.25,2022965.972,2022-02-17 23:59:59.999,247180758.78097,497112,941889.346,115185876.23755,0,2022-02-17,53.50418410041842,122.80449999999999,10.01581563801552,-0.654415000923346,-0.08916398965760397,-0.09339240852713364
2022-02-18,116.26,123.45,114.05,114.72,2946211.57,2022-02-18 23:59:59.999,348155754.40945,578584,1459911.34,172646712.01428,0,2022-02-18,45.20608657113311,123.003,9.80138234074425,-0.8450848780347697,-0.013161290322580621,-0.013248667616155441
2022-02-19,114.72,117.11,112.87,115.5,1335319.578,2022-02-19 23:59:59.999,154028853.94682,299684,661551.174,76327514.79724,0,2022-02-19,45.44785997940875,123.35800000000002,9.363427510095967,-0.8392226021429925,0.0067991631799162455,0.006776153110537931
2022-02-20,115.49,115.67,108.31,110.53,1645725.125,2022-02-20 23:59:59.999,182203909.25602,360757,789002.268,87355165.26265,0,2022-02-20,37.34544912855654,123.4135,9.279376836494146,-1.3884014225321115,-0.043030303030302974,-0.043983552638984146
2022-02-21,110.55,114.48,101.85,102.67,2684981.478,2022-02-21 23:59:59.999,294099289.74162,561776,1301957.869,142729286.66922,0,2022-02-21,23.494252873563227,122.79549999999999,10.229989697477984,-1.9673040340364722,-0.07111191531710848,-0.07376701601199064
2022-02-22,102.64,107.83,100.1,107.41,2227892.545,2022-02-22 23:59:59.999,231707981.33022,464387,1107260.042,115232665.03513,0,2022-02-22,30.257801899592963,122.75700000000002,10.28916706771485,-1.4915687440002354,0.04616733222947311,0.04513332629908229
2022-02-23,107.4,111.4,104.77,105.29,1717388.713,2022-02-23 23:59:59.999,186155166.88816,401370,871846.766,94527431.27644,0,2022-02-23,22.08085037848285,122.477,10.697207259741855,-1.6066810320373988,-0.01973745461316445,-0.019934839741287604
2022-02-24,105.29,108.32,91.32,104.1,4899464.648,2022-02-24 23:59:59.999,481499830.64379,890333,2408096.53,236892265.21696,0,2022-02-24,23.723827651842868,121.62150000000001,11.460793246633658,-1.5288208785326924,-0.01130211795992031,-0.01136647224774486
2022-02-25,104.11,110.64,101.51,109.17,2192266.699,2022-02-25 23:59:59.999,230873822.88887,461067,1089952.587,114808058.80979,0,2022-02-25,34.8293768545994,120.99550000000002,11.793940225921505,-1.0026759313235412,0.04870317002881852,0.04755432467125502
2022-02-26,109.17,116.97,106.46,108.17,1782336.606,2022-02-26 23:59:59.999,196511429.0774,442190,890134.575,98285586.45596,0,2022-02-26,32.82527881040892,120.02800000000002,12.022012091859628,-0.9863573509487097,-0.009160025648071835,-0.009202236649979965
2022-02-27,108.14,110.07,101.02,102.89,1799839.737,2022-02-27 23:59:59.999,190591416.49525,446707,881722.813,93340658.62401,0,2022-02-27,30.443027064299258,118.3095,11.884866748582187,-1.2974062163414224,-0.0488120550984561,-0.050043607254479296
2022-02-28,102.91,113.85,100.97,113.62,2340783.986,2022-02-28 23:59:59.999,249286704.53226,518623,1131475.81,120548851.81304,0,2022-02-28,41.959798994974875,117.3105,11.36009427082716,-0.32486526185590225,0.1042861308193217,0.09919909074126204
2022-03-01,113.61,116.0,109.76,112.57,2367165.689,2022-03-01 23:59:59.999,266669011.23427,514800,1148090.66,129380228.61165,0,2022-03-01,34.587929915639194,115.941,10.062815813937805,-0.33499569726108913,-0.009241330751628363,-0.009284296762268327
2022-03-02,112.57,114.64,109.01,110.26,2085527.619,2022-03-02 23:59:59.999,232568655.23171,502233,985240.465,109918256.50437,0,2022-03-02,35.527412097983685,114.7305,9.129445405994018,-0.48967925226485887,-0.020520564981789002,-0.020734037205174995
2022-03-03,110.25,112.99,107.7,111.6,2322937.427,2022-03-03 23:59:59.999,257089542.11303,523260,1163033.04,128769372.80426,0,2022-03-03,45.347208324994995,114.03399999999999,8.78712359379357,-0.276996217706458,0.012153092690005307,0.012079836785672904
2022-03-04,111.6,112.58,98.88,100.91,2474410.131,2022-03-04 23:59:59.999,261228584.16938,544085,1157338.138,122226421.24629,0,2022-03-04,38.32234060544562,112.747,8.726866622826464,-1.3563860331082072,-0.09578853046594982,-0.10069201947077315
2022-03-05,100.9,105.24,99.22,104.79,1481423.892,2022-03-05 23:59:59.999,151923618.89134,340256,735552.986,75486986.19008,0,2022-03-05,41.39482564679415,111.70750000000001,8.347778068694728,-0.8286636207952801,0.03845010405311666,0.03772931701041291
2022-03-06,104.78,105.82,100.53,101.02,1423048.838,2022-03-06 23:59:59.999,146734510.70483,356851,689711.297,71128616.71647,0,2022-03-06,42.2087497951827,110.5335,8.101434749473034,-1.174298169915992,-0.035976715335432896,-0.03663983044694391
2022-03-07,101.02,103.84,96.11,98.25,2075023.345,2022-03-07 23:59:59.999,207303792.73307,465718,995788.065,99502436.95735,0,2022-03-07,46.04933857704684,108.86749999999999,6.881977129466075,-1.542797919879709,-0.02742031280934465,-0.027803266290535863
2022-03-08,98.24,102.4,97.65,100.61,1773870.613,2022-03-08 23:59:59.999,177834128.89673,408846,877439.327,87981171.93758,0,2022-03-08,43.6519790888723,107.51650000000002,5.52278274156181,-1.2505471106123769,0.024020356234096596,0.023736405554588617
2022-03-09,100.63,109.27,100.31,106.83,1812307.484,2022-03-09 23:59:59.999,192552729.40012,420015,903286.755,95939586.49871,0,2022-03-09,51.33541449878597,107.04549999999999,5.126206635871252,-0.042038882805075437,0.06182288042938078,0.05998712965383673
2022-03-10,106.83,106.98,99.4,102.46,1967479.973,2022-03-10 23:59:59.999,201281418.92012,444571,959933.696,98236035.62059,0,2022-03-10,48.65220249835634,106.4325,4.887661021707993,-0.8127609468734844,-0.040906112515211146,-0.04176630744673989
2022-03-11,102.47,106.89,99.58,104.39,1981125.332,2022-03-11 23:59:59.999,204912458.33301,448225,986659.664,102074929.88184,0,2022-03-11,45.8578856152513,105.877,4.4109673124547415,-0.3371142642116898,0.018836619168456137,0.018661406909150965
2022-03-12,104.39,107.89,104.38,105.47,1253203.157,2022-03-12 23:59:59.999,132879424.72,292720,601181.428,63735778.49159,0,2022-03-12,47.66355140186916,105.624,4.272994019970293,-0.036040303187942914,0.010345818564996723,0.010292666868315896
2022-03-13,105.47,107.36,100.86,101.6,1301227.016,2022-03-13 23:59:59.999,136245283.06337,325735,626698.798,65647702.11845,0,2022-03-13,48.85577434805747,105.5705,4.318383560883906,-0.9194412548169532,-0.036692898454536826,-0.037383017144141335
2022-03-14,101.59,106.33,100.75,105.5,1713271.625,2022-03-14 23:59:59.999,177710602.47123,350939,862161.902,89454025.81268,0,2022-03-14,41.804602341542186,105.475,4.29662719619969,0.005818517376168417,0.0383858267716537,0.03766741777173982
2022-03-15,105.5,108.59,102.35,106.81,1710569.282,2022-03-15 23:59:59.999,180454598.47666,341322,870834.531,91900854.18094,0,2022-03-15,44.21686746987953,105.551,4.3066141298150775,0.2923410275566204,0.012417061611374347,0.012340602185482842
2022-03-16,106.81,112.25,105.57,111.2,2065232.455,2022-03-16 23:59:59.999,223772302.62657,500476,1034366.834,112119201.07686,0,2022-03-16,50.905936777178106,105.90599999999999,4.470234186726219,1.1842779995105979,0.04110102050369813,0.04027882671487789
2022-03-17,111.19,111.58,108.5,110.17,1090522.76,2022-03-17 23:59:59.999,120167339.83815,268954,535278.073,58995992.75861,0,2022-03-17,48.61353500096956,105.95599999999999,4.514041717966759,0.9335314698637982,-0.009262589928057618,-0.00930575446450851
2022-03-18,110.17,112.94,107.66,111.87,1162696.346,2022-03-18 23:59:59.999,128156678.88682,318668,569332.738,62748629.80765,0,2022-03-18,62.86989196806012,106.141,4.682239567598667,1.223559776745506,0.015430698012163013,0.015312855506865562
2022-03-19,111.87,117.2,111.3,116.61,1440070.768,2022-03-19 23:59:59.999,163152102.32492,316191,710093.432,80499983.18235,0,2022-03-19,63.604972375690586,106.827,5.161410557912876,1.8954120952462967,0.04237060874229015,0.04149755067340235
2022-03-20,116.62,118.43,111.18,114.78,1853181.04,2022-03-20 23:59:59.999,212535489.66916,447823,892231.604,102332542.26521,0,2022-03-20,66.57831325301206,106.88499999999999,5.24756133837101,1.5045083784481954,-0.015693336763570875,-0.015817780852024975
2022-03-21,114.79,116.76,113.04,116.0,1587607.178,2022-03-21 23:59:59.999,182591334.39558,414321,775885.117,89252846.65206,0,2022-03-21,72.21526908635794,107.0565,5.493425999364387,1.6280368573336206,0.010629029447638993,0.01057293842614817
2022-03-22,116.01,123.64,115.48,122.69,2488190.257,2022-03-22 23:59:59.999,300423167.62465,524442,1238290.56,149480923.61605,0,2022-03-22,74.93224932249322,107.678,6.488027516325624,2.313800297891118,0.057672413793103505,0.05607065769672688
2022-03-23,122.69,124.44,118.51,122.37,1890286.887,2022-03-23 23:59:59.999,228492652.46519,432822,892091.942,107844521.5577,0,2022-03-23,70.24491922876499,108.2165,7.234670381315457,1.9563434481484314,-0.002608199527263766,-0.0026116068055146244
2022-03-24,122.37,127.68,119.94,126.45,2028478.278,2022-03-24 23:59:59.999,250390489.90024,463880,978994.272,120959209.36419,0,2022-03-24,81.4912050406931,109.4935,8.081589392268805,2.098164009201126,0.03334150527089963,0.03279773111839728
2022-03-25,126.47,127.22,121.46,123.85,1758090.086,2022-03-25 23:59:59.999,219983961.54006,381977,847592.957,106047565.5452,0,2022-03-25,75.1031991744066,110.44650000000001,8.604624383983477,1.5577089018492265,-0.020561486753657654,-0.020775817180605675
2022-03-26,123.86,125.49,121.84,124.72,986296.288,2022-03-26 23:59:59.999,122156120.33578,283209,472216.41,58496721.76144,0,2022-03-26,74.96757457846951,111.6315,8.86608278482323,1.4762438291693607,0.007024626564392511,0.007000068814152616
2022-03-27,124.71,129.78,123.15,129.56,1439933.788,2022-03-27 23:59:59.999,181501070.865,382091,691573.413,87215338.0841,0,2022-03-27,85.37449392712551,113.197,9.138961762981339,1.790465965869411,0.03880692751763948,0.03807286955360743
2022-03-28,129.56,132.63,126.51,127.42,1857206.513,2022-03-28 23:59:59.999,242812722.85936,458808,887748.476,116082431.20509,0,2022-03-28,79.02542372881356,114.5375,9.161745912099274,1.4061184542333787,-0.01651744365544927,-0.016655377614786478
2022-03-29,127.47,131.97,126.99,130.0,1577403.267,2022-03-29 23:59:59.999,204336424.75595,367928,755662.392,97894515.2366,0,2022-03-29,79.70791698693313,115.696,9.590716673730045,1.491442244267326,0.020247998744310047,0.02004573376724018
2022-03-30,130.0,134.13,125.34,131.07,1868050.29,2022-03-30 23:59:59.999,244155705.79602,471917,925336.955,120991789.36676,0,2022-03-30,77.82133856062727,117.12650000000001,9.646097260985725,1.445506884571379,0.008230769230769264,0.008197081175871814
2022-03-31,131.07,132.87,120.57,123.87,2752620.263,2022-03-31 23:59:59.999,348391653.93186,640278,1276528.218,161423258.64248,0,2022-03-31,66.35625596943649,118.10050000000001,9.268451000428525,0.6224880511029558,-0.054932478828107034,-0.05649890306534555
2022-04-01,123.85,126.38,119.0,124.85,1666036.811,2022-04-01 23:59:59.999,205173983.7117,411887,798639.322,98390061.61932,0,2022-04-01,65.76773566569486,119.06949999999999,8.883534428781454,0.6506982154841392,0.007911520142084294,0.00788038815967352
2022-04-02,124.84,128.35,123.51,124.83,1437429.463,2022-04-02 23:59:59.999,181445279.81445,388210,676858.416,85455134.57181,0,2022-04-02,61.2788144895719,120.231,7.948666819694002,0.5785875926520532,-0.00016019223067675892,-0.0001602050628225685
2022-04-03,124.83,129.54,123.57,128.77,1226839.696,2022-04-03 23:59:59.999,155417719.01498,336906,586222.097,74265368.59296,0,2022-04-03,68.14526588845656,121.3945,7.360214152346394,1.002076821045859,0.03156292557878726,0.031075055622732963
2022-04-04,128.74,128.9,121.05,124.7,1636400.519,2022-04-04 23:59:59.999,204207302.3045,405890,761500.957,95036292.32444,0,2022-04-04,60.5072463768116,122.28900000000002,6.535322566837195,0.3689182860283519,-0.03160674070047376,-0.03211701459970174
2022-04-05,124.7,127.34,122.43,122.69,1291501.187,2022-04-05 23:59:59.999,161315188.64951,322836,626511.643,78290445.86809,0,2022-04-05,50.0,122.8635,5.991626854903557,-0.028957076967837465,-0.016118684843624775,-0.016250003882899374
2022-04-06,122.7,123.12,111.14,111.59,2437044.55,2022-04-06 23:59:59.999,285771859.39637,645626,1159675.424,136074801.79794,0,2022-04-06,38.652631578947364,122.9345,5.839783228671697,-1.9426234768958006,-0.09047192110196423,-0.09482940860548154
2022-04-07,111.59,114.93,110.0,113.99,1421123.84,2022-04-07 23:59:59.999,160674381.35453,422584,695701.512,78669907.73733,0,2022-04-07,36.403317328677424,123.0405,5.644347405286067,-1.6034626060621266,0.021507303521820953,0.02127928505107735
2022-04-08,113.99,115.21,109.46,110.6,1761163.274,2022-04-08 23:59:59.999,199198292.45866,451289,851043.162,96268434.41955,0,2022-04-08,35.78631195022527,122.74000000000001,6.142702988097369,-1.9763286656580215,-0.029739450829020075,-0.03019063616045276
2022-04-09,110.6,112.89,109.88,112.62,857049.914,2022-04-09 23:59:59.999,95402566.76104,266341,426124.065,47433555.29008,0,2022-04-09,37.332495812395315,122.63199999999999,6.306816362600008,-1.5874887462035603,0.01826401446654624,0.018099230738238152
2022-04-10,112.62,114.39,109.92,110.23,997409.516,2022-04-10 23:59:59.999,112167231.73991,281391,495502.756,55741542.48473,0,2022-04-10,28.66916795409402,122.34349999999999,6.743044193832633,-1.7964438096192987,-0.021221807849405083,-0.021450227851248366
2022-04-11,110.23,110.56,101.72,102.42,2234206.483,2022-04-11 23:59:59.999,236050076.94369,578762,1075541.637,113571119.91068,0,2022-04-11,25.48058061985091,121.33,8.07916879518133,-2.3405873152790813,-0.0708518552118298,-0.07348708594081983
2022-04-12,102.42,105.68,101.6,104.78,1516942.976,2022-04-12 23:59:59.999,157545550.46697,446717,736037.251,76444166.41392,0,2022-04-12,25.157604412923547,120.4505,8.877935081750024,-1.765106396442699,0.023042374536223376,0.022780907945669397
2022-04-13,104.77,110.74,103.8,110.47,2270216.917,2022-04-13 23:59:59.999,244653364.5321,588174,1136423.637,122499841.3111,0,2022-04-13,31.401227880101132,119.65150000000001,9.027400555500531,-1.0170701902006096,0.054304256537507145,0.05288107690411007
2022-04-14,110.46,112.3,105.89,107.32,1528813.962,2022-04-14 23:59:59.999,166495169.99849,417073,748489.291,81544253.94615,0,2022-04-14,33.87882330021429,118.825,9.372865932544356,-1.227479415879884,-0.028514528831356967,-0.028928965326760394
2022-04-15,107.32,112.86,106.95,110.85,1828050.883,2022-04-15 23:59:59.999,202178821.63679,448514,926672.991,102496417.15103,0,2022-04-15,37.00816629547142,118.1315,9.426704662258702,-0.7724332373700686,0.03289228475587036,0.03236291050489715
2022-04-16,110.86,114.77,110.07,114.31,1462836.934,2022-04-16 23:59:59.999,163980012.56463,339474,728309.835,81677046.59214,0,2022-04-16,40.82344731332869,117.369,9.063395378634283,-0.3375114813165022,0.03121335137573311,0.03073611997536671
2022-04-17,114.3,115.1,108.15,108.69,1754274.889,2022-04-17 23:59:59.999,197755211.99678,405038,853196.896,96205755.91208,0,2022-04-17,32.98305084745763,116.4325,8.936970448057242,-0.8663450377284291,-0.04916455253258689,-0.050414262462591564
2022-04-18,108.69,111.48,105.16,111.19,1901813.157,2022-04-18 23:59:59.999,205076016.46816,442609,923112.715,99535473.44676,0,2022-04-18,38.23785477973185,115.492,8.408126770538585,-0.5116478518228194,0.023001196062195195,0.022740656140062248
2022-04-19,111.19,114.13,110.56,113.77,1368840.361,2022-04-19 23:59:59.999,153563209.67285,386954,687189.907,77106512.17798,0,2022-04-19,42.310344827586206,114.627,7.56919664790855,-0.11322205510895236,0.023203525496897193,0.022938416836467298
2022-04-20,113.77,114.15,110.61,111.81,1526710.806,2022-04-20 23:59:59.999,171535588.50012,391548,749801.775,84241813.39306,0,2022-04-20,50.22513303315595,114.024,7.2685055294435585,-0.3046018182185371,-0.017227740177551132,-0.017377864392348345
2022-04-21,111.82,114.5,105.26,106.61,1873957.416,2022-04-21 23:59:59.999,208049339.4314,496203,904991.227,100565367.5637,0,2022-04-21,42.85714285714286,113.112,6.977114921767502,-0.9319038130954067,-0.04650746802611572,-0.04762368619689297
2022-04-22,106.59,108.64,104.63,105.3,1678596.759,2022-04-22 23:59:59.999,179526312.65616,427317,816509.428,87352566.34828,0,2022-04-22,44.655102864058094,112.13550000000001,6.607680120807775,-1.0344780429783251,-0.012287777881999862,-0.012363896822453981
2022-04-23,105.31,107.17,104.23,105.12,979583.008,2022-04-23 23:59:59.999,103861125.67236,290339,469593.774,49799029.62125,0,2022-04-23,42.14495182237118,110.953,5.496945659083516,-1.0611347395005013,-0.0017094017094015923,-0.0017108644036293189
2022-04-24,105.11,105.86,103.43,104.43,996620.316,2022-04-24 23:59:59.999,104462135.54313,286958,495582.085,51957989.93284,0,2022-04-24,43.70112945264987,109.9395,4.629071152705569,-1.1901955745009087,-0.006563926940639231,-0.006585564244843118
2022-04-25,104.43,104.89,98.06,104.49,2688717.78,2022-04-25 23:59:59.999,272572392.06328,622171,1311441.124,132981728.56344,0,2022-04-25,52.703055628101325,109.02949999999998,3.682801386526223,-1.2326214540398666,0.0005745475438090342,0.0005743825545620718
2022-04-26,104.5,105.36,96.11,98.51,2050867.021,2022-04-26 23:59:59.999,208386592.97794,558868,990539.411,100658901.70481,0,2022-04-26,42.51968503937008,108.37550000000002,4.311837409048782,-2.2880037125927717,-0.057230356971958996,-0.0589333071784317
2022-04-27,98.5,101.93,97.61,100.54,1606060.463,2022-04-27 23:59:59.999,160545191.08166,457255,802172.258,80223152.73852,0,2022-04-27,37.01960784313726,107.703,4.437129347007122,-1.6143320241118269,0.020607044970053723,0.020397592396841337
2022-04-28,100.54,104.37,99.6,103.25,2060907.292,2022-04-28 23:59:59.999,210076359.97945,525587,1060072.899,108084700.70788,0,2022-04-28,44.61782597196509,107.3355,4.488638845371363,-0.9101868385363462,0.026954445991645093,0.02659757357671293
2022-04-29,103.26,104.37,98.23,100.32,1703566.081,2022-04-29 23:59:59.999,172450411.46718,505246,823961.343,83425208.99575,0,2022-04-29,35.850577801666205,106.72049999999999,4.568406926059772,-1.4010354383033021,-0.028377723970944402,-0.028788154956531666
2022-04-30,100.33,101.58,93.7,95.72,1546187.911,2022-04-30 23:59:59.999,152622355.44571,460704,738907.65,72978607.89367,0,2022-04-30,25.762711864406754,105.995,5.10265101377568,-2.0136591689810808,-0.045853269537480035,-0.04693781384443796
2022-05-01,95.72,100.0,94.3,99.18,1615905.35,2022-05-01 23:59:59.999,157285760.10613,457664,810731.96,78962190.5798,0,2022-05-01,36.861011329096435,105.833,5.270786518754156,-1.2622404600011283,0.03614709569577945,0.03550911802081533
2022-05-02,99.18,101.88,98.22,100.62,1587084.622,2022-05-02 23:59:59.999,158584689.58573,422021,800392.488,79994489.61489,0,2022-05-02,34.955878166808986,105.625,5.395143527671446,-0.9276861633670315,0.014519056261343088,0.014414664002184748
2022-05-03,100.61,101.38,97.34,99.3,1418151.744,2022-05-03 23:59:59.999,141699914.12948,356499,702694.709,70232836.13021,0,2022-05-03,28.63891349276645,105.06649999999999,5.445118794312441,-1.0590218905826707,-0.013118664281455028,-0.013205474012045625
2022-05-04,99.29,107.16,98.94,106.22,1960093.772,2022-05-04 23:59:59.999,201756749.97493,489410,1013630.118,104328361.27701,0,2022-05-04,42.80195724954931,105.0115,5.426682882316521,0.22269589474963408,0.06968781470292051,0.06736684394312625
2022-05-05,106.22,106.83,94.66,96.81,2368764.324,2022-05-05 23:59:59.999,236457790.24234,591110,1143778.771,114078054.68571,0,2022-05-05,38.615241635687724,104.3095,5.538617037146897,-1.3540383727023686,-0.08858971945019767,-0.09276212026227292
2022-05-06,96.8,98.37,92.43,96.65,2076806.38,2022-05-06 23:59:59.999,199047153.60218,553914,990259.685,94929392.51008,0,2022-05-06,39.675340176653144,103.42649999999999,5.261145837769402,-1.2880274010562414,-0.0016527218262575305,-0.0016540890776401552
2022-05-07,96.65,97.4,92.5,94.23,1407474.786,2022-05-07 23:59:59.999,134548985.66356,362671,695124.359,66460836.20764,0,2022-05-07,37.66145479265805,102.70349999999999,5.488409102248671,-1.5438900129599098,-0.02503879979306778,-0.025357603435675044
2022-05-08,94.22,95.74,91.34,93.84,1923612.832,2022-05-08 23:59:59.999,179829763.0101,475517,927580.891,86738191.59663,0,2022-05-08,37.9192334017796,101.836,5.4474517461173395,-1.4678422816134404,-0.004138809296402424,-0.004147397873444851
2022-05-09,93.85,94.9,74.97,76.05,4847336.431,2022-05-09 23:59:59.999,408065930.24485,1085505,2334180.898,196582515.04127,0,2022-05-09,26.90058479532165,99.95,7.309609392686012,-3.269668557654301,-0.1895780051150896,-0.21020018563991827
2022-05-10,76.07,84.95,73.06,80.13,5381381.799,2022-05-10 23:59:59.999,429969738.63171,1224464,2710205.82,216566218.94751,0,2022-05-10,34.596044250754275,98.366,8.003844734018378,-2.2784050173402743,0.05364891518737669,0.052259297084677296
2022-05-11,80.12,82.77,64.0,66.57,6744274.322,2022-05-11 23:59:59.999,499305166.91962,1441895,3350232.817,248284033.40269,0,2022-05-11,26.14131198201993,96.364,10.463045445756036,-2.847545693504074,-0.16922500935979035,-0.18539629017736695
2022-05-12,66.56,69.87,54.28,64.38,7416759.629,2022-05-12 23:59:59.999,458366852.75116,1581018,3701730.459,228943161.7765,0,2022-05-12,22.498938729305237,94.31800000000001,12.438126699363854,-2.4069540955497093,-0.03289770166741768,-0.03345099974195006
2022-05-13,64.38,73.2,63.12,67.84,3546499.917,2022-05-13 23:59:59.999,245560671.11188,703578,1785095.017,123594441.45879,0,2022-05-13,27.19101123595506,92.454,13.483604625031212,-1.8254762494523242,0.05374339857098498,0.05234896561298572
2022-05-14,67.83,70.26,64.1,68.83,2069488.765,2022-05-14 23:59:59.999,138702342.4489,419465,1012942.701,67929194.36084,0,2022-05-14,30.108004142624665,90.674,14.15263613160584,-1.5434580382673528,0.01459316037735836,0.014487704926625065
2022-05-15,68.83,71.72,65.9,71.49,1806665.452,2022-05-15 23:59:59.999,123618001.13055,365825,901163.954,61694194.52378,0,2022-05-15,29.27084892948045,89.024,14.378966875996415,-1.2194200147487966,0.03864593927066684,0.0379178833684876
2022-05-16,71.49,71.58,64.87,67.16,2176088.146,2022-05-16 23:59:59.999,146312586.359,421313,1068557.285,71829183.71242,0,2022-05-16,25.990241102181386,87.4565,14.98639427684327,-1.3543284411889407,-0.06056791159602737,-0.062479747569420326
2022-05-17,67.17,73.86,66.91,73.06,3051767.946,2022-05-17 23:59:59.999,217294031.23019,524726,1568646.247,111698928.55619,0,2022-05-17,32.33234581201185,86.0825,14.983450475702904,-0.8691255743206293,0.08784991066110792,0.08420318915779648
2022-05-18,73.05,74.31,65.68,65.93,3170699.815,2022-05-18 23:59:59.999,220944020.70087,545881,1562743.04,109004599.75647,0,2022-05-18,22.948838458439653,84.2165,15.056617805363437,-1.2145157854432627,-0.09759102107856554,-0.10268744824192813
2022-05-19,65.92,72.66,64.56,72.1,2843978.877,2022-05-19 23:59:59.999,196428610.41253,521182,1407541.416,97221281.10339,0,2022-05-19,32.654780289203984,82.8055,14.787977860764814,-0.7239326499401675,0.0935841043531016,0.08946047116569496
2022-05-20,72.1,73.38,66.71,68.53,3400637.278,2022-05-20 23:59:59.999,236693795.96436,542934,1659945.551,115512400.79022,0,2022-05-20,31.16291532690245,81.446,14.788050439101717,-0.8734078946504165,-0.04951456310679603,-0.05078243869317098
2022-05-21,68.52,70.66,67.76,69.8,1500347.352,2022-05-21 23:59:59.999,104091768.47269,275687,741130.239,51423810.30462,0,2022-05-21,33.37869097836439,79.977,14.387526798180517,-0.7073488128124298,0.018532029767984737,0.018362404170594385
2022-05-22,69.8,72.5,69.33,71.64,1474646.013,2022-05-22 23:59:59.999,104817868.71944,265779,762601.443,54214612.79399,0,2022-05-22,35.18815052041633,78.52799999999999,13.63894910290082,-0.5050242469586609,0.026361031518624678,0.026019567424184275
2022-05-23,71.63,73.95,68.25,69.01,3084434.424,2022-05-23 23:59:59.999,221163451.58807,461630,1538516.446,110326965.42171,0,2022-05-23,44.11174305787889,77.0135,12.871101566154103,-0.6218193492502633,-0.03671133445002783,-0.037402155560000476
2022-05-24,69.02,70.84,67.02,70.23,2353626.167,2022-05-24 23:59:59.999,162777364.91744,355489,1169117.335,80883536.93175,0,2022-05-24,41.303583977512304,75.214,10.944530188754966,-0.4553872952098794,0.01767859730473842,0.0175241485384186
2022-05-25,70.23,71.67,67.78,68.18,2005832.937,2022-05-25 23:59:59.999,138940550.2695,317982,978747.845,67827676.96792,0,2022-05-25,51.772737282536895,73.7825,9.781771917298075,-0.5727489914268535,-0.02918980492666945,-0.029624303461171984
2022-05-26,68.18,68.78,60.31,63.35,3630846.408,2022-05-26 23:59:59.999,234042049.38328,520512,1731230.886,111616362.69132,0,2022-05-26,48.92819979188346,72.11749999999999,8.424426186921092,-1.0407237009936083,-0.07084188911704314,-0.07347635994260901
2022-05-27,63.34,64.07,60.88,61.55,3367714.743,2022-05-27 23:59:59.999,210366539.66982,519417,1698652.297,106123754.79192,0,2022-05-27,43.22052166415175,70.4835,6.950041480371209,-1.2853880117450553,-0.028413575374901412,-0.028825054136685613
2022-05-28,61.55,63.99,61.22,63.0,1729379.947,2022-05-28 23:59:59.999,108507222.0496,276151,851157.291,53410703.27624,0,2022-05-28,43.77801494130203,68.9415,4.476134698826315,-1.3273729232406528,0.023558082859463925,0.023284873761070243
2022-05-29,63.01,64.38,61.81,63.61,1702266.383,2022-05-29 23:59:59.999,107444544.55581,245453,851969.394,53781951.83276,0,2022-05-29,41.20535714285714,68.3195,4.297099970657638,-1.0959717093291765,0.009682539682539737,0.009635964299180231
2022-05-30,63.61,69.81,63.22,69.09,2315909.337,2022-05-30 23:59:59.999,154174088.9885,343729,1185152.244,78889634.27224,0,2022-05-30,52.100108813928195,67.7675,3.2915200056051725,0.4017900537587201,0.08614997641880207,0.08263931180999065
2022-05-31,69.05,69.75,66.67,68.36,1954175.399,2022-05-31 23:59:59.999,133737667.00895,327082,963529.363,65938679.54021,0,2022-05-31,44.237371260421774,67.857,3.2815658970639063,0.15328048126354737,-0.01056592849905924,-0.010622144253313422
2022-06-01,68.38,70.62,61.62,62.66,2875003.839,2022-06-01 23:59:59.999,190886838.17271,473684,1400940.742,93102619.04539,0,2022-06-01,45.84498094027953,67.77099999999999,3.3979574359860316,-1.5041389117685817,-0.0833820947922762,-0.08706457272334449
2022-06-02,62.67,64.73,62.01,64.39,1654847.188,2022-06-02 23:59:59.999,104716724.70167,313516,819778.058,51874032.31741,0,2022-06-02,38.95731881982242,67.5985,3.4808306253013472,-0.9217627472816866,0.027609320140440596,0.027235056026046582
2022-06-03,64.38,64.86,61.32,62.58,1626131.516,2022-06-03 23:59:59.999,102063921.00725,300835,798583.563,50140572.22729,0,2022-06-03,41.02564102564102,67.286,3.6413060120806153,-1.2923934391636118,-0.02810995496195068,-0.02851260330935612
2022-06-04,62.57,64.34,61.18,63.71,1058535.805,2022-06-04 23:59:59.999,66390493.4538,211011,544854.472,34190476.08762,0,2022-06-04,40.77552256891852,66.897,3.5836677771205276,-0.8893123465146524,0.018056887184404014,0.017895797887660794
2022-06-05,63.7,63.88,61.63,63.1,1213600.49,2022-06-05 23:59:59.999,76309921.96541,224708,583097.231,36669029.8988,0,2022-06-05,36.5638766519824,66.694,3.681637793433102,-0.9761959762610489,-0.009574635065138892,-0.009620766581229331
2022-06-06,63.1,66.52,62.86,64.4,1830696.557,2022-06-06 23:59:59.999,119000966.96146,314642,916362.778,59588734.6202,0,2022-06-06,42.43021346469623,66.261,3.3913308984950437,-0.5487521140522849,0.020602218700475516,0.020392863563140535
2022-06-07,64.4,65.46,60.06,63.78,2413493.559,2022-06-07 23:59:59.999,150740106.23205,410878,1199045.552,74902896.23739,0,2022-06-07,39.1959798994975,66.1535,3.4361549425779527,-0.6907430077117798,-0.009627329192546608,-0.009673971528396394
2022-06-08,63.79,64.46,61.0,61.34,2497900.526,2022-06-08 23:59:59.999,155680995.10289,360851,1233575.121,76892705.33129,0,2022-06-08,38.6904761904762,65.61550000000001,3.2955799345778125,-1.297343740669343,-0.03825650674192538,-0.039007502895806095
2022-06-09,61.34,62.37,59.11,60.17,2006614.71,2022-06-09 23:59:59.999,122500468.06123,309861,971031.13,59284511.32284,0,2022-06-09,44.01805869074493,65.1975,3.433739522035929,-1.4641471689206944,-0.019074013694163727,-0.019258269453845143
2022-06-10,60.18,60.38,55.5,56.63,2862894.962,2022-06-10 23:59:59.999,166346576.05141,428873,1401483.245,81491368.76062,0,2022-06-10,41.313559322033925,64.539,3.7526648776753717,-2.1075689564103346,-0.05883330563403688,-0.06063500910654674
2022-06-11,56.62,57.75,51.6,52.14,3503364.535,2022-06-11 23:59:59.999,190034442.48468,520923,1703051.81,92400189.41595,0,2022-06-11,32.68494897959185,63.564,4.303400613704489,-2.654644785711897,-0.07928659720995945,-0.08260647162035803
2022-06-12,52.14,52.6,47.23,47.88,3788279.747,2022-06-12 23:59:59.999,189588158.01717,528328,1877808.574,94007138.6302,0,2022-06-12,27.534990002856347,62.50750000000001,5.36004210018125,-2.7289897591486034,-0.08170310701956263,-0.08523452781558317
2022-06-13,47.89,48.27,40.95,43.44,8576318.44,2022-06-13 23:59:59.999,375122610.15412,1083281,4314186.556,188669422.34824,0,2022-06-13,12.246099499558454,61.168000000000006,6.545059687712116,-2.7086078425355034,-0.09273182957393489,-0.09731720506409246
2022-06-14,43.43,46.49,40.29,46.13,5498378.004,2022-06-14 23:59:59.999,242991052.93132,829596,2832572.493,125209347.96778,0,2022-06-14,19.064848316170355,60.0655,7.132510796562571,-1.9538000568770322,0.06192449355432794,0.060082821944049285
2022-06-15,46.13,50.97,41.59,50.63,5890377.723,2022-06-15 23:59:59.999,265789459.58368,859393,3011880.226,136024736.99399,0,2022-06-15,32.6806795277858,59.429500000000004,7.386802937096815,-1.1912460742398538,0.0975504010405377,0.09308078841208872
2022-06-16,50.64,51.2,43.92,44.76,4069951.324,2022-06-16 23:59:59.999,189900491.58318,562864,2013000.965,93961530.36916,0,2022-06-16,24.749163879598683,58.589999999999996,8.056820582255712,-1.7165580217162957,-0.11593916650207392,-0.12322940253809338
2022-06-17,44.76,48.37,44.38,47.56,3579218.803,2022-06-17 23:59:59.999,166821643.88899,446070,1861702.421,86834974.78455,0,2022-06-17,31.159056698444573,57.818,8.346533853543205,-1.2290131664230117,0.06255585344057213,0.06067718837885678
2022-06-18,47.56,48.32,41.45,47.11,5551453.632,2022-06-18 23:59:59.999,251006865.64557,694102,2827855.149,128065335.85223,0,2022-06-18,28.815722307299666,56.99300000000001,8.556713030986712,-1.1549995850287804,-0.009461732548360025,-0.009506779110631398
2022-06-19,47.13,56.41,44.86,54.26,9935387.099,2022-06-19 23:59:59.999,506603694.07956,1166298,5139467.15,262124336.13754,0,2022-06-19,40.332458442694666,56.25150000000001,8.082680818295783,-0.2463910235688254,0.15177244746338348,0.14130201451883587
2022-06-20,54.27,54.78,51.27,52.73,5803518.359,2022-06-20 23:59:59.999,304910460.47117,742378,2955683.476,155326653.27999,0,2022-06-20,37.301414581066375,55.46999999999999,7.590975251117439,-0.36095493785158234,-0.02819756726870626,-0.0286027536884073
2022-06-21,52.72,55.66,51.81,53.5,3942245.741,2022-06-21 23:59:59.999,210792398.79897,551589,1945021.944,104030925.77168,0,2022-06-21,38.85032537960955,55.012,7.4084756582489035,-0.20409056731076344,0.014602692964157171,0.014497100359582592
2022-06-22,53.51,53.52,50.38,52.11,3146375.387,2022-06-22 23:59:59.999,163118243.18991,447253,1571534.129,81488175.53372,0,2022-06-22,39.75582685904551,54.398,7.092470136101917,-0.3225956480738188,-0.02598130841121493,-0.026324784980837585
2022-06-23,52.11,56.78,51.84,55.71,3821521.487,2022-06-23 23:59:59.999,209307875.33292,476086,1944124.241,106513318.9277,0,2022-06-23,45.30328559393429,54.054500000000004,6.837111944144282,0.24213440024451657,0.069084628670121,0.06680279511160095
2022-06-24,55.7,57.34,54.3,55.8,2952657.86,2022-06-24 23:59:59.999,164879356.84288,402702,1473742.361,82322309.31166,0,2022-06-24,49.057460822166696,53.659000000000006,6.46800050450166,0.33101419805237764,0.001615508885298711,0.001614205354540979
2022-06-25,55.79,59.77,54.53,58.87,3076274.832,2022-06-25 23:59:59.999,175532653.96071,418419,1568555.708,89541266.16177,0,2022-06-25,57.89720722835015,53.447500000000005,6.206927263352561,0.8736206773383591,0.055017921146953475,0.053557753652904806
2022-06-26,58.86,60.5,56.52,56.56,3017562.011,2022-06-26 23:59:59.999,177056766.12808,404060,1495857.683,87807363.03416,0,2022-06-26,60.673880964092476,53.05550000000001,5.706183603399636,0.6141582962581292,-0.03923900118906054,-0.04002960145185257
2022-06-27,56.56,58.58,54.73,55.86,2424053.088,2022-06-27 23:59:59.999,137486431.1272,329074,1211380.759,68710704.5707,0,2022-06-27,66.8201516793066,52.6595,5.172620709071662,0.6187385814674196,-0.012376237623762387,-0.012453461071286625
2022-06-28,55.86,57.0,52.5,52.67,2808195.743,2022-06-28 23:59:59.999,153899227.51718,362620,1393802.553,76431739.26198,0,2022-06-28,58.73864243719935,52.226,4.753141232791637,0.09341190977807964,-0.05710705334765476,-0.05880252702173263
2022-06-29,52.67,54.42,51.31,53.65,3055555.155,2022-06-29 23:59:59.999,161102811.0958,380346,1540121.592,81215544.42867,0,2022-06-29,54.45427728613569,51.9,4.3892800032903745,0.39869864731530735,0.018606417315359725,0.018435435581409445
2022-06-30,53.64,54.0,50.06,53.8,3665835.745,2022-06-30 23:59:59.999,189415560.03467,451965,1853383.38,95773218.03615,0,2022-06-30,66.03974449964514,51.758500000000005,4.272842361007654,0.4777850029362071,0.002795899347623365,0.0027919980910311335
2022-07-01,53.8,56.47,50.0,51.16,3908016.105,2022-07-01 23:59:59.999,203791354.26006,491750,1937808.991,101011286.81034,0,2022-07-01,56.423982869379,51.709500000000006,4.273856233564638,-0.12857241094927868,-0.04907063197026018,-0.05031549045709675
2022-07-02,51.16,51.63,49.71,50.51,2171223.962,2022-07-02 23:59:59.999,109846479.41687,293567,1061791.154,53731277.30395,0,2022-07-02,56.02409638554217,51.840999999999994,4.189454053104553,-0.317702493720792,-0.012705238467552782,-0.01278664023068074
2022-07-03,50.51,52.15,49.07,50.92,2257124.374,2022-07-03 23:59:59.999,113457752.36765,288098,1094261.083,55026384.4597,0,2022-07-03,42.22532588454377,52.214999999999996,3.7059901723846154,-0.3494342779562009,0.008117204513957699,0.008084437209244628
2022-07-04,50.91,52.39,49.65,52.23,2119633.881,2022-07-04 23:59:59.999,108029831.29759,276645,1090531.018,55596581.9189,0,2022-07-04,48.82408278457197,52.519999999999996,3.4187209057622474,-0.08482704730626145,0.025726630007855356,0.025401268759001495
2022-07-05,52.22,52.46,47.86,49.67,3552572.499,2022-07-05 23:59:59.999,177690306.1691,402639,1699161.541,85006643.7931,0,2022-07-05,41.691973969631235,52.472,3.4532190931332476,-0.8114168039820577,-0.049013976641776646,-0.05025591332894811
2022-07-06,49.66,51.2,48.9,50.32,2537559.435,2022-07-06 23:59:59.999,126855031.07079,302364,1233161.362,61664330.27636,0,2022-07-06,45.98834603316899,52.75,2.992800132233366,-0.8119486409493778,0.013086370042278972,0.013001483272925876
2022-07-07,50.32,52.62,49.75,52.13,2386270.467,2022-07-07 23:59:59.999,121446701.54542,297736,1241147.127,63209078.21929,0,2022-07-07,41.27680311890838,52.9785,2.739422288293926,-0.30973683890424514,0.03596979332273453,0.0353379863878295
2022-07-08,52.13,53.96,50.74,51.3,3112668.641,2022-07-08 23:59:59.999,162483711.16189,389281,1532588.076,80022959.03113,0,2022-07-08,39.41674506114769,53.188,2.4070567307773767,-0.7843604082361041,-0.015921734126222997,-0.0160498466032908
2022-07-09,51.29,54.83,51.28,54.05,2057805.669,2022-07-09 23:59:59.999,108353572.81634,282512,1046831.789,55134396.77691,0,2022-07-09,38.490926456542496,53.177499999999995,2.40258824251585,0.3631500331852,0.0536062378167641,0.052218791908493406
2022-07-10,54.05,55.03,50.6,52.09,5092713.314,2022-07-10 23:59:59.999,271767477.60299,520629,2508669.043,133919517.27042,0,2022-07-10,39.1452161243322,53.145500000000006,2.4131012476679095,-0.43740394275626343,-0.03626271970397765,-0.03693655232811696
2022-07-11,52.08,52.23,48.2,48.65,2512696.644,2022-07-11 23:59:59.999,127205797.79286,343177,1223405.636,61986373.91978,0,2022-07-11,34.54779254179168,52.903,2.6111685224337444,-1.6287726982998338,-0.06603954693799208,-0.06832118312508625
2022-07-12,48.65,49.31,47.21,47.28,2215169.688,2022-07-12 23:59:59.999,106934244.10345,293113,1069573.429,51638290.90242,0,2022-07-12,37.47094374709437,52.661500000000004,2.896174018819559,-1.8581411078998038,-0.028160328879753282,-0.02856443553417125
2022-07-13,47.27,49.71,46.2,49.5,3039764.37,2022-07-13 23:59:59.999,145845533.55872,387559,1526178.182,73242612.45271,0,2022-07-13,40.879120879120876,52.351,2.8850082550134353,-0.9882120770523487,0.04695431472081224,0.045885296476801916
2022-07-14,49.5,51.74,47.92,51.29,2288760.327,2022-07-14 23:59:59.999,113481383.07246,327755,1183947.01,58710920.38925,0,2022-07-14,44.85444854448544,52.1255,2.775411728568286,-0.3010364161107733,0.03616161616161606,0.03552313182653237
2022-07-15,51.29,52.73,50.61,51.75,2310897.713,2022-07-15 23:59:59.999,119074162.59655,322975,1142818.467,58892613.7119,0,2022-07-15,51.32823052678973,51.769499999999994,2.276577475052446,-0.008565489298599165,0.008968609865470878,0.008928630744301398
2022-07-16,51.74,55.55,51.03,55.06,2240584.761,2022-07-16 23:59:59.999,118837149.98425,292168,1182046.476,62701118.09537,0,2022-07-16,59.14756735022115,51.694500000000005,2.1304718404790033,1.5796970117395766,0.06396135265700487,0.06199906756898283
2022-07-17,55.05,57.0,54.32,55.75,2630545.485,2022-07-17 23:59:59.999,146049627.21604,343333,1320537.763,73333677.74651,0,2022-07-17,59.6023856858847,51.689,2.1192647682181738,1.9162306007731114,0.012531783508899386,0.012453910625766888
2022-07-18,55.73,59.31,55.2,58.55,3281973.972,2022-07-18 23:59:59.999,188927992.44814,438249,1658273.533,95470774.95651,0,2022-07-18,61.86186186186187,51.98299999999999,2.612889306157489,2.513309685383277,0.05022421524663678,0.04900367970349822
2022-07-19,58.55,59.61,55.78,57.87,3170115.729,2022-07-19 23:59:59.999,182237703.15818,452004,1536715.596,88354725.94245,0,2022-07-19,66.55896607431339,52.193999999999996,2.9082829081093173,1.9516670761889479,-0.011614005123825821,-0.011681974457978979
2022-07-20,57.88,61.73,56.34,57.16,4377649.106,2022-07-20 23:59:59.999,257891900.63338,556704,2144387.803,126383900.32783,0,2022-07-20,63.77921031426268,52.362,3.096870406669645,1.5493060315558163,-0.01226887852082259,-0.012344762524080802
2022-07-21,57.16,58.63,55.11,57.99,2756413.968,2022-07-21 23:59:59.999,156113900.74757,378594,1390260.612,78767340.62418,0,2022-07-21,62.29026845637584,52.7035,3.3254889232809726,1.5896910565512488,0.014520643806858136,0.014416228826682753
2022-07-22,57.99,59.18,55.46,56.05,2251053.912,2022-07-22 23:59:59.999,130042567.17989,335529,1110865.986,64213584.53253,0,2022-07-22,59.519038076152306,52.980500000000006,3.363673547887703,0.9125439660836155,-0.03345404380065542,-0.034026432370180444
2022-07-23,56.05,57.22,54.44,56.28,1684419.224,2022-07-23 23:59:59.999,93987396.93178,268269,823915.94,45970241.59577,0,2022-07-23,54.97102095407937,53.2485,3.4041480501420653,0.890531185878795,0.004103479036574598,0.0040950827280195
2022-07-24,56.28,59.8,56.26,58.33,2274475.198,2022-07-24 23:59:59.999,132383666.49171,338267,1148048.838,66856234.4223,0,2022-07-24,63.85435168738897,53.5535,3.5769735443192765,1.3353467507708392,0.036425017768301204,0.0357773085193578
2022-07-25,58.34,58.99,53.83,53.93,2621784.589,2022-07-25 23:59:59.999,147346090.58014,350748,1271116.245,71480359.86675,0,2022-07-25,61.243611584327084,53.76649999999999,3.4584211106898874,0.0472759085047891,-0.07543288187896446,-0.07842963141641054
2022-07-26,53.93,54.12,51.9,53.84,2239831.94,2022-07-26 23:59:59.999,118673436.1941,314652,1111808.584,58915871.44605,0,2022-07-26,64.77477477477478,53.94250000000001,3.3620198737510796,-0.03048762465691339,-0.0016688299647690252,-0.0016702240126631612
2022-07-27,53.84,59.09,52.96,58.98,2664811.609,2022-07-27 23:59:59.999,148399912.5666,356896,1333071.177,74287314.38016,0,2022-07-27,68.86942675159236,54.285000000000004,3.5131744529357936,1.33639819567645,0.09546805349182752,0.09118171805065771
2022-07-28,58.99,64.31,57.9,63.4,3478355.368,2022-07-28 23:59:59.999,212420258.16397,470933,1744268.087,106566591.39485,0,2022-07-28,71.81981981981981,54.89,3.9825804911313765,2.1368055257013694,0.07494065785011861,0.07226545805604999
2022-07-29,63.39,64.59,59.69,60.61,3094428.682,2022-07-29 23:59:59.999,191794319.97139,419452,1486981.085,92182561.7328,0,2022-07-29,64.72739361702128,55.218,4.1752347554451825,1.2914243906807765,-0.04400630914826498,-0.04500396547998657
2022-07-30,60.62,64.06,59.86,60.4,2781657.071,2022-07-30 23:59:59.999,172278911.51991,407533,1353290.372,83829598.78155,0,2022-07-30,59.896219421793916,55.63349999999999,4.260189364449957,1.118846978910155,-0.0034647747896386916,-0.0034707910224244178
2022-07-31,60.42,63.02,59.48,59.71,1957662.935,2022-07-31 23:59:59.999,119979668.99645,308461,963324.22,59069348.5472,0,2022-07-31,57.338769458858415,56.1865,4.016855637242485,0.8771786487250589,-0.01142384105960259,-0.01148959438186815
2022-08-01,59.7,60.71,58.21,59.43,1992756.329,2022-08-01 23:59:59.999,118291913.62807,292139,978538.107,58091489.06808,0,2022-08-01,51.7988552739166,56.794000000000004,3.482141506832427,0.7570054217577923,-0.004689331770222793,-0.004700361180331852
2022-08-02,59.43,59.83,56.57,58.04,2235067.153,2022-08-02 23:59:59.999,129718963.43655,324328,1083843.103,62909876.68763,0,2022-08-02,50.33770361541519,57.221000000000004,3.035616472537737,0.2697969283699801,-0.023388860844691273,-0.023666721362582195
2022-08-03,58.04,60.11,56.66,57.7,1994815.949,2022-08-03 23:59:59.999,116755754.26787,302215,976037.868,57124963.23917,0,2022-08-03,51.08870967741937,57.541500000000006,2.6958316263847864,0.05879447308530582,-0.005858028945554761,-0.00587525450193319
2022-08-04,57.7,60.79,57.53,59.61,2276900.619,2022-08-04 23:59:59.999,134542586.18791,323389,1125274.627,66504016.70825,0,2022-08-04,53.129829984544045,57.9345,2.3589794291791737,0.7102647777573048,0.0331022530329288,0.03256617171778115
2022-08-05,59.61,62.59,59.57,62.45,2330785.249,2022-08-05 23:59:59.999,142902588.83916,321847,1169643.855,71715141.46937,0,2022-08-05,61.949215832711,58.303999999999995,2.4615707436996854,1.6842904111578216,0.04764301291729578,0.046542891339751535
2022-08-06,62.46,62.59,60.46,60.8,1194201.608,2022-08-06 23:59:59.999,73347222.0942,190005,553440.409,34002826.41062,0,2022-08-06,58.01418439716312,58.55649999999999,2.4447500679332266,0.917680718952446,-0.026421136909527743,-0.026776447599465483
2022-08-07,60.8,62.0,59.78,61.06,1449702.058,2022-08-07 23:59:59.999,88512806.57631,207568,719006.941,43909453.99675,0,2022-08-07,55.16849678152216,58.681999999999995,2.5080052883195014,0.9481638699388051,0.00427631578947385,0.004267198334610628
2022-08-08,61.07,64.13,60.76,62.57,1999807.46,2022-08-08 23:59:59.999,125600867.3415,284709,1013623.805,63665431.67584,0,2022-08-08,68.36734693877551,58.91700000000001,2.6444024297465267,1.3814085023171536,0.024729773992793858,0.02442894270354022
2022-08-09,62.57,62.83,58.14,59.11,2150419.735,2022-08-09 23:59:59.999,129928701.82328,310197,1020676.681,61702680.0623,0,2022-08-09,59.79918185198958,59.0145,2.611961301786145,0.03656256313395425,-0.055298066165894166,-0.056885815173993964
2022-08-10,59.11,62.29,57.39,61.57,2617981.846,2022-08-10 23:59:59.999,157513783.38327,350035,1281862.739,77190409.58896,0,2022-08-10,55.3490293267245,59.19349999999999,2.6602795163641053,0.8933271806144832,0.0416173236339028,0.04077462408684056
2022-08-11,61.57,63.45,61.44,61.82,2243474.564,2022-08-11 23:59:59.999,139800682.19567,290696,1108359.824,69076162.91445,0,2022-08-11,46.05788423153693,59.482000000000006,2.613899285283915,0.8944491523306898,0.004060419035244456,0.004052197780851506
2022-08-12,61.82,63.05,60.59,62.84,1771684.037,2022-08-12 23:59:59.999,109345984.02763,255364,867801.175,53580902.47959,0,2022-08-12,56.102900930487145,59.81,2.6025149779492485,1.1642584291244333,0.016499514720155428,0.016364876683450293
2022-08-13,62.85,65.65,62.6,63.76,2472203.665,2022-08-13 23:59:59.999,158438327.7335,338562,1240170.942,79519442.5457,0,2022-08-13,58.85142255005268,60.08149999999999,2.720550012101444,1.3521162939984368,0.014640356460852821,0.014534221094539055
2022-08-14,63.76,65.81,62.29,63.09,2913511.301,2022-08-14 23:59:59.999,187380191.37415,379396,1427775.939,91881056.41853,0,2022-08-14,58.91350210970465,60.5395,2.380195646520264,1.0715505692688412,-0.010508155583437762,-0.010563756099241362
2022-08-15,63.1,65.29,59.55,60.62,3319954.169,2022-08-15 23:59:59.999,205662507.6517,401300,1579296.335,97866546.52666,0,2022-08-15,52.81323877068557,60.878499999999995,1.7839349616208784,-0.1449043858443839,-0.0391504200348709,-0.0399374067530611
2022-08-16,60.61,61.73,59.93,61.28,2608820.105,2022-08-16 23:59:59.999,158826083.64944,334264,1277742.83,77798563.69863,0,2022-08-16,57.9333986287953,60.9935,1.7283770147708306,0.165762445086665,0.010887495875948616,0.01082865380267885
2022-08-17,61.28,64.72,59.6,60.49,4253926.902,2022-08-17 23:59:59.999,263705040.89701,511092,2092708.206,129805115.24157,0,2022-08-17,56.68423574508864,60.848,1.6350972930745045,-0.21894721587291163,-0.012891644908616162,-0.01297546331351296
2022-08-18,60.49,61.67,59.26,59.98,2443738.987,2022-08-18 23:59:59.999,148376545.37679,335897,1195670.289,72618675.21335,0,2022-08-18,50.95017976373907,60.8165,1.6459560491441685,-0.5082152712613119,-0.008431145643908122,-0.008466888797959883
2022-08-19,59.98,60.14,53.19,53.95,4520589.512,2022-08-19 23:59:59.999,252754677.35253,511278,2165157.723,120996307.5618,0,2022-08-19,31.24448367166815,60.49400000000001,2.252127415281237,-2.9056970558581003,-0.10053351117039,-0.10595348161671922
2022-08-20,53.95,55.58,52.59,54.07,3177292.731,2022-08-20 23:59:59.999,173074633.90522,367950,1586956.752,86477648.54729,0,2022-08-20,34.074775201135836,60.212,2.6698326381467647,-2.3005187337373347,0.002224281742353895,0.0022218116897696804
2022-08-21,54.06,55.96,53.76,55.62,2363332.743,2022-08-21 23:59:59.999,129606901.9952,271341,1200464.709,65826963.51555,0,2022-08-21,37.86797502230151,60.02149999999999,2.857872368320229,-1.5401317598332986,0.028666543369705977,0.028263345411905342
2022-08-22,55.62,57.44,52.24,57.19,5230354.087,2022-08-22 23:59:59.999,289245619.38277,521949,2653095.491,146796468.09992,0,2022-08-22,38.033807829181484,59.979,2.894970048009373,-0.9633951141973858,0.028227256382596266,0.02783620912140611
2022-08-23,57.19,57.74,53.87,57.05,3506971.428,2022-08-23 23:59:59.999,197414260.69723,403057,1710785.161,96311574.22247,0,2022-08-23,44.624217118997905,59.94649999999999,2.9253902573534925,-0.990124306567004,-0.002447980416156681,-0.002450981619140185
2022-08-24,57.05,57.66,55.5,56.41,2715583.744,2022-08-24 23:59:59.999,153376625.99083,328755,1341594.283,75775928.34193,0,2022-08-24,35.12110726643597,59.786500000000004,3.0303886757707565,-1.1142135089787517,-0.011218229623137566,-0.011281628556199883
2022-08-25,56.41,57.52,55.74,56.6,2235129.753,2022-08-25 23:59:59.999,126644193.40533,286266,1107061.854,62735862.1804,0,2022-08-25,34.89583333333333,59.49399999999999,3.0420758148148566,-0.9513240879488477,0.003368197128168937,0.0033625374572526924
2022-08-26,56.59,58.3,52.0,52.64,4218914.91,2022-08-26 23:59:59.999,233834147.41653,499973,2054850.949,114002582.65558,0,2022-08-26,24.77744807121661,59.086,3.3855162087816395,-1.903993247257188,-0.06996466431095405,-0.07253269819207547
2022-08-27,52.64,53.45,51.61,52.96,2217549.77,2022-08-27 23:59:59.999,116579219.70625,288903,1116072.518,58680709.53677,0,2022-08-27,22.477064220183507,58.681000000000004,3.6137411726742035,-1.5831238947770043,0.006079027355623046,0.0060606246116909545
2022-08-28,52.96,55.99,52.44,53.38,4099695.283,2022-08-28 23:59:59.999,222385123.4041,431187,2086341.667,113185551.40513,0,2022-08-28,24.935467217346428,58.22149999999999,3.6769327534789946,-1.3167224762049616,0.007930513595166166,0.007899232347625311
2022-08-29,53.37,56.68,52.45,55.75,4915480.45,2022-08-29 23:59:59.999,269691287.95365,507808,2493542.668,136804393.72388,0,2022-08-29,37.36377789309809,58.0535,3.710803963099349,-0.6207549692482444,0.04439865118021724,0.04344126636385
2022-08-30,55.74,56.22,51.76,52.97,3791530.567,2022-08-30 23:59:59.999,205069809.78607,427781,1807663.877,97793036.07716,0,2022-08-30,30.575035063113603,57.6235,3.779511629538478,-1.2312437309706723,-0.04986547085201798,-0.051151694783792875
2022-08-31,52.98,55.22,52.97,53.8,2975051.833,2022-08-31 23:59:59.999,161338220.3059,363809,1470013.391,79727644.63849,0,2022-08-31,34.39104059729351,57.22249999999999,3.736040508898695,-0.9160767908827819,0.015669246743439613,0.015547751611303352
2022-09-01,53.81,57.77,53.15,57.55,5770271.695,2022-09-01 23:59:59.999,321327723.77885,596883,2953622.648,164526927.2223,0,2022-09-01,45.07498986623429,56.958000000000006,3.4970191817912566,0.16928703253402091,0.06970260223048319,0.06738066800015284
2022-09-02,57.54,62.45,56.45,60.96,7741188.209,2022-09-02 23:59:59.999,464328432.4093,738435,4047940.457,242892523.65195,0,2022-09-02,65.89569160997732,56.818000000000005,3.258273033036959,1.2712255719525556,0.05925282363162476,0.05756377621049927
2022-09-03,60.96,62.21,59.46,60.11,6556436.041,2022-09-03 23:59:59.999,398186289.94141,602535,3386493.298,205721653.5176,0,2022-09-03,63.25724319578577,56.669000000000004,3.0154495169700106,1.141123398231381,-0.013943569553805824,-0.014041694327320206
2022-09-04,60.1,60.96,58.57,60.86,4066506.213,2022-09-04 23:59:59.999,242569184.73461,428233,2001519.369,119406248.39626,0,2022-09-04,61.919927206551414,56.681,3.032429805656973,1.3781027980282055,0.01247712527033773,0.012399927417754357
2022-09-05,60.86,61.59,59.22,60.36,4305270.457,2022-09-05 23:59:59.999,259062917.55844,418043,2163493.96,130204066.25438,0,2022-09-05,57.58010521281683,56.635000000000005,2.965227425364112,1.2562274205805941,-0.008215576733486718,-0.008249510569176896
2022-09-06,60.37,62.71,53.95,54.09,7211969.836,2022-09-06 23:59:59.999,422702616.11286,654314,3507437.135,205725010.79955,0,2022-09-06,44.52662721893493,56.315,2.8711532617664695,-0.7749499233040137,-0.10387673956262422,-0.10967730801631252
2022-09-07,54.07,58.25,52.88,57.29,4478421.937,2022-09-07 23:59:59.999,245978369.43921,440061,2212040.631,121576227.54466,0,2022-09-07,51.4864864864865,56.180499999999995,2.7509184590499207,0.4033198426329183,0.05916065816232208,0.057476762537150866
2022-09-08,57.29,58.61,56.01,57.93,3720068.24,2022-09-08 23:59:59.999,212518822.11935,375340,1890808.945,108026840.85205,0,2022-09-08,52.212978369384366,56.37949999999999,2.7249055512216596,0.569010547651778,0.011171234072263836,0.011109296688046244
2022-09-09,57.93,61.95,57.66,61.09,3538263.805,2022-09-09 23:59:59.999,213592774.2362,402915,1846485.265,111486397.47777,0,2022-09-09,64.44444444444446,56.73049999999999,2.860512421876634,1.5240276415719842,0.05454859312963922,0.05311280155314282
2022-09-10,61.1,64.7,60.52,63.26,3975728.656,2022-09-10 23:59:59.999,249945564.61612,459264,2052796.833,129088214.8925,0,2022-09-10,66.55948553054662,57.11249999999999,3.1949859978155137,1.9241085889588239,0.03552136192502853,0.03490503121582709
2022-09-11,63.26,64.44,61.26,62.12,2567889.544,2022-09-11 23:59:59.999,161392859.8565,331659,1267202.37,79664562.69977,0,2022-09-11,63.73350094280327,57.359,3.3857641600220845,1.4061818174509062,-0.01802086626620303,-0.01818521959701652
2022-09-12,62.13,63.2,60.01,61.35,3217453.592,2022-09-12 23:59:59.999,197927628.19198,387211,1605488.33,98773467.24043,0,2022-09-12,59.26538716082065,57.574,3.499719387235999,1.0789436472454452,-0.0123953638119767,-0.012472827123565757
2022-09-13,61.36,67.48,58.28,59.04,8993566.576,2022-09-13 23:59:59.999,564819754.73874,914993,4489826.465,282299202.77957,0,2022-09-13,60.201680672268914,57.70550000000001,3.5030895761983194,0.3809494364823635,-0.03765281173594137,-0.038379990864703444
2022-09-14,59.04,61.14,58.0,60.15,3936096.95,2022-09-14 23:59:59.999,234573517.63457,437228,1949482.37,116221148.2201,0,2022-09-14,60.57276057276058,57.883,3.533928930260574,0.6414956397645606,0.01880081300813008,0.018626262128470825
2022-09-15,60.14,60.79,55.78,56.31,4400822.412,2022-09-15 23:59:59.999,257548819.79417,479503,2097229.612,122824555.52889,0,2022-09-15,47.94156706507305,58.0665,3.3371612187489963,-0.5263455628489102,-0.06384039900249372,-0.06596930315416069
2022-09-16,56.31,56.89,54.54,55.91,3529358.852,2022-09-16 23:59:59.999,196388638.32027,339462,1723661.917,95920645.57197,0,2022-09-16,40.68609369236443,58.214,3.1600739498219776,-0.7290968618407799,-0.00710353400816921,-0.007128884227973348
2022-09-17,55.91,58.39,55.77,57.79,2092183.639,2022-09-17 23:59:59.999,119481068.16131,258155,1036654.54,59215619.62587,0,2022-09-17,45.8777540867093,58.4345,2.952029587272654,-0.2183243700465234,0.03362546950456102,0.033072495291132785
2022-09-18,57.79,57.82,51.98,52.6,2996061.101,2022-09-18 23:59:59.999,166290694.43322,351016,1410123.456,78359547.76269,0,2022-09-18,37.32351135666053,58.27700000000001,3.178164150629029,-1.786251348558067,-0.08980792524658243,-0.0940996305860224
2022-09-19,52.61,53.7,49.96,52.84,4145509.493,2022-09-19 23:59:59.999,213924451.12886,448873,2042260.129,105371746.55969,0,2022-09-19,38.36633663366337,58.270500000000006,3.1897013141682535,-1.7025105065099362,0.004562737642585635,0.004552359910460476
2022-09-20,52.83,53.8,50.8,52.29,4119870.364,2022-09-20 23:59:59.999,214848583.65988,387399,2045823.04,106695577.56393,0,2022-09-20,46.616541353383454,58.19500000000001,3.3164399111295433,-1.780523741794203,-0.01040878122634381,-0.01046333145408546
2022-09-21,52.29,55.5,50.2,51.02,5929951.368,2022-09-21 23:59:59.999,314248465.51286,570340,2921090.104,154937385.51945,0,2022-09-21,37.2922578029996,57.8685,3.684314225973618,-1.8588262509531763,-0.02428762669726514,-0.024587435486373793
2022-09-22,51.01,54.07,50.56,53.52,3042835.167,2022-09-22 23:59:59.999,160411674.80258,326265,1544131.065,81424578.7828,0,2022-09-22,41.68865435356201,57.49649999999999,3.7310479337757503,-1.0657863609851412,0.049000392003136106,0.04783770310630775
2022-09-23,53.52,55.31,51.31,55.2,4657983.307,2022-09-23 23:59:59.999,248249255.84617,476194,2366375.409,126218009.89536,0,2022-09-23,38.243512974051896,57.251,3.711516784554101,-0.552604263716512,0.03139013452914807,0.030907537463076704
2022-09-24,55.21,55.94,53.13,53.37,2848126.896,2022-09-24 23:59:59.999,156145237.35981,313849,1424585.147,78144564.24376,0,2022-09-24,29.98785916632943,56.87650000000001,3.706069381849064,-0.9461506622551454,-0.03315217391304359,-0.03371416293719628
2022-09-25,53.37,54.39,52.19,52.49,2202098.1,2022-09-25 23:59:59.999,118032161.18705,247857,1067700.98,57243910.63296,0,2022-09-25,30.306748466257687,56.48299999999999,3.7344330930191596,-1.0692385967402045,-0.016488664043470047,-0.016626115081644993
2022-09-26,52.48,53.7,51.83,53.4,3014250.521,2022-09-26 23:59:59.999,159368086.44848,322216,1447957.819,76587173.82601,0,2022-09-26,33.83489223261488,56.4485,3.7607981725502992,-0.8105992026508387,0.0173366355496285,0.01718807070194075
2022-09-27,53.4,55.61,51.76,52.6,3924412.288,2022-09-27 23:59:59.999,211328860.54829,389789,1954030.499,105304874.59416,0,2022-09-27,36.04852686308493,56.21400000000001,3.850710665773211,-0.938528057203262,-0.014981273408239626,-0.015094626222484904
2022-09-28,52.61,53.81,50.89,53.25,3353687.544,2022-09-28 23:59:59.999,176203791.29041,349190,1639408.085,86139381.11302,0,2022-09-28,34.74801061007959,55.98,3.883006160441376,-0.7030635253202074,0.012357414448669113,0.012281684845870229
2022-09-29,53.25,54.15,52.2,53.92,3007717.312,2022-09-29 23:59:59.999,160360836.88493,319368,1509336.486,80493488.36541,0,2022-09-29,43.85604113110539,55.621500000000005,3.7136877330851963,-0.45816991688379216,0.012582159624413114,0.012503662014517069
2022-09-30,53.93,55.08,52.82,53.46,2785032.16,2022-09-30 23:59:59.999,149994034.65626,321698,1383515.015,74531229.05465,0,2022-09-30,43.721168631471045,55.1315,3.273188168955971,-0.5106641945773469,-0.008531157270029732,-0.008567755893278711
2022-10-01,53.45,53.81,52.42,52.87,1474595.973,2022-10-01 23:59:59.999,78455288.87057,178385,734546.393,39089821.64436,0,2022-10-01,36.49835345773875,54.669000000000004,2.8613447335352262,-0.6287253608121941,-0.011036288814066708,-0.011097640463414214
2022-10-02,52.87,53.41,51.63,51.77,1799231.377,2022-10-02 23:59:59.999,94660439.00131,217321,866664.928,45601884.75526,0,2022-10-02,47.062986553432424,54.19000000000001,2.457407705590947,-0.9847775745531234,-0.020805749952714114,-0.02102523933354877
2022-10-03,51.77,54.32,51.42,54.13,2541281.72,2022-10-03 23:59:59.999,134787051.82204,279666,1281078.807,67959388.77676,0,2022-10-03,53.96923076923077,53.944500000000005,2.1765967520354397,0.08522478949145157,0.045586246861116564,0.04457772989507662
2022-10-04,54.13,55.72,53.84,55.24,2510738.19,2022-10-04 23:59:59.999,137280923.4953,276673,1298558.774,71006591.45307,0,2022-10-04,58.77453896490186,53.699,1.6539996181258567,0.9316809889872331,0.02050618880472932,0.02029876773220481
2022-10-05,55.24,55.27,53.25,54.59,2684738.403,2022-10-05 23:59:59.999,145811376.04942,298011,1332009.43,72346124.70747,0,2022-10-05,61.025324274243374,53.613,1.5527093468217967,0.6292227209167006,-0.011766835626357719,-0.011836612747425139
2022-10-06,54.59,55.03,53.3,53.52,2448851.631,2022-10-06 23:59:59.999,133013179.68443,276898,1194994.904,64911472.91945,0,2022-10-06,50.0,53.493500000000004,1.4555529786312833,0.018206139102485766,-0.01960065946143985,-0.019795299973693253
2022-10-07,53.51,53.81,52.25,52.82,2362990.425,2022-10-07 23:59:59.999,125286098.32614,276621,1140269.458,60463438.21583,0,2022-10-07,41.364296081277196,53.245000000000005,1.0516328156088224,-0.40413345199194717,-0.013079222720478345,-0.013165508950986872
2022-10-08,52.82,53.53,52.37,52.76,1435090.376,2022-10-08 23:59:59.999,76197867.81523,195796,704918.32,37431605.24975,0,2022-10-08,47.46044962531224,53.253,1.0470665790534093,-0.470839209141499,-0.0011359333585763132,-0.0011365790198723255
2022-10-09,52.75,53.98,52.66,53.88,1492056.58,2022-10-09 23:59:59.999,79695385.50442,188346,759085.128,40545132.18285,0,2022-10-09,55.673469387755105,53.30499999999999,1.0512924376174826,0.5469458158598742,0.021228203184230576,0.02100602369304948
2022-10-10,53.87,54.45,52.4,52.6,3061143.794,2022-10-10 23:59:59.999,163465689.24428,324066,1503823.78,80314530.51136,0,2022-10-10,46.83042789223456,53.3205,1.0377377976927231,-0.6942986962621392,-0.02375649591685225,-0.024043231798499043
2022-10-11,52.61,52.67,51.18,51.99,2468520.891,2022-10-11 23:59:59.999,128077105.58319,298486,1203536.088,62446641.85534,0,2022-10-11,47.54625905068384,53.36900000000001,0.9428953170238196,-1.462516543567867,-0.011596958174904914,-0.011664727348039744
2022-10-12,51.99,52.96,51.56,52.18,2113555.066,2022-10-12 23:59:59.999,110406697.44595,251355,1076303.743,56222624.65306,0,2022-10-12,45.530492898913955,53.302,0.9785359633130346,-1.1466108983886891,0.003654548951721459,0.003647887312957944
2022-10-13,52.18,52.47,48.26,51.06,4451857.931,2022-10-13 23:59:59.999,224404245.13127,458589,2139863.863,107873904.00926,0,2022-10-13,38.48631239935588,53.095000000000006,0.9936720839613814,-2.047959314593257,-0.02146416251437322,-0.0216978678952445
2022-10-14,51.05,52.55,50.87,51.26,2355519.42,2022-10-14 23:59:59.999,121792559.64256,267996,1132827.579,58585213.04402,0,2022-10-14,40.95394736842104,52.9895,1.0718723165916928,-1.613531736223409,0.0039169604386994905,0.003909309122587205
2022-10-15,51.26,51.64,50.23,50.36,1317244.958,2022-10-15 23:59:59.999,67349464.47059,171852,647098.241,33094011.25719,0,2022-10-15,39.93584603047314,52.883,1.2197329301819666,-2.068485598419982,-0.0175575497463909,-0.017713511759778585
2022-10-16,50.36,51.79,50.25,51.39,1497853.486,2022-10-16 23:59:59.999,76366612.03561,197618,747699.199,38116999.13348,0,2022-10-16,48.46774193548386,52.782500000000006,1.257126527116791,-1.107684843142792,0.020452740270055614,0.020246391827991827
2022-10-17,51.38,52.14,51.01,51.8,1644214.168,2022-10-17 23:59:59.999,84772513.59073,212121,834882.555,43042707.64899,0,2022-10-17,38.85167464114829,52.74249999999999,1.2758273888866474,-0.7387362963123636,0.007978205876629563,0.007946548261299013
2022-10-18,51.8,52.18,50.7,51.84,2155017.013,2022-10-18 23:59:59.999,111161989.90009,240581,1041290.41,53721228.85425,0,2022-10-18,31.876332622601296,52.672000000000004,1.2852302680931273,-0.6473548131063113,0.0007722007722008595,0.0007719027785819664
2022-10-19,51.83,51.99,50.69,50.89,1737136.349,2022-10-19 23:59:59.999,89228588.55313,223342,859417.222,44150700.86466,0,2022-10-19,30.888429752066116,52.520500000000006,1.3087457836543834,-1.2458492859073012,-0.018325617283950657,-0.018495611443277993
2022-10-20,50.89,52.08,50.54,51.19,2255669.498,2022-10-20 23:59:59.999,115759513.36241,268078,1129731.382,57999290.52127,0,2022-10-20,36.92480359147023,52.407000000000004,1.3213513815792708,-0.9210267737756895,0.00589506779327964,0.005877759868750596
2022-10-21,51.19,51.78,49.5,51.6,2447579.295,2022-10-21 23:59:59.999,124497955.74539,289887,1223066.535,62231552.66622,0,2022-10-21,42.923433874709986,52.343500000000006,1.3284271467143796,-0.5596844372225569,0.008009376831412451,0.007977472018025233
2022-10-22,51.61,52.47,51.32,52.14,1261370.155,2022-10-22 23:59:59.999,65574245.99352,182807,654965.726,34052253.95323,0,2022-10-22,46.593406593406606,52.362,1.3225835959735213,-0.16785328403880026,0.010465116279069653,0.010410736017838509
2022-10-23,52.14,54.0,51.8,53.99,1868176.076,2022-10-23 23:59:59.999,98398522.05052,224262,958832.95,50528381.62327,0,2022-10-23,50.559511698880975,52.355000000000004,1.3130699263543197,1.245173594478325,0.03548139624088997,0.03486643572484
2022-10-24,54.0,54.18,52.07,52.49,2258187.393,2022-10-24 23:59:59.999,119580221.76411,263275,1095544.953,58011891.2116,0,2022-10-24,49.452736318407965,52.21750000000001,1.1256758203624389,0.2420767996173674,-0.027782922763474716,-0.028176168965987205
2022-10-25,52.5,56.79,52.25,55.91,3478634.144,2022-10-25 23:59:59.999,188987360.66047,387069,1755102.921,95365582.42774,0,2022-10-25,65.24105754276826,52.283500000000004,1.2976589244203005,2.7946480633345536,0.06515526767003221,0.06312057977434538
2022-10-26,55.91,57.62,55.64,56.34,3091377.08,2022-10-26 23:59:59.999,174884829.21767,367416,1562580.97,88394095.56675,0,2022-10-26,65.87786259541986,52.4245,1.5647951774228053,2.50224441926564,0.007690931854766658,0.007661507409672669
2022-10-27,56.34,56.66,54.43,54.73,3212041.898,2022-10-27 23:59:59.999,178821898.96987,381469,1554963.433,86590758.76886,0,2022-10-27,63.50257542310519,52.519999999999996,1.6463612188931156,1.3423542626239895,-0.028576499822506318,-0.028992757292399866
2022-10-28,54.73,55.57,53.44,54.89,2462220.477,2022-10-28 23:59:59.999,134290873.85322,304552,1202829.993,65617501.92392,0,2022-10-28,63.394833948339475,52.6265,1.7294972649273281,1.3087618268625076,0.002923442353371053,0.0029191774059710144
2022-10-29,54.88,57.59,54.58,56.55,2808054.533,2022-10-29 23:59:59.999,157204581.20478,335873,1412947.779,79147091.04586,0,2022-10-29,71.62823200559046,52.760000000000005,1.9235137803185698,1.9703524033876676,0.030242302787392816,0.029794020000331472
2022-10-30,56.55,57.48,54.67,55.33,2090385.672,2022-10-30 23:59:59.999,117140577.10928,289446,986318.255,55274829.1129,0,2022-10-30,63.58620689655171,52.8965,2.006631833622485,1.212728692540925,-0.02157382847038014,-0.021809945652111026
2022-10-31,55.34,56.37,53.94,54.99,2480380.415,2022-10-31 23:59:59.999,136448359.31496,307777,1208162.653,66486266.54162,0,2022-10-31,61.05336105336106,53.046499999999995,2.0470242201333457,0.949426968613691,-0.006144948490872881,-0.0061639063902949815
2022-11-01,54.98,55.89,54.44,55.06,1772342.492,2022-11-01 23:59:59.999,97712382.27551,229681,875945.901,48294797.24498,0,2022-11-01,61.134163208852,53.1905,2.0838286498709984,0.8971467016329464,0.001272958719767292,0.0012721491947379794
2022-11-02,55.06,62.96,54.57,60.91,14408858.805,2022-11-02 23:59:59.999,864622687.81193,1251311,7391515.612,443725625.67917,0,2022-11-02,75.87809917355371,53.68300000000001,2.6428156834634664,2.7345834388756356,0.10624772974936425,0.10097386513393193
2022-11-03,60.9,64.74,60.03,61.8,8538549.978,2022-11-03 23:59:59.999,532703420.5072,808508,4249330.246,265181925.42064,0,2022-11-03,76.59147869674185,54.21,3.1385984132919638,2.418276886860182,0.014611722213101253,0.014505999615251789
2022-11-04,61.8,70.48,61.62,67.55,7819520.529,2022-11-04 23:59:59.999,517317884.06512,843174,4000004.473,264555148.00101,0,2022-11-04,81.53420324238829,55.069500000000005,4.202276920397924,2.969937544910339,0.09304207119741092,0.0889646999425627
2022-11-05,67.56,71.98,67.03,69.21,6542133.254,2022-11-05 23:59:59.999,453883185.58045,708391,3279216.783,227610137.12796,0,2022-11-05,82.31730405149564,55.9605,5.1608898406465515,2.567289829681795,0.024574389341228686,0.024277296447564094
2022-11-06,69.21,70.84,67.44,68.19,4872792.257,2022-11-06 23:59:59.999,337387378.18685,518353,2441270.481,169090585.32346,0,2022-11-06,77.75605942142299,56.779999999999994,5.734843640315614,1.9895921694862564,-0.01473775465973115,-0.014847434321210357
2022-11-07,68.19,73.31,66.13,67.38,10119003.949,2022-11-07 23:59:59.999,708857386.39564,989162,5143100.213,360484886.95122,0,2022-11-07,79.91161108879066,57.557,6.073072663723787,1.6174678855195663,-0.011878574571051459,-0.0119496885541547
2022-11-08,67.39,68.8,53.45,57.74,12700855.307,2022-11-08 23:59:59.999,801080995.51254,1392560,6187118.7,390369045.87166,0,2022-11-08,52.94117647058825,57.8995,5.866947987167825,-0.027186196357775683,-0.14306915998812697,-0.1543980637436177
2022-11-09,57.74,59.77,47.38,50.64,10438260.425,2022-11-09 23:59:59.999,575187643.10487,1331135,5070247.073,279486579.71457,0,2022-11-09,42.456326098464785,57.87199999999999,5.9012412610377725,-1.2255048861920614,-0.1229650155871147,-0.13120839639886833
2022-11-10,50.64,61.32,49.61,60.53,7701910.767,2022-11-10 23:59:59.999,430740077.88494,1036788,3885690.318,217278931.70387,0,2022-11-10,56.296135475466784,58.31849999999999,5.737265326004635,0.38546238919371556,0.19530015797788303,0.17839733206767505
2022-11-11,60.53,64.3,58.41,61.43,7429265.528,2022-11-11 23:59:59.999,456150116.76682,1061710,3678957.814,225965589.03153,0,2022-11-11,56.98717948717949,58.782999999999994,5.584755660670977,0.47396881096172855,0.014868660168511516,0.014759205272240207
2022-11-12,61.45,61.74,58.1,59.91,3374190.37,2022-11-12 23:59:59.999,202166135.38852,504210,1698113.836,101776144.26769,0,2022-11-12,53.60051435919417,59.07899999999999,5.473117941349619,0.15183301527667908,-0.024743610613706668,-0.025054879080002514
2022-11-13,59.91,60.29,56.12,57.32,2789575.613,2022-11-13 23:59:59.999,161965839.76674,407296,1360273.248,79003026.1452,0,2022-11-13,52.07162190297731,59.320499999999996,5.269865148572004,-0.379611231710944,-0.04323151393757296,-0.04419383313586237
2022-11-14,57.33,59.24,53.4,56.64,5343582.718,2022-11-14 23:59:59.999,302205588.82443,735909,2636804.8,149244221.84523,0,2022-11-14,51.705602646268346,59.357000000000006,5.247480698786214,-0.5177722712974381,-0.011863224005582707,-0.011934153574506792
2022-11-15,56.64,59.51,56.42,57.98,3191760.863,2022-11-15 23:59:59.999,185628882.81676,412419,1580913.671,91953124.04082,0,2022-11-15,52.94117647058823,59.439,5.210537804339367,-0.28000948362469213,0.023658192090395325,0.023382674108044964
2022-11-16,57.98,60.14,56.66,57.45,3581406.861,2022-11-16 23:59:59.999,208177860.23039,403546,1736470.648,100956805.89454,0,2022-11-16,46.09657039711192,59.575,5.115795456995739,-0.4153801726169698,-0.00914108313211437,-0.009183119198744594
2022-11-17,57.44,63.33,56.95,62.5,6672739.106,2022-11-17 23:59:59.999,401119844.83983,713028,3446772.382,207341426.57549,0,2022-11-17,50.72194719471947,59.955499999999994,5.031305653493058,0.505733536230988,0.08790252393385556,0.08425155244759115
2022-11-18,62.5,63.89,61.53,62.6,7143297.472,2022-11-18 23:59:59.999,448046850.08428,676134,3623766.672,227342530.90281,0,2022-11-18,44.22134018211534,60.258,4.997538973274524,0.4686306625169661,0.0016000000000000458,0.0015987213636970735
2022-11-19,62.6,64.59,61.25,63.93,5894745.769,2022-11-19 23:59:59.999,372156460.76295,507084,3044378.623,192294433.21671,0,2022-11-19,43.78823529411765,60.68799999999999,4.920595385448075,0.6588633582000548,0.021246006389776362,0.021023456672582624
2022-11-20,63.93,64.9,60.33,62.06,6350071.355,2022-11-20 23:59:59.999,396175615.5144,556576,3188597.429,198966948.5523,0,2022-11-20,42.929642445213375,61.041500000000006,4.74035783125555,0.214857197759316,-0.0292507430001564,-0.029687075758401297
2022-11-21,62.06,63.49,59.17,61.29,11702419.02,2022-11-21 23:59:59.999,716083820.97435,1027110,5901834.998,361336060.49603,0,2022-11-21,42.96929115677673,61.352999999999994,4.526481263796857,-0.013918095829507591,-0.012407347728005225,-0.01248496152259383
2022-11-22,61.29,71.3,61.02,70.6,17638174.917,2022-11-22 23:59:59.999,1183189218.97977,1443171,9353302.204,627726813.10981,0,2022-11-22,64.96044671940437,61.8375,4.973125539487657,1.7619704007919996,0.1519007994778918,0.14141344700155586
2022-11-23,70.6,84.9,69.57,78.96,21233788.726,2022-11-23 23:59:59.999,1653648938.73199,2314794,10943534.885,852139801.56933,0,2022-11-23,82.00723327305606,62.695499999999996,6.275947800085646,2.5915607519517674,0.11841359773371107,0.11191125062602977
2022-11-24,78.96,79.5,74.9,78.64,11428506.689,2022-11-24 23:59:59.999,887705796.81849,1309494,5758616.284,447436395.44223,0,2022-11-24,76.11768099221231,63.25,7.155691146870464,2.1507356430176285,-0.00405268490374866,-0.0040609192863149575
2022-11-25,78.63,79.99,73.12,74.04,10639165.84,2022-11-25 23:59:59.999,806300262.85119,1128671,5167654.665,391753938.4986,0,2022-11-25,66.43210841803494,63.491499999999995,7.443154590836118,1.4172082376183803,-0.058494404883011164,-0.06027498813361433
2022-11-26,74.05,79.66,73.83,76.43,9286897.65,2022-11-26 23:59:59.999,715080227.53335,956952,4622183.053,355986020.67281,0,2022-11-26,71.04994903160045,63.90350000000001,7.929108448583669,1.5798119146973624,0.032279848730415894,0.03176980154949587
2022-11-27,76.43,79.21,74.02,74.88,7450291.538,2022-11-27 23:59:59.999,572714019.08541,810364,3642940.028,280199737.55057,0,2022-11-27,72.98429319371729,64.2785,8.272113759648082,1.2815950442696786,-0.020279994766453147,-0.0204884570854563
2022-11-28,74.88,75.3,70.49,73.9,10143534.209,2022-11-28 23:59:59.999,737064244.07517,1080582,4944794.163,359394849.64825,0,2022-11-28,72.41558441558445,65.0865,8.388254491905982,1.0506953512800967,-0.01308760683760668,-0.013174004215180357
2022-11-29,73.9,78.0,73.35,75.76,8683001.286,2022-11-29 23:59:59.999,661105492.24387,934233,4335539.541,330136235.18495,0,2022-11-29,72.78318810866224,66.3425,7.98210160625389,1.1798271263073743,0.02516914749661714,0.0248576209236668
2022-11-30,75.76,80.9,75.36,79.11,7878087.603,2022-11-30 23:59:59.999,616488269.85763,922387,3930692.174,307696265.14248,0,2022-11-30,75.88432122370938,67.2715,8.343065368122934,1.41896287247519,0.04421858500527964,0.043268840155482026
2022-12-01,79.1,80.62,76.19,77.55,6505287.053,2022-12-01 23:59:59.999,504136503.864,778981,3159109.224,244901711.69236,0,2022-12-01,69.6219035202086,68.0775,8.525688041376965,1.111054023326675,-0.019719378081152872,-0.01991639941075723
2022-12-02,77.55,78.12,75.22,77.86,3933314.832,2022-12-02 23:59:59.999,300760967.31668,493590,1896544.09,145067117.58674,0,2022-12-02,69.78734439834025,68.975,8.565349103398498,1.0373190739504918,0.003997421018697711,0.003989452559761937
2022-12-03,77.87,78.05,75.4,76.42,2762946.877,2022-12-03 23:59:59.999,211665330.95973,350232,1328595.022,101779000.86426,0,2022-12-03,66.14946987328679,69.92999999999999,8.256695528633955,0.7860287420667139,-0.01849473413819669,-0.0186679001635557
2022-12-04,76.42,77.6,75.73,77.04,3108118.612,2022-12-04 23:59:59.999,237775038.72473,371410,1536590.615,117585922.28744,0,2022-12-04,70.0160342063068,70.95,7.774477135909225,0.7833324214011953,0.008113059408531909,0.008080325471116334
2022-12-05,77.03,85.0,76.77,80.15,11719067.9,2022-12-05 23:59:59.999,959482285.22123,1347134,6027672.123,493498299.91938,0,2022-12-05,73.71730382293765,72.0585,7.399328045589674,1.0935452449392213,0.040368639667704986,0.03957511156569175
2022-12-06,80.16,81.75,77.62,79.84,5511849.208,2022-12-06 23:59:59.999,439009356.11433,661483,2695076.857,214715194.58626,0,2022-12-06,65.01950585175555,73.17800000000001,6.7368933961815065,0.988883096142806,-0.0038677479725515163,-0.003875247052353476
2022-12-07,79.84,80.36,75.41,76.85,5654173.475,2022-12-07 23:59:59.999,438319414.61698,651220,2673006.412,207362245.62329,0,2022-12-07,45.84482079558882,73.8955,6.2890744654133774,0.4697829571343449,-0.03744989979959934,-0.03816916201860381
2022-12-08,76.86,78.69,74.1,78.22,6387822.761,2022-12-08 23:59:59.999,485914156.39565,701717,3217516.223,244894464.40303,0,2022-12-08,49.20574886535552,74.6765,5.760164722602576,0.6151733796944194,0.017826935588809434,0.017669899342763258
2022-12-09,78.23,78.83,75.79,76.29,4192325.574,2022-12-09 23:59:59.999,324239984.09173,506652,2062180.745,159538418.3415,0,2022-12-09,54.73285654185949,75.2945,5.180368280948039,0.19216780468314976,-0.02467399642035273,-0.024983501225229975
2022-12-10,76.29,77.43,75.61,76.3,2035668.345,2022-12-10 23:59:59.999,155655438.33728,257771,1004071.113,76780568.90746,0,2022-12-10,49.69611968209442,76.00649999999999,4.139719384074804,0.07089852542398928,0.0001310787783457279,0.0001310701882733042
2022-12-11,76.3,78.38,76.24,76.46,2978087.156,2022-12-11 23:59:59.999,230328891.90034,345855,1522449.29,117765871.62878,0,2022-12-11,53.95,76.765,2.2679935486636635,-0.13448010034231248,0.0020969855832240203,0.0020947899778553177
2022-12-12,76.46,76.7,73.5,76.18,4429302.409,2022-12-12 23:59:59.999,331952021.09318,504008,2157729.488,161738796.14396,0,2022-12-12,55.90673575129535,77.04400000000001,1.7548471218287753,-0.4923505810008143,-0.003662045513994072,-0.0036687672178085766
2022-12-13,76.19,79.8,74.29,77.37,5948667.702,2022-12-13 23:59:59.999,458986945.77411,619552,2978312.713,229810884.9943,0,2022-12-13,54.320987654320994,76.9645,1.698592218943038,0.23872710323159788,0.015620897873457551,0.015500147510905069
2022-12-14,77.36,79.1,74.13,75.32,4494486.774,2022-12-14 23:59:59.999,347043945.13211,519323,2202004.315,170089810.72977,0,2022-12-14,39.065204847085965,76.7985,1.688428964558167,-0.8756660961374287,-0.02649605790358034,-0.026853404772411583
2022-12-15,75.31,75.49,71.58,72.41,4295692.088,2022-12-15 23:59:59.999,317186883.98778,487130,2034034.246,150252219.68637,0,2022-12-15,36.24197002141327,76.717,1.859284242571504,-2.3164828170883425,-0.038635156664896364,-0.03940129238822219
2022-12-16,72.41,73.56,64.81,66.21,6931933.653,2022-12-16 23:59:59.999,478267703.34896,713282,3326172.574,229508362.81559,0,2022-12-16,26.292226292226275,76.20599999999999,2.998017590612446,-3.3342032519422196,-0.08562353266123468,-0.08951290246397471
2022-12-17,66.21,67.68,62.3,64.85,6446847.486,2022-12-17 23:59:59.999,416684742.85215,648853,3221820.055,208335051.57889,0,2022-12-17,26.378113515720685,75.7045,3.926592838037391,-2.764355879950454,-0.02054070382117501,-0.020754598174301794
2022-12-18,64.85,65.93,63.0,64.37,3988429.191,2022-12-18 23:59:59.999,256589048.71846,373345,1987370.311,127862545.15586,0,2022-12-18,23.98357289527719,75.228,4.665766253980023,-2.3271633015772757,-0.00740169622205078,-0.007429224697928288
2022-12-19,64.37,65.0,60.92,63.32,5455990.99,2022-12-19 23:59:59.999,343023703.50554,543322,2673046.889,168110185.77591,0,2022-12-19,12.24764468371464,74.606,5.367533394099965,-2.1026417855929234,-0.01631194655895607,-0.016446451051713128
2022-12-20,63.32,66.3,63.04,65.5,5722652.016,2022-12-20 23:59:59.999,371668333.73973,555105,2886066.82,187468176.63453,0,2022-12-20,20.322847682119175,73.9255,5.623117205358502,-1.4983681990428708,0.03442830069488312,0.03384890762839482
2022-12-21,65.51,66.8,64.57,65.36,4128628.908,2022-12-21 23:59:59.999,270479012.34279,394215,2035659.952,133391652.02009,0,2022-12-21,23.04082590333175,73.316,5.865018867465361,-1.3565173752694653,-0.0021374045801526576,-0.0021396920894587767
2022-12-22,65.36,66.67,64.21,66.16,4001556.483,2022-12-22 23:59:59.999,262233252.93246,396474,1961228.413,128550650.50988,0,2022-12-22,20.925747348119515,72.731,5.970481687341659,-1.1005812167436224,0.012239902080783294,0.012165600163688372
2022-12-23,66.16,66.71,64.67,65.71,2556043.408,2022-12-23 23:59:59.999,168272814.42148,267174,1285341.252,84638519.66519,0,2022-12-23,22.53374870197294,72.1955,6.101065027814285,-1.063011125177835,-0.006801692865779918,-0.006824929805659366
2022-12-24,65.71,66.0,65.01,65.73,1255587.997,2022-12-24 23:59:59.999,82315677.21803,143035,625197.762,40990942.30569,0,2022-12-24,22.57394914374676,71.63,6.1523405901149495,-0.9589846195250639,0.000304367676152939,0.0003043213657084923
2022-12-25,65.73,69.69,65.24,69.11,4045547.012,2022-12-25 23:59:59.999,271693000.87104,376159,2151795.869,144609219.72501,0,2022-12-25,33.6594041796354,71.078,5.834744029918559,-0.3372898605163786,0.05142248592727827,0.05014399582781813
2022-12-26,69.1,72.0,68.55,70.73,6662536.698,2022-12-26 23:59:59.999,465389372.62375,603119,3479206.904,243088633.8019,0,2022-12-26,38.56483424255141,70.62249999999999,5.458163248984464,0.01969527020285023,0.023440891332658254,0.023170372944595768
2022-12-27,70.73,71.13,67.71,68.62,5585913.096,2022-12-27 23:59:59.999,388400549.0469,476516,2712634.459,188669283.63186,0,2022-12-27,32.32323232323233,70.211,5.270978037671656,-0.3018415156787078,-0.02983175455959286,-0.03028577361759495
2022-12-28,68.62,69.46,65.61,66.27,5617908.228,2022-12-28 23:59:59.999,379749982.8269,482098,2754019.39,186239857.39726,0,2022-12-28,31.936127744510983,69.6135,4.984862638653954,-0.6707306183471567,-0.03424657534246589,-0.0348467313301683
2022-12-29,66.28,67.25,65.52,66.62,3513067.381,2022-12-29 23:59:59.999,233510924.58517,318185,1765784.832,117385229.67516,0,2022-12-29,37.12761227212098,69.13,4.767423446236066,-0.5264898384433764,0.00528142447563007,0.005267526665398168
2022-12-30,66.62,68.67,66.0,67.92,4161504.843,2022-12-30 23:59:59.999,279414260.4814,356587,2110596.562,141775996.46883,0,2022-12-30,54.860716316088705,68.711,4.462605917945134,-0.177250694895377,0.019513659561693153,0.01932570923755825
2022-12-31,67.92,71.12,67.6,70.15,4873987.208,2022-12-31 23:59:59.999,339368005.2464,395482,2567663.172,178799491.46236,0,2022-12-31,64.35536294691225,68.3955,4.093737804312538,0.4285814294583628,0.03283274440518258,0.03230526454537808
2023-01-01,70.14,71.53,68.85,70.88,4429603.128,2023-01-01 23:59:59.999,311004075.92203,357331,2227295.558,156416073.12006,0,2023-01-01,67.39711384286474,68.1305,3.7175607098620547,0.7395978746778884,0.010406272273699058,0.010352499748355405
2023-01-02,70.89,78.11,70.01,74.69,8202445.942,2023-01-02 23:59:59.999,608578911.94117,719847,4256816.833,315934373.5559,0,2023-01-02,76.4788076385654,67.9965,3.4018915403878744,1.9675818351448164,0.05375282167042883,0.05235790807214973
2023-01-03,74.69,76.48,73.62,75.53,5829025.015,2023-01-03 23:59:59.999,438338026.16421,481567,2866688.936,215634879.8373,0,2023-01-03,74.91306507699947,68.00699999999999,3.425924539055033,2.195903591640424,0.011246485473289658,0.011183713956381354
2023-01-04,75.54,78.0,74.24,75.42,6384696.246,2023-01-04 23:59:59.999,486439115.8669,544830,3210869.617,244716022.68677,0,2023-01-04,75.02487562189053,68.1575,3.6857861762144095,1.9704073032959166,-0.0014563749503508916,-0.0014574364951455792
2023-01-05,75.42,76.26,73.51,74.21,4408969.845,2023-01-05 23:59:59.999,329759339.73059,389187,2194863.913,164188087.81955,0,2023-01-05,69.62457337883956,68.5575,3.8916602802368985,1.4524649103379348,-0.016043489790506626,-0.016173579848169004
2023-01-06,74.22,76.56,72.23,75.89,6165255.413,2023-01-06 23:59:59.999,458645485.59817,534587,3058442.447,227643275.71607,0,2023-01-06,73.41306347746088,69.1095,4.114680361050668,1.6478801279885147,0.022638458428783315,0.02238601143377939
2023-01-07,75.9,76.9,75.41,76.36,2876275.43,2023-01-07 23:59:59.999,218746002.42796,288892,1439720.629,109511993.21578,0,2023-01-07,73.95223073456508,69.709,4.258738261372689,1.5617301632094729,0.006193174331268869,0.0061740754417253475
2023-01-08,76.37,81.66,75.03,78.7,4273835.453,2023-01-08 23:59:59.999,326359703.60941,385274,2246463.549,171767554.45173,0,2023-01-08,72.67139479905434,70.478,4.4295165472134945,1.8561845096102592,0.030644316396018834,0.030184156565810655
2023-01-09,78.68,83.66,78.08,81.66,8632307.127,2023-01-09 23:59:59.999,705862064.83583,816977,4363615.826,356816188.8612,0,2023-01-09,74.29968875055576,71.286,4.920371616254077,2.108377335917122,0.037611181702668306,0.036921130468072105
2023-01-10,81.65,82.89,79.49,80.92,4476539.21,2023-01-10 23:59:59.999,362884034.83357,456591,2211128.502,179280192.16883,0,2023-01-10,79.11931818181816,72.064,5.1584467266332235,1.7167958630407485,-0.009061964241978915,-0.009103273591884965
2023-01-11,80.92,85.15,79.9,84.09,7349563.144,2023-01-11 23:59:59.999,604325957.73237,682981,3704353.492,304775260.64709,0,2023-01-11,90.61075660893344,72.9605,5.616119164834284,1.981706526045269,0.03917449332674239,0.03842664154526181
2023-01-12,84.09,88.0,80.66,86.08,8653049.266,2023-01-12 23:59:59.999,730014018.78297,856124,4313718.794,364148231.08587,0,2023-01-12,91.2637828668363,73.979,6.061438859921547,1.9963906721904345,0.023665120704007503,0.023389442568667578
2023-01-13,86.07,88.11,83.55,86.24,5837187.635,2023-01-13 23:59:59.999,497196822.14205,563682,2883020.106,245648535.92601,0,2023-01-13,90.81996434937611,75.0045,6.3217789593169496,1.7772687201347461,0.0018587360594795044,0.0018570107472126892
2023-01-14,86.23,92.0,85.91,87.92,8322720.945,2023-01-14 23:59:59.999,737468249.07872,905317,4109970.27,364314522.94747,0,2023-01-14,90.58931018730013,75.94500000000001,6.781193420811942,1.7659133513649543,0.019480519480519654,0.01929320293467907
2023-01-15,87.91,88.8,85.2,87.45,3645878.403,2023-01-15 23:59:59.999,318440281.7115,444926,1766579.742,154316699.60573,0,2023-01-15,88.30328247803976,76.781,7.126296668709756,1.4971310480021962,-0.005345768880800739,-0.005360108630754857
2023-01-16,87.45,89.29,83.25,85.95,4332951.049,2023-01-16 23:59:59.999,375534458.67283,524564,2088440.254,181058533.23229,0,2023-01-16,79.1407867494824,77.64750000000001,7.135346319920374,1.1635735152505737,-0.01715265866209259,-0.01730146963575278
2023-01-17,85.94,89.5,84.5,87.05,5147888.122,2023-01-17 23:59:59.999,447628941.6235,600360,2540533.885,220966611.33122,0,2023-01-17,79.41777323799795,78.6865,6.9004929457739195,1.212014861216846,0.012798138452588592,0.012716934385339666
2023-01-18,87.05,88.44,82.0,82.64,5275319.284,2023-01-18 23:59:59.999,450220524.78748,697616,2526916.635,215710599.49812,0,2023-01-18,65.11725293132328,79.4875,6.332526622209493,0.4978265687732804,-0.05066053991958641,-0.05198884140281491
2023-01-19,82.64,84.59,81.64,84.19,2753708.743,2023-01-19 23:59:59.999,229262612.9531,350714,1384787.096,115302710.38337,0,2023-01-19,70.60280759702727,80.301,5.790135804238003,0.6716595484951322,0.018756050338818886,0.018582324538189428
2023-01-20,84.18,91.36,83.0,90.29,4071851.791,2023-01-20 23:59:59.999,351967877.61579,491800,2119486.077,183292831.21307,0,2023-01-20,75.1396648044693,81.30799999999999,5.682123954255097,1.5807469306039659,0.07245516094548066,0.06995056296981537
2023-01-21,90.28,92.31,87.59,87.97,4093149.067,2023-01-21 23:59:59.999,367489898.36693,545308,1976947.456,177572173.45936,0,2023-01-21,69.03902918989833,82.1625,5.303820742976279,1.0949653620346684,-0.02569498283309346,-0.026030865054804744
2023-01-22,87.97,90.08,86.52,87.6,3093210.03,2023-01-22 23:59:59.999,273708429.07225,439487,1508584.709,133531659.50346,0,2023-01-22,65.60308555399718,82.808,5.129248021211257,0.9342500070543226,-0.004205979311128871,-0.004214849322237488
2023-01-23,87.6,93.25,87.55,90.0,4539848.664,2023-01-23 23:59:59.999,408863451.414,597946,2242419.697,202021881.37227,0,2023-01-23,64.91416309012877,83.53150000000001,5.0687954294097715,1.2761414600535983,0.027397260273972712,0.02702867238791942
2023-01-24,90.0,91.53,86.0,87.18,3131311.235,2023-01-24 23:59:59.999,280224229.96034,501722,1495613.386,133883633.61519,0,2023-01-24,60.419440745672446,84.11949999999999,4.75040881896612,0.6442603398218907,-0.03133333333333321,-0.031834723520018406
2023-01-25,87.18,92.0,85.5,89.43,3363777.725,2023-01-25 23:59:59.999,296533658.27239,510661,1660371.783,146411549.71018,0,2023-01-25,59.16895604395605,84.8805,4.274662775243036,1.0642944810404014,0.02580867171369583,0.025481249547843258
2023-01-26,89.42,90.03,86.84,87.51,2558364.707,2023-01-26 23:59:59.999,226603514.15084,410949,1234498.986,109351887.91198,0,2023-01-26,52.46127366609296,85.4615,3.7452851412699344,0.5469543499978771,-0.021469305602146993,-0.02170312381035009
2023-01-27,87.52,89.24,85.79,88.95,2183316.13,2023-01-27 23:59:59.999,191293929.71471,348801,1073734.092,94097463.49472,0,2023-01-27,54.4675239037257,86.091,3.144945652604966,0.9090777125613896,0.01645526225574212,0.01632134156410433
2023-01-28,88.94,90.04,86.97,89.71,1922679.073,2023-01-28 23:59:59.999,170173406.84224,275223,934538.256,82735881.61375,0,2023-01-28,53.043182590955446,86.6415,2.7177027353703154,1.1290786001221305,0.008544125913434453,0.008507831459347958
2023-01-29,89.71,97.9,89.69,94.94,7981920.597,2023-01-29 23:59:59.999,759236092.20321,996890,3984826.924,378945218.17364,0,2023-01-29,60.95990635059994,87.30550000000001,3.0397722819745634,2.5115368165146896,0.0582989633262736,0.056662867551979856
2023-01-30,94.94,96.1,88.0,91.31,5622136.012,2023-01-30 23:59:59.999,521283390.46873,788727,2685461.605,249029233.69015,0,2023-01-30,57.382920110192835,87.825,2.766604416960518,1.2596668965882496,-0.03823467453128282,-0.03898480249492314
2023-01-31,91.31,96.25,91.26,94.11,5482173.853,2023-01-31 23:59:59.999,516481342.99803,715766,2718155.525,256117490.4659,0,2023-01-31,59.28947368421053,88.326,2.9554488482602195,1.9570631389559885,0.0306647683714818,0.03020400024244777
2023-02-01,94.12,102.72,93.72,100.44,7400870.118,2023-02-01 23:59:59.999,717140609.16089,1030537,3732473.084,361809381.05142,0,2023-02-01,72.29458917835672,89.04400000000001,3.956027246985756,2.880667722570167,0.06726171501434486,0.06509622341868773
2023-02-02,100.44,102.5,97.94,98.72,4224026.293,2023-02-02 23:59:59.999,423644570.12225,606693,2058790.648,206536476.97395,0,2023-02-02,68.12172611623846,89.668,4.444558589171524,2.0366476936660893,-0.01712465153325371,-0.017272974132306607
2023-02-03,98.73,100.8,97.5,99.94,3082151.008,2023-02-03 23:59:59.999,305371052.16323,465081,1508041.065,149435696.66832,0,2023-02-03,63.703493325759716,90.269,4.9765892991665295,1.9432987973549825,0.012358184764991842,0.012282445758981216
2023-02-04,99.94,101.44,98.24,98.51,1935236.47,2023-02-04 23:59:59.999,192580693.52616,289557,938293.983,93391070.26194,0,2023-02-04,65.35547785547787,90.822,5.2536379375528925,1.4633669261915332,-0.01430858515109057,-0.014411940048471095
2023-02-05,98.51,98.88,94.75,96.63,2406026.576,2023-02-05 23:59:59.999,233548267.55781,406652,1155644.541,112187679.5684,0,2023-02-05,62.601172202065314,91.356,5.275099799499993,0.9997915111482637,-0.019084356918079526,-0.01926881385637077
2023-02-06,96.63,97.99,94.77,95.97,2544384.435,2023-02-06 23:59:59.999,245705634.72562,380709,1267658.262,122437275.55034,0,2023-02-06,58.75623349955999,91.80199999999999,5.268955354362395,0.7910486462082356,-0.006830176963675827,-0.006853609381680771
2023-02-07,95.96,101.69,95.91,100.9,4282784.081,2023-02-07 23:59:59.999,425367648.8481,585898,2178331.253,216411300.37582,0,2023-02-07,68.95027624309392,92.715,5.179086995331532,1.5803943836776682,0.051370219860373156,0.05009428473002706
2023-02-08,100.9,102.45,96.8,99.19,3569915.888,2023-02-08 23:59:59.999,356940927.70811,496308,1754004.019,175397135.62336,0,2023-02-08,63.68480089736398,93.465,4.961090181545108,1.1539802322676123,-0.016947472745292402,-0.017092724601660933
2023-02-09,99.2,99.52,89.88,92.01,5577916.83,2023-02-09 23:59:59.999,526886412.1336,748929,2652466.626,250698838.51266,0,2023-02-09,55.49853372434017,93.55100000000002,4.91787491546503,-0.3133467252601514,-0.07238632926706312,-0.07513993596363241
2023-02-10,92.01,94.18,91.01,93.31,4187800.592,2023-02-10 23:59:59.999,387273302.07205,554563,2101142.896,194378360.25192,0,2023-02-10,55.345757724374685,93.81800000000001,4.740692376697329,-0.10715734319675796,0.014128899032713749,0.014030016451660663
2023-02-11,93.3,94.77,92.61,94.24,2742692.156,2023-02-11 23:59:59.999,257051854.04011,387841,1329912.706,124650421.76373,0,2023-02-11,55.53113553113554,94.15,4.509167270531701,0.01995933940800045,0.009966777408637828,0.009917436657345924
2023-02-12,94.23,94.52,90.83,92.43,2465823.814,2023-02-12 23:59:59.999,229820084.40324,361548,1194949.26,111397177.98153,0,2023-02-12,46.65600852651213,94.27149999999999,4.423381981905353,-0.41631041757934817,-0.019206281833616168,-0.019393118626590197
2023-02-13,92.43,94.99,88.11,90.98,5291126.355,2023-02-13 23:59:59.999,482894200.79188,716067,2658995.154,242724856.83245,0,2023-02-13,49.533239038189535,94.4615,4.177524166039625,-0.8333883567454088,-0.015687547333116947,-0.015811899134828212
2023-02-14,90.99,95.95,90.25,95.76,4733081.669,2023-02-14 23:59:59.999,441747665.53642,647636,2431094.805,226943724.96207,0,2023-02-14,52.21001875167426,94.77799999999999,4.012802669345761,0.24471674311363953,0.0525390195647395,0.05120535910785967
2023-02-15,95.75,103.36,94.97,102.82,5635093.21,2023-02-15 23:59:59.999,554151343.28497,741602,2908391.954,286073358.3479,0,2023-02-15,53.12664214398319,95.54350000000001,4.013655998417824,1.8129356384474324,0.0737259816207183,0.07113482537764074
2023-02-16,102.82,105.86,98.5,98.6,5729491.857,2023-02-16 23:59:59.999,584521434.73777,830165,2855031.278,291389393.12244,0,2023-02-16,49.85207100591715,96.026,3.7507268067534483,0.6862669910709918,-0.04104259871620308,-0.04190862501876887
2023-02-17,98.6,101.76,98.23,100.21,4373481.385,2023-02-17 23:59:59.999,436653767.8986,673732,2133908.329,213062559.43037,0,2023-02-17,50.329670329670314,96.551,3.549592860263859,1.0308224475434629,0.016328600405679516,0.01619672246164777
2023-02-18,100.2,101.96,98.89,99.72,3275878.339,2023-02-18 23:59:59.999,328252598.90991,422596,1563423.52,156699043.97244,0,2023-02-18,51.51212196950762,96.78999999999999,3.5960314382962917,0.8147870924588374,-0.004889731563716193,-0.004901725414880361
2023-02-19,99.71,101.54,96.69,97.44,3823723.014,2023-02-19 23:59:59.999,379293165.22731,536503,1842747.626,182834941.39197,0,2023-02-19,51.00222717149221,97.0965,3.357714252278233,0.10230173689346093,-0.022864019253911017,-0.02312945469377031
2023-02-20,97.44,98.8,94.52,95.96,5021485.947,2023-02-20 23:59:59.999,486438978.34389,681337,2420223.002,234537539.21525,0,2023-02-20,49.98787290807664,97.189,3.296026155995288,-0.37287325459008164,-0.01518883415435146,-0.015305365990093136
2023-02-21,95.97,96.85,91.55,93.81,5128127.221,2023-02-21 23:59:59.999,482493714.74542,659974,2409381.978,226766271.31784,0,2023-02-21,40.780234070221056,96.8575,3.285236312890009,-0.9276349430458859,-0.022405168820341714,-0.022659977833634118
2023-02-22,93.81,95.55,91.55,95.22,6024725.069,2023-02-22 23:59:59.999,566011425.61424,771148,2962468.397,278379191.28847,0,2023-02-22,44.79685452162516,96.6825,3.274002660506661,-0.4467009198378842,0.01503038055644379,0.014918543628513014
2023-02-23,95.22,96.3,93.31,94.59,3872339.316,2023-02-23 23:59:59.999,367396090.59938,533693,1904218.437,180673092.2427,0,2023-02-23,54.082278481012665,96.41499999999999,3.2118112614067513,-0.5682152067679878,-0.006616257088846833,-0.006638241541293517
2023-02-24,94.59,95.26,89.71,91.51,3693058.085,2023-02-24 23:59:59.999,341777490.6471,526168,1749963.737,162031405.178,0,2023-02-24,47.30377471539844,96.065,3.349932442359494,-1.3597289134558548,-0.03256158156253297,-0.033103506297792254
2023-02-25,91.51,93.45,90.24,93.1,3032163.09,2023-02-25 23:59:59.999,278445725.11458,426409,1520772.466,139681500.63609,0,2023-02-25,48.32549941245593,95.8885,3.4110336062708844,-0.8174941445530141,0.017375150256802474,0.01722592835573451
2023-02-26,93.09,95.51,92.72,95.23,2633726.255,2023-02-26 23:59:59.999,247960424.37118,389072,1315242.948,123836125.19478,0,2023-02-26,54.07450523864959,95.8515,3.4141150891639103,-0.1820383858682977,0.022878625134264308,0.02262083392293333
2023-02-27,95.23,96.06,92.38,94.02,3295730.063,2023-02-27 23:59:59.999,310950200.95681,422680,1612319.08,152144019.1705,0,2023-02-27,54.454865181711604,95.5075,3.2197398963194477,-0.4619938404653089,-0.012706080016801513,-0.01278749260997027
2023-02-28,94.02,95.99,92.94,93.76,3079969.319,2023-02-28 23:59:59.999,290922978.28953,413682,1525761.169,144141406.06371,0,2023-02-28,46.621621621621614,95.236,3.1202773156030146,-0.47303487822035206,-0.0027653690704104728,-0.0027691997672818973
2023-03-01,93.76,98.36,93.52,97.74,3886533.88,2023-03-01 23:59:59.999,376149776.71119,525382,1963829.619,190023120.62132,0,2023-03-01,40.422322775263936,95.5225,3.0711542061325936,0.7220412428565182,0.042448805460750805,0.04157256601330623
2023-03-02,97.73,98.34,93.88,95.32,3553615.027,2023-03-02 23:59:59.999,340819799.28272,482922,1720486.885,165061976.20129,0,2023-03-02,43.365695792880246,95.623,3.027519568358455,-0.10008192949989766,-0.024759566196030258,-0.02507123961146736
2023-03-03,95.33,95.43,85.29,90.51,4725594.217,2023-03-03 23:59:59.999,422623867.30691,609067,2204478.661,197150942.22757,0,2023-03-03,32.628939828080235,95.4365,3.2256052471555523,-1.5273102635061573,-0.05046160302140146,-0.051779310391461816
2023-03-04,90.51,90.82,87.32,89.29,2555389.907,2023-03-04 23:59:59.999,228512532.45671,329238,1235400.548,110466630.90319,0,2023-03-04,31.79755671902268,95.27950000000001,3.4483672337641704,-1.7369089757479181,-0.013479173571981029,-0.013570842309954393
2023-03-05,89.3,91.73,89.15,89.9,2886614.868,2023-03-05 23:59:59.999,261453926.6315,361459,1437021.542,130169376.51335,0,2023-03-05,36.02668643439584,95.2255,3.526803346099157,-1.5100076407408125,0.006831672079740114,0.006808441948449475
2023-03-06,89.9,90.57,86.46,87.3,3678363.164,2023-03-06 23:59:59.999,324517274.92251,478252,1768800.366,156078080.36137,0,2023-03-06,34.59074733096084,94.80250000000001,3.942199326044588,-1.9031254838977556,-0.028921023359288145,-0.029347478632018118
2023-03-07,87.3,88.92,83.75,86.27,4985734.702,2023-03-07 23:59:59.999,429953914.1616,614199,2408651.503,207749170.5613,0,2023-03-07,36.02668643439583,93.975,3.907522434855281,-1.9718376870395016,-0.011798396334478767,-0.011868549757069068
2023-03-08,86.28,86.65,81.19,82.72,4772075.55,2023-03-08 23:59:59.999,401204249.86003,586243,2243372.871,188674086.80807,0,2023-03-08,28.537087912087898,93.18100000000001,4.48847401098834,-2.3306361971552447,-0.041149878289092334,-0.04202050232836836
2023-03-09,82.71,84.91,74.88,76.62,6637861.458,2023-03-09 23:59:59.999,533998084.00377,769274,3203857.52,257840153.01106,0,2023-03-09,24.02428447528186,92.0015,5.5241910815260145,-2.7843895645533987,-0.07374274661508695,-0.07660327148761598
2023-03-10,76.63,76.76,68.0,71.36,11595225.08,2023-03-10 23:59:59.999,831390343.69783,1164891,5632938.511,403838247.80031,0,2023-03-10,22.599945607832453,90.5835,6.90575219805923,-2.7836938610977833,-0.06865048290263642,-0.07112065100074902
2023-03-11,71.37,73.78,65.0,69.16,10294786.057,2023-03-11 23:59:59.999,708100968.49306,1106936,5063876.738,348392343.91129,0,2023-03-11,17.97752808988764,89.1695,8.201622737377154,-2.4397001228562925,-0.030829596412556115,-0.03131482745666425
2023-03-12,69.15,76.51,67.35,76.31,8366861.878,2023-03-12 23:59:59.999,590120379.03383,891521,4058031.764,286331617.76517,0,2023-03-12,27.688679245283012,88.187,8.516286007900767,-1.3946220205593625,0.10338345864661669,0.0983813304864522
2023-03-13,76.31,83.2,73.81,81.49,9823900.294,2023-03-13 23:59:59.999,771458868.28046,1141434,4870455.639,382592059.92649,0,2023-03-13,36.489109337933996,87.571,8.533704014697905,-0.7125862333081249,0.06788101166295357,0.06567632203058645
2023-03-14,81.49,88.36,79.18,83.97,8324218.252,2023-03-14 23:59:59.999,696909071.36036,1056289,4099965.845,343215955.3698,0,2023-03-14,39.92591068121012,87.0085,8.372228072304361,-0.36292609013501065,0.030433181985519697,0.02997927886334342
2023-03-15,83.96,85.46,75.0,76.4,8398452.041,2023-03-15 23:59:59.999,670509621.67402,1096546,4054922.581,323743086.1345,0,2023-03-15,29.551552318896128,86.099,8.492433722217642,-1.1420754423582693,-0.09015124449208045,-0.09447689602299697
2023-03-16,76.4,79.86,75.55,78.82,5882379.606,2023-03-16 23:59:59.999,460164262.48834,750652,2905996.85,227333509.53356,0,2023-03-16,34.18934457646607,85.4645,8.540800822180179,-0.7779715436923034,0.031675392670156954,0.031184075594382712
2023-03-17,78.83,85.55,78.12,85.47,6581602.985,2023-03-17 23:59:59.999,541776212.62931,855170,3252040.847,267653325.14746,0,2023-03-17,45.33506108848574,85.083,8.350066561344894,0.04634693593839673,0.08436944937833046,0.08099866541106907
2023-03-18,85.47,87.93,81.85,83.01,6689627.688,2023-03-18 23:59:59.999,571481365.32715,868353,3289786.983,281088858.42231,0,2023-03-18,44.317770539268906,84.47200000000001,8.008606948970598,-0.18255359631401616,-0.028782028782028735,-0.029204354710982337
2023-03-19,83.01,86.35,82.07,83.98,4876201.091,2023-03-19 23:59:59.999,410920044.45703,653389,2422735.921,204176980.2834,0,2023-03-19,44.678173318950016,83.97,7.686815780415652,0.0013009287962231328,0.011685339115769189,0.011617592789102993
2023-03-20,83.99,84.3,77.69,78.04,6319473.413,2023-03-20 23:59:59.999,514599690.58357,857788,3007690.753,245020580.62677,0,2023-03-20,42.14721845318861,83.184,7.432575809087714,-0.6920884673265612,-0.07073112645868063,-0.07335715950113675
2023-03-21,78.04,83.52,76.58,82.45,6046833.224,2023-03-21 23:59:59.999,487028810.60104,792463,3027890.494,243916290.57364,0,2023-03-21,46.936156560795645,82.4195,6.595823618811137,0.004624138206640067,0.05650948231676067,0.054970533250697486
2023-03-22,82.45,88.29,79.14,87.24,10111177.991,2023-03-22 23:59:59.999,837700593.3879,1479838,5037977.678,417544642.38779,0,2023-03-22,53.55457691097829,82.0155,5.983058956221675,0.8732155304214625,0.05809581564584576,0.0564708923278202
2023-03-23,87.23,94.66,85.56,93.56,15274018.345,2023-03-23 23:59:59.999,1383808108.38179,1841622,7851932.958,711525491.09784,0,2023-03-23,63.27586206896552,82.16799999999999,6.244141338292391,1.8244301950915516,0.07244383310408087,0.06994000038255013
2023-03-24,93.56,96.0,88.88,93.51,10561420.108,2023-03-24 23:59:59.999,973961650.78789,1433170,5318107.948,490670547.51666,0,2023-03-24,68.9025430960915,82.37899999999999,6.560746026252893,1.696605836509934,-0.0005344164172722543,-0.0005345592686227846
2023-03-25,93.51,94.28,89.95,91.43,5382356.215,2023-03-25 23:59:59.999,496778272.41648,824232,2661531.914,245733397.15234,0,2023-03-25,69.04395416452884,82.4555,6.6612093694087156,1.3472778743774316,-0.02224361030905786,-0.022494730271020218
2023-03-26,91.43,94.78,90.5,93.27,5187367.281,2023-03-26 23:59:59.999,484095557.94616,732046,2606560.865,243325451.41851,0,2023-03-26,65.95184349134689,82.75399999999999,7.0141386536461034,1.4992575024922778,0.020124685551788035,0.019924860562436728
2023-03-27,93.27,94.11,87.5,89.17,6555368.27,2023-03-27 23:59:59.999,593340748.27295,945523,3134562.724,283812488.49506,0,2023-03-27,57.37327188940094,82.899,7.119827688626348,0.8807797427482246,-0.04395840034308984,-0.044953852591983944
2023-03-28,89.18,89.58,85.5,89.06,6571672.833,2023-03-28 23:59:59.999,572807124.81226,820172,3162450.291,275734510.67268,0,2023-03-28,55.119694226513786,83.216,7.251363138635538,0.8059174376280998,-0.0012335987439722196,-0.0012343602532317842
2023-03-29,89.07,93.0,88.86,91.25,4670155.353,2023-03-29 23:59:59.999,425983294.26944,605440,2344504.9,213841108.64751,0,2023-03-29,66.74937965260547,83.9475,7.288777151783615,1.0018827366965146,0.024590163934426146,0.024292692569044483
2023-03-30,91.26,93.3,86.45,89.02,5508665.218,2023-03-30 23:59:59.999,493949113.51263,708015,2601378.632,233392678.56458,0,2023-03-30,61.554145899410976,84.8305,6.732054097254688,0.6223212023368115,-0.024438356164383612,-0.024741928874892672
2023-03-31,89.01,90.24,87.18,89.54,3450177.175,2023-03-31 23:59:59.999,307582344.82956,472516,1708829.618,152363352.0116,0,2023-03-31,55.35385424888189,85.8495,5.69828272838186,0.6476512619527376,0.005841383958661073,0.005824389225111307
2023-04-01,89.54,94.31,89.32,92.51,4851289.031,2023-04-01 23:59:59.999,449986803.30274,664982,2512580.679,233050266.97143,0,2023-04-01,62.331256490135004,86.65950000000001,5.415262519752747,1.08037236951296,0.033169533169533194,0.03263129397040778
2023-04-02,92.5,94.58,90.26,92.75,5218556.255,2023-04-02 23:59:59.999,484704435.37302,701242,2592987.077,240954459.27381,0,2023-04-02,61.603598835670816,87.2225,5.434816488447655,1.0170536598152593,0.002594314128202324,0.0025909547043172576
2023-04-03,92.75,95.87,89.25,92.93,6531373.154,2023-04-03 23:59:59.999,603433049.55858,904061,3236475.871,299231560.3812,0,2023-04-03,73.2438339057134,87.6705,5.521203601613629,0.9526002624614059,0.0019407008086254063,0.0019388200817034957
2023-04-04,92.93,94.06,91.53,92.51,3176422.549,2023-04-04 23:59:59.999,294834410.33769,479519,1554661.697,144351063.60173,0,2023-04-04,67.93865905848789,88.476,4.934359020917927,0.8175327297626533,-0.004519530829656726,-0.0045297747860207115
2023-04-05,92.51,95.09,91.0,92.57,4160714.52,2023-04-05 23:59:59.999,388093602.64033,598418,1985105.088,185295472.13838,0,2023-04-05,61.43286143286144,89.1635,4.452553702498208,0.7650665724904562,0.00064857853205047,0.000648368295892546
2023-04-06,92.57,92.61,89.7,90.92,2643597.319,2023-04-06 23:59:59.999,240957850.52785,410296,1246741.988,113662335.78886,0,2023-04-06,42.91845493562231,89.436,4.380805501509031,0.3387504876646109,-0.017824349141190354,-0.01798511609477734
2023-04-07,90.92,91.44,89.01,90.56,1880558.91,2023-04-07 23:59:59.999,169726594.43235,299212,897919.779,81065460.64839,0,2023-04-07,42.216358839050116,89.8135,4.115167420006591,0.18140209712264924,-0.003959524857017116,-0.0039673845294696105
2023-04-08,90.57,91.43,89.19,89.86,1229200.599,2023-04-08 23:59:59.999,111044225.24629,209883,576744.901,52116069.30385,0,2023-04-08,45.532157085941925,90.1075,3.8797800737928103,-0.06379227566836031,-0.0077296819787986415,-0.007759710812858968
2023-04-09,89.85,91.0,89.07,90.52,1666354.241,2023-04-09 23:59:59.999,150142304.44328,270247,816744.728,73596119.89983,0,2023-04-09,41.61073825503355,90.73150000000001,2.643355672336576,-0.08001193415378005,0.007344758513242677,0.007317917123322592
2023-04-10,90.51,94.5,89.8,93.75,3262215.192,2023-04-10 23:59:59.999,300922002.21979,468619,1712922.614,158094150.55123,0,2023-04-10,64.75515463917526,91.29650000000001,1.8764868490572846,1.307496506694192,0.035682722050375704,0.035060844085183666
2023-04-11,93.75,97.0,93.13,94.17,4697831.353,2023-04-11 23:59:59.999,447002827.57616,633387,2309311.664,219804819.66202,0,2023-04-11,66.14024005053696,91.643,1.7214348360263907,1.4679614627952495,0.0044800000000000395,0.004469994671451719
2023-04-12,94.17,94.63,90.76,92.03,4438141.242,2023-04-12 23:59:59.999,408696071.20244,592274,2077602.262,191370038.49276,0,2023-04-12,52.47148288973384,91.5665,1.6648258166992438,0.2784075038666517,-0.022724859297016065,-0.02298704867120639
2023-04-13,92.04,94.55,91.61,94.14,2455758.658,2023-04-13 23:59:59.999,229698607.55866,372597,1222980.379,114403085.14805,0,2023-04-13,66.34738186462326,91.598,1.7089103946054138,1.4874975352858963,0.022927306313158757,0.02266842512223071
2023-04-14,94.14,99.38,93.6,96.36,5375953.722,2023-04-14 23:59:59.999,519163719.10069,777259,2670312.158,258028542.31811,0,2023-04-14,69.64285714285714,91.84450000000001,2.0120727071594304,2.2442031960041864,0.02358189929891652,0.023308141773674403
2023-04-15,96.36,97.4,94.68,96.73,1956367.546,2023-04-15 23:59:59.999,188067312.96608,327387,944536.119,90812596.21258,0,2023-04-15,64.29539295392954,92.0175,2.2729273380729023,2.073317488448835,0.0038397675383976537,0.0038324144477849963
2023-04-16,96.74,102.3,95.11,100.11,5416128.408,2023-04-16 23:59:59.999,537384469.5442,776345,2689894.694,266943994.46965,0,2023-04-16,70.5586592178771,92.5645,2.805576167479329,2.6894653894851346,0.03494262379820112,0.034345989236936644
2023-04-17,100.11,100.42,97.31,98.9,4085769.94,2023-04-17 23:59:59.999,403867129.52274,582351,1973240.004,195095165.47468,0,2023-04-17,65.76862123613313,93.0565,3.013737450575624,1.9389545691459942,-0.01208670462491257,-0.012160342802725875
2023-04-18,98.91,103.58,97.59,101.94,4958014.803,2023-04-18 23:59:59.999,502656707.05474,694172,2488066.439,252295872.20687,0,2023-04-18,71.87935034802786,93.591,3.572622359873152,2.3369388530324375,0.03073811931243675,0.030275166283229175
2023-04-19,101.93,101.96,86.45,90.43,6030015.271,2023-04-19 23:59:59.999,573059455.69533,912813,2730181.236,259551824.49542,0,2023-04-19,46.75757575757577,93.6615,3.4906450542395038,-0.9257601245005513,-0.1129095546399842,-0.11980833415950676
2023-04-20,90.42,92.43,87.1,90.18,5658825.042,2023-04-20 23:59:59.999,509245459.04741,809728,2729885.99,245692239.10119,0,2023-04-20,48.82911392405064,93.6935,3.4536102772777233,-1.017341193103432,-0.002764569280106155,-0.002768397759450648
2023-04-21,90.18,90.88,83.5,85.29,5156765.004,2023-04-21 23:59:59.999,455567090.77104,745897,2471435.467,218493012.13014,0,2023-04-21,42.706891779684476,93.33250000000001,3.928524398208319,-2.0472063260362963,-0.05422488356620092,-0.05575045866192001
2023-04-22,85.28,87.09,84.71,86.95,2117815.219,2023-04-22 23:59:59.999,182299905.47112,319730,1080667.742,93036368.19491,0,2023-04-22,46.0771097330817,93.0425,4.1798248200451145,-1.457596971715729,0.019463008559033934,0.01927602646927398
2023-04-23,86.95,87.06,84.02,86.72,2278884.911,2023-04-23 23:59:59.999,196125597.76566,362846,1088123.564,93664221.14009,0,2023-04-23,44.817239498090565,92.732,4.4127859680647505,-1.3624046222746202,-0.0026451983898793108,-0.0026487031089560287
2023-04-24,86.72,88.98,85.81,88.25,3878724.332,2023-04-24 23:59:59.999,339579342.20385,573455,1938539.402,169760107.30312,0,2023-04-24,42.13386727688787,92.519,4.525440251912869,-0.9433336343785628,0.017642988929889247,0.01748915812207002
2023-04-25,88.26,91.75,87.12,90.98,5249296.98,2023-04-25 23:59:59.999,469004953.45516,743772,2668135.049,238444356.18361,0,2023-04-25,45.720418567212235,92.43950000000001,4.538444522538472,-0.32158595147565416,0.030934844192634703,0.030466006328452016
2023-04-26,90.98,93.9,84.0,88.07,6608338.558,2023-04-26 23:59:59.999,593191139.03619,973978,3214539.34,288634052.21195,0,2023-04-26,44.794952681388,92.297,4.632434962755479,-0.9124790815164919,-0.031985051659705555,-0.032507749324490035
2023-04-27,88.07,90.68,87.0,89.7,4484531.651,2023-04-27 23:59:59.999,399464449.55329,727052,2218725.686,197689803.11371,0,2023-04-27,44.08945686900959,92.254,4.653351254170013,-0.548851754466479,0.018508004996026006,0.01833881624738243
2023-04-28,89.7,90.35,87.58,89.58,2846422.415,2023-04-28 23:59:59.999,253915066.53445,572723,1404568.277,125322511.96927,0,2023-04-28,40.43993231810491,92.24,4.661347218850535,-0.5706504740180971,-0.0013377926421405117,-0.0013386882855964594
2023-04-29,89.58,91.63,89.16,91.04,2037960.882,2023-04-29 23:59:59.999,183972421.24499,408106,1020606.959,92154212.41557,0,2023-04-29,42.21614227086184,92.26599999999999,4.652690675970689,-0.2635034403494286,0.016298280866264836,0.016166889598866818
2023-04-30,91.05,91.35,87.69,88.17,2472586.759,2023-04-30 23:59:59.999,222268724.81308,460275,1189075.83,106930945.71443,0,2023-04-30,33.435072142064385,91.987,4.725748172450819,-0.8077027934437013,-0.03152460456942008,-0.03203220127908516
2023-05-01,88.18,88.83,85.05,86.71,2910720.103,2023-05-01 23:59:59.999,253020872.2819,500505,1388627.391,120711031.06953,0,2023-05-01,33.20473959768532,91.614,4.83746279734922,-1.0137545662753729,-0.01655892026766481,-0.016697551709866663
2023-05-02,86.7,89.15,85.96,88.16,3049928.654,2023-05-02 23:59:59.999,268191729.98879,530811,1554331.576,136688054.60445,0,2023-05-02,30.144092219020195,91.42049999999999,4.896981320423806,-0.6658183453552189,0.01672240802675584,0.01658412801553526
2023-05-03,88.17,89.84,85.3,88.84,3904714.332,2023-05-03 23:59:59.999,340879923.71565,671699,1937649.282,169422132.85487,0,2023-05-03,46.66945957268538,91.1555,4.885461218322929,-0.47395729830291444,0.007713248638838488,0.0076836536216223494
2023-05-04,88.85,89.11,87.35,88.33,1960705.796,2023-05-04 23:59:59.999,172861578.07009,410727,976912.879,86146344.21714,0,2023-05-04,46.166597596353085,90.75399999999999,4.763675493825526,-0.5088507819522715,-0.00574065736154894,-0.005757198269185933
2023-05-05,88.34,89.68,86.0,88.57,3015102.504,2023-05-05 23:59:59.999,265889523.06445,506596,1489743.222,131434481.12416,0,2023-05-05,58.41889117043115,90.34599999999999,4.570428288113634,-0.38858502705728043,0.002717083663534403,0.0027133990644507113
2023-05-06,88.57,89.31,80.45,83.22,4881556.358,2023-05-06 23:59:59.999,412529655.78296,672457,2290601.442,193442626.96271,0,2023-05-06,41.95079844626674,89.5015,4.218181542591818,-1.4891488041883545,-0.06040420006774294,-0.06230549626669631
2023-05-07,83.23,84.68,82.88,83.37,2679060.228,2023-05-07 23:59:59.999,224217637.62328,492418,1309194.377,109575158.69167,0,2023-05-07,42.74577739281077,88.725,3.806314006454973,-1.4068728935444272,0.0018024513338139592,0.0018008288677267919
2023-05-08,83.37,85.2,75.0,77.67,6355675.825,2023-05-08 23:59:59.999,508352604.31995,880389,3040026.943,243330616.42707,0,2023-05-08,30.594277329420436,87.5115,3.190426922421705,-3.0846968883179344,-0.06836991723641606,-0.07081944999096616
2023-05-09,77.68,80.09,77.26,79.88,3634782.354,2023-05-09 23:59:59.999,286239705.89997,586046,1808765.944,142458957.57653,0,2023-05-09,29.244577412116712,86.98400000000001,3.5359408782785398,-2.0090833655167253,0.028453714432856936,0.028056426116058485
2023-05-10,79.88,82.02,77.0,80.88,5124232.821,2023-05-10 23:59:59.999,411127707.19669,736536,2510531.284,201463683.06064,0,2023-05-10,35.52154651631095,86.51899999999999,3.701170369654324,-1.5235721236271158,0.012518778167250888,0.01244106616460152
2023-05-11,80.89,81.94,78.24,80.83,5649487.133,2023-05-11 23:59:59.999,453867632.86786,797870,2804029.134,225330606.5709,0,2023-05-11,30.92473118279571,86.296,3.9077135595001935,-1.398771920401229,-0.0006181998021760338,-0.0006183909664629486
2023-05-12,80.83,81.46,77.0,80.41,5059912.247,2023-05-12 23:59:59.999,400168989.19163,693578,2507850.645,198391931.99505,0,2023-05-12,30.530785562632715,85.969,4.118079393926292,-1.3499011233729252,-0.005196090560435462,-0.005209637185695298
2023-05-13,80.4,81.05,79.65,80.21,2065313.618,2023-05-13 23:59:59.999,166067610.05107,368690,1032146.062,82997975.9514,0,2023-05-13,25.706594885598918,85.64349999999999,4.308474238416788,-1.2611192963745361,-0.0024872528292501084,-0.002490351181224513
2023-05-14,80.21,83.96,79.5,83.43,3243475.645,2023-05-14 23:59:59.999,265767428.58117,481287,1680061.831,137675827.74904,0,2023-05-14,39.531802120141364,85.4025,4.289768580427996,-0.4598150140311759,0.040144620371525,0.03935976153515023
2023-05-15,83.42,88.5,82.05,86.88,7557795.625,2023-05-15 23:59:59.999,654299562.13401,935446,3750699.913,324661959.75321,0,2023-05-15,50.345107592367036,85.19749999999999,4.1031064932170205,0.4100551625412112,0.041352031643293596,0.040519899271641964
2023-05-16,86.88,90.5,86.1,89.96,8437913.545,2023-05-16 23:59:59.999,748398478.2898,1041807,4240537.516,376199492.55602,0,2023-05-16,53.427265803503424,85.292,4.193514541583138,1.1131474455881405,0.035451197053407046,0.03483727090548967
2023-05-17,89.96,94.99,89.51,93.83,11199818.761,2023-05-17 23:59:59.999,1035886274.80434,1389399,5704712.635,527727391.06272,0,2023-05-17,58.471986417657035,85.49849999999999,4.511621572169968,1.846675273341416,0.04301911960871507,0.04211950721084345
2023-05-18,93.82,94.19,89.13,90.41,6775362.62,2023-05-18 23:59:59.999,622677153.65061,869853,3299410.62,303220051.48495,0,2023-05-18,53.21384425216316,85.53999999999999,4.554752289751416,1.0692129209656303,-0.03644889694127684,-0.037129753552683296
2023-05-19,90.4,93.26,90.21,91.7,5476833.318,2023-05-19 23:59:59.999,502993415.63737,758941,2744843.44,252106990.91358,0,2023-05-19,54.68422627955703,85.57300000000001,4.598875262947854,1.3322822754867722,0.014268333148988122,0.014167498513144276
2023-05-20,91.71,92.75,90.39,92.34,2382362.376,2023-05-20 23:59:59.999,218065059.93036,405764,1170546.478,107174054.46728,0,2023-05-20,65.88850174216027,85.7815,4.812384544063718,1.3628378904362908,0.006979280261723009,0.006955037816423692
2023-05-21,92.35,93.47,91.06,92.12,3280841.226,2023-05-21 23:59:59.999,302747280.00397,519647,1616154.656,149158431.8916,0,2023-05-21,65.20681265206812,86.05199999999999,5.0150978371047845,1.2099464850127566,-0.0023824994585228687,-0.002385342126358429
2023-05-22,92.12,92.77,89.72,90.79,3693708.439,2023-05-22 23:59:59.999,336465573.00384,536482,1790748.041,163152771.98142,0,2023-05-22,76.88524590163935,86.18350000000001,5.106920253306091,0.9020113437287111,-0.014437689969604817,-0.014542927568818581
2023-05-23,90.79,93.09,90.3,91.66,3089812.752,2023-05-23 23:59:59.999,283202562.37283,484951,1533923.084,140634443.91221,0,2023-05-23,75.54206418039897,86.3245,5.221763641362911,1.0217812153993624,0.009582553144619421,0.00953693169731215
2023-05-24,91.67,91.85,84.1,85.77,7326096.043,2023-05-24 23:59:59.999,636528089.95744,967124,3450003.168,299616831.75557,0,2023-05-24,58.74776386404294,86.1965,5.201352329209715,-0.08199790612238839,-0.06425921885228014,-0.06641678407864784
2023-05-25,85.78,86.73,82.47,86.53,4715755.613,2023-05-25 23:59:59.999,398978853.73381,654304,2360796.217,199828990.07207,0,2023-05-25,59.94417306350314,86.09450000000001,5.172278816714968,0.08419886387265302,0.00886090707706666,0.008821879616317413
2023-05-26,86.53,88.2,86.0,87.04,4682253.062,2023-05-26 23:59:59.999,407944148.35204,567113,2357220.175,205422261.38467,0,2023-05-26,61.53043478260871,86.2855,5.1309099172457895,0.14704994088163875,0.005893909626719207,0.005876608488985191
2023-05-27,87.04,88.79,86.84,88.5,2215515.742,2023-05-27 23:59:59.999,194805105.13894,305668,1129483.759,99318826.89239,0,2023-05-27,63.81206264578475,86.542,5.105654862884038,0.38349634916254016,0.016773897058823373,0.016634768906251183
2023-05-28,88.5,92.34,88.08,91.43,4010798.52,2023-05-28 23:59:59.999,360988356.04073,537050,2086885.211,187895003.54904,0,2023-05-28,63.45895020188425,87.23,4.762793298049441,0.8818354560379672,0.03310734463276854,0.03257110016245154
2023-05-29,91.43,92.16,90.11,90.85,3332056.313,2023-05-29 23:59:59.999,303692000.28175,419781,1661309.351,151434062.82601,0,2023-05-29,57.392923649906884,87.7785,4.4959903481292605,0.6831642779833864,-0.006343650880455076,-0.006363857334155087
2023-05-30,90.85,93.3,90.5,92.19,3713520.532,2023-05-30 23:59:59.999,341447804.15323,485255,1867904.991,171781068.73489,0,2023-05-30,54.44046196734369,88.34400000000001,4.289159407272978,0.8966791939414659,0.014749587231700723,0.014641869968322903
2023-05-31,92.18,92.66,87.53,90.39,4193385.5,2023-05-31 23:59:59.999,375795828.81228,550640,1962267.212,175878483.53052,0,2023-05-31,42.534722222222236,88.82199999999999,3.924934595492445,0.3994971029073369,-0.019524894240156132,-0.01971802300018335
2023-06-01,90.38,95.96,89.12,94.14,9569194.47,2023-06-01 23:59:59.999,891947042.97374,1129919,4858573.248,452902886.9933,0,2023-06-01,57.980316645271714,89.5085,3.559944226344497,1.3010035285737678,0.041486890142715005,0.040649394162676766
2023-06-02,94.14,95.67,92.54,95.42,5229899.526,2023-06-02 23:59:59.999,494190382.32847,669198,2569143.363,242860936.17479,0,2023-06-02,57.96232876712328,90.269,3.058270753211254,1.6842851453198933,0.013596770766942878,0.013505164114964751
2023-06-03,95.43,97.56,94.11,96.02,4141008.411,2023-06-03 23:59:59.999,397822928.11878,548102,2083613.431,200178076.07809,0,2023-06-03,57.890222984562584,90.8985,2.8661734530739347,1.786877201903902,0.006287989939216088,0.006268303014833335
2023-06-04,96.03,96.45,93.61,94.16,3630234.242,2023-06-04 23:59:59.999,346450148.00941,513017,1756201.264,167667941.8787,0,2023-06-04,54.086538461538446,91.2625,2.7902383882217068,1.0384417375343502,-0.019370964382420364,-0.019561040150773052
2023-06-05,94.15,94.55,83.16,87.66,8680343.112,2023-06-05 23:59:59.999,779130151.66756,1030538,4087538.5,367032787.39124,0,2023-06-05,44.80584135413208,91.14750000000001,2.8922780586190413,-1.2057969286898949,-0.06903143585386573,-0.07152976796135813
2023-06-06,87.66,91.45,85.55,90.88,6268158.501,2023-06-06 23:59:59.999,554120732.97632,788323,3129691.406,276883174.4215,0,2023-06-06,48.79926108374384,91.0,2.822660186112339,-0.04251308768601049,0.03673283139402228,0.03607425998217803
2023-06-07,90.88,91.3,87.37,88.8,5788879.696,2023-06-07 23:59:59.999,516716061.06393,798354,2777016.708,247903734.09556,0,2023-06-07,55.28426927101499,90.9195,2.8630412152024443,-0.7402967127213128,-0.022887323943661997,-0.023153304974716866
2023-06-08,88.79,89.5,87.06,88.42,3437799.89,2023-06-08 23:59:59.999,303357170.56316,542362,1689423.792,149097468.27411,0,2023-06-08,53.34040296924708,90.7555,2.909544140447246,-0.8027030652440936,-0.00427927927927918,-0.004288461600027134
2023-06-09,88.43,89.93,86.35,89.26,3813473.881,2023-06-09 23:59:59.999,338066832.07009,565393,1860276.577,164962683.47235,0,2023-06-09,53.878406708595385,90.6015,2.902766874253495,-0.46214527659751875,0.009500113096584606,0.009455270803026824
2023-06-10,89.26,89.3,72.53,77.09,13560806.359,2023-06-10 23:59:59.999,1065816037.27626,1625847,6346305.78,498576682.23268,0,2023-06-10,35.49453343503687,89.85,4.161571059606876,-3.0661497346161783,-0.13634326686085596,-0.14657988872995306
2023-06-11,77.09,78.98,76.09,77.63,4564154.368,2023-06-11 23:59:59.999,354546646.8447,596647,2245475.736,174443364.06057,0,2023-06-11,31.321061180292347,89.192,4.967474842989734,-2.3275407255089933,0.007004799584900745,0.0069803799464181315
2023-06-12,77.63,77.86,75.0,77.45,5183605.25,2023-06-12 23:59:59.999,397285078.48822,591956,2525289.369,193564907.12945,0,2023-06-12,31.663929939792013,88.4815,5.574980080205008,-1.9787514648113924,-0.002318691227618075,-0.00232138355471122
2023-06-13,77.44,79.81,76.21,77.45,5054705.476,2023-06-13 23:59:59.999,393941969.92035,567203,2453753.345,191276114.898,0,2023-06-13,29.062499999999986,88.0655,6.075872451967455,-1.7471564921614748,0.0,0.0
2023-06-14,77.45,78.12,70.21,73.09,5645475.951,2023-06-14 23:59:59.999,424961802.90671,648983,2699623.424,203382136.31487,0,2023-06-14,27.092161016949134,87.39349999999999,6.936874978953351,-2.061951533420619,-0.056294383473208476,-0.05794100837057725
2023-06-15,73.09,75.12,72.02,74.56,4413468.44,2023-06-15 23:59:59.999,324436036.61838,534875,2192164.5,161196953.60876,0,2023-06-15,22.406989853438546,86.7695,7.508138373927958,-1.6261687507515221,0.02011219045013002,0.019912611885035444
2023-06-16,74.56,76.89,74.04,76.09,4170724.897,2023-06-16 23:59:59.999,314544500.29752,460889,2066876.493,155885516.50914,0,2023-06-16,22.94990204310102,86.149,7.86205872328392,-1.27943587729887,0.020520386266094537,0.02031267981109575
2023-06-17,76.09,77.89,75.67,76.81,2490966.25,2023-06-17 23:59:59.999,191796938.53907,326396,1233794.017,95001121.50084,0,2023-06-17,23.20781032078102,85.41799999999999,8.023216706267664,-1.0728863889810552,0.009462478643711414,0.009417989822159209
2023-06-18,76.81,78.44,76.13,77.14,2668986.696,2023-06-18 23:59:59.999,206373374.38449,343695,1333098.185,103085659.08779,0,2023-06-18,25.203962703962702,84.7325,8.119789260290034,-0.9350612136119407,0.004296315583908417,0.0042871127694912355
2023-06-19,77.15,77.8,76.01,77.43,2696976.014,2023-06-19 23:59:59.999,207619571.71657,347053,1303002.52,100308349.46424,0,2023-06-19,31.803628601921034,83.99449999999999,8.076958439383027,-0.8127440606839896,0.00375939849624074,0.0037523496185505934
2023-06-20,77.43,80.92,75.65,80.3,5083983.257,2023-06-20 23:59:59.999,398160659.90952,564718,2556858.097,200331192.1289,0,2023-06-20,30.943804034582115,83.49000000000001,7.9708825371469345,-0.40020662519282685,0.03706573679452396,0.03639531855408368
2023-06-21,80.3,87.38,79.95,84.98,9238080.66,2023-06-21 23:59:59.999,777873052.49996,957510,4633605.404,390131201.94609,0,2023-06-21,43.708827404479585,83.03200000000001,7.580330224715172,0.2569808889919685,0.05828144458281459,0.056646313733949655
2023-06-22,84.99,88.84,84.1,85.89,6532484.998,2023-06-22 23:59:59.999,564279794.14691,684757,3185384.313,275174036.44704,0,2023-06-22,45.904823567497566,82.5555,7.040975167952939,0.4735849680562732,0.010708401976935678,0.010651473091467795
2023-06-23,85.88,93.19,84.95,91.26,8838296.326,2023-06-23 23:59:59.999,784779311.72947,937333,4432769.678,393697588.22825,0,2023-06-23,52.82326369282892,82.3175,6.63036862910615,1.348718374532603,0.06252183024799174,0.06064516772112323
2023-06-24,91.26,93.83,86.28,89.69,6671967.802,2023-06-24 23:59:59.999,601135820.24522,766917,3209018.922,289313140.94934,0,2023-06-24,75.38275584206285,82.09400000000001,6.276035792050418,1.2103181453524392,-0.017203594126671162,-0.01735329536934488
2023-06-25,89.68,90.48,86.57,88.15,4463651.853,2023-06-25 23:59:59.999,395951753.08782,545480,2161723.237,191809628.60544,0,2023-06-25,70.37180480247872,82.11850000000001,6.299818940584768,0.9574084679075129,-0.01717025309399034,-0.017319371286032417
2023-06-26,88.15,90.35,85.58,87.18,5215177.485,2023-06-26 23:59:59.999,457465439.44341,653817,2545674.97,223389090.31133,0,2023-06-26,68.28260052611802,81.93350000000001,6.079460913595867,0.8629877014698675,-0.01100397050482127,-0.01106496203363264
2023-06-27,87.18,89.41,86.85,88.03,3575779.439,2023-06-27 23:59:59.999,315420923.58661,449075,1757394.01,155041309.54137,0,2023-06-27,69.26438455935907,81.895,6.035970684587776,1.0164065269013136,0.009749942647396148,0.009702718662568182
2023-06-28,88.03,88.07,80.0,82.97,5400037.336,2023-06-28 23:59:59.999,458143044.72081,664812,2501288.539,212282089.79572,0,2023-06-28,67.54261363636363,81.6225,5.845919742137977,0.2305026513256898,-0.05748040440758839,-0.05919856879662091
2023-06-29,82.97,85.71,82.86,84.68,3100524.949,2023-06-29 23:59:59.999,261737286.46421,452020,1546071.985,130516357.86813,0,2023-06-29,67.81690140845072,81.3935,5.616183640529386,0.5851838562191701,0.020609858985175533,0.020400349590470646
2023-06-30,84.68,111.83,84.23,108.66,31720163.026,2023-06-30 23:59:59.999,3164002245.90725,4260887,15922778.229,1588097781.78525,0,2023-06-30,82.02556538839724,82.97200000000001,8.189844545786652,3.1365674716274605,0.28318375059045797,0.24934429485671245
2023-07-01,108.65,113.2,102.6,107.09,15771086.789,2023-07-01 23:59:59.999,1692654598.1968,2505108,7665375.169,823242187.48714,0,2023-07-01,79.28433268858801,84.44500000000001,9.690320455292387,2.3368680225257554,-0.014448739186453063,-0.01455413871059326
2023-07-02,107.09,114.95,105.02,113.63,16410197.047,2023-07-02 23:59:59.999,1811630750.0576,2702769,8195333.661,905221866.87325,0,2023-07-02,81.50578483854257,86.254,11.520070540717267,2.3763743375737607,0.061070127929778506,0.059277953517133886
2023-07-03,113.63,115.05,105.43,107.32,10279634.043,2023-07-03 23:59:59.999,1128243434.31615,1484469,4891461.708,537244124.23216,0,2023-07-03,73.37713123729078,87.7475,12.232793662504855,1.6000024638682753,-0.05553110974214559,-0.05713253037249436
2023-07-04,107.31,109.64,103.0,104.31,7749560.481,2023-07-04 23:59:59.999,828852676.03682,1046575,3720525.258,398232614.48822,0,2023-07-04,68.7373185578274,89.30850000000001,12.25587561560617,1.224025150915994,-0.028046962355572025,-0.028447790869543566
2023-07-05,104.32,106.67,98.55,102.56,10805394.152,2023-07-05 23:59:59.999,1110185645.87695,1417842,5196269.035,534215584.34129,0,2023-07-05,64.37684003925418,90.7085,12.080448002757036,0.9810480536231121,-0.016776914965008105,-0.01691924151551977
2023-07-06,102.56,105.95,95.11,95.21,13664802.035,2023-07-06 23:59:59.999,1376816349.38182,1696005,6465672.082,651887364.17135,0,2023-07-06,56.895531222255094,91.6645,11.61009428086074,0.3053808103733277,-0.07166536661466472,-0.07436301487476003
2023-07-07,95.21,98.57,93.8,98.15,7334610.147,2023-07-07 23:59:59.999,709725987.70866,960122,3631393.753,351512030.27978,0,2023-07-07,55.28779739063699,92.73150000000001,11.144333596753974,0.4862112169343395,0.030879109337254684,0.030411942424870247
2023-07-08,98.16,98.46,96.49,97.75,3655203.532,2023-07-08 23:59:59.999,356439086.55679,454803,1766473.222,172265951.14036,0,2023-07-08,56.298843388558936,93.762,10.564536306358738,0.37748935536334366,-0.004075394803871646,-0.0040837218569949405
2023-07-09,97.76,98.37,93.85,95.06,3805901.583,2023-07-09 23:59:59.999,367469448.05029,468158,1834820.448,177279833.99858,0,2023-07-09,55.3047750652541,94.6435,9.840808842984515,0.04232375678112281,-0.027519181585677677,-0.027904927679611703
2023-07-10,95.06,97.78,91.2,96.66,9019013.327,2023-07-10 23:59:59.999,852842999.53432,1038705,4424346.152,418437767.94474,0,2023-07-10,57.20802919708028,95.4615,9.247863636649155,0.12959749917271238,0.016831474857984308,0.01669139523107452
2023-07-11,96.67,98.31,95.45,96.71,5724642.872,2023-07-11 23:59:59.999,555307071.14325,668695,2854494.02,276937265.92909,0,2023-07-11,56.681034482758605,96.04799999999999,8.914074973407615,0.07426457618708372,0.0005172770535899485,0.0005171433119338688
2023-07-12,96.71,97.84,94.1,96.15,5910097.363,2023-07-12 23:59:59.999,568935563.2304,687614,2855386.133,274910721.90889,0,2023-07-12,60.8997684419451,96.561,8.587984200703474,-0.04785756359057284,-0.005790507703443137,-0.005807337694082949
2023-07-13,96.16,104.42,95.54,101.85,15965698.185,2023-07-13 23:59:59.999,1609369824.78751,1752924,8017428.421,808205245.19621,0,2023-07-13,63.32040341349884,97.09049999999999,8.570394251814381,0.5553420134659967,0.05928237129485159,0.057591670638025894
2023-07-14,101.85,103.68,91.24,95.06,12544117.101,2023-07-14 23:59:59.999,1232386041.72454,1473177,5973285.946,587255608.81358,0,2023-07-14,35.61151079136691,97.35900000000001,8.408940042094084,-0.273399499638659,-0.06666666666666654,-0.06899287148695131
2023-07-15,95.07,95.76,93.59,94.74,3971905.108,2023-07-15 23:59:59.999,376191341.48334,511250,1931365.613,182957887.89563,0,2023-07-15,36.57900456422516,97.6885,8.15435710137818,-0.36158583237686265,-0.003366294971597017,-0.0033719736902577814
2023-07-16,94.73,95.34,91.72,92.84,4131172.299,2023-07-16 23:59:59.999,389097055.50366,524378,1956631.799,184345625.09154,0,2023-07-16,24.8730964467005,97.9715,7.863489432344048,-0.6525728869035106,-0.020054887059320126,-0.02025871608936931
2023-07-17,92.83,93.56,89.12,92.16,7362735.481,2023-07-17 23:59:59.999,673983711.6324,862112,3541667.104,324280504.96534,0,2023-07-17,28.791270285394518,98.17800000000001,7.639723472534673,-0.7877248465386392,-0.007324429125377119,-0.007351384458655309
2023-07-18,92.16,92.93,89.2,91.5,4869614.582,2023-07-18 23:59:59.999,443919959.05971,603197,2362234.894,215388791.67785,0,2023-07-18,30.81761006289308,98.6045,6.953289622826229,-1.0217465955505982,-0.007161458333333259,-0.007187224666105403
2023-07-19,91.5,94.23,91.33,91.97,5276488.128,2023-07-19 23:59:59.999,489401071.18528,645673,2564806.668,237912896.8328,0,2023-07-19,33.50981002802864,98.96900000000001,6.349820469899597,-1.1022358873259102,0.005136612021857889,0.005123464633130569
2023-07-20,91.96,94.95,91.28,92.32,5548520.088,2023-07-20 23:59:59.999,515696737.44889,692725,2701801.787,251121627.75201,0,2023-07-20,44.245320589406596,98.152,6.082884184328607,-0.9587557190427932,0.0038055887789496534,0.003798365845183193
2023-07-21,92.33,94.75,91.62,94.03,4918047.057,2023-07-21 23:59:59.999,457824152.85171,547543,2440992.767,227246521.44975,0,2023-07-21,41.37353433835844,97.499,5.765610297723701,-0.60167091094755,0.01852253032928952,0.018353077529196196
2023-07-22,94.03,96.47,91.0,92.05,4516842.705,2023-07-22 23:59:59.999,424086022.76162,535403,2145351.821,201519259.21068,0,2023-07-22,38.80597014925371,96.41999999999999,4.459175047608749,-0.9800018957191243,-0.021057109433159638,-0.02128197260989868
2023-07-23,92.05,93.62,91.45,93.11,3291803.482,2023-07-23 23:59:59.999,304631964.02018,386525,1630087.666,150856186.13712,0,2023-07-23,45.90851867394041,95.7095,3.698153842399997,-0.7029182967447899,0.011515480717001703,0.011449682221351634
2023-07-24,93.1,93.41,86.84,89.09,5917401.664,2023-07-24 23:59:59.999,532726820.29046,676271,2757654.165,248270666.46862,0,2023-07-24,35.58095238095238,94.9485,3.3881935491154556,-1.7290924839667001,-0.04317473955536455,-0.04413449516788594
2023-07-25,89.09,90.18,88.48,89.41,3831266.943,2023-07-25 23:59:59.999,342007561.54449,403103,1857122.244,165814126.85498,0,2023-07-25,36.236802413273,94.29100000000001,3.0967825408339946,-1.5761520015175208,0.0035918733864630514,0.003585438014674211
2023-07-26,89.4,91.15,88.4,90.58,4570334.297,2023-07-26 23:59:59.999,409574740.03475,486738,2280239.745,204402232.41407,0,2023-07-26,39.73461113158863,94.0595,3.1959373470496315,-1.0887259736841037,0.01308578458785381,0.013000905380841215
2023-07-27,90.58,91.93,89.57,90.56,4004546.632,2023-07-27 23:59:59.999,363806271.95557,456656,1933154.448,175647116.81509,0,2023-07-27,23.682983682983675,93.67999999999999,3.134697164917196,-0.9953114562128383,-0.00022079929344220872,-0.00022082367319495517
2023-07-28,90.55,91.99,90.47,91.39,3658688.155,2023-07-28 23:59:59.999,333714209.95487,390343,1787641.116,163060738.56612,0,2023-07-28,38.15364751452549,93.362,3.0206039828158096,-0.6528495662518773,0.009165194346289818,0.009123448829237534
2023-07-29,91.39,94.86,90.79,94.28,3674170.334,2023-07-29 23:59:59.999,339329784.48424,393744,1874691.793,173205485.39781,0,2023-07-29,48.726467331118506,93.32300000000001,3.002507899100448,0.31873354947266286,0.031622715833242054,0.03113301478382
2023-07-30,94.27,96.2,90.34,93.97,10608094.588,2023-07-30 23:59:59.999,999056624.23211,1016882,5198953.255,489876341.11698,0,2023-07-30,53.43047965998784,93.1885,2.903783874434115,0.2691315999377852,-0.003288078065337263,-0.003293495672956724
2023-07-31,93.96,95.06,91.02,92.21,6230918.003,2023-07-31 23:59:59.999,579232700.98612,657523,2968368.062,276020671.46042,0,2023-07-31,50.14245014245013,92.9635,2.7886164745362434,-0.2702056761410018,-0.018729381717569438,-0.018906997843923738
2023-08-01,92.22,94.11,87.61,93.91,10210644.729,2023-08-01 23:59:59.999,938750780.7944,1057167,5024206.887,462149291.90848,0,2023-08-01,56.48197955890262,92.8515,2.697391088470504,0.3924162145134817,0.01843617828868882,0.018268292265472302
2023-08-02,93.92,94.64,85.2,87.48,13843355.738,2023-08-02 23:59:59.999,1241413118.26609,1349210,6609390.299,592713729.09478,0,2023-08-02,40.85539714867618,92.13300000000001,1.997335330133988,-2.329603812539513,-0.06846981152166964,-0.07092668100795509
2023-08-03,87.48,88.35,80.15,82.5,10268625.208,2023-08-03 23:59:59.999,876920475.14326,980870,4867330.876,416085399.26467,0,2023-08-03,33.173406442769036,91.505,2.8297042806161956,-3.182311332560542,-0.0569272976680385,-0.05861190246793189
2023-08-04,82.51,83.88,80.68,82.18,8329355.581,2023-08-04 23:59:59.999,688421316.2757,775664,4066359.293,336144775.89777,0,2023-08-04,28.679381072328184,90.877,3.4085034530452165,-2.5515596858879332,-0.003878787878787815,-0.0038863298853715417
2023-08-05,82.18,83.4,81.29,83.06,3853660.963,2023-08-05 23:59:59.999,317759307.45675,415293,1943267.32,160246580.90966,0,2023-08-05,33.1584863244661,90.388,3.7920257049913806,-1.9324763517173098,0.010708201508882853,0.0106512747473437
2023-08-06,83.05,83.47,81.53,82.53,3329723.008,2023-08-06 23:59:59.999,275856151.83882,360853,1625027.92,134644862.66645,0,2023-08-06,29.7782874617737,89.9065,4.149705474640607,-1.7775960354484794,-0.006380929448591366,-0.006401374598014603
2023-08-07,82.54,83.44,78.83,82.46,5695840.031,2023-08-07 23:59:59.999,466584392.92444,583804,2849520.05,233508941.17842,0,2023-08-07,35.07429085997296,89.4545,4.4485721837045835,-1.5723022379228377,-0.0008481764206955678,-0.0008485363258389747
2023-08-08,82.47,85.43,81.68,83.81,6010850.462,2023-08-08 23:59:59.999,502498172.56726,609979,2963924.496,247811567.08223,0,2023-08-08,37.95180722891568,89.0465,4.578033679252105,-1.1438316899528487,0.016371574096531782,0.016239004832060994
2023-08-09,83.82,84.61,83.08,84.05,3107272.832,2023-08-09 23:59:59.999,260470154.35497,373925,1538687.333,128989359.28061,0,2023-08-09,35.36530703720305,88.633,4.639867398280826,-0.9877437449393709,0.0028636200930676203,0.002859527743809762
2023-08-10,84.05,84.37,82.61,83.09,2672558.035,2023-08-10 23:59:59.999,223404481.78951,320534,1293795.018,108173442.8189,0,2023-08-10,33.935483870967744,88.086,4.6149190561353635,-1.082575867361747,-0.011421772754312887,-0.011487502177734617
2023-08-11,83.1,83.69,82.62,83.54,1832420.908,2023-08-11 23:59:59.999,152344056.7187,225710,911877.031,75818194.72448,0,2023-08-11,32.83777874945345,87.6605,4.622507265651039,-0.8913993560634582,0.005415814177398115,0.005401201392139415
2023-08-12,83.54,84.0,83.21,83.44,1229229.014,2023-08-12 23:59:59.999,102777873.61101,182021,596731.325,49894980.40374,0,2023-08-12,23.007968127490045,87.17699999999999,4.527250937663504,-0.8254457399104644,-0.0011970313622218232,-0.001197748376512404
2023-08-13,83.44,83.75,80.94,81.88,2278510.303,2023-08-13 23:59:59.999,188605628.46852,300792,1069421.384,88562046.59063,0,2023-08-13,21.659634317862185,86.81649999999999,4.652240292244718,-1.0611016821786137,-0.01869606903163956,-0.018873049899428288
2023-08-14,81.87,83.08,81.44,82.06,2328257.321,2023-08-14 23:59:59.999,191429883.30568,330477,1195058.03,98268523.04105,0,2023-08-14,24.303797468354475,86.449,4.726300322322401,-0.9286333285404379,0.0021983390327309227,0.0021959262209513435
2023-08-15,82.06,82.22,76.3,79.23,4187216.515,2023-08-15 23:59:59.999,335875957.53423,451186,1942911.959,155910938.79155,0,2023-08-15,14.846743295019195,85.88149999999999,4.882989027434671,-1.3621779534275176,-0.03448696076041924,-0.03509567203688952
2023-08-16,79.23,79.58,72.45,74.53,7097079.095,2023-08-16 23:59:59.999,543170788.78202,728236,3337647.571,255572689.76605,0,2023-08-16,16.187989556135804,85.08,5.366309130505977,-1.9659694854376124,-0.0593209642812067,-0.061153286083548176
2023-08-17,74.53,75.81,55.0,64.71,11816029.032,2023-08-17 23:59:59.999,814509851.69416,1230956,5554800.169,383307551.65429,0,2023-08-17,12.922050854522737,83.746,6.83134370691778,-2.7865674480297544,-0.1317590232121294,-0.1412859798244278
2023-08-18,64.7,65.91,63.0,63.93,7862271.179,2023-08-18 23:59:59.999,508273734.89177,768276,3777190.071,244217013.19126,0,2023-08-18,12.678936605317006,82.2285,7.685702566929499,-2.380849355104617,-0.012053778395920145,-0.012127014290539124
2023-08-19,63.92,64.94,63.38,64.1,3886932.532,2023-08-19 23:59:59.999,248911755.11714,373957,1907459.924,122159858.77906,0,2023-08-19,10.067396798652084,80.73499999999999,8.170870275103399,-2.0358908463749272,0.0026591584545596625,0.0026556291479888816
2023-08-20,64.1,65.85,63.9,65.2,2898963.811,2023-08-20 23:59:59.999,187369929.24078,311278,1424505.014,92086794.78049,0,2023-08-20,14.35623200329087,79.3845,8.403266579757043,-1.6879745353038778,0.01716068642745716,0.017015105005982974
2023-08-21,65.19,67.31,64.2,66.95,8373876.911,2023-08-21 23:59:59.999,552206452.97185,727419,4175501.991,275371223.93566,0,2023-08-21,20.16160061562144,78.0365,8.107720346093606,-1.367400394531566,0.026840490797545913,0.026486603204574147
2023-08-22,66.94,67.38,61.86,64.81,6419500.249,2023-08-22 23:59:59.999,418646497.98263,555764,3154185.97,205809683.52779,0,2023-08-22,14.525765496639309,76.90299999999999,8.30038559661925,-1.4569202670446384,-0.03196415235250183,-0.03248615969755685
2023-08-23,64.8,66.75,64.02,65.59,4823809.746,2023-08-23 23:59:59.999,315345986.15129,426249,2434516.481,159174559.24398,0,2023-08-23,16.215226939970762,76.0575,8.557519854056046,-1.223193188975036,0.012035179756210379,0.01196333286601942
2023-08-24,65.59,65.85,63.84,64.83,3002182.639,2023-08-24 23:59:59.999,194909064.04187,294440,1486700.026,96531592.626,0,2023-08-24,16.33480825958705,75.19,8.780697730334982,-1.1798606805708556,-0.011587132184784354,-0.011654786118739916
2023-08-25,64.84,65.46,63.4,65.09,3375619.544,2023-08-25 23:59:59.999,217959482.55347,377872,1693207.75,109337969.66624,0,2023-08-25,15.744522836984814,74.2915,8.852116770339144,-1.0394688907439102,0.004010488971155413,0.004002468397391733
2023-08-26,65.1,65.57,64.86,64.97,1268237.403,2023-08-26 23:59:59.999,82698580.79325,169885,633151.03,41292024.40886,0,2023-08-26,15.732838589981483,73.4135,8.862811883009442,-0.9526886175014851,-0.0018436011676141728,-0.0018453026918564483
2023-08-27,64.97,65.92,64.8,65.35,1357667.616,2023-08-27 23:59:59.999,88631607.61246,187677,678390.298,44290167.877,0,2023-08-27,17.927823050058237,72.558,8.768911953146384,-0.821994796904501,0.0058488533169154255,0.0058318151777912814
2023-08-28,65.36,65.74,63.89,65.48,2860788.423,2023-08-28 23:59:59.999,185568441.12362,331810,1442803.6,93620781.42998,0,2023-08-28,17.76827371695184,71.6415,8.484269205258387,-0.7262263668132088,0.0019892884468248884,0.0019873124327032983
2023-08-29,65.48,70.71,64.56,68.82,7290585.188,2023-08-29 23:59:59.999,495371844.37372,672187,3674634.563,249572034.91885,0,2023-08-29,30.15630956919557,70.88000000000001,7.980456391112788,-0.25813060043709757,0.051007941356139064,0.04974964786639997
2023-08-30,68.82,69.0,66.19,67.61,2657591.713,2023-08-30 23:59:59.999,179383031.08895,321967,1283231.915,86621646.27147,0,2023-08-30,34.784520668425685,70.106,7.468154425709316,-0.33421911997527126,-0.017582098227259424,-0.0177384992667477
2023-08-31,67.6,68.35,63.11,63.84,4949878.789,2023-08-31 23:59:59.999,325330523.39083,490642,2389856.798,157073994.96701,0,2023-08-31,47.39364889155186,69.12100000000001,6.8789502718096545,-0.7677043431527418,-0.0557609821032391,-0.057375947961033125
2023-09-01,63.85,64.23,61.63,62.94,3679175.499,2023-09-01 23:59:59.999,232644948.56311,395855,1761943.652,111452434.54388,0,2023-09-01,47.0553242117787,68.09599999999999,6.118297320757384,-0.842718117425802,-0.014097744360902387,-0.014198061505292651
2023-09-02,62.95,64.72,62.92,64.54,1865949.023,2023-09-02 23:59:59.999,119304904.07678,266839,939484.885,60068540.90013,0,2023-09-02,51.20614035087722,67.229,5.225697535905141,-0.5145724530599401,0.02542103590721334,0.025103294987555074
2023-09-03,64.54,64.92,63.5,63.88,1724748.963,2023-09-03 23:59:59.999,110630576.31489,240924,851300.691,54607804.69826,0,2023-09-03,46.29213483146068,66.32000000000001,3.930863036337993,-0.6207288265818384,-0.010226216299969115,-0.010278863277004184
2023-09-04,63.89,64.99,62.9,63.72,2204553.492,2023-09-04 23:59:59.999,140962880.92649,274139,1083520.767,69297568.0932,0,2023-09-04,40.03701418877237,65.5445,2.5302994933875005,-0.7210608881549457,-0.00250469630557304,-0.002507838304964
2023-09-05,63.72,63.75,62.52,63.1,2276109.138,2023-09-05 23:59:59.999,143541214.20517,297819,1142725.576,72076936.3845,0,2023-09-05,44.17971409121852,64.973,1.4572869528952008,-1.2852650579756424,-0.009730069052102941,-0.009777715494680293
2023-09-06,63.1,63.96,61.34,62.84,3051531.617,2023-09-06 23:59:59.999,191623829.12522,352801,1482675.393,93123466.80014,0,2023-09-06,40.29640084685957,64.87950000000001,1.5330687319108356,-1.330338266998601,-0.0041204437400950145,-0.004128956159746992
2023-09-07,62.84,64.46,62.42,63.68,2311155.287,2023-09-07 23:59:59.999,146105451.26229,278778,1177797.493,74488506.71338,0,2023-09-07,45.96491228070176,64.86699999999999,1.5422099658827098,-0.7696747046506026,0.013367281985996016,0.013278728148707003
2023-09-08,63.68,64.21,61.45,62.56,2170467.049,2023-09-08 23:59:59.999,136289456.82262,279616,1037536.765,65163232.41438,0,2023-09-08,41.628060886829914,64.79,1.6190510540776586,-1.3773500189408117,-0.017587939698492372,-0.01774444529907184
2023-09-09,62.57,63.3,62.49,63.02,883835.115,2023-09-09 23:59:59.999,55557366.59742,135378,443429.172,27874464.61631,0,2023-09-09,43.68932038834953,64.68100000000001,1.6627874503927302,-0.9989250277344229,0.007352941176470562,0.007326040092072881
2023-09-10,63.02,63.04,59.69,61.07,3014640.347,2023-09-10 23:59:59.999,184670411.47006,375350,1437726.639,88077303.66654,0,2023-09-10,37.42655699177441,64.387,1.7576093212758914,-1.8872225811775447,-0.030942557918121283,-0.031431389094085216
2023-09-11,61.08,61.66,57.62,58.81,4620881.029,2023-09-11 23:59:59.999,276204209.40703,535237,2281434.223,136449022.91362,0,2023-09-11,32.58485639686684,64.087,2.149891306903389,-2.454542693881936,-0.03700671360733576,-0.037708838763178695
2023-09-12,58.81,61.5,58.61,59.94,4041992.735,2023-09-12 23:59:59.999,243461522.75124,456508,2048198.028,123387031.87693,0,2023-09-12,23.789846517119244,63.8045,2.3074375739799073,-1.6748015389792084,0.019214419316442743,0.019032153416652507
2023-09-13,59.94,62.71,59.55,61.95,3753832.513,2023-09-13 23:59:59.999,229824803.88719,457040,1887933.628,115571666.2519,0,2023-09-13,34.04735062006766,63.6605,2.3298282633622396,-0.7341742852460406,0.03353353353353361,0.03298354618663438
2023-09-14,61.94,63.5,61.91,62.78,3135927.929,2023-09-14 23:59:59.999,196416685.46438,383966,1580532.847,98999282.76901,0,2023-09-14,46.41891891891891,63.545,2.3124252477074974,-0.3308215047203838,0.013397901533494627,0.013308943338655916
2023-09-15,62.78,66.26,62.51,65.84,3557642.514,2023-09-15 23:59:59.999,227909046.3871,439478,1805739.193,115719653.25391,0,2023-09-15,58.5495283018868,63.588499999999996,2.348543277488223,0.9586793743941547,0.04874163746416049,0.047591004955006816
2023-09-16,65.85,67.04,64.35,65.34,2602522.157,2023-09-16 23:59:59.999,170547021.94674,343938,1273087.565,83453855.50595,0,2023-09-16,52.522068095838584,63.588,2.348149551393354,0.7461194279386482,-0.0075941676792223856,-0.007623150195890297
2023-09-17,65.34,65.37,62.3,63.52,2575756.808,2023-09-17 23:59:59.999,164490147.86167,328329,1244749.725,79489654.71003,0,2023-09-17,48.94242068155112,63.49000000000001,2.305544803733925,0.013012108873966706,-0.027854300581573344,-0.028249589234043856
2023-09-18,63.53,67.89,62.85,65.84,4760812.592,2023-09-18 23:59:59.999,313772543.63473,598667,2375532.57,156571390.80969,0,2023-09-18,55.52659019812306,63.340999999999994,2.0217863388397648,1.2360356542096835,0.03652392947103267,0.03587273942993401
2023-09-19,65.84,68.41,65.52,67.24,3552213.941,2023-09-19 23:59:59.999,238943529.39759,439772,1761054.32,118463426.12198,0,2023-09-19,60.370741482965926,63.322500000000005,1.9819683862588746,1.976570376783147,0.021263669501822458,0.021040752171600348
2023-09-20,67.23,67.83,63.16,64.5,4437545.787,2023-09-20 23:59:59.999,289653405.46013,535776,2214253.283,144517298.00521,0,2023-09-20,53.69875222816398,63.35549999999999,1.9964797308534303,0.5732590130082469,-0.04074955383700174,-0.041603084738688005
2023-09-21,64.5,64.99,62.88,64.65,2978934.767,2023-09-21 23:59:59.999,190942915.79497,394636,1395814.991,89464782.94678,0,2023-09-21,52.22988505747127,63.44100000000001,2.014285559623726,0.6002128120433134,0.0023255813953488857,0.0023228814161397287
2023-09-22,64.66,65.85,63.84,64.32,2829952.645,2023-09-22 23:59:59.999,183341652.54439,363406,1386241.783,89829970.54434,0,2023-09-22,54.19847328244273,63.43000000000001,2.008560626267693,0.4431033787881147,-0.005104408352668455,-0.005117480347155798
2023-09-23,64.33,65.24,64.32,65.04,1949622.323,2023-09-23 23:59:59.999,126307771.06279,210168,966945.658,62646301.8604,0,2023-09-23,54.75966069745524,63.488,2.038760201155098,0.7612469574012147,0.011194029850746468,0.011131840368844419
2023-09-24,65.04,65.07,63.19,63.55,1440419.589,2023-09-24 23:59:59.999,92825414.98115,197508,695358.852,44822831.18524,0,2023-09-24,55.973025048169546,63.479499999999994,2.038096312460871,0.034591103260904504,-0.02290897908979106,-0.02317546760409226
2023-09-25,63.55,65.03,62.5,64.31,1945374.145,2023-09-25 23:59:59.999,124789432.08411,267139,969833.975,62237920.82455,0,2023-09-25,64.27829698857734,63.540000000000006,2.044188167238325,0.37667765244931306,0.011959087332808815,0.01188814251130873
2023-09-26,64.31,65.05,63.0,63.74,1744354.644,2023-09-26 23:59:59.999,111917603.46034,221417,848671.009,54457936.08049,0,2023-09-26,60.16042780748662,63.585,2.037863948747203,0.07606003339687566,-0.008863318301974843,-0.008902831157581463
2023-09-27,63.75,65.54,63.0,63.51,2843281.987,2023-09-27 23:59:59.999,182368163.77509,322739,1411338.357,90552467.17718,0,2023-09-27,54.60992907801417,63.57650000000001,2.0378013822754006,-0.03263320978110162,-0.003608409162221604,-0.0036149351743069527
2023-09-28,63.51,65.53,63.1,65.18,2843238.919,2023-09-28 23:59:59.999,183025119.80518,352946,1474543.31,94944818.05925,0,2023-09-28,56.75675675675676,63.707499999999996,2.0531718081065837,0.7171830404967117,0.026295071642261192,0.02595529959453213
2023-09-29,65.17,66.49,64.87,65.51,2687931.749,2023-09-29 23:59:59.999,176590444.78087,332188,1335777.69,87768615.72886,0,2023-09-29,48.90219560878245,63.831999999999994,2.084543620359795,0.8049723611494329,0.005062902730899044,0.005050129334369494
2023-09-30,65.51,66.59,65.29,65.93,1374965.7,2023-09-30 23:59:59.999,90637109.28415,196543,687026.176,45291361.90383,0,2023-09-30,51.973244147157196,64.075,2.028132405083891,0.9146345649574463,0.006411234925965514,0.0063907703814233136
2023-10-01,65.94,68.83,65.78,68.15,2931959.436,2023-10-01 23:59:59.999,196887526.68275,373097,1484185.615,99663286.67104,0,2023-10-01,65.08143322475567,64.542,1.816252938541965,1.986507453579897,0.03367207644471404,0.033117585017333286
2023-10-02,68.16,68.39,64.88,65.92,3440700.813,2023-10-02 23:59:59.999,230223942.66446,439323,1625417.635,108774196.76061,0,2023-10-02,50.26212319790301,64.84100000000001,1.4798502768948436,0.7291278157301491,-0.03272193690388858,-0.033269272541325466
2023-10-03,65.92,66.89,65.21,65.45,2067524.595,2023-10-03 23:59:59.999,136243692.38729,305802,1020974.165,67298856.58984,0,2023-10-03,43.75436147941387,65.01599999999999,1.3180863320996867,0.32926523053209866,-0.007129854368931987,-0.007155393245307271
2023-10-04,65.46,65.49,62.75,64.36,2489107.245,2023-10-04 23:59:59.999,159770737.8077,359663,1202685.806,77191860.95684,0,2023-10-04,49.44794952681388,65.095,1.2207741288235585,-0.6020769793903707,-0.016653934300993156,-0.016794170231726507
2023-10-05,64.36,65.24,63.7,64.78,2026489.364,2023-10-05 23:59:59.999,130769563.95594,297348,1011910.814,65294199.32821,0,2023-10-05,50.50193050193049,65.042,1.209687214868123,-0.21658491284341053,0.006525792417650722,0.006504591619000787
2023-10-06,64.79,65.96,64.33,65.45,1930597.041,2023-10-06 23:59:59.999,125937421.17222,290920,962595.495,62799662.42235,0,2023-10-06,54.251316779533504,65.0475,1.2113623257024262,0.33227052836285614,0.010342698363692504,0.010289578612725702
2023-10-07,65.46,66.23,64.9,65.4,1273244.554,2023-10-07 23:59:59.999,83520310.69266,198287,615212.532,40358314.33501,0,2023-10-07,51.42630744849445,65.1415,1.1583757911856412,0.22315728796043613,-0.0007639419404125158,-0.000764233892755906
2023-10-08,65.41,65.96,64.92,65.29,1323894.948,2023-10-08 23:59:59.999,86567487.18204,193999,648468.577,42404027.42607,0,2023-10-08,57.7402135231317,65.114,1.14739705417119,0.1533906674765987,-0.0016819571865442917,-0.0016833732646108549
2023-10-09,65.3,65.33,61.46,63.03,3090446.929,2023-10-09 23:59:59.999,195581860.51296,399674,1502140.282,95056932.20237,0,2023-10-09,44.97645211930927,64.90350000000001,1.1227516714349663,-1.668668190540767,-0.034614795527646014,-0.0352280816735235
2023-10-10,63.03,63.79,62.52,63.57,1671210.406,2023-10-10 23:59:59.999,105556127.95732,257003,826994.447,52230945.42586,0,2023-10-10,49.33123524783635,64.857,1.159015462375614,-1.1104252201795974,0.008567348881485026,0.008530857423298671
2023-10-11,63.56,63.71,61.02,61.52,2158519.363,2023-10-11 23:59:59.999,134140109.5985,296423,1061012.385,65939763.6335,0,2023-10-11,43.152099105299406,64.7005,1.3788991604382073,-2.3065501026117494,-0.032247915683498496,-0.03277933575092885
2023-10-12,61.53,61.53,60.06,61.09,1942341.549,2023-10-12 23:59:59.999,118441467.31053,264411,928344.624,56618980.85186,0,2023-10-12,34.61249059443189,64.539,1.5976163164718373,-2.1588412464494238,-0.006989596879063753,-0.007014138535712992
2023-10-13,61.09,62.13,61.0,61.54,1565595.711,2023-10-13 23:59:59.999,96181141.52744,220549,748412.159,45983126.25789,0,2023-10-13,35.197613721103636,64.364,1.7263542357489845,-1.635817227728354,0.00736618104436082,0.007339183232220232
2023-10-14,61.53,61.94,61.35,61.59,633795.333,2023-10-14 23:59:59.999,39060385.69254,118005,302804.162,18662088.08553,0,2023-10-14,33.35889570552146,64.266,1.8276542342357722,-1.4641719149459158,0.0008124796880077945,0.0008121498050561209
2023-10-15,61.59,62.19,61.33,61.58,867003.403,2023-10-15 23:59:59.999,53436385.68598,144562,439838.692,27109978.08085,0,2023-10-15,19.66759002770084,64.1295,1.9236217895920977,-1.3253644837016605,-0.00016236402013325435,-0.00016237720259769584
2023-10-16,61.58,66.37,61.52,63.17,4117708.083,2023-10-16 23:59:59.999,262106497.16506,476501,2045929.95,130233795.16235,0,2023-10-16,36.506378802747804,64.101,1.9338913592530158,-0.48141277199749477,0.02582007145177001,0.025492362414254663
2023-10-17,63.17,63.3,61.29,62.03,1645770.05,2023-10-17 23:59:59.999,102837757.50297,220400,789819.98,49354784.2943,0,2023-10-17,34.25414364640885,64.027,1.9853280253753471,-1.005879116435908,-0.018046541079626444,-0.0182113659255829
2023-10-18,62.03,62.8,60.0,60.19,1774326.444,2023-10-18 23:59:59.999,109112087.00798,234826,842815.22,51859919.93685,0,2023-10-18,32.04134366925065,63.77750000000001,2.1403046388979083,-1.6761632595663103,-0.029663066258262205,-0.030111913425346797
2023-10-19,60.19,61.9,59.55,61.74,1948164.631,2023-10-19 23:59:59.999,118641391.1569,256192,988937.737,60246256.55202,0,2023-10-19,38.06907378335952,63.589,2.1456980216049284,-0.861724241427501,0.025751786010965283,0.025425793514333803
2023-10-20,61.73,64.27,61.52,63.35,2915823.834,2023-10-20 23:59:59.999,184116418.7939,335665,1446787.282,91349150.66374,0,2023-10-20,42.324561403508774,63.46,2.0739030074064946,-0.05304008895650293,0.026077097505669,0.025742887693134882
2023-10-21,63.34,65.38,63.31,64.71,1938112.187,2023-10-21 23:59:59.999,124874369.41927,264529,971052.112,62566625.79292,0,2023-10-21,47.698465643762475,63.288,1.7873108291282203,0.7956086746778077,0.0214680347277032,0.02124084230202661
2023-10-22,64.71,66.32,63.03,65.23,3358427.583,2023-10-22 23:59:59.999,217205172.5447,408879,1660800.032,107431985.74054,0,2023-10-22,49.805194805194795,63.253499999999995,1.7398616853444124,1.13600984299436,0.008035852263946985,0.00800373673883007
2023-10-23,65.23,69.97,64.83,69.03,4973451.814,2023-10-23 23:59:59.999,333175186.14109,620408,2458501.672,164741559.1741,0,2023-10-23,67.7095631641086,63.432500000000005,2.120300065636984,2.6399565281899786,0.05825540395523521,0.056621706907379464
2023-10-24,69.03,72.89,66.9,69.12,6367115.297,2023-10-24 23:59:59.999,443818547.82855,796193,3090659.322,215496650.31424,0,2023-10-24,66.82838083687083,63.670500000000004,2.468456741393276,2.2076546485980257,0.0013037809647979959,0.0013029317804160619
2023-10-25,69.12,70.4,67.65,68.73,3531762.098,2023-10-25 23:59:59.999,244060187.7387,460378,1735094.312,119924477.00899,0,2023-10-25,74.30883344571811,63.86800000000001,2.7082692084028017,1.795242505772664,-0.0056423611111111605,-0.005658339362286387
2023-10-26,68.72,70.68,66.08,68.75,4560228.835,2023-10-26 23:59:59.999,314672295.21738,602930,2210987.852,152595762.06429,0,2023-10-26,76.56033287101243,64.03299999999999,2.9032324996954966,1.6247406986849149,0.00029099374363439345,0.00029095141316671136
2023-10-27,68.75,68.86,64.52,67.01,2925786.55,2023-10-27 23:59:59.999,197231245.64819,440305,1377918.805,92947148.10575,0,2023-10-27,67.40929344366646,64.11350000000002,2.9647992298980435,0.9769632866842038,-0.025309090909090837,-0.02563487456160125
2023-10-28,67.01,68.44,66.95,67.77,1744911.938,2023-10-28 23:59:59.999,118524192.35141,282927,851966.423,57875654.25628,0,2023-10-28,68.81851400730814,64.2375,3.0667055441722444,1.1518875709188703,0.011341590807341984,0.01127775716294204
2023-10-29,67.77,69.37,67.0,68.82,1620565.931,2023-10-29 23:59:59.999,110622638.53127,259150,807332.721,55131900.43463,0,2023-10-29,70.73310423825887,64.527,3.2163563889862785,1.334740147174128,0.015493581230632936,0.015374781221312644
2023-10-30,68.82,69.84,67.66,69.26,2522221.21,2023-10-30 23:59:59.999,173804954.39056,365581,1236159.63,85195145.67136,0,2023-10-30,68.66952789699572,64.8115,3.374990487304251,1.3180777891771827,0.006393490264458235,0.006373138604941807
2023-10-31,69.26,70.61,67.43,68.95,4013435.859,2023-10-31 23:59:59.999,277929968.6073,554944,1972845.334,136631954.3749,0,2023-10-31,72.3514211886305,65.183,3.402426533477297,1.1071510179383954,-0.004475887958417579,-0.004485934734965107
2023-11-01,68.95,70.53,66.52,70.04,3887110.786,2023-11-01 23:59:59.999,265620203.90431,584752,1836878.007,125522334.86461,0,2023-11-01,83.43516632722337,65.63050000000001,3.424265537835159,1.287721396392555,0.015808556925308137,0.015684903178340228
2023-11-02,70.04,70.87,67.36,69.48,3783579.573,2023-11-02 23:59:59.999,263516005.66628,576618,1807450.039,125926728.80758,0,2023-11-02,78.16593886462883,66.0275,3.385111169740314,1.0199074201349956,-0.0079954311821816,-0.008027566044746906
2023-11-03,69.47,69.63,67.49,69.49,2016614.22,2023-11-03 23:59:59.999,138848776.98831,417743,992115.877,68313650.85961,0,2023-11-03,75.28830313014826,66.4225,3.2999009155660506,0.9295733655305253,0.0001439263097293697,0.00014391595333174703
2023-11-04,69.5,70.85,68.77,70.44,1493481.133,2023-11-04 23:59:59.999,103921815.74595,303670,750865.736,52262048.61234,0,2023-11-04,74.42455242966753,66.86550000000001,3.2090586830878403,1.1138780411957157,0.013671031803137224,0.013578426301769489
2023-11-05,70.45,72.37,69.91,71.65,3346601.941,2023-11-05 23:59:59.999,238429611.32474,571376,1616311.841,115180819.73277,0,2023-11-05,75.84541062801932,67.2895,3.2549742904517522,1.3396419175387144,0.017177739920499757,0.017031870646175507
2023-11-06,71.65,75.0,70.8,74.51,3188466.504,2023-11-06 23:59:59.999,232618004.84365,619481,1604268.272,117043086.32143,0,2023-11-06,73.86759581881535,67.9135,3.387189915880027,1.9474845414111264,0.03991625959525469,0.03914019029145526
2023-11-07,74.51,74.63,71.08,73.46,3667945.6,2023-11-07 23:59:59.999,268100585.27923,731091,1784379.351,130450052.14798,0,2023-11-07,67.44372990353692,68.577,3.0804529741971383,1.585156482147778,-0.014092068178768069,-0.014192304174115005
2023-11-08,73.46,74.39,72.53,73.1,2275512.689,2023-11-08 23:59:59.999,167171677.81757,464713,1110289.348,81562760.34099,0,2023-11-08,67.60676873489116,69.145,2.7867647720361353,1.4192084095818027,-0.004900626191124413,-0.004912673635788424
2023-11-09,73.11,76.37,67.24,73.88,6058584.807,2023-11-09 23:59:59.999,442992085.79844,1116449,2877092.496,210546076.84219,0,2023-11-09,69.47608200455576,69.67150000000001,2.6242718789527384,1.60368292392001,0.010670314637482914,0.010613788575306406
2023-11-10,73.88,75.56,70.69,73.31,3553652.269,2023-11-10 23:59:59.999,259666574.50783,796250,1726190.548,126159519.47393,0,2023-11-10,76.24999999999996,70.1015,2.468469107922525,1.2997934589103646,-0.00771521386031393,-0.007745130095543905
2023-11-11,73.31,76.01,70.89,75.33,3924644.715,2023-11-11 23:59:59.999,290713559.25249,782392,1889964.784,140006973.01734,0,2023-11-11,78.50678733031671,70.60650000000001,2.4524816110539565,1.9260083250818172,0.027554221797844614,0.02718143660210797
2023-11-12,75.34,76.91,72.12,74.97,3699307.701,2023-11-12 23:59:59.999,277134718.29857,738297,1803361.063,135154288.90453,0,2023-11-12,74.46300715990452,70.9035,2.6063611960235007,1.560221202726707,-0.004778972520907976,-0.0047904283226326005
2023-11-13,74.97,76.17,70.5,71.14,4036380.021,2023-11-13 23:59:59.999,295539804.87857,872507,1924486.91,140961361.68023,0,2023-11-13,55.88972431077692,71.0045,2.5725299343417802,0.05267188466542652,-0.05108710150726958,-0.05243826699466157
2023-11-14,71.14,72.6,67.53,70.64,3878421.386,2023-11-14 23:59:59.999,274737185.53481,786281,1816090.461,128717384.19377,0,2023-11-14,55.23219814241485,71.1,2.518535497577571,-0.18264582748285274,-0.007028394714647224,-0.007053210224604616
2023-11-15,70.65,74.35,70.54,74.09,2881079.557,2023-11-15 23:59:59.999,208392950.57814,534420,1437384.971,103999525.51528,0,2023-11-15,60.94003241491085,71.367,2.5392624291588137,1.0723586379774273,0.04883918459796144,0.047684014132860914
2023-11-16,74.09,74.42,69.78,71.02,3775296.29,2023-11-16 23:59:59.999,272852651.32812,685790,1774586.091,128225968.30292,0,2023-11-16,53.66317792578495,71.5675,2.3265309051372554,-0.23532891774231526,-0.04143609124038339,-0.04231904291362378
2023-11-17,71.02,71.73,68.0,70.29,4019584.853,2023-11-17 23:59:59.999,281722384.39019,671838,1958900.262,137304784.36427,0,2023-11-17,51.83992640294391,71.6935,2.173230132879083,-0.64581287493039,-0.010278794705716576,-0.01033198632712773
2023-11-18,70.28,70.35,67.37,69.88,2086383.191,2023-11-18 23:59:59.999,144427945.76864,352485,993615.421,68787942.07042,0,2023-11-18,48.67924528301886,71.7465,2.111512989586029,-0.8839633046093348,-0.005832977663963734,-0.00585005592195832
2023-11-19,69.89,70.7,68.51,70.58,1930318.911,2023-11-19 23:59:59.999,134432995.03666,302887,957348.772,66665388.01341,0,2023-11-19,47.4142097631706,71.8125,2.0494180817031085,-0.6013902243781166,0.010017172295363475,0.009967332981268187
2023-11-20,70.59,71.09,68.61,69.53,2656233.898,2023-11-20 23:59:59.999,186313173.81641,422563,1255222.653,88058028.07243,0,2023-11-20,36.811440677966104,71.8415,2.0105151866417086,-1.1497053170043647,-0.014876735619155479,-0.01498850413619746
2023-11-21,69.53,71.96,64.95,66.17,5358521.214,2023-11-21 23:59:59.999,369462668.08195,896864,2593311.477,178962013.22226,0,2023-11-21,32.798489853704595,71.648,2.3505085675749138,-2.3305594693712615,-0.048324464260031674,-0.04953112608695838
2023-11-22,66.17,69.12,65.95,68.73,2550837.018,2023-11-22 23:59:59.999,173024540.6166,354991,1248970.038,84729425.96621,0,2023-11-22,40.65840102607954,71.6105,2.392524487017819,-1.2039584194979003,0.03868822729333532,0.03795859710954571
2023-11-23,68.73,70.71,68.38,69.52,2720263.175,2023-11-23 23:59:59.999,188894526.21289,353869,1346263.059,93476233.83792,0,2023-11-23,40.68376068376069,71.612,2.3911340625716497,-0.8748986653429486,0.011494252873563093,0.01142869582362263
2023-11-24,69.52,71.79,69.44,70.73,2611460.926,2023-11-24 23:59:59.999,183807445.908,326483,1279324.036,90038635.10664,0,2023-11-24,44.63394342762064,71.6265,2.384523068264418,-0.3759661677974494,0.017405063291139333,0.017255330090762057
2023-11-25,70.73,72.33,70.51,71.88,1504114.704,2023-11-25 23:59:59.999,107450860.84874,219393,763699.533,54559934.30056,0,2023-11-25,42.55502805351748,71.638,2.3851968913390746,0.10145912938203139,0.016259013148593127,0.016128250867459615
2023-11-26,71.87,71.88,68.85,70.03,2175173.593,2023-11-26 23:59:59.999,153046280.67786,277713,1003866.386,70640577.15742,0,2023-11-26,39.9837793998378,71.414,2.3104781915463413,-0.5990101984359031,-0.025737340011129595,-0.026074340247931864
2023-11-27,70.02,70.49,67.88,69.22,2476350.51,2023-11-27 23:59:59.999,171037992.68212,346403,1218914.93,84197872.29498,0,2023-11-27,45.56377079482439,71.202,2.307385396579401,-0.8589809066739473,-0.011566471512209131,-0.011633883460228244
2023-11-28,69.22,70.31,67.79,69.79,2389253.313,2023-11-28 23:59:59.999,165157700.11615,324996,1191088.357,82336634.00593,0,2023-11-28,48.042376784891765,71.0365,2.2826583648134853,-0.5460738318157603,0.008234614273331609,0.008200894821862273
2023-11-29,69.8,70.47,69.16,70.03,1577599.977,2023-11-29 23:59:59.999,110131047.06565,234510,768643.942,53661033.64818,0,2023-11-29,39.02702702702702,70.84400000000001,2.1907278290511347,-0.37156601071369655,0.0034388880928499788,0.0034329886383660927
2023-11-30,70.02,70.2,69.1,69.46,1244167.729,2023-11-30 23:59:59.999,86579027.9211,196792,589183.1,41004599.25453,0,2023-11-30,45.125,70.6515,2.13097031270041,-0.5591349597405284,-0.00813936884192501,-0.00817267435149852
2023-12-01,69.46,72.24,69.22,71.6,2328309.363,2023-12-01 23:59:59.999,165541122.66543,329796,1133458.757,80567194.00178,0,2023-12-01,53.76220562894884,70.465,1.8438418130373955,0.6155625672303656,0.03080909876187743,0.030344026650672058
2023-12-02,71.59,72.75,71.16,72.24,1577193.898,2023-12-02 23:59:59.999,113500259.05485,218485,776360.039,55872576.26197,0,2023-12-02,56.68934240362812,70.3285,1.5741038385896868,1.2143417436251167,0.00893854748603351,0.00889883514213004
2023-12-03,72.23,72.78,71.32,72.33,1819370.936,2023-12-03 23:59:59.999,131068090.75233,253345,882123.095,63550405.24374,0,2023-12-03,55.13799177921316,70.388,1.6279615926963464,1.1929028354922757,0.001245847176079673,0.0012450717524593318
2023-12-04,72.33,75.14,71.74,72.98,5039159.155,2023-12-04 23:59:59.999,370007110.43556,677087,2515694.513,184771369.44943,0,2023-12-04,60.37282020444979,70.505,1.7280366102145843,1.43226132210976,0.008986589243743959,0.008946450147112218
2023-12-05,72.97,74.45,71.11,74.38,3255798.991,2023-12-05 23:59:59.999,236437366.32657,491839,1576326.327,114500423.53835,0,2023-12-05,77.98227675528287,70.5195,1.7606113620976056,2.1927042407590585,0.019183337900794628,0.019001657488622294
2023-12-06,74.39,75.0,72.17,72.44,4200589.083,2023-12-06 23:59:59.999,309279464.93061,517980,2019871.552,148746440.29822,0,2023-12-06,63.20284697508895,70.59049999999999,1.8098021845756032,1.0219348919803144,-0.026082280182844864,-0.026428455481711365
2023-12-07,72.44,74.58,71.84,74.08,3466481.205,2023-12-07 23:59:59.999,254664622.25483,444326,1675795.55,123125467.78032,0,2023-12-07,65.30201342281879,70.78,1.968173077522474,1.676681811009233,0.022639425731640017,0.02238695732271135
2023-12-08,74.07,78.96,73.34,78.55,5081678.553,2023-12-08 23:59:59.999,387050672.83846,585493,2506647.245,190974931.3771,0,2023-12-08,71.53083700440527,71.2135,2.609747467099465,2.811191539599025,0.06034017278617698,0.058589774363706104
2023-12-09,78.55,79.65,75.5,76.39,3977120.647,2023-12-09 23:59:59.999,309201054.92204,524086,1894584.002,147326942.9485,0,2023-12-09,61.76317162232656,71.50399999999999,2.848008353020486,1.7155848559285685,-0.027498408656906337,-0.027883567148361738
2023-12-10,76.38,79.1,76.38,77.22,3206420.408,2023-12-10 23:59:59.999,249707773.84722,453964,1567017.629,122014036.09672,0,2023-12-10,69.80716253443525,71.8885,3.0773455324749053,1.7324996311714898,0.010865296504778188,0.01080669328282204
2023-12-11,77.22,77.55,69.46,72.7,5935828.105,2023-12-11 23:59:59.999,435232385.0194,773252,2864580.186,210016471.72973,0,2023-12-11,57.9597438243367,72.215,2.769726378264485,0.17510754990314287,-0.058534058534058464,-0.06031710629661654
2023-12-12,72.7,73.74,71.05,72.43,2947033.559,2023-12-12 23:59:59.999,213535753.92462,404793,1443227.495,104575209.07257,0,2023-12-12,56.122448979591844,72.4,2.645480754226082,0.011340093838171746,-0.0037138927097660757,-0.0037208063322389092
2023-12-13,72.43,74.13,70.13,73.19,3744095.737,2023-12-13 23:59:59.999,270114563.87082,488925,1841147.668,132867355.73848,0,2023-12-13,57.155797101449274,72.58349999999999,2.5611372371070957,0.23680886412985683,0.010492889686593898,0.01043822140590101
2023-12-14,73.2,74.09,71.0,72.99,3001283.93,2023-12-14 23:59:59.999,218858202.38139,389844,1496245.817,109110983.12827,0,2023-12-14,58.129894058037785,72.69649999999999,2.5246516695496504,0.11625366126344215,-0.0027326137450471855,-0.002736354149594862
2023-12-15,72.98,73.02,70.55,70.98,2351560.711,2023-12-15 23:59:59.999,168936847.31078,314934,1085213.41,77961499.96694,0,2023-12-15,48.563484708063044,72.6515,2.547885139510559,-0.6560342827389325,-0.02753801890669938,-0.027924298245190354
2023-12-16,70.98,72.58,70.48,72.24,1590123.324,2023-12-16 23:59:59.999,114504746.39253,245028,761549.211,54837686.71579,0,2023-12-16,50.0,72.762,2.4750919174706056,-0.21090125837971221,0.017751479289940697,0.017595761890379442
2023-12-17,72.24,73.69,70.87,71.23,2939643.991,2023-12-17 23:59:59.999,213402067.48138,390911,1397333.473,101469104.41618,0,2023-12-17,47.62110726643599,72.8625,2.3619213298392197,-0.6911745871362788,-0.013981173864894725,-0.014079831118467466
2023-12-18,71.23,71.61,68.05,70.9,3302171.867,2023-12-18 23:59:59.999,230632179.97975,458715,1585946.749,110772746.80066,0,2023-12-18,45.43859649122806,72.918,2.298103565970966,-0.878115342529126,-0.004632879404745216,-0.004643644452180653
2023-12-19,70.9,71.67,69.72,70.77,2129623.368,2023-12-19 23:59:59.999,151121768.2278,304407,1041743.448,73928430.14467,0,2023-12-19,41.6163492800743,72.955,2.254706189269126,-0.9690841362830874,-0.0018335684062060764,-0.001835251450388615
2023-12-20,70.76,71.98,69.43,69.88,2877124.817,2023-12-20 23:59:59.999,204095349.02026,367925,1401123.932,99420751.06438,0,2023-12-20,43.749999999999986,72.976,2.222162057649,-1.3932377205987871,-0.01257595026141023,-0.012655696821837564
2023-12-21,69.87,71.17,69.0,70.99,2706105.24,2023-12-21 23:59:59.999,189967537.44875,340600,1306978.901,91751142.19886,0,2023-12-21,42.255639097744336,72.9455,2.246099484587745,-0.870620385881491,0.01588437321121927,0.01575953678543875
2023-12-22,70.98,73.86,70.35,73.66,3346687.509,2023-12-22 23:59:59.999,240283598.12398,435523,1590319.24,114187039.6072,0,2023-12-22,36.52892561983468,73.0165,2.2450677518629307,0.2866283208896633,0.03761093111705871,0.03692088896562468
2023-12-23,73.67,74.17,71.27,72.52,2212656.723,2023-12-23 23:59:59.999,160110189.04506,303426,1029435.233,74498962.89794,0,2023-12-23,38.70402802101573,73.026,2.242410357284073,-0.22565004587868978,-0.015476513711648154,-0.015597525130268979
2023-12-24,72.52,73.04,70.0,71.18,2986417.297,2023-12-24 23:59:59.999,215058223.51204,366149,1413008.099,101787999.67652,0,2023-12-24,32.87981859410429,72.936,2.2801578892542693,-0.7701221078924073,-0.018477661334803996,-0.01865050580460349
2023-12-25,71.17,72.86,70.59,72.31,1917017.713,2023-12-25 23:59:59.999,138139655.10131,260499,915053.666,65931091.28986,0,2023-12-25,48.63157894736842,72.83250000000001,2.2580356507213057,-0.2313958151338757,0.015875245855577313,0.015750552104813773
2023-12-26,72.31,74.52,71.0,73.31,5236446.049,2023-12-26 23:59:59.999,380966498.19417,613534,2539455.565,184763832.81426,0,2023-12-26,52.93724966622161,72.876,2.2584563894585887,0.1921666506494016,0.01382934587194029,0.013734593048634763
2023-12-27,73.32,77.51,72.14,76.02,5362202.749,2023-12-27 23:59:59.999,402189606.43362,718436,2642526.824,198204386.96639,0,2023-12-27,58.357944477259316,72.973,2.3525889434345784,1.2951688855391958,0.03696630746146501,0.03629943832560747
2023-12-28,76.03,77.74,74.6,76.6,6192052.853,2023-12-28 23:59:59.999,471858756.67085,788290,3015317.537,229788278.30141,0,2023-12-28,60.427498555748144,72.8755,2.1401044612802402,1.7403356085580721,0.007629571165482796,0.007600613185442959
2023-12-29,76.61,77.91,72.64,73.31,5081102.897,2023-12-29 23:59:59.999,385060635.43139,678192,2419751.121,183460269.9665,0,2023-12-29,56.26681011296397,72.7215,1.9786180051881168,0.2974298214495651,-0.04295039164490855,-0.04390005151105033
2023-12-30,73.32,74.08,72.42,73.29,2501443.839,2023-12-30 23:59:59.999,183538305.77299,328941,1214602.213,89123874.08821,0,2023-12-30,53.025936599423666,72.525,1.6811352680262803,0.45504964088829153,-0.0002728140772063625,-0.0002728512977364005
2023-12-31,73.29,74.3,71.34,72.89,2366695.026,2023-12-31 23:59:59.999,173865739.36568,310640,1120688.016,82323701.63943,0,2023-12-31,54.95818399044205,72.53450000000001,1.6827123311492673,0.21126605743549223,-0.0054577705007504695,-0.005472718543637235
2024-01-01,72.89,74.9,72.1,74.81,1622308.394,2024-01-01 23:59:59.999,119157871.6342,266255,787407.431,57842832.07224,0,2024-01-01,60.66557555919258,72.6535,1.7574301662944989,1.2270757844944353,0.026341061874056715,0.026000110490191883
2024-01-02,74.82,76.02,72.53,73.04,3065622.0,2024-01-02 23:59:59.999,227668030.24398,402405,1475218.038,109556653.7457,0,2024-01-02,55.683525287931936,72.646,1.7553389236185486,0.2244580774109384,-0.023659938510894207,-0.02394432959760046
2024-01-03,73.03,73.69,56.18,65.23,7748569.748,2024-01-03 23:59:59.999,513377912.7583,847524,3429228.648,227616285.68629,0,2024-01-03,41.353663071773894,72.25800000000001,2.4106225446053213,-2.9154294668519594,-0.10692771084337349,-0.1130877504787084
2024-01-04,65.23,67.11,64.52,66.41,2891865.621,2024-01-04 23:59:59.999,189943288.79242,372024,1398436.063,91856838.98349,0,2024-01-04,41.505934718100875,72.02950000000001,2.7331540965919063,-2.0560494583921285,0.01808983596504654,0.017928161744617466
2024-01-05,66.42,66.74,62.74,65.99,4122546.192,2024-01-05 23:59:59.999,269263020.5544,508986,2024476.051,132235163.86499,0,2024-01-05,34.47996762444352,71.71700000000001,3.0470919699955834,-1.8794969290041872,-0.006324348742659303,-0.0063444321572921165
2024-01-06,66.0,66.08,63.2,65.65,2245035.951,2024-01-06 23:59:59.999,145553817.43941,321135,1090795.897,70727289.36674,0,2024-01-06,35.633626097866994,71.438,3.335811429722,-1.7351100690012198,-0.00515229580239418,-0.005165614646524939
2024-01-07,65.64,66.39,63.64,64.24,2293235.405,2024-01-07 23:59:59.999,149111996.60244,334723,1112494.69,72327587.15525,0,2024-01-07,35.52960800667219,71.10499999999999,3.704400654688029,-1.8532012705785843,-0.0214775323686216,-0.021711531110299085
2024-01-08,64.24,68.39,60.97,67.76,4841415.337,2024-01-08 23:59:59.999,312641902.61974,629666,2400093.948,154985240.34686,0,2024-01-08,41.37277208949564,70.9545,3.779117795956632,-0.8453031031257777,0.054794520547945424,0.05334598070529293
2024-01-09,67.76,67.84,64.07,67.0,4299582.958,2024-01-09 23:59:59.999,283677126.34835,575815,2088508.972,137790954.10502,0,2024-01-09,37.92575583620359,70.8105,3.8758475813182742,-0.9831397958905177,-0.011216056670602215,-0.011279430952832984
2024-01-10,66.99,71.25,64.95,70.11,4385945.364,2024-01-10 23:59:59.999,297049041.27042,689989,2132299.122,144409702.2717,0,2024-01-10,38.86166603844704,70.76650000000001,3.8786965729726295,-0.16925789054359242,0.04641791044776111,0.04537281782791014
2024-01-11,70.11,74.66,69.56,71.91,5073336.721,2024-01-11 23:59:59.999,364966198.84096,754269,2485468.821,178813124.5441,0,2024-01-11,41.54954954954955,70.679,3.829412350125643,0.32145924425182504,0.025673940949935803,0.02534989989552639
2024-01-12,71.9,77.24,70.38,72.98,7916487.319,2024-01-12 23:59:59.999,586250765.88695,1087305,3847690.905,284946507.71543,0,2024-01-12,49.353701527614575,70.702,3.8424109755711404,0.5928569365647831,0.014879710749548192,0.014770093893899045
2024-01-13,72.98,73.63,71.02,71.99,2983054.996,2024-01-13 23:59:59.999,214730915.62073,425077,1462774.65,105298302.28592,0,2024-01-13,47.547169811320735,70.74249999999999,3.851971299823415,0.3238601492324699,-0.013565360372704949,-0.013658210527090143
2024-01-14,72.0,72.35,69.4,69.82,2539149.229,2024-01-14 23:59:59.999,180602650.94378,372060,1237169.147,88021243.8787,0,2024-01-14,44.57021577644145,70.618,3.8388589313314405,-0.2078742705252859,-0.030143075427142674,-0.03060671880432158
2024-01-15,69.82,71.65,68.78,69.13,1974160.909,2024-01-15 23:59:59.999,138872331.82483,338996,960755.508,67614376.3873,0,2024-01-15,39.497041420118336,70.409,3.798154538017506,-0.336742485646095,-0.009882555141793148,-0.009931711719716303
2024-01-16,69.13,70.57,68.36,69.45,2378730.983,2024-01-16 23:59:59.999,165701452.5784,350173,1158335.037,80701456.76377,0,2024-01-16,42.98554122704182,70.0805,3.564235320651325,-0.17689628862237436,0.004628959930565779,0.004618279243179313
2024-01-17,69.45,70.0,68.35,69.47,1954093.712,2024-01-17 23:59:59.999,135358045.83499,312382,954925.115,66144174.21388,0,2024-01-17,61.91011235955053,69.724,3.2175397596904154,-0.07894230342764877,0.0002879769618429062,0.0002879355044366244
2024-01-18,69.48,70.35,66.12,68.11,4074340.17,2024-01-18 23:59:59.999,279656442.64258,556460,1975953.765,135675227.90334,0,2024-01-18,54.727474972191324,69.464,3.121169483910427,-0.4338117513258556,-0.01957679573916793,-0.019770959451562486
2024-01-19,68.12,71.59,66.95,71.32,4471891.072,2024-01-19 23:59:59.999,310452802.87501,590572,2215153.644,153836758.96969,0,2024-01-19,62.831006259027426,69.3655,3.023632313682703,0.6464079614294991,0.047129643224196105,0.04605274774171261
2024-01-20,71.32,72.81,70.47,71.37,2944092.633,2024-01-20 23:59:59.999,210443222.29583,370047,1442956.674,103149953.41997,0,2024-01-20,63.964843749999964,69.2895,2.948550892955071,0.7056008444591914,0.0007010656197421472,0.0007008199880364798
2024-01-21,71.36,72.31,70.52,71.77,1633392.831,2024-01-21 23:59:59.999,116510117.35375,235340,791972.61,56488051.62625,0,2024-01-21,69.33744221879812,69.1375,2.7183583958606343,0.9684153509738151,0.005604595768530007,0.005588948459004339
2024-01-22,71.77,72.72,66.61,67.36,5232346.346,2024-01-22 23:59:59.999,366672760.21594,703870,2560719.862,179555401.76158,0,2024-01-22,49.01768172888015,68.8535,2.582500369374499,-0.5783155029564369,-0.061446286749338164,-0.06341519150790924
2024-01-23,67.37,68.44,63.18,65.48,4119624.519,2024-01-23 23:59:59.999,269819276.25437,520342,1996138.143,130790051.4764,0,2024-01-23,46.46182495344508,68.866,2.564581426794934,-1.32029342668664,-0.027909738717339594,-0.028306617431137056
2024-01-24,65.49,66.34,64.82,66.11,1849357.413,2024-01-24 23:59:59.999,121054793.92473,287010,884498.522,57890779.78314,0,2024-01-24,39.473684210526315,68.851,2.580530137277681,-1.0621848434956103,0.009621258399511223,0.009575268842552524
2024-01-25,66.11,66.15,64.57,65.49,1406515.068,2024-01-25 23:59:59.999,92051964.64193,238541,678083.387,44374696.17407,0,2024-01-25,31.986531986531986,68.826,2.611936970289821,-1.2772130560370434,-0.009378308879140929,-0.00942256211552464
2024-01-26,65.5,67.54,65.17,67.02,1560971.477,2024-01-26 23:59:59.999,103872015.81611,239303,800340.319,53275995.01003,0,2024-01-26,33.698030634573286,68.89450000000001,2.5412687982950337,-0.7376236631314387,0.02336234539624371,0.02309362307920213
2024-01-27,67.01,68.32,66.32,68.04,1299455.168,2024-01-27 23:59:59.999,87567416.68149,194330,631937.25,42587402.15961,0,2024-01-27,39.2135445111961,69.0845,2.3061324994865426,-0.4529228048399456,0.015219337511190867,0.015104685218496847
2024-01-28,68.05,68.48,67.27,68.32,1725975.234,2024-01-28 23:59:59.999,117210934.93175,254899,844068.408,57321222.48776,0,2024-01-28,45.432399512789274,69.1125,2.2925643536691376,-0.34568277166642947,0.00411522633744843,0.004106781952653281
2024-01-29,68.33,68.83,66.8,68.41,1922567.76,2024-01-29 23:59:59.999,130511049.97941,277424,997293.892,67729745.67331,0,2024-01-29,47.724399494311,69.183,2.2453767706178493,-0.34426293623199267,0.00131733021077296,0.001316463292592339
2024-01-30,68.41,68.73,67.15,67.46,1529420.666,2024-01-30 23:59:59.999,104151560.02833,234945,744994.459,50740398.37506,0,2024-01-30,43.951367781154985,69.05049999999999,2.2658900307613803,-0.701931681770785,-0.013886858646396716,-0.013984183139402442
2024-01-31,67.47,70.08,66.08,66.72,2868626.142,2024-01-31 23:59:59.999,195281295.20949,410520,1418837.228,96597980.72073,0,2024-01-31,41.991846243447874,68.791,2.217853158237393,-0.9337858966487644,-0.010969463385709921,-0.011030071583012736
2024-02-01,66.72,68.12,65.63,67.53,1515739.302,2024-02-01 23:59:59.999,101156489.21365,232145,725283.902,48412289.48197,0,2024-02-01,48.255114320096276,68.51849999999999,2.0002086075228735,-0.49419845324242445,0.012140287769784264,0.012067185536259337
2024-02-02,67.53,68.42,67.29,68.03,1069171.398,2024-02-02 23:59:59.999,72551894.93793,171310,527605.709,35803163.62866,0,2024-02-02,38.17397555715315,68.32050000000001,1.826977587489065,-0.15900578200264723,0.00740411668887897,0.007376840770218796
2024-02-03,68.03,69.19,67.89,68.82,1007680.848,2024-02-03 23:59:59.999,68914574.82085,154973,496427.734,33955542.82359,0,2024-02-03,41.296928327645006,68.2705,1.7972214665767159,0.305749742154295,0.011612523886520565,0.01154561601236483
2024-02-04,68.82,68.88,66.32,66.93,1228966.783,2024-02-04 23:59:59.999,83196259.67894,191007,591341.88,40031109.01434,0,2024-02-04,35.006195786864936,68.1605,1.8091331887566777,-0.6801599836027828,-0.027462946817785383,-0.02784710325678334
2024-02-05,66.93,68.24,66.55,67.68,1257815.878,2024-02-05 23:59:59.999,84998743.36768,196479,623753.507,42149125.61148,0,2024-02-05,51.28205128205132,68.07199999999999,1.785876167077244,-0.21950010153365052,0.01120573733751673,0.011143418185416925
2024-02-06,67.69,68.79,67.52,68.28,1188693.898,2024-02-06 23:59:59.999,80913361.6507,191945,610588.598,41572009.11916,0,2024-02-06,62.500000000000014,68.0125,1.7564284185236851,0.15229769524273448,0.008865248226950229,0.0088261826282719
2024-02-07,68.28,68.82,67.73,68.61,1358332.115,2024-02-07 23:59:59.999,92689267.20517,202937,693320.623,47323521.90885,0,2024-02-07,61.4678899082569,68.0375,1.7614404242962645,0.32501808866384563,0.004833040421792667,0.0048213987765596475
2024-02-08,68.61,70.65,68.31,70.51,1933796.29,2024-02-08 23:59:59.999,133631211.73011,241986,961824.036,66490790.73898,0,2024-02-08,70.60755336617413,67.997,1.6898523759652793,1.487112149997438,0.02769275615799449,0.027316247028149783
2024-02-09,70.51,71.96,70.06,70.64,3485732.051,2024-02-09 23:59:59.999,247131201.52035,408177,1703094.356,120744814.35451,0,2024-02-09,66.79035250463829,67.9605,1.6195856357423137,1.6544355178674417,0.001843710112040764,0.0018420125647552767
2024-02-10,70.64,71.18,69.88,70.79,1635393.483,2024-02-10 23:59:59.999,115460532.63465,195509,807869.256,57036057.89206,0,2024-02-10,63.87487386478309,67.9115,1.509336818441395,1.9071289885927938,0.002123442808607212,0.0021211914903934946
2024-02-11,70.8,73.11,70.61,71.55,2633064.667,2024-02-11 23:59:59.999,189821118.81457,309569,1297161.229,93504570.29321,0,2024-02-11,65.54379210779602,68.12100000000001,1.706652309402002,2.0091965897854633,0.010735979658143657,0.01067875821636189
2024-02-12,71.55,73.5,70.32,72.86,2533483.553,2024-02-12 23:59:59.999,181989796.648,326256,1250954.979,89866474.46434,0,2024-02-12,69.16451335055993,68.49,1.893209472083718,2.3082495964856244,0.018308874912648543,0.018143285577957868
2024-02-13,72.87,73.21,68.15,68.97,4586241.094,2024-02-13 23:59:59.999,321920816.47093,515693,2200974.585,154343152.10671,0,2024-02-13,55.18900343642615,68.633,1.8101703903306288,0.18617031954569208,-0.05339006313477901,-0.054868164137217845
2024-02-14,68.97,70.8,68.44,69.88,3987682.058,2024-02-14 23:59:59.999,278107992.54364,425360,1944501.718,135638612.27198,0,2024-02-14,60.73369565217393,68.85249999999999,1.6697080582918282,0.6153770384573535,0.013194142380745122,0.013107857822655816
2024-02-15,69.88,71.07,69.02,69.82,3992152.452,2024-02-15 23:59:59.999,279505034.21921,441422,1891823.302,132448573.13476,0,2024-02-15,58.196134574087324,68.99249999999999,1.6247522078048995,0.5093084324027377,-0.0008586147681740597,-0.000858983588965888
2024-02-16,69.81,71.07,68.45,70.63,2800322.295,2024-02-16 23:59:59.999,196251560.76701,350689,1338148.03,93800014.42638,0,2024-02-16,59.10364145658263,69.122,1.647890517546491,0.9151093376307696,0.011601260383844236,0.011534481743940984
2024-02-17,70.63,70.76,68.02,70.0,2234883.854,2024-02-17 23:59:59.999,155742765.29674,289176,1049922.62,73175929.39785,0,2024-02-17,54.17847025495753,69.20599999999999,1.647675875103676,0.48189089371114974,-0.008919722497522264,-0.008959741371471869
2024-02-18,70.01,71.4,69.86,70.86,1860507.378,2024-02-18 23:59:59.999,131196065.99153,253418,946445.395,66745018.21939,0,2024-02-18,65.01145912910617,69.32849999999999,1.6762089902134691,0.9136688855277934,0.012285714285714233,0.012210857387966897
2024-02-19,70.86,71.81,70.4,71.36,2325673.222,2024-02-19 23:59:59.999,165329297.04135,321459,1109652.508,78893460.3142,0,2024-02-19,64.3302180685358,69.5235,1.6742485352599223,1.0969100234063454,0.007056167090036647,0.007031388834427955
2024-02-20,71.36,71.56,67.03,69.69,4631158.592,2024-02-20 23:59:59.999,323358920.91146,544307,2243788.715,156685690.55582,0,2024-02-20,55.068296189791496,69.672,1.5387301668067654,0.01169795743808351,-0.023402466367713037,-0.023680652821326507
2024-02-21,69.7,69.75,67.33,68.96,2651024.729,2024-02-21 23:59:59.999,181301485.69686,380385,1271546.454,86964428.31969,0,2024-02-21,51.22292103424177,69.7435,1.465437872384969,-0.5346524849428614,-0.01047496053953223,-0.010530209094989824
2024-02-22,68.97,69.81,67.95,68.83,2565195.653,2024-02-22 23:59:59.999,177282656.87589,325015,1255103.653,86723659.5012,0,2024-02-22,43.30143540669854,69.78349999999999,1.4266090638216606,-0.6683681074096887,-0.001885150812064862,-0.001886929945164728
2024-02-23,68.84,69.15,67.52,68.86,2207621.526,2024-02-23 23:59:59.999,151032251.16244,288647,1058880.452,72444727.62072,0,2024-02-23,42.845659163987136,69.7855,1.4252145729232677,-0.6493759028170053,0.00043585645793986494,0.00043576150010488947
2024-02-24,68.85,70.74,68.67,70.48,1734115.563,2024-02-24 23:59:59.999,121204718.9489,229270,842727.466,58905309.5275,0,2024-02-24,48.88569374550682,69.963,1.262658431926513,0.4094535679068744,0.023525994772001235,0.023253523717546437
2024-02-25,70.48,70.69,69.8,70.24,1420652.263,2024-02-25 23:59:59.999,99730908.91463,190924,679110.438,47679276.0805,0,2024-02-25,45.10828976848394,70.09100000000001,1.143143864376924,0.13034229955054683,-0.0034052213393871433,-0.0034110323010629324
2024-02-26,70.24,73.14,69.13,72.03,3295640.454,2024-02-26 23:59:59.999,233619870.52987,399078,1622004.083,115013707.81496,0,2024-02-26,47.007930785868794,70.2785,1.137995814408009,1.5391093515674714,0.025484054669703937,0.025164749574410387
2024-02-27,72.03,76.57,72.01,74.06,5676757.296,2024-02-27 23:59:59.999,423689295.81046,702973,2757135.147,205722147.27182,0,2024-02-27,71.19067443796834,70.551,1.3501730882917329,2.598926041726739,0.02818270165208947,0.027792876584195145
2024-02-28,74.06,78.11,70.0,74.56,7777112.046,2024-02-28 23:59:59.999,580620810.79968,939629,3697201.2,276082940.348,0,2024-02-28,70.17241379310343,70.7535,1.6203744693678048,2.349148343151272,0.006751282743721276,0.006728594891869086
2024-02-29,74.57,85.11,73.96,79.99,8746243.459,2024-02-29 23:59:59.999,710686286.80775,1334065,4338550.479,352645876.46696,0,2024-02-29,79.96464348850911,71.22099999999999,2.6239341695710596,3.341928353878441,0.07282725321888406,0.07029745648339471
2024-03-01,80.0,86.28,80.0,84.99,6033828.923,2024-03-01 23:59:59.999,506804801.06171,866534,2951828.733,247907733.47806,0,2024-03-01,83.93194706994328,71.931,4.0401483818414174,3.2323070258246234,0.06250781347668455,0.06063197564980433
2024-03-02,85.0,94.66,84.56,94.59,7034335.091,2024-03-02 23:59:59.999,634386376.9645,1166679,3465828.535,312487043.89461,0,2024-03-02,90.80650514437436,73.083,6.476175853398283,3.3209413219862625,0.11295446523120378,0.10701815971454437
2024-03-03,94.59,94.84,83.18,90.81,5008630.566,2024-03-03 23:59:59.999,455138356.59295,904246,2342396.784,212886829.27305,0,2024-03-03,80.18154311649015,73.9805,7.591417921084365,2.216911277306685,-0.03996194100856332,-0.04078235052334222
2024-03-04,90.81,92.81,87.56,89.03,5393960.376,2024-03-04 23:59:59.999,486241859.80176,908961,2575745.116,232209968.71292,0,2024-03-04,75.73550830177686,74.9835,8.195714717873745,1.71388347246476,-0.019601365488382316,-0.019796020116157137
2024-03-05,89.03,92.07,70.52,81.96,11711118.58,2024-03-05 23:59:59.999,1003711254.70337,1741768,5550054.443,476332543.43577,0,2024-03-05,65.44173168890006,75.5875,8.244789662500683,0.7729123799220342,-0.07941143434797271,-0.08274206821488093
2024-03-06,81.96,87.6,79.79,85.93,4889041.866,2024-03-06 23:59:59.999,409626723.31192,856772,2336227.969,195676749.26978,0,2024-03-06,69.74633465208285,76.393,8.436391159103826,1.1304596740643655,0.04843826256710604,0.04730168795443278
2024-03-07,85.92,89.75,83.46,88.1,4282135.697,2024-03-07 23:59:59.999,370069652.70916,735450,2086317.896,180312693.68875,0,2024-03-07,71.40635414352364,77.26650000000001,8.708322864087863,1.2440397731090234,0.025253112998952387,0.024939521617001928
2024-03-08,88.11,89.68,82.14,88.42,4378289.607,2024-03-08 23:59:59.999,383302819.69047,783031,2109910.903,184779403.7086,0,2024-03-08,71.58940397350992,78.18749999999999,8.871885146493092,1.1533625414486741,0.003632236095346242,0.0036256554559633662
2024-03-09,88.42,91.07,86.68,90.77,3005965.556,2024-03-09 23:59:59.999,267715009.72066,533404,1460518.953,130076129.57325,0,2024-03-09,72.03997393004559,79.18299999999999,9.11997004842366,1.270508558523474,0.026577697353539875,0.02623064614043868
2024-03-10,90.77,90.91,85.4,87.49,2757748.97,2024-03-10 23:59:59.999,243759905.41872,538321,1298659.798,114807217.3904,0,2024-03-10,67.57693091501935,79.98949999999999,9.104947454973566,0.823782897934558,-0.036135286989093296,-0.036804333420362684
2024-03-11,87.5,105.86,82.8,104.06,9732487.793,2024-03-11 23:59:59.999,946484259.44333,1596047,4916431.51,478670324.58386,0,2024-03-11,75.0822239624119,81.708,10.232419377435914,2.1844296227038607,0.1893930734941136,0.17344315474398428
2024-03-12,104.06,104.49,91.52,97.62,7910952.85,2024-03-12 23:59:59.999,775216152.51836,1255146,3840650.683,376507923.59351,0,2024-03-12,67.25754468209786,83.14099999999999,10.35922213092434,1.3976918167221568,-0.06188737266961364,-0.06388526540315598
2024-03-13,97.62,99.13,94.13,97.31,3611706.415,2024-03-13 23:59:59.999,350527636.93824,614563,1745736.454,169449691.99241,0,2024-03-13,66.71073894520346,84.565,10.245298022941384,1.2439852868565913,-0.0031755787748412034,-0.003180631625103786
2024-03-14,97.31,98.4,89.6,94.18,5670224.915,2024-03-14 23:59:59.999,536935094.43189,977582,2713923.808,257098992.62195,0,2024-03-14,60.78759312756577,85.83099999999999,9.755167537472179,0.855854086352623,-0.03216524509300167,-0.03269391401848903
2024-03-15,94.19,95.5,83.34,89.84,7110072.406,2024-03-15 23:59:59.999,630236002.87243,1167819,3455960.02,306337367.92896,0,2024-03-15,53.72446628782062,86.799,9.089557281787094,0.33455974870121585,-0.046081970694415,-0.04717753438522083
2024-03-16,89.83,90.83,82.23,84.16,4726164.614,2024-03-16 23:59:59.999,411536948.94465,832761,2303061.777,200537331.81683,0,2024-03-16,41.47736558261154,87.49499999999999,8.248944111055092,-0.4042941684536915,-0.06322350845948355,-0.06531056144078803
2024-03-17,84.16,86.86,80.73,85.99,3377066.209,2024-03-17 23:59:59.999,286841122.45303,589603,1623120.085,137853911.9269,0,2024-03-17,45.931802835921665,88.193,7.420495160095138,-0.2968804577687722,0.021744296577946853,0.021511261433405503
2024-03-18,85.99,88.15,80.81,86.84,4205078.306,2024-03-18 23:59:59.999,354203365.48674,711282,2048235.451,172468646.69087,0,2024-03-18,48.12210598525124,88.832,6.649628877649464,-0.2995655902986468,0.009884870333759732,0.009836334587285937
2024-03-19,86.83,87.87,77.15,78.51,8916495.393,2024-03-19 23:59:59.999,721748781.62893,1315365,4319206.755,349672316.01488,0,2024-03-19,47.104247104247115,89.02950000000001,6.25008334680817,-1.6830975550705527,-0.09592353754030403,-0.10084133979992693
2024-03-20,78.51,85.37,77.01,84.73,7172534.117,2024-03-20 23:59:59.999,581475225.4711,1058672,3573098.25,289775322.10253,0,2024-03-20,49.0294403105791,89.2665,5.972996492984651,-0.7595015341676759,0.0792255763596994,0.07624372500020854
2024-03-21,84.72,87.08,83.64,85.81,4197002.069,2024-03-21 23:59:59.999,358671764.25366,679198,2050251.079,175178457.26388,0,2024-03-21,48.11460563148363,89.3075,5.944844626356753,-0.5883248797611411,0.012746370824973319,0.01266581960865672
2024-03-22,85.81,86.32,80.62,83.47,4032312.952,2024-03-22 23:59:59.999,335947638.55946,626217,1985160.979,165362263.34886,0,2024-03-22,46.05577689243027,88.75150000000001,5.944795401724464,-0.8884241833567481,-0.02726954900361267,-0.02764826395638432
2024-03-23,83.47,87.58,82.9,85.33,3229530.34,2024-03-23 23:59:59.999,276790686.03802,472722,1592578.952,136484237.3474,0,2024-03-23,45.631223899775144,88.47749999999999,5.971154234708719,-0.5271175180343558,0.022283455133580876,0.022038806685848122
2024-03-24,85.32,91.13,85.31,89.7,4172616.224,2024-03-24 23:59:59.999,369705468.71415,652546,2093416.654,185529040.27904,0,2024-03-24,51.7442778216259,88.511,5.976294310369394,0.19895271856625066,0.05121293800539095,0.04994467651625708
2024-03-25,89.71,92.15,88.59,90.64,3679305.771,2024-03-25 23:59:59.999,332246386.43659,582222,1826556.663,164949111.07916,0,2024-03-25,35.93880972338641,88.945,5.787717030142032,0.29286158794090383,0.010479375696766935,0.010424847655000376
2024-03-26,90.64,97.17,87.57,95.87,6426718.532,2024-03-26 23:59:59.999,593805652.19144,1001557,3230128.655,298427002.27723,0,2024-03-26,48.118684153945395,89.44200000000001,5.939966861501284,1.0821609193919588,0.05770079435127973,0.05609749036915428
2024-03-27,95.86,99.5,92.29,93.65,6292996.392,2024-03-27 23:59:59.999,601811497.10535,1127968,3135412.949,299987783.19486,0,2024-03-27,46.220570012391576,89.7195,6.003275838191835,0.6547258706646172,-0.02315635756753931,-0.023428678198807628
2024-03-28,93.64,96.7,93.44,94.2,3806011.907,2024-03-28 23:59:59.999,362207805.5464,713357,1863555.916,177367425.57065,0,2024-03-28,50.021815008726,90.0085,6.07610875738111,0.6898329452889189,0.005872931126534864,0.005855752692219748
2024-03-29,94.19,110.59,92.79,109.14,11296621.028,2024-03-29 23:59:59.999,1158897368.13312,1753325,5928142.122,608641715.92208,0,2024-03-29,67.09780297661233,90.927,7.43400586210692,2.4499577129521026,0.15859872611464976,0.14721128017576857
2024-03-30,109.14,109.37,101.16,102.92,4958854.465,2024-03-30 23:59:59.999,517061275.50486,911229,2450619.734,255405859.11905,0,2024-03-30,66.46191646191646,91.69850000000001,7.847692436563337,1.4299107783222598,-0.056991020707348294,-0.0586794743445424
2024-03-31,102.92,106.89,101.52,105.15,3879810.793,2024-03-31 23:59:59.999,402816350.32929,707872,1930051.329,200404431.54463,0,2024-03-31,66.69571279191356,91.753,7.9412845971277,1.6870066594572868,0.0216673144189663,0.021435914735165477
2024-04-01,105.14,113.0,97.35,99.28,9258185.596,2024-04-01 23:59:59.999,975386204.23123,1556804,4489433.045,473209407.09656,0,2024-04-01,59.967948717948715,91.836,8.01417257770316,0.9288544672360216,-0.05582501188777944,-0.0574437612523571
2024-04-02,99.28,109.13,92.97,106.86,11600249.157,2024-04-02 23:59:59.999,1182260614.09952,1902166,5808113.84,592094903.57631,0,2024-04-02,72.99270072992701,92.3135,8.619158754282552,1.687693708248773,0.0763497179693795,0.07357542563327349
2024-04-03,106.87,110.0,96.56,98.37,7526238.875,2024-04-03 23:59:59.999,766629015.55547,1278941,3620620.222,368880808.69228,0,2024-04-03,60.66958698372966,92.523,8.717277520439959,0.6707369343571056,-0.07944974733295895,-0.08278368700495864
2024-04-04,98.37,104.4,96.28,98.47,6291873.139,2024-04-04 23:59:59.999,630545453.5594,1072089,3065561.672,307319012.12961,0,2024-04-04,60.05719733079122,92.9545,8.790760984360666,0.6274200845424458,0.0010165700925077736,0.0010160537350440237
2024-04-05,98.47,100.33,95.06,97.9,4750047.508,2024-04-05 23:59:59.999,466140331.1216,946783,2290561.303,224829806.32309,0,2024-04-05,61.794997547817566,93.64150000000001,8.602164522585696,0.49504982017246396,-0.005788565045191318,-0.0058053837232458945
2024-04-06,97.91,102.56,97.24,101.68,3233283.544,2024-04-06 23:59:59.999,324038721.34146,656857,1583088.347,158635232.89683,0,2024-04-06,62.95767950546839,94.426,8.583063739588752,0.845152758978296,0.038610827374872425,0.037884077344734014
2024-04-07,101.68,106.05,100.25,101.3,3138296.253,2024-04-07 23:59:59.999,323813973.39854,668124,1552184.06,160188391.38516,0,2024-04-07,59.813874788494076,95.149,8.519206103360107,0.7220156344819438,-0.0037372147915027965,-0.0037442156265609563
2024-04-08,101.3,106.16,99.51,103.35,3905352.73,2024-04-08 23:59:59.999,403506073.43938,758260,1873724.706,193513361.94831,0,2024-04-08,60.55472512871616,96.39099999999999,7.740900872362321,0.8989909720774267,0.02023692003948674,0.020034874873139635
2024-04-09,103.34,103.53,96.5,97.6,3654379.36,2024-04-09 23:59:59.999,364356585.54915,648149,1711957.665,170673075.17266,0,2024-04-09,51.424337230363896,97.03450000000001,7.239185382344539,0.07811652418505115,-0.05563618771165946,-0.05724379270873051
2024-04-10,97.6,98.4,93.48,96.79,3397642.375,2024-04-10 23:59:59.999,327399021.7903,660345,1618953.437,156031939.23954,0,2024-04-10,52.64666217127445,97.5835,6.74245252505221,-0.11768714678400351,-0.008299180327868694,-0.008333810258049421
2024-04-11,96.79,100.07,94.91,98.85,3128018.944,2024-04-11 23:59:59.999,304471853.03087,577597,1533965.434,149315415.61797,0,2024-04-11,53.822127239848754,98.35249999999999,5.868464225704462,0.08477516107551655,0.02128319041223259,0.021059866455628618
2024-04-12,98.85,99.6,78.95,86.09,6638016.801,2024-04-12 23:59:59.999,598099438.34254,1165135,3103436.267,279703718.39735,0,2024-04-12,30.349531116794537,98.3905,5.781518171585478,-2.1275553643424434,-0.12908447142134538,-0.13821028894676254
2024-04-13,86.1,86.68,70.53,77.33,8261914.671,2024-04-13 23:59:59.999,658012464.05598,1515523,3959842.379,315838084.66703,0,2024-04-13,29.089720542572294,97.772,7.238283163696085,-2.824150359649885,-0.10175397839470324,-0.10731128204891921
2024-04-14,77.32,80.39,73.72,79.68,6531789.118,2024-04-14 23:59:59.999,507327728.61109,1126981,3214485.366,249666002.00661,0,2024-04-14,29.228510846517693,97.224,8.162530180484442,-2.1493335536994937,0.030389240915556837,0.02993663465539884
2024-04-15,79.68,82.78,75.57,78.06,5590495.013,2024-04-15 23:59:59.999,442651975.5383,951146,2747240.935,217465900.22369,0,2024-04-15,31.405538030143703,96.3335,9.220905467009684,-1.9817468105901803,-0.02033132530120485,-0.02054085152387392
2024-04-16,78.06,80.39,75.29,79.9,4494462.794,2024-04-16 23:59:59.999,351094633.80638,810755,2201238.711,171937031.94362,0,2024-04-16,23.733437256430236,95.646,9.91777373150967,-1.58765469209824,0.023571611580835317,0.023298091019760134
2024-04-17,79.9,80.8,76.22,80.15,4151208.999,2024-04-17 23:59:59.999,326066972.45818,661003,2039189.92,160181356.58566,0,2024-04-17,28.853296193129054,94.9435,10.505756454637591,-1.4081327759572848,0.0031289111389236623,0.003124026283332985
2024-04-18,80.14,82.52,78.58,80.72,4206178.802,2024-04-18 23:59:59.999,339707207.42822,698573,2045226.247,165152266.14319,0,2024-04-18,29.621125143513197,93.52250000000001,10.406045750324296,-1.2302944179926394,0.007111665626949426,0.007086496989791513
2024-04-19,80.72,82.18,75.72,80.82,4024988.098,2024-04-19 23:59:59.999,321445440.2392,762263,1987044.593,158735908.18295,0,2024-04-19,30.17641597028782,92.4175,10.528282648478925,-1.1015566723672223,0.0012388503468780954,0.0012380836049740989
2024-04-20,80.83,85.94,80.22,84.99,2089601.56,2024-04-20 23:59:59.999,174064121.04896,420460,1057599.175,88120057.48262,0,2024-04-20,30.802852541982944,91.40950000000001,10.205209956835947,-0.6290414432580997,0.05159613956941356,0.0503091428602073
2024-04-21,84.99,85.64,82.68,84.12,1715897.571,2024-04-21 23:59:59.999,144872380.15713,364302,827071.893,69819853.71846,0,2024-04-21,30.459508644222012,90.6515,10.152730135804424,-0.6433244962324105,-0.010236498411577699,-0.010289251676035708
2024-04-22,84.13,86.48,83.88,85.34,2072535.448,2024-04-22 23:59:59.999,176405055.15642,429961,1010576.215,86024569.59146,0,2024-04-22,29.12126130303733,89.5755,9.461338769737267,-0.4476639197771393,0.014503090822634235,0.01439892692535478
2024-04-23,85.33,86.34,83.89,84.97,1748613.151,2024-04-23 23:59:59.999,148274836.62129,351474,867533.517,73561273.11673,0,2024-04-23,33.27152317880794,88.9055,9.278472807069187,-0.42415385396199917,-0.004335598781345262,-0.004345024744403998
2024-04-24,84.98,87.67,82.27,83.19,3585574.643,2024-04-24 23:59:59.999,306117039.52205,616442,1746768.389,149139094.04825,0,2024-04-24,32.4380165289256,88.1415,9.076355792586963,-0.5455383320301406,-0.02094857008355888,-0.021171104719653583
2024-04-25,83.19,85.06,81.77,83.72,2842439.246,2024-04-25 23:59:59.999,237178308.76946,569717,1413890.272,117975286.19706,0,2024-04-25,29.65851035224523,87.43249999999999,8.824285195440385,-0.42071396354214446,0.006370958047842379,0.006350749282002711
2024-04-26,83.73,88.59,83.04,88.04,4323979.521,2024-04-26 23:59:59.999,374107563.44205,700008,2160112.585,186902671.73289,0,2024-04-26,53.391304347826086,86.75050000000002,8.167868674516747,0.15787472245031942,0.051600573339703804,0.050313359080461965
2024-04-27,88.03,88.42,83.06,83.83,3463879.41,2024-04-27 23:59:59.999,295739951.04753,590496,1706616.968,145664014.91831,0,2024-04-27,63.42975206611569,85.877,7.4309056613113516,-0.2754711327661718,-0.04781917310313499,-0.04900031800849497
2024-04-28,83.84,85.41,83.51,83.94,2084610.579,2024-04-28 23:59:59.999,176353705.34614,401737,1015024.958,85861956.34283,0,2024-04-28,59.69945355191254,84.90650000000001,6.193195140843812,-0.15605837988633547,0.0013121794107120444,0.0013113192556786907
2024-04-29,83.95,85.62,81.59,83.48,3032120.361,2024-04-29 23:59:59.999,252752324.12018,545771,1486112.07,123859467.0605,0,2024-04-29,63.02884615384616,84.2005,5.427507400168754,-0.13274970384703652,-0.005480104836788069,-0.005495175696444695
2024-04-30,83.49,84.5,77.07,79.43,2967270.945,2024-04-30 23:59:59.999,237853095.70918,564508,1428519.131,114500244.34304,0,2024-04-30,48.978704910908306,83.3325,4.639036736440412,-0.8412306738908095,-0.04851461427886916,-0.04973095156395928
2024-05-01,79.42,80.85,74.49,80.11,3641289.422,2024-05-01 23:59:59.999,283346033.41291,638317,1825684.023,142099284.90254,0,2024-05-01,49.91467576791807,82.3955,2.9102802813005995,-0.7853195496959533,0.008560997104368528,0.008524559581984649
2024-05-02,80.12,81.26,78.58,80.0,1825333.94,2024-05-02 23:59:59.999,145916284.12406,377919,911546.935,72859766.63329,0,2024-05-02,48.43342036553525,82.09100000000001,2.820596987936844,-0.7413324232220402,-0.001373111971039842,-0.0013740555531438464
2024-05-03,79.99,82.59,79.28,81.83,1839956.837,2024-05-03 23:59:59.999,148921050.59774,346807,921557.167,74583336.60801,0,2024-05-03,52.04370700121409,82.316,2.5909567426035527,-0.18757549750199284,0.02287499999999998,0.022617289865408716
2024-05-04,81.83,82.98,81.36,81.6,1286622.343,2024-05-04 23:59:59.999,105615817.4793,250976,611384.688,50193451.9748,0,2024-05-04,41.83919114106885,82.412,2.5228213112225553,-0.3218618759830112,-0.002810705120371515,-0.002814662569229037
2024-05-05,81.6,81.74,80.34,81.28,1369604.376,2024-05-05 23:59:59.999,111100654.40342,251363,670697.942,54410877.00149,0,2024-05-05,42.97725024727992,82.57300000000001,2.325499606749143,-0.5560095543544357,-0.0039215686274508554,-0.003929278139889438
2024-05-06,81.29,84.18,79.94,80.72,2673810.856,2024-05-06 23:59:59.999,218935621.44883,438589,1285073.735,105242441.27748,0,2024-05-06,38.19018404907975,82.614,2.2827278234006134,-0.829709079016913,-0.006889763779527547,-0.0069136077848182325
2024-05-07,80.73,82.65,79.68,80.79,1995905.948,2024-05-07 23:59:59.999,162373567.78249,340353,959812.712,78078595.07631,0,2024-05-07,39.14849428868123,82.646,2.2506289179368615,-0.8246583811343626,0.0008671952428147556,0.0008668194462638028
2024-05-08,80.79,82.29,79.27,81.66,2173858.334,2024-05-08 23:59:59.999,175767058.31642,388272,1068379.566,86395984.13847,0,2024-05-08,45.831062670299715,82.693,2.2178678713292963,-0.46576264228980635,0.010768659487560228,0.01071109039981236
2024-05-09,81.66,83.13,80.67,83.02,1724392.029,2024-05-09 23:59:59.999,141276205.59938,318765,867686.207,71102863.62972,0,2024-05-09,48.17518248175182,82.803,2.174210322451301,0.09980635164832781,0.016654420769042444,0.016517256733463066
2024-05-10,83.02,83.46,79.48,80.18,2073839.911,2024-05-10 23:59:59.999,168913013.62987,334265,972305.418,79223466.55978,0,2024-05-10,27.796610169491487,82.5625,2.1855623749219837,-1.0901084440955566,-0.034208624427848555,-0.03480743541053164
2024-05-11,80.18,82.3,80.1,81.35,1282230.461,2024-05-11 23:59:59.999,103959499.08297,243864,639605.005,51862682.42314,0,2024-05-11,41.54160982264662,82.424,2.1693763352973536,-0.49507316113172245,0.014592167622848429,0.014486726450685748
2024-05-12,81.35,82.15,80.78,81.39,943310.683,2024-05-12 23:59:59.999,76937681.50312,188640,466886.824,38080485.70136,0,2024-05-12,41.261137765592856,82.2265,2.067335623183819,-0.4046270913243112,0.0004917025199755454,0.000491581673903393
2024-05-13,81.39,82.52,78.87,80.59,2117772.362,2024-05-13 23:59:59.999,171769778.52751,387135,1063781.749,86303347.9811,0,2024-05-13,40.32150033489616,82.0075,1.9920338059751337,-0.7115843093366079,-0.009829217348568564,-0.00987784300253006
2024-05-14,80.59,81.73,78.33,78.73,2305720.749,2024-05-14 23:59:59.999,184085746.15154,371837,1088250.46,86902733.46653,0,2024-05-14,47.252747252747234,81.78450000000001,2.0994346983339613,-1.4549154600635827,-0.02307978657401666,-0.023350295140044153
2024-05-15,78.73,82.84,78.18,82.42,1974873.097,2024-05-15 23:59:59.999,158248034.58342,344148,997861.03,79985816.84745,0,2024-05-15,57.33333333333335,81.71950000000001,2.056032139299312,0.3407047908495821,0.046869046106947865,0.04580384871429553
2024-05-16,82.43,83.25,81.33,82.39,1560282.297,2024-05-16 23:59:59.999,128350130.1239,272175,789877.08,64971487.01557,0,2024-05-16,57.626037013401415,81.43699999999998,1.4367877182468927,0.6632851797778639,-0.0003639893229798741,-0.000364055583172652
2024-05-17,82.39,84.24,81.89,84.13,1359014.998,2024-05-17 23:59:59.999,113025665.94492,240071,683755.827,56867219.70058,0,2024-05-17,57.381258023106554,81.452,1.4643863453193482,1.8287523702742452,0.02111906784803974,0.02089915123522349
2024-05-18,84.12,84.77,83.38,83.82,867656.222,2024-05-18 23:59:59.999,72895163.82108,174280,420141.717,35294936.94088,0,2024-05-18,57.08812260536399,81.446,1.4538638175347436,1.6328902139029007,-0.0036847735647213,-0.0036915790657968003
2024-05-19,83.82,84.37,81.7,82.36,1001781.299,2024-05-19 23:59:59.999,83239040.23579,181304,493769.626,41025940.90145,0,2024-05-19,53.214285714285715,81.39000000000001,1.3916328916779026,0.697022904388562,-0.01741827726079692,-0.017571760337336727
2024-05-20,82.37,89.13,82.36,88.67,2478255.148,2024-05-20 23:59:59.999,210906338.44912,383800,1271954.6,108231953.34792,0,2024-05-20,67.62749445676278,81.852,2.0734425987867136,3.2882511452159746,0.07661486158329289,0.07382173123232698
2024-05-21,88.67,89.67,87.02,88.29,2492755.366,2024-05-21 23:59:59.999,220302405.19408,403065,1178660.402,104169006.04516,0,2024-05-21,66.40419947506564,82.261,2.478876867908784,2.4321498490105165,-0.004285553174692591,-0.004294762478424459
2024-05-22,88.3,88.54,84.9,85.85,1940079.954,2024-05-22 23:59:59.999,167985975.86684,342699,961296.068,83225472.5182,0,2024-05-22,58.575521899304135,82.5535,2.5423720275076853,1.2966237688005045,-0.027636198890021668,-0.028025263570006714
2024-05-23,85.84,88.05,79.7,85.48,3422084.571,2024-05-23 23:59:59.999,292195203.21323,576817,1633212.913,139515420.36203,0,2024-05-23,55.24744027303757,82.736,2.617595119659311,1.0482904630251377,-0.004309842748980719,-0.004319156892537606
2024-05-24,85.48,86.52,84.04,85.05,1907643.487,2024-05-24 23:59:59.999,162691878.47863,350576,954283.798,81379826.53964,0,2024-05-24,61.57869709938181,82.9085,2.6522409095033876,0.8074304232042682,-0.005030416471689336,-0.005043111609076154
2024-05-25,85.05,86.01,84.47,85.01,851932.51,2024-05-25 23:59:59.999,72547832.1104,165940,414756.24,35321007.12471,0,2024-05-25,59.195979899497516,83.095,2.662822997446085,0.7191615822143206,-0.0004703115814226333,-0.00047042221260322026
2024-05-26,85.01,85.3,83.56,83.96,951016.943,2024-05-26 23:59:59.999,80343491.20667,190053,449549.771,37981240.97005,0,2024-05-26,56.14538498326158,83.257,2.6087365362811004,0.2694791099917489,-0.012351488060228344,-0.012428401676835387
2024-05-27,83.96,86.51,83.86,85.3,1285407.75,2024-05-27 23:59:59.999,109425008.80519,247339,636777.85,54206800.24578,0,2024-05-27,60.979020979020966,83.48249999999999,2.5790183260796065,0.7047255080047496,0.015959980943306418,0.015833959545201275
2024-05-28,85.31,85.62,82.11,83.48,1853062.97,2024-05-28 23:59:59.999,154940568.79332,363810,899692.409,75247194.22719,0,2024-05-28,61.092947220924806,83.5735,2.5431875461073643,-0.03676488591771535,-0.021336459554513354,-0.021567372288633303
2024-05-29,83.48,84.28,82.67,83.63,1187183.849,2024-05-29 23:59:59.999,99350019.00513,251367,571296.825,47809582.02739,0,2024-05-29,53.385562395075524,83.60400000000001,2.539855777078659,0.01023680172497323,0.0017968375658838909,0.0017952251844342451
2024-05-30,83.63,85.62,81.83,84.48,1776675.986,2024-05-30 23:59:59.999,149312304.26421,348101,885193.526,74391431.87015,0,2024-05-30,55.591225254146615,83.819,2.413619034156854,0.2738626065860918,0.010163816812148951,0.010112512564517144
2024-05-31,84.49,84.77,82.05,83.25,1366050.049,2024-05-31 23:59:59.999,114287710.84717,268541,674818.73,56470132.89727,0,2024-05-31,47.57975797579759,83.91400000000002,2.3478195931639116,-0.2828155970473064,-0.014559659090909172,-0.014666691097398217
2024-06-01,83.25,83.81,82.95,83.52,487132.867,2024-06-01 23:59:59.999,40631497.55135,115060,242091.811,20193663.15303,0,2024-06-01,49.17309812568909,84.0205,2.2744657556497545,-0.22005167532497003,0.00324324324324321,0.0032379952737753475
2024-06-02,83.52,83.58,82.24,83.16,818955.7,2024-06-02 23:59:59.999,67910293.89433,165013,373856.424,31004954.09147,0,2024-06-02,52.34741784037558,84.149,2.1390182204244423,-0.46236165290997777,-0.004310344827586188,-0.004319661144516396
2024-06-03,83.17,84.38,82.68,82.89,1207594.047,2024-06-03 23:59:59.999,100932583.39203,238522,603517.638,50447204.03822,0,2024-06-03,23.72727272727272,84.357,1.7514928970340093,-0.8375711956835378,-0.0032467532467531646,-0.0032520353863772318
2024-06-04,82.88,83.74,81.15,83.71,1299657.984,2024-06-04 23:59:59.999,107235898.28725,259036,636397.003,52526752.66451,0,2024-06-04,29.982517482517423,84.42150000000001,1.699384640931633,-0.4186809641929905,0.009892628785136859,0.009844017068530084
2024-06-05,83.71,85.53,83.56,85.48,1029985.241,2024-06-05 23:59:59.999,86844655.54323,216171,507173.786,42779392.87989,0,2024-06-05,48.282265552460586,84.576,1.6445488902952485,0.5496948162104892,0.021144427189105475,0.020923985778982083
2024-06-06,85.49,85.89,84.24,84.27,1030841.353,2024-06-06 23:59:59.999,87787316.8108,208933,501010.91,42681850.81162,0,2024-06-06,44.788975021533126,84.583,1.642847656051039,-0.19052283931936187,-0.014155357978474559,-0.014256500666684942
2024-06-07,84.27,84.92,74.61,80.14,2609230.077,2024-06-07 23:59:59.999,211000489.25015,459386,1205022.183,97561656.85027,0,2024-06-07,33.964728935336396,84.399,1.9161499226979526,-2.2226862050560734,-0.04900913729678413,-0.05025082457626348
2024-06-08,80.15,80.47,78.86,79.96,912205.038,2024-06-08 23:59:59.999,72766025.05577,188632,426713.794,34029602.55401,0,2024-06-08,33.65695792880257,84.279,2.115359618535094,-2.0417332174426917,-0.002246069378587512,-0.0022485955757992225
2024-06-09,79.96,80.7,79.49,80.48,582644.885,2024-06-09 23:59:59.999,46692693.50169,125777,269331.986,21583784.88206,0,2024-06-09,38.337801608579134,83.8695,2.01073297710119,-1.6857036904455274,0.006503251625813,0.0064821967192298545
2024-06-10,80.48,80.52,79.06,79.7,926720.744,2024-06-10 23:59:59.999,73883446.24808,184196,455026.195,36272889.6928,0,2024-06-10,30.5013927576602,83.44,1.9327155697677936,-1.935101087041658,-0.009691848906560607,-0.009739120555259691
2024-06-11,79.7,79.86,75.54,77.29,2752878.449,2024-06-11 23:59:59.999,214010251.2473,457377,1297864.62,100888736.08824,0,2024-06-11,29.29765886287629,83.012,2.286379809112469,-2.502646313265498,-0.030238393977415234,-0.030705004677389652
2024-06-12,77.28,79.29,76.32,78.49,1805142.539,2024-06-12 23:59:59.999,140776556.85054,351874,875491.144,68305384.68562,0,2024-06-12,33.937500000000014,82.6625,2.419629973872907,-1.7244372259620402,0.015525941260188691,0.015406647019942495
2024-06-13,78.5,79.77,77.25,79.13,1820566.391,2024-06-13 23:59:59.999,143210104.47642,348811,902617.107,71013433.21231,0,2024-06-13,33.05889803673209,82.3665,2.473689498861915,-1.3083695433436744,0.008153904956045288,0.008120841482379595
2024-06-14,79.14,80.26,76.21,77.56,2022297.93,2024-06-14 23:59:59.999,158443613.45171,338490,980696.642,76822836.67114,0,2024-06-14,32.362058276503404,81.994,2.6117435192728173,-1.6977164745619997,-0.01984076835587001,-0.02004023924665085
2024-06-15,77.56,79.44,77.43,79.21,836481.208,2024-06-15 23:59:59.999,65796720.23639,187050,420414.554,33073001.38122,0,2024-06-15,37.69274700171329,81.75649999999999,2.639380459589586,-0.9648097494803634,0.021273852501289214,0.021050723101737143
2024-06-16,79.21,80.13,78.56,78.96,827159.958,2024-06-16 23:59:59.999,65589347.02095,164975,401375.936,31827251.6314,0,2024-06-16,37.931034482758605,81.4395,2.57124273658926,-0.9643196905201744,-0.003156167150612288,-0.0031611583509621563
2024-06-17,78.96,79.2,75.0,76.56,1941094.811,2024-06-17 23:59:59.999,150030221.5628,327228,950761.009,73468867.78267,0,2024-06-17,33.79416282642087,81.09349999999999,2.742128015350114,-1.6532780288235935,-0.03039513677811545,-0.030866647980527268
2024-06-18,76.56,76.74,70.6,72.61,3249648.956,2024-06-18 23:59:59.999,235953857.39931,537326,1534216.043,111402235.92091,0,2024-06-18,25.507502206531342,80.54249999999999,3.2632722921275565,-2.4308422006758854,-0.051593521421107624,-0.052972093752543435
2024-06-19,72.61,74.93,72.44,73.74,1379417.183,2024-06-19 23:59:59.999,101992447.82623,281439,686364.247,50737274.32367,0,2024-06-19,23.34241598546771,80.0055,3.459028575213838,-1.8113467014688274,0.015562594683927733,0.015442739413842973
2024-06-20,73.73,75.31,73.18,74.66,1299638.278,2024-06-20 23:59:59.999,96680269.22824,272217,657374.469,48902687.37819,0,2024-06-20,27.88771283939252,79.576,3.5665911780738044,-1.378346929758,0.01247626796853818,0.0123990806804394
2024-06-21,74.65,74.68,72.14,74.12,1549250.777,2024-06-21 23:59:59.999,113587393.42472,292299,762173.758,55881478.05894,0,2024-06-21,33.40683572216095,79.106,3.638143540459492,-1.3704791865826893,-0.007232788641842958,-0.007259072069278687
2024-06-22,74.13,74.85,73.53,74.58,628068.8,2024-06-22 23:59:59.999,46626958.25223,139478,308259.05,22886528.36023,0,2024-06-22,35.39630836047772,78.67699999999999,3.6408112167103055,-1.1252986645382517,0.006206152185644909,0.006186973333515722
2024-06-23,74.58,75.03,73.22,73.35,838588.869,2024-06-23 23:59:59.999,62323217.24721,164239,407899.768,30314951.04565,0,2024-06-23,31.36434918975425,78.2,3.6844738251688964,-1.3163344971727908,-0.016492357200321828,-0.01662987016168405
2024-06-24,73.35,73.43,67.28,69.64,2983361.219,2024-06-24 23:59:59.999,208652271.86619,535512,1475531.486,103198386.41363,0,2024-06-24,27.198549410698035,77.4965,3.9131818726394614,-2.0077012149452558,-0.050579413769597736,-0.05190338968900234
2024-06-25,69.64,71.98,69.36,71.32,1381128.686,2024-06-25 23:59:59.999,97759486.73552,276021,668641.921,47335393.17496,0,2024-06-25,36.005625879043535,76.78849999999998,3.6658771837376354,-1.4917302806157973,0.024124066628374408,0.023837678094951277
2024-06-26,71.32,71.94,70.13,70.97,1074054.976,2024-06-26 23:59:59.999,76500282.80612,201703,531082.668,37832864.18005,0,2024-06-26,31.64062499999997,76.12349999999999,3.436430637485295,-1.4996665271763532,-0.004907459338194031,-0.004919540458048087
2024-06-27,70.96,73.33,70.51,73.24,1116700.42,2024-06-27 23:59:59.999,80195115.77867,211156,571194.275,41026267.15346,0,2024-06-27,36.68023518769783,75.7785,3.3574258231309053,-0.7560852074559812,0.03198534592081148,0.03148446726941829
2024-06-28,73.23,74.74,72.48,72.87,1879771.674,2024-06-28 23:59:59.999,138282100.34121,310134,917643.755,67505796.76627,0,2024-06-28,38.78527020564321,75.424,3.265730191571513,-0.7820609328325997,-0.005051884216275115,-0.005064688124118997
2024-06-29,72.87,76.97,72.84,74.9,1525330.957,2024-06-29 23:59:59.999,114232266.76648,260579,748476.012,56067758.6819,0,2024-06-29,39.877876937529365,75.145,3.0417230227782674,-0.08054645283784279,0.02785782901056688,0.02747685884098309
2024-06-30,74.9,75.93,74.07,75.27,1530212.307,2024-06-30 23:59:59.999,114779576.85232,273844,778640.928,58413431.21635,0,2024-06-30,41.38253152732366,74.92349999999999,2.8476754601334986,0.12167819151124833,0.004939919893190758,0.004927758523266655
2024-07-01,75.27,75.93,74.13,74.37,1210280.565,2024-07-01 23:59:59.999,90695627.16316,221894,584963.703,43845841.4077,0,2024-07-01,44.50025113008538,74.7775,2.7943135396417755,-0.1458318811468234,-0.011956954962136224,-0.012029014331231698
2024-07-02,74.37,76.19,74.28,76.01,1058524.865,2024-07-02 23:59:59.999,79447883.35748,181799,528543.904,39681485.37846,0,2024-07-02,59.65909090909096,74.6535,2.673303249369289,0.5074246628473779,0.022051902648917654,0.021812275862740323
2024-07-03,76.01,76.19,71.77,72.05,1996727.013,2024-07-03 23:59:59.999,147856450.13771,349809,947513.865,70122669.33446,0,2024-07-03,45.863925599608415,74.2995,2.5133045451700218,-0.8950367771080531,-0.05209840810419697,-0.05350458813241814
2024-07-04,72.06,72.4,64.84,65.37,3249111.665,2024-07-04 23:59:59.999,222955667.73535,547670,1583802.561,108689107.07053,0,2024-07-04,32.264222985872436,73.69,3.092372620009151,-2.690490772737269,-0.09271339347675212,-0.09729688482089274
2024-07-05,65.37,65.54,56.42,61.8,6370698.629,2024-07-05 23:59:59.999,383622863.17032,871673,3066048.347,184642236.74715,0,2024-07-05,28.918548939082783,72.8195,3.8212625014767068,-2.883732796619332,-0.054612207434603155,-0.056160073160993244
2024-07-06,61.79,65.64,61.36,65.37,1780901.389,2024-07-06 23:59:59.999,112828982.41923,310107,858706.132,54423662.17346,0,2024-07-06,35.75626353232292,72.14,3.87973005028522,-1.7449667663095005,0.05776699029126231,0.05616007316099328
2024-07-07,65.36,65.53,61.57,62.02,1643937.537,2024-07-07 23:59:59.999,104711710.85916,313178,795382.453,50664094.62346,0,2024-07-07,33.555878084179966,71.413,4.342575151600263,-2.163002290596772,-0.05124674927336703,-0.05260652395233536
2024-07-08,62.01,66.98,59.17,64.89,3247216.723,2024-07-08 23:59:59.999,206111524.94931,535926,1596812.357,101450600.54792,0,2024-07-08,42.933650699196654,71.027,4.567839636775323,-1.343523522715528,0.04627539503385991,0.04523661496077408
2024-07-09,64.88,66.25,64.22,65.27,1151807.565,2024-07-09 23:59:59.999,75394626.47862,264508,548830.161,35927447.21213,0,2024-07-09,40.637573506654284,70.6035,4.693969563502177,-1.1362451178785806,0.005856064108491266,0.005838984014048937
2024-07-10,65.27,67.26,64.46,66.91,1282783.25,2024-07-10 23:59:59.999,84680401.37365,237817,638662.312,42157036.0216,0,2024-07-10,43.958333333333336,70.21600000000001,4.6612471789301715,-0.7092522393885985,0.025126398038915365,0.024815920147599608
2024-07-11,66.91,69.12,66.39,67.32,1432491.049,2024-07-11 23:59:59.999,97356938.46715,266828,707360.887,48087118.64663,0,2024-07-11,40.67422810333962,69.876,4.609206347932475,-0.5545423240047697,0.006127634135405735,0.006108936527879649
2024-07-12,67.33,69.4,66.73,69.22,1596478.323,2024-07-12 23:59:59.999,109450195.59826,281922,793880.695,54428681.83321,0,2024-07-12,44.514577697625484,69.608,4.475177855910458,-0.08670046476199059,0.028223410576351915,0.027832468884593092
2024-07-13,69.21,70.64,69.1,69.78,1361837.984,2024-07-13 23:59:59.999,95140004.56535,223705,677785.894,47341349.99864,0,2024-07-13,41.94968553459119,69.42949999999999,4.388423137244726,0.07986923526706054,0.00809014735625535,0.008057597551429797
2024-07-14,69.78,70.47,69.18,69.88,1007551.445,2024-07-14 23:59:59.999,70409720.66723,187886,483077.441,33758979.44211,0,2024-07-14,41.452584839835076,69.44149999999999,4.3893570743608565,0.09990073547704152,0.001433075379764892,0.0014320495072276745
2024-07-15,69.87,72.5,69.56,72.25,1891001.327,2024-07-15 23:59:59.999,133796439.18623,313770,931843.366,65961913.62373,0,2024-07-15,46.78787878787878,69.488,4.41515523955836,0.625572567698951,0.033915283342873526,0.033352841726685754
2024-07-16,72.26,74.05,70.29,73.17,2201838.094,2024-07-16 23:59:59.999,159603126.005,422739,1085826.742,78712753.76158,0,2024-07-16,45.60099132589839,69.598,4.480936932093526,0.7971547143224662,0.012733564013840848,0.012653173903397081
2024-07-17,73.17,74.21,71.08,71.32,1373109.94,2024-07-17 23:59:59.999,99728690.26882,253975,654747.725,47543770.0953,0,2024-07-17,48.79018892940006,69.502,4.418942002445676,0.4114106949115468,-0.025283586169195127,-0.02560870790099905
2024-07-18,71.32,72.91,70.43,71.58,1148404.299,2024-07-18 23:59:59.999,82382737.17379,211570,561584.776,40281768.3462,0,2024-07-18,63.07368421052629,69.4375,4.376404285896142,0.48955714784044124,0.003645541222658588,0.0036389123429402337
2024-07-19,71.58,74.08,69.6,73.36,1388409.822,2024-07-19 23:59:59.999,99693975.9494,249318,691839.418,49670831.15439,0,2024-07-19,76.32058287795991,69.3605,4.287889279541865,0.9327433007848841,0.024867281363509353,0.024563122610329655
2024-07-20,73.37,73.86,72.26,72.99,719025.782,2024-07-20 23:59:59.999,52588629.55788,149743,345966.416,25305981.67058,0,2024-07-20,70.30916844349676,69.2465,4.1506185651791645,0.9019137608561258,-0.00504362050163587,-0.005056382484668576
2024-07-21,72.99,74.11,71.15,73.95,1253133.497,2024-07-21 23:59:59.999,91386205.55827,211752,599101.434,43693029.41539,0,2024-07-21,86.43860720830781,69.2255,4.124311074837952,1.1455246498800131,0.013152486642005856,0.01306674369326797
2024-07-22,73.94,74.58,70.68,71.2,1771598.122,2024-07-22 23:59:59.999,129011509.31046,307848,848875.111,61812594.43934,0,2024-07-22,69.4153846153846,68.985,3.838182821120767,0.5770960121574441,-0.037187288708586896,-0.037896370738878735
2024-07-23,71.2,73.08,70.36,72.86,1707767.66,2024-07-23 23:59:59.999,122760332.78891,344409,830734.682,59734243.44761,0,2024-07-23,71.64860239589274,69.0255,3.876310610270283,0.9892138132172639,0.02331460674157304,0.02304697316248766
2024-07-24,72.86,73.63,70.71,71.25,1217722.7,2024-07-24 23:59:59.999,88329404.6203,246524,589216.41,42724142.70912,0,2024-07-24,62.39999999999999,69.31949999999999,3.8068283179086317,0.5071150676583633,-0.022097172659895636,-0.022344972431657777
2024-07-25,71.24,71.63,67.24,68.77,2071807.67,2024-07-25 23:59:59.999,142775241.8476,381305,1022671.126,70467862.26188,0,2024-07-25,53.70464997445069,69.66799999999999,3.3769880694161056,-0.26591743338769447,-0.03480701754385973,-0.035427215817015245
2024-07-26,68.77,71.67,68.72,71.28,1020869.262,2024-07-26 23:59:59.999,72289335.25117,200198,511540.714,36221801.47513,0,2024-07-26,55.10406342913776,69.9635,3.2367645882773632,0.4067333178223686,0.03649847317144106,0.035848179830809145
2024-07-27,71.27,72.35,70.22,71.3,1199527.431,2024-07-27 23:59:59.999,85782002.99903,209519,566465.77,40506971.32577,0,2024-07-27,53.86965376782076,70.42750000000001,2.650098061726927,0.32923309993722516,0.0002805836139168072,0.00028054425769624285
2024-07-28,71.29,71.74,70.3,71.05,619043.815,2024-07-28 23:59:59.999,44029685.34747,145390,303983.17,21621395.96727,0,2024-07-28,52.95603840323396,70.7355,2.308607406602885,0.1362293125719379,-0.003506311360448766,-0.0035124728771405668
2024-07-29,71.04,76.76,71.01,73.66,2705158.181,2024-07-29 23:59:59.999,201679629.10446,448824,1389478.154,103561027.15525,0,2024-07-29,53.51972041937093,71.155,2.00558562124329,1.2490117467271786,0.03673469387755102,0.03607605647380959
2024-07-30,73.67,74.54,71.04,71.66,1334067.96,2024-07-30 23:59:59.999,97421744.44856,343461,647014.322,47277891.6556,0,2024-07-30,46.42349597347228,71.3925,1.740114560636175,0.15372551098141607,-0.027151778441487973,-0.027527199140111546
2024-07-31,71.66,72.88,69.81,70.1,1163558.57,2024-07-31 23:59:59.999,83066673.48442,259651,567006.996,40487442.89994,0,2024-07-31,47.070124879923156,71.5315,1.490864373065163,-0.9601812383891687,-0.02176946692715609,-0.022009917836263423
2024-08-01,70.1,71.4,65.86,69.54,1986508.066,2024-08-01 23:59:59.999,136853754.14431,382884,959146.021,66106904.34734,0,2024-08-01,45.17045454545457,71.54749999999999,1.4662658443281742,-1.3691241651474135,-0.007988587731811547,-0.008020667460828914
2024-08-02,69.54,69.94,63.92,65.02,2070849.049,2024-08-02 23:59:59.999,138130903.87994,401271,976886.984,65178532.9833,0,2024-08-02,32.52305113160101,71.3095,2.041672366605137,-3.0805628282358017,-0.06499856197871745,-0.06720721170395623
2024-08-03,65.02,66.34,62.53,64.62,1765339.386,2024-08-03 23:59:59.999,113753499.58816,347709,862269.558,55557749.09007,0,2024-08-03,32.48221012976143,71.04650000000001,2.51859040566468,-2.5516256972733085,-0.006151953245155162,-0.006170954479406909
2024-08-04,64.61,65.21,60.17,62.42,1661670.047,2024-08-04 23:59:59.999,104937042.30988,322612,808152.865,51048978.03884,0,2024-08-04,27.059291683247096,70.555,3.1511008936611513,-2.5816374259436166,-0.034045187248529896,-0.03463822355371886
2024-08-05,62.42,62.56,49.23,56.04,8404007.445,2024-08-05 23:59:59.999,458809569.29289,1290994,4082555.555,222963408.97669,0,2024-08-05,23.64394993045896,69.6985,4.459374838168976,-3.062873271628404,-0.10221082986222374,-0.10782001537382722
2024-08-06,56.04,59.27,55.96,58.22,2326599.101,2024-08-06 23:59:59.999,134898830.04589,433609,1134066.187,65763884.59062,0,2024-08-06,25.0,69.04350000000001,5.12157795893017,-2.113313530867525,0.03890078515346174,0.03816321684867084
2024-08-07,58.22,59.46,55.34,55.96,2218726.52,2024-08-07 23:59:59.999,127212659.78534,405163,1083467.85,62108569.15987,0,2024-08-07,24.457066488473103,68.2625,5.85313939603344,-2.1018634902727875,-0.038818275506698696,-0.03959178852019671
2024-08-08,55.97,61.98,55.11,61.12,1674646.789,2024-08-08 23:59:59.999,98441430.48346,339810,827619.95,48655283.73896,0,2024-08-08,38.270469181232755,67.6505,5.931474898674758,-1.1009909190476512,0.09220872051465334,0.08820199506098464
2024-08-09,61.12,61.21,59.29,60.67,1200117.142,2024-08-09 23:59:59.999,72346146.09777,263008,583054.407,35150146.78909,0,2024-08-09,32.63502454991816,67.03450000000001,5.987238599935333,-1.0630109179328093,-0.007362565445026115,-0.0073898029040585156
2024-08-10,60.67,61.5,60.11,61.14,676318.877,2024-08-10 23:59:59.999,41157771.56684,179181,324207.762,19731861.52289,0,2024-08-10,33.61290322580645,66.39399999999999,5.892947077912833,-0.8915742718430886,0.007746827097412146,0.00771697450848189
2024-08-11,61.13,62.35,58.75,59.7,1540642.989,2024-08-11 23:59:59.999,93525672.73389,295714,762375.617,46269216.7476,0,2024-08-11,32.37030133581858,65.81899999999999,5.959994613201988,-1.0266787802871138,-0.023552502453385582,-0.02383429606413195
2024-08-12,59.7,62.03,59.14,61.45,2109123.744,2024-08-12 23:59:59.999,128412512.93893,374012,1056587.083,64338307.22631,0,2024-08-12,30.513884455793175,65.2485,5.7943359594045685,-0.6555539800613048,0.029313232830820768,0.028891815613487422
2024-08-13,61.46,63.46,61.08,63.37,1451515.539,2024-08-13 23:59:59.999,90560552.00181,289685,721606.247,45039065.45579,0,2024-08-13,36.736,64.8545,5.6303608138963055,-0.2636598344347855,0.0312449145646867,0.030766727323381735
2024-08-14,63.38,64.66,62.52,64.03,1710545.78,2024-08-14 23:59:59.999,109083085.37563,284559,813460.716,51876287.21785,0,2024-08-14,40.0,64.6175,5.556142049444581,-0.10573883726726084,0.010415022881489655,0.010361160195285206
2024-08-15,64.02,66.86,63.56,65.3,3018132.035,2024-08-15 23:59:59.999,196242137.01039,477963,1526782.781,99253446.41187,0,2024-08-15,43.17450096587249,64.3185,5.33524751558476,0.18396522319403985,0.019834452600343555,0.019640312751674528
2024-08-16,65.29,66.75,64.24,66.47,2245402.607,2024-08-16 23:59:59.999,147666025.15805,406640,1110671.837,73036673.70689,0,2024-08-16,52.61638397690365,64.07700000000001,5.107031375819594,0.4685696687375353,0.017917304747320006,0.017758681771105053
2024-08-17,66.47,67.84,65.84,67.55,1212367.585,2024-08-17 23:59:59.999,81251431.45877,238711,608329.348,40768701.42272,0,2024-08-17,55.16026769989433,63.902,4.91174810771131,0.7427090966396945,0.016247931397622928,0.016117346352717322
2024-08-18,67.54,68.12,66.03,66.31,1372378.85,2024-08-18 23:59:59.999,92038102.71128,253057,690429.975,46296633.91857,0,2024-08-18,57.090776522056146,63.5345,4.390533446779507,0.6321555304483225,-0.01835677276091774,-0.018527349025431506
2024-08-19,66.31,67.39,65.79,66.27,1496755.577,2024-08-19 23:59:59.999,99582845.71867,252044,750161.754,49905228.99922,0,2024-08-19,74.25320056899005,63.265,4.01487693983591,0.7484662780530482,-0.0006032272658724747,-0.0006034092806408154
2024-08-20,66.28,67.28,63.11,64.38,1715525.085,2024-08-20 23:59:59.999,111979618.23815,293993,871745.533,56918324.9094,0,2024-08-20,64.80769230769232,62.979000000000006,3.6932055681131146,0.3793452528329665,-0.028519692168402,-0.028934280229473402
2024-08-21,64.38,64.72,62.03,64.23,2028940.241,2024-08-21 23:59:59.999,128545586.89042,331469,986154.227,62473264.84079,0,2024-08-21,72.12413055109688,62.713499999999996,3.3737692102648276,0.4494972552912025,-0.002329916123019471,-0.002332634600960884
2024-08-22,64.23,64.35,62.45,63.72,1212395.59,2024-08-22 23:59:59.999,76864183.78589,241323,551093.017,34936233.05836,0,2024-08-22,59.25925925925927,62.64849999999999,3.3393401097135094,0.3208717784939654,-0.007940214852872551,-0.007971906227853407
2024-08-23,63.72,66.84,63.4,66.07,1438372.345,2024-08-23 23:59:59.999,93135827.22682,262812,708318.54,45868382.228,0,2024-08-23,66.93851944792972,62.721000000000004,3.399592700050438,0.9851180113283283,0.03688010043942236,0.03621630099994644
2024-08-24,66.08,67.99,65.38,66.55,1228323.319,2024-08-24 23:59:59.999,81947729.50669,249323,587984.089,39241918.81746,0,2024-08-24,66.95924764890282,62.927499999999995,3.504171761880789,1.0337678190910662,0.007265021946420536,0.007238758799326383
2024-08-25,66.55,66.86,64.37,64.76,1207231.554,2024-08-25 23:59:59.999,78951042.01566,221691,560786.26,36675644.38903,0,2024-08-25,65.52147239263806,63.3635,3.1239621855526805,0.4470284584296078,-0.026897069872276358,-0.027265416031686127
2024-08-26,64.77,65.05,62.89,62.97,1428387.212,2024-08-26 23:59:59.999,91428785.19479,273635,677394.533,43374658.73631,0,2024-08-26,54.65116279069767,63.601,2.8836634229332794,-0.21881887982549064,-0.027640518838789485,-0.02802970630878318
2024-08-27,62.97,63.92,58.95,60.34,1885376.0,2024-08-27 23:59:59.999,116768120.97557,338953,898384.836,55670207.12826,0,2024-08-27,41.11436950146629,63.81999999999999,2.3982976418427975,-1.4510292381082595,-0.0417659202794981,-0.0426631887697362
2024-08-28,60.34,62.34,59.37,61.79,2000846.456,2024-08-28 23:59:59.999,121865710.08838,346628,985778.513,60043148.29721,0,2024-08-28,43.721973094170394,63.8535,2.3630183084853935,-0.8732475717983853,0.02403049386808087,0.023746305341973147
2024-08-29,61.79,63.88,61.08,62.43,2039468.542,2024-08-29 23:59:59.999,127448662.91993,354235,976459.863,60980002.97865,0,2024-08-29,41.66182452062754,63.9415,2.26912984711747,-0.6661143706342292,0.010357663052273924,0.010304390000764658
2024-08-30,62.43,65.4,61.5,64.9,2375716.535,2024-08-30 23:59:59.999,150259809.04564,404456,1197910.477,75751079.8312,0,2024-08-30,45.75904916261482,64.12950000000001,2.178767094609518,0.35364036932001147,0.03956431202947308,0.03880169463639163
2024-08-31,64.9,66.42,64.82,64.94,1618300.19,2024-08-31 23:59:59.999,105968734.81551,277705,801034.202,52455427.86877,0,2024-08-31,42.53005151688608,64.3915,1.9174689319999432,0.2860541784256771,0.0006163328197226203,0.000616142964655554
2024-09-01,64.93,65.11,62.82,63.54,1400289.757,2024-09-01 23:59:59.999,89910539.03055,293742,683581.239,43895773.92828,0,2024-09-01,42.14407260351672,64.49600000000001,1.8022103387743322,-0.5304597246124876,-0.021558361564521067,-0.02179413783332977
2024-09-02,63.53,65.73,62.55,65.31,1577917.385,2024-09-02 23:59:59.999,101035863.53899,288801,808027.957,51752605.35763,0,2024-09-02,47.52066115702481,64.593,1.790586790008682,0.4004273928528883,0.027856468366383336,0.02747553507319563
2024-09-03,65.31,66.31,64.25,64.33,1373130.465,2024-09-03 23:59:59.999,89752447.95894,270284,657865.139,42991113.28979,0,2024-09-03,49.864498644986455,64.60799999999999,1.7868749551060328,-0.1555788776408784,-0.015005359056806111,-0.015119078491656886
2024-09-04,64.33,66.19,61.98,65.36,2463749.743,2024-09-04 23:59:59.999,159719194.16405,410682,1244109.706,80663026.49373,0,2024-09-04,52.922917744438685,64.611,1.7881478214904323,0.41886917345328817,0.016011192289755893,0.015884365128838406
2024-09-05,65.36,68.5,64.4,66.01,3041232.0,2024-09-05 23:59:59.999,200718001.63385,486665,1518008.425,100128915.04915,0,2024-09-05,55.8808423215203,64.588,1.765796674212197,0.8053022303003434,0.009944920440636551,0.009895795148932063
2024-09-06,66.01,66.79,61.15,62.98,2654646.904,2024-09-06 23:59:59.999,170824334.32064,434838,1266363.973,81495332.69174,0,2024-09-06,42.33250620347396,64.3595,1.6545105016051789,-0.8337813502311602,-0.045902136039994046,-0.04698903002780096
2024-09-07,62.99,64.13,61.61,62.02,1272881.103,2024-09-07 23:59:59.999,80177501.42692,221416,631775.497,39810431.95857,0,2024-09-07,39.02084343189531,64.14500000000001,1.6663748867165313,-1.2752232507459127,-0.015242934264845909,-0.015360302000575627
2024-09-08,62.02,62.27,59.83,60.89,1732923.881,2024-09-08 23:59:59.999,106158516.40654,275649,827525.574,50711978.02125,0,2024-09-08,40.310465698547816,63.876,1.7379885530255164,-1.718078059145973,-0.01821992905514358,-0.018387956051820253
2024-09-09,60.89,61.77,59.59,61.38,2493547.582,2024-09-09 23:59:59.999,151249829.54666,342078,1211950.874,73516045.59861,0,2024-09-09,45.7418318157472,63.726,1.8197379799605102,-1.289196590847055,0.008047298406963499,0.008015091571107526
2024-09-10,61.38,61.75,60.3,61.49,1736041.222,2024-09-10 23:59:59.999,105883624.78494,257045,810095.319,49416521.67645,0,2024-09-10,53.56037151702785,63.589,1.8818772821797722,-1.1153755985452631,0.0017921146953405742,0.0017905107737882938
2024-09-11,61.49,62.39,60.07,62.15,2284339.667,2024-09-11 23:59:59.999,140047406.78558,321122,1115103.286,68377340.36385,0,2024-09-11,51.171875,63.5105,1.9086795518106359,-0.7127964454323341,0.010733452593917558,0.010676257991341634
2024-09-12,62.15,63.1,61.47,62.79,1465981.947,2024-09-12 23:59:59.999,91237680.85472,220581,699005.623,43513240.77837,0,2024-09-12,51.171875,63.34649999999999,1.8158404607421699,-0.3064696552540415,0.010297666934835137,0.010245007169297996
2024-09-13,62.8,64.98,62.36,64.88,1525364.628,2024-09-13 23:59:59.999,97390595.50051,218127,748550.999,47798028.1353,0,2024-09-13,49.93324432576765,63.263,1.6951637088850444,0.9538901709166145,0.03328555502468533,0.032743584681139304
2024-09-14,64.89,66.74,64.84,65.88,1455702.346,2024-09-14 23:59:59.999,95871391.04173,254116,720387.138,47461800.14744,0,2024-09-14,52.948557089084055,63.319,1.7643096159613187,1.4515592823567884,0.015413070283600394,0.015295495502281995
2024-09-15,65.87,66.28,62.83,63.2,1265621.038,2024-09-15 23:59:59.999,81702063.42069,184826,600835.551,38773313.87527,0,2024-09-15,49.01277584204414,63.330499999999994,1.7626638781371151,-0.07403566931768674,-0.04068002428658157,-0.041530604156627744
2024-09-16,63.19,63.71,62.06,62.58,1290423.021,2024-09-16 23:59:59.999,81020789.07834,212010,608538.551,38204218.9362,0,2024-09-16,41.505911636589914,63.44250000000001,1.6287220530946451,-0.5295562851630962,-0.009810126582278533,-0.009858562912075713
2024-09-17,62.58,63.99,61.89,63.73,1326421.56,2024-09-17 23:59:59.999,83588145.54387,191782,676153.282,42611290.16073,0,2024-09-17,48.15270935960591,63.53950000000001,1.582231851373266,0.12039954816649993,0.018376478108021788,0.01820967108546673
2024-09-18,63.73,64.84,62.35,64.81,1512291.037,2024-09-18 23:59:59.999,96326089.76477,228114,723405.921,46087465.05302,0,2024-09-18,48.311847759361584,63.658500000000004,1.5838935204526057,0.7270059414542914,0.01694649301741724,0.01680450311342188
2024-09-19,64.81,66.04,64.66,65.38,1311562.199,2024-09-19 23:59:59.999,85648058.76721,207136,627832.991,40999617.7757,0,2024-09-19,48.05675508945093,63.68249999999999,1.6071611945241828,1.0562101709421674,0.008794939052615192,0.00875648885643979
2024-09-20,65.38,66.42,64.29,65.29,1474995.185,2024-09-20 23:59:59.999,96518514.30153,218371,725360.495,47480348.12051,0,2024-09-20,58.703843255463504,63.7,1.6233979957338975,0.9794271054777324,-0.0013765677577238788,-0.0013775160975222503
2024-09-21,65.29,67.13,64.79,66.81,884947.053,2024-09-21 23:59:59.999,58488503.39452,145382,422151.329,27903377.00671,0,2024-09-21,67.31742588575563,63.8635,1.7649340974502257,1.6694674346519598,0.023280747434522908,0.023013884738843846
2024-09-22,66.81,68.79,66.42,68.65,1682354.669,2024-09-22 23:59:59.999,113258326.12315,240024,828599.869,55801919.48619,0,2024-09-22,76.68500687757916,64.03049999999999,2.0448303880055674,2.259111575755514,0.027540787307289483,0.02716836227659426
2024-09-23,68.66,69.3,66.58,66.93,1525072.483,2024-09-23 23:59:59.999,103295413.0647,227407,761909.416,51599833.8063,0,2024-09-23,67.59670259987323,64.1605,2.145064040247688,1.2911036444768413,-0.02505462490895849,-0.025373835101429223
2024-09-24,66.92,67.15,65.63,66.67,1556224.338,2024-09-24 23:59:59.999,103447297.9797,201527,763061.311,50724311.55623,0,2024-09-24,66.26884422110555,64.226,2.2028412275073057,1.109476238905147,-0.0038846556103392382,-0.0038922204825822633
2024-09-25,66.66,67.82,65.88,66.53,1313436.091,2024-09-25 23:59:59.999,87833730.20333,185489,621135.886,41545112.99402,0,2024-09-25,64.22077922077924,64.252,2.2279317763167037,1.022472960893837,-0.0020998950052497634,-0.0021021028761725293
2024-09-26,66.52,68.58,65.59,68.53,1389134.157,2024-09-26 23:59:59.999,93668906.2401,201503,699902.505,47213795.40874,0,2024-09-26,67.1241050119332,64.5295,2.400143581215141,1.6667752843247134,0.03006162633398457,0.029618631843936077
2024-09-27,68.53,71.2,68.26,71.1,1349251.973,2024-09-27 23:59:59.999,94086628.32364,211054,671874.349,46867549.02219,0,2024-09-27,68.03944315545246,64.98349999999999,2.7357732958412475,2.2357481189314643,0.03750182401867774,0.03681573121146267
2024-09-28,71.11,71.5,69.0,69.92,1123108.38,2024-09-28 23:59:59.999,78730913.63559,188980,541546.004,37950344.47195,0,2024-09-28,61.59586681974745,65.435,2.769570553814118,1.61938463485737,-0.016596343178621575,-0.016735605461915087
2024-09-29,69.93,70.28,68.45,69.23,941321.256,2024-09-29 23:59:59.999,65284091.21501,154007,464437.166,32217020.71478,0,2024-09-29,69.53985742060924,65.8275,2.720466049455271,1.2507048197426682,-0.009868421052631526,-0.009917436657345916
2024-09-30,69.23,69.35,66.24,66.78,1495442.021,2024-09-30 23:59:59.999,100951068.69118,233304,723663.135,48840976.10625,0,2024-09-30,62.16685979142529,66.092,2.5268236770024215,0.27227859476771205,-0.03538928210313452,-0.03603066017442563
2024-10-01,66.78,68.55,61.93,63.36,2294545.459,2024-10-01 23:59:59.999,149626219.01507,350483,1086453.064,70845138.58432,0,2024-10-01,49.05273937532002,66.1525,2.4404828577293087,-1.144240776433161,-0.05121293800539084,-0.052570887009338055
2024-10-02,63.36,64.72,62.19,62.9,1457377.02,2024-10-02 23:59:59.999,92517121.93909,258220,701008.838,44492956.13919,0,2024-10-02,44.949762030671586,66.158,2.4326173904550425,-1.339298162046998,-0.007260101010100994,-0.007286583799775559
2024-10-03,62.9,63.96,61.87,63.43,1192237.539,2024-10-03 23:59:59.999,75086660.81299,238523,590867.568,37222815.75208,0,2024-10-03,44.833068362480134,66.0855,2.4935547971197622,-1.0649455159627101,0.008426073131955425,0.00839077193941087
2024-10-04,63.43,65.16,63.23,64.89,779636.395,2024-10-04 23:59:59.999,50159006.94118,160955,390138.355,25102251.78474,0,2024-10-04,49.01185770750987,66.03599999999999,2.507635497714298,-0.4570042181347975,0.023017499605864744,0.022756592987271333
2024-10-05,64.9,66.33,64.62,66.26,728272.811,2024-10-05 23:59:59.999,47764835.78066,148061,362705.968,23788273.18218,0,2024-10-05,48.63115978098557,66.18900000000001,2.4172143601842944,0.029372653567466288,0.02111265218061331,0.02089286823867268
2024-10-06,66.26,67.62,66.09,67.01,940300.458,2024-10-06 23:59:59.999,63050323.77525,166507,463916.76,31107608.92795,0,2024-10-06,45.68421052631579,66.4105,2.267429509129405,0.2643963120292053,0.011319046181708314,0.011255465113329442
2024-10-07,67.0,67.95,64.44,64.73,1447886.554,2024-10-07 23:59:59.999,95876296.72171,235264,732492.176,48523163.86269,0,2024-10-07,44.37627811860939,66.4605,2.215644078847957,-0.7810369980090757,-0.03402477242202662,-0.03461708942766059
2024-10-08,64.74,66.12,64.48,65.66,1001244.14,2024-10-08 23:59:59.999,65473677.84404,183051,467263.441,30555019.31034,0,2024-10-08,47.50370736529905,66.503,2.1903258589407595,-0.38487423985747854,0.014367372161285141,0.014265139516027597
2024-10-09,65.66,65.95,64.06,64.56,1008892.792,2024-10-09 23:59:59.999,65670100.88027,172582,483166.925,31452716.18155,0,2024-10-09,45.35158093440302,66.462,2.219927926740751,-0.8567845726381195,-0.016752969844654242,-0.016894888111753215
2024-10-10,64.56,65.06,63.22,64.26,870838.827,2024-10-10 23:59:59.999,55979108.95698,165904,431396.627,27738340.37651,0,2024-10-10,39.04566444330426,66.4105,2.260131516882957,-0.9514933020206892,-0.004646840148698872,-0.004657670273980944
2024-10-11,64.26,65.91,64.25,65.54,676273.313,2024-10-11 23:59:59.999,44070618.70685,130376,346105.367,22558002.69252,0,2024-10-11,34.725274725274744,66.34700000000001,2.2661492959428644,-0.3561106946681719,0.01991907874260823,0.019723289582956213
2024-10-12,65.55,66.63,65.02,66.16,540295.494,2024-10-12 23:59:59.999,35693101.28976,120721,260810.629,17231271.41965,0,2024-10-12,39.34240362811789,66.2225,2.200411145774718,-0.028403782683983397,0.009459871833994438,0.009415407444767269
2024-10-13,66.16,66.26,64.38,64.77,695917.596,2024-10-13 23:59:59.999,45347061.55777,126311,339617.986,22125742.53541,0,2024-10-13,37.84078516902942,66.11449999999999,2.2168053709233884,-0.6065034024344493,-0.0210096735187425,-0.021233517520610257
2024-10-14,64.76,67.35,64.06,66.81,1367577.378,2024-10-14 23:59:59.999,90278054.78922,207445,665209.163,43911339.28804,0,2024-10-14,50.08365867261574,66.1215,2.218871868392643,0.3102928158257088,0.03149606299212615,0.031010236742560433
2024-10-15,66.82,72.0,65.25,70.85,4494570.887,2024-10-15 23:59:59.999,308965298.75028,604720,2205880.306,151658224.43953,0,2024-10-15,70.18867924528303,66.3375,2.4581034087980167,1.8357649169066275,0.06046998952252647,0.0587121961993034
2024-10-16,70.85,73.06,69.27,70.05,3056625.619,2024-10-16 23:59:59.999,217706337.53301,513829,1518254.343,108120464.45846,0,2024-10-16,68.92535733192167,66.4135,2.5511943023502712,1.4254108347019652,-0.011291460832745237,-0.011355693353673434
2024-10-17,70.05,73.99,69.82,72.78,2500352.275,2024-10-17 23:59:59.999,179419125.00089,451139,1230039.661,88275954.38725,0,2024-10-17,72.16690374585113,66.4975,2.7346814978458363,2.29734248940831,0.03897216274089943,0.03823191940099782
2024-10-18,72.79,74.87,71.86,73.09,2090092.014,2024-10-18 23:59:59.999,152367164.3925,369663,1032556.205,75280904.11623,0,2024-10-18,70.56168505516553,66.656,3.02042415981378,2.130164393995801,0.004259411926353485,0.004250366308286667
2024-10-19,73.08,76.19,72.98,74.87,1412634.381,2024-10-19 23:59:59.999,105690483.38193,265709,731051.735,54702097.05601,0,2024-10-19,71.15479115479117,66.938,3.498797688218303,2.2670644909563844,0.024353536735531645,0.024061717750293612
2024-10-20,74.86,75.86,73.56,74.3,1183186.246,2024-10-20 23:59:59.999,88307190.71691,237866,590487.471,44066552.67453,0,2024-10-20,68.07139315815567,67.314,3.865751646109436,1.8071517881990282,-0.007613196206758488,-0.007642324518880472
2024-10-21,74.3,74.62,70.25,70.74,1841184.822,2024-10-21 23:59:59.999,133163968.35794,304790,851644.149,61626716.3429,0,2024-10-21,64.00932400932399,67.68299999999999,3.8204217182383893,0.8001734430013648,-0.04791386271870801,-0.049099767946379
2024-10-22,70.73,71.57,69.36,70.0,1776539.935,2024-10-22 23:59:59.999,125080217.48371,339626,867915.707,61096777.9068,0,2024-10-22,60.20696142991534,68.038,3.679872137356555,0.5331706990801617,-0.010460842521911151,-0.010515941727975497
2024-10-23,70.0,70.39,67.81,70.01,1245266.871,2024-10-23 23:59:59.999,85955575.52176,245629,580114.694,40057461.78314,0,2024-10-23,63.51016360932078,68.36699999999999,3.537602667273965,0.46443881762054734,0.00014285714285722229,0.0001428469397473028
2024-10-24,70.01,71.3,69.25,71.14,1102502.894,2024-10-24 23:59:59.999,77565906.5004,213864,532891.169,37502008.41924,0,2024-10-24,66.38095238095238,68.6795,3.4900225832369776,0.7050097646410917,0.016140551349807186,0.016011677531202945
2024-10-25,71.14,72.26,66.72,68.8,2021533.409,2024-10-25 23:59:59.999,142652089.61168,342218,915961.505,64604941.88947,0,2024-10-25,57.38893925657296,68.8065,3.443245523741715,-0.0018877538517611077,-0.032892887264548865,-0.03344602158101125
2024-10-26,68.8,69.68,68.02,68.42,847252.965,2024-10-26 23:59:59.999,58318399.78566,187352,406164.536,27954739.0923,0,2024-10-26,55.178735105407895,68.877,3.418875007325477,-0.13366970100421902,-0.005523255813953409,-0.005538565389839278
2024-10-27,68.43,71.2,67.94,71.05,649047.657,2024-10-27 23:59:59.999,45375519.44191,148549,313721.191,21929431.19858,0,2024-10-27,63.61665221162186,69.193,3.3055982816920655,0.561774251361675,0.03843905290850613,0.03771867499365088
2024-10-28,71.05,71.55,69.58,70.79,1073878.992,2024-10-28 23:59:59.999,75877892.98497,217792,517579.624,36571956.5955,0,2024-10-28,59.35150375939851,69.4495,3.2148102587751146,0.41697639739110265,-0.0036593947923996284,-0.0036661067570116753
2024-10-29,70.79,74.38,70.69,73.98,1401437.429,2024-10-29 23:59:59.999,101877822.94117,259604,678713.59,49329175.54653,0,2024-10-29,57.66030347528148,69.9205,3.150158684378958,1.2886652409385895,0.045062861986156166,0.04407703861820998
2024-10-30,73.99,74.3,71.44,71.78,990933.504,2024-10-30 23:59:59.999,71775143.27713,202960,492177.818,35645701.51843,0,2024-10-30,53.96243701328448,70.29650000000001,2.8758106866046487,0.515854540394486,-0.0297377669640444,-0.030188900684846788
2024-10-31,71.77,72.12,68.43,69.32,1304401.843,2024-10-31 23:59:59.999,91817026.74101,252720,653959.889,46061553.42972,0,2024-10-31,41.97588126159553,70.48549999999999,2.6631036009513727,-0.4376472622332938,-0.03427138478684877,-0.03487242087205594
2024-11-01,69.31,71.09,67.7,70.26,1360151.789,2024-11-01 23:59:59.999,94705477.76025,282524,644215.38,44871175.78686,0,2024-11-01,43.62325371789095,70.6905,2.4628897767781264,-0.17479466765384902,0.01356030005770359,0.013469181990275827
2024-11-02,70.27,71.26,68.83,69.19,803311.47,2024-11-02 23:59:59.999,56249386.49423,183686,386336.586,27048380.92833,0,2024-11-02,36.778398510242084,70.9115,2.070762064130637,-0.8313364581182527,-0.015229148875605003,-0.015346303326961382
2024-11-03,69.18,69.27,65.24,66.82,1339032.122,2024-11-03 23:59:59.999,89570366.06088,278865,608148.953,40700945.15281,0,2024-11-03,33.934707903780065,70.91199999999999,2.0697205506593224,-1.9770784991705603,-0.03425350484174017,-0.03485390658210926
2024-11-04,66.81,67.72,64.39,65.53,947996.452,2024-11-04 23:59:59.999,62906186.34347,210751,455956.342,30276731.21863,0,2024-11-04,37.60114231318422,70.646,2.394490166574366,-2.1365717309748287,-0.01930559712660873,-0.019494383877204906
2024-11-05,65.54,67.27,64.81,65.37,1366224.713,2024-11-05 23:59:59.999,90463214.98777,258081,675548.551,44733424.44143,0,2024-11-05,38.668624571708285,70.412,2.668765928078707,-1.8892627288710289,-0.002441629787883315,-0.0024446154267672034
2024-11-06,65.37,71.65,65.32,71.04,2607152.745,2024-11-06 23:59:59.999,180868039.11037,436763,1263779.033,87655061.90173,0,2024-11-06,51.97393637408969,70.325,2.615334335058693,0.2733876087716171,0.0867370353373107,0.08317966105927643
2024-11-07,71.03,72.42,69.87,71.48,1547088.748,2024-11-07 23:59:59.999,110260477.54606,302794,735992.389,52467009.89054,0,2024-11-07,50.66929133858268,70.24449999999999,2.5497027174348648,0.48456629533775375,0.006193693693693714,0.006174591607312687
2024-11-08,71.49,73.08,70.66,72.8,1621562.482,2024-11-08 23:59:59.999,116601715.9362,286274,795434.537,57209654.88301,0,2024-11-08,58.20344544708778,70.14099999999999,2.3890075014598633,1.1130145042973523,0.01846670397313921,0.018298264911412867
2024-11-09,72.81,74.24,71.57,74.02,1362027.685,2024-11-09 23:59:59.999,99406202.28885,269315,667371.893,48710594.01559,0,2024-11-09,61.102299762093566,70.127,2.364042256263603,1.6467556743900735,0.0167582417582417,0.016619371755369573
2024-11-10,74.02,78.26,73.5,76.65,3548882.573,2024-11-10 23:59:59.999,271478128.35572,598077,1746145.909,133593466.7106,0,2024-11-10,61.10229976209359,70.4225,2.7778501247756173,2.2418416114163238,0.03553093758443682,0.03491427835981339
2024-11-11,76.64,80.52,74.63,80.12,4057678.871,2024-11-11 23:59:59.999,315564252.38036,657717,2086213.554,162445387.79898,0,2024-11-11,66.4087231797397,70.92850000000001,3.519530882306015,2.611569640206615,0.04527071102413571,0.0442759054797944
2024-11-12,80.13,82.94,74.09,76.76,5437379.364,2024-11-12 23:59:59.999,423489634.21416,1076570,2635016.055,205255576.85626,0,2024-11-12,54.86013986013986,71.266,3.7433413163179985,1.46767273827009,-0.04193709435846227,-0.0428418396581183
2024-11-13,76.77,78.01,71.89,75.47,4391599.665,2024-11-13 23:59:59.999,328996966.37327,899833,2084360.678,156115770.31788,0,2024-11-13,56.66305525460454,71.4825,3.8590957149012652,1.0332731537605868,-0.016805627931214207,-0.016948444842722156
2024-11-14,75.48,85.11,74.21,82.44,7660431.266,2024-11-14 23:59:59.999,621959661.95857,1530978,3710267.926,301200779.29249,0,2024-11-14,70.37267080745342,72.1645,4.51038739728772,2.2781856844888915,0.09235457797800439,0.08833552972548114
2024-11-15,82.45,87.41,78.85,83.76,5043181.921,2024-11-15 23:59:59.999,420233974.86486,1072156,2458090.563,204779679.88627,0,2024-11-15,70.71823204419888,72.9315,5.1051926867013835,2.12107567030866,0.01601164483260553,0.015884810540023133
2024-11-16,83.77,98.64,82.86,95.53,8465993.858,2024-11-16 23:59:59.999,771159472.90703,1655428,4239873.708,386292835.73544,0,2024-11-16,80.4297597042514,74.1555,7.15389292254906,2.987813800319488,0.14052053486150906,0.13148476771963558
2024-11-17,95.54,97.54,85.0,87.26,6025827.176,2024-11-17 23:59:59.999,541680598.90989,1242882,2773142.799,249485359.82156,0,2024-11-17,70.78080520536805,74.97900000000001,7.675057963088735,1.6001182087565176,-0.08656966397990151,-0.09054816658645336
2024-11-18,87.25,94.85,86.5,89.29,5902664.729,2024-11-18 23:59:59.999,533350784.75073,1252504,2835487.452,256290742.69032,0,2024-11-18,73.79807692307693,75.7445,8.307608101514617,1.6304933784166384,0.02326380930552374,0.022997331833661528
2024-11-19,89.29,90.28,85.12,86.74,3436319.991,2024-11-19 23:59:59.999,301754659.48741,777370,1614613.122,141828155.57265,0,2024-11-19,70.4263047218505,76.4925,8.600196983664123,1.1915424750694523,-0.02855862918579921,-0.02897436112190501
2024-11-20,86.74,87.9,82.37,83.42,3162439.863,2024-11-20 23:59:59.999,269300950.29311,708922,1458982.084,124303694.24717,0,2024-11-20,62.38991192954363,77.1975,8.559111411696072,0.7270030381304439,-0.03827530551072167,-0.03902704963842096
2024-11-21,83.43,92.1,81.51,89.6,5505338.806,2024-11-21 23:59:59.999,486699571.94351,1110330,2708680.733,239540734.57425,0,2024-11-21,66.26570915619388,78.1645,8.822521107038645,1.2961714527241766,0.07408295372812268,0.07146723121208554
2024-11-22,89.59,92.82,87.78,92.28,5102806.358,2024-11-22 23:59:59.999,460646896.61519,1076445,2436320.198,220005427.58012,0,2024-11-22,67.06975113915178,79.319,9.092938208472031,1.425391848360306,0.029910714285714457,0.029472113324668297
2024-11-23,92.27,106.54,92.15,99.59,9924631.093,2024-11-23 23:59:59.999,999677613.98589,2105109,4907754.968,494410670.27164,0,2024-11-23,70.24544734758511,80.9575,9.657132011324286,1.9294030544628462,0.07921543129605557,0.07623432463799533
2024-11-24,99.6,103.26,91.52,97.0,5387588.237,2024-11-24 23:59:59.999,523544136.77364,1287987,2547856.002,247748356.07372,0,2024-11-24,66.12264300427825,82.53099999999999,9.574581975205747,1.5111886907928516,-0.026006627171402785,-0.02635077944016538
2024-11-25,97.0,99.34,91.03,92.36,4362544.189,2024-11-25 23:59:59.999,417502415.882,1020483,2060329.174,197366677.20733,0,2024-11-25,59.52084629744866,83.88050000000001,8.907318383745432,0.951970013272889,-0.04783505154639178,-0.04901699401708825
2024-11-26,92.35,95.38,88.0,92.88,3532017.024,2024-11-26 23:59:59.999,323017345.71138,900644,1665441.183,152386472.58801,0,2024-11-26,63.11848958333332,84.9725,8.583121058519419,0.9212849202623312,0.005630142919012426,0.005614352903341318
2024-11-27,92.88,99.14,91.54,97.34,2867553.968,2024-11-27 23:59:59.999,274110145.52037,701433,1443946.22,138067934.08057,0,2024-11-27,66.92462467110354,86.2655,8.389215806143172,1.3200876286780554,0.04801894918173999,0.04690166701567229
2024-11-28,97.34,98.41,93.71,95.59,1963381.881,2024-11-28 23:59:59.999,188175158.58588,533805,893210.774,85657147.01911,0,2024-11-28,61.07088735477353,87.405,8.002819568912537,1.022764530615579,-0.017978220669817135,-0.01814179232963703
2024-11-29,95.59,104.89,94.8,104.83,3071431.588,2024-11-29 23:59:59.999,306648482.23034,723503,1552249.981,155071261.40103,0,2024-11-29,65.65146337839845,88.9455,8.252166844624373,1.9248883716338678,0.0966628308400459,0.09227177838880996
2024-11-30,104.84,105.0,100.42,102.82,2945335.431,2024-11-30 23:59:59.999,301204409.83086,727236,1425412.255,145761362.47253,0,2024-11-30,56.33362293657688,90.25399999999999,8.274710616656835,1.518602955697917,-0.019173900600973015,-0.0193601038371227
2024-12-01,102.83,122.28,99.42,119.69,7343541.817,2024-12-01 23:59:59.999,806422265.75193,1546399,3720725.763,409057561.21079,0,2024-12-01,74.51247165532878,92.23249999999999,10.22493540064236,2.6853470387964555,0.1640731375218829,0.1519251802579205
2024-12-02,119.72,139.85,114.51,133.0,15734510.459,2024-12-02 23:59:59.999,1968820672.15593,3929268,7648817.05,957877684.97782,0,2024-12-02,78.22549399457573,95.0445,13.080481028896118,2.9016899237996236,0.1112039435207619,0.10544406133647462
2024-12-03,132.99,135.35,121.31,131.03,8278079.245,2024-12-03 23:59:59.999,1074772501.80349,2373094,4023432.67,522661423.21389,0,2024-12-03,78.81587508132726,97.82249999999999,14.52462550472735,2.2862895837962856,-0.014812030075187943,-0.01492282360525982
2024-12-04,131.05,135.82,121.95,133.84,6297033.985,2024-12-04 23:59:59.999,814708576.09357,1941406,3019709.587,390905931.66769,0,2024-12-04,83.02331674089598,100.39250000000001,16.119408332812537,2.0749831079044343,0.021445470502938324,0.02121875206207468
2024-12-05,133.86,147.31,125.03,135.89,10006467.052,2024-12-05 23:59:59.999,1366262777.4878,2909944,4839845.798,661345952.94384,0,2024-12-05,82.05234732031573,102.999,17.448309795988553,1.8850536461452434,0.015316796174536629,0.015200678253837417
2024-12-06,135.89,139.39,130.08,136.06,4104940.775,2024-12-06 23:59:59.999,554010893.3691,1559721,1998695.06,269805008.06035,0,2024-12-06,81.40602582496413,105.0255,18.833811274014945,1.6478077404767448,0.001251011847818173,0.0012502299845087233
2024-12-07,136.06,138.8,131.83,133.9,3250308.535,2024-12-07 23:59:59.999,441210560.73064,1186247,1525567.886,207244632.15028,0,2024-12-07,76.57629744384198,107.3575,19.397362510619118,1.368356135297738,-0.015875349110686443,-0.016002712219787874
2024-12-08,133.91,136.0,130.14,135.01,2378592.941,2024-12-08 23:59:59.999,316775911.85147,914451,1111009.006,148051766.11393,0,2024-12-08,80.13318534961154,109.64349999999999,19.8449331396138,1.2782355990589978,0.008289768483943138,0.008255597072027847
2024-12-09,135.02,135.22,98.69,110.45,8209514.203,2024-12-09 23:59:59.999,967418595.78346,2364510,3646222.659,431692599.06923,0,2024-12-09,60.89890348234727,110.829,19.09888117417396,-0.019844094350012765,-0.18191245092956065,-0.20078591990302844
2024-12-10,110.45,114.86,101.25,109.79,7276381.894,2024-12-10 23:59:59.999,792070761.1053,1996040,3467986.383,377607337.81071,0,2024-12-10,60.17081679297487,112.14750000000001,17.984840655980438,-0.13108261813907537,-0.005975554549569884,-0.005993479619485089
2024-12-11,109.79,118.59,105.98,117.27,3894314.522,2024-12-11 23:59:59.999,439925140.80196,1095348,1904951.115,215256363.95191,0,2024-12-11,61.567034242600116,113.53100000000002,17.20649231815398,0.21730169815349787,0.06813006649057285,0.06590951822633204
2024-12-12,117.27,124.99,116.42,119.24,4421359.813,2024-12-12 23:59:59.999,534934678.47967,1243648,2156081.879,261001541.25336,0,2024-12-12,63.69109644552507,114.87899999999999,16.49537380122261,0.2643771552286238,0.016798840283107408,0.01665930033689761
2024-12-13,119.25,125.28,117.02,124.49,3722864.998,2024-12-13 23:59:59.999,448561086.12474,1097218,1836279.591,221338183.90008,0,2024-12-13,61.93250789026463,116.124,16.2180326537423,0.515845551591583,0.04402884937940299,0.04308712258382398
2024-12-14,124.51,125.36,115.39,118.19,2859840.51,2024-12-14 23:59:59.999,343662759.07125,870805,1364532.721,164104932.70494,0,2024-12-14,58.86696665512866,117.18349999999998,15.582644284417658,0.06459109132116282,-0.05060647441561572,-0.05193189236954536
2024-12-15,118.19,122.19,114.26,121.14,2571362.435,2024-12-15 23:59:59.999,303961641.02347,839322,1262486.983,149271606.78677,0,2024-12-15,50.996563573883165,118.62250000000002,14.457907279225966,0.17412616856502372,0.02495981047465956,0.024653402528652016
2024-12-16,121.13,124.08,115.36,118.0,3556183.073,2024-12-16 23:59:59.999,426515722.26314,1050944,1777034.363,213131002.43052,0,2024-12-16,38.01534036433364,119.8785,13.134428553272187,-0.14302106805644094,-0.025920422651477648,-0.02626227708713639
2024-12-17,118.01,131.51,114.29,125.54,6705730.766,2024-12-17 23:59:59.999,823767939.38609,1773130,3455842.024,424237516.35084,0,2024-12-17,45.97212032281731,121.2885,12.057008564576694,0.3526164866873238,0.06389830508474592,0.06193980842372106
2024-12-18,125.55,129.14,105.46,108.29,8900666.053,2024-12-18 23:59:59.999,1045534985.45509,2294899,4312957.616,506931903.00576,0,2024-12-18,34.532025668967194,121.92350000000002,10.912429550020972,-1.2493551447462778,-0.13740640433328022,-0.1478116192490976
2024-12-19,108.3,111.72,94.66,99.3,7433594.216,2024-12-19 23:59:59.999,772166534.10065,2008840,3516103.175,365575456.60681,0,2024-12-19,29.56550876801073,121.64699999999998,11.42630211398072,-1.9557508437184743,-0.08301782251362089,-0.08666724258916121
2024-12-20,99.31,103.24,86.49,101.32,6534367.855,2024-12-20 23:59:59.999,624266782.3331,1636783,3105395.125,297046323.23732,0,2024-12-20,30.991464215364402,121.572,11.560517471570487,-1.7518246955470231,0.020342396777442096,0.020138254082347564
2024-12-21,101.32,105.98,97.68,101.52,4211817.262,2024-12-21 23:59:59.999,427988019.0529,1083943,2071433.324,210493848.63697,0,2024-12-21,31.894430776112713,120.6635,12.39970087712058,-1.543867887597418,0.001973943939992173,0.001971998272657818
2024-12-22,101.52,103.9,96.69,99.74,3114024.699,2024-12-22 23:59:59.999,312387292.08245,847323,1510432.478,151537200.2278,0,2024-12-22,30.42513042513042,119.00050000000002,12.879178003762124,-1.4954758754303927,-0.017533490937746254,-0.01768902328815573
2024-12-23,99.74,107.64,97.84,106.7,3217273.103,2024-12-23 23:59:59.999,329669942.80635,899853,1604143.825,164370749.01853,0,2024-12-23,47.41343633604635,117.78399999999999,12.832088233058968,-0.8637721155504974,0.06978143172247853,0.06745435818973128
2024-12-24,106.7,110.78,103.92,108.28,2115404.704,2024-12-24 23:59:59.999,227840489.77824,662378,1052052.283,113323155.23579,0,2024-12-24,48.97152976433728,116.50600000000001,12.414873253267384,-0.6625923464691893,0.01480787253983129,0.01469930643839274
2024-12-25,108.28,110.63,106.88,109.79,1765528.923,2024-12-25 23:59:59.999,191671487.29187,521689,855133.941,92845058.74106,0,2024-12-25,44.454329774614486,115.201,11.616134831389004,-0.46581759583045096,0.013945326930181023,0.01384898550054061
2024-12-26,109.78,110.3,101.03,102.21,2050482.767,2024-12-26 23:59:59.999,214434301.04342,640290,982529.912,102687328.87259,0,2024-12-26,38.343600273785086,113.5085,10.858259662335028,-1.0405442816211217,-0.06904089625648979,-0.07153992990565629
2024-12-27,102.21,106.48,99.62,100.52,2108529.473,2024-12-27 23:59:59.999,216721940.72131,655461,989679.022,101767310.23174,0,2024-12-27,32.752914088358054,111.8395,10.097709211288645,-1.1209968284039582,-0.016534585656980738,-0.01667280766559347
2024-12-28,100.52,101.75,98.63,100.68,1357422.775,2024-12-28 23:59:59.999,135898859.08667,419412,670515.526,67137703.74801,0,2024-12-28,36.17995264404106,110.123,8.784093938235321,-1.075011272237948,0.001591723040191173,0.0015904575917238565
2024-12-29,100.67,101.61,96.72,98.44,1425937.617,2024-12-29 23:59:59.999,141913548.31884,388743,673045.436,66991780.86528,0,2024-12-29,31.88058748403577,109.52250000000001,9.16290971654948,-1.2094957107329656,-0.022248708780294058,-0.022499944744260064
2024-12-30,98.43,103.0,97.3,99.36,2392659.829,2024-12-30 23:59:59.999,239848162.89467,655295,1176186.95,117901629.8829,0,2024-12-30,34.57464415756374,109.001,9.439516546493858,-1.0213446793078598,0.009345794392523477,0.00930239266231363
2024-12-31,99.35,104.87,97.69,103.22,2027637.482,2024-12-31 23:59:59.999,206968219.0652,503325,1008528.045,102964255.51221,0,2024-12-31,30.331335918223488,108.29849999999999,9.313709349236598,-0.5452714712872431,0.03884863123993565,0.038113014535412514
2025-01-01,103.23,108.1,102.0,105.19,2091902.288,2025-01-01 23:59:59.999,219313462.48375,602925,1071189.056,112319556.32257,0,2025-01-01,46.26145682585624,107.596,8.968467216335123,-0.26827326698788945,0.01908544855648131,0.018905606030601665
2025-01-02,105.18,108.67,104.55,105.08,2129693.737,2025-01-02 23:59:59.999,226478769.20973,555620,1036457.652,110236084.45639,0,2025-01-02,58.870472682627366,106.62550000000002,8.046968356890257,-0.19205990771377596,-0.0010457267801121661,-0.0010462739338436206
2025-01-03,105.08,114.84,104.06,112.72,2310213.66,2025-01-03 23:59:59.999,252196745.10344,608722,1163358.87,126980175.12307,0,2025-01-03,64.92146596858638,106.352,7.719522483183263,0.8249214914358347,0.07270650932622758,0.0701849027730856
2025-01-04,112.72,112.88,110.01,111.19,1417923.113,2025-01-04 23:59:59.999,157983392.09375,465520,689858.977,76876679.11106,0,2025-01-04,62.23121679736907,105.8545,7.003761000908389,0.7618049786833075,-0.013573456352022673,-0.013666417875266896
2025-01-05,111.19,116.12,110.55,115.7,1547251.853,2025-01-05 23:59:59.999,174013810.38421,475006,732926.2,82474212.44835,0,2025-01-05,68.88310459062942,105.73949999999999,6.810042487691322,1.4626193622143946,0.04056120154690168,0.03976018448447303
2025-01-06,115.71,117.39,111.6,113.97,2342847.864,2025-01-06 23:59:59.999,268108479.634,684180,1148978.873,131527938.89106,0,2025-01-06,59.816365109370764,105.16099999999999,5.380984942119662,1.6370608902930688,-0.014952463267070004,-0.01506537833198699
2025-01-07,113.97,114.88,102.0,102.67,3222827.496,2025-01-07 23:59:59.999,348676984.07676,737267,1493871.177,161459179.45117,0,2025-01-07,44.00000000000001,104.88,5.355666944555327,-0.41264701910687746,-0.09914889883302624,-0.10441529455677052
2025-01-08,102.67,104.96,97.13,101.35,2734688.446,2025-01-08 23:59:59.999,277875319.06548,771154,1303302.246,132506752.70681,0,2025-01-08,40.93642611683848,104.9825,5.262051706116614,-0.6903200886030036,-0.012856725430992588,-0.01294008841286443
2025-01-09,101.35,105.79,99.81,102.18,2779977.097,2025-01-09 23:59:59.999,285488398.32033,717639,1357723.451,139466580.78345,0,2025-01-09,49.96232102486814,105.02550000000001,5.2339865806348636,-0.5436582528751636,0.00818944252590037,0.008156091004642894
2025-01-10,102.19,106.24,102.02,103.88,2382028.556,2025-01-10 23:59:59.999,248543873.28657,622681,1187525.089,123917106.13322,0,2025-01-10,54.21898543445504,105.14349999999999,5.1770894840890955,-0.2440560480716329,0.016637306713642497,0.01650042289189569
2025-01-11,103.89,104.92,102.09,104.3,1349903.605,2025-01-11 23:59:59.999,139700791.70712,435888,592959.346,61379444.41975,0,2025-01-11,54.515968063872236,105.3715,5.024764225937973,-0.21324383629163884,0.0040431266846361336,0.004034975212179082
2025-01-12,104.31,105.21,101.28,102.3,1250172.899,2025-01-12 23:59:59.999,129190600.23765,385444,609153.969,62948686.28074,0,2025-01-12,54.84437751004016,105.15150000000001,5.059738161516662,-0.563566712144898,-0.019175455417066112,-0.01936168904914592
2025-01-13,102.3,104.45,92.12,98.33,3780669.122,2025-01-13 23:59:59.999,367339850.80299,833815,1789785.484,173884937.90321,0,2025-01-13,48.79925390533924,104.654,5.2224882151944145,-1.210917045557101,-0.038807429130009785,-0.03958050416551595
2025-01-14,98.32,102.54,97.51,102.4,1765273.221,2025-01-14 23:59:59.999,176257692.28142,478958,853751.69,85320595.88191,0,2025-01-14,49.04872389791184,104.28450000000001,5.099972626340583,-0.3695117872332975,0.041391233601139055,0.04055754381334258
2025-01-15,102.4,118.71,100.71,116.94,3873122.742,2025-01-15 23:59:59.999,420321872.91119,863071,2057675.515,223325684.9861,0,2025-01-15,60.553260283815334,105.021,5.800155079592136,2.0549450551653416,0.14199218749999987,0.13277427014211693
2025-01-16,116.93,130.49,114.04,124.36,10646062.735,2025-01-16 23:59:59.999,1299239446.95256,2494602,5320707.472,649363633.27265,0,2025-01-16,65.3064464909495,106.21300000000001,7.1248816056610815,2.546989691110274,0.06345134256883878,0.06151960244302867
2025-01-17,124.37,141.25,124.37,137.02,8373274.864,2025-01-17 23:59:59.999,1132545049.99313,2014044,4151717.196,561259379.68329,0,2025-01-17,67.86764705882354,108.03,9.778984448400418,2.964520513655383,0.10180122225796095,0.09694631538420012
2025-01-18,137.02,139.48,123.13,125.34,6179367.468,2025-01-18 23:59:59.999,791349148.08587,1560186,2961975.57,379243006.66544,0,2025-01-18,59.05310300703775,109.375,10.230063281172551,1.5605964070019052,-0.08524303021456725,-0.08909685577822363
2025-01-19,125.35,128.59,111.3,115.56,7088117.923,2025-01-19 23:59:59.999,849017271.96448,1835328,3391276.401,406011320.72319,0,2025-01-19,49.916087269239995,110.18499999999999,10.034838524384917,0.5356339304253502,-0.07802776448061277,-0.08124016919849496
2025-01-20,115.56,128.87,112.86,118.5,6532497.072,2025-01-20 23:59:59.999,777402270.79956,1923234,3235702.519,385365926.37877,0,2025-01-20,52.67635590216235,110.949,10.058292677134682,0.750723829817116,0.02544132917964692,0.025123084977151364
2025-01-21,118.51,124.84,113.66,119.06,3620053.237,2025-01-21 23:59:59.999,430920809.76284,1134740,1764353.391,210039809.09226,0,2025-01-21,61.090810664501284,111.6425,10.118298106840973,0.7330778280771386,0.004725738396624601,0.004714607150058298
2025-01-22,119.06,120.25,114.12,115.34,2345355.567,2025-01-22 23:59:59.999,273549988.87716,676024,1119995.682,130683844.72346,0,2025-01-22,59.16896054528772,112.1555,10.027753316615936,0.3175686416939774,-0.031244750545943223,-0.03174327953797748
2025-01-23,115.35,117.13,111.2,116.36,2767066.561,2025-01-23 23:59:59.999,316498165.93384,765269,1333535.194,152515175.9128,0,2025-01-23,59.27039748953974,112.3375,10.07147502655301,0.39939532088346996,0.008843419455522694,0.008804545439734211
2025-01-24,116.36,122.89,112.83,118.63,4331531.58,2025-01-24 23:59:59.999,514068711.75136,997980,2112015.11,250690065.46479,0,2025-01-24,59.57170668397144,112.7095,10.163838621616867,0.5825062971196757,0.019508422138191817,0.019320572046011033
2025-01-25,118.63,129.31,117.95,123.88,5788619.852,2025-01-25 23:59:59.999,721888326.43284,1374814,2876926.918,358786071.79685,0,2025-01-25,61.95652173913043,113.1185,10.45103886802684,1.0297062460386557,0.044255247407906984,0.04330394943199017
2025-01-26,123.89,125.07,116.82,117.05,2760897.888,2025-01-26 23:59:59.999,336968815.34758,729350,1266007.67,154795493.90098,0,2025-01-26,58.50536270326375,113.27250000000001,10.48687745156611,0.3602120857658976,-0.05513400064578622,-0.05671216116808225
2025-01-27,117.04,117.82,105.96,115.0,5707890.101,2025-01-27 23:59:59.999,638232753.21526,1482958,2731606.137,305509674.28807,0,2025-01-27,59.830168651963675,113.88900000000001,10.188970249087868,0.10903947826321786,-0.017513882956001647,-0.017669065573669644
2025-01-28,115.01,116.87,109.08,109.86,2631599.92,2025-01-28 23:59:59.999,298845752.33184,800557,1285688.315,146045848.56964,0,2025-01-28,54.34428138830654,114.3145,9.808354374015636,-0.45415365617303655,-0.044695652173913025,-0.0457253004487757
2025-01-29,109.85,119.45,109.73,115.8,3295749.415,2025-01-29 23:59:59.999,376375230.59498,918294,1610594.001,183863996.50738,0,2025-01-29,49.26223142635258,114.99549999999999,9.385200822232868,0.08572006238739203,0.054068814855270375,0.052657737224420555
2025-01-30,115.81,133.99,114.15,130.06,6368260.971,2025-01-30 23:59:59.999,813766615.36684,1611530,3313315.103,423371926.07765,0,2025-01-30,53.388822829964326,116.3045,9.577036941502548,1.4363001922222811,0.12314335060449055,0.11613131730211095
2025-01-31,130.07,135.38,125.11,128.01,4472615.065,2025-01-31 23:59:59.999,578242832.43573,1177523,2173558.867,281138976.13748,0,2025-01-31,43.86991427405088,117.49000000000001,9.47982789095156,1.1097247883625883,-0.015761956020298395,-0.015887496572987547
2025-02-01,128.0,131.16,117.58,118.02,3760788.459,2025-02-01 23:59:59.999,466843113.96995,1120418,1759588.953,218618630.75358,0,2025-02-01,44.90250696378829,118.276,8.779954681573512,-0.029157325895686835,-0.07804077806421372,-0.08125428423899557
2025-02-02,118.02,121.33,103.66,109.04,5570741.362,2025-02-02 23:59:59.999,628621200.99857,1617585,2599410.063,293368817.90001,0,2025-02-02,45.40845070422536,118.8115,7.767645633277124,-1.2579744830451862,-0.0760887985087273,-0.07913931424074548
2025-02-03,109.04,109.09,79.71,106.84,10807000.447,2025-02-03 23:59:59.999,1052853330.16277,2639295,5162381.881,503711780.66443,0,2025-02-03,41.7022487902078,119.03349999999998,7.324737663702644,-1.6647012575514106,-0.0201760821716801,-0.020382399146517037
2025-02-04,106.83,108.71,98.39,101.01,4815802.289,2025-02-04 23:59:59.999,492643534.47434,1258439,2358570.263,241366722.18932,0,2025-02-04,38.05110552098504,118.23700000000001,8.357660904190357,-2.061222655176491,-0.05456757768625986,-0.056112866400667344
2025-02-05,101.02,109.4,100.38,103.31,4076696.574,2025-02-05 23:59:59.999,427159190.607,1033956,2016180.871,211302079.65369,0,2025-02-05,41.88368641209013,117.1845,8.856542318651389,-1.5665820249942313,0.022770022770022713,0.022514655020261176
2025-02-06,103.3,109.66,99.41,101.59,4250894.572,2025-02-06 23:59:59.999,442852002.5221,1087402,2037429.823,212450531.00363,0,2025-02-06,40.12832509022858,115.41300000000001,8.19918359221843,-1.6858995587217918,-0.016648920724034455,-0.016789071757900457
2025-02-07,101.58,108.14,100.52,103.03,3876067.959,2025-02-07 23:59:59.999,404446584.99003,995253,1868283.739,195036375.11192,0,2025-02-07,39.45660989456611,114.29749999999999,8.294615168254015,-1.358411423729951,0.01417462348656362,0.014075102853523067
2025-02-08,103.03,105.14,101.68,104.62,1862253.117,2025-02-08 23:59:59.999,192524504.70703,580107,904232.964,93499704.36952,0,2025-02-08,36.30546075085325,113.75049999999999,8.563349366245465,-1.0662300006105183,0.015432398330583297,0.015314529985488316
2025-02-09,104.62,109.14,102.2,107.14,2702170.972,2025-02-09 23:59:59.999,287079948.76643,719390,1338187.926,142165833.75551,0,2025-02-09,42.493561581578554,113.1825,8.608369779645454,-0.7019331365489822,0.02408717262473714,0.023801652510349262
2025-02-10,107.16,122.48,107.08,120.17,6198340.842,2025-02-10 23:59:59.999,717054780.61564,1587589,3143398.909,363779126.5707,0,2025-02-10,53.35757890635148,113.23800000000001,8.651726691059846,0.8012273442667905,0.1216165764420385,0.11477101647039414
2025-02-11,120.16,132.09,117.77,119.17,7398349.852,2025-02-11 23:59:59.999,924901907.57019,2036202,3655924.071,457289477.32872,0,2025-02-11,56.38984214138641,113.42949999999999,8.74261160246378,0.6566115779845767,-0.008321544478655185,-0.00835636182049353
2025-02-12,119.19,124.98,111.26,122.01,6138045.345,2025-02-12 23:59:59.999,724731555.86183,1647052,3007881.04,355375854.30627,0,2025-02-12,54.451612903225815,113.71200000000002,8.931531724588114,0.9290679645861817,0.02383150121674915,0.023551963484528024
2025-02-13,122.01,129.21,118.72,126.53,5377986.213,2025-02-13 23:59:59.999,665075298.6824,1474737,2685144.452,332221280.35206,0,2025-02-13,47.05882352941176,114.10700000000001,9.326438988728874,1.332019650266661,0.03704614375870818,0.03637642561392933
2025-02-14,126.52,133.79,124.31,124.83,5537986.367,2025-02-14 23:59:59.999,710373407.14423,1653061,2734543.644,350923613.74761,0,2025-02-14,47.334897753938996,114.15450000000001,9.381092111821633,1.1379805115171182,-0.013435548881688186,-0.013526622538212746
2025-02-15,124.83,134.99,124.25,133.77,5545264.522,2025-02-15 23:59:59.999,727593387.55055,1576955,2758622.538,362031216.46485,0,2025-02-15,63.436273673434584,114.9905,10.347892984104668,1.8148138977516566,0.07161739966354252,0.06916909564453547
2025-02-16,133.77,137.46,125.0,125.64,5810207.311,2025-02-16 23:59:59.999,762194314.00281,1507959,2876914.089,377603356.64888,0,2025-02-16,64.36980609418282,115.5225,10.618380724502343,0.9528288975976786,-0.06077595873514252,-0.0627012326370493
2025-02-17,125.64,128.79,119.97,122.24,4890881.961,2025-02-17 23:59:59.999,607153502.83856,1290322,2320009.998,288114231.59077,0,2025-02-17,63.0597014925373,116.1415,10.631749509442738,0.573612084688746,-0.02706144539955435,-0.027434349252235507
2025-02-18,122.25,129.77,119.73,129.67,6676441.117,2025-02-18 23:59:59.999,834020917.42536,1726407,3333387.216,416571879.79612,0,2025-02-18,73.66248348745044,116.835,11.0523460238782,1.1612919078239528,0.060782068062827266,0.05900643614258257
2025-02-19,129.67,139.88,129.62,134.82,8128386.129,2025-02-19 23:59:59.999,1095620878.6399,1910960,4109967.605,554199346.80899,0,2025-02-19,74.84623876360195,117.07300000000001,11.397967085588903,1.5570320449897181,0.039716202668311995,0.03894779386450003
2025-02-20,134.82,135.16,125.73,130.75,6792265.056,2025-02-20 23:59:59.999,880257498.02091,1508778,3381370.769,438271343.93568,0,2025-02-20,72.17153284671532,117.21,11.551774527612615,1.1721142901148967,-0.030188399347277795,-0.03065345248026046
2025-02-21,130.75,140.12,123.62,127.97,11134425.696,2025-02-21 23:59:59.999,1478750725.99724,2467859,5577942.021,741221254.98855,0,2025-02-21,68.58420268256333,117.70749999999998,11.800084243676082,0.869697180806138,-0.021261950286806885,-0.02149124149552772
2025-02-22,127.97,131.09,125.56,125.84,3612307.634,2025-02-22 23:59:59.999,462167414.3677,940807,1721676.598,220309898.2168,0,2025-02-22,65.68598462448256,118.54749999999999,11.748455161601838,0.620719907399785,-0.016644526060795473,-0.016784602699482152
2025-02-23,125.84,130.36,125.12,129.79,2828153.919,2025-02-23 23:59:59.999,360795432.97839,714205,1360828.436,173644141.60959,0,2025-02-23,66.39640943969886,119.69500000000001,11.665267610347035,0.8653894910259726,0.03138906547997444,0.03090650094964509
2025-02-24,129.8,130.46,108.1,114.69,6986877.947,2025-02-24 23:59:59.999,846158771.50548,1524080,3242866.5,392610511.41086,0,2025-02-24,46.148439696373345,120.37899999999999,10.887111114570844,-0.5225444968946885,-0.11634178288003694,-0.12368492332323643
2025-02-25,114.68,117.16,106.0,114.51,7696805.602,2025-02-25 23:59:59.999,863301627.06859,1926619,3761574.046,422119437.71133,0,2025-02-25,46.68657565415245,120.93900000000001,10.231213798442166,-0.6283711910095067,-0.0015694480774260944,-0.0015706809511830454
2025-02-26,114.52,128.92,113.85,124.6,9202834.449,2025-02-26 23:59:59.999,1136858847.4235,2130689,4610652.886,569634565.05599,0,2025-02-26,51.669459842722695,122.0895,9.180709452574563,0.2734538123626131,0.0881145751462753,0.08444645092810459
2025-02-27,124.61,132.05,121.71,126.81,7756061.973,2025-02-27 23:59:59.999,987021797.65017,1709924,3837437.965,488508574.05848,0,2025-02-27,50.186021791124105,123.27850000000001,8.053006156576297,0.43853188875511767,0.01773675762439808,0.01758129689345547
2025-02-28,126.8,129.59,114.05,127.99,9769375.726,2025-02-28 23:59:59.999,1191617429.28956,2366070,4756771.78,580202550.23522,0,2025-02-28,52.11399518330211,124.447,6.801385385188549,0.5209232824411952,0.00930525983755226,0.009262232620892184
2025-03-01,127.99,131.01,122.85,124.24,3524717.523,2025-03-01 23:59:59.999,445419867.91857,959346,1755676.261,222120428.57594,0,2025-03-01,43.148813803019394,125.30199999999999,5.452223689271825,-0.19478291070296008,-0.02929916399718724,-0.029736957027268727
2025-03-02,124.25,130.17,117.14,127.82,6934178.357,2025-03-02 23:59:59.999,860081283.94466,1757768,3283742.842,407839348.46531,0,2025-03-02,51.676923076923075,125.68449999999999,5.340436090015618,0.399873711435757,0.028815196394075926,0.02840784538170403
2025-03-03,127.82,130.32,106.62,109.81,8314761.668,2025-03-03 23:59:59.999,968521794.55892,2126106,3930443.577,457808168.15319,0,2025-03-03,42.19319181007412,125.21650000000002,6.270505121092423,-2.456979095380431,-0.14090126740729148,-0.1518714246125138
2025-03-04,109.82,110.92,93.83,103.57,9011887.391,2025-03-04 23:59:59.999,922151155.59727,2182585,4337885.066,443854371.41264,0,2025-03-04,33.358837031369546,124.2945,7.908533349288203,-2.620523817082378,-0.0568254257353612,-0.05850388700883454
2025-03-05,103.57,106.82,100.55,104.66,4266712.15,2025-03-05 23:59:59.999,441545821.92561,1093340,2082551.912,215563697.74885,0,2025-03-05,29.720279720279706,123.20099999999998,9.017393660089018,-2.0561373606280986,0.010524283093559905,0.01046928834327428
2025-03-06,104.67,112.93,102.02,103.33,5276935.349,2025-03-06 23:59:59.999,562635343.95158,1272859,2554977.567,272420869.74474,0,2025-03-06,30.857302429488954,122.126,10.036892158954718,-1.8726912377184988,-0.012707815784444798,-0.012789250717798127
2025-03-07,103.33,106.58,97.2,103.63,5250056.047,2025-03-07 23:59:59.999,539257198.12366,1351914,2510065.085,257932192.16532,0,2025-03-07,32.39803297656927,120.61899999999999,10.450744571810313,-1.625625799507709,0.00290331946191813,0.0028991129698624977
2025-03-08,103.63,108.62,101.74,102.32,3134861.842,2025-03-08 23:59:59.999,328626584.90349,787339,1520695.85,159505065.73259,0,2025-03-08,32.786885245901615,119.453,11.139297483280155,-1.538068269180913,-0.012641127086750914,-0.012721705925538774
2025-03-09,102.31,102.72,93.55,94.57,4423083.894,2025-03-09 23:59:59.999,435243269.05577,979449,2047673.66,201636027.57853,0,2025-03-09,25.582362728785355,118.06949999999999,12.419657370897335,-1.8921214408914189,-0.07574276778733391,-0.07876485624316651
2025-03-10,94.57,99.05,86.23,87.44,5705924.305,2025-03-10 23:59:59.999,529737034.24074,1292060,2767821.983,257283015.30417,0,2025-03-10,28.760717069368667,115.958,13.850965993291787,-2.0589177688986933,-0.0753938881251982,-0.07838745715913761
2025-03-11,87.44,93.21,83.21,90.41,5657415.282,2025-03-11 23:59:59.999,501698882.38897,1250586,2713450.249,240639446.25122,0,2025-03-11,31.998804899910354,113.7375,14.222755627217074,-1.6401533297358935,0.03396614821591948,0.033402036880991935
2025-03-12,90.41,92.86,87.25,91.46,3479325.349,2025-03-12 23:59:59.999,313580557.78396,791603,1702144.341,153418854.0916,0,2025-03-12,21.381692573402418,111.773,14.46070068186467,-1.4047037171217276,0.01161375953987398,0.011546837480634134
2025-03-13,91.46,91.74,86.2,88.04,2763123.788,2025-03-13 23:59:59.999,245711103.34455,644936,1371074.311,121952061.58854,0,2025-03-13,17.205210624259834,109.77650000000001,14.857777787725446,-1.4629711327327377,-0.03739339602011793,-0.03811046157164805
2025-03-14,88.04,92.78,87.76,91.27,2420438.788,2025-03-14 23:59:59.999,219215991.15552,523386,1168681.617,105881925.69266,0,2025-03-14,19.9803793328973,108.048,14.901462167747002,-1.1259297786437774,0.03668786915038602,0.03603088987052486
2025-03-15,91.27,94.2,90.88,92.39,1871457.416,2025-03-15 23:59:59.999,173434248.38895,494629,928380.844,86041181.28209,0,2025-03-15,22.791730736374504,106.178,14.366515015276416,-0.9597317084441659,0.012271283006464406,0.012196601153867908
2025-03-16,92.39,92.63,88.28,90.16,2535019.99,2025-03-16 23:59:59.999,229457139.28191,557799,1160038.742,104966853.92531,0,2025-03-16,17.068905211612446,104.95149999999998,14.64595229693727,-1.0099377425319862,-0.02413681134321899,-0.02443287795113294
2025-03-17,90.17,94.49,90.16,92.23,3274616.862,2025-03-17 23:59:59.999,304427324.00996,674910,1620610.62,150680772.11314,0,2025-03-17,28.685741998060138,103.8375,14.727750703669068,-0.7881380010803869,0.022959183673469497,0.022699587516106755
2025-03-18,92.23,92.28,87.04,89.98,2961984.612,2025-03-18 23:59:59.999,263693128.41517,583648,1441331.993,128281012.74604,0,2025-03-18,31.75838926174498,102.10650000000001,14.183474177252636,-0.8549738835812463,-0.02439553290686325,-0.02469803383460125
2025-03-19,89.98,94.22,89.27,94.04,3811690.871,2025-03-19 23:59:59.999,346916723.46501,677435,1843356.98,167914728.62003,0,2025-03-19,36.79761312779713,100.46799999999999,13.02499564602218,-0.4935126409783551,0.045121138030673524,0.04413280025884257
2025-03-20,94.05,94.56,90.03,93.22,2320333.523,2025-03-20 23:59:59.999,214434797.83542,529250,1124498.261,103985483.1665,0,2025-03-20,37.27020901536137,98.7295,11.373989475065287,-0.4843946806947769,-0.008719693747341606,-0.008757932727273925
2025-03-21,93.22,93.88,90.74,90.79,1983954.722,2025-03-21 23:59:59.999,184125387.24162,491998,964084.538,89510938.99101,0,2025-03-21,34.65583173996177,97.05699999999999,9.771844678513897,-0.6413323385890194,-0.026067367517700002,-0.026413143560929005
2025-03-22,90.79,92.18,90.33,91.35,1294524.83,2025-03-22 23:59:59.999,118039099.7315,338011,650530.475,59324424.60321,0,2025-03-22,36.65125334631296,95.23349999999999,6.625289090014315,-0.5861631012982118,0.006168080185042335,0.006149135440349832
2025-03-23,91.35,92.97,90.54,91.44,1161435.106,2025-03-23 23:59:59.999,106568945.4093,317585,546914.212,50183074.78883,0,2025-03-23,45.31857612922525,94.315,5.707972725191093,-0.5036814537167835,0.0009852216748769127,0.0009847366625395598
2025-03-24,91.45,95.57,90.73,93.73,2877390.273,2025-03-24 23:59:59.999,268873039.58581,520103,1401928.376,131018363.96984,0,2025-03-24,61.0003497726478,93.82300000000001,5.27598342042295,-0.017627045536194683,0.025043744531933587,0.024735289271839305
2025-03-25,93.73,94.73,91.81,94.35,2418600.56,2025-03-25 23:59:59.999,225561498.09006,458631,1140332.303,106390965.97149,0,2025-03-25,57.50762195121951,93.30749999999999,4.624911805696662,0.2254097037517388,0.006614744478822043,0.006592963056164674
2025-03-26,94.35,96.46,90.82,92.38,2889052.3,2025-03-26 23:59:59.999,271673950.84461,577240,1357556.044,127745594.43787,0,2025-03-26,51.693667157584684,92.76,3.979030561640878,-0.09550064874176406,-0.02087970323264443,-0.021100766812099915
2025-03-27,92.38,94.98,92.11,92.73,2162184.866,2025-03-27 23:59:59.999,202059229.75998,434783,1043309.688,97506697.37157,0,2025-03-27,59.73432959734328,92.215,3.0498015465977097,0.16886344640179066,0.0037886988525654974,0.003781539809675311
2025-03-28,92.73,93.39,85.63,87.3,3187039.825,2025-03-28 23:59:59.999,282148099.82374,546441,1527167.029,135184848.44668,0,2025-03-28,42.449600608596434,91.464,2.1458733959682244,-1.940468625886101,-0.05855710126172764,-0.060341581966578156
2025-03-29,87.3,87.98,84.08,85.41,2313431.963,2025-03-29 23:59:59.999,198909950.19296,489791,1097762.127,94418915.49317,0,2025-03-29,37.10273466371028,91.006,2.409401323313983,-2.322568658799876,-0.02164948453608251,-0.021887272887500676
2025-03-30,85.42,86.76,84.61,86.06,1875210.036,2025-03-30 23:59:59.999,161288254.04827,358109,995479.122,85644352.41023,0,2025-03-30,41.95447409733126,90.937,2.5334646549418784,-1.9250317901561098,0.007610350076103556,0.007581537452397753
2025-03-31,86.06,86.23,80.74,82.94,3373950.458,2025-03-31 23:59:59.999,280943251.53635,585394,1600705.442,133321856.53866,0,2025-03-31,32.49151903505465,90.5635,3.1020761723226995,-2.457547647610427,-0.03625377643504535,-0.03692727259221836
2025-04-01,82.95,85.87,82.79,84.43,2141491.729,2025-04-01 23:59:59.999,181079667.5043,424522,1067587.862,90248769.68076,0,2025-04-01,39.23166472642609,90.212,3.3809039588388345,-1.7101935075333563,0.017964793826863,0.017805333863173515
2025-04-02,84.44,88.53,80.88,81.47,4836972.462,2025-04-02 23:59:59.999,407553483.9336,846609,2412568.14,203432455.43836,0,2025-04-02,24.523713011755177,89.8835,3.884696391299607,-2.1658063211434917,-0.03505862844960328,-0.03568793435885821
2025-04-03,81.47,85.15,80.07,83.41,2886144.393,2025-04-03 23:59:59.999,238061666.68208,612054,1425924.674,117620765.78877,0,2025-04-03,30.9810003877472,89.4905,4.127069146111628,-1.4733215714907086,0.023812446299251278,0.023533351930970055
2025-04-04,83.42,85.07,81.55,84.36,2649887.85,2025-04-04 23:59:59.999,221580500.7683,583205,1333619.535,111511848.71057,0,2025-04-04,36.77498971616618,89.089,4.219704279978706,-1.1206946473566302,0.011389521640091216,0.011325149357053503
2025-04-05,84.35,84.95,81.57,82.63,1164738.828,2025-04-05 23:59:59.999,96727808.15181,314777,564966.129,46899351.90111,0,2025-04-05,32.88854003139721,88.7125,4.448824652581606,-1.3672150455447598,-0.020507349454717883,-0.02072054489748086
2025-04-06,82.63,83.08,68.38,70.56,5195353.405,2025-04-06 23:59:59.999,391880059.08407,812035,2435727.268,183778063.80545,0,2025-04-06,22.130272290443173,87.62899999999999,5.9369927705732035,-2.8750245552938436,-0.1460728548953164,-0.15790939901455706
2025-04-07,70.56,72.99,63.02,70.95,8977057.52,2025-04-07 23:59:59.999,612066721.99896,1326364,4478670.572,305381927.6273,0,2025-04-07,17.96962879640047,86.6775,6.97463288978795,-2.254957393245418,0.005527210884353817,0.005511991907515878
2025-04-08,70.95,73.48,68.18,69.12,3560902.805,2025-04-08 23:59:59.999,252959146.32801,629034,1757665.886,124890212.31518,0,2025-04-08,15.692140331792274,85.4315,7.7706385804071045,-2.099119632346282,-0.02579281183932347,-0.02613127911025149
2025-04-09,69.11,78.91,66.45,76.01,5550446.628,2025-04-09 23:59:59.999,400924211.02243,909110,2747059.574,198537152.90342,0,2025-04-09,30.3669944830895,84.571,7.815532375707497,-1.0953828336262266,0.09968171296296302,0.09502078608214895
2025-04-10,76.0,76.1,70.96,73.76,2865712.903,2025-04-10 23:59:59.999,210569935.32281,570834,1396485.487,102671659.25708,0,2025-04-10,28.240422115164037,83.71950000000001,8.02715488365947,-1.2407260286299104,-0.029601368241020887,-0.030048331329610652
2025-04-11,73.77,77.49,73.66,76.16,2187306.155,2025-04-11 23:59:59.999,166244311.74077,457996,1026182.627,77998149.39123,0,2025-04-11,36.26725838264301,82.96000000000001,7.985690491843581,-0.8515231096102949,0.03253796095444672,0.03201981123477136
2025-04-12,76.15,80.06,74.88,78.58,2093151.155,2025-04-12 23:59:59.999,162277776.6435,412765,1051920.483,81581589.83865,0,2025-04-12,41.68897541981018,82.31700000000001,7.782094224966542,-0.4802049283868798,0.03177521008403361,0.03128082364720383
2025-04-13,78.57,79.98,76.32,77.8,2224250.109,2025-04-13 23:59:59.999,174080337.22495,527759,1050448.99,82252095.08524,0,2025-04-13,39.980591945657444,81.5205,7.356047619400578,-0.5057743223667676,-0.009926189870196,-0.00997578294596781
2025-04-14,77.8,80.66,75.63,77.13,2162162.851,2025-04-14 23:59:59.999,168378204.3004,524454,1028548.662,80139768.14174,0,2025-04-14,42.50709311323188,80.65950000000001,6.758897819673217,-0.5222005265010293,-0.008611825192802125,-0.008649121238438183
2025-04-15,77.14,78.68,74.59,75.25,1789552.868,2025-04-15 23:59:59.999,137403395.28385,421896,870097.381,66820504.77318,0,2025-04-15,38.27885597548517,79.803,6.262637833335081,-0.7270099471128703,-0.024374432775832955,-0.02467640631692264
2025-04-16,75.24,76.5,73.22,74.28,2364205.835,2025-04-16 23:59:59.999,177215735.29425,509044,1170896.227,87781482.92001,0,2025-04-16,40.32822168415388,78.8805,5.579889147167487,-0.8244787447677779,-0.01289036544850497,-0.012974167144480051
2025-04-17,74.28,76.5,73.61,74.9,1761832.129,2025-04-17 23:59:59.999,132365222.12878,382176,877309.82,65915078.16708,0,2025-04-17,38.13110181311019,78.26050000000001,5.275746367745758,-0.6369714853134401,0.008346795907377524,0.008312154038668784
2025-04-18,74.91,77.04,74.54,75.94,1190337.823,2025-04-18 23:59:59.999,90241184.74444,276782,579395.217,43927891.61643,0,2025-04-18,38.286032276015575,77.787,5.019026011608574,-0.36799968673763733,0.013885180240320372,0.013789664280482417
2025-04-19,75.95,76.73,74.2,76.07,1181792.122,2025-04-19 23:59:59.999,89572809.09461,254427,564741.126,42819018.27855,0,2025-04-19,40.44845661036691,77.2875,4.634750745576763,-0.26268942319324046,0.0017118777982616518,0.001710414205553404
2025-04-20,76.07,78.48,75.34,77.77,1474785.08,2025-04-20 23:59:59.999,113117762.86568,303485,711275.842,54568463.06054,0,2025-04-20,65.03963287442636,77.029,4.4431080870967214,0.16677514601815469,0.022347837518075453,0.022101783697642124
2025-04-21,77.76,82.0,77.36,78.09,2490817.89,2025-04-21 23:59:59.999,197895728.8445,471248,1277508.119,101541466.63239,0,2025-04-21,64.93723849372387,76.712,4.10021899286046,0.33607960999143066,0.004114697184004257,0.004106254967731908
2025-04-22,78.08,84.7,77.29,83.45,2737205.101,2025-04-22 23:59:59.999,222107666.74139,489616,1333689.369,108226437.33704,0,2025-04-22,76.12103536274152,76.811,4.242579776248731,1.564849773047796,0.0686387501600716,0.06638564243326027
2025-04-23,83.45,85.21,82.17,83.21,2515989.622,2025-04-23 23:59:59.999,211284242.21368,461292,1255297.233,105432221.93892,0,2025-04-23,67.32435033686235,76.801,4.226411816428358,1.5164163546694054,-0.002875973636908391,-0.0028801171955056223
2025-04-24,83.2,84.59,80.73,84.25,2005351.008,2025-04-24 23:59:59.999,165636964.02149,392313,978588.516,80838892.33029,0,2025-04-24,76.80122636688807,76.7955,4.216116290958701,1.768096391455303,0.012498497776709527,0.01242103632013258
2025-04-25,84.25,87.21,82.87,86.24,2101036.091,2025-04-25 23:59:59.999,179826214.75998,404602,1019381.055,87254298.15561,0,2025-04-25,76.30480167014612,76.976,4.543605570346903,2.0389093763904094,0.02362017804154304,0.02334553792821593
2025-04-26,86.24,87.99,85.16,87.0,1529913.104,2025-04-26 23:59:59.999,132908452.96013,325465,726842.86,63141934.96582,0,2025-04-26,74.05714285714285,77.798,4.801559615039929,1.9164606373263733,0.008812615955473113,0.00877401149389671
2025-04-27,87.0,87.54,84.52,85.33,1353783.679,2025-04-27 23:59:59.999,116565445.52898,331682,656256.821,56519501.19112,0,2025-04-27,70.47308319738987,78.517,4.798800398338985,1.4197298146341313,-0.01919540229885064,-0.01938202610609032
2025-04-28,85.33,88.07,83.63,85.62,2196451.054,2025-04-28 23:59:59.999,188316178.93138,466845,1111189.943,95312028.75888,0,2025-04-28,73.57023875624652,79.34200000000001,4.507757757459996,1.3927101538698214,0.0033985702566508014,0.003392808168306738
2025-04-29,85.63,87.41,84.42,85.51,2177674.594,2025-04-29 23:59:59.999,187123362.41566,481990,1077310.433,92587681.26269,0,2025-04-29,81.58866995073889,79.817,4.636850224014241,1.2277731056560708,-0.001284746554543359,-0.0012855725489361591
2025-04-30,85.51,86.59,81.36,83.48,2116355.093,2025-04-30 23:59:59.999,177935121.32124,462688,1015109.092,85345073.9689,0,2025-04-30,76.58959537572251,80.303,4.47515727450109,0.7099191838691731,-0.02373991346041404,-0.024026245958863976
2025-05-01,83.48,90.96,83.26,88.81,2471315.895,2025-05-01 23:59:59.999,216190164.84849,534190,1218359.497,106587769.28186,0,2025-05-01,81.59927305770101,80.9355,4.7446207490770895,1.6596690054798844,0.06384762817441292,0.06189217406141262
2025-05-02,88.82,90.98,87.12,87.91,1838969.749,2025-05-02 23:59:59.999,163193124.66682,448880,909909.981,80750651.04528,0,2025-05-02,77.36625514403288,81.40200000000002,4.954848343310272,1.3134609879203827,-0.010133993919603679,-0.010185692407325536
2025-05-03,87.91,87.94,85.48,86.49,1047285.907,2025-05-03 23:59:59.999,90910942.0228,278977,509632.174,44239222.15043,0,2025-05-03,72.49568221070808,81.8365,5.0031435118274885,0.9301152343519763,-0.016152883630986214,-0.016284763544666694
2025-05-04,86.49,86.85,84.64,84.99,1382394.951,2025-05-04 23:59:59.999,118895607.68676,312507,680589.207,58547961.82364,0,2025-05-04,65.72299651567941,82.2295,4.922033677887361,0.560845410790618,-0.01734304543877907,-0.01749519780788565
2025-05-05,84.98,89.46,82.12,83.19,3485463.872,2025-05-05 23:59:59.999,300378023.35613,624404,1728536.985,148937731.38921,0,2025-05-05,60.433715220949246,82.6265,4.64168104189404,0.12139998309105451,-0.021178962230850695,-0.02140645421473852
2025-05-06,83.19,92.68,80.95,91.58,4162214.396,2025-05-06 23:59:59.999,353815417.54632,705340,2156721.938,183863874.45895,0,2025-05-06,64.79796141244992,83.4915,4.616306651989782,1.7521582966143687,0.10085346796489958,0.09608575893315299
2025-05-07,91.57,93.68,87.16,89.5,5096030.797,2025-05-07 23:59:59.999,462572828.51352,980038,2591559.252,235253366.29104,0,2025-05-07,60.73012623677926,84.2215,4.331801952748637,1.2185460133168493,-0.022712382616291715,-0.022974281948139656
2025-05-08,89.5,95.45,89.35,94.93,4348951.186,2025-05-08 23:59:59.999,402112459.24379,788676,2188639.234,202395954.18173,0,2025-05-08,65.84569732937686,85.17099999999999,4.499025508513843,2.169136401101156,0.060670391061452555,0.058901152612897474
2025-05-09,94.93,101.53,93.81,100.49,4114031.854,2025-05-09 23:59:59.999,402617452.53936,861926,2000356.358,195722488.40139,0,2025-05-09,69.11725248188891,86.392,5.163689623346718,2.7302183183625837,0.058569472242705034,0.0569184421671601
2025-05-10,100.49,107.11,100.41,105.23,3576596.964,2025-05-10 23:59:59.999,370089999.06762,806719,1761780.138,182316001.76303,0,2025-05-10,72.0969696969697,87.765,6.280457995363244,2.780848150388733,0.04716887252462931,0.046090210691853484
2025-05-11,105.22,105.95,97.98,100.08,3205182.419,2025-05-11 23:59:59.999,325028846.09917,743568,1495304.708,151619970.06716,0,2025-05-11,66.48781578359043,88.86449999999999,6.4208316193585055,1.7467363520615928,-0.04894041623111289,-0.05017856459406521
2025-05-12,100.09,105.2,98.25,103.82,4503461.212,2025-05-12 23:59:59.999,458322821.89382,930856,2208322.957,224821366.1989,0,2025-05-12,68.88750518887504,89.88300000000001,7.096766572842691,1.96385210883685,0.03737010391686635,0.036688764240427114
2025-05-13,103.81,104.95,99.32,103.37,3665293.0,2025-05-13 23:59:59.999,374933295.28524,847139,1751621.772,179239588.75895,0,2025-05-13,68.4047815333883,90.89099999999999,7.518282208614216,1.6598206417021644,-0.004334424966287664,-0.004343845818689429
2025-05-14,103.36,105.97,98.51,100.91,3494054.758,2025-05-14 23:59:59.999,356319010.8425,773268,1599517.183,163189605.67385,0,2025-05-14,67.80388151174668,91.724,7.665254759384062,1.1983946115755884,-0.023798007158750245,-0.024085754103956115
2025-05-15,100.91,101.87,95.52,99.21,3713128.973,2025-05-15 23:59:59.999,364848237.23817,797444,1791301.31,175993855.09024,0,2025-05-15,61.4739629302736,92.3725,7.7252878501946745,0.8850802886040925,-0.016846695074819173,-0.016990214814626328
2025-05-16,99.21,102.15,98.22,99.4,2172449.37,2025-05-16 23:59:59.999,217967370.79228,591111,1087853.471,109150554.28491,0,2025-05-16,62.87827841291191,92.99249999999999,7.768883192105296,0.8247646208030629,0.001915129523233583,0.0019132980007172836
2025-05-17,99.41,101.2,95.57,96.0,2506686.002,2025-05-17 23:59:59.999,246716125.06,640535,1189475.27,117130100.37159,0,2025-05-17,60.20605280103027,93.526,7.5790364614609995,0.32642671830121983,-0.03420523138832998,-0.03480392219469212
2025-05-18,96.01,102.45,95.7,100.89,2739255.804,2025-05-18 23:59:59.999,270913008.07337,650002,1288604.179,127454233.31699,0,2025-05-18,65.90636254501801,94.2895,7.5094995803524345,0.8789533749052055,0.05093750000000008,0.049682622952451766
2025-05-19,100.9,101.25,94.06,98.23,2756604.043,2025-05-19 23:59:59.999,267227203.70576,701089,1297140.889,125822621.79448,0,2025-05-19,64.7915027537372,94.9255,7.261350805894242,0.4550806163114512,-0.026365348399246646,-0.026719146733509645
2025-05-20,98.23,99.67,92.19,94.41,3987243.61,2025-05-20 23:59:59.999,377770938.08027,847582,1823833.197,172950041.97443,0,2025-05-20,53.0581370218284,95.472,6.747748630387227,-0.15738582721020145,-0.03888832332281389,-0.03966466794235312
2025-05-21,94.4,98.31,93.35,97.05,3223178.929,2025-05-21 23:59:59.999,307905089.93082,710633,1534966.492,146644224.83323,0,2025-05-21,58.06107196241725,95.884,6.568758113817268,0.1775069168017218,0.027963139497934497,0.02757930987059403
2025-05-22,97.05,101.0,96.92,100.22,2938876.861,2025-05-22 23:59:59.999,290823327.47359,654514,1465209.688,145042455.55508,0,2025-05-22,55.93448507964997,96.49949999999998,6.355530103357427,0.5853957009871752,0.032663575476558515,0.03214145991655937
2025-05-23,100.22,102.93,94.5,95.18,3931447.123,2025-05-23 23:59:59.999,388751673.25211,800791,1872449.418,185114788.06644,0,2025-05-23,43.97275822928493,96.934,5.917136932134489,-0.2964271437550238,-0.050289363400518816,-0.05159793383861414
2025-05-24,95.17,97.75,94.71,95.56,1389735.212,2025-05-24 23:59:59.999,134113179.97291,412264,647576.157,62503804.65022,0,2025-05-24,37.81809019904258,97.4625,5.225847576679091,-0.3640557769978051,0.003992435385585136,0.003984486764644314
2025-05-25,95.56,96.0,93.04,95.55,1419063.834,2025-05-25 23:59:59.999,134313139.37731,377640,669233.194,63352567.19668,0,2025-05-25,43.44428364688857,98.0805,4.0470593287561725,-0.6252688172915246,-0.00010464629552120464,-0.0001046517713268063
2025-05-26,95.55,97.55,94.25,94.96,1458807.879,2025-05-26 23:59:59.999,140165546.23196,383347,704071.686,67654340.72474,0,2025-05-26,35.89171974522294,98.24949999999998,3.825846277203018,-0.859809767998536,-0.0061747776033490576,-0.0061939203848694726
2025-05-27,94.96,96.99,92.93,95.86,1917165.281,2025-05-27 23:59:59.999,183155413.26385,408551,933772.544,89229913.24082,0,2025-05-27,38.21036106750393,98.5675,3.286642623831846,-0.8237889876944892,0.00947767481044659,0.009433043430072712
2025-05-28,95.86,97.45,93.41,95.34,1837038.555,2025-05-28 23:59:59.999,175414411.1233,404696,873503.425,83457099.90445,0,2025-05-28,40.68873286526247,98.588,3.2639604615685873,-0.9951100934718656,-0.005424577508867046,-0.005439343954805558
2025-05-29,95.33,99.06,92.76,93.14,2596454.519,2025-05-29 23:59:59.999,249518232.21317,538231,1276849.596,122867152.36466,0,2025-05-29,40.01973035185796,98.2205,3.4471750066194615,-1.4738155127732522,-0.023075309418921774,-0.02334571222244848
2025-05-30,93.14,93.84,84.71,85.55,3553257.177,2025-05-30 23:59:59.999,317572275.02906,668013,1606458.772,143570777.46217,0,2025-05-30,31.684739486908214,97.2365,4.0899147784132,-2.8573945016365654,-0.08149022976164921,-0.08500273721602876
2025-05-31,85.56,87.89,83.06,86.99,1960980.398,2025-05-31 23:59:59.999,167574019.0666,486125,970091.074,82902310.20828,0,2025-05-31,37.43375174337517,96.58200000000001,4.623501293443315,-2.0746182149019035,0.01683226183518416,0.016692169181246958
2025-06-01,87.0,88.67,85.68,88.36,1384142.725,2025-06-01 23:59:59.999,120607754.79244,322432,675001.4,58828070.85291,0,2025-06-01,30.621713578719465,95.809,4.6420309756498686,-1.6046855436929013,0.015748936659386148,0.01562620903246705
2025-06-02,88.35,89.94,86.92,89.49,1752782.997,2025-06-02 23:59:59.999,155086182.86533,396915,878986.015,77797227.97905,0,2025-06-02,35.811688311688314,95.115,4.487109607701185,-1.2535909509199117,0.012788592123132547,0.012707508642850326
2025-06-03,89.49,90.55,88.61,89.45,1468477.085,2025-06-03 23:59:59.999,131600197.87199,309912,709988.234,63642684.16495,0,2025-06-03,40.8216136195411,94.542,4.439609513405896,-1.1469477179522516,-0.00044697731590115364,-0.0004470772400386099
2025-06-04,89.45,90.92,87.28,87.91,1511768.642,2025-06-04 23:59:59.999,135478676.66626,319918,699362.565,62703045.11914,0,2025-06-04,32.36882716049382,93.977,4.532347016020428,-1.3386000627390315,-0.017216321967579717,-0.01736624609164101
2025-06-05,87.92,89.08,81.91,83.53,2254992.291,2025-06-05 23:59:59.999,193769165.26067,463315,1071577.76,92083811.63037,0,2025-06-05,19.24069295982308,93.18350000000001,4.90670462358422,-1.9674100522783002,-0.04982368331247866,-0.0511077150952723
2025-06-06,83.53,87.63,83.11,87.22,1537807.472,2025-06-06 23:59:59.999,131081331.35574,358705,750094.641,63960904.14962,0,2025-06-06,34.56167571761054,92.7445,5.032606811160021,-1.0977412317904884,0.04417574524123058,0.04322781364680537
2025-06-07,87.21,89.27,86.59,88.28,973643.643,2025-06-07 23:59:59.999,85813392.95299,254146,482104.301,42487504.49167,0,2025-06-07,36.243386243386254,92.114,4.7397950211005835,-0.8088957397802713,0.012153175877092526,0.012079918973915376
2025-06-08,88.28,88.6,86.5,87.15,1130467.471,2025-06-08 23:59:59.999,99065974.65927,260801,551158.895,48298272.51903,0,2025-06-08,34.77157360406093,91.56,4.63365832508491,-0.9517318046792295,-0.012800181241504283,-0.012882809422505703
2025-06-09,87.14,90.8,86.67,90.68,1758605.104,2025-06-09 23:59:59.999,155619454.07022,346238,888148.287,78623336.44363,0,2025-06-09,42.98820445609439,91.3735,4.5877483010327245,-0.15116348031645285,0.0405048766494549,0.03970605367329826
2025-06-10,90.69,93.45,89.46,93.27,2449382.091,2025-06-10 23:59:59.999,223585662.42345,437362,1258648.816,114961944.99848,0,2025-06-10,45.97950946910896,91.18449999999999,4.416243313037043,0.4722339445934684,0.02856197617997336,0.02816168709944372
2025-06-11,93.27,94.16,90.34,91.51,2330783.186,2025-06-11 23:59:59.999,214702022.21514,435800,1164695.48,107293723.70267,0,2025-06-11,44.275037369207766,90.749,3.8745687705651894,0.19640895414769,-0.018869947464350667,-0.019050256811485176
2025-06-12,91.52,91.85,85.95,86.08,2281204.254,2025-06-12 23:59:59.999,202369859.31574,438346,1026913.454,91082283.37123,0,2025-06-12,40.3762268266085,90.29400000000001,3.861133457793396,-1.0913893668954602,-0.059337777292099325,-0.061171159513812634
2025-06-13,86.09,86.64,81.21,86.47,2746431.403,2025-06-13 23:59:59.999,229579938.03501,570364,1286086.325,107529239.74618,0,2025-06-13,51.56037991858888,89.83950000000002,3.74179449630464,-0.9005037565071257,0.004530669144981347,0.004520436558864508
2025-06-14,86.47,86.87,84.14,85.13,1235809.545,2025-06-14 23:59:59.999,105788201.56091,286521,589760.89,50480311.05829,0,2025-06-14,46.83458134785569,89.3185,3.6285436762522685,-1.1543198521799483,-0.01549670405921133,-0.015618033076373222
2025-06-15,85.12,86.55,84.87,86.24,938897.273,2025-06-15 23:59:59.999,80477863.39077,227334,461365.312,39552565.92293,0,2025-06-15,46.3598901098901,88.8825,3.4336490869882876,-0.7695894172801975,0.0130388817103253,0.01295460726472126
2025-06-16,86.25,88.9,85.29,86.64,1696861.1,2025-06-16 23:59:59.999,148418618.54927,353747,856315.617,74917657.63052,0,2025-06-16,44.98062698133146,88.42150000000001,3.044424195829869,-0.5851681255326495,0.004638218923933346,0.004627495532048284
2025-06-17,86.64,87.74,82.43,84.17,2079034.361,2025-06-17 23:59:59.999,176895079.60516,435041,992646.275,84475694.11386,0,2025-06-17,41.43413367942894,87.863,2.7151913763987254,-1.3601251212347993,-0.028508771929824595,-0.028923039469250476
2025-06-18,84.18,85.63,83.28,85.03,1706318.719,2025-06-18 23:59:59.999,144334813.40215,374759,839397.052,71011533.67302,0,2025-06-18,45.222295952222964,87.4575,2.481124267650159,-0.978387109283748,0.010217417131994866,0.0101655721742165
2025-06-19,85.04,85.91,84.18,85.06,1365551.787,2025-06-19 23:59:59.999,116136367.5043,286919,670134.173,56999449.51865,0,2025-06-19,52.966265994571536,87.433,2.503271753850907,-0.9479594040676971,0.0003528166529460641,0.0003527544277863842
2025-06-20,85.07,85.95,80.9,82.88,2115679.981,2025-06-20 23:59:59.999,177266701.77206,391052,1016681.557,85213919.48979,0,2025-06-20,41.06260296540362,87.22749999999999,2.7023379254085595,-1.6087921348114556,-0.02562896778744428,-0.025963111314314672
2025-06-21,82.88,84.08,78.33,80.2,1713830.086,2025-06-21 23:59:59.999,139912879.6967,355508,822492.238,67129724.94352,0,2025-06-21,34.4015444015444,86.8195,3.107917690088413,-2.1298826610210813,-0.0323359073359073,-0.03287026363870408
2025-06-22,80.21,81.98,76.11,80.15,3170576.834,2025-06-22 23:59:59.999,251244786.14295,580849,1551367.396,122982234.71277,0,2025-06-22,35.89846897663175,86.3525,3.3757086975137014,-1.8373919540416226,-0.0006234413965087171,-0.00062363581690684
2025-06-23,80.15,85.39,79.43,84.86,2306866.314,2025-06-23 23:59:59.999,188787811.48429,444921,1184532.336,97007361.45338,0,2025-06-23,38.807692307692285,86.123,3.3094157538034157,-0.3816383597462712,0.058764815970056006,0.0571029607186167
2025-06-24,84.85,85.33,83.76,84.8,1544040.543,2025-06-24 23:59:59.999,130550590.45438,341596,776933.827,65698421.75432,0,2025-06-24,31.955688112484026,85.9675,3.2940598451001377,-0.3544258619759571,-0.0007070469007778302,-0.0007072969763214867
2025-06-25,84.8,85.44,83.9,84.62,1558796.308,2025-06-25 23:59:59.999,131994660.05163,315558,736350.711,62369378.08067,0,2025-06-25,34.26222019186844,86.022,3.2604546018108542,-0.4300013866843388,-0.0021226415094338646,-0.0021248975059358728
2025-06-26,84.62,85.91,83.72,84.21,1729334.479,2025-06-26 23:59:59.999,146781609.25194,331674,845083.406,71740563.03537,0,2025-06-26,44.45761707172495,85.8715,3.2716956411567812,-0.5078406374660643,-0.004845190262349419,-0.004856966250020696
2025-06-27,84.21,85.62,83.11,84.79,1705288.118,2025-06-27 23:59:59.999,143851254.18888,335582,835237.218,70479342.7567,0,2025-06-27,45.076201641266145,85.697,3.2292708970074004,-0.280868353547088,0.006887543047144229,0.006863932274011006
2025-06-28,84.78,87.33,84.49,86.27,1177443.938,2025-06-28 23:59:59.999,101185182.72152,238462,593770.41,51025731.67565,0,2025-06-28,53.31395348837209,85.65299999999999,3.214392141921773,0.19194919996012733,0.017454888548177783,0.017304301772575706
2025-06-29,86.26,88.46,85.81,87.92,1113005.953,2025-06-29 23:59:59.999,96686844.14393,231381,564949.377,49092339.6172,0,2025-06-29,54.735062006764394,85.51500000000001,3.0418285705435024,0.7906428466382215,0.019125999768169866,0.018945397006878674
2025-06-30,87.93,88.31,84.67,85.96,1961345.421,2025-06-30 23:59:59.999,169220736.45556,351637,938154.868,80945557.9801,0,2025-06-30,48.2383419689119,85.1495,2.4407493995742446,0.332070142121666,-0.022292993630573354,-0.022545238321056323
2025-07-01,85.96,86.79,82.32,83.16,1786362.429,2025-07-01 23:59:59.999,151443266.45454,353176,840102.901,71245822.91922,0,2025-07-01,47.427407030056024,84.732,1.962864716346966,-0.8008702723668135,-0.032573289902280145,-0.03311560878449755
2025-07-02,83.17,88.65,82.89,87.3,2040960.667,2025-07-02 23:59:59.999,175355806.10762,389764,1066708.227,91673461.07051,0,2025-07-02,54.95416848537756,84.79299999999999,2.024936906085529,1.2380632663001672,0.04978354978354971,0.04858399985574428
2025-07-03,87.29,92.27,86.87,89.05,3553375.554,2025-07-03 23:59:59.999,320185616.75844,587330,1889009.928,170280909.65578,0,2025-07-03,58.09987819732033,84.922,2.2110240542255757,1.8670081820732867,0.02004581901489111,0.019847546890114066
2025-07-04,89.04,89.3,85.61,86.78,2608293.781,2025-07-04 23:59:59.999,228267623.45393,448465,1211679.824,106000076.18322,0,2025-07-04,57.888349514563124,85.0045,2.2496396787382618,0.789237501801097,-0.025491297024143655,-0.02582182936546593
2025-07-05,86.78,87.79,85.75,87.49,1117233.499,2025-07-05 23:59:59.999,96705523.50266,270214,528324.971,45744471.76253,0,2025-07-05,66.021978021978,85.067,2.302513729302669,1.0523281443076662,0.008181608665591034,0.008148320747968413
2025-07-06,87.5,88.5,86.41,87.3,1259898.017,2025-07-06 23:59:59.999,110225607.62112,264919,587697.877,51429508.30097,0,2025-07-06,65.6181738750546,85.1,2.330800630446639,0.9438816736455183,-0.0021716767630586276,-0.0021740382726166438
2025-07-07,87.31,88.23,85.1,85.99,1828076.644,2025-07-07 23:59:59.999,158499412.33215,319302,890642.857,77251410.77356,0,2025-07-07,52.89892252437146,85.191,2.3281072049709897,0.3431972541015132,-0.015005727376861455,-0.01511945242275143
2025-07-08,86.0,88.0,85.48,87.71,1262988.844,2025-07-08 23:59:59.999,109415376.33399,264956,617704.02,53525130.38166,0,2025-07-08,56.87943262411346,85.325,2.3945321485562547,0.996019202096739,0.02000232585184314,0.019804907540484994
2025-07-09,87.72,91.37,87.1,90.59,2109386.887,2025-07-09 23:59:59.999,187675538.32123,360156,1098722.648,97790196.68363,0,2025-07-09,62.51572327044024,85.6015,2.666190412504824,1.871021655693909,0.032835480560939656,0.03230791371790638
2025-07-10,90.6,95.29,90.11,94.84,2463922.979,2025-07-10 23:59:59.999,227194224.28728,392927,1252974.87,115568045.25311,0,2025-07-10,69.19465511014808,86.1995,3.2915689348052335,2.6250399645697446,0.04691467049343201,0.04584742951600836
2025-07-11,94.84,98.36,92.66,94.24,4154979.299,2025-07-11 23:59:59.999,397729178.11066,681344,2092250.915,200349476.45889,0,2025-07-11,67.05160591844097,86.9015,3.4385864216114697,2.1341618619435074,-0.006326444538169662,-0.0063465412939282696
2025-07-12,94.24,95.44,90.68,92.73,2507099.246,2025-07-12 23:59:59.999,232886920.79083,460178,1187129.961,110289925.12877,0,2025-07-12,61.643835616438366,87.53049999999999,3.2857707178788123,1.582429343504724,-0.01602292020373508,-0.016152675091141877
2025-07-13,92.74,96.84,92.45,94.59,1959900.433,2025-07-13 23:59:59.999,185887878.69718,424841,933457.754,88507142.60774,0,2025-07-13,61.93202146690519,88.017,3.5769791724223987,1.837584085106273,0.02005823358136527,0.019859717412944525
2025-07-14,94.59,97.97,94.09,95.58,2775910.867,2025-07-14 23:59:59.999,267195488.16783,527853,1361107.902,131022924.82522,0,2025-07-14,67.82802075611565,88.55600000000001,3.867137388158209,1.8163306071071055,0.010466222645099776,0.01041183092493289
2025-07-15,95.58,96.74,91.16,96.36,3337651.276,2025-07-15 23:59:59.999,312690693.48047,626478,1589612.686,148906546.19154,0,2025-07-15,76.44230769230771,89.143,4.120930017662293,1.751303703064104,0.008160703075957398,0.008127584596658542
2025-07-16,96.36,99.99,95.09,97.46,2961987.921,2025-07-16 23:59:59.999,288884784.24718,529589,1467943.475,143196083.20565,0,2025-07-16,73.17518248175183,89.8055,4.345106715417355,1.7616368253604033,0.011415525114155223,0.01135085966868948
2025-07-17,97.46,103.63,95.33,101.6,5346280.768,2025-07-17 23:59:59.999,534759439.13274,828382,2645748.438,264757589.07128,0,2025-07-17,75.81242287124641,90.64599999999999,4.912632909673514,2.229761555851319,0.04247896572953014,0.04160149772902146
2025-07-18,101.6,112.34,100.02,101.72,8079159.368,2025-07-18 23:59:59.999,858287662.9492,1409231,3921083.566,416705178.46762,0,2025-07-18,83.70938628158845,91.4185,5.38073686500934,1.9145147325434435,0.0011811023622048111,0.001180405409537456
2025-07-19,101.72,114.3,99.6,113.19,6490168.817,2025-07-19 23:59:59.999,694480318.59258,1212517,3284012.0,351393147.61247,0,2025-07-19,89.03402187120292,92.68199999999999,7.181571151946543,2.855642528089606,0.11276051907196227,0.10684388209040992
2025-07-20,113.19,121.53,110.6,116.63,8172496.19,2025-07-20 23:59:59.999,952915216.64381,1674185,4018430.204,468586719.90274,0,2025-07-20,90.5446502626486,94.21549999999999,8.769604489068,2.5559305471462754,0.030391377330152736,0.02993870805862962
2025-07-21,116.63,122.0,114.62,115.51,5312060.52,2025-07-21 23:59:59.999,626642450.01622,1108686,2608518.182,308145590.40837,0,2025-07-21,91.02279043913288,95.833,9.570015728961822,2.0561094733053915,-0.009603018091400073,-0.009649424402369478
2025-07-22,115.51,119.9,112.62,119.69,5752340.263,2025-07-22 23:59:59.999,666757416.36151,1073509,2890961.473,335177259.1468,0,2025-07-22,91.59729448491157,97.4525,10.72136964688787,2.0741286544909823,0.036187343087178636,0.03554796058469018
2025-07-23,119.68,122.37,108.8,112.06,6533321.106,2025-07-23 23:59:59.999,753712549.87203,1232852,3082540.82,355737635.92525,0,2025-07-23,74.85529057652236,98.603,11.003137399465869,1.2230148103624752,-0.06374801570724364,-0.06587062474814055
2025-07-24,112.05,115.41,106.52,112.24,4786302.702,2025-07-24 23:59:59.999,536098566.47778,963556,2306849.148,258471617.46802,0,2025-07-24,72.23926380368098,99.876,11.036030655608236,1.1203303421159774,0.0016062823487417166,0.0016049936570670057
2025-07-25,112.25,116.38,108.15,113.76,4479918.917,2025-07-25 23:59:59.999,502223351.12878,953511,2177522.231,244180800.03461,0,2025-07-25,74.37562437562441,101.1895,11.047582005029009,1.137850797964455,0.013542409123307397,0.013451530260725443
2025-07-26,113.75,115.46,112.1,113.91,1728848.372,2025-07-26 23:59:59.999,196694019.4273,422989,852682.271,97022320.7399,0,2025-07-26,77.37849017580146,102.52000000000001,10.887995804165486,1.0461062076863077,0.0013185654008438519,0.0013176968568898717
2025-07-27,113.91,115.59,112.4,114.77,2035161.068,2025-07-27 23:59:59.999,232026057.71302,490290,942705.282,107511366.79148,0,2025-07-27,76.77813163481954,103.95900000000002,10.482636721337123,1.0313244928152934,0.007549820033359689,0.0075214627807563585
2025-07-28,114.77,116.4,108.22,108.96,3221719.805,2025-07-28 23:59:59.999,361968854.68154,656953,1569104.878,176398561.87566,0,2025-07-28,65.74117647058824,105.02149999999999,9.803945647702493,0.4017260133345367,-0.05062298510063612,-0.05194928329137482
2025-07-29,108.97,110.73,106.68,108.46,2692407.412,2025-07-29 23:59:59.999,292952216.22662,638101,1308817.593,142423188.34739,0,2025-07-29,64.32970156324018,105.91499999999999,9.21616971471735,0.2761450883370646,-0.004588839941262801,-0.004599400988287595
2025-07-30,108.46,111.32,105.03,110.45,3063485.702,2025-07-30 23:59:59.999,332267088.94241,782520,1474295.882,159909029.25642,0,2025-07-30,65.06610995128742,106.6955,8.883885159448138,0.42261915058717786,0.018347777982666402,0.018181488453211568
2025-07-31,110.46,111.79,105.66,106.01,2407515.391,2025-07-31 23:59:59.999,263241677.27118,564017,1113743.886,121823535.27797,0,2025-07-31,55.07947477539738,107.28399999999999,8.391564310597552,-0.1518191308372714,-0.04019918515165233,-0.04102950058111987
2025-08-01,106.01,108.35,103.08,106.55,4102513.147,2025-08-01 23:59:59.999,432700142.70471,917833,1957266.301,206517629.80264,0,2025-08-01,55.50992470910336,107.975,7.667837477339664,-0.18584118458577412,0.005093859069899009,0.005080929259619783
2025-08-02,106.56,110.1,104.0,106.05,3863508.951,2025-08-02 23:59:59.999,412997367.52154,825277,1892987.806,202350197.22063,0,2025-08-02,39.13572732805842,108.548,7.015395550985672,-0.35607400635435765,-0.004692632566870025,-0.004703677533934703
2025-08-03,106.06,111.4,104.09,110.34,2588376.306,2025-08-03 23:59:59.999,280656409.45144,595738,1280975.085,138964237.39212,0,2025-08-03,40.67042420646693,109.28599999999999,6.3214300513953665,0.16673442424113522,0.040452616690240584,0.039655826833593394
2025-08-04,110.34,121.45,110.08,121.2,4797784.243,2025-08-04 23:59:59.999,558214507.21235,1057688,2478626.186,288616338.4944,0,2025-08-04,56.54775604142692,110.52799999999999,6.08388605034907,1.754141992746181,0.09842305600870027,0.09387556579092926
2025-08-05,121.2,129.21,119.5,120.22,9161554.828,2025-08-05 23:59:59.999,1129029417.61555,1613781,4569001.216,563286796.93005,0,2025-08-05,50.6583850931677,111.66600000000001,5.621954520585072,1.5215348983488008,-0.008085808580858167,-0.008118676024198173
2025-08-06,120.22,121.08,115.15,119.15,4402479.304,2025-08-06 23:59:59.999,519006536.07985,853669,2130798.341,251231129.0614,0,2025-08-06,60.52241021074503,112.5435,5.330186404358789,1.2394500865105786,-0.008900349359507564,-0.008940194066264852
2025-08-07,119.15,123.05,117.32,122.84,4631844.442,2025-08-07 23:59:59.999,557567772.38662,1001108,2237467.992,269372036.7538,0,2025-08-07,64.24731182795699,113.5995,5.162485605938988,1.78993235145675,0.030969366344943294,0.030499492027870438
2025-08-08,122.84,126.39,119.22,123.72,4524217.393,2025-08-08 23:59:59.999,554320189.8014,966965,2149095.35,263387018.71511,0,2025-08-08,63.621444201312904,114.126,5.6339510301807465,1.7028902006079742,0.007163790296320416,0.007138252244247248
2025-08-09,123.73,126.3,120.1,120.13,3703363.2,2025-08-09 23:59:59.999,456169806.35668,701048,1709598.989,210714733.242,0,2025-08-09,57.775,114.301,5.768572659355535,1.0104752673170296,-0.029017135467183985,-0.029446458083585147
2025-08-10,120.13,125.94,118.22,123.69,4275107.032,2025-08-10 23:59:59.999,523196626.50794,844246,2086817.345,255572691.73117,0,2025-08-10,60.44496487119439,114.71000000000001,6.137023965884701,1.463249948170188,0.029634562557229627,0.02920394565363455
2025-08-11,123.69,128.19,119.5,119.99,6035334.543,2025-08-11 23:59:59.999,752067744.71977,1301188,2914245.226,363380269.03215,0,2025-08-11,63.587090416358706,114.725,6.150189128452712,0.8560712345645523,-0.029913493410946734,-0.030370029410620822
2025-08-12,119.99,131.98,118.28,130.46,5470912.418,2025-08-12 23:59:59.999,680609881.47487,1082740,2732157.638,340248885.80395,0,2025-08-12,71.75632911392407,115.64500000000001,7.042097848312799,2.1037765051148063,0.08725727143928674,0.08365826039165254
2025-08-13,130.46,134.19,128.6,130.89,4575371.725,2025-08-13 23:59:59.999,600343972.70733,1038489,2303914.845,302415932.43166,0,2025-08-13,70.85714285714285,116.57749999999999,7.765160299287639,1.8431686466682473,0.003296029434309178,0.003290609435677802
2025-08-14,130.89,133.9,119.4,121.22,5551369.974,2025-08-14 23:59:59.999,701119291.61439,1144337,2586336.089,326832845.53631,0,2025-08-14,64.0236031716762,116.9505,7.801782842803594,0.5472467109153394,-0.07387882955153169,-0.07675019928048882
2025-08-15,121.22,123.21,116.46,119.06,3330230.555,2025-08-15 23:59:59.999,398929742.94659,714551,1569749.833,188174640.80519,0,2025-08-15,61.19964189794092,117.208,7.781109784191005,0.23801232103969788,-0.01781884177528459,-0.017979508797894908
2025-08-16,119.06,121.01,117.09,120.97,1892690.909,2025-08-16 23:59:59.999,225353899.9248,442631,913359.832,108763029.45536,0,2025-08-16,63.02829200139714,117.51799999999999,7.802342833031586,0.4424312125052757,0.01604233159751378,0.015915013246512743
2025-08-17,120.98,123.14,119.68,120.67,2002451.516,2025-08-17 23:59:59.999,243277207.90745,447143,909685.025,110516726.72178,0,2025-08-17,59.69588886803079,118.10350000000001,7.562003546119763,0.3393941809663552,-0.0024799537075307354,-0.002483033886247386
2025-08-18,120.67,120.89,115.21,117.69,3086313.178,2025-08-18 23:59:59.999,362201909.25105,683237,1453955.743,170560767.33913,0,2025-08-18,46.13350958360871,118.56500000000001,7.216240091112586,-0.12125428047739864,-0.02469545040192267,-0.025005498195938607
2025-08-19,117.69,119.0,112.18,112.59,3473169.092,2025-08-19 23:59:59.999,398985037.57967,709930,1629691.421,187218785.31275,0,2025-08-19,42.29448596243183,118.672,7.104582361143041,-0.8560672099832584,-0.04333418302319647,-0.044301147074531665
2025-08-20,112.6,117.05,112.0,116.01,2890601.05,2025-08-20 23:59:59.999,331350296.17203,593700,1380610.638,158333877.78566,0,2025-08-20,46.97261858850752,119.172,6.492046632120979,-0.4870574996111747,0.0303756994404476,0.029923492472276207
2025-08-21,116.01,117.27,113.4,114.69,1830190.372,2025-08-21 23:59:59.999,210852899.56328,431675,885115.667,101992728.05924,0,2025-08-21,41.76601333602747,119.579,5.8859653771494305,-0.8306199045920545,-0.011378329454357461,-0.011443557910884364
2025-08-22,114.69,123.65,112.44,122.97,3628303.094,2025-08-22 23:59:59.999,428978622.57246,762185,1728137.626,204356574.37677,0,2025-08-22,49.34083318685182,120.425,4.986285929263425,0.5103999321547029,0.07219461156160079,0.06970758680792472
2025-08-23,122.97,123.36,119.78,121.44,1618824.451,2025-08-23 23:59:59.999,196460608.38113,391467,793846.925,96337539.35293,0,2025-08-23,51.19460149553164,120.97999999999999,4.38634483967928,0.10487091571980514,-0.012442059038789921,-0.01252010953703606
2025-08-24,121.44,124.76,117.01,118.18,3266262.275,2025-08-24 23:59:59.999,392799654.47375,654804,1532898.558,184409284.89366,0,2025-08-24,44.94773519163764,120.829,4.43013591331866,-0.5979500520595978,-0.026844532279314826,-0.027211427729791196
2025-08-25,118.19,118.61,106.65,109.08,4635925.873,2025-08-25 23:59:59.999,519522426.4103,864997,2105303.128,236009180.87703,0,2025-08-25,40.89771399966628,120.272,5.152205046584872,-2.1722737932215255,-0.07700118463360983,-0.08012732794014085
2025-08-26,109.09,114.74,108.72,113.43,2395125.008,2025-08-26 23:59:59.999,267223614.24726,534302,1181563.129,131802065.89399,0,2025-08-26,34.17580375394907,119.98599999999999,5.371843161087054,-1.2204377163299944,0.039878987898789964,0.03910434859356349
2025-08-27,113.43,116.25,111.89,112.14,2578463.992,2025-08-27 23:59:59.999,292661630.7774,514841,1208266.11,137155653.33379,0,2025-08-27,32.85165538686667,119.451,5.600597618483209,-1.3053964055321665,-0.011372652737371092,-0.011437815875424737
2025-08-28,112.14,114.57,111.25,113.6,1722721.346,2025-08-28 23:59:59.999,194861065.6328,392499,797295.691,90179763.56153,0,2025-08-28,41.799397331037454,118.94500000000001,5.651531231720048,-0.9457613841007224,0.013019439985731962,0.01293541559152435
2025-08-29,113.6,113.83,108.56,109.86,2047844.23,2025-08-29 23:59:59.999,226282873.7921,477384,977275.218,107953402.09983,0,2025-08-29,40.42464612822648,118.43149999999999,5.994364261094417,-1.429926448686495,-0.032922535211267534,-0.033476678372576556
2025-08-30,109.87,111.21,108.21,110.76,1151127.183,2025-08-30 23:59:59.999,126690676.80538,260800,587516.554,64687590.3048,0,2025-08-30,39.145226451201374,117.785,6.093812651495616,-1.1528086604821748,0.008192244675041094,0.008158870388286887
2025-08-31,110.77,111.87,108.7,108.82,1127232.683,2025-08-31 23:59:59.999,124892054.76807,268825,539383.561,59765685.64642,0,2025-08-31,37.826176289295255,117.22650000000002,6.385951913540714,-1.3164051520925106,-0.017515348501264127,-0.017670557244981955
2025-09-01,108.82,111.32,106.3,108.68,2354815.024,2025-09-01 23:59:59.999,256346876.49998,490170,1185750.028,129050270.2175,0,2025-09-01,40.170194195941534,116.1375,5.844592530027578,-1.2759657686461177,-0.0012865282117257015,-0.0012873564996322066
2025-09-02,108.68,112.03,108.53,111.69,2207823.306,2025-09-02 23:59:59.999,243559332.82094,448536,1122023.404,123754618.78961,0,2025-09-02,48.971193415637856,115.17750000000001,4.7723875465730625,-0.7307663021843861,0.027695988222304013,0.027319391994588233
2025-09-03,111.69,113.27,110.74,112.94,1334452.694,2025-09-03 23:59:59.999,149578862.52418,329923,667876.122,74864770.6969,0,2025-09-03,46.30743324512869,114.7635,4.575706186504102,-0.3985177206915842,0.011191691288387595,0.011129527691955505
2025-09-04,112.94,113.45,109.44,111.0,1416474.314,2025-09-04 23:59:59.999,157129662.79798,285563,671362.269,74446401.61216,0,2025-09-04,45.62692581180375,114.3605,4.532110551672397,-0.7414867668574284,-0.01717726226314853,-0.017326502932356453
2025-09-05,110.99,115.09,110.95,112.01,2447231.005,2025-09-05 23:59:59.999,275940672.09018,421217,1226643.816,138365130.12067,0,2025-09-05,34.30698739977092,113.9125,4.280222417972816,-0.4444862472593293,0.009099099099099117,0.009057951711313995
2025-09-06,112.01,112.49,111.17,112.09,1071816.003,2025-09-06 23:59:59.999,119754161.27376,204011,530969.317,59339679.52139,0,2025-09-06,36.03226770242008,113.4835,3.98723393766064,-0.3494904040713465,0.0007142219444691289,0.0007139670093557612
2025-09-07,112.09,115.38,112.09,114.86,1219101.254,2025-09-07 23:59:59.999,139084622.43916,268124,599769.89,68406266.72167,0,2025-09-07,44.96664645239538,113.34200000000001,3.8788381331407,0.39135430453522435,0.02471228477116605,0.02441187540314649
2025-09-08,114.86,115.48,111.79,112.69,2693990.526,2025-09-08 23:59:59.999,305066379.95554,498145,1205611.464,136500198.86405,0,2025-09-08,56.92898272552783,113.34700000000001,3.8778820860919363,-0.16942237680623345,-0.01889256486157065,-0.019073309471892546
2025-09-09,112.69,114.67,110.7,111.88,2631762.595,2025-09-09 23:59:59.999,296662548.45985,467740,1261202.87,142216032.41747,0,2025-09-09,46.55708573967124,113.1405,3.8383733876612878,-0.3283943151679747,-0.007187860502262833,-0.007213817630498966
2025-09-10,111.88,118.73,111.47,117.59,2922224.633,2025-09-10 23:59:59.999,336599662.20091,528183,1463750.302,168658085.78646,0,2025-09-10,60.11882658744895,113.2855,3.9530514196332325,1.0889056435292663,0.051036825169824995,0.0497771295015656
2025-09-11,117.59,117.76,112.83,115.76,2972317.366,2025-09-11 23:59:59.999,343141665.96496,526001,1370894.052,158335433.96538,0,2025-09-11,53.95604395604398,112.925,3.297846985048058,0.8596517706411095,-0.015562547835700324,-0.01568491551209599
2025-09-12,115.76,118.23,114.67,117.97,2391330.967,2025-09-12 23:59:59.999,278140944.81259,422699,1184729.078,137822545.13518,0,2025-09-12,65.73535118354675,112.75150000000001,2.892684557174676,1.8040335532115437,0.01909122322045609,0.018911272530522657
2025-09-13,117.97,120.76,117.4,119.17,2922104.427,2025-09-13 23:59:59.999,348407928.77514,489710,1430719.066,170625974.34682,0,2025-09-13,66.12965093977752,112.801,2.997054518927229,2.1250864673225,0.010172077646859456,0.010120690248963782
2025-09-14,119.17,119.3,113.84,115.02,2168413.162,2025-09-14 23:59:59.999,251968915.71774,464421,1003100.468,116533870.14402,0,2025-09-14,60.96181046676097,113.098,2.901708389706979,0.6623684195206414,-0.03482420072165815,-0.03544501881710669
2025-09-15,115.02,116.71,111.84,113.66,2372578.457,2025-09-15 23:59:59.999,270328846.12299,470796,1216538.947,138656776.92709,0,2025-09-15,58.44067796610168,113.1095,2.903548600184387,0.1895955865746627,-0.011824030603373337,-0.011894490416632705
2025-09-16,113.66,115.77,111.89,114.96,1972699.644,2025-09-16 23:59:59.999,225371775.11679,390702,964451.491,110192725.50887,0,2025-09-16,55.883411299028424,113.25049999999999,2.9224007344271095,0.5849642658042673,0.011437620974837248,0.011372705901794067
2025-09-17,114.97,117.56,113.05,116.97,2199866.07,2025-09-17 23:59:59.999,252672722.02345,437872,1058405.632,121624010.70767,0,2025-09-17,57.057793345008754,113.41900000000001,3.0384620417072736,1.1686833507404046,0.017484342379958218,0.017333249891846137
2025-09-18,116.97,119.07,114.84,118.14,2627419.465,2025-09-18 23:59:59.999,306745087.78596,450328,1297348.397,151520603.63281,0,2025-09-18,62.85097192224622,113.83300000000001,3.091637447245686,1.393112896803944,0.010002564760194899,0.0099528702164735
2025-09-19,118.15,119.43,113.3,113.95,2045911.232,2025-09-19 23:59:59.999,237768579.14153,441838,920285.584,106963941.08928,0,2025-09-19,53.13307493540051,113.99249999999999,3.0058519678421094,-0.01413908617412732,-0.03546639580159128,-0.03611060618739585
2025-09-20,113.95,115.25,113.35,113.85,998141.596,2025-09-20 23:59:59.999,114010014.82951,267079,466821.374,53337800.59277,0,2025-09-20,52.84054228534537,114.24399999999999,2.7498160703947807,-0.1432823104941074,-0.000877577885037395,-0.000877963181944738
2025-09-21,113.85,116.2,113.67,113.92,1168867.363,2025-09-21 23:59:59.999,134358958.36587,331621,550322.699,63261682.6615,0,2025-09-21,48.338048090523344,114.506,2.4218553131522054,-0.2419632571845428,0.0006148440931050825,0.0006146551539171317
2025-09-22,113.92,114.46,100.55,105.61,3563925.801,2025-09-22 23:59:59.999,383013016.06914,732894,1669901.533,179523291.07696,0,2025-09-22,39.715281812899484,114.202,3.0847922390079194,-2.7852767169704813,-0.07294592696629221,-0.07574338390528264
2025-09-23,105.61,107.16,104.34,106.01,1901251.76,2025-09-23 23:59:59.999,201554904.52178,450091,960029.698,101774228.04465,0,2025-09-23,41.370185239635425,113.85549999999998,3.5829853400924043,-2.1896545074330778,0.0037875201212007603,0.0037803655266233434
2025-09-24,106.02,107.63,104.5,105.49,2194118.36,2025-09-24 23:59:59.999,233886120.02533,414118,1074049.883,114514303.60938,0,2025-09-24,29.00763358778626,113.58,4.001497088255472,-2.0217433179557784,-0.004905197622865898,-0.004917267591289041
2025-09-25,105.49,105.79,100.19,102.23,2774121.113,2025-09-25 23:59:59.999,286545187.45894,574862,1355471.683,139985043.21464,0,2025-09-25,27.636363636363654,113.09100000000001,4.733991194703199,-2.294258597724524,-0.03090340316617679,-0.0313909849247946
2025-09-26,102.22,104.85,100.93,104.5,1608774.303,2025-09-26 23:59:59.999,165829538.85045,414067,778031.095,80210892.92148,0,2025-09-26,27.77961068954143,112.7115,5.10791777021878,-1.6076022303797366,0.022204832241025096,0.02196189463594296
2025-09-27,104.51,104.91,103.28,104.42,815542.275,2025-09-27 23:59:59.999,84932958.66018,222514,412016.087,42911755.32908,0,2025-09-27,24.7344981157931,112.1895,5.401797434767804,-1.438317540378847,-0.0007655502392344138,-0.0007658434224593515
2025-09-28,104.42,107.08,102.71,106.82,1043569.39,2025-09-28 23:59:59.999,109282335.15033,256892,500241.013,52391790.74587,0,2025-09-28,35.058309037900884,111.89599999999999,5.531094304970264,-0.9177207474909042,0.0229841026623252,0.02272394692921792
2025-09-29,106.82,107.65,105.22,106.72,1504395.902,2025-09-29 23:59:59.999,160059016.17288,298242,740922.85,78845053.05899,0,2025-09-29,36.745607333842635,111.638,5.6509268918284725,-0.8702997037727889,-0.000936154278225021,-0.0009365927443106338
2025-09-30,106.72,107.56,103.78,106.83,1460240.622,2025-09-30 23:59:59.999,154485324.65592,304824,726031.176,76820483.13918,0,2025-09-30,33.733493397358956,111.1,5.5660067893324845,-0.7671568076746965,0.0010307346326836608,0.001030203790482467
2025-10-01,106.83,115.31,105.29,115.06,2987667.927,2025-10-01 23:59:59.999,329437977.33766,583703,1538653.937,169838017.8418,0,2025-10-01,46.940083306632495,111.06499999999998,5.5372884300750185,0.721472260375986,0.07703828512590105,0.07421494547735141
2025-10-02,115.06,122.65,115.06,119.5,5263027.675,2025-10-02 23:59:59.999,627106236.09944,1071020,2618266.66,312042648.37764,0,2025-10-02,51.972157772621806,111.1415,5.647183065820986,1.4801184772261053,0.038588562489136,0.03786263993641788
2025-10-03,119.5,124.87,115.73,120.52,3695126.38,2025-10-03 23:59:59.999,442018908.26011,796797,1792204.978,214550409.27838,0,2025-10-03,60.49185563717661,111.20899999999999,5.755231853206132,1.6178323024141978,0.008535564853556554,0.008499342890535196
2025-10-04,120.53,120.97,117.39,120.43,1670830.17,2025-10-04 23:59:59.999,198724972.21726,410036,793086.279,94322771.48416,0,2025-10-04,60.51118210862623,111.4795,6.062702606485401,1.4763217958976689,-0.000746764022568791,-0.0007470429897118893
2025-10-05,120.43,124.14,118.25,118.78,2583226.902,2025-10-05 23:59:59.999,312687962.18355,668317,1230735.474,148991686.07172,0,2025-10-05,57.39051094890512,111.7355,6.264364104322724,1.1245355286961916,-0.013700905090093918,-0.013795628684674464
2025-10-06,118.78,121.43,118.0,118.25,2472139.255,2025-10-06 23:59:59.999,296135258.76528,570118,1159523.892,138937878.41929,0,2025-10-06,75.17928286852592,111.9,6.395323126682888,0.9929130826097287,-0.004462030644889703,-0.004472015215671786
2025-10-07,118.25,119.2,115.08,116.85,2580685.704,2025-10-07 23:59:59.999,302701017.26338,599455,1250410.445,146729094.19401,0,2025-10-07,70.76628352490421,111.89399999999998,6.390370551808544,0.7755418813072453,-0.01183932346723049,-0.011909966387175433
2025-10-08,116.85,119.58,115.28,118.55,2151533.333,2025-10-08 23:59:59.999,252367852.42196,492287,1079966.05,126696654.88534,0,2025-10-08,73.9369501466276,111.9145,6.4120827349581315,1.0348431662966247,0.014548566538296948,0.01444375152654751
2025-10-09,118.54,128.15,115.36,125.84,4275606.493,2025-10-09 23:59:59.999,512468990.24346,982274,2180025.392,261711011.59093,0,2025-10-09,87.70360907058449,112.50900000000001,7.122569687080411,1.8716559592503552,0.06149304091100816,0.05967644623860803
2025-10-10,125.83,136.03,51.6,96.77,17766706.902,2025-10-10 23:59:59.999,2044744772.40675,3377094,8390453.747,971139046.60104,0,2025-10-10,43.348821201170196,111.65500000000002,7.931351846010315,-1.876729249817303,-0.23100762873490155,-0.26267422985717137
2025-10-11,96.79,102.7,90.04,93.28,6454975.345,2025-10-11 23:59:59.999,626121434.14723,1692113,3031795.274,294422337.70547,0,2025-10-11,40.94603381014305,110.623,8.904258058866846,-1.9477198308207018,-0.03606489614549957,-0.036731306290668835
2025-10-12,93.28,102.1,91.55,98.89,4527582.258,2025-10-12 23:59:59.999,439142795.65015,1002839,2152773.828,208917941.08677,0,2025-10-12,43.87455584736598,110.28699999999999,9.224411605822452,-1.2355259594884298,0.06014150943396235,0.058402398679717284
2025-10-13,98.88,101.29,94.51,99.4,4825954.606,2025-10-13 23:59:59.999,473196948.70282,1033589,2338151.113,229292982.38278,0,2025-10-13,44.38133251458398,109.9565,9.500014002757007,-1.1112088884223106,0.005157245424208812,0.005143992380628997
2025-10-14,99.41,100.49,91.01,97.29,5080613.296,2025-10-14 23:59:59.999,484053763.40554,1044219,2436132.97,232167728.34343,0,2025-10-14,42.89544235924934,109.5465,9.872566069134265,-1.2414705471882217,-0.02122736418511062,-0.021455904675192015
2025-10-15,97.28,99.91,93.3,95.43,2870370.274,2025-10-15 23:59:59.999,276532409.55546,656527,1370128.923,132005090.06967,0,2025-10-15,33.84893862103013,109.2065,10.247762413016396,-1.344342251973124,-0.019118100524205928,-0.019303214558173805
2025-10-16,95.43,96.85,89.57,91.73,3511770.138,2025-10-16 23:59:59.999,327264333.04692,805961,1725761.67,160915337.98477,0,2025-10-16,26.86989838414128,108.56800000000001,10.931459477843601,-1.540324970707531,-0.038771874672534845,-0.03954351490759824
2025-10-17,91.73,93.14,84.2,90.08,4905440.969,2025-10-17 23:59:59.999,432373198.82757,971292,2420270.689,213375067.4584,0,2025-10-17,24.90933069568085,107.851,11.663613640627926,-1.52362728632387,-0.017987572222827874,-0.018151315130183955
2025-10-18,90.08,92.16,89.83,91.62,1459017.043,2025-10-18 23:59:59.999,132732554.75775,315704,725636.479,66019355.34573,0,2025-10-18,26.807277411044936,107.09100000000001,12.216443146752724,-1.266407890918101,0.0170959147424512,0.01695142406721586
2025-10-19,91.62,94.74,90.64,93.27,1772549.234,2025-10-19 23:59:59.999,164638599.09014,421421,871678.596,80964546.48721,0,2025-10-19,29.463854451779113,106.4185,12.602058008618208,-1.0433613296342623,0.018009168303863676,0.01784892428017596
2025-10-20,93.28,95.75,92.19,93.97,1925292.983,2025-10-20 23:59:59.999,181841124.14662,445705,939597.648,88747332.61893,0,2025-10-20,30.507385998715478,105.77550000000001,12.9044102926072,-0.9148422696047765,0.007505092741503239,0.007477069656201551
2025-10-21,93.96,96.92,91.57,92.42,3221594.941,2025-10-21 23:59:59.999,303879892.49102,652095,1605804.928,151575121.83403,0,2025-10-21,30.43408617651771,104.64349999999999,13.039396286878551,-0.9374283694637309,-0.01649462594445028,-0.01663217695285321
2025-10-22,92.42,94.92,89.83,91.83,3323216.813,2025-10-22 23:59:59.999,307455470.04838,656540,1621541.588,150109219.89844,0,2025-10-22,28.212654924983696,103.26000000000002,12.846625606501897,-0.889727804803084,-0.006383899588833675,-0.006404363816689584
2025-10-23,91.83,94.74,91.74,93.96,1655145.12,2025-10-23 23:59:59.999,154592200.61276,373938,810144.177,75685548.59639,0,2025-10-23,21.616809116809108,101.932,12.330942508901764,-0.6465037035283382,0.02319503430251557,0.022930118165281267
2025-10-24,93.97,97.43,93.87,96.4,1883946.619,2025-10-24 23:59:59.999,180310374.68003,408793,943114.715,90284247.24976,0,2025-10-24,49.37351845580767,100.7305,11.581622681961017,-0.37391133513138713,0.025968497232865095,0.02563704182578793
2025-10-25,96.4,97.05,95.61,96.91,838143.653,2025-10-25 23:59:59.999,80740199.52001,212908,407822.235,39288957.25499,0,2025-10-25,56.83615819209038,99.637,10.79337667275377,-0.25265494596180443,0.005290456431535251,0.005276511129958736
2025-10-26,96.91,101.0,96.27,99.95,1487194.238,2025-10-26 23:59:59.999,146723768.84781,309374,746673.075,73678349.67493,0,2025-10-26,52.210175145954956,98.72200000000001,9.868483379449515,0.1244365474189505,0.03136931173253532,0.030887348199950364
2025-10-27,99.95,103.14,98.1,99.33,3180517.29,2025-10-27 23:59:59.999,319826084.12775,623086,1589508.254,159921898.29187,0,2025-10-27,49.8547114985471,97.846,8.905202737131733,0.16664415665824298,-0.006203101550775414,-0.0062224207191445
2025-10-28,99.33,106.97,95.21,96.58,5480204.757,2025-10-28 23:59:59.999,550865263.53056,1090649,2540296.839,255487406.73737,0,2025-10-28,48.56449656287908,96.7475,7.453586826413971,-0.02247240206640092,-0.027685492801771905,-0.028075959781868796
2025-10-29,96.58,100.67,95.61,98.48,3242861.757,2025-10-29 23:59:59.999,318859207.35779,716116,1627096.242,159965143.02118,0,2025-10-29,56.15664109810253,95.37950000000001,3.0328264999652568,1.0223136734117548,0.01967281010561206,0.019481801430802366
2025-10-30,98.48,99.69,90.32,93.33,3441917.274,2025-10-30 23:59:59.999,326406584.58505,762938,1624601.528,154012158.56956,0,2025-10-30,53.05110602593439,95.20750000000001,3.0473282085247093,-0.6161134841819216,-0.05229488220958578,-0.05371188229854281
2025-10-31,93.34,96.28,92.9,95.34,1755093.495,2025-10-31 23:59:59.999,166190913.55706,452732,888255.412,84132992.58081,0,2025-10-31,59.894657637321295,95.3105,3.013374529091215,0.009789689172455929,0.021536483445837362,0.02130785019902428
2025-11-01,95.33,101.87,95.0,101.31,2248779.135,2025-11-01 23:59:59.999,221440503.3984,532215,1161572.05,114400165.13102,0,2025-11-01,65.6239922605611,95.4315,3.2070354813895534,1.833001235599972,0.06261799874134666,0.06073567328890631
2025-11-02,101.31,101.47,97.45,99.36,1930640.41,2025-11-02 23:59:59.999,192250966.39627,477377,901915.602,89837197.72427,0,2025-11-02,59.725327371446824,95.4295,3.2044417774719065,1.2265786907512175,-0.01924785312407462,-0.019435504880417384
2025-11-03,99.37,99.72,85.18,87.35,4809471.944,2025-11-03 23:59:59.999,437916148.99461,898239,2206825.407,200759995.98063,0,2025-11-03,42.23369310183013,94.93249999999999,3.6416969367166447,-2.0821337227573857,-0.12087359098228667,-0.1288265816051031
2025-11-04,87.36,91.18,79.61,85.15,5706501.375,2025-11-04 23:59:59.999,487965875.3063,1192061,2821730.92,241210755.91221,0,2025-11-04,41.599260457591875,94.41850000000001,4.24352792031232,-2.1841496448355757,-0.025186033199770863,-0.025508629471368106
2025-11-05,85.15,89.91,81.95,89.34,2618973.383,2025-11-05 23:59:59.999,226579140.63246,629681,1327811.342,114832535.92043,0,2025-11-05,47.34371666311074,94.299,4.355399431793847,-1.1385867307140536,0.049207281268349945,0.04803490881527531
2025-11-06,89.34,89.34,85.25,86.95,2047951.935,2025-11-06 23:59:59.999,178823855.36085,540286,993599.613,86755242.87448,0,2025-11-06,42.56312327604499,94.1425,4.566114177739573,-1.5751905712442342,-0.02675173494515337,-0.027116075123680604
2025-11-07,86.95,104.84,85.91,101.85,6188544.503,2025-11-07 23:59:59.999,596376394.47821,1513074,3145296.591,303254763.24287,0,2025-11-07,54.572914918610486,94.654,4.833809002601173,1.4886810786540554,0.1713628522139159,0.15816790187252266
2025-11-08,101.84,107.55,97.94,106.89,3974972.945,2025-11-08 23:59:59.999,399943821.0752,1015481,1977041.492,199169063.8655,0,2025-11-08,57.782283218964444,95.33500000000001,5.536850235130069,2.0869265935145074,0.04948453608247427,0.04829912561303959
2025-11-09,106.89,113.7,98.72,110.22,7892967.529,2025-11-09 23:59:59.999,833838712.42263,2299068,3882110.383,410716125.45828,0,2025-11-09,57.972364539667744,96.14750000000001,6.443986895176577,2.183818842110538,0.031153522312657778,0.03067810016923482
2025-11-10,110.22,112.21,103.29,104.2,4262218.343,2025-11-10 23:59:59.999,458707436.62534,1236567,2026297.973,218224773.55338,0,2025-11-10,53.48803896289929,96.7365,6.6212753382718965,1.1271997641994924,-0.05461803665396481,-0.05616623913582275
2025-11-11,104.21,106.96,98.97,99.64,3243125.017,2025-11-11 23:59:59.999,331720533.56402,968862,1558341.849,159504389.41316,0,2025-11-11,52.13627478358,97.127,6.546558838926257,0.3838657929808172,-0.043761996161228445,-0.04474843892528691
2025-11-12,99.65,104.24,94.85,97.56,3953229.618,2025-11-12 23:59:59.999,392263798.36219,1120787,1899479.601,188646360.10707,0,2025-11-12,49.35933147632311,97.30699999999999,6.50425294063308,0.03889762626226972,-0.020875150541950993,-0.021096117046260108
2025-11-13,97.56,102.68,93.62,96.49,3975383.461,2025-11-13 23:59:59.999,390892649.58928,1132884,1954215.414,192169401.59781,0,2025-11-13,52.333136444181925,97.3115,6.503623504182505,-0.12631419999507823,-0.01096760967609689,-0.011028197315427224
2025-11-14,96.49,100.11,93.12,97.63,4612391.105,2025-11-14 23:59:59.999,445625700.51028,1265666,2290535.096,221405138.67579,0,2025-11-14,51.71278982797307,97.3475,6.503276805616606,0.04343963949927759,0.011814695823401333,0.011745447205287618
2025-11-15,97.63,109.5,97.5,101.67,4831717.272,2025-11-15 23:59:59.999,502736438.20918,1288301,2420582.818,251918233.06266,0,2025-11-15,50.27726432532348,97.43350000000001,6.550703678548981,0.6467244143362628,0.041380723138379594,0.04054745104948954
2025-11-16,101.67,103.33,94.13,95.74,3854926.148,2025-11-16 23:59:59.999,381311186.46704,957747,1781003.519,176334184.24137,0,2025-11-16,47.37300435413643,97.254,6.545184971850227,-0.23131508223395933,-0.05832595652601558,-0.06009609032270673
2025-11-17,95.74,97.86,90.53,91.2,3623525.032,2025-11-17 23:59:59.999,342959449.17998,972309,1731027.249,163974009.44181,0,2025-11-17,53.1336480546964,96.98499999999999,6.683439470649768,-0.8655722888498848,-0.04742009609358677,-0.048581286884077236
2025-11-18,91.2,97.52,90.35,95.61,3547414.097,2025-11-18 23:59:59.999,335814077.46672,939614,1757665.724,166466497.3409,0,2025-11-18,58.218101822752985,96.8415,6.680461121016883,-0.1843435621720288,0.048355263157894735,0.04722252001706903
2025-11-19,95.61,95.92,88.78,92.85,3093942.696,2025-11-19 23:59:59.999,285645523.8522,794335,1492560.384,137809553.16799,0,2025-11-19,52.821089856936176,96.8175,6.694587660738553,-0.592642923068738,-0.028867273297772278,-0.029292129298640016
2025-11-20,92.84,93.76,85.9,87.19,3226679.576,2025-11-20 23:59:59.999,289337911.8039,790031,1541090.409,138217222.86553,0,2025-11-20,50.18326206475259,96.41,7.028952156687153,-1.311717563937086,-0.06095853527194395,-0.06289564235899109
2025-11-21,87.19,88.61,79.97,82.61,5181055.067,2025-11-21 23:59:59.999,433360616.84816,1235170,2463180.165,205987845.95935,0,2025-11-21,32.559825960841195,95.475,7.566069340357778,-1.700354493366518,-0.0525289597430898,-0.053958906865309735
2025-11-22,82.6,83.86,80.75,82.05,1991729.954,2025-11-22 23:59:59.999,163809236.15389,561732,994320.771,81797103.21797,0,2025-11-22,25.493291239147595,94.6095,8.07145162382414,-1.556039803661672,-0.006778840334100034,-0.006801921038314063
2025-11-23,82.06,84.4,81.78,83.03,1604328.047,2025-11-23 23:59:59.999,133768780.7711,412610,786416.147,65574811.78339,0,2025-11-23,21.87047382578109,94.3935,8.329622645774323,-1.3642274666265688,0.011943936624009721,0.011873170737839311
2025-11-24,83.04,87.18,82.12,85.43,2495008.564,2025-11-24 23:59:59.999,210528676.96455,611225,1233546.459,104081223.84522,0,2025-11-24,29.009170208007177,94.4075,8.313488643222918,-1.0798715659903344,0.028905214982536398,0.028495338889588002
2025-11-25,85.43,86.71,83.02,85.26,2592389.397,2025-11-25 23:59:59.999,219914115.52852,534884,1291677.719,109609700.45032,0,2025-11-25,32.16765873015875,94.2035,8.492512662088483,-1.053104111333831,-0.0019899332787077784,-0.001991915826463075
2025-11-26,85.25,87.68,83.25,86.8,2163089.643,2025-11-26 23:59:59.999,184440971.04762,429671,1056585.552,90154220.26004,0,2025-11-26,36.47561588738059,94.196,8.499319105852047,-0.8701873535854917,0.018062397372742067,0.017901210329240084
2025-11-27,86.8,87.75,85.9,86.53,1321656.74,2025-11-27 23:59:59.999,114625759.45375,296577,628730.419,54553856.07355,0,2025-11-27,37.22421754746024,93.43,8.463478195035316,-0.81526765249393,-0.003110599078340992,-0.003115447047657009
2025-11-28,86.53,86.73,83.06,84.18,1928252.506,2025-11-28 23:59:59.999,163920186.40736,397051,899490.98,76496054.22349,0,2025-11-28,33.266981836277694,92.2945,8.07720149230608,-1.0046177513003038,-0.027158211025077983,-0.02753381127622286
2025-11-29,84.18,85.7,83.1,83.89,1194997.906,2025-11-29 23:59:59.999,100657291.77249,294072,581522.621,49008832.46928,0,2025-11-29,25.603732162458826,90.978,7.08679691583289,-1.0001697641658696,-0.0034449988120694996,-0.0034509464842214705
2025-11-30,83.9,84.78,82.21,82.32,1012990.2,2025-11-30 23:59:59.999,84982227.03297,293954,451659.887,37909469.17323,0,2025-11-30,29.083541147132166,89.88399999999999,6.611131283074607,-1.1441309627846687,-0.01871498390749804,-0.01889232533240919
2025-12-01,82.32,82.44,74.61,77.48,3638983.307,2025-12-01 23:59:59.999,282656734.46613,679860,1693637.166,131549043.46215,0,2025-12-01,28.814082767140206,88.776,6.745604728846542,-1.674571881108655,-0.058794946550048466,-0.06059425298699891
2025-12-02,77.49,83.26,77.25,82.75,2060896.819,2025-12-02 23:59:59.999,165967853.23163,415148,1040594.852,83798982.12278,0,2025-12-02,30.655836341756924,88.0355,6.540351250019076,-0.808137024748416,0.06801755291688183,0.0658041757183772
2025-12-03,82.75,86.7,82.46,85.79,2070020.538,2025-12-03 23:59:59.999,175898729.49212,458308,1050310.979,89258823.50659,0,2025-12-03,39.468973747016726,87.50050000000002,6.243256973048655,-0.27397558796378574,0.036737160120845935,0.036078435327701594
2025-12-04,85.79,86.8,82.11,83.48,1691906.04,2025-12-04 23:59:59.999,142913867.46835,387308,810466.512,68478895.15198,0,2025-12-04,43.85150812064966,86.79299999999999,5.822521700029113,-0.5689974500195376,-0.026926215176593993,-0.027295367375873847
2025-12-05,83.49,84.09,79.55,80.33,1676309.218,2025-12-05 23:59:59.999,137003116.74586,400463,788868.126,64523457.14112,0,2025-12-05,46.033402922755734,85.726,4.822146715655754,-1.1190036965240302,-0.03773358888356504,-0.03846393202327896
2025-12-06,80.33,82.46,79.85,81.65,1094767.103,2025-12-06 23:59:59.999,88795278.19623,266027,570767.949,46300040.95727,0,2025-12-06,49.322033898305094,85.02149999999999,4.281023334369323,-0.787545345275879,0.016432217104444202,0.016298669230752995
2025-12-07,81.64,83.7,79.82,81.38,1703937.348,2025-12-07 23:59:59.999,139163015.67324,416674,766477.964,62604886.54446,0,2025-12-07,47.134421674192424,84.5305,4.0941620503685066,-0.7695103323319697,-0.0033067973055727062,-0.0033122768429303655
2025-12-08,81.39,84.45,80.96,83.83,1635045.607,2025-12-08 23:59:59.999,136206756.30651,373419,833712.341,69448950.88929,0,2025-12-08,47.226074895977796,83.94149999999999,3.1562640723927844,-0.035326575166907216,0.030105677070533243,0.029661396076222056
2025-12-09,83.82,87.52,82.41,85.79,2033883.28,2025-12-09 23:59:59.999,173092186.36385,433695,980052.103,83428660.78871,0,2025-12-09,50.865164871041465,83.5885,2.415317947893037,0.9114742023593426,0.02338065131814404,0.02311151093510803
2025-12-10,85.78,87.04,83.71,84.28,1638297.25,2025-12-10 23:59:59.999,139117944.04191,385912,810047.588,68829997.76463,0,2025-12-10,45.882352941176485,83.44300000000001,2.2702355546561064,0.3686842091268266,-0.017601119011539823,-0.017757860648885595
2025-12-11,84.28,84.56,80.25,82.89,1974814.006,2025-12-11 23:59:59.999,161240935.6336,455470,936125.312,76391900.51145,0,2025-12-11,44.26229508196722,83.45700000000001,2.265687069009609,-0.2502552129795479,-0.016492643569055554,-0.01663016133255345
2025-12-12,82.89,84.43,80.41,81.91,1531069.114,2025-12-12 23:59:59.999,126444501.08953,343147,734424.117,60662665.85348,0,2025-12-12,46.260296540362425,83.45,2.270474098403119,-0.6782724370575848,-0.011822897816383238,-0.011893344075924267
2025-12-13,81.91,82.42,80.73,81.44,705086.019,2025-12-13 23:59:59.999,57622042.31534,170788,337710.728,27600753.80765,0,2025-12-13,45.987553226334754,83.37049999999999,2.313385477684499,-0.8344912763662113,-0.005738005127579049,-0.0057545307252980585
2025-12-14,81.43,81.95,77.9,78.92,1290206.632,2025-12-14 23:59:59.999,102911939.18881,315594,590119.134,47086568.07127,0,2025-12-14,44.59974587039392,83.045,2.461596614938609,-1.675741660906889,-0.03094302554027495,-0.03143187164779791
2025-12-15,78.92,81.39,75.69,77.48,2134593.255,2025-12-15 23:59:59.999,167874639.8791,446743,1003193.273,78911162.13431,0,2025-12-15,50.0,82.65599999999999,2.6966478215785723,-1.9194200883710666,-0.018246325392802798,-0.018414842615619428
2025-12-16,77.47,80.09,76.4,79.04,1579825.799,2025-12-16 23:59:59.999,123592927.38457,376728,783266.238,61300870.99239,0,2025-12-16,42.38818219121874,82.268,2.626365509485267,-1.2290749282009266,0.020134228187919545,0.01993421490081733
2025-12-17,79.04,81.0,75.1,75.98,1896362.763,2025-12-17 23:59:59.999,147792331.13419,436838,909049.467,70857951.29616,0,2025-12-17,29.88929889298896,81.7405,2.7802621515819137,-2.0719269212517903,-0.03871457489878549,-0.03948390568013293
2025-12-18,75.98,78.52,72.6,74.24,2265765.904,2025-12-18 23:59:59.999,171066050.52263,498923,1066131.838,80505225.78958,0,2025-12-18,30.604534005037806,81.2435,3.180809686714639,-2.201797872174397,-0.022900763358778775,-0.023167059281534532
2025-12-19,74.25,77.98,73.52,77.45,1544033.02,2025-12-19 23:59:59.999,117458209.07648,360526,773508.245,58834676.47113,0,2025-12-19,43.96984924623118,80.92150000000001,3.2244661328729967,-1.0766123311417455,0.0432381465517242,0.04232947838493256
2025-12-20,77.44,79.39,76.4,77.8,896391.026,2025-12-20 23:59:59.999,69330812.1902,230412,451468.891,34922929.07546,0,2025-12-20,41.597555652553474,80.69550000000001,3.2792240336850265,-0.8829832820986604,0.004519044544867512,0.004508864321468136
2025-12-21,77.81,78.01,75.39,76.73,1005378.456,2025-12-21 23:59:59.999,77111826.334,259626,475303.258,36467988.67105,0,2025-12-21,40.19401096583722,80.658,3.321940777054187,-1.1824413087470056,-0.013753213367609152,-0.013848664994771947
2025-12-22,76.74,79.48,76.32,77.01,1595275.183,2025-12-22 23:59:59.999,124051278.96761,351168,783938.642,60946972.93503,0,2025-12-22,34.16898792943364,80.37100000000001,3.379151092390312,-0.9946285052387319,0.0036491593900691566,0.003642517361584948
2025-12-23,77.0,77.91,75.47,76.96,1309908.369,2025-12-23 23:59:59.999,100557907.50125,316796,630040.349,48383834.95066,0,2025-12-23,27.508914926133457,79.9295,3.206289009192034,-0.9261485759664276,-0.0006492663290482703,-0.0006494771937077771
2025-12-24,76.96,77.38,75.18,75.75,1265400.133,2025-12-24 23:59:59.999,96158536.99972,271846,588338.153,44698556.37314,0,2025-12-24,27.93585100879463,79.543,3.221637537183818,-1.1773515661590044,-0.015722453222453137,-0.01584736196797244
2025-12-25,75.76,77.55,75.27,75.64,1048561.21,2025-12-25 23:59:59.999,80227466.4677,244625,525132.456,40180955.60669,0,2025-12-25,29.916897506925224,79.30850000000001,3.330198784953764,-1.1015858922820854,-0.0014521452145214164,-0.0014532005992217423
2025-12-26,75.64,77.98,75.41,76.84,1250175.998,2025-12-26 23:59:59.999,96047138.38242,279797,618115.527,47478716.72262,0,2025-12-26,36.12479474548443,79.06800000000001,3.325881917064226,-0.6698975055514527,0.015864621893178166,0.015740094110099107
2025-12-27,76.84,80.56,76.71,80.29,1066525.13,2025-12-27 23:59:59.999,83516810.35947,240372,538741.327,42201408.12533,0,2025-12-27,47.29411764705884,79.0135,3.29478739030418,0.387430158242218,0.04489849036959925,0.04391974229623681
2025-12-28,80.28,80.58,77.82,78.68,1156701.983,2025-12-28 23:59:59.999,91531466.25207,244666,554260.419,43853206.33392,0,2025-12-28,49.41002949852509,78.756,3.09365462637757,-0.024566413895071252,-0.02005231037489097,-0.020256086675734253
2025-12-29,78.68,80.2,76.85,78.3,1716842.095,2025-12-29 23:59:59.999,134725804.45703,374652,841286.963,66037513.13095,0,2025-12-29,52.12655601659749,78.3815,2.6134173534084995,-0.031185221868107155,-0.0048296898830707535,-0.004841390524100992
2025-12-30,78.29,79.0,77.57,78.84,941942.425,2025-12-30 23:59:59.999,73661686.52431,236868,442415.672,34603050.44307,0,2025-12-30,49.45235487404162,78.1095,2.220802308778416,0.3289351767658366,0.006896551724137945,0.0068728792877620504
2025-12-31,78.84,78.85,76.03,76.82,1054677.705,2025-12-31 23:59:59.999,81740307.96247,237507,508542.54,39413416.84491,0,2025-12-31,52.43902439024387,77.80600000000001,1.9286575641981138,-0.5112364259489329,-0.025621511922881868,-0.0259554593667608
2026-01-01,76.82,80.0,76.64,79.92,1036168.764,2026-01-01 23:59:59.999,81158356.29118,235621,521544.272,40840955.73695,0,2026-01-01,65.28525296017222,77.70649999999999,1.748726679598207,1.265778137786856,0.040354074459776124,0.03956111142253936
2026-01-02,79.92,82.21,79.03,81.88,1588818.146,2026-01-02 23:59:59.999,127783842.28169,324358,819500.786,65953617.16259,0,2026-01-02,62.78130409694168,77.72850000000001,1.8001791577336348,2.3061593520650376,0.02452452452452447,0.02422862645279065
2026-01-03,81.88,82.79,80.71,82.04,1248569.406,2026-01-03 23:59:59.999,102137800.41808,306049,598288.664,48948718.24886,0,2026-01-03,62.36872812135356,77.8845,2.029452804119663,2.0475962740126783,0.0019540791402052893,0.0019521724110911926
2026-01-04,82.04,83.15,81.57,82.2,1148303.448,2026-01-04 23:59:59.999,94578515.05696,278429,542028.368,44653750.68495,0,2026-01-04,66.8515095502156,78.1205,2.2431286304111717,1.8186652092493742,0.0019502681618721596,0.0019483688579542725
2026-01-05,82.21,84.57,81.39,83.42,1979721.337,2026-01-05 23:59:59.999,163839656.87771,397404,1003586.123,83067733.82028,0,2026-01-05,68.66627839254508,78.3395,2.5327423768135624,2.0059284538807955,0.014841849148418573,0.014732786706665035
2026-01-06,83.42,84.85,81.12,83.93,1777810.16,2026-01-06 23:59:59.999,148087357.14182,378398,847060.657,70572487.65087,0,2026-01-06,69.76744186046511,78.737,2.7568786697892462,1.8836519927070272,0.006113641812514947,0.006095029325936957
2026-01-07,83.93,83.95,80.88,81.65,1455528.113,2026-01-07 23:59:59.999,119802067.78766,329602,676042.068,55649923.87566,0,2026-01-07,65.7754010695187,79.1075,2.6149808794595497,0.9722824438110134,-0.027165495055403333,-0.027541298678262084
2026-01-08,81.66,82.27,79.88,81.26,1507040.005,2026-01-08 23:59:59.999,122072960.78011,332741,703627.912,57022745.66841,0,2026-01-08,64.80505795574287,79.298,2.6266300202154467,0.7469647361447092,-0.004776484996938168,-0.004787928856893448
2026-01-09,81.26,82.07,79.89,81.46,1295839.706,2026-01-09 23:59:59.999,105194817.47219,306642,640080.322,51985337.93972,0,2026-01-09,62.847608453837545,79.48100000000001,2.644208965375229,0.7484279895855935,0.0024612355402411357,0.0024582116606857675
2026-01-10,81.46,82.41,80.76,81.15,813222.723,2026-01-10 23:59:59.999,66247262.50969,208382,418739.908,34123284.72186,0,2026-01-10,52.89757412398921,79.702,2.586256388141438,0.5598826190007341,-0.0038055487355755924,-0.0038128082596661506
2026-01-11,81.14,81.77,78.46,78.76,1397542.725,2026-01-11 23:59:59.999,112320357.15554,266778,663183.644,53283353.01119,0,2026-01-11,50.25608194622278,79.7895,2.5191173788373424,-0.4086748829763334,-0.029451632778804693,-0.02989404018967544
2026-01-12,78.76,80.73,75.49,76.07,3602939.067,2026-01-12 23:59:59.999,279217453.85849,531964,1766943.218,136883704.62826,0,2026-01-12,43.781372002230896,79.745,2.578882867065605,-1.4250356411811866,-0.03415439309294077,-0.034751284761715184
2026-01-13,76.07,78.94,75.24,78.15,4333918.668,2026-01-13 23:59:59.999,333207137.88816,648771,2112577.269,162424293.4835,0,2026-01-13,48.22804314329739,79.865,2.4350305304348487,-0.7043032843180508,0.027343236492704204,0.026976087858275925
2026-01-14,78.14,80.92,76.06,76.63,5217937.256,2026-01-14 23:59:59.999,409639864.895,817973,2499782.467,196363471.78614,0,2026-01-14,49.499209277807076,79.9145,2.353314515840504,-1.3956910467732038,-0.01944977607165721,-0.01964141188517281
2026-01-15,76.63,77.0,69.3,72.15,6607632.174,2026-01-15 23:59:59.999,487471874.88896,976184,3076963.439,227054441.8188,0,2026-01-15,30.90909090909092,79.67999999999999,2.85582322907576,-2.636717820394278,-0.05846274305102428,-0.06024135976243294
2026-01-16,72.16,76.04,70.84,75.17,4232962.321,2026-01-16 23:59:59.999,308256151.90901,646821,2092442.133,152483733.52888,0,2026-01-16,34.32975245212519,79.424,3.022860966202675,-1.4072761028582434,0.04185724185724182,0.0410049299694976
2026-01-17,75.17,75.94,73.81,74.88,1826622.567,2026-01-17 23:59:59.999,136439086.66723,401423,839450.409,62719574.5198,0,2026-01-17,33.37975858867223,79.23400000000001,3.187050112720493,-1.3661536047462404,-0.0038579220433684336,-0.003865383020040977
2026-01-18,74.88,75.85,72.0,72.23,2147559.797,2026-01-18 23:59:59.999,160071620.58019,411253,1001946.806,74739217.95812,0,2026-01-18,29.255097794423634,78.93050000000001,3.549128098997959,-1.887928475135002,-0.035389957264957195,-0.03603136010658109
2026-01-19,72.23,72.26,65.27,70.75,4209614.738,2026-01-19 23:59:59.999,294252520.53184,668645,1938259.865,135558322.52358,0,2026-01-19,23.91930835734871,78.52600000000001,3.99321714383698,-1.9473020674573813,-0.0204901010660391,-0.0207029355394085
2026-01-20,70.76,71.03,65.64,67.07,3329023.56,2026-01-20 23:59:59.999,229229128.06787,554821,1519863.796,104803522.79984,0,2026-01-20,19.30080116533138,78.0385,4.738122296297925,-2.314946578852579,-0.05201413427561852,-0.053415686411701295
2026-01-21,67.08,69.69,66.0,68.43,3020032.247,2026-01-21 23:59:59.999,205918837.91544,502421,1481021.19,101028015.95756,0,2026-01-21,25.09419743782972,77.46400000000001,5.1744741914356105,-1.7458778739204814,0.02027732220068601,0.020074474852760652
2026-01-22,68.43,69.62,67.01,68.15,1540271.829,2026-01-22 23:59:59.999,105336220.51149,360857,756594.969,51770243.73169,0,2026-01-22,25.198637911464274,76.7775,5.460636048352776,-1.5799441536856351,-0.004091772614350453,-0.004100166821864756
2026-01-23,68.16,69.69,66.91,68.02,1756120.56,2026-01-23 23:59:59.999,119955283.92392,386193,815760.595,55763608.65921,0,2026-01-23,24.506828528072887,76.0765,5.646257516913874,-1.4268743456822555,-0.001907556859868098,-0.001909378563492383
2026-01-24,68.01,68.94,67.69,68.15,778962.621,2026-01-24 23:59:59.999,53215757.404,237518,383957.475,26233298.86986,0,2026-01-24,25.171886936592884,75.374,5.717868023728762,-1.2634079643008342,0.0019112025874743477,0.0019093785634922982
2026-01-25,68.14,70.32,65.16,67.27,2767428.898,2026-01-25 23:59:59.999,188224713.01324,469015,1321784.231,89965625.95057,0,2026-01-25,26.712606404539983,74.56649999999999,5.661884821928082,-1.2887051272645398,-0.012912692589875374,-0.012996786105027292
2026-01-26,67.26,70.05,66.94,69.68,1972082.723,2026-01-26 23:59:59.999,135425314.28342,383588,981571.102,67437031.27338,0,2026-01-26,36.900369003690095,73.85400000000001,5.307053300729072,-0.7865004859526455,0.03582577672067799,0.03519896050673305
2026-01-27,69.68,70.45,68.58,70.0,1763855.49,2026-01-27 23:59:59.999,122717618.44211,298729,824884.1,57396535.43536,0,2026-01-27,31.992929739284165,73.2715,5.038906810216107,-0.6492479665167088,0.004592422502870175,0.004581909505111544
2026-01-28,69.99,70.27,68.33,69.36,1623630.83,2026-01-28 23:59:59.999,112719252.40952,300098,785477.249,54557138.69583,0,2026-01-28,33.28735632183913,72.6765,4.739666071952853,-0.6997328397512041,-0.00914285714285712,-0.009184909577072553
2026-01-29,69.37,69.52,64.37,66.19,2345666.651,2026-01-29 23:59:59.999,155696951.82305,389663,1081869.488,71843776.48199,0,2026-01-29,35.42074363992174,71.913,4.472667989836146,-1.279549479864178,-0.04570357554786619,-0.046780938341454976
2026-01-30,66.18,66.44,62.5,65.43,2706911.344,2026-01-30 23:59:59.999,174810429.41068,533594,1303170.131,84161700.5828,0,2026-01-30,23.2123212321233,71.12700000000001,4.132296545116078,-1.3786522670385872,-0.011482096993503443,-0.011548525249183938
2026-01-31,65.43,65.47,54.66,59.49,5094876.951,2026-01-31 23:59:59.999,303789022.24246,721121,2377595.311,141781876.16985,0,2026-01-31,17.7087704574067,70.16350000000001,4.4899422982975,-2.377202042005573,-0.0907840440165063,-0.0951726376818332
2026-02-01,59.49,59.91,57.14,58.47,2660547.208,2026-02-01 23:59:59.999,156550365.93366,495430,1317244.711,77555299.0912,0,2026-02-01,19.009009009009077,69.28349999999999,4.970413807822044,-2.1755733864618194,-0.017145738779626885,-0.017294429012235223
2026-02-02,58.46,61.13,56.47,59.97,3153947.469,2026-02-02 23:59:59.999,185737207.63709,613242,1615076.799,95130305.75351,0,2026-02-02,25.7425742574258,68.3745,4.925743839092329,-1.7062397628758348,0.025654181631606043,0.025330634992839343
2026-02-03,59.98,61.38,56.83,59.44,2742934.98,2026-02-03 23:59:59.999,163123585.01357,495773,1336757.514,79526963.87741,0,2026-02-03,29.994756161510296,67.515,4.909139167751883,-1.6448912373567748,-0.008837752209438055,-0.008877036770914663
2026-02-04,59.43,60.95,57.01,58.85,2400491.449,2026-02-04 23:59:59.999,141557004.63299,513897,1153055.684,68018547.64239,0,2026-02-04,23.825136612021893,66.85,5.1434567528419395,-1.5553742131844919,-0.00992597577388954,-0.009975566703217902
2026-02-05,58.85,59.47,50.14,50.73,6363121.646,2026-02-05 23:59:59.999,345116743.53321,1084334,3161886.271,171480434.82084,0,2026-02-05,16.6794185156848,65.628,5.909021292186443,-2.5212297034197144,-0.13797790994052683,-0.14847438212768718
2026-02-06,50.74,56.43,45.0,54.99,5976061.561,2026-02-06 23:59:59.999,306160338.02983,979589,2941512.358,151013941.80114,0,2026-02-06,28.477039973571223,64.6335,5.9435991886838115,-1.622501735709321,0.08397397989355415,0.08063389894112476
2026-02-07,55.0,55.98,52.83,55.17,2566017.348,2026-02-07 23:59:59.999,139832096.60449,499789,1266376.53,69031735.02193,0,2026-02-07,28.59498680738787,63.780499999999996,6.019704027515009,-1.4303859393489966,0.003273322422258529,0.003267976764616013
2026-02-08,55.17,55.79,53.6,54.5,1508271.485,2026-02-08 23:59:59.999,82851795.84467,293144,714416.789,39241745.29674,0,2026-02-08,28.79442045831952,62.967999999999996,6.125230479009371,-1.3824785906455426,-0.012144281312307492,-0.012218625615141103
2026-02-09,54.49,55.08,52.32,54.41,1639255.36,2026-02-09 23:59:59.999,88534002.56067,319132,790659.996,42713884.06248,0,2026-02-09,22.526088521050724,62.335,6.329753050802458,-1.2520235681225047,-0.0016513761467890076,-0.0016527411713644353
2026-02-10,54.41,54.67,52.79,53.33,1497241.611,2026-02-10 23:59:59.999,80034646.91456,283687,708190.982,37859461.33318,0,2026-02-10,20.80560420315237,61.58,6.463623718849943,-1.276373804981937,-0.01984929240948352,-0.020048935885323096
2026-02-11,53.33,53.69,50.98,52.28,1881513.433,2026-02-11 23:59:59.999,98213071.83652,363599,918107.343,47935550.79618,0,2026-02-11,20.511049723756912,60.786500000000004,6.587557869509945,-1.2912979541890248,-0.019688730545659006,-0.019885135856489548
2026-02-12,52.28,53.79,51.5,53.13,1675030.042,2026-02-12 23:59:59.999,88331634.8441,314242,853395.822,45010416.38032,0,2026-02-12,25.487987987988006,60.04200000000001,6.568406519884248,-1.052310020562158,0.016258607498087274,0.016127851706830714
2026-02-13,53.12,55.67,52.33,55.0,1737350.623,2026-02-13 23:59:59.999,93845414.84309,320789,911403.169,49251187.18218,0,2026-02-13,31.207207207207205,59.3845,6.369215827956312,-0.6883892960190133,0.035196687370600444,0.03459144476961908
2026-02-14,55.01,56.63,54.84,55.95,1542257.34,2026-02-14 23:59:59.999,85937243.75908,271403,783095.025,43631458.74675,0,2026-02-14,42.22319859402461,58.81849999999999,6.130076220865064,-0.4679387166894302,0.01727272727272733,0.017125249525463376
2026-02-15,55.95,56.65,54.16,55.05,1761094.478,2026-02-15 23:59:59.999,97466990.20651,353536,821389.785,45449092.13868,0,2026-02-15,42.446996466431095,58.087,5.617202993805281,-0.5406605393020772,-0.01608579088471862,-0.016216571589245395
2026-02-16,55.05,55.64,53.29,55.1,1925371.403,2026-02-16 23:59:59.999,104583752.11617,337582,960473.38,52167764.83786,0,2026-02-16,38.50873053327043,57.342,4.895801208547455,-0.4579434304002675,0.0009082652134424496,0.0009078529901799579
2026-02-17,55.09,55.83,53.12,53.91,1589478.212,2026-02-17 23:59:59.999,86660772.38773,322826,785734.508,42860880.27418,0,2026-02-17,37.34553775743707,56.569500000000005,4.044617573482035,-0.6575405342242108,-0.021597096188747833,-0.021833726695291544
2026-02-18,53.92,54.91,52.91,53.29,1415516.197,2026-02-18 23:59:59.999,76291838.80477,272228,717156.039,38657293.80153,0,2026-02-18,37.29433272394881,55.9245,3.408196737268843,-0.7729894143702392,-0.011500649230198445,-0.01156729315488644
2026-02-19,53.28,53.69,51.38,52.68,1443321.451,2026-02-19 23:59:59.999,75899761.4361,278015,671540.791,35316254.53657,0,2026-02-19,56.78496868475992,55.287,2.6432079791386784,-0.9863015020291828,-0.011446800525426903,-0.011512819433610592
2026-02-20,52.68,55.42,52.62,55.15,1864255.162,2026-02-20 23:59:59.999,100935431.51787,338874,932034.607,50461921.69251,0,2026-02-20,50.635930047694735,55.06999999999999,2.451167283675523,0.03263751133298641,0.046886864085041724,0.04582086882443115
2026-02-21,55.15,55.95,54.76,54.87,1063449.005,2026-02-21 23:59:59.999,58754959.64356,230116,500104.473,27630010.37459,0,2026-02-21,48.81703470031544,54.89000000000001,2.316851311571287,-0.008632405497980033,-0.005077062556663625,-0.005089994628627438
2026-02-22,54.86,54.88,52.93,53.45,1047659.498,2026-02-22 23:59:59.999,56397398.90076,256505,523597.828,28177076.24433,0,2026-02-22,46.090841399851094,54.564,2.001708217848735,-0.5565246673150143,-0.025879351193730527,-0.026220113599829675
2026-02-23,53.45,53.52,50.67,51.31,1997847.859,2026-02-23 23:59:59.999,103674695.49084,366701,947568.563,49170468.54208,0,2026-02-23,39.9870801033592,54.157500000000006,1.7716803649978183,-1.60723122311259,-0.04003741814780171,-0.04086097251718083
2026-02-24,51.3,51.86,50.11,51.13,1870528.166,2026-02-24 23:59:59.999,95357062.09892,315719,943464.975,48100329.47374,0,2026-02-24,42.45541838134433,53.7715,1.5183865224336437,-1.7396756102433326,-0.0035080880919898805,-0.003514255861965572
2026-02-25,51.13,59.0,51.0,56.74,2834565.13,2026-02-25 23:59:59.999,157565811.11047,508310,1433017.345,79537204.72452,0,2026-02-25,61.65099268547544,54.072,1.4789704811590472,1.8039575731823445,0.10972032075102667,0.1041080202887973
2026-02-26,56.73,57.04,54.38,55.59,1717494.971,2026-02-26 23:59:59.999,95917244.90551,340268,901347.789,50340614.33128,0,2026-02-26,56.327160493827165,54.10200000000001,1.5044376462679518,0.9890738932858161,-0.02026788861473383,-0.02047610041532714
2026-02-27,55.58,56.34,53.34,54.51,1385719.079,2026-02-27 23:59:59.999,76107678.3939,287821,694818.99,38161844.34643,0,2026-02-27,48.68632707774798,54.069,1.4869145021726706,0.2965873285623409,-0.019427954668105873,-0.019619157889188697
2026-02-28,54.52,54.95,51.45,54.37,2004732.481,2026-02-28 23:59:59.999,106483250.46876,370974,1018302.352,54047521.20587,0,2026-02-28,45.57174887892375,54.0625,1.4852144094488702,0.20704081380014608,-0.0025683360851219694,-0.002571639918360186
2026-03-01,54.38,55.49,52.44,53.21,1723959.397,2026-03-01 23:59:59.999,93178406.2426,297448,811578.405,43879501.74602,0,2026-03-01,44.91712707182322,54.0025,1.494646147150699,-0.5302258340616405,-0.021335295199558568,-0.021566182549551356
2026-03-02,53.21,55.7,52.9,54.57,1819476.63,2026-03-02 23:59:59.999,98706484.29891,356708,943709.064,51227256.70634,0,2026-03-02,48.63472436888202,54.064499999999995,1.4909956934290691,0.33903518449300807,0.025559105431309792,0.02523793258986254
2026-03-03,54.56,55.23,52.99,54.74,1799100.621,2026-03-03 23:59:59.999,97369841.73653,367994,916202.412,49579591.15242,0,2026-03-03,52.25666122892878,54.1875,1.4365084680838842,0.38461311734344683,0.0031152647975078995,0.003110422414392552
2026-03-04,54.73,57.62,54.28,56.72,1988899.226,2026-03-04 23:59:59.999,111381689.68793,388348,1002337.766,56185468.23246,0,2026-03-04,58.68354430379747,54.367,1.5193215244530192,1.5487176098865054,0.036170990135184544,0.035532178611339074
2026-03-05,56.73,57.24,55.0,55.43,1653116.095,2026-03-05 23:59:59.999,92694168.96656,312736,781845.358,43846483.38101,0,2026-03-05,56.73029858051885,54.3885,1.5317423000014143,0.6799446617091123,-0.022743300423131108,-0.023005918792158676
2026-03-06,55.43,55.85,53.08,53.76,1490366.671,2026-03-06 23:59:59.999,81010965.90803,261579,756845.809,41132215.54564,0,2026-03-06,46.45950076413652,54.27900000000001,1.492002892593818,-0.3478545534839689,-0.03012808948222989,-0.03059126721681927
2026-03-07,53.77,54.24,53.16,53.54,886624.18,2026-03-07 23:59:59.999,47675167.73233,195265,443559.094,23855866.17985,0,2026-03-07,46.60194174757282,54.2035,1.4891370690623689,-0.44556005876461735,-0.0040922619047618625,-0.004100658122687612
2026-03-08,53.54,53.86,51.83,52.54,1492929.66,2026-03-08 23:59:59.999,79090944.41735,260110,680476.707,36056534.0405,0,2026-03-08,47.62402088772845,54.0755,1.5177700921288708,-1.0116815504291956,-0.018677624206201004,-0.018854253834812675
2026-03-09,52.55,54.72,52.47,53.73,1437019.744,2026-03-09 23:59:59.999,77104977.26018,299068,749064.041,40194236.30125,0,2026-03-09,56.648351648351635,54.0665,1.5193359872110455,-0.22147833187160523,0.02264940997335363,0.02239672048333629
2026-03-10,53.72,54.97,53.38,53.83,1418534.254,2026-03-10 23:59:59.999,76835707.83464,295361,669993.27,36288603.80643,0,2026-03-10,57.4503311258278,54.09349999999999,1.509577406858532,-0.17455216195129963,0.0018611576400522356,0.001859427832135933
2026-03-11,53.83,55.26,53.51,54.78,1150869.183,2026-03-11 23:59:59.999,62619639.91721,231462,580823.588,31601231.87559,0,2026-03-11,42.71916790490341,54.19849999999999,1.4788056168952444,0.3932227422971743,0.01764815158833377,0.017494231262066316
2026-03-12,54.78,54.96,53.76,54.54,1112200.104,2026-03-12 23:59:59.999,60392050.94501,222096,553039.073,30031196.12349,0,2026-03-12,45.81673306772907,54.168000000000006,1.4643683746829006,0.2540344399888771,-0.004381161007667056,-0.004390786417489658
2026-03-13,54.54,56.67,54.44,55.28,1585369.248,2026-03-13 23:59:59.999,88081569.34197,318285,823111.591,45730040.37732,0,2026-03-13,53.15315315315316,54.1885,1.4775237997665926,0.7387359852832353,0.013568023469013646,0.013476802041972068
2026-03-14,55.27,55.79,54.33,54.94,902165.137,2026-03-14 23:59:59.999,49479673.18995,202923,427495.098,23439761.57271,0,2026-03-14,52.296535052377116,54.263,1.4758908103717887,0.458706020284426,-0.0061505065123010905,-0.00616949879228673
2026-03-15,54.94,56.39,54.65,56.23,1045841.345,2026-03-15 23:59:59.999,57926909.9196,186886,531638.603,29458823.60692,0,2026-03-15,62.04146730462518,54.50899999999999,1.3635360377508359,1.2621595266662755,0.023480160174736087,0.02320874163698254
2026-03-16,56.24,59.2,55.78,58.68,1970370.769,2026-03-16 23:59:59.999,113603254.63136,335242,1004693.823,57934971.55534,0,2026-03-16,65.07703595011003,54.8865,1.4226523597744136,2.6664982305315457,0.043571047483549785,0.04264853097067071
2026-03-17,58.67,59.22,57.27,58.07,1509732.36,2026-03-17 23:59:59.999,87771841.16396,274501,723380.844,42052279.57726,0,2026-03-17,61.83368869936033,54.952999999999996,1.5400891976673732,2.0239087480913627,-0.010395364689843256,-0.010449773890822503
2026-03-18,58.06,58.52,55.26,56.05,1614777.824,2026-03-18 23:59:59.999,91390182.65023,275199,762090.443,43117429.70805,0,2026-03-18,47.62579730687455,54.976,1.553479625646264,0.6913511978331887,-0.034785603581883984,-0.03540502986578964
2026-03-19,56.05,56.31,54.58,55.5,1101633.667,2026-03-19 23:59:59.999,60956937.78194,244775,545207.814,30170045.79211,0,2026-03-19,50.261780104712045,55.0255,1.5536221683649205,0.305415312462603,-0.009812667261373753,-0.00986112876578007
2026-03-20,55.5,56.44,55.14,56.14,965158.391,2026-03-20 23:59:59.999,53734364.17729,219306,476882.261,26553650.31452,0,2026-03-20,59.643435980551054,55.114,1.5646906537827052,0.6557206675451185,0.011531531531531636,0.011465550181347709
2026-03-21,56.14,56.56,54.36,54.75,845483.552,2026-03-21 23:59:59.999,47199523.01419,173083,369271.637,20622306.50084,0,2026-03-21,54.4781643227239,55.190999999999995,1.5027269948271862,-0.2934664789532915,-0.02475952974706097,-0.025071202237126285
2026-03-22,54.75,55.01,53.01,53.48,1117341.308,2026-03-22 23:59:59.999,60497991.06491,249613,532421.725,28833537.63981,0,2026-03-22,53.410740203193015,55.1365,1.5455888845128563,-1.0717597781651376,-0.023196347031963493,-0.023469616462867795
2026-03-23,53.48,56.15,53.23,55.68,1712726.002,2026-03-23 23:59:59.999,94145919.70604,341911,870169.121,47820652.24131,0,2026-03-23,56.59229208924949,55.1835,1.5471885367823683,0.32090465266279083,0.04113687359760654,0.040313263792421734
2026-03-24,55.69,56.46,55.02,56.35,992561.383,2026-03-24 23:59:59.999,55242104.62909,239099,513754.502,28596393.14813,0,2026-03-24,58.20312500000001,55.165,1.5299655998655042,0.7745272181963915,0.012033045977011492,0.011961224459621098
2026-03-25,56.34,56.77,55.77,56.61,956000.29,2026-03-25 23:59:59.999,53868972.90414,217097,463763.495,26137093.96055,0,2026-03-25,56.23721881390591,55.224000000000004,1.563115647111729,0.8866906313432398,0.00461401952085172,0.004603407562783133
2026-03-26,56.6,56.65,54.19,54.56,1010057.997,2026-03-26 23:59:59.999,55560873.88543,219203,489918.942,26941132.89404,0,2026-03-26,50.06067961165049,55.263999999999996,1.533638261037856,-0.45903914755202896,-0.03621268327150673,-0.036884634513361804
2026-03-27,54.56,55.16,53.24,53.69,1151313.794,2026-03-27 23:59:59.999,62307702.00814,210458,544754.243,29488149.93072,0,2026-03-27,45.2137266706803,55.2715,1.5251066399067452,-1.0369766668229237,-0.01594574780058655,-0.016074249100728577
2026-03-28,53.68,54.93,53.21,53.82,796488.531,2026-03-28 23:59:59.999,43071121.42668,179351,399850.823,21624844.13939,0,2026-03-28,46.585365853658544,55.3355,1.4282284757268853,-1.061104736221354,0.002421307506053294,0.0024183808642816527
2026-03-29,53.82,54.36,52.18,53.29,827133.856,2026-03-29 23:59:59.999,44226951.56702,183751,394058.919,21087971.35203,0,2026-03-29,40.60102301790283,55.3135,1.457352592503658,-1.3884766187733115,-0.00984764028242291,-0.00989644899006888
2026-03-30,53.3,54.38,53.02,53.31,1303944.952,2026-03-30 23:59:59.999,70095131.64858,261891,645921.359,34719916.87004,0,2026-03-30,29.674489023467103,55.2875,1.4894961175311197,-1.3276301809216926,0.0003753049352599458,0.0003752345259788135
2026-03-31,53.31,54.25,53.08,53.91,1028230.327,2026-03-31 23:59:59.999,55223304.7502,246762,480187.215,25792167.12847,0,2026-03-31,34.242424242424235,55.24400000000001,1.5175374789209446,-0.8790557192357187,0.011254924029262758,0.011192058628907663
2026-04-01,53.91,54.74,53.68,53.78,978245.894,2026-04-01 23:59:59.999,52962825.15341,223860,495532.387,26832641.35222,0,2026-04-01,39.96463306808136,55.205999999999996,1.5453543282787032,-0.9227657203952367,-0.0024114264514931705,-0.0024143386228586937
2026-04-02,53.79,54.09,51.36,52.24,1471518.557,2026-04-02 23:59:59.999,76920517.64084,296095,700109.905,36602899.73143,0,2026-04-02,36.747967479674806,55.053999999999995,1.6812257432985205,-1.6737787957487489,-0.028635180364447788,-0.029053165872543026
2026-04-03,52.24,53.45,52.11,53.2,814765.968,2026-04-03 23:59:59.999,43044613.51267,172826,406978.36,21502984.28743,0,2026-04-03,38.35182250396198,54.967000000000006,1.731698588071732,-1.0203854251377427,0.018376722817764257,0.01820991137942317
2026-04-04,53.2,53.83,52.97,53.55,577670.192,2026-04-04 23:59:59.999,30820695.63165,117912,257732.946,13756667.4322,0,2026-04-04,44.818652849740914,54.833000000000006,1.732512929983831,-0.7405428137335646,0.006578947368421018,0.0065574005461590396
2026-04-05,53.55,54.19,52.57,54.08,717155.996,2026-04-05 23:59:59.999,38157190.51199,145633,355345.102,18909245.08046,0,2026-04-05,52.76752767527675,54.602999999999994,1.4821751441122704,-0.3528597831892804,0.009897292250233392,0.009848634840950842
2026-04-06,54.08,54.59,53.16,53.49,1141602.035,2026-04-06 23:59:59.999,61780461.25062,196039,565249.915,30598486.76001,0,2026-04-06,38.136511375948,54.374,1.2546729495991058,-0.7045660785804434,-0.010909763313609377,-0.010969711191549828
2026-04-07,53.48,55.71,52.87,55.34,1175057.569,2026-04-07 23:59:59.999,63281843.20127,234069,599596.884,32297122.32508,0,2026-04-07,45.14889529298752,54.338499999999996,1.2141458986000349,0.8248596821475754,0.03458590390727245,0.03400125381562118
2026-04-08,55.35,55.57,53.84,53.91,1010792.382,2026-04-08 23:59:59.999,55375777.50304,193986,481654.178,26381934.47039,0,2026-04-08,38.341968911917085,54.25899999999999,1.185814843065571,-0.2943123895276611,-0.025840260209613386,-0.02617998489520257
2026-04-09,53.92,55.24,53.58,54.52,768876.591,2026-04-09 23:59:59.999,41717891.15995,172226,380134.387,20623855.23652,0,2026-04-09,49.80276134122288,54.178,1.1030035548603614,0.3100624639811814,0.011315154887776124,0.0112516173647547
2026-04-10,54.52,55.48,54.19,54.94,741406.793,2026-04-10 23:59:59.999,40644095.96551,158463,363153.358,19910605.06413,0,2026-04-10,56.4499484004128,54.1875,1.1089913624706904,0.6785445094211774,0.007703595011004927,0.0076740738387957325
2026-04-11,54.94,55.69,54.31,55.03,655490.344,2026-04-11 23:59:59.999,35981898.18097,128327,325300.018,17860967.18723,0,2026-04-11,56.26943005181348,54.265,1.1111042397130488,0.6885042578881417,0.0016381507098652826,0.0016368104045396013
2026-04-12,55.02,55.03,53.32,53.45,763014.651,2026-04-12 23:59:59.999,41097852.92418,153203,352342.091,18979044.58044,0,2026-04-12,50.74766355140189,54.153499999999994,1.0728676525691887,-0.6557192756397535,-0.028711611848082796,-0.02913185360061313
2026-04-13,53.45,54.72,52.62,54.59,1244336.636,2026-04-13 23:59:59.999,66437085.22244,214458,628621.572,33573140.72822,0,2026-04-13,55.41455160744501,54.0655,0.9481531910052815,0.5531806515821573,0.02132834424695984,0.021104078322612067
2026-04-14,54.59,55.24,53.97,54.25,1064052.272,2026-04-14 23:59:59.999,58012146.41491,199692,522586.789,28493333.76118,0,2026-04-14,51.47058823529414,53.94749999999999,0.7384897461660519,0.4096197700380676,-0.006228246931672565,-0.006247723373097403
2026-04-15,54.25,55.64,53.79,55.13,892512.25,2026-04-15 23:59:59.999,48819348.44404,158843,449612.825,24601172.27115,0,2026-04-15,55.48334687246141,53.976,0.7735386901716104,1.491845223338457,0.016221198156681993,0.01609104018102325
2026-04-16,55.13,56.58,54.55,56.32,1354271.766,2026-04-16 23:59:59.999,75170225.91699,233949,688748.225,38240217.90658,0,2026-04-16,67.05685618729095,54.107499999999995,0.9300700312810839,2.3788531245894413,0.0215853437329947,0.021355679248194703
2026-04-17,56.31,57.39,55.31,56.35,1242350.546,2026-04-17 23:59:59.999,70131647.75352,215505,631975.94,35675550.8659,0,2026-04-17,64.27923844061648,54.234,1.052857765139033,2.0097681472868043,0.0005326704545454142,0.0005325286359983064
2026-04-18,56.35,56.62,55.2,55.61,942739.898,2026-04-18 23:59:59.999,52745991.62391,161986,462370.917,25872835.16972,0,2026-04-18,59.01926444833625,54.35,1.0710250869010942,1.176443031456606,-0.013132209405501416,-0.013219199286312778
2026-04-19,55.62,55.79,53.88,54.01,1046823.022,2026-04-19 23:59:59.999,57590810.92325,190835,487270.592,26802682.95132,0,2026-04-19,49.71977582065652,54.385000000000005,1.0464048728021775,-0.3583698908012451,-0.02877180363244025,-0.029193826594672904
2026-04-20,54.01,55.41,53.94,54.99,905584.433,2026-04-20 23:59:59.999,49690024.22135,184691,449008.179,24632206.803,0,2026-04-20,55.82298136645962,54.439,1.0484670513774672,0.5255291516086297,0.018144788002221857,0.017982135914923626
2026-04-21,54.99,55.85,54.63,55.53,922691.117,2026-04-21 23:59:59.999,50947068.38339,186797,474930.401,26226690.66844,0,2026-04-21,50.82108902333619,54.5265,1.0634911475804991,0.9435903648873996,0.009819967266775809,0.009772064733792522
2026-04-22,55.53,56.52,55.43,55.46,1046828.406,2026-04-22 23:59:59.999,58657267.45928,182877,515141.892,28871193.2413,0,2026-04-22,57.590597453476995,54.6875,0.9351097599145295,0.8261062317118887,-0.0012605798667386647,-0.0012613750658838148
2026-04-23,55.47,56.2,54.86,56.17,1087856.597,2026-04-23 23:59:59.999,60308628.76436,194312,550483.641,30521349.3345,0,2026-04-23,58.0019398642095,54.836,0.9221907554314631,1.4465553814577852,0.012802019473494353,0.012720766356709315
2026-04-24,56.17,56.74,55.71,56.51,730515.381,2026-04-24 23:59:59.999,41077433.29977,158231,356999.87,20083502.21976,0,2026-04-24,57.673509286412504,54.984,0.9422447999790263,1.6195366639688156,0.006053053231262151,0.0060348070974105186
2026-04-25,56.51,56.7,55.88,56.02,615385.895,2026-04-25 23:59:59.999,34630110.83657,115298,290567.266,16350540.31822,0,2026-04-25,54.65663217309502,55.081,0.9441392626610102,0.9945566688472149,-0.008671031675809515,-0.008708843809789415
2026-04-26,56.02,56.48,55.71,56.24,631115.194,2026-04-26 23:59:59.999,35390496.21748,117564,328785.675,18440489.14118,0,2026-04-26,65.04854368932038,55.218500000000006,0.8994283271718643,1.135721401183761,0.003927168868261388,0.003919477670447051
2026-04-27,56.25,56.78,54.91,55.54,1152917.643,2026-04-27 23:59:59.999,64182128.98587,183605,580048.565,32288829.09024,0,2026-04-27,55.3793884484711,55.2285,0.901958541428609,0.34535955444982935,-0.012446657183499354,-0.012524765623756042
2026-04-28,55.53,55.75,54.65,55.69,736292.875,2026-04-28 23:59:59.999,40639943.43311,132117,360279.928,19887740.91514,0,2026-04-28,58.33333333333332,55.31750000000001,0.8514129123393415,0.4375080464501147,0.0027007562117391526,0.002697115722923614
2026-04-29,55.69,57.69,54.31,55.29,1812381.747,2026-04-29 23:59:59.999,101332860.21473,278776,844354.527,47252722.61481,0,2026-04-29,50.98039215686273,55.35600000000001,0.8306078940233845,-0.07945987568251003,-0.007182618064284441,-0.007208537251735641
2026-04-30,55.28,55.97,54.88,55.15,688996.321,2026-04-30 23:59:59.999,38211247.21034,142501,342727.221,19010908.33698,0,2026-04-30,41.772151898734165,55.366499999999995,0.8263889424116717,-0.26198317630942514,-0.002532103454512602,-0.0025353146503301603
2026-05-01,55.15,56.0,54.85,55.36,822509.366,2026-05-01 23:59:59.999,45592212.49918,154366,407808.366,22606654.35549,0,2026-05-01,43.20987654320986,55.383,0.8226024171930605,-0.02796004426839079,0.0038077969174976634,0.003800565609902579
2026-05-02,55.36,55.67,55.0,55.33,483106.973,2026-05-02 23:59:59.999,26713797.17927,103938,244923.571,13544010.33357,0,2026-05-02,47.87234042553191,55.477,0.6861954608244715,-0.21422467560974,-0.0005419075144509344,-0.000542054399395811
2026-05-03,55.34,55.73,54.82,55.27,597779.567,2026-05-03 23:59:59.999,32978209.19846,127622,305730.362,16865149.03734,0,2026-05-03,62.500000000000064,55.511,0.6561201750749103,-0.36731075975904004,-0.0010844026748598745,-0.0010849910648467413
2026-05-04,55.27,56.4,54.85,54.92,1451379.256,2026-05-04 23:59:59.999,80465269.64096,230699,688821.928,38193330.75016,0,2026-05-04,49.2063492063492,55.544500000000006,0.6033282687971911,-1.0350915617546348,-0.006332549303419643,-0.006352684945401351
2026-05-05,54.93,56.58,54.71,56.3,1106390.443,2026-05-05 23:59:59.999,61529553.61475,194820,528827.396,29419106.72323,0,2026-05-05,57.333333333333314,55.602999999999994,0.6175767584368882,1.1286046478888518,0.025127458120903112,0.02481695424587438
2026-05-06,56.3,57.92,56.04,56.72,1375658.895,2026-05-06 23:59:59.999,78506685.64103,249947,678463.31,38729198.04526,0,2026-05-06,61.25000000000001,55.623000000000005,0.6477580769435701,1.693533495060626,0.00746003552397867,0.007432347078227345
2026-05-07,56.72,57.37,56.03,56.41,1131872.779,2026-05-07 23:59:59.999,64056923.91256,202305,540577.467,30586507.17518,0,2026-05-07,52.307692307692264,55.626,0.6514308138190894,1.2035046291465814,-0.005465444287729215,-0.005480434471987349
2026-05-08,56.4,58.96,56.01,58.28,1318933.411,2026-05-08 23:59:59.999,75742364.8618,218528,651237.385,37393235.6688,0,2026-05-08,63.150074294205076,55.7595,0.8810847082362658,2.8606784074660365,0.033150150682503154,0.0326125335751194
2026-05-09,58.28,59.1,57.59,57.97,1067559.544,2026-05-09 23:59:59.999,62257060.51264,173060,517708.039,30192645.55106,0,2026-05-09,64.88549618320606,55.9575,0.9116605727626702,2.2075101853986876,-0.005319148936170248,-0.005333345975362617
2026-05-10,57.96,60.55,57.62,60.38,1664110.62,2026-05-10 23:59:59.999,98178224.48534,270108,849238.852,50116928.98901,0,2026-05-10,73.68421052631577,56.227,1.317118465652059,3.153095266904486,0.04157322753148196,0.04073228892705139
2026-05-11,60.38,60.56,58.02,58.47,1552098.814,2026-05-11 23:59:59.999,91335875.98092,238645,735869.265,43308466.28741,0,2026-05-11,64.72361809045225,56.374,1.396881489127459,1.5004851995778334,-0.0316329910566413,-0.03214412209111364
2026-05-12,58.47,58.64,57.01,58.09,1331208.425,2026-05-12 23:59:59.999,76928553.7274,211190,654629.229,37838220.52089,0,2026-05-12,61.78781925343813,56.505500000000005,1.4297164790462709,1.1082616890986525,-0.006499059346673386,-0.006520270183137878
2026-05-13,58.08,58.94,56.23,56.96,1348351.64,2026-05-13 23:59:59.999,77562898.31399,224707,609207.581,35043581.77105,0,2026-05-13,57.653528872593945,56.544999999999995,1.4308720197041622,0.29003292697400634,-0.019452573592701028,-0.019644264900720854
2026-05-14,56.96,59.53,56.59,58.19,1451000.705,2026-05-14 23:59:59.999,84159170.44574,234841,705420.598,40918397.64981,0,2026-05-14,62.66666666666666,56.629,1.4772695296011777,1.05667921034114,0.02159410112359539,0.021364251564858116
2026-05-15,58.19,58.49,56.34,57.47,1227794.745,2026-05-15 23:59:59.999,70582039.34744,242944,591791.305,34018079.6783,0,2026-05-15,58.43325339728217,56.701499999999996,1.4813836881473887,0.5187717443825005,-0.012373260010311027,-0.012450446148928375
2026-05-16,57.46,57.67,55.47,56.1,1011756.607,2026-05-16 23:59:59.999,57099112.8667,182320,473399.205,26718257.48343,0,2026-05-16,52.77978339350182,56.69449999999999,1.4840076428848796,-0.4006044058130953,-0.023838524447537757,-0.024127259990999437
2026-05-17,56.1,56.48,53.67,54.52,1267673.148,2026-05-17 23:59:59.999,70018187.587,185606,577081.241,31893749.4441,0,2026-05-17,47.56018217306442,56.643499999999996,1.5421593712213997,-1.3769653381013194,-0.028163992869875143,-0.028568205700318684
2026-05-18,54.53,54.56,53.14,54.35,1534485.812,2026-05-18 23:59:59.999,82656099.76446,267921,743030.625,40020186.05285,0,2026-05-18,48.123765635286375,56.576499999999996,1.6132356338912455,-1.3801455616434093,-0.003118121790168793,-0.003122993261113463
2026-05-19,54.34,54.56,53.46,54.47,866333.577,2026-05-19 23:59:59.999,46899778.92686,156212,426801.046,23110327.67229,0,2026-05-19,43.43144292893037,56.5355,1.6574662812903223,-1.2461791973179854,0.002207911683532515,0.0022054778283645063
2026-05-20,54.48,54.54,53.26,53.94,1189955.417,2026-05-20 23:59:59.999,64259947.90247,203898,563089.506,30413161.46814,0,2026-05-20,40.0997150997151,56.475,1.7311465625367404,-1.4643474185601792,-0.009730126675234096,-0.009777773683999217
2026-05-21,53.93,54.66,53.27,54.13,1158339.096,2026-05-21 23:59:59.999,62536005.94014,196769,570764.9,30815137.30108,0,2026-05-21,41.810344827586235,56.4135,1.7935653260691369,-1.2731624361877154,0.0035224323322211593,0.0035162430973027918
2026-05-22,54.14,54.55,52.19,52.6,1443779.518,2026-05-22 23:59:59.999,77479775.67654,227708,672664.195,36123721.77022,0,2026-05-22,29.086892488954348,56.277,1.9750658882903052,-1.8617100430927678,-0.028265287271383777,-0.02867244106522242
2026-05-23,52.6,54.23,51.4,53.45,1261228.436,2026-05-23 23:59:59.999,66482359.78783,228187,611762.124,32255323.6131,0,2026-05-23,33.99433427762041,56.186,2.0638375088867686,-1.3256857617031061,0.01615969581749055,0.01603051772739011
2026-05-24,53.45,53.64,51.92,52.72,839904.979,2026-05-24 23:59:59.999,44510407.10083,155312,388292.954,20584561.17481,0,2026-05-24,19.212218649517695,56.076,2.1896584689070417,-1.5326591099273734,-0.013657623947614717,-0.013751747276802577
2026-05-25,52.73,53.14,52.42,52.71,810252.056,2026-05-25 23:59:59.999,42770715.59561,165106,389986.639,20586691.94328,0,2026-05-25,22.67552182163189,55.8965,2.3139491760632174,-1.3770829683568413,-0.00018968133535657294,-0.00018969932713623676
2026-05-26,52.71,53.08,51.58,51.89,1086937.096,2026-05-26 23:59:59.999,56848911.87164,196393,549012.169,28702869.26352,0,2026-05-26,21.766848816029153,55.65500000000001,2.470247164265443,-1.5241389827157537,-0.015556820337696786,-0.0156790974874672
2026-05-27,51.89,52.86,51.62,51.94,1023333.117,2026-05-27 23:59:59.999,53449816.42222,186212,496299.291,25921985.66013,0,2026-05-27,24.646464646464636,55.43149999999999,2.5972906429855596,-1.3442854419967996,0.0009635767970705977,0.0009631128549539916
2026-05-28,51.93,52.12,50.3,51.64,1370624.825,2026-05-28 23:59:59.999,70100755.25238,230286,644580.84,32968417.45729,0,2026-05-28,13.489409141583067,55.0995,2.6380764024555603,-1.3113721789027206,-0.005775895263765873,-0.005792640256160625
2026-05-29,51.64,52.32,51.11,51.87,833971.435,2026-05-29 23:59:59.999,43174723.5969,165135,394669.877,20435100.81933,0,2026-05-29,16.981132075471663,54.79449999999999,2.641360245649586,-1.1071946754770576,0.004453911696359336,0.004444022384866999
2026-05-30,51.87,52.76,51.8,52.43,718275.407,2026-05-30 23:59:59.999,37634172.32274,142829,357572.574,18731520.20255,0,2026-05-30,26.075619295958276,54.397000000000006,2.3372478191990154,-0.8415881207984633,0.010796221322537214,0.010738358221132692
2026-05-31,52.42,52.73,51.36,52.05,827245.019,2026-05-31 23:59:59.999,43106216.08039,142472,369676.863,19263068.48604,0,2026-05-31,30.91190108191651,54.076,2.1842749007473095,-0.9275389280474013,-0.007247758916650859,-0.007274151523463613
2026-06-01,52.05,52.25,50.07,50.76,1432741.052,2026-06-01 23:59:59.999,73091212.57683,243494,685869.177,34999710.5511,0,2026-06-01,26.350461133069814,53.709500000000006,2.088153238461612,-1.412492122547945,-0.02478386167146973,-0.02509615221479097
2026-06-02,50.76,50.82,46.26,46.87,2723972.996,2026-06-02 23:59:59.999,132286129.04455,379879,1244574.782,60425322.69665,0,2026-06-02,16.549295774647902,53.205,2.449166345800717,-2.586594418489313,-0.07663514578408193,-0.07973083091157213
2026-06-03,46.88,48.52,46.78,47.11,1836843.06,2026-06-03 23:59:59.999,87523654.41802,341491,864508.337,41189134.16412,0,2026-06-03,19.150858175248445,52.650999999999996,2.514488333414248,-2.203629233974715,0.0051205461915937445,0.0051074807773349605
2026-06-04,47.11,47.46,43.84,45.62,2645963.782,2026-06-04 23:59:59.999,121471843.89069,481921,1237871.267,56834545.0122,0,2026-06-04,15.602263540824566,52.0585,2.707897368406631,-2.3776750460038736,-0.031628104436425386,-0.032139075855707765
2026-06-05,45.61,45.82,41.95,43.29,3424256.933,2026-06-05 23:59:59.999,149698392.78749,602142,1643125.77,71805214.31227,0,2026-06-05,14.654517843583903,51.41799999999999,3.176140657088858,-2.559080619385994,-0.05107409031126697,-0.05242455540235276
2026-06-06,43.28,43.99,40.47,41.36,2443506.721,2026-06-06 23:59:59.999,102782272.24772,431421,1161161.409,48837206.08836,0,2026-06-06,7.578947368421041,50.76,3.801323869104444,-2.472822712213298,-0.04458304458304463,-0.04560743125371555
2026-06-07,41.36,43.44,41.06,42.79,2400515.664,2026-06-07 23:59:59.999,100881578.34651,407229,1149580.883,48330113.03141,0,2026-06-07,16.789297658862864,50.182,4.094298474699698,-1.8054374994100006,0.034574468085106336,0.03399020022855173
2026-06-08,42.8,43.79,42.01,43.01,1403120.543,2026-06-08 23:59:59.999,60180626.7907,287762,694974.166,29809740.63,0,2026-06-08,18.007915567282296,49.609,4.261124017752235,-1.5486524148341991,0.005141388174807249,0.005128216366919529
2026-06-09,43.02,43.47,41.78,43.0,1676242.347,2026-06-09 23:59:59.999,71398500.56631,272772,774213.272,32973876.36095,0,2026-06-09,19.02439024390243,49.062,4.376513392372078,-1.3851208614066146,-0.00023250406882113772,-0.00023253110208245695
2026-06-10,43.0,43.22,41.22,41.69,1705980.998,2026-06-10 23:59:59.999,72016013.93313,277974,805207.356,33981469.72457,0,2026-06-10,17.168481742472764,48.44,4.500570724034121,-1.4998097827800794,-0.03046511627906978,-0.030938823800856913
2026-06-11,41.7,43.16,41.68,42.43,1521445.858,2026-06-11 23:59:59.999,64602664.72826,215074,764838.199,32489279.19713,0,2026-06-11,21.308411214953267,47.9315,4.579649808484121,-1.2012927254411652,0.017750059966418874,0.01759436732152803
2026-06-12,42.44,43.51,42.14,43.05,1059205.65,2026-06-12 23:59:59.999,45395633.8483,192013,516386.198,22140778.50707,0,2026-06-12,23.175182481751833,47.411500000000004,4.5099763974094795,-0.967078231829604,0.01461230261607338,0.01450657165950617
2026-06-13,43.04,44.38,42.93,44.32,916375.794,2026-06-13 23:59:59.999,40026253.78701,148174,460095.643,20100065.83333,0,2026-06-13,26.355685131195344,46.9915,4.378818964771561,-0.6100960148142072,0.029500580720092984,0.02907381156528863
2026-06-14,44.32,45.42,43.69,45.37,1046469.007,2026-06-14 23:59:59.999,46386277.85745,170827,519144.794,23023716.44187,0,2026-06-14,31.257014590347936,46.6245,4.177264875732976,-0.3003161248614563,0.023691335740072095,0.023415051236844057
2026-06-15,45.36,46.28,44.75,45.72,1752324.74,2026-06-15 23:59:59.999,79961170.57115,263725,855717.76,39044665.35261,0,2026-06-15,35.07109004739337,46.315999999999995,3.991639156765277,-0.1493120937522268,0.0077143486885606904,0.007684745250737343
2026-06-16,45.72,46.34,44.45,45.67,1449088.416,2026-06-16 23:59:59.999,65872506.40108,219796,672933.612,30603704.0251,0,2026-06-16,45.39877300613499,46.0025,3.7665618483999057,-0.0882767928372787,-0.0010936132983376812,-0.0010942117297022826
2026-06-17,45.67,45.97,44.35,44.9,1136684.05,2026-06-17 23:59:59.999,51452005.56478,224803,524440.069,23743059.69278,0,2026-06-17,41.85703758290346,45.665499999999994,3.5296898253366065,-0.21687458045325397,-0.016860083205605503,-0.01700383244869906
2026-06-18,44.91,45.03,42.95,43.83,1075050.206,2026-06-18 23:59:59.999,47171800.11416,184234,517803.022,22729053.20395,0,2026-06-18,43.19391634980989,45.2635,3.2310716406937128,-0.44366085293368146,-0.023830734966592382,-0.024119280317490756
2026-06-19,43.83,44.56,43.16,44.02,880355.855,2026-06-19 23:59:59.999,38588220.54532,160889,433879.436,19021473.97317,0,2026-06-19,53.3151680290645,44.843,2.762605749332031,-0.2979071480608455,0.0043349304129591815,0.004325561667597824
2026-06-20,44.02,44.61,43.75,44.49,647153.631,2026-06-20 23:59:59.999,28562807.03663,124808,298355.122,13171197.3826,0,2026-06-20,66.38743455497382,44.465,2.180462288002287,0.011465458557828706,0.010676965015901763,0.010620368719634711
2026-06-21,44.5,46.05,44.36,44.44,1204057.255,2026-06-21 23:59:59.999,54276411.04376,170531,566505.71,25539433.39663,0,2026-06-21,60.09791921664625,44.148999999999994,1.6011571473321098,0.18174355995279776,-0.0011238480557429487,-0.001124480046521258
2026-06-22,44.44,45.81,44.25,44.51,913079.919,2026-06-22 23:59:59.999,41089496.80131,175425,448617.374,20184690.61326,0,2026-06-22,59.351620947630906,44.031,1.4718119873958544,0.32544917700223125,0.0015751575157516573,0.0015739182563337907
2026-06-23,44.51,44.65,41.77,42.14,1613768.307,2026-06-23 23:59:59.999,69221754.07098,235509,765935.815,32849564.55261,0,2026-06-23,45.857418111753375,43.7825,1.3380853367208367,-1.227500186217698,-0.05324646146933265,-0.054716474651719894
2026-06-24,42.14,42.39,39.29,41.16,2073964.635,2026-06-24 23:59:59.999,84928239.49851,288828,975884.771,39970822.96937,0,2026-06-24,47.363184079601986,43.5595,1.3865044080746374,-1.7306111585552457,-0.023255813953488413,-0.02353049741019416
2026-06-25,41.16,41.96,39.25,40.9,1667914.548,2026-06-25 23:59:59.999,68099209.75601,314921,827099.402,33779576.23961,0,2026-06-25,42.00626959247649,43.44,1.5085754869830519,-1.6837075916430655,-0.00631681243926141,-0.006336847917092787
2026-06-26,40.9,42.14,40.0,41.88,1533001.874,2026-06-26 23:59:59.999,63189127.13341,296581,757399.801,31231435.79644,0,2026-06-26,44.108761329305175,43.466,1.4749465645735145,-1.075293192373105,0.023960880195599055,0.023678322953580074
2026-06-27,41.88,43.28,41.67,42.14,1087862.487,2026-06-27 23:59:59.999,46274215.31641,185801,521487.325,22185746.33491,0,2026-06-27,37.78026905829598,43.433499999999995,1.4976131008795797,-0.8637077221348389,0.00620821394460358,0.0061890223737068204
2026-06-28,42.14,43.35,41.87,42.48,984545.289,2026-06-28 23:59:59.999,41983553.20167,178025,495359.231,21123142.35485,0,2026-06-28,32.399512789281374,43.407,1.5101380208548505,-0.6138511759840658,0.008068343616516316,0.00803596855764036
2026-06-29,42.48,43.41,42.08,43.16,1228208.595,2026-06-29 23:59:59.999,52495666.90486,236029,620406.961,26525029.26967,0,2026-06-29,35.011709601873534,43.415,1.508291120834868,-0.16906550497947317,0.016007532956685555,0.01588076345625057
2026-06-30,43.16,43.18,41.55,41.91,1010331.402,2026-06-30 23:59:59.999,42616487.27981,217175,493593.247,20818835.32785,0,2026-06-30,30.69815195071868,43.426,1.4957990295384782,-1.0135051367614272,-0.02896200185356812,-0.02938967845295377
2026-07-01,41.91,43.68,41.1,42.69,1401051.344,2026-07-01 23:59:59.999,59264649.79375,255525,683172.757,28920591.39778,0,2026-07-01,38.66666666666667,43.439,1.4877956141217235,-0.5034293641483495,0.018611309949892574,0.0184402388328905
2026-07-02,42.68,43.92,42.39,43.51,1223974.338,2026-07-02 23:59:59.999,52910797.81323,222069,632485.007,27349540.24086,0,2026-07-02,48.31578947368421,43.462,1.4850185183781914,0.03232282924822793,0.019208245490747178,0.019026095962717978
2026-07-03,43.51,45.33,43.07,44.8,1208702.262,2026-07-03 23:59:59.999,53055118.96874,200525,618056.125,27132614.44487,0,2026-07-03,53.67924528301883,43.486,1.503380051375411,0.8740304880311861,0.029648356699609302,0.02921734268835075
2026-07-04,44.8,45.69,43.92,44.82,1072608.226,2026-07-04 23:59:59.999,47948811.22248,187643,530619.92,23722462.79677,0,2026-07-04,51.62561576354679,43.4585,1.4718026004403577,0.9250561179825636,0.0004464285714287364,0.0004463289518416263
2026-07-05,44.83,46.14,43.97,45.78,1285280.222,2026-07-05 23:59:59.999,57887065.13622,208068,646857.872,29147068.68914,0,2026-07-05,56.05786618444848,43.4615,1.4767078426546456,1.570046513623225,0.021419009370816644,0.021192846151639744
2026-07-06,45.79,46.01,43.72,44.83,1448145.128,2026-07-06 23:59:59.999,64877702.7208,251189,702709.669,31483921.39394,0,2026-07-06,51.34003350083752,43.4195,1.4215020780220067,0.9922602448549939,-0.02075141983398865,-0.02096975635707252
2026-07-07,44.82,44.97,43.63,43.88,1055123.977,2026-07-07 23:59:59.999,46627379.03359,209509,522120.916,23076845.365,0,2026-07-07,58.26996197718633,43.3685,1.3833760191836664,0.36974762675287853,-0.021191166629489055,-0.021418922760318503
2026-07-08,43.89,44.05,43.13,43.65,1302665.477,2026-07-08 23:59:59.999,56759915.86721,215067,631953.69,27538088.85813,0,2026-07-08,62.74309109518936,43.3595,1.3807986818961442,0.21038548472618784,-0.005241567912488643,-0.005255353121418323
2026-07-09,43.65,44.31,43.4,43.77,842589.554,2026-07-09 23:59:59.999,37006794.48612,157867,417393.464,18333726.33962,0,2026-07-09,64.90134994807893,43.346999999999994,1.3756265557842207,0.30749624469037967,0.0027491408934710027,0.0027453689171929698
2026-07-10,43.76,44.87,43.55,44.74,834509.57,2026-07-10 23:59:59.999,37048092.36395,148072,411416.999,18262236.50955,0,2026-07-10,64.86486486486486,43.3595,1.3876427380083038,0.9948526102485493,0.022161297692483428,0.021919304859179572
2026-07-11,44.75,45.51,44.57,44.62,558233.413,2026-07-11 23:59:59.999,25138796.61826,122353,277300.546,12489704.61003,0,2026-07-11,63.08016877637128,43.3685,1.3955805243432324,0.8967594332035858,-0.0026821636119804815,-0.002685767057597246
2026-07-12,44.62,44.89,43.94,43.98,539342.215,2026-07-12 23:59:59.999,24002438.13164,118508,270515.224,12038696.12903,0,2026-07-12,57.66871165644171,43.342,1.3776815000992058,0.4630968768572825,-0.014343343792021512,-0.014447203877771327
2026-07-13,43.98,44.54,42.88,43.54,1044752.808,2026-07-13 23:59:59.999,45500201.2993,187426,491683.685,21418186.0234,0,2026-07-13,51.991614255765214,43.412,1.348654690278559,0.09490939446743202,-0.010004547521600626,-0.010054929320213643
2026-07-14,43.54,45.48,43.4,45.37,1131856.954,2026-07-14 23:59:59.999,50199989.17363,165168,589080.188,26139657.29222,0,2026-07-14,67.09486166007903,43.622499999999995,1.3065538238676007,1.3374879534829518,0.04203031694993098,0.04117103786947104
2026-07-15,45.37,46.07,44.6,45.14,1699059.998,2026-07-15 23:59:59.999,76968210.91595,229808,826493.397,37454955.71146,0,2026-07-15,62.800417972831774,43.8345,1.1793507357105455,1.106965010890889,-0.005069429138196968,-0.005082322286482818
2026-07-16,45.13,45.39,44.32,44.92,1003693.361,2026-07-16 23:59:59.999,45083438.28284,164835,475265.075,21349170.12039,0,2026-07-16,57.85953177257527,43.9865,1.1079296718750018,0.8425625052718337,-0.0048737261852015434,-0.004885641519147151
2026-07-17,44.92,45.89,44.05,45.13,1361216.839,2026-07-17 23:59:59.999,61109835.85054,243745,673013.615,30217376.10251,0,2026-07-17,52.091254752851746,44.136,1.0456345340862285,0.9506189472487615,0.004674977738201358,0.004664083968667499
2026-07-18,45.14,47.87,45.04,46.97,1582849.452,2026-07-18 23:59:59.999,73523536.62564,260181,827617.736,38443416.62574,0,2026-07-18,61.07106076210091,44.360499999999995,1.1483373564144588,2.2724158414107896,0.040771105694659804,0.03996188619999384
2026-07-19,46.97,47.86,46.67,47.05,1154786.766,2026-07-19 23:59:59.999,54457393.29196,222836,574230.294,27086635.64872,0,2026-07-19,57.19139297848242,44.555,1.2584556115502314,1.9825887993987534,0.0017032148179689788,0.0017017659924849738
2026-07-20,47.04,47.8,46.36,47.35,1641317.657,2026-07-20 23:59:59.999,77194179.38942,303135,784389.404,36893391.16248,0,2026-07-20,65.4034229828851,44.827000000000005,1.2444998995285455,2.027320372589653,0.006376195536663243,0.006355953600698727
2026-07-21,47.34,48.13,46.63,46.83,1242860.622,2026-07-21 23:59:59.999,59003556.88891,233294,615304.62,29213432.12587,0,2026-07-21,69.03225806451609,45.034,1.2142808137591004,1.4790647926323124,-0.010982048574445735,-0.011042796436636982
2026-07-22,46.84,47.62,46.29,47.12,1015316.701,2026-07-22 23:59:59.999,47497078.10787,190457,522233.186,24435871.35235,0,2026-07-22,72.21510883482713,45.2145,1.2437696308655861,1.5320361204461048,0.0061926115737773735,0.00617351614788076
2026-07-23,47.12,47.53,46.16,46.93,1069566.086,2026-07-23 23:59:59.999,50188922.88656,202820,510747.815,23968897.26075,0,2026-07-23,70.05076142131978,45.321000000000005,1.2964847208917092,1.2410481774851465,-0.0040322580645161255,-0.004040409537004974
2026-07-24,46.93,47.39,45.85,46.34,893415.981,2026-07-24 23:59:59.999,41540845.45756,189735,439802.779,20452462.28864,0,2026-07-24,60.666666666666686,45.397,1.3100506217340135,0.7198195125863367,-0.012571915619006946,-0.012651610802096053
2026-07-25,46.34,46.66,45.75,46.52,572895.981,2026-07-25 23:59:59.999,26449430.0064,119842,283227.088,13076889.87716,0,2026-07-25,62.56613756613762,45.434000000000005,1.3317080444737925,0.8154940600581245,0.0038843331894691246,0.003876808646233512
2026-07-26,46.52,48.24,46.45,47.82,1139074.403,2026-07-26 23:59:59.999,53961842.96195,206361,586850.985,27801477.05878,0,2026-07-26,73.35766423357671,45.5835,1.4249035978215077,1.5695798673112462,0.02794496990541706,0.027561634379715032
2026-07-27,47.81,47.84,45.9,46.02,1070347.599,2026-07-27 23:59:59.999,50126762.99924,210638,524133.768,24559777.17724,0,2026-07-27,62.943632567849725,45.6905,1.3695234476309717,0.24059463937618486,-0.03764115432873272,-0.03836787742295882
2026-07-28,46.02,46.67,45.84,46.19,739131.423,2026-07-28 23:59:59.999,34210166.5005,172148,360171.32,16673815.34681,0,2026-07-28,55.17676767676769,45.8175,1.2855384904596059,0.2897618412551918,0.003694046066927248,0.003687239835294025
2026-07-29,46.18,46.37,44.3,45.42,1252673.287,2026-07-29 23:59:59.999,56686960.62262,245772,597933.276,27062457.43433,0,2026-07-29,51.654846335697414,45.9,1.1971281424311075,-0.4009595823428067,-0.016670274951288033,-0.016810787765101483
2026-07-30,45.42,45.8,44.85,45.54,767844.474,2026-07-30 23:59:59.999,34832013.93397,171710,388083.576,17607171.09363,0,2026-07-30,53.708133971291865,45.94,1.1693723012258541,-0.34206385731958777,0.0026420079260236484,0.0026385239581810205
2026-07-31,45.54,45.88,44.15,44.28,893924.774,2026-07-31 23:59:59.999,40250683.46977,188802,421511.274,18986076.23319,0,2026-07-31,45.483528161530266,45.923,1.1918278752141194,-1.3785547679901557,-0.02766798418972327,-0.02805795279515738
2026-08-01,44.28,44.74,43.58,44.21,772659.484,2026-08-01 23:59:59.999,34123043.43986,170529,372827.316,16466193.04881,0,2026-08-01,31.93717277486907,45.9345,1.1730548288574691,-1.4700932621194065,-0.0015808491418247694,-0.0015821000022843096
2026-08-02,44.22,45.02,44.08,44.65,597985.42,2026-08-02 23:59:59.999,26711363.80593,130967,317504.535,14177759.98459,0,2026-08-02,34.99999999999997,45.99,1.0760502824929739,-1.2452949660451886,0.009952499434517037,0.009903299484356176
2026-08-03,44.65,44.76,43.99,44.25,713342.142,2026-08-03 23:59:59.999,31599139.25706,157423,344618.47,15267100.75051,0,2026-08-03,30.864197530864118,45.934000000000005,1.1374088742819355,-1.4805581687263878,-0.008958566629339249,-0.008998935868569473
2026-08-04,44.25,44.55,44.03,44.32,159841.582,2026-08-04 23:59:59.999,7083305.29272,38559,73313.455,3249369.2523,0,2026-08-04,33.59477124183002,45.893,1.1814625191420143,-1.331400678831795,0.0015819209039547033,0.0015806709850897476
