timestamp,open,high,low,close,volume,close_time,quote_volume,trades,taker_buy_base,taker_buy_quote,ignore,date,return,log_return,rsi
2023-11-09,43.12,48.88,41.36,45.29,12546941.33,2023-11-09 23:59:59.999,572434384.9024,827876,6280527.07,286653645.4282,0,2023-11-09,,,
2023-11-10,45.3,57.54,45.05,56.67,14708555.35,2023-11-10 23:59:59.999,748150174.9656,1162737,7517256.17,382653828.6191,0,2023-11-10,0.25126959593729303,0.2241587126134054,
2023-11-11,56.67,63.95,53.55,56.34,13790858.3,2023-11-11 23:59:59.999,802941068.374,1270979,6887287.32,401165617.5403,0,2023-11-11,-0.0058231868713605195,-0.005840207733301346,
2023-11-12,56.36,61.86,54.5,56.28,10246085.39,2023-11-12 23:59:59.999,593063677.35,937454,5027316.25,291266335.6801,0,2023-11-12,-0.0010649627263046302,-0.0010655302020382848,
2023-11-13,56.27,59.86,51.28,51.6,11066863.24,2023-11-13 23:59:59.999,619757525.5514,1105038,5340555.66,299484314.8875,0,2023-11-13,-0.08315565031982941,-0.08681755975867124,
2023-11-14,51.6,57.99,51.12,56.81,12213778.24,2023-11-14 23:59:59.999,669746384.3861,1083209,6111329.46,335358367.3587,0,2023-11-14,0.1009689922480621,0.09619069408151855,
2023-11-15,56.81,67.12,56.15,65.43,12800109.28,2023-11-15 23:59:59.999,793157487.201,1286609,6595560.4,408704501.5891,0,2023-11-15,0.15173384967435322,0.14126850231261195,
2023-11-16,65.43,68.2,56.31,57.8,13868327.04,2023-11-16 23:59:59.999,873421967.7829,1258736,6991648.73,440547347.7704,0,2023-11-16,-0.11661317438483887,-0.12399209320331572,
2023-11-17,57.81,60.57,54.1,58.51,11968303.78,2023-11-17 23:59:59.999,691077611.1932,992117,6097099.92,352274536.9034,0,2023-11-17,0.012283737024221475,0.01220890412181297,
2023-11-18,58.52,59.37,54.7,58.56,7374946.5,2023-11-18 23:59:59.999,423498344.4916,554041,3635563.05,208822766.5506,0,2023-11-18,0.0008545547769611694,0.0008541898529113509,
2023-11-19,58.56,62.1,56.61,61.1,7009650.09,2023-11-19 23:59:59.999,420647369.4472,552196,3518222.36,211134055.0813,0,2023-11-19,0.0433743169398908,0.04245999652449361,
2023-11-20,61.1,61.33,56.0,56.57,7127562.28,2023-11-20 23:59:59.999,419235822.3655,593999,3631917.25,213593660.1631,0,2023-11-20,-0.07414075286415711,-0.0770330568224853,
2023-11-21,56.57,57.4,51.23,51.65,10741088.9,2023-11-21 23:59:59.999,586407080.0082,810170,5316178.41,290277299.333,0,2023-11-21,-0.08697189322962706,-0.09098861378941683,
2023-11-22,51.65,58.94,51.43,57.56,7891464.65,2023-11-22 23:59:59.999,437326650.2853,471290,3969490.11,219823587.9697,0,2023-11-22,0.11442400774443384,0.10833768645351965,60.84497083259678
2023-11-23,57.55,59.63,56.14,56.51,4925635.15,2023-11-23 23:59:59.999,284148025.1951,383230,2415857.21,139426965.4176,0,2023-11-23,-0.01824183460736628,-0.018410268377415166,59.736202707393254
2023-11-24,56.52,58.79,56.2,56.86,3905651.92,2023-11-24 23:59:59.999,224921680.8743,319344,1935951.93,111531498.3986,0,2023-11-24,0.006193594054149765,0.006174492581101822,50.2039064176862
2023-11-25,56.86,59.82,55.7,58.82,4095129.28,2023-11-25 23:59:59.999,239441357.6541,314780,2050701.28,119999542.2014,0,2023-11-25,0.03447062961660219,0.03388982690299525,52.57154707590211
2023-11-26,58.81,59.04,56.12,57.57,3097837.47,2023-11-26 23:59:59.999,178464407.2827,250802,1529318.34,88157394.8786,0,2023-11-26,-0.021251275076504594,-0.021480334438130737,51.305403764420156
2023-11-27,57.57,58.09,53.47,55.06,4618869.6,2023-11-27 23:59:59.999,255149638.2161,357965,2288368.68,126352915.1457,0,2023-11-27,-0.04359909675178042,-0.04457809897325696,53.662150719729034
2023-11-28,55.06,58.65,53.94,58.18,5642915.95,2023-11-28 23:59:59.999,318405563.2279,367903,2971068.72,167670391.2083,0,2023-11-28,0.05666545586632754,0.05511815335259422,51.517165005537095
2023-11-29,58.18,61.78,57.72,59.31,7574392.84,2023-11-29 23:59:59.999,452934119.5893,484253,3841911.05,229719275.5609,0,2023-11-29,0.01942248195256102,0.019236272783579665,41.87466808284652
2023-11-30,59.31,61.7,58.75,59.3,4597104.01,2023-11-30 23:59:59.999,275587046.658,341750,2349326.86,140859819.9536,0,2023-11-30,-0.00016860563142817586,-0.0001686198469555516,52.49667110519308
2023-12-01,59.3,61.9,58.6,59.75,5422494.06,2023-12-01 23:59:59.999,328236649.1286,382246,2811553.17,170211621.0581,0,2023-12-01,0.007588532883642474,0.0075598848079402575,52.08193418401612
2023-12-02,59.74,63.9,59.67,63.66,4898503.76,2023-12-02 23:59:59.999,303922362.6854,364915,2606938.18,161751473.5448,0,2023-12-02,0.06543933054393292,0.06338723104232659,57.58026159334125
2023-12-03,63.66,65.53,62.22,62.98,4675198.65,2023-12-03 23:59:59.999,297939228.062,360268,2344824.97,149564908.5522,0,2023-12-03,-0.01068174677976752,-0.010739206181068186,52.95783511642543
2023-12-04,62.99,65.25,59.75,61.64,7696216.19,2023-12-04 23:59:59.999,480297269.4067,525683,3912969.25,244109861.2151,0,2023-12-04,-0.02127659574468077,-0.021506205220963505,58.86673662119622
2023-12-05,61.63,62.6,59.11,61.03,6032438.26,2023-12-05 23:59:59.999,365959805.8631,399777,3071781.57,186429667.7959,0,2023-12-05,-0.009896171317326452,-0.009945463895511457,69.31630971993411
2023-12-06,61.04,66.68,61.03,61.85,11121135.68,2023-12-06 23:59:59.999,708229617.1834,848401,5600956.9,356858114.9635,0,2023-12-06,0.013436015074553609,0.01334655228209343,61.17769671704012
2023-12-07,61.85,69.37,61.64,67.74,10648583.32,2023-12-07 23:59:59.999,693832168.8671,771637,5627627.52,367174122.643,0,2023-12-07,0.09523039611964412,0.09096474855112859,73.3666250520183
2023-12-08,67.74,75.3,67.74,74.94,11314830.348,2023-12-08 23:59:59.999,813635345.2478461,814049,5808220.128,417590274.328246,0,2023-12-08,0.10628875110717462,0.10101094597591577,79.27461139896374
2023-12-09,74.93,77.78,71.5,72.3,8809964.3,2023-12-09 23:59:59.999,661734151.0119,695172,4318994.61,324563872.1069,0,2023-12-09,-0.03522818254603688,-0.035863664200822355,71.35614702154626
2023-12-10,72.31,74.89,70.67,74.87,5886808.01,2023-12-10 23:59:59.999,429356414.6488,434901,3020247.96,220434257.6913,0,2023-12-10,0.035546334716459294,0.034929147077874936,76.30778588807786
2023-12-11,74.88,75.0,64.18,70.25,12970688.47,2023-12-11 23:59:59.999,901955694.2818,974088,6403375.41,445350194.0109,0,2023-12-11,-0.06170695872846277,-0.0636929680287388,71.70620177193483
2023-12-12,70.24,72.42,65.75,68.6,7763463.64,2023-12-12 23:59:59.999,541671172.2283,588718,3808248.75,265720193.2168,0,2023-12-12,-0.023487544483985823,-0.023767773482015666,65.54295942720762
2023-12-13,68.6,72.6,63.67,70.62,8271925.44,2023-12-13 23:59:59.999,559579173.0734,603343,4085054.22,276713408.5228,0,2023-12-13,0.029446064139941885,0.029020855768400997,66.43417611159546
2023-12-14,70.62,76.24,68.18,75.68,7493589.41,2023-12-14 23:59:59.999,543474285.6242,633186,3743096.26,271784050.44,0,2023-12-14,0.07165109034267925,0.0692005342433826,70.75519513431323
2023-12-15,75.68,79.5,72.13,72.51,8834567.44,2023-12-15 23:59:59.999,673033918.0997,786885,4658170.88,355055117.1252,0,2023-12-15,-0.041886892177589896,-0.04278944136012155,65.12565196775722
2023-12-16,72.51,77.22,71.18,73.72,5513079.61,2023-12-16 23:59:59.999,410808269.5864,466725,2849930.9,212362045.1254,0,2023-12-16,0.016687353468487043,0.016549649418121138,62.74062816616007
2023-12-17,73.71,75.05,70.36,70.87,5108641.26,2023-12-17 23:59:59.999,372478234.0344,422507,2505359.06,182721496.3352,0,2023-12-17,-0.03865979381443296,-0.039426919979457874,59.471788715486205
2023-12-18,70.85,75.46,67.0,74.42,7219822.33,2023-12-18 23:59:59.999,509564447.4618,611266,3748877.08,264906318.7018,0,2023-12-18,0.050091717228728516,0.04887751009631167,64.56908344733242
2023-12-19,74.41,76.37,71.78,73.0,6086806.16,2023-12-19 23:59:59.999,452723595.9081,527336,3163099.02,235320658.6769,0,2023-12-19,-0.019080892233270697,-0.019265281770085383,63.398253861652115
2023-12-20,73.0,84.14,72.96,82.21,10701294.29,2023-12-20 23:59:59.999,844729188.4502,949815,5495655.74,433777056.7134,0,2023-12-20,0.12616438356164372,0.11881750801565082,69.18582736524688
2023-12-21,82.22,95.54,81.03,93.84,12129644.35,2023-12-21 23:59:59.999,1071627249.9601,1243866,6121733.66,540602954.8003,0,2023-12-21,0.14146697482058146,0.132314255181178,72.1938775510204
2023-12-22,93.86,99.5,90.34,97.9,11975121.56,2023-12-22 23:59:59.999,1142233209.1915,1304087,5989875.58,571587438.2098,0,2023-12-22,0.043265132139812534,0.04235534519124476,70.62522457779374
2023-12-23,97.91,110.0,92.8,107.88,8336420.6,2023-12-23 23:59:59.999,834085981.572,993004,4206555.54,421616020.287,0,2023-12-23,0.10194075587334006,0.09707294873506445,78.23809523809523
2023-12-24,107.88,118.1,107.3,112.45,12261699.03,2023-12-24 23:59:59.999,1381818060.2829,1666365,6115059.48,689414206.2931,0,2023-12-24,0.04236188357434201,0.041489180133795614,78.9076923076923
2023-12-25,112.45,126.36,107.92,120.91,11114497.92,2023-12-25 23:59:59.999,1304701622.3238,1530670,5849533.45,687526675.1979,0,2023-12-25,0.075233437083148,0.07253778878083063,86.79546775130737
2023-12-26,120.91,121.36,102.09,112.49,12300095.38,2023-12-26 23:59:59.999,1381917663.7165,1600432,5982009.94,671999842.1955,0,2023-12-26,-0.06963857414605912,-0.07218213838142092,79.02393863245602
2023-12-27,112.48,115.3,104.58,106.91,8972638.9,2023-12-27 23:59:59.999,984653333.0384,1233525,4485827.58,492091907.853,0,2023-12-27,-0.04960440928082499,-0.050876969779326035,72.9190349880005
2023-12-28,106.92,109.66,97.14,101.8,10194201.02,2023-12-28 23:59:59.999,1043685011.5619,1255836,4926936.61,504735199.7254,0,2023-12-28,-0.04779721260873626,-0.048977254908986086,66.4857359252714
2023-12-29,101.8,110.0,99.0,106.17,9432538.67,2023-12-29 23:59:59.999,998024734.4306,1208220,4851388.56,513548060.9748,0,2023-12-29,0.04292730844793713,0.04203147890905933,70.92762994280031
2023-12-30,106.17,107.47,100.62,101.9,4178339.62,2023-12-30 23:59:59.999,432370368.8049,527519,2025406.37,209654507.8534,0,2023-12-30,-0.04021851747197891,-0.04104964279680258,66.87829420220413
2023-12-31,101.9,105.21,99.54,101.72,3821990.67,2023-12-31 23:59:59.999,393154901.3442,490129,1891118.52,194679367.5163,0,2023-12-31,-0.0017664376840039742,-0.0017679996747602916,69.08798416037618
2024-01-01,101.72,109.93,101.44,109.91,4403310.37,2024-01-01 23:59:59.999,464763783.1089,563530,2246699.81,237204677.8307,0,2024-01-01,0.080515139598899,0.07743790852689017,70.76653013458163
2024-01-02,109.93,116.95,106.02,106.73,7831366.05,2024-01-02 23:59:59.999,872701826.1161,1029366,4008477.7,446827198.4585,0,2024-01-02,-0.02893276316986615,-0.02935956815493531,69.33837862630432
2024-01-03,106.72,109.9,85.0,98.52,12221060.38,2024-01-03 23:59:59.999,1229680872.7649,1428502,6232536.62,627433827.0282,0,2024-01-03,-0.07692307692307698,-0.0800427076735365,59.45945945945946
2024-01-04,98.52,108.15,96.6,104.91,7235482.95,2024-01-04 23:59:59.999,737464117.3016,828177,3653791.9,372489031.1483,0,2024-01-04,0.06485992691839226,0.06284326649105705,56.83586513523527
2024-01-05,104.91,105.48,95.23,99.94,6703567.21,2024-01-05 23:59:59.999,670654588.264,792668,3291710.91,329377085.3062,0,2024-01-05,-0.04737393956724811,-0.04853283382733521,51.2457254518808
2024-01-06,99.93,100.3,91.53,93.77,5151478.03,2024-01-06 23:59:59.999,489617161.2686,613981,2480905.0,235955276.8468,0,2024-01-06,-0.06173704222533527,-0.06372503048452523,40.96323811963623
2024-01-07,93.77,96.8,87.68,89.44,5547334.15,2024-01-07 23:59:59.999,518106999.3883,610413,2580916.31,241282856.9552,0,2024-01-07,-0.046176815612669286,-0.04727696602474476,35.21778234613902
2024-01-08,89.44,99.97,85.16,97.88,9677497.13,2024-01-08 23:59:59.999,898941032.1847,1011344,4710092.51,438203479.6475,0,2024-01-08,0.09436493738819318,0.09017422916768186,35.20113096003084
2024-01-09,97.88,104.89,95.25,99.36,8574930.67,2024-01-09 23:59:59.999,856996851.9727,1264291,4321290.81,432338871.2131,0,2024-01-09,0.015120555782590861,0.015007379610697655,40.73655989840553
2024-01-10,99.36,105.52,91.68,102.0,8634280.07,2024-01-10 23:59:59.999,844272802.6054,1171099,4381449.74,428847765.9538,0,2024-01-10,0.02657004830917864,0.026223195099102346,46.38598557338437
2024-01-11,101.99,107.32,97.67,99.9,8986682.95,2024-01-11 23:59:59.999,917867725.4233,1293558,4538503.46,463763615.2873,0,2024-01-11,-0.020588235294117574,-0.020803127629763173,48.53666050523722
2024-01-12,99.89,100.49,87.0,92.12,6462190.24,2024-01-12 23:59:59.999,617727525.6966,875300,3043361.85,291130683.4635,0,2024-01-12,-0.07787787787787792,-0.08107761070202343,39.719010683447976
2024-01-13,92.14,97.05,89.51,95.85,4054010.92,2024-01-13 23:59:59.999,378014581.5299,483031,2011237.7,187619835.9601,0,2024-01-13,0.040490664350846695,0.03969239453916903,45.537689924767655
2024-01-14,95.85,102.87,93.62,93.81,5767904.66,2024-01-14 23:59:59.999,563898813.3397,756466,2891152.04,282743985.9701,0,2024-01-14,-0.021283255086071873,-0.021513009353793775,44.321608040201006
2024-01-15,93.81,96.96,92.97,94.36,3605978.31,2024-01-15 23:59:59.999,343222588.9155,434916,1739738.38,165668405.4798,0,2024-01-15,0.005862914401449704,0.005845794401614637,37.461699725850664
2024-01-16,94.35,98.73,94.16,97.61,3768288.08,2024-01-16 23:59:59.999,364626155.0271,443725,1892826.06,183226578.5683,0,2024-01-16,0.03444256040695204,0.03386269264739939,42.65463917525773
2024-01-17,97.6,102.8,96.5,102.1,6932306.54,2024-01-17 23:59:59.999,694509428.5928,890899,3613340.78,362073414.4295,0,2024-01-17,0.04599938530888226,0.04497277798374611,53.06716929403701
2024-01-18,102.1,103.59,91.41,94.4,6216673.0,2024-01-18 23:59:59.999,605242236.5343,714584,3072389.67,299429596.4267,0,2024-01-18,-0.07541625857002932,-0.0784116520191648,41.19322942852355
2024-01-19,94.39,95.47,87.04,93.62,6357442.75,2024-01-19 23:59:59.999,586831116.74,684705,3168213.54,292427897.8248,0,2024-01-19,-0.008262711864406747,-0.008297037279530455,44.30425378514781
2024-01-20,93.62,94.27,90.2,92.88,2799385.87,2024-01-20 23:59:59.999,258219863.8251,301796,1369328.96,126304723.0608,0,2024-01-20,-0.007904293954283381,-0.007935698482288568,49.11088911088911
2024-01-21,92.88,93.93,90.79,91.09,2013751.83,2024-01-21 23:59:59.999,186423090.0921,229723,969328.97,89740138.7021,0,2024-01-21,-0.01927217915589996,-0.019460308632917454,51.736476531256585
2024-01-22,91.08,91.9,82.06,83.84,7065444.82,2024-01-22 23:59:59.999,613926823.3588,708563,3395322.41,295056728.9826,0,2024-01-22,-0.07959161269074544,-0.08293780818398647,34.844559585492235
2024-01-23,83.84,86.0,79.0,84.35,8284305.33,2024-01-23 23:59:59.999,677658028.8172,830273,4120348.42,337302292.5491,0,2024-01-23,0.006083015267175362,0.006064588419245066,33.450937155457524
2024-01-24,84.36,89.47,83.3,88.77,6058894.15,2024-01-24 23:59:59.999,522038046.019,591745,3133569.06,270094314.5477,0,2024-01-24,0.052400711321873183,0.0510739460882507,35.96435391470399
2024-01-25,88.77,89.64,85.09,86.91,4002698.2,2024-01-25 23:59:59.999,350394786.4719,475624,2000334.88,175170645.3178,0,2024-01-25,-0.020953024670496756,-0.021175654630859218,36.14843250159946
2024-01-26,86.9,93.72,85.96,92.28,4693818.55,2024-01-26 23:59:59.999,425941268.207,560673,2402891.58,218010448.5773,0,2024-01-26,0.061788056610286635,0.05995433285618432,50.17985611510792
2024-01-27,92.29,94.5,90.68,94.28,2735837.45,2024-01-27 23:59:59.999,253216534.3118,302341,1423849.38,131819116.7793,0,2024-01-27,0.02167316861725177,0.021441644762377376,48.16374269005849
2024-01-28,94.27,99.44,93.31,95.98,5618408.23,2024-01-28 23:59:59.999,541703113.8627,648842,2919224.19,281536683.6933,0,2024-01-28,0.018031395842172282,0.01787075836216913,52.558358877623206
2024-01-29,95.99,101.98,95.06,101.68,5772519.82,2024-01-29 23:59:59.999,569954869.7252,634094,3007737.0,297076844.9659,0,2024-01-29,0.05938737236924352,0.057690790451099073,57.69554247266612
2024-01-30,101.67,106.49,100.95,101.4,6990527.25,2024-01-30 23:59:59.999,726848061.3678,743499,3556509.31,369911937.0212,0,2024-01-30,-0.0027537372147915518,-0.0027575357241158703,54.24983180085222
2024-01-31,101.4,102.73,95.9,96.96,8609956.87,2024-01-31 23:59:59.999,859420024.3337,914548,4288753.19,428288268.7705,0,2024-01-31,-0.043786982248520845,-0.04477456883607861,44.22990570273911
2024-02-01,96.96,98.11,93.11,97.81,6556006.07,2024-02-01 23:59:59.999,627562058.6994,652301,3228196.33,309093273.8401,0,2024-02-01,0.008766501650165015,0.00872829898139722,54.52374635181746
2024-02-02,97.81,102.57,97.39,100.58,5487861.84,2024-02-02 23:59:59.999,548625813.6662,580111,2751200.63,275124077.6304,0,2024-02-02,0.028320212657192423,0.027926609441417068,58.77016129032257
2024-02-03,100.57,101.24,96.53,97.96,2787373.11,2024-02-03 23:59:59.999,274762025.0328,292310,1382286.53,136281901.0636,0,2024-02-03,-0.026048916285543844,-0.02639419865985171,56.111645813282
2024-02-04,97.95,98.59,95.08,95.49,2914876.34,2024-02-04 23:59:59.999,282911440.8033,295763,1423038.52,138173035.8601,0,2024-02-04,-0.025214373213556573,-0.02553770212185586,55.20833333333332
2024-02-05,95.48,98.7,94.11,95.66,3891146.06,2024-02-05 23:59:59.999,375072768.1381,381857,1964214.86,189483103.3725,0,2024-02-05,0.0017802911299613644,0.0017787082900397946,66.80887372013649
2024-02-06,95.66,97.88,92.88,96.88,4279238.07,2024-02-06 23:59:59.999,408309176.2014,407235,2154937.56,205595782.4337,0,2024-02-06,0.012753501986201066,0.012672860992685917,67.46584889880121
2024-02-07,96.87,101.58,94.62,101.14,4577672.06,2024-02-07 23:59:59.999,446039059.9197,489245,2329138.14,227261096.6142,0,2024-02-07,0.043971924029727605,0.04303259640700026,67.32007840940912
2024-02-08,101.14,104.98,100.51,102.76,5082811.46,2024-02-08 23:59:59.999,521415121.7323,574488,2548368.44,261425100.1379,0,2024-02-08,0.016017401621514882,0.015890476589846006,72.34282492246967
2024-02-09,102.77,109.13,102.76,106.94,6686758.45,2024-02-09 23:59:59.999,705846559.5141,724146,3467051.74,366014739.0668,0,2024-02-09,0.04067730634488109,0.0398717572789025,71.38273045507583
2024-02-10,106.94,110.86,106.86,109.01,3939526.49,2024-02-10 23:59:59.999,429171975.2434,451222,2005802.9,218541100.5589,0,2024-02-10,0.01935664858799324,0.019171691619681634,71.44104803493448
2024-02-11,109.01,110.67,107.24,107.46,2755398.4,2024-02-11 23:59:59.999,300070898.8657,337007,1329304.41,144792952.7943,0,2024-02-11,-0.014218879001926532,-0.01432093583959186,66.78362573099412
2024-02-12,107.46,112.22,103.4,111.64,6169652.05,2024-02-12 23:59:59.999,665452212.1685,684788,3098042.67,334279630.3997,0,2024-02-12,0.038898194677089215,0.038160723367446074,65.23867809057525
2024-02-13,111.65,115.15,108.25,112.48,5622825.56,2024-02-13 23:59:59.999,631903077.7933,674183,2771345.37,311405826.2577,0,2024-02-13,0.007524184879971418,0.0074960193942334346,66.66666666666663
2024-02-14,112.49,118.69,110.61,116.97,4884824.42,2024-02-14 23:59:59.999,563977441.6739,593380,2535103.8,292809396.4494,0,2024-02-14,0.03991820768136556,0.03914206360026086,80.05407029137876
2024-02-15,116.97,118.39,111.51,113.5,4927735.5,2024-02-15 23:59:59.999,567749563.9749,658457,2277417.52,262353178.7495,0,2024-02-15,-0.02966572625459518,-0.03011465474115827,71.84628237259815
2024-02-16,113.5,114.25,107.94,110.33,3947132.77,2024-02-16 23:59:59.999,438070793.2023,521407,1907792.46,211814412.4089,0,2024-02-16,-0.027929515418502193,-0.02832696214924265,63.42605342880748
2024-02-17,110.32,111.08,105.0,108.92,2897705.67,2024-02-17 23:59:59.999,314210779.8993,388340,1328720.54,144136048.8546,0,2024-02-17,-0.012779842291307908,-0.012862206966655871,65.61253561253562
2024-02-18,108.92,114.04,107.51,112.24,3083833.73,2024-02-18 23:59:59.999,343205223.4657,414145,1589233.83,176806018.0816,0,2024-02-18,0.03048108703635699,0.03002576798864668,73.2962447844228
2024-02-19,112.25,114.87,110.75,111.53,3746704.95,2024-02-19 23:59:59.999,422129836.0457,514577,1822769.11,205431020.3446,0,2024-02-19,-0.00632573057733421,-0.006345822787759885,71.74568374897233
2024-02-20,111.53,112.11,103.0,108.31,5676734.13,2024-02-20 23:59:59.999,614703000.8099,732595,2793426.7,302432954.1955,0,2024-02-20,-0.028871155742849486,-0.029296127158799805,64.84801247077164
2024-02-21,108.32,108.4,100.23,105.03,4752688.01,2024-02-21 23:59:59.999,493622986.4706,638631,2247491.44,233441642.5679,0,2024-02-21,-0.030283445665220232,-0.030751462212961798,55.185283924286864
2024-02-22,105.04,107.1,101.53,101.76,3905642.33,2024-02-22 23:59:59.999,408028903.1197,532651,2017092.37,210745180.8383,0,2024-02-22,-0.031133961725221315,-0.03162892404287193,48.72318692543412
2024-02-23,101.75,103.1,98.64,99.9,3546853.99,2024-02-23 23:59:59.999,359325149.9384,441289,1746511.02,176969708.6294,0,2024-02-23,-0.01827830188679247,-0.018447413937304195,40.44516829533117
2024-02-24,99.91,104.85,98.48,104.01,2334116.02,2024-02-24 23:59:59.999,237972991.0225,300412,1238506.3,126296954.4945,0,2024-02-24,0.04114114114114109,0.04031736271053387,43.56995884773662
2024-02-25,104.02,104.43,102.0,103.47,1967184.81,2024-02-25 23:59:59.999,202983222.2078,285185,933488.17,96331564.6463,0,2024-02-25,-0.00519180847995393,-0.005205332748182605,44.73197781885398
2024-02-26,103.47,110.89,100.29,109.9,5392138.71,2024-02-26 23:59:59.999,570413289.4648,723403,2824015.44,298794797.9401,0,2024-02-26,0.06214361650720024,0.06028914579271653,47.831505483549364
2024-02-27,109.9,112.3,105.29,108.36,6198163.52,2024-02-27 23:59:59.999,679932921.2006,910828,3061442.24,335848421.7037,0,2024-02-27,-0.014012738853503293,-0.014111844192681426,44.95345418912297
2024-02-28,108.35,119.06,106.85,119.03,11832282.01,2024-02-28 23:59:59.999,1332835060.4958,1812047,6046391.03,681766965.7258,0,2024-02-28,0.098468069398302,0.09391654496289407,52.191489361702125
2024-02-29,119.03,134.65,117.15,125.68,13847087.32,2024-02-29 23:59:59.999,1758043857.4217,2407149,7077792.29,898386234.6854,0,2024-02-29,0.055868268503738605,0.05436343176757736,62.136309286568356
2024-03-01,125.68,137.8,125.61,129.43,8376631.09,2024-03-01 23:59:59.999,1112504025.3327,1579108,4210208.46,559323763.5717,0,2024-03-01,0.029837683004455773,0.029401200506981078,68.81402679275021
2024-03-02,129.43,131.69,127.2,130.02,4693251.94,2024-03-02 23:59:59.999,605833422.1776,935924,2356730.62,304358057.6053,0,2024-03-02,0.004558448582245189,0.00454809032197586,71.12535042050462
2024-03-03,130.03,132.11,124.17,130.16,5228370.86,2024-03-03 23:59:59.999,674383368.58,957739,2544717.28,328461274.0988,0,2024-03-03,0.0010767574219350262,0.0010761781344596146,69.16167664670658
2024-03-04,130.16,134.95,127.35,133.27,8053684.79,2024-03-04 23:59:59.999,1054037091.2205,1354011,3948899.12,517039170.4908,0,2024-03-04,0.023893669330055323,0.02361268268085325,72.11147274206672
2024-03-05,133.26,142.72,105.0,125.31,17035242.52,2024-03-05 23:59:59.999,2212988765.0951,2728801,8429665.84,1097205367.635,0,2024-03-05,-0.05972837097621375,-0.061586478414442,65.7699443413729
2024-03-06,125.31,134.95,120.0,130.79,9581617.48,2024-03-06 23:59:59.999,1233993440.9801,1528038,4775652.18,614998226.9146,0,2024-03-06,0.04373154576649907,0.042802316323867336,72.95900178253117
2024-03-07,130.8,149.3,130.52,143.82,10952975.3,2024-03-07 23:59:59.999,1553231320.4747,1976430,5566167.33,789450717.1603,0,2024-03-07,0.09962535362030733,0.09496953417328696,81.93136957181899
2024-03-08,143.82,152.64,142.0,144.79,8096745.65,2024-03-08 23:59:59.999,1186459433.4229,1440300,4090161.97,599571234.5992,0,2024-03-08,0.006744541788346492,0.00672189911898227,84.54671386793902
2024-03-09,144.79,149.15,143.54,144.29,3686876.81,2024-03-09 23:59:59.999,539026432.734,669430,1716521.03,250936918.2152,0,2024-03-09,-0.003453277160024859,-0.003459253484165936,82.82268578878745
2024-03-10,144.3,148.5,140.43,144.39,4489519.25,2024-03-10 23:59:59.999,651013489.9828,754488,2233245.72,323813363.0712,0,2024-03-10,0.0006930487213250291,0.000692808673963239,83.5850295469468
2024-03-11,144.39,150.2,136.49,148.83,7743384.35,2024-03-11 23:59:59.999,1126194337.6658,1296958,3991337.9,580052514.5587,0,2024-03-11,0.030750051942655565,0.030286742997939774,83.03071440692345
2024-03-12,148.83,155.0,141.5,151.05,8930538.0,2024-03-12 23:59:59.999,1337735992.299,1590998,4504142.03,675063357.222,0,2024-03-12,0.014916347510582462,0.014806192851613695,85.80775037745344
2024-03-13,151.06,166.73,148.71,163.9,7627285.95,2024-03-13 23:59:59.999,1188025236.9035,1411841,3999753.37,623238834.9529,0,2024-03-13,0.08507116848725582,0.08164557791710296,86.30846415277551
2024-03-14,163.9,178.5,159.2,176.65,10423585.86,2024-03-14 23:59:59.999,1755161226.801,2198598,5336105.12,899064359.0012,0,2024-03-14,0.07779133618059797,0.07491388805537026,87.53866548828987
2024-03-15,176.65,188.98,164.5,183.95,17484961.6,2024-03-15 23:59:59.999,3111253071.4139,3444279,8939610.38,1592456881.1184,0,2024-03-15,0.041324653269176226,0.04049360774562904,88.1578947368421
2024-03-16,183.95,197.95,176.78,182.05,13017058.01,2024-03-16 23:59:59.999,2445058679.4621,2909824,6537189.17,1228557596.0552,0,2024-03-16,-0.01032889372111978,-0.010382606929340826,85.75945017182131
2024-03-17,182.05,205.2,178.55,201.86,10524537.06,2024-03-17 23:59:59.999,2004364577.5184,2323291,5418701.75,1032568529.4045,0,2024-03-17,0.1088162592694315,0.10329301318927102,88.79030512876002
2024-03-18,201.85,210.18,193.8,195.92,11583736.08,2024-03-18 23:59:59.999,2344955653.1751,2540129,5989733.78,1213321252.4685,0,2024-03-18,-0.0294263350837215,-0.02986797516680125,82.88713910761155
2024-03-19,195.92,198.68,166.0,169.82,16935298.87,2024-03-19 23:59:59.999,3057454424.4943,3396222,8742850.22,1578045170.7016,0,2024-03-19,-0.13321763985300117,-0.14296736007269487,69.62695123026722
2024-03-20,169.82,193.19,162.45,191.77,12365784.68,2024-03-20 23:59:59.999,2168361320.8378,2660068,6335224.11,1112457581.7337,0,2024-03-20,0.12925450476975642,0.12155768471420704,73.47913137224704
2024-03-21,191.76,195.68,175.84,179.46,8064316.56,2024-03-21 23:59:59.999,1503728905.9272,1955883,4312582.73,804179185.2011,0,2024-03-21,-0.06419147937633629,-0.06634439541551264,63.79897785349234
2024-03-22,179.46,181.95,167.57,175.21,6152106.89,2024-03-22 23:59:59.999,1071851931.7356,1468995,3026578.42,527565197.1886,0,2024-03-22,-0.023682157583862717,-0.023967087370915522,61.48618033529679
2024-03-23,175.21,179.0,170.38,172.65,3504716.61,2024-03-23 23:59:59.999,614080772.8799,859128,1719499.98,301275268.4937,0,2024-03-23,-0.014611038182752112,-0.014718830662994795,60.54431885782273
2024-03-24,172.65,186.78,171.25,183.88,3578259.38,2024-03-24 23:59:59.999,633069986.073,800450,1818336.2,321879404.7243,0,2024-03-24,0.06504488850275125,0.06301694710202592,63.56019504154934
2024-03-25,183.87,194.6,180.92,188.99,5240091.85,2024-03-25 23:59:59.999,990571953.4972,1122467,2696879.57,509958660.5856,0,2024-03-25,0.027789862954100686,0.02741073266891904,63.72709871479354
2024-03-26,188.98,196.57,186.0,190.46,4465611.36,2024-03-26 23:59:59.999,855869951.7265,968440,2252721.6,431665419.8532,0,2024-03-26,0.007778189322186435,0.007748095158953927,63.54016354016354
2024-03-27,190.46,192.74,180.0,186.33,5173929.09,2024-03-27 23:59:59.999,963119325.2371,1098295,2584253.69,481343670.6555,0,2024-03-27,-0.02168434316916934,-0.02192290352657861,58.19750018273519
2024-03-28,186.34,190.93,180.92,189.63,3602194.14,2024-03-28 23:59:59.999,670716258.4836,749165,1821395.24,339252817.3251,0,2024-03-28,0.017710513604894507,0.01755550991299571,55.095791457286424
2024-03-29,189.64,193.0,183.39,192.01,3580115.76,2024-03-29 23:59:59.999,671638567.4255,728399,1814537.13,340476294.6782,0,2024-03-29,0.012550756736803281,0.012472648852508154,53.29140803658935
2024-03-30,192.02,200.0,190.71,194.2,3491334.38,2024-03-30 23:59:59.999,684129474.8723,758168,1781909.24,349261261.1277,0,2024-03-30,0.01140565595541898,0.01134110185239936,54.94989000244438
2024-03-31,194.19,203.17,193.69,202.45,2398135.45,2024-03-31 23:59:59.999,474008544.464,522989,1280799.57,253312915.5689,0,2024-03-31,0.042481977342945454,0.04160438662094563,50.26535935953944
2024-04-01,202.45,204.46,186.87,192.24,4599776.65,2024-04-01 23:59:59.999,898620905.5771,932165,2229760.37,435786472.2272,0,2024-04-01,-0.050432205482835224,-0.05174835104995661,48.40609840609841
2024-04-02,192.24,192.24,175.92,181.53,5766777.4,2024-04-02 23:59:59.999,1054470061.6503,1161554,2858035.42,522806902.2819,0,2024-04-02,-0.05571161048689144,-0.05732366212587374,55.8520739630185
2024-04-03,181.53,192.0,176.92,185.05,5010275.57,2024-04-03 23:59:59.999,936613348.8762,961764,2602010.63,486706405.0215,0,2024-04-03,0.019390734313887492,0.019205129529825175,45.88336192109777
2024-04-04,185.05,190.13,180.02,184.0,3773747.36,2024-04-04 23:59:59.999,698792503.645,728988,1864336.22,345450109.2977,0,2024-04-04,-0.005674142123750392,-0.005690301223179418,53.22626492325185
2024-04-05,184.0,185.07,167.84,174.37,5000847.22,2024-04-05 23:59:59.999,873276254.3407,1053497,2322875.18,405538380.7837,0,2024-04-05,-0.052336956521739086,-0.053756279279583215,49.445471349353056
2024-04-06,174.37,179.89,173.54,178.68,2641869.38,2024-04-06 23:59:59.999,467410701.0699,494775,1312171.54,232181955.829,0,2024-04-06,0.024717554625222293,0.02441701815451563,53.890824622531944
2024-04-07,178.69,182.71,176.85,179.52,2235798.23,2024-04-07 23:59:59.999,402864467.6964,460972,1110615.15,200129225.3895,0,2024-04-07,0.004701141705842904,0.004690125850413624,46.7511177347243
2024-04-08,179.51,184.68,175.25,180.68,3690701.97,2024-04-08 23:59:59.999,666300708.1333,659397,1913256.52,345486060.0518,0,2024-04-08,0.0064616755793225344,0.0064408884520718145,43.42042755344418
2024-04-09,180.68,180.9,169.11,172.42,3401885.89,2024-04-09 23:59:59.999,595711370.2435,638002,1687302.84,295513183.135,0,2024-04-09,-0.04571618330750504,-0.04679415000462452,37.103231341149545
2024-04-10,172.41,175.5,162.28,173.31,4653467.65,2024-04-10 23:59:59.999,789367464.6301,790630,2339048.64,396781541.375,0,2024-04-10,0.0051618141746898605,0.005148537679505055,40.239880059970005
2024-04-11,173.3,176.32,170.07,172.37,3761197.49,2024-04-11 23:59:59.999,651891318.369,649962,1916366.13,332244692.3693,0,2024-04-11,-0.0054238070509491365,-0.005438569294983824,36.58688218837427
2024-04-12,172.37,175.98,141.0,153.16,6842096.22,2024-04-12 23:59:59.999,1093302149.2422,1252007,3237774.21,517878184.3342,0,2024-04-12,-0.11144630736207006,-0.11816020255720636,26.06874461007763
2024-04-13,153.16,155.0,116.0,138.47,15444420.06,2024-04-13 23:59:59.999,2156725925.997,2344436,7404595.98,1032814397.236,0,2024-04-13,-0.09591277095847484,-0.10082943094247125,20.25194832924096
2024-04-14,138.47,152.84,130.45,151.25,12428370.68,2024-04-14 23:59:59.999,1742133326.178,1910814,6267060.95,879301806.7597,0,2024-04-14,0.09229435978912393,0.08828040124432822,23.930753564154813
2024-04-15,151.26,156.06,133.56,138.51,9332424.74,2024-04-15 23:59:59.999,1359049188.7721,1498623,4707825.45,686125031.902,0,2024-04-15,-0.08423140495867776,-0.08799157172394369,23.329693239352736
2024-04-16,138.51,140.57,126.4,136.22,9794711.9,2024-04-16 23:59:59.999,1308017674.4311,1530833,5036788.01,673071551.4138,0,2024-04-16,-0.016533102303082803,-0.016671299373834925,25.45769689091108
2024-04-17,136.21,142.77,126.87,131.84,9559485.27,2024-04-17 23:59:59.999,1287664513.08,1498645,4804193.51,647502610.8685,0,2024-04-17,-0.03215386874174131,-0.032682159652010746,21.444671031447896
2024-04-18,131.84,144.25,127.62,142.07,7805067.82,2024-04-18 23:59:59.999,1057713479.8153,1213277,3940768.89,534497873.8631,0,2024-04-18,0.07759405339805814,0.07473082772282405,29.516365412799217
2024-04-19,142.08,147.49,128.5,142.5,11145361.53,2024-04-19 23:59:59.999,1564359376.953,1717920,5553882.0,779761189.245,0,2024-04-19,0.0030266769902160817,0.0030221058247194843,32.893183038110564
2024-04-20,142.5,152.39,139.66,151.22,4855973.67,2024-04-20 23:59:59.999,705680673.9451,796179,2482978.78,361525875.7162,0,2024-04-20,0.061192982456140355,0.059393730421418614,35.926609266092655
2024-04-21,151.21,153.5,146.68,148.8,3646801.53,2024-04-21 23:59:59.999,546975842.8448,600110,1849078.61,277505219.9998,0,2024-04-21,-0.016003174183308988,-0.01613260773113224,34.50675811983055
2024-04-22,148.81,158.5,146.63,156.95,4967360.16,2024-04-22 23:59:59.999,760453706.3163,804446,2538192.64,388603965.8541,0,2024-04-22,0.05477150537634401,0.053324160888970996,38.820314708376515
2024-04-23,156.94,160.0,153.04,154.75,4102272.11,2024-04-23 23:59:59.999,641853097.1333,683700,1995499.95,312299705.2766,0,2024-04-23,-0.01401720293086961,-0.014116371723256981,41.17118017387829
2024-04-24,154.75,159.8,145.58,147.78,6491963.0,2024-04-24 23:59:59.999,1000742354.2504,1056785,3201516.61,493661732.5885,0,2024-04-24,-0.04504038772213248,-0.046086230204203944,37.97456429580781
2024-04-25,147.79,149.6,142.09,144.84,5417465.27,2024-04-25 23:59:59.999,792818208.0524,783470,2725440.8,399157214.569,0,2024-04-25,-0.019894437677628884,-0.02009499646306108,37.272306981044835
2024-04-26,144.83,146.19,138.74,139.23,3749353.51,2024-04-26 23:59:59.999,536537208.9817,616776,1873287.46,268157359.4408,0,2024-04-26,-0.03873239436619724,-0.03950244297624637,42.63352723426757
2024-04-27,139.23,143.04,132.88,141.31,3821061.91,2024-04-27 23:59:59.999,527111064.541,569425,1941664.04,268043582.019,0,2024-04-27,0.014939309056956285,0.01482881667346084,51.73297534781547
2024-04-28,141.31,144.82,137.03,137.99,2951913.56,2024-04-28 23:59:59.999,420263449.8182,438504,1514437.3,215712798.4927,0,2024-04-28,-0.02349444483759111,-0.023774839831191746,40.85264900662252
2024-04-29,137.99,138.93,133.38,137.77,4267883.497,2024-04-29 23:59:59.999,578946009.02877,616036,2127631.415,288669890.40778,0,2024-04-29,-0.0015943184288716994,-0.0015955907069554328,49.38292194796532
2024-04-30,137.79,139.77,121.21,126.77,6026555.488,2024-04-30 23:59:59.999,780739771.36254,989314,2987508.797,386735089.12854,0,2024-04-30,-0.07984321695579599,-0.08321120710587246,43.11926605504586
2024-05-01,126.76,135.97,118.47,134.64,7991325.271,2024-05-01 23:59:59.999,1008351786.04678,1235535,3938878.192,497179952.79072,0,2024-05-01,0.0620809339749151,0.06023012893191515,51.940133037694004
2024-05-02,134.64,140.9,128.19,137.58,5743465.621,2024-05-02 23:59:59.999,775239966.2423501,881829,2943514.875,397167316.9166,0,2024-05-02,0.0218360071301249,0.02160101621531763,46.53923231077542
2024-05-03,137.58,145.0,135.88,143.69,4524855.556,2024-05-03 23:59:59.999,636701248.97452,758139,2366846.222,333289355.4761,0,2024-05-03,0.044410524785579275,0.04345263514324716,50.8433734939759
2024-05-04,143.7,149.14,142.22,146.05,2808003.24,2024-05-04 23:59:59.999,409395252.13994,500318,1391174.629,202858273.57945,0,2024-05-04,0.016424246642076756,0.01629082759263478,45.9728929739835
2024-05-05,146.05,148.0,143.1,145.73,2131850.263,2024-05-05 23:59:59.999,310504070.39615,396560,1071042.349,156017239.58385,0,2024-05-05,-0.0021910304690175852,-0.0021934342881448177,47.52778225157028
2024-05-06,145.74,156.89,145.4,152.82,4787441.567,2024-05-06 23:59:59.999,729944626.53061,854076,2483641.386,378747053.97158,0,2024-05-06,0.04865161600219592,0.04750516367381544,46.61641815500574
2024-05-07,152.81,159.19,147.76,148.03,4486379.596,2024-05-07 23:59:59.999,692683918.35024,792273,2168235.516,334963759.90497,0,2024-05-07,-0.03134406491296948,-0.03184580229401987,44.71864193649796
2024-05-08,148.03,152.0,140.0,142.18,4533265.341,2024-05-08 23:59:59.999,661888498.59383,756740,2235967.245,326687343.96879,0,2024-05-08,-0.03951901641559141,-0.04032109542406368,45.52
2024-05-09,142.17,153.39,140.61,152.57,3912139.908,2024-05-09 23:59:59.999,571152033.41234,692980,2021207.018,295348770.4766,0,2024-05-09,0.07307638205092126,0.07052964662377363,55.52537526804859
2024-05-10,152.56,155.75,144.49,146.01,4124775.208,2024-05-10 23:59:59.999,618548257.76221,802880,2015043.159,302574173.47716,0,2024-05-10,-0.0429966572720718,-0.0439483946116381,54.78138222849083
2024-05-11,146.02,147.7,143.12,145.42,2017032.814,2024-05-11 23:59:59.999,292868240.91002,401566,978475.257,142069060.09327,0,2024-05-11,-0.0040408191219779566,-0.004049005291561865,52.9606684915718
2024-05-12,145.42,147.8,142.5,143.43,1422547.627,2024-05-12 23:59:59.999,206518187.5423,309808,701712.347,101909366.36553,0,2024-05-12,-0.013684500068766203,-0.013778995915788949,53.99529964747356
2024-05-13,143.42,150.88,137.78,147.54,4407929.923,2024-05-13 23:59:59.999,636617019.96036,766364,2207828.065,319261761.611,0,2024-05-13,0.028655093076762173,0.028252214150034496,56.78755036820897
2024-05-14,147.53,149.09,141.82,142.03,3389933.371,2024-05-14 23:59:59.999,491650914.90056,573013,1661272.783,240956768.40404,0,2024-05-14,-0.037345804527585735,-0.038061022563119516,61.4771359807461
2024-05-15,142.03,158.88,141.21,158.52,4885274.203,2024-05-15 23:59:59.999,734214270.26841,749405,2621799.984,394299721.32109,0,2024-05-15,0.11610223192283331,0.10984246542919768,65.89880159786952
2024-05-16,158.52,164.79,156.46,159.37,4200112.765,2024-05-16 23:59:59.999,675510074.16727,763259,2104140.951,338488293.36262,0,2024-05-16,0.005362099419631505,0.005347774549307929,64.92261334063826
2024-05-17,159.36,174.0,159.32,169.44,4097186.841,2024-05-17 23:59:59.999,682669638.66178,728905,2174941.229,362595129.48387,0,2024-05-17,0.06318629604065995,0.061270338981553915,66.72729634922698
2024-05-18,169.43,176.06,168.65,172.4,2874473.997,2024-05-18 23:59:59.999,496940232.56438,577304,1439363.473,248933881.95271,0,2024-05-18,0.01746931067044377,0.01731847637649635,66.98465901766147
2024-05-19,172.4,175.5,165.96,169.93,2696984.074,2024-05-19 23:59:59.999,460508285.32582,502213,1366743.734,233400153.02211,0,2024-05-19,-0.014327146171693728,-0.01443077068357859,65.17812343201206
2024-05-20,169.93,188.32,167.47,186.7,5690568.998,2024-05-20 23:59:59.999,1022051849.6692,1057452,2986607.02,536993614.54321,0,2024-05-20,0.09868769493320761,0.09411646300166264,68.94854586129755
2024-05-21,186.69,188.89,174.37,178.15,4727780.064,2024-05-21 23:59:59.999,854999395.0957699,877587,2268072.492,409997168.25251,0,2024-05-21,-0.04579539367969998,-0.0468771584958318,66.16573636753974
2024-05-22,178.15,185.0,174.96,176.95,4272900.127,2024-05-22 23:59:59.999,766148690.37294,850875,2219424.671,398102279.96942,0,2024-05-22,-0.006735896716250411,-0.006758685260372728,69.64184837871427
2024-05-23,176.96,181.04,165.35,176.16,5598921.63,2024-05-23 23:59:59.999,977277434.41105,1037830,2906972.606,507396382.66246,0,2024-05-23,-0.004464538005086172,-0.004474533817102543,64.94740843999494
2024-05-24,176.15,176.15,162.5,167.7,4819660.642,2024-05-24 23:59:59.999,810028558.3107101,856617,2592690.356,436172660.90261,0,2024-05-24,-0.048024523160763,-0.04921600414520672,63.42036876624181
2024-05-25,167.7,170.55,165.9,168.35,1911443.135,2024-05-25 23:59:59.999,321691312.78369,405433,913344.72,153729295.90633,0,2024-05-25,0.003875968992248069,0.003868476777920332,64.17707431680476
2024-05-26,168.35,168.4,161.0,163.41,3126117.989,2024-05-26 23:59:59.999,512894771.41766,537560,1562641.6,256365632.2785,0,2024-05-26,-0.02934362934362933,-0.029782765543390686,61.91839656406586
2024-05-27,163.42,172.28,163.26,170.15,3260017.055,2024-05-27 23:59:59.999,547344142.9486,591480,1688224.025,283304224.83869,0,2024-05-27,0.041245945780552074,0.04041802088322203,63.07692307692309
2024-05-28,170.15,173.24,164.92,168.68,3779251.343,2024-05-28 23:59:59.999,637522900.01295,714064,1882025.781,317686800.53986,0,2024-05-28,-0.008639435791948258,-0.0086769720685556,66.16915422885572
2024-05-29,168.68,173.93,167.0,168.32,2946277.294,2024-05-29 23:59:59.999,500443628.716,607907,1436219.213,244129340.62543,0,2024-05-29,-0.0021342186388428885,-0.002136499329014181,57.39287869643933
2024-05-30,168.32,173.0,163.55,166.88,3307767.047,2024-05-30 23:59:59.999,555770168.75021,592495,1611989.884,271024192.23503,0,2024-05-30,-0.008555133079847899,-0.008591938296882713,55.61537311200836
2024-05-31,166.88,170.94,163.67,165.65,2592736.388,2024-05-31 23:59:59.999,432816352.94655,476139,1258131.12,210094424.84781,0,2024-05-31,-0.007370565675934748,-0.007397862506557391,46.7344476994658
2024-06-01,165.65,167.95,165.64,166.14,1070498.928,2024-06-01 23:59:59.999,178824432.11781,214954,511531.916,85454713.6266,0,2024-06-01,0.0029580440688197207,0.0029536776650205335,44.36645068394526
2024-06-02,166.14,167.1,161.32,163.15,1669577.986,2024-06-02 23:59:59.999,274722936.49486,308808,853472.818,140434680.34189,0,2024-06-02,-0.017996870109546093,-0.018160783371595778,43.95506419400856
2024-06-03,163.14,167.21,161.79,164.89,2378016.532,2024-06-03 23:59:59.999,392561788.00562,409680,1220237.429,201507197.73255,0,2024-06-03,0.010665032178976297,0.010608561873547147,23.434835566382418
2024-06-04,164.9,171.87,164.31,171.78,2124954.015,2024-06-04 23:59:59.999,356126382.83239,384488,1139887.836,191094484.82293,0,2024-06-04,0.04178543271271762,0.04093600342520185,41.9141914191419
2024-06-05,171.78,175.6,170.0,173.54,2560223.589,2024-06-05 23:59:59.999,443704811.3612,435543,1255151.766,217608237.78634,0,2024-06-05,0.010245663057399046,0.010193532027265013,45.732165206508135
2024-06-06,173.55,174.4,167.51,170.15,2116238.234,2024-06-06 23:59:59.999,363765530.70853,360006,1034609.04,177964987.11729,0,2024-06-06,-0.019534401290768666,-0.019727719418428883,42.93772032902468
2024-06-07,170.15,172.85,152.92,162.5,3538852.091,2024-06-07 23:59:59.999,584574048.04206,665965,1649973.735,272718584.42987,0,2024-06-07,-0.044960329121363496,-0.04600239917712255,43.77096310493532
2024-06-08,162.51,163.78,157.37,157.83,1789882.65,2024-06-08 23:59:59.999,287653524.77527,338015,848013.145,136307543.21986,0,2024-06-08,-0.02873846153846149,-0.029159497358966575,38.50524475524476
2024-06-09,157.83,163.04,156.52,162.12,1444905.0,2024-06-09 23:59:59.999,231109362.89601,268602,722609.295,115568027.13828,0,2024-06-09,0.027181144269150304,0.026818297349282202,48.570161826645986
2024-06-10,162.12,163.18,157.46,159.05,1760276.954,2024-06-10 23:59:59.999,281863612.18113,349749,879124.822,140739984.30796,0,2024-06-10,-0.0189365901801134,-0.019118183564954584,36.60714285714285
2024-06-11,159.04,159.75,145.2,149.31,3646582.777,2024-06-11 23:59:59.999,554100633.37648,736163,1724844.878,262110280.77715,0,2024-06-11,-0.061238604212511816,-0.06319393665658064,30.516998591832603
2024-06-12,149.31,161.84,145.44,155.22,3851856.394,2024-06-12 23:59:59.999,598161585.14139,801266,1934368.629,300519079.06842,0,2024-06-12,0.03958207755676102,0.03881878388742018,38.146941730003604
2024-06-13,155.21,155.21,146.03,147.29,2573289.111,2024-06-13 23:59:59.999,385605225.31535,552143,1231600.985,184543542.52355,0,2024-06-13,-0.0510887772194305,-0.0524400329245411,34.13765182186232
2024-06-14,147.29,149.0,139.67,143.05,3183461.493,2024-06-14 23:59:59.999,460357684.10748,606662,1561425.613,225955519.82799,0,2024-06-14,-0.028786747233349064,-0.029209213005332302,32.55095738109942
2024-06-15,143.04,145.78,142.92,145.52,1346924.922,2024-06-15 23:59:59.999,194646238.58695,304623,697042.506,100741361.78585,0,2024-06-15,0.017266689968542526,0.017119314713747606,34.55199280791129
2024-06-16,145.52,151.35,143.08,151.3,1405879.427,2024-06-16 23:59:59.999,206570978.08947,299425,732084.226,107640393.52705,0,2024-06-16,0.03971962616822422,0.038951086584443344,41.47849848986049
2024-06-17,151.3,151.79,139.85,143.27,3412959.812,2024-06-17 23:59:59.999,494336447.73763,637261,1676851.339,242735749.83915,0,2024-06-17,-0.05307336417713149,-0.054533658889029286,35.742548140332374
2024-06-18,143.28,143.82,127.95,137.41,6557976.71,2024-06-18 23:59:59.999,888291180.97423,1134962,3200591.396,433492635.76737,0,2024-06-18,-0.04090179381587222,-0.041761804561598004,27.022329188394153
2024-06-19,137.41,141.9,134.47,135.62,3536777.468,2024-06-19 23:59:59.999,488039592.77287,614546,1772962.625,244574480.44278,0,2024-06-19,-0.013026708390946773,-0.013112300087986912,24.659182036888538
2024-06-20,135.62,141.29,131.9,133.55,3507680.508,2024-06-20 23:59:59.999,475840535.65983,659932,1751535.474,237617240.99995,0,2024-06-20,-0.015263235510986517,-0.015380917699726122,25.10204081632652
2024-06-21,133.55,135.38,128.76,134.6,3230074.027,2024-06-21 23:59:59.999,426673566.8023,631539,1664726.755,219970218.3492,0,2024-06-21,0.007862223886184738,0.007831477654657346,29.147982062780244
2024-06-22,134.61,136.74,133.0,133.69,1399215.891,2024-06-22 23:59:59.999,188365519.2827,334153,658312.928,88649791.60643,0,2024-06-22,-0.006760772659732517,-0.006783730215596228,30.883750395945484
2024-06-23,133.7,135.09,128.22,128.69,1492401.231,2024-06-23 23:59:59.999,197001384.22396,361092,721333.096,95160612.41686,0,2024-06-23,-0.037399955120053896,-0.03811727548945773,23.821456538762703
2024-06-24,128.68,132.66,122.0,132.33,5583497.777,2024-06-24 23:59:59.999,709427098.28488,1013696,2739795.016,348243335.54148,0,2024-06-24,0.02828502603154881,0.027892391279384688,29.26109903756597
2024-06-25,132.34,139.9,131.2,136.58,3963661.704,2024-06-25 23:59:59.999,541175887.65102,777729,1958903.116,267394209.33806,0,2024-06-25,0.03211667800196483,0.031611720747985184,39.19904972000679
2024-06-26,136.57,140.41,134.85,136.81,2503428.066,2024-06-26 23:59:59.999,343612682.12807,454579,1272673.324,174703489.18568,0,2024-06-26,0.0016839947283642243,0.0016825783990794068,32.713615023474176
2024-06-27,136.81,151.21,135.2,149.71,4450967.436,2024-06-27 23:59:59.999,646251166.23058,762694,2301440.916,334049218.75222,0,2024-06-27,0.09429135297127411,0.09010698752972261,52.07832360013743
2024-06-28,149.71,150.84,139.01,140.03,3339031.267,2024-06-28 23:59:59.999,481073901.27222,646751,1615427.124,232727750.04398,0,2024-06-28,-0.06465833945628219,-0.0668434040940596,47.62802387684573
2024-06-29,140.03,143.26,139.67,140.28,1468985.543,2024-06-29 23:59:59.999,208157309.84296,286106,787515.288,111612957.32782,0,2024-06-29,0.0017853317146325764,0.0017837399042916566,45.73567708333333
2024-06-30,140.28,147.62,137.09,146.61,2086670.189,2024-06-30 23:59:59.999,296853184.38976,461577,1062413.236,151185138.33404,0,2024-06-30,0.04512403763900785,0.044135574678195934,46.21713179545088
2024-07-01,146.61,149.36,145.87,146.67,2280252.836,2024-07-01 23:59:59.999,336552447.23335,506412,1159803.687,171193138.21093,0,2024-07-01,0.00040924902803340935,0.0004091653084905851,53.14698259903738
2024-07-02,146.68,155.0,146.14,154.03,2776061.292,2024-07-02 23:59:59.999,417015417.22148,650428,1426510.326,214261465.25519,0,2024-07-02,0.05018067771187029,0.04896222337770248,64.96757925072046
2024-07-03,154.03,154.5,139.01,140.84,4189341.933,2024-07-03 23:59:59.999,607418245.77144,942154,2064604.339,298831050.25893,0,2024-07-03,-0.08563266896059207,-0.08952289434951448,53.90017931858936
2024-07-04,140.84,142.75,127.2,127.86,5230812.158,2024-07-04 23:59:59.999,702763141.49909,1340234,2592441.166,348467920.92445,0,2024-07-04,-0.09216131780744108,-0.096688578948271,46.344597199023504
2024-07-05,127.85,136.58,121.0,134.32,7669471.231,2024-07-05 23:59:59.999,983389317.89722,1888690,3698006.239,474757729.14043,0,2024-07-05,0.05052401063663381,0.0492890974307046,49.83181162902451
2024-07-06,134.32,144.35,132.33,143.05,2873919.136,2024-07-06 23:59:59.999,398979042.90841,809402,1392969.496,193709015.08626,0,2024-07-06,0.06499404407385367,0.06296920672683406,55.13946848231935
2024-07-07,143.05,143.33,131.23,131.64,2590805.369,2024-07-07 23:59:59.999,357932288.7914,824773,1286895.532,177852756.23076,0,2024-07-07,-0.07976232086683,-0.0831232954209803,51.51328613932491
2024-07-08,131.64,142.0,127.77,139.81,5708358.008,2024-07-08 23:59:59.999,778233609.89992,1758085,2931965.258,400251614.89999,0,2024-07-08,0.06206320267395937,0.06021343392459412,53.666666666666664
2024-07-09,139.81,144.33,136.45,141.42,3363673.606,2024-07-09 23:59:59.999,474835006.13947,933893,1693600.922,239142540.06069,0,2024-07-09,0.011515628352764429,0.011449828176361485,52.43558776167471
2024-07-10,141.43,146.2,138.6,141.98,2700825.893,2024-07-10 23:59:59.999,384433518.86052,768227,1399114.633,199167070.10794,0,2024-07-10,0.003959835949653545,0.00395201643514512,52.593038419099194
2024-07-11,141.99,146.1,135.64,135.73,3363094.13,2024-07-11 23:59:59.999,472185792.21612,946184,1661832.419,233471098.99574,0,2024-07-11,-0.04402028454711937,-0.045018584301366155,42.48710232158211
2024-07-12,135.73,140.55,133.92,139.46,2929528.431,2024-07-12 23:59:59.999,400570824.13592,829615,1462385.392,200090907.47269,0,2024-07-12,0.027481028512488237,0.027110203482991136,49.67275232518086
2024-07-13,139.47,143.6,137.94,141.9,1357177.621,2024-07-13 23:59:59.999,190214241.6967,448463,688086.794,96464182.91858,0,2024-07-13,0.017496056216836253,0.017344762373132188,50.90725806451613
2024-07-14,141.89,148.56,141.87,147.66,2997466.757,2024-07-14 23:59:59.999,435942051.37289,768260,1481507.14,215481403.51509,0,2024-07-14,0.04059196617336136,0.03978974946502237,50.59181602975989
2024-07-15,147.66,159.95,147.0,159.38,3428848.522,2024-07-15 23:59:59.999,526088294.36737,1139996,1767224.799,271286005.78487,0,2024-07-15,0.07937152918867674,0.07637895433858262,56.33157317923682
2024-07-16,159.37,162.49,152.57,160.62,3988105.454,2024-07-16 23:59:59.999,629159430.00225,1421402,1950385.551,307883983.61939,0,2024-07-16,0.00778014807378602,0.0077500387907141624,53.49602122015916
2024-07-17,160.62,163.8,154.68,155.5,2840583.09,2024-07-17 23:59:59.999,453684708.7259,971401,1375671.257,219932578.33936,0,2024-07-17,-0.03187647864524967,-0.032395595141027335,58.50545370155488
2024-07-18,155.5,161.6,155.07,159.22,2584704.124,2024-07-18 23:59:59.999,409279722.45088,901379,1275987.182,202104612.09613,0,2024-07-18,0.023922829581993543,0.023641162041143284,70.38481539261569
2024-07-19,159.22,172.42,156.07,169.13,4685513.24,2024-07-19 23:59:59.999,774783060.7781901,1483093,2333396.452,385958237.17017,0,2024-07-19,0.062240924506971496,0.06038075632551852,71.65609058106257
2024-07-20,169.12,175.1,167.27,173.6,2047796.046,2024-07-20 23:59:59.999,350329363.85493,702512,1030797.935,176491052.03319,0,2024-07-20,0.026429373854431448,0.0260861522402991,70.06963605308104
2024-07-21,173.6,185.17,170.27,184.49,3684536.411,2024-07-21 23:59:59.999,651749302.14181,1188870,1821412.988,322196929.04962,0,2024-07-21,0.06273041474654395,0.06084145924342437,84.95832782114036
2024-07-22,184.49,185.0,176.71,178.9,3345609.525,2024-07-22 23:59:59.999,602525041.9877,1095481,1538093.132,277052151.13109,0,2024-07-22,-0.03029974524364465,-0.030768270955000534,76.77030543761128
2024-07-23,178.9,180.54,169.72,173.03,3895827.332,2024-07-23 23:59:59.999,682470078.60841,1371959,1826854.301,320266448.46875,0,2024-07-23,-0.032811626607043065,-0.0333620006461165,70.45425132651741
2024-07-24,173.03,182.5,170.9,178.06,3845177.713,2024-07-24 23:59:59.999,682705655.25175,1269686,1978311.038,351416013.81192,0,2024-07-24,0.029070103450268725,0.028655582276968107,72.06997797895767
2024-07-25,178.07,179.59,165.42,171.85,4859387.428,2024-07-25 23:59:59.999,829732654.80752,1699682,2349892.723,401482626.5864,0,2024-07-25,-0.03487588453330348,-0.03549856884968233,72.10526315789473
2024-07-26,171.86,185.01,171.69,183.06,3030603.246,2024-07-26 23:59:59.999,541455609.23512,1012900,1570554.997,280762432.24428,0,2024-07-26,0.06523130637183594,0.06319196466079043,74.44494281228974
2024-07-27,183.07,188.33,178.11,183.92,3518852.056,2024-07-27 23:59:59.999,647090166.85253,1221390,1755496.702,323037526.69142,0,2024-07-27,0.004697913252485364,0.004686912498292673,73.98401826484016
2024-07-28,183.92,186.77,181.16,184.9,1901473.957,2024-07-28 23:59:59.999,350662180.92843,748871,931213.739,171817362.28968,0,2024-07-28,0.005328403653762637,0.0053142579381531855,72.48249215165418
2024-07-29,184.91,193.98,181.57,182.57,4024560.314,2024-07-29 23:59:59.999,759977442.45996,1320755,1967220.547,371828230.26427,0,2024-07-29,-0.012601406165494877,-0.012681477267660285,65.79054882200734
2024-07-30,182.57,184.95,175.39,179.16,3074498.493,2024-07-30 23:59:59.999,555301399.55814,1162904,1430908.823,258553838.21855,0,2024-07-30,-0.018677767431670045,-0.018854399786319566,62.26190476190475
2024-07-31,179.16,185.1,171.61,171.71,3250862.527,2024-07-31 23:59:59.999,582939536.24755,1245080,1612652.296,289616268.19583,0,2024-07-31,-0.04158294262112072,-0.04247225401338802,60.40035929680483
2024-08-01,171.7,172.91,157.91,167.37,5523497.615,2024-08-01 23:59:59.999,917091024.1932701,1849971,2587951.664,429763487.34234,0,2024-08-01,-0.02527517325723605,-0.025600076800164583,55.18777848504137
2024-08-02,167.37,169.43,150.0,152.77,5553017.934,2024-08-02 23:59:59.999,880989082.65712,2396392,2668247.087,423266423.16637,0,2024-08-02,-0.08723188146023775,-0.09127340814791517,40.17299375300338
2024-08-03,152.78,154.05,140.0,142.52,5444954.693,2024-08-03 23:59:59.999,803132863.9915,1940755,2781021.19,410572234.55089,0,2024-08-03,-0.06709432480198996,-0.06945118163999618,32.54324870815549
2024-08-04,142.53,146.08,131.22,138.33,7037715.285,2024-08-04 23:59:59.999,979026258.03256,2391187,3596283.939,500464079.96059,0,2024-08-04,-0.029399382542800945,-0.029840205850911353,21.963070942662796
2024-08-05,138.32,139.37,110.0,129.78,24267557.819,2024-08-05 23:59:59.999,3003271600.88404,7092579,11769163.381,1457361212.77672,0,2024-08-05,-0.061808718282368336,-0.06380142569370156,21.200750469043157
2024-08-06,129.79,149.59,129.4,144.4,8362643.634,2024-08-06 23:59:59.999,1184669504.90055,3567599,4250033.721,601986157.72905,0,2024-08-06,0.11265218061334559,0.10674651726570339,34.77613527597575
2024-08-07,144.4,155.0,142.21,144.77,8372307.587,2024-08-07 23:59:59.999,1249654524.5767,3639741,4172450.538,622749862.20457,0,2024-08-07,0.002562326869806064,0.0025590497072263047,31.375181828354044
2024-08-08,144.78,163.7,141.4,163.13,7303133.96,2024-08-08 23:59:59.999,1137205545.63164,3235989,3683640.988,573962877.68697,0,2024-08-08,0.1268218553567726,0.11940115278225889,45.70527974783294
2024-08-09,163.12,163.54,150.72,156.28,4098735.233,2024-08-09 23:59:59.999,639908115.46544,1938541,2043792.161,319106023.63816,0,2024-08-09,-0.041991050082756054,-0.042898158761341405,36.21860848085632
2024-08-10,156.29,158.75,152.54,154.01,1885839.233,2024-08-10 23:59:59.999,291664636.47097,1077252,942708.494,145823311.91221,0,2024-08-10,-0.014525211159457485,-0.014631734816495781,34.82804098610126
2024-08-11,154.01,158.0,141.2,141.57,3468314.255,2024-08-11 23:59:59.999,517779240.96725,1395573,1610587.18,240857557.11696,0,2024-08-11,-0.08077397571586264,-0.08422324096396835,30.309915477597002
2024-08-12,141.56,150.79,141.2,146.29,4946945.239,2024-08-12 23:59:59.999,721770026.12754,1945549,2479169.027,361709645.50697,0,2024-08-12,0.0333403969767605,0.03279665858358878,33.864081124355096
2024-08-13,146.29,149.82,142.92,146.65,2865655.423,2024-08-13 23:59:59.999,418947930.81089,1243626,1444602.523,211242044.26493,0,2024-08-13,0.0024608654043338785,0.0024578424334653353,35.13760629057329
2024-08-14,146.65,152.18,142.36,143.71,3927148.647,2024-08-14 23:59:59.999,575678706.56274,1172123,1922550.915,281924516.04145,0,2024-08-14,-0.020047732696897413,-0.020251415337304575,36.64886515353806
2024-08-15,143.7,147.64,137.78,142.58,4229038.816,2024-08-15 23:59:59.999,603098548.3133,1687515,2061374.487,294187642.34294,0,2024-08-15,-0.007863057546447672,-0.007894134396673068,37.80619773733399
2024-08-16,142.58,144.88,136.1,139.04,4035320.605,2024-08-16 23:59:59.999,567440808.99247,1602737,1916579.929,269787025.47699,0,2024-08-16,-0.02482816664328813,-0.02514158417240065,42.42190087206093
2024-08-17,139.04,141.99,137.61,141.93,1561594.103,2024-08-17 23:59:59.999,218485355.29024,647642,801082.319,112103784.00412,0,2024-08-17,0.020785385500575515,0.020572316794084628,49.64556049501381
2024-08-18,141.92,147.31,140.56,142.42,2352046.743,2024-08-18 23:59:59.999,339317046.09327,908299,1147600.172,165548842.15258,0,2024-08-18,0.0034524061156906427,0.0034464602428121117,52.5713567207343
2024-08-19,142.42,146.19,140.33,144.29,2940357.953,2024-08-19 23:59:59.999,420454387.86405,1271189,1438681.93,205787278.08241,0,2024-08-19,0.013130178345738042,0.013044724755185755,59.95881949210707
2024-08-20,144.28,148.83,141.0,142.27,3021467.596,2024-08-20 23:59:59.999,437968467.22535,1009714,1488012.266,215808693.97621,0,2024-08-20,-0.013999584170767077,-0.014098502646088614,48.232365145228215
2024-08-21,142.27,144.42,138.7,142.79,2519581.859,2024-08-21 23:59:59.999,357577461.78616,1129613,1184233.12,168105801.40856,0,2024-08-21,0.003655022140999442,0.0036483587791281825,48.36092715231786
2024-08-22,142.78,144.88,140.63,143.22,1825402.718,2024-08-22 23:59:59.999,260990437.28999,1002758,888734.238,127103651.61771,0,2024-08-22,0.003011415365221648,0.0030068901365898452,26.559924652696026
2024-08-23,143.23,154.08,142.68,153.26,3781090.162,2024-08-23 23:59:59.999,557770796.32283,1357176,1977973.727,292299196.71055,0,2024-08-23,0.07010194106968304,0.06775391596346456,46.692947875602265
2024-08-24,153.27,162.3,151.97,160.67,3739086.949,2024-08-24 23:59:59.999,588656966.40684,1734854,1971467.951,310322997.8335,0,2024-08-24,0.04834921049197449,0.047216746512985526,56.55511811023622
2024-08-25,160.67,162.0,155.25,158.92,2629083.703,2024-08-25 23:59:59.999,416869258.12242,1494935,1271737.403,201784492.98367,0,2024-08-25,-0.01089189020974668,-0.010951641108845516,71.62802293692346
2024-08-26,158.92,162.0,155.53,157.12,3318398.041,2024-08-26 23:59:59.999,526697469.93657,1884429,1603779.673,254661633.49625,0,2024-08-26,-0.011326453561540273,-0.01139108634024231,64.56036568970157
2024-08-27,157.12,159.69,145.03,146.79,3650375.766,2024-08-27 23:59:59.999,559434487.43673,1731229,1723418.515,264221063.85309,0,2024-08-27,-0.06574592668024448,-0.06800685063701396,50.1484308736217
2024-08-28,146.78,149.3,140.53,143.95,4270867.034,2024-08-28 23:59:59.999,619453816.72578,2176364,2032785.143,294900081.05389,0,2024-08-28,-0.01934736698685202,-0.019536976910957064,50.254993625159344
2024-08-29,143.96,147.36,138.05,140.0,2921816.829,2024-08-29 23:59:59.999,418889238.56372,1240221,1441749.659,206808957.16436,0,2024-08-29,-0.027440083362278544,-0.027823594448880554,47.41379310344826
2024-08-30,140.01,141.11,132.04,137.99,4038797.169,2024-08-30 23:59:59.999,552772623.16571,1698401,1959794.057,268203728.87617,0,2024-08-30,-0.014357142857142846,-0.014461203845841226,48.91416752843849
2024-08-31,137.99,139.23,134.49,135.35,1230210.745,2024-08-31 23:59:59.999,168333087.14831,591531,621349.3,85020899.85194,0,2024-08-31,-0.01913182114645995,-0.019317202703152934,43.16008316008314
2024-09-01,135.35,136.15,127.66,128.5,2928444.741,2024-09-01 23:59:59.999,386814972.37561,1198069,1436426.034,189835665.89066,0,2024-09-01,-0.050609530845954875,-0.05193511172503564,37.219977965479245
2024-09-02,128.5,135.39,126.8,134.94,3146315.554,2024-09-02 23:59:59.999,411715340.55512,1260396,1605285.889,210238483.88918,0,2024-09-02,0.05011673151750973,0.048901330864004826,42.08029815348128
2024-09-03,134.95,138.13,127.15,127.54,2627381.925,2024-09-03 23:59:59.999,347419442.89269,1240227,1230668.397,162991522.26287,0,2024-09-03,-0.05483918778716457,-0.056400194312153644,38.565440149045166
2024-09-04,127.54,134.98,122.6,133.64,3814059.109,2024-09-04 23:59:59.999,493863453.34695,1556072,1890100.398,244864196.75787,0,2024-09-04,0.04782813235063488,0.04671957660143001,43.46335190741533
2024-09-05,133.64,135.58,127.85,129.41,2762037.052,2024-09-05 23:59:59.999,363814655.91648,1232457,1307987.446,172461704.34368,0,2024-09-05,-0.03165219994013757,-0.03216395865497694,40.64236346388399
2024-09-06,129.4,134.29,120.0,125.05,5494252.37,2024-09-06 23:59:59.999,698281647.27321,2536448,2519638.506,320867284.52729,0,2024-09-06,-0.03369136851866161,-0.03427200150995066,29.29085303186021
2024-09-07,125.05,129.5,124.13,127.71,2111596.965,2024-09-07 23:59:59.999,268366867.55258,805061,1091453.981,138736597.07503,0,2024-09-07,0.021271491403438647,0.021048411184542638,23.989898989898975
2024-09-08,127.72,131.7,126.61,130.15,1971919.866,2024-09-08 23:59:59.999,254464239.08089,796387,982486.203,126782487.44089,0,2024-09-08,0.019105786547647163,0.018925562932403855,27.540983606557376
2024-09-09,130.15,137.09,126.96,135.08,3664956.878,2024-09-09 23:59:59.999,481085523.61761,1522972,1858724.777,244054073.41437,0,2024-09-09,0.037879369957741105,0.037179564076792605,33.59630842512652
2024-09-10,135.07,138.0,132.5,135.63,2305171.22,2024-09-10 23:59:59.999,311229293.36815,1208968,1132208.12,152941068.93519,0,2024-09-10,0.004071661237784907,0.004063394457256417,40.278745644599304
2024-09-11,135.64,135.91,128.2,132.42,3139383.418,2024-09-11 23:59:59.999,414398406.21866,1674623,1554049.887,205191668.88021,0,2024-09-11,-0.023667330236673334,-0.023951900477923473,40.02077202700362
2024-09-12,132.43,136.78,132.38,136.05,2273359.309,2024-09-12 23:59:59.999,306779738.70621,1205435,1167799.11,157598837.30642,0,2024-09-12,0.027412777526053755,0.02704377573255555,46.56222802436902
2024-09-13,136.06,139.8,131.7,139.02,2714532.025,2024-09-13 23:59:59.999,368359528.65679,1086185,1342386.415,182300965.16705,0,2024-09-13,0.021830209481808138,0.021595342443084517,50.88169833932545
2024-09-14,139.02,139.8,135.6,137.14,1396833.298,2024-09-14 23:59:59.999,192268912.45152,573529,689635.346,94934406.88072,0,2024-09-14,-0.013523234067040923,-0.01361550581612167,51.55247181266261
2024-09-15,137.15,137.95,130.43,131.37,1850456.74,2024-09-15 23:59:59.999,248848021.94444,769118,858817.806,115525231.49275,0,2024-09-15,-0.042073793204024934,-0.04298453237480154,52.53668021919745
2024-09-16,131.38,132.4,128.91,131.47,2136388.305,2024-09-16 23:59:59.999,279606319.67364,1104570,1010353.698,132262932.41339,0,2024-09-16,0.0007612087995736427,0.0007609192270961293,46.54588891100935
2024-09-17,131.47,135.55,130.12,131.54,2339845.911,2024-09-17 23:59:59.999,310574750.11516,1168533,1147980.27,152406474.93575,0,2024-09-17,0.00053244086103299,0.0005322991646921247,54.66200466200465
2024-09-18,131.54,134.45,127.07,134.34,3309787.258,2024-09-18 23:59:59.999,430929910.80921,1494231,1712975.478,223099732.0572,0,2024-09-18,0.02128630074502058,0.021062911965513555,50.883838383838395
2024-09-19,134.34,144.04,134.27,142.89,4130435.35,2024-09-19 23:59:59.999,577699422.06203,1537605,2124830.123,297081703.04948,0,2024-09-19,0.06364448414470725,0.06170120364216006,65.34608378870672
2024-09-20,142.88,152.5,141.18,146.66,4488100.615,2024-09-20 23:59:59.999,664077947.16975,1794412,2179104.3,322332048.19212,0,2024-09-20,0.02638393169570996,0.026041879184774713,74.9365335795061
2024-09-21,146.67,150.25,144.61,149.41,1916733.216,2024-09-21 23:59:59.999,282626113.20776,706885,962477.357,142042353.76207,0,2024-09-21,0.01875085231146878,0.018577222197340072,74.98848456932288
2024-09-22,149.42,149.92,141.12,144.63,2165962.888,2024-09-22 23:59:59.999,314113730.48354,885013,1090232.097,158137538.7117,0,2024-09-22,-0.03199250384847063,-0.03251544777735283,65.8216783216783
2024-09-23,144.64,149.07,142.13,144.79,3226373.773,2024-09-23 23:59:59.999,467054364.81911,1211468,1598540.363,231508659.53893,0,2024-09-23,0.001106271174721618,0.0011056597076896262,61.84435228104413
2024-09-24,144.79,154.0,143.09,152.73,4015502.931,2024-09-24 23:59:59.999,592206584.36052,1369350,2040122.248,301146420.67117,0,2024-09-24,0.05483804130119485,0.05338723978902404,67.67259198015708
2024-09-25,152.74,153.93,147.28,147.98,2728253.346,2024-09-25 23:59:59.999,411459401.65579,1011746,1279496.186,193068253.86161,0,2024-09-25,-0.031100635107706442,-0.03159452708494948,65.5849358974359
2024-09-26,147.97,158.05,146.57,155.55,4251220.763,2024-09-26 23:59:59.999,653415043.08504,1235687,2135764.305,328183895.68754,0,2024-09-26,0.05115556156237355,0.04989009384624139,68.10248793167472
2024-09-27,155.54,161.43,153.89,157.64,3725660.998,2024-09-27 23:59:59.999,588310567.9394,1260105,1935507.025,305737341.7111,0,2024-09-27,0.013436194149790914,0.013346728983156763,67.57266893167231
2024-09-28,157.63,159.43,155.0,156.75,1580834.341,2024-09-28 23:59:59.999,248277861.32032,704766,772024.718,121279172.40944,0,2024-09-28,-0.005645775183963364,-0.005661772813772763,68.85939603769958
2024-09-29,156.75,161.78,155.09,158.46,2350658.476,2024-09-29 23:59:59.999,371044350.37015,1021753,1216206.761,192036083.02901,0,2024-09-29,0.01090909090909098,0.010850016024065844,78.25996244523265
2024-09-30,158.47,159.77,151.73,152.49,3240682.206,2024-09-30 23:59:59.999,505193825.22015,1706379,1548914.761,241513856.92209,0,2024-09-30,-0.0376751230594472,-0.038403175410175044,69.53531598513013
2024-10-01,152.51,157.34,142.29,145.13,4991241.419,2024-10-01 23:59:59.999,745512858.98242,2123355,2320601.492,346606479.09385,0,2024-10-01,-0.04826546003016596,-0.049469127644649405,61.122933376984776
2024-10-02,145.12,148.96,138.61,140.18,3817606.119,2024-10-02 23:59:59.999,550570685.31102,2440923,1891713.613,272948416.93148,0,2024-10-02,-0.03410735202921511,-0.0347025814100927,54.61733080328906
2024-10-03,140.18,142.96,133.11,136.82,3742347.845,2024-10-03 23:59:59.999,514812941.95153,2544894,1896545.964,261033915.44812,0,2024-10-03,-0.02396918247966906,-0.024261117739326817,44.77174849267873
2024-10-04,136.81,144.55,135.95,143.24,3120151.953,2024-10-04 23:59:59.999,439091983.66735,1282445,1658618.522,233395715.99779,0,2024-10-04,0.04692296447887756,0.0458553517973802,47.18286655683691
2024-10-05,143.24,144.93,141.06,142.59,1475217.816,2024-10-05 23:59:59.999,211080413.77507,714484,724365.737,103688789.39981,0,2024-10-05,-0.004537838592571952,-0.004548165836204241,44.18088737201366
2024-10-06,142.59,146.75,142.0,146.48,1409071.4,2024-10-06 23:59:59.999,203954747.24911,763554,712534.233,103158289.34271,0,2024-10-06,0.027281015498983097,0.026915521072227513,51.602841795182805
2024-10-07,146.47,152.4,143.5,143.96,3607754.951,2024-10-07 23:59:59.999,535056906.3955,1768564,1708409.4,253495941.81261,0,2024-10-07,-0.017203713817585897,-0.017353417155425196,49.30913933743967
2024-10-08,143.97,145.6,141.17,143.49,2153828.153,2024-10-08 23:59:59.999,309326890.82457,1304792,1054118.661,151478839.87931,0,2024-10-08,-0.0032647957766046565,-0.0032701368505147796,41.21673003802283
2024-10-09,143.5,145.34,138.66,139.33,2071518.061,2024-10-09 23:59:59.999,293977143.09486,1265373,995996.974,141416184.88204,0,2024-10-09,-0.028991567356610237,-0.029420126234814863,41.68429148240725
2024-10-10,139.33,140.92,135.52,139.03,2289782.907,2024-10-10 23:59:59.999,316766669.27985,1253504,1120811.699,155118449.18574,0,2024-10-10,-0.002153161558889005,-0.0021554829440484564,31.537773804202033
2024-10-11,139.04,146.62,138.68,145.53,2269088.918,2024-10-11 23:59:59.999,325024798.54017,1028243,1162229.438,166462830.76476,0,2024-10-11,0.04675249946054816,0.04569251374378298,37.680569684638876
2024-10-12,145.52,147.32,144.71,146.4,1347679.548,2024-10-12 23:59:59.999,197164215.71221,587595,658168.573,96316133.82197,0,2024-10-12,0.005978148835291686,0.005960350601976317,39.46672094443315
2024-10-13,146.39,148.86,144.45,147.74,1599054.833,2024-10-13 23:59:59.999,234391884.38395,827089,804325.38,117966402.94362,0,2024-10-13,0.009153005464480835,0.009111370573380479,39.00738310090238
2024-10-14,147.74,158.1,146.8,157.59,3987055.145,2024-10-14 23:59:59.999,612698964.45627,1744075,2100064.662,322742334.57426,0,2024-10-14,0.06667117909841602,0.06454275153338805,54.844224924012146
2024-10-15,157.59,159.73,150.3,154.76,4480025.111,2024-10-15 23:59:59.999,692975854.02436,2210459,2204035.095,341126355.9148,0,2024-10-15,-0.01795799225839212,-0.018121193801667743,60.008314279775504
2024-10-16,154.76,158.41,153.0,154.28,2851816.35,2024-10-16 23:59:59.999,442239613.5375,1710126,1391657.729,215888704.76498,0,2024-10-16,-0.0031015766347892715,-0.0031063964922850907,66.15490375802014
2024-10-17,154.28,155.73,147.66,150.5,2664809.948,2024-10-17 23:59:59.999,404740607.93776,1329012,1303117.08,197909054.66135,0,2024-10-17,-0.024500907441016295,-0.024806049151096583,65.52428506581934
2024-10-18,150.5,156.65,149.56,154.94,1829394.118,2024-10-18 23:59:59.999,281306391.09424,1063679,943353.134,145077143.72601,0,2024-10-18,0.029501661129568202,0.029074861014826137,63.90209125475285
2024-10-19,154.93,159.85,153.45,159.79,1724504.166,2024-10-19 23:59:59.999,269205539.47737,678270,886922.624,138501608.52301,0,2024-10-19,0.031302439654059544,0.030822507947540594,68.58254105445116
2024-10-20,159.79,167.94,157.58,167.4,3094698.825,2024-10-20 23:59:59.999,499091756.88122,1326223,1622031.676,261873779.14963,0,2024-10-20,0.04762500782276757,0.04652570490407798,70.92000000000002
2024-10-21,167.4,171.76,160.99,166.17,4807758.742,2024-10-21 23:59:59.999,802248688.37832,2074468,2411048.604,402494472.335,0,2024-10-21,-0.007347670250896221,-0.007374797342252887,72.7981933894477
2024-10-22,166.16,170.99,162.99,167.59,4115685.502,2024-10-22 23:59:59.999,688160680.55922,1526765,2110350.662,352957914.86517,0,2024-10-22,0.008545465487151738,0.008509159683659855,74.26500201369308
2024-10-23,167.6,174.3,164.13,170.85,4509792.292,2024-10-23 23:59:59.999,757152123.9822099,2198916,2295806.789,385823153.59896,0,2024-10-23,0.019452234620203956,0.019265458164518676,82.32157506152579
2024-10-24,170.86,179.3,170.5,177.19,3893052.12,2024-10-24 23:59:59.999,680676981.90358,1905295,2088151.854,365234274.52438,0,2024-10-24,0.03710857477319296,0.03643662460867724,84.81751824817515
2024-10-25,177.19,177.6,159.12,164.9,5718307.066,2024-10-25 23:59:59.999,975203392.12616,2802265,2655827.209,453382227.37534,0,2024-10-25,-0.06936057339578983,-0.07188337360442476,65.98448588876052
2024-10-26,164.91,173.25,162.43,170.88,3010702.796,2024-10-26 23:59:59.999,505678400.81293,1497920,1642701.619,276044366.21096,0,2024-10-26,0.03626440266828368,0.03562232620627667,68.63013698630135
2024-10-27,170.87,178.27,170.26,176.63,2606131.771,2024-10-27 23:59:59.999,456430957.53051,1472999,1361175.888,238376056.55902,0,2024-10-27,0.033649344569288475,0.03309559339552217,70.60333761232347
2024-10-28,176.63,179.8,172.45,178.29,3877330.221,2024-10-28 23:59:59.999,682720697.43,2015079,1912481.688,336903342.37208,0,2024-10-28,0.009398176980127904,0.009354288879326792,66.71511627906975
2024-10-29,178.28,183.38,176.41,179.42,4046109.939,2024-10-29 23:59:59.999,729686178.77882,2186480,2112665.61,381174432.25332,0,2024-10-29,0.0063379886701440125,0.0063179880844584,70.47492527399535
2024-10-30,179.43,181.36,173.01,174.87,2893112.751,2024-10-30 23:59:59.999,510367902.92025,1693721,1334986.169,235674260.08567,0,2024-10-30,-0.025359491695463032,-0.025686585405569246,66.01337688598538
2024-10-31,174.87,176.56,167.56,168.69,2661529.298,2024-10-31 23:59:59.999,458128321.23974,1555163,1237625.204,213029931.42414,0,2024-10-31,-0.03534053868588094,-0.03598012975334807,63.637726795621525
2024-11-01,168.69,174.0,163.43,166.1,3325662.447,2024-11-01 23:59:59.999,557854086.52407,2057625,1640877.84,275304311.27734,0,2024-11-01,-0.015353607208488995,-0.01547269435297089,58.60579888957433
2024-11-02,166.11,168.61,162.11,166.17,1603273.603,2024-11-02 23:59:59.999,264909940.27946,985042,756762.305,125181814.03891,0,2024-11-02,0.0004214328717639937,0.00042134409387303064,55.31135531135531
2024-11-03,166.16,166.61,157.82,162.53,2745309.829,2024-11-03 23:59:59.999,443630725.97122,1259979,1290394.65,208509927.88514,0,2024-11-03,-0.02190527772762829,-0.022148760598037623,45.65876270279907
2024-11-04,162.52,165.04,155.11,157.95,3019251.325,2024-11-04 23:59:59.999,486901138.20844,1767941,1384419.972,223155139.74783,0,2024-11-04,-0.028179413031440448,-0.02858407286699046,43.085464333781964
2024-11-05,157.95,169.3,156.86,166.62,3438156.871,2024-11-05 23:59:59.999,563101491.3414,1606290,1769456.364,289945539.78902,0,2024-11-05,0.054890788224121634,0.05343724329866906,49.272754535912426
2024-11-06,166.63,190.01,166.4,186.59,10385235.992,2024-11-06 23:59:59.999,1909187913.25849,3093254,5386859.67,990267376.12406,0,2024-11-06,0.11985355899651906,0.11319792586239448,59.43645083932854
2024-11-07,186.59,197.84,185.84,196.35,4210329.82,2024-11-07 23:59:59.999,805298768.5259101,2196009,2119936.266,405573003.77894,0,2024-11-07,0.05230719759901392,0.05098508461486104,61.03432388850496
2024-11-08,196.36,205.0,195.64,199.85,5129244.188,2024-11-08 23:59:59.999,1026696176.73963,2638632,2660771.093,532771925.17719,0,2024-11-08,0.017825311942959,0.017668304133313897,72.39523260284506
2024-11-09,199.86,203.45,194.86,199.89,2833304.996,2024-11-09 23:59:59.999,565544974.68205,1495027,1380679.206,275722585.34756,0,2024-11-09,0.0002001501125843408,0.00020013008522283156,70.12068248023304
2024-11-10,199.89,215.27,198.68,210.07,7968628.23,2024-11-10 23:59:59.999,1650287820.01631,3972272,4075874.412,844256110.3478,0,2024-11-10,0.050928010405723256,0.0496735932650337,71.8504966021955
2024-11-11,210.07,224.0,204.16,222.13,8935306.968,2024-11-11 23:59:59.999,1923338631.62358,4568795,4678282.532,1006642368.10271,0,2024-11-11,0.057409434950254745,0.055821987561942114,75.2185918085596
2024-11-12,222.12,225.21,204.71,211.64,9001990.659,2024-11-12 23:59:59.999,1932232237.824,5190083,4263096.319,916191349.3901,0,2024-11-12,-0.04722459820825642,-0.04837607803360012,66.73244702949731
2024-11-13,211.63,220.44,200.67,215.13,10834052.799,2024-11-13 23:59:59.999,2287313943.88454,6265437,5276571.135,1114450472.96843,0,2024-11-13,0.016490266490266636,0.016355778526662364,71.14051669817263
2024-11-14,215.14,222.8,206.78,209.57,7458523.708,2024-11-14 23:59:59.999,1606845662.13136,4182236,3685568.609,794800343.7266,0,2024-11-14,-0.025844838004927317,-0.0261846841307417,71.60676532769556
2024-11-15,209.57,220.5,204.48,218.45,5271091.924,2024-11-15 23:59:59.999,1117551465.38711,3372136,2845876.326,603910308.00012,0,2024-11-15,0.04237247697666646,0.04149934296559328,75.9440975319655
2024-11-16,218.44,221.99,213.35,215.71,4204469.3,2024-11-16 23:59:59.999,915510373.4512,2296856,2212511.857,482053182.43167,0,2024-11-16,-0.012542915999084414,-0.012622242390819386,73.91850135187332
2024-11-17,215.72,242.33,212.1,237.47,8433424.204,2024-11-17 23:59:59.999,1960587171.68452,3010544,4311883.06,1001610078.17961,0,2024-11-17,0.10087617634787449,0.09610638670008557,80.7938856015779
2024-11-18,237.47,248.44,234.01,239.79,7485850.361,2024-11-18 23:59:59.999,1804490953.93808,3957941,3805345.913,917583287.8827299,0,2024-11-18,0.009769655114330256,0.009722240599326389,84.26561714955619
2024-11-19,239.79,247.5,233.4,237.63,5595613.402,2024-11-19 23:59:59.999,1350659078.09119,3110191,2789660.379,673737851.39489,0,2024-11-19,-0.009007881896659575,-0.009048698161739362,81.44539899034629
2024-11-20,237.64,242.54,230.37,235.48,5472203.476,2024-11-20 23:59:59.999,1289751835.31258,2032597,2696256.433,635454374.29801,0,2024-11-20,-0.00904767916508864,-0.009088857984237447,75.70722473446209
2024-11-21,235.48,259.8,229.6,256.37,8595939.994,2024-11-21 23:59:59.999,2120001679.0177,4031098,4559686.625,1124569870.18576,0,2024-11-21,0.08871241719041967,0.08499572936068567,78.25268311052533
2024-11-22,256.38,264.39,251.47,256.9,5155181.905,2024-11-22 23:59:59.999,1326798359.45141,2948004,2554624.347,657887721.25047,0,2024-11-22,0.002067324569957396,0.0020651905950916133,77.62711864406779
2024-11-23,256.9,264.0,252.69,254.89,4836783.227,2024-11-23 23:59:59.999,1248450578.228,2659103,2377510.197,613949947.45632,0,2024-11-23,-0.0078240560529389,-0.007854824574334979,76.1357156434138
2024-11-24,254.9,259.78,240.93,252.73,3665245.812,2024-11-24 23:59:59.999,918826601.6527901,2627402,1760701.591,441700188.21714,0,2024-11-24,-0.008474243791439462,-0.008510354346510644,71.94444444444446
2024-11-25,252.74,256.7,231.21,234.18,4699636.317,2024-11-25 23:59:59.999,1149248739.7001,2322351,2311173.259,565768409.86016,0,2024-11-25,-0.07339848850551967,-0.07623167477441364,55.81058925643747
2024-11-26,234.18,239.66,221.8,230.69,5012621.456,2024-11-26 23:59:59.999,1157330881.01868,2836351,2432089.159,561972419.62394,0,2024-11-26,-0.014903066017593392,-0.015015232517584834,59.851070431275225
2024-11-27,230.69,243.33,227.51,241.96,3807284.297,2024-11-27 23:59:59.999,898274398.4549501,2039178,1999353.206,471526006.52351,0,2024-11-27,0.048853439680957234,0.04769760533571974,62.841006987651966
2024-11-28,241.96,245.28,232.8,237.59,2694033.06,2024-11-28 23:59:59.999,640996914.88985,1578431,1297609.985,308764643.74031,0,2024-11-28,-0.018060836501901156,-0.01822592417801664,63.56506584043378
2024-11-29,237.58,246.77,236.55,243.33,2890806.079,2024-11-29 23:59:59.999,699720103.9149,1929299,1446268.517,350171613.67366,0,2024-11-29,0.024159265962372167,0.02387204768966619,62.42260834831237
2024-11-30,243.33,245.4,237.5,237.6,2279256.816,2024-11-30 23:59:59.999,550410857.7652,1597288,1121398.042,270905744.64534,0,2024-11-30,-0.023548267784490262,-0.023829959261873247,60.612818772423154
2024-12-01,237.6,239.89,234.1,236.8,2435872.954,2024-12-01 23:59:59.999,577329157.83331,1318224,1192847.407,282771078.86776,0,2024-12-01,-0.0033670033670032407,-0.0033726844786391187,49.59230862845321
2024-12-02,236.79,238.2,220.0,225.72,5868060.275,2024-12-02 23:59:59.999,1332640777.80382,3614201,2891680.889,656457715.24274,0,2024-12-02,-0.04679054054054055,-0.047920609908911296,42.26327944572749
2024-12-03,225.73,239.6,215.0,233.92,6918604.728,2024-12-03 23:59:59.999,1569314471.01514,3078327,3583842.185,813327303.36694,0,2024-12-03,0.03632819422293099,0.035683883460474276,48.08703722800866
2024-12-04,233.92,241.0,224.67,229.15,4966864.205,2024-12-04 23:59:59.999,1160635660.55354,2318217,2433474.374,568808253.89458,0,2024-12-04,-0.020391586867305023,-0.02060236560628058,46.821970077317005
2024-12-05,229.15,244.77,222.95,235.84,7391549.993,2024-12-05 23:59:59.999,1743320226.07373,4216711,3702869.414,874293753.00681,0,2024-12-05,0.02919485053458426,0.028776798045838648,37.97868602880899
2024-12-06,235.84,247.0,230.92,236.87,5136553.827,2024-12-06 23:59:59.999,1225759651.15259,2524507,2594661.989,619366602.87957,0,2024-12-06,0.004367367706920033,0.004357858433518819,38.33973687274422
2024-12-07,236.87,243.61,234.12,238.14,2933621.438,2024-12-07 23:59:59.999,701579666.62957,1606160,1555007.373,372037931.86283,0,2024-12-07,0.00536159074597875,0.005347268588538437,40.164415736934814
2024-12-08,238.14,241.51,233.22,237.02,2222837.551,2024-12-08 23:59:59.999,526456056.82991,1517123,1051549.535,249206171.07123,0,2024-12-08,-0.004703115814226777,-0.004714210262726297,40.66103911544407
2024-12-09,237.02,237.28,203.0,216.63,7391583.708,2024-12-09 23:59:59.999,1645628210.24901,3396912,3506521.817,781936679.0692499,0,2024-12-09,-0.08602649565437526,-0.0899536966291027,39.79057591623036
2024-12-10,216.62,221.06,203.21,213.6,7018707.73,2024-12-10 23:59:59.999,1494401948.21546,3598912,3534131.193,752873811.48697,0,2024-12-10,-0.013986982412408255,-0.014085722045160193,40.00467890981401
2024-12-11,213.6,230.65,211.51,227.29,4688484.808,2024-12-11 23:59:59.999,1044765862.39521,2618186,2446783.07,544704920.03867,0,2024-12-11,0.06409176029962538,0.06212162808402803,41.656239335684205
2024-12-12,227.29,234.69,225.67,226.96,3559104.067,2024-12-12 23:59:59.999,818643376.9902701,2608984,1735720.234,399322172.23014,0,2024-12-12,-0.0014518896563860961,-0.001452944669471963,43.66281149397877
2024-12-13,226.95,228.44,220.6,224.79,2889526.771,2024-12-13 23:59:59.999,648285519.70338,2190401,1434112.626,321880596.26241,0,2024-12-13,-0.009561156150863614,-0.009607157456266889,38.45579078455789
2024-12-14,224.79,227.51,215.13,219.93,2155654.471,2024-12-14 23:59:59.999,478317134.38287,1665180,1064988.438,236468734.42381,0,2024-12-14,-0.02162017883357792,-0.021857319140724054,38.87699861513282
2024-12-15,219.94,225.5,215.68,224.27,2130908.009,2024-12-15 23:59:59.999,469130131.65022,1736084,1153744.013,254038615.43485,0,2024-12-15,0.01973355158459511,0.019541369234592747,42.449077979992765
2024-12-16,224.26,227.56,213.26,216.19,3863409.201,2024-12-16 23:59:59.999,847551475.4492499,2819674,1935265.701,424478385.82208,0,2024-12-16,-0.03602800196192091,-0.03669303247182461,44.04151556833813
2024-12-17,216.19,228.95,211.36,223.15,5177736.748,2024-12-17 23:59:59.999,1148991395.56908,3540116,2570356.313,570952793.9277,0,2024-12-17,0.03219390351080076,0.03168654040890594,43.16016766162836
2024-12-18,223.16,226.04,204.8,206.53,5565926.563,2024-12-18 23:59:59.999,1191309782.42507,3308807,2602999.847,557611489.9157,0,2024-12-18,-0.07447904996639032,-0.07739851077572038,37.51379995584013
2024-12-19,206.53,212.14,187.0,193.81,7402649.886,2024-12-19 23:59:59.999,1481798971.45023,2909503,3442409.275,688753662.03428,0,2024-12-19,-0.061589115382753135,-0.06356738258690231,28.247593416830554
2024-12-20,193.82,199.81,175.26,194.48,9793383.668,2024-12-20 23:59:59.999,1829760754.5958,2947219,4943658.21,924182860.09837,0,2024-12-20,0.0034569939631596824,0.003451032295211555,27.979220779220768
2024-12-21,194.48,201.98,178.3,181.45,5243572.617,2024-12-21 23:59:59.999,988401321.05068,1709667,2452587.76,462986002.29171,0,2024-12-21,-0.06699917729329496,-0.06934919634878861,23.757059531524845
2024-12-22,181.46,187.87,176.88,180.52,3573368.972,2024-12-22 23:59:59.999,650666980.95565,1394689,1740362.645,317003602.73975,0,2024-12-22,-0.005125378892256727,-0.005138558700278808,23.798924132813937
2024-12-23,180.53,193.48,176.48,190.11,4217664.03,2024-12-23 23:59:59.999,778371475.46434,1557287,2208170.086,407840136.01235,0,2024-12-23,0.053124307555949546,0.05176127704473492,36.33271490414349
2024-12-24,190.12,199.0,186.13,197.09,2709577.672,2024-12-24 23:59:59.999,525181703.2473,1127114,1379796.38,267596220.13043,0,2024-12-24,0.03671558571353417,0.03605762520086761,41.82430424878677
2024-12-25,197.09,201.85,195.0,197.44,1958644.487,2024-12-25 23:59:59.999,388541679.68554,1035650,997909.9,198045835.98398,0,2024-12-25,0.0017758384494392931,0.0017742635126199444,32.96816158849708
2024-12-26,197.45,199.71,186.54,188.46,2045566.1,2024-12-26 23:59:59.999,392011204.61471,1279313,990226.896,189788196.51668,0,2024-12-26,-0.04548217179902747,-0.04654895793841273,30.006231823847116
2024-12-27,188.46,194.39,182.74,184.22,1946509.645,2024-12-27 23:59:59.999,366402095.63853,1296546,991253.947,186568922.84013,0,2024-12-27,-0.022498142841982482,-0.02275508721852076,29.37468225724453
2024-12-28,184.22,196.1,183.82,195.5,1494847.867,2024-12-28 23:59:59.999,283725173.66562,840578,782994.954,148676850.0222,0,2024-12-28,0.06123113668439917,0.05942968386533102,38.341128185549294
2024-12-29,195.5,197.71,188.57,189.94,1560190.019,2024-12-29 23:59:59.999,302551036.41535,861977,762049.051,147913892.68932,0,2024-12-29,-0.02843989769820976,-0.028852146610614058,33.80507595056136
2024-12-30,189.94,196.47,185.89,191.38,2415985.488,2024-12-30 23:59:59.999,462392599.37737,1417191,1219312.689,233426206.42575,0,2024-12-30,0.007581341476255554,0.007552747536310258,37.5138399597383
2024-12-31,191.37,199.27,188.04,189.31,2461978.262,2024-12-31 23:59:59.999,476451076.66598,1249847,1259409.035,243744394.61628,0,2024-12-31,-0.010816177239000857,-0.010875097329298127,32.08765615075163
2025-01-01,189.31,195.33,188.0,194.28,1655160.102,2025-01-01 23:59:59.999,316558431.70699,865024,857581.801,163984899.35831,0,2025-01-01,0.026253235433944422,0.02591453445572557,42.60355029585799
2025-01-02,194.28,210.48,193.43,208.31,3224923.982,2025-01-02 23:59:59.999,660170412.599,1615355,1719021.33,351938125.20254,0,2025-01-02,0.07221535927527278,0.06972693731827936,58.6186400380409
2025-01-03,208.3,219.83,205.63,217.99,3251086.556,2025-01-03 23:59:59.999,694370536.02236,1394237,1695959.554,362159960.77775,0,2025-01-03,0.04646920455090964,0.0454218353815003,62.62214109309569
2025-01-04,218.0,218.18,213.54,216.67,1943711.39,2025-01-04 23:59:59.999,420200326.94243,890249,975959.843,211027480.2145,0,2025-01-04,-0.006055323638699095,-0.00607373145870815,71.62859248341931
2025-01-05,216.67,219.05,211.46,213.41,2101040.545,2025-01-05 23:59:59.999,451130694.57664,902175,988852.241,212589805.04426,0,2025-01-05,-0.015045922370425013,-0.015160260592736171,69.63582089552239
2025-01-06,213.41,223.18,211.56,218.22,2855362.858,2025-01-06 23:59:59.999,621928433.92415,1394456,1485386.636,323715215.36912,0,2025-01-06,0.022538775127688426,0.0222885301010731,67.79789793592502
2025-01-07,218.22,219.11,201.8,202.17,3742298.284,2025-01-07 23:59:59.999,786521513.88121,1475754,1916570.431,403122307.37169,0,2025-01-07,-0.07354962881495741,-0.07639480060071738,52.88505224897773
2025-01-08,202.17,203.28,188.34,197.48,4446830.23,2025-01-08 23:59:59.999,873913213.74813,2031142,2338633.469,459705475.10823,0,2025-01-08,-0.023198298461690636,-0.02347161423557316,50.02164970772894
2025-01-09,197.48,199.06,182.0,184.95,3607147.193,2025-01-09 23:59:59.999,684344914.22428,1961684,1801374.558,341921972.3475,0,2025-01-09,-0.06344946323678347,-0.06555179511219913,48.17054101949337
2025-01-10,184.96,193.02,183.51,187.68,3642892.082,2025-01-10 23:59:59.999,687353802.31763,1852360,1741766.045,328494158.44737,0,2025-01-10,0.014760746147607584,0.014652866626702456,51.83223893242957
2025-01-11,187.69,191.91,184.01,188.09,2204486.056,2025-01-11 23:59:59.999,411533204.16097,937504,1064110.35,198772090.0794,0,2025-01-11,0.0021845694799658144,0.0021821867775477454,45.56552962298025
2025-01-12,188.09,191.0,185.17,188.51,1330917.135,2025-01-12 23:59:59.999,250109405.58559,723323,677588.579,127323378.63006,0,2025-01-12,0.0022329735764792247,0.0022304841961075634,49.08812651447519
2025-01-13,188.5,191.99,168.88,182.87,5669925.613,2025-01-13 23:59:59.999,1015651889.57331,2547519,2692190.175,482872920.51139,0,2025-01-13,-0.029918837196965642,-0.030375537992279225,44.84929185328654
2025-01-14,182.86,190.11,181.88,187.57,2737355.064,2025-01-14 23:59:59.999,510258589.71248,1379846,1349245.163,251576561.38296,0,2025-01-14,0.02570131787608676,0.025376591185708227,48.979352416705765
2025-01-15,187.57,206.04,185.84,205.86,3768610.58,2025-01-15 23:59:59.999,735465044.82904,1825631,1969502.821,384828555.01893,0,2025-01-15,0.09751026283520825,0.09304421702616351,55.87459415584416
2025-01-16,205.86,217.14,198.47,211.14,5710255.657,2025-01-16 23:59:59.999,1196137559.83409,2762727,3008386.918,630879297.00727,0,2025-01-16,0.02564849897988908,0.025325094463135276,51.575548379913144
2025-01-17,211.15,222.11,209.84,219.51,4384472.838,2025-01-17 23:59:59.999,952526271.30062,2186663,2205434.387,479042708.4496,0,2025-01-17,0.03964194373401542,0.03887636900249958,50.858757062146886
2025-01-18,219.52,270.67,217.29,261.97,19971981.58,2025-01-18 23:59:59.999,4849480490.65198,9712182,10428786.659,2531314978.3608,0,2025-01-18,0.19343082319712113,0.1768322038241924,67.47145942610307
2025-01-19,261.97,295.83,236.68,252.42,25051667.6,2025-01-19 23:59:59.999,6733958631.981311,16728916,12553970.478,3377673848.64727,0,2025-01-19,-0.03645455586517554,-0.03713562655775609,64.34929743250201
2025-01-20,252.4,273.29,229.44,242.19,16879575.561,2025-01-20 23:59:59.999,4215741222.9716306,13411844,8415720.824,2101081767.07253,0,2025-01-20,-0.04052769194200134,-0.041371824755450606,58.478952953661114
2025-01-21,242.18,260.06,230.0,250.33,7882737.257,2025-01-21 23:59:59.999,1907066376.77776,6181509,3813585.87,923047549.13654,0,2025-01-21,0.033609975638961176,0.03305750535311045,68.04556354916068
2025-01-22,250.33,272.03,248.43,257.36,6223427.616,2025-01-22 23:59:59.999,1612462526.67869,4791221,3103831.608,804872305.48336,0,2025-01-22,0.02808293053169808,0.027695835502626588,72.05037560760053
2025-01-23,257.37,258.48,242.19,253.11,6802762.723,2025-01-23 23:59:59.999,1698329260.27982,5535365,3354267.435,837408520.5799501,0,2025-01-23,-0.016513832763444203,-0.016651706085125853,76.72941176470587
2025-01-24,253.12,270.18,247.18,253.37,5214294.569,2025-01-24 23:59:59.999,1357937147.07766,4402292,2659835.714,692912291.79527,0,2025-01-24,0.0010272213662043672,0.0010266941353610753,76.26969527313443
2025-01-25,253.36,260.78,246.33,256.41,3703989.301,2025-01-25 23:59:59.999,934052018.21903,2767492,1825162.251,460241817.61591,0,2025-01-25,0.011998263409243481,0.011926854865030211,76.75857747140843
2025-01-26,256.4,260.16,240.32,240.5,3028015.524,2025-01-26 23:59:59.999,766488890.3849901,2339798,1478686.055,374515696.63668,0,2025-01-26,-0.06204906204906213,-0.06405763630022053,68.15927348934683
2025-01-27,240.49,242.68,220.89,234.89,8916620.842,2025-01-27 23:59:59.999,2058026956.44399,6699907,4307853.517,994454484.16036,0,2025-01-27,-0.023326403326403344,-0.02360277009407171,68.1735606484069
2025-01-28,234.9,244.0,225.01,227.06,3483450.087,2025-01-28 23:59:59.999,819684554.0642,3282972,1738052.918,409131218.54356,0,2025-01-28,-0.03333475243731099,-0.03390301971535649,63.500854700854696
2025-01-29,227.06,238.49,222.63,228.16,3844193.838,2025-01-29 23:59:59.999,886979893.1373699,3509070,1868142.883,431143583.98252,0,2025-01-29,0.004844534484277352,0.004832837489543593,58.63939253060591
2025-01-30,228.16,244.7,226.84,238.31,3341265.973,2025-01-30 23:59:59.999,799766743.7033,2468882,1703751.132,407710879.87364,0,2025-01-30,0.04448632538569419,0.04352520990934149,60.143358470842976
2025-01-31,238.3,241.82,228.24,231.77,2942165.567,2025-01-31 23:59:59.999,694071690.64743,2082835,1427469.918,336959724.89163,0,2025-01-31,-0.027443246191934834,-0.027826846520804412,54.64042392127177
2025-02-01,231.77,236.46,212.74,213.03,2849748.65,2025-02-01 23:59:59.999,640184468.98493,1972665,1362663.122,306511624.29809,0,2025-02-01,-0.08085602105535661,-0.08431249975235626,27.42203358553239
2025-02-02,213.03,218.9,192.31,203.51,7255500.333,2025-02-02 23:59:59.999,1496343825.74038,5307616,3346730.339,691549926.84685,0,2025-02-02,-0.04468854151997381,-0.045717857137654985,27.429626211352115
2025-02-03,203.52,218.7,175.89,216.28,12836970.265,2025-02-03 23:59:59.999,2538322103.03744,10116876,6239167.567,1235396563.85083,0,2025-02-03,0.06274875927472867,0.06085872078934718,38.317251330147
2025-02-04,216.27,219.97,201.87,206.64,6024194.387,2025-02-04 23:59:59.999,1265056545.46502,4811821,2948755.443,619597261.13513,0,2025-02-04,-0.04457185130386543,-0.04559571572621912,30.563217368093248
2025-02-05,206.64,209.39,195.14,196.12,3154802.037,2025-02-05 23:59:59.999,639424685.67492,2851688,1540121.009,312338518.38023,0,2025-02-05,-0.05090979481223379,-0.0522514320045525,23.57611322057302
2025-02-06,196.12,203.98,187.39,189.54,3444767.147,2025-02-06 23:59:59.999,674411227.22245,2708547,1663274.352,325994874.37687,0,2025-02-06,-0.03355088721191113,-0.03412663274098373,23.1114118940868
2025-02-07,189.53,203.42,188.12,191.99,3925596.773,2025-02-07 23:59:59.999,767993723.8255901,3039573,1974029.335,386334067.55597,0,2025-02-07,0.012926031444550068,0.01284320329601559,24.509966777408664
2025-02-08,192.0,200.88,189.81,199.32,1967596.752,2025-02-08 23:59:59.999,382617624.43681,1656928,969158.157,188599822.77232,0,2025-02-08,0.038179071826657474,0.03746828607513934,27.10722592028229
2025-02-09,199.32,207.37,193.53,200.47,2879138.46,2025-02-09 23:59:59.999,578324813.09662,2101908,1427659.368,286756354.53302,0,2025-02-09,0.00576961669676912,0.005753036203181105,31.792959155826438
2025-02-10,200.47,209.05,195.85,200.47,4040840.548,2025-02-10 23:59:59.999,819921205.0137299,2637756,2089482.612,423911075.60582,0,2025-02-10,0.0,0.0,33.50268404907976
2025-02-11,200.47,206.18,195.12,197.96,3930238.335,2025-02-11 23:59:59.999,792182733.69756,2289535,1920198.549,387186434.68651,0,2025-02-11,-0.012520576644884485,-0.012599619532699466,35.30303030303031
2025-02-12,197.95,198.56,188.48,196.78,3898533.321,2025-02-12 23:59:59.999,756076037.68729,2807925,1863747.044,361451831.86861,0,2025-02-12,-0.005960800161648905,-0.00597863664606599,34.16431166733953
2025-02-13,196.78,198.47,188.78,194.25,2427771.876,2025-02-13 23:59:59.999,468975077.17204,1950076,1139384.774,220182106.79513,0,2025-02-13,-0.012856997662364034,-0.012940364189862559,25.91296741745026
2025-02-14,194.24,205.34,194.11,199.39,3727686.063,2025-02-14 23:59:59.999,744993253.44044,2047732,1917939.317,383311207.8218,0,2025-02-14,0.026460746460746476,0.026116716571051156,32.02309571396846
2025-02-15,199.4,200.27,192.61,194.48,1633300.399,2025-02-15 23:59:59.999,319980278.83566,1231341,778171.197,152425048.14114,0,2025-02-15,-0.0246251065750539,-0.024933375810940028,37.83287419651056
2025-02-16,194.47,196.24,186.3,188.27,2009380.862,2025-02-16 23:59:59.999,383704847.67239,1271986,910716.019,174002501.80625,0,2025-02-16,-0.031931303990127446,-0.032452227271247386,39.550191991223265
2025-02-17,188.26,189.72,174.63,177.53,4287573.73,2025-02-17 23:59:59.999,779271190.58224,2336009,1937640.277,352224165.23204,0,2025-02-17,-0.05704573219312692,-0.0587374940179142,22.668923684581742
2025-02-18,177.53,179.09,160.88,169.32,6319186.166,2025-02-18 23:59:59.999,1061518548.68995,3750135,3089541.505,518910445.96659,0,2025-02-18,-0.04624570495127589,-0.04734919306598339,23.135617621652756
2025-02-19,169.32,174.3,163.75,168.93,3478319.262,2025-02-19 23:59:59.999,590112452.81958,2185100,1718948.19,291753364.79675,0,2025-02-19,-0.0023033309709424854,-0.0023059877180860036,27.08579133659194
2025-02-20,168.94,176.65,167.66,176.0,2938753.335,2025-02-20 23:59:59.999,508528834.82322,1920797,1457878.223,252304279.27536,0,2025-02-20,0.04185165453146267,0.040999567103514885,38.68271481109997
2025-02-21,176.0,180.52,167.15,168.94,4103682.857,2025-02-21 23:59:59.999,715436161.65543,2546452,1970675.627,343739427.82907,0,2025-02-21,-0.04011363636363641,-0.040940372738801224,32.11237001396863
2025-02-22,168.94,174.68,168.07,172.07,1886813.457,2025-02-22 23:59:59.999,324983318.38902,1171019,918330.967,158146595.71041,0,2025-02-22,0.018527287794483316,0.01835774846571574,27.37838286568153
2025-02-23,172.07,173.07,166.42,167.94,1488310.759,2025-02-23 23:59:59.999,252136318.55605,987546,698017.912,118266636.56328,0,2025-02-23,-0.02400185970825819,-0.024294598009649043,24.26831197595314
2025-02-24,167.94,169.69,138.0,141.81,7997237.915,2025-02-24 23:59:59.999,1226692646.03078,4109967,3715424.985,570486474.16387,0,2025-02-24,-0.15559128260092892,-0.16911863928216248,17.1703604208641
2025-02-25,141.81,147.09,131.91,144.33,11747010.145,2025-02-25 23:59:59.999,1635111010.70032,6188432,5733721.725,798500299.4058899,0,2025-02-25,0.017770255976306437,0.017614210906217453,19.98880805819809
2025-02-26,144.33,145.19,130.65,135.32,5368401.059,2025-02-26 23:59:59.999,736842199.24,3159238,2594767.754,356529432.82198,0,2025-02-26,-0.06242638398115441,-0.06446000046696441,18.37826713315495
2025-02-27,135.33,142.9,134.71,137.68,4322990.459,2025-02-27 23:59:59.999,599160525.54253,2490511,2243932.502,311081817.64793,0,2025-02-27,0.017440141885900262,0.017289807990776423,20.843212039995876
2025-02-28,137.68,148.72,125.55,148.18,10039960.613,2025-02-28 23:59:59.999,1368611824.73409,4567953,4871242.249,665270561.1119,0,2025-02-28,0.07626380011621148,0.07349559908522685,24.98778939142329
2025-03-01,148.18,151.25,138.57,143.66,4151855.758,2025-03-01 23:59:59.999,597723583.50179,1658774,2055795.957,295999647.47676,0,2025-03-01,-0.03050344176002162,-0.030978354341855335,25.083349676407153
2025-03-02,143.66,179.85,140.04,178.71,13474639.846,2025-03-02 23:59:59.999,2212052717.47645,6490443,7001626.196,1152127677.69705,0,2025-03-02,0.2439788389252402,0.21831498366205024,46.34612444580339
2025-03-03,178.72,179.47,139.21,142.16,11096202.04,2025-03-03 23:59:59.999,1748078985.39323,6131716,5308196.717,836507080.79658,0,2025-03-03,-0.20452129147781328,-0.22881119646230996,38.70905956713273
2025-03-04,142.16,147.0,130.66,144.79,10389598.334,2025-03-04 23:59:59.999,1438316454.58464,5773861,5126002.537,709968962.93432,0,2025-03-04,0.01850028137310078,0.018331232946934468,41.880172128434296
2025-03-05,144.8,149.73,140.18,146.28,4895520.585,2025-03-05 23:59:59.999,706791297.23729,2591656,2454315.091,354512506.82835,0,2025-03-05,0.010290765936874058,0.01023817648785012,42.55668747946106
2025-03-06,146.27,152.9,142.44,143.31,4451879.661,2025-03-06 23:59:59.999,656676724.6538,2442100,2245684.872,331135591.9592,0,2025-03-06,-0.020303527481542294,-0.020512477211200347,38.959810874704495
2025-03-07,143.3,150.88,135.04,139.39,7267412.771,2025-03-07 23:59:59.999,1039508735.19796,3717944,3454290.045,494418899.49329,0,2025-03-07,-0.02735329007047671,-0.027734356328185276,39.804016285970604
2025-03-08,139.39,141.09,135.29,137.01,2135751.393,2025-03-08 23:59:59.999,295310260.9805,1318277,1085800.033,150212154.78823,0,2025-03-08,-0.01707439558074464,-0.017221843876777693,37.8399001109878
2025-03-09,137.01,139.88,125.41,126.51,3909495.652,2025-03-09 23:59:59.999,514516598.4873,1984143,1799825.273,236950914.51538,0,2025-03-09,-0.07663674184366098,-0.07973255943843903,36.23862353019333
2025-03-10,126.52,131.57,115.47,118.32,6654109.331,2025-03-10 23:59:59.999,820279149.5914,3232219,3170426.368,390933977.05257,0,2025-03-10,-0.06473796537823107,-0.06692853802403392,41.14186590240592
2025-03-11,118.32,128.43,112.0,125.35,6435277.863,2025-03-11 23:59:59.999,783022212.27215,2896453,3219262.842,391732745.73227,0,2025-03-11,0.05941514536849213,0.057717006201757945,43.078045222465356
2025-03-12,125.35,131.33,121.22,126.62,4410502.14,2025-03-12 23:59:59.999,552333767.76339,2166421,2114378.494,264814655.73233,0,2025-03-12,0.010131631431990584,0.010080650511678226,46.63729128014843
2025-03-13,126.61,128.76,120.76,123.37,2824584.961,2025-03-13 23:59:59.999,352338027.09973,1491066,1362852.114,170093714.44517,0,2025-03-13,-0.02566735112936347,-0.026002505032607256,44.50671785028791
2025-03-14,123.36,136.03,122.98,133.54,3607725.492,2025-03-14 23:59:59.999,468530950.60997,1784051,1897742.494,246273544.7854,0,2025-03-14,0.08243495177109494,0.0792130883463494,44.36576354679803
2025-03-15,133.53,136.53,132.44,135.86,1918077.49,2025-03-15 23:59:59.999,257628407.34355,976083,1032004.709,138565058.85689,0,2025-03-15,0.01737307173880498,0.017223885333433248,46.94644534920138
2025-03-16,135.86,136.71,125.21,126.13,2764260.892,2025-03-16 23:59:59.999,360794496.2616,1521652,1350163.642,176478850.14437,0,2025-03-16,-0.07161784189606957,-0.07431182266405416,24.326171875000014
2025-03-17,126.13,130.64,125.55,128.01,2707611.094,2025-03-17 23:59:59.999,347309564.93446,1381175,1374037.305,176303651.51308,0,2025-03-17,0.014905256481408058,0.014795264768916476,39.55411191495645
2025-03-18,128.01,128.19,121.76,125.33,3181789.699,2025-03-18 23:59:59.999,395405699.24355,1359468,1495466.579,185858967.83065,0,2025-03-18,-0.020935864385594805,-0.021158127244587332,35.64473295957512
2025-03-19,125.33,136.08,124.2,135.33,4170497.991,2025-03-19 23:59:59.999,541158128.72602,1839474,2085630.948,270850289.3077,0,2025-03-19,0.07978935609989635,0.07676598146498344,42.82343688556824
2025-03-20,135.33,136.12,126.65,127.6,2593287.986,2025-03-20 23:59:59.999,340143750.52064,1266071,1230180.43,161209365.00311,0,2025-03-20,-0.05711963348850968,-0.05881586917772486,40.30845157310303
2025-03-21,127.6,130.18,124.81,128.48,2400422.348,2025-03-21 23:59:59.999,306105567.68726,1095161,1184307.347,151096378.85548,0,2025-03-21,0.006896551724137945,0.0068728792877620504,43.00730675554416
2025-03-22,128.47,131.84,127.8,128.51,1498168.196,2025-03-22 23:59:59.999,194061126.95637,706271,722864.239,93641938.64903,0,2025-03-22,0.00023349937733496695,0.00023347212059823054,44.38276500132171
2025-03-23,128.5,134.06,128.21,132.84,1763485.986,2025-03-23 23:59:59.999,232208409.45648,799393,867832.321,114286495.18758,0,2025-03-23,0.03369387596296014,0.03313867418949608,54.554612174413585
2025-03-24,132.85,144.96,132.04,141.01,4554131.645,2025-03-24 23:59:59.999,638280711.52939,2114604,2282670.712,319784344.00175,0,2025-03-24,0.06150255947003913,0.059685413340592915,66.33079026918092
2025-03-25,141.01,147.48,138.17,143.64,3529958.67,2025-03-25 23:59:59.999,505738904.94536,1865843,1736313.614,248872783.91987,0,2025-03-25,0.018651159492234504,0.018479359508743253,64.05409558936529
2025-03-26,143.64,145.49,135.89,137.34,3099523.287,2025-03-26 23:59:59.999,437189263.88719,1549733,1460668.283,206172543.67681,0,2025-03-26,-0.04385964912280693,-0.04485056616535167,57.646219686162624
2025-03-27,137.35,140.22,135.63,138.43,2466162.683,2025-03-27 23:59:59.999,341254155.91117,1324639,1238086.879,171415343.82306,0,2025-03-27,0.007936507936507908,0.007905179507113247,61.08330880188401
2025-03-28,138.44,139.05,127.69,129.49,3892191.365,2025-03-28 23:59:59.999,515501341.03969,1575782,1791046.217,237375973.56829,0,2025-03-28,-0.06458137686917576,-0.0667611246188949,46.9644730924899
2025-03-29,129.5,130.54,122.68,124.58,2610065.515,2025-03-29 23:59:59.999,329643079.8165,1178810,1302977.748,164623466.83675,0,2025-03-29,-0.03791798594486073,-0.03865557825474937,41.861471861471856
2025-03-30,124.58,127.08,123.0,124.82,1743775.296,2025-03-30 23:59:59.999,218155180.69158,990191,891728.37,111632433.42912,0,2025-03-30,0.0019264729491088595,0.0019246196798973169,48.90486540712256
2025-03-31,124.83,127.81,122.75,124.54,3730628.853,2025-03-31 23:59:59.999,468042537.66829,1618236,1669760.105,209588781.11061,0,2025-03-31,-0.002243230251562145,-0.0022457500615909124,47.01941247208384
2025-04-01,124.53,130.55,123.74,126.67,3554277.848,2025-04-01 23:59:59.999,452578878.01829,1528527,1797326.848,228906752.30804,0,2025-04-01,0.017102938814838486,0.016958330051235104,51.1619840443982
2025-04-02,126.68,136.21,117.0,117.42,6288908.68,2025-04-02 23:59:59.999,796943491.9591,2817898,3058521.392,388286813.09263,0,2025-04-02,-0.07302439409489225,-0.07582802885950128,34.26462836056932
2025-04-03,117.42,120.94,112.24,117.17,5854867.278,2025-04-03 23:59:59.999,683637733.06036,2171892,3002929.505,350901755.65857,0,2025-04-03,-0.0021291091807187357,-0.002131378955975606,39.44972688650618
2025-04-04,117.17,124.0,113.25,122.79,5721072.32,2025-04-04 23:59:59.999,677703415.89485,2469979,2873494.718,340517664.17288,0,2025-04-04,0.0479644960314074,0.04684970749235716,44.748015506738064
2025-04-05,122.8,122.85,117.15,120.32,1784381.3,2025-04-05 23:59:59.999,213707959.9349,891779,863015.932,103315785.27205,0,2025-04-05,-0.020115644596465643,-0.020320718970891768,42.76629570747218
2025-04-06,120.33,121.13,103.81,105.91,4934346.985,2025-04-06 23:59:59.999,547868774.14022,2282758,2288416.462,254334706.56653,0,2025-04-06,-0.11976396276595747,-0.12756518334595185,29.8095666516719
2025-04-07,105.9,113.0,95.26,106.99,12630664.993,2025-04-07 23:59:59.999,1310680814.72602,5170857,6133897.423,637112648.19533,0,2025-04-07,0.010197337361911085,0.010145695294937352,21.45973154362416
2025-04-08,106.98,112.58,102.96,105.4,5839129.782,2025-04-08 23:59:59.999,630835932.39869,2475283,2843523.578,307237508.21026,0,2025-04-08,-0.014861201981493544,-0.014972736043253174,17.349726775956285
2025-04-09,105.4,121.0,101.26,119.05,9334586.139,2025-04-09 23:59:59.999,1033143449.36244,3699577,4776599.712,529103131.36301,0,2025-04-09,0.1295066413662238,0.12178093682560974,36.12501896525565
2025-04-10,119.05,119.3,108.21,112.81,5566324.629,2025-04-10 23:59:59.999,632204181.15054,2144865,2509841.937,285021943.23139,0,2025-04-10,-0.052414951700965884,-0.053838585316042735,31.97298057979171
2025-04-11,112.8,122.65,112.16,121.41,4344066.889,2025-04-11 23:59:59.999,514950895.3424,1940948,2294983.082,272274870.15537,0,2025-04-11,0.07623437638507213,0.07346825993905484,44.28733031674207
2025-04-12,121.41,134.11,119.41,132.24,4620265.855,2025-04-12 23:59:59.999,588559519.13812,2075498,2378056.669,303094136.36697,0,2025-04-12,0.08920187793427248,0.08544520595688501,54.99739039665972
2025-04-13,132.24,133.96,125.32,128.38,4054370.603,2025-04-13 23:59:59.999,525575877.83406,2065828,1965718.561,255017562.99221,0,2025-04-13,-0.02918935269207512,-0.029623837629136753,52.21779217542985
2025-04-14,128.38,136.13,127.98,129.42,4150251.45,2025-04-14 23:59:59.999,546940838.03531,2656562,2126852.717,280431501.28534,0,2025-04-14,0.008100950303785659,0.00806831374548794,53.011602073562074
2025-04-15,129.41,134.45,125.82,126.11,3431482.497,2025-04-15 23:59:59.999,446714548.40398,2155278,1635093.512,212983643.29441,0,2025-04-15,-0.025575645186215357,-0.025908387661336827,49.659367396593666
2025-04-16,126.1,133.91,123.49,131.33,5320768.994,2025-04-16 23:59:59.999,680727729.62112,2740116,2743891.301,351129379.27448,0,2025-04-16,0.04139243517564051,0.04055869762928561,58.89727516950238
2025-04-17,131.33,136.2,129.5,134.83,3817459.718,2025-04-17 23:59:59.999,508520833.35897,2093402,1954459.574,260493943.76065,0,2025-04-17,0.0266504225995583,0.026301486048914607,60.845001228199465
2025-04-18,134.84,136.02,132.47,134.04,2556341.874,2025-04-18 23:59:59.999,343312222.8375,1202801,1130949.025,151946280.64742,0,2025-04-18,-0.00585923014166001,-0.005876462776873703,57.34430082256168
2025-04-19,134.05,140.5,133.58,139.87,2816038.068,2025-04-19 23:59:59.999,389745180.09418,1276245,1441601.153,199506140.78975,0,2025-04-19,0.04349447925992256,0.04257515692210305,62.22639149468418
2025-04-20,139.86,141.96,135.64,137.86,3498098.615,2025-04-20 23:59:59.999,482908343.29459,1308457,1762166.337,243120261.8804,0,2025-04-20,-0.014370486880674882,-0.014474742333706771,73.64914877868247
2025-04-21,137.86,143.25,133.82,136.56,4657400.503,2025-04-21 23:59:59.999,645692434.21612,2024307,2312454.176,320554352.64224,0,2025-04-21,-0.009429856376033774,-0.009474598971320703,71.81643795189612
2025-04-22,136.57,150.23,134.68,148.79,5078409.536,2025-04-22 23:59:59.999,727917404.64025,2263131,2673916.672,383322339.89431,0,2025-04-22,0.08955770357352066,0.08577183735342071,77.66866471113377
2025-04-23,148.78,154.21,147.13,151.1,4801378.47,2025-04-23 23:59:59.999,724657996.3203901,2567533,2399693.451,362222824.30657,0,2025-04-23,0.015525236911082763,0.015405953439087912,73.89294766661695
2025-04-24,151.1,152.9,144.87,152.55,3535860.484,2025-04-24 23:59:59.999,527261359.19678,1929306,1692114.459,252505821.06355,0,2025-04-24,0.009596293845135717,0.00955054188398481,81.90430314707768
2025-04-25,152.55,157.0,149.87,150.82,4226767.973,2025-04-25 23:59:59.999,647250679.34811,2143364,2139493.642,327780381.73613,0,2025-04-25,-0.011340544083907056,-0.01140533838817783,76.53853095109181
2025-04-26,150.82,153.17,147.75,149.21,1766805.88,2025-04-26 23:59:59.999,264884274.04215,1204338,823842.745,123606173.13266,0,2025-04-26,-0.010674976793528579,-0.010732363122170581,68.36977700801037
2025-04-27,149.22,150.41,145.51,147.98,1599977.891,2025-04-27 23:59:59.999,237125168.081,1297845,750978.487,111359149.67788,0,2025-04-27,-0.008243415320689063,-0.00827758015492547,72.4977043158861
2025-04-28,147.97,153.4,144.63,147.84,3507950.445,2025-04-28 23:59:59.999,522023426.4148,1972070,1720129.055,256009669.30459,0,2025-04-28,-0.000946073793755775,-0.0009465216040307133,71.58931082981715
2025-04-29,147.84,150.39,145.0,146.31,2498992.492,2025-04-29 23:59:59.999,369541045.06508,1432629,1200317.117,177610663.87691,0,2025-04-29,-0.010349025974025983,-0.010402949503303114,74.70645792563597
2025-04-30,146.3,148.67,140.32,147.54,2780816.363,2025-04-30 23:59:59.999,403132464.35529,1779447,1370175.1,198639258.41181,0,2025-04-30,0.00840680746360456,0.008371667066085161,71.97072377338027
2025-05-01,147.54,153.99,147.54,150.85,3037281.454,2025-05-01 23:59:59.999,458689825.21601,1494429,1628876.039,245992212.54696,0,2025-05-01,0.02243459400840453,0.02218664014891393,71.82561307901902
2025-05-02,150.85,151.91,147.3,148.05,2216263.073,2025-05-02 23:59:59.999,332262056.95998,1244594,1107186.549,166063791.96156,0,2025-05-02,-0.01856148491879339,-0.018735911057469704,68.09609919917335
2025-05-03,148.04,149.05,145.82,146.71,1406583.56,2025-05-03 23:59:59.999,207747277.73483,808828,701765.15,103646715.36064,0,2025-05-03,-0.009050996285038915,-0.0090922053960477,59.99415546464056
2025-05-04,146.71,147.81,143.5,143.95,1613358.553,2025-05-04 23:59:59.999,235442072.04033,970408,733190.296,107033092.54299,0,2025-05-04,-0.01881262354304425,-0.01899183209336793,58.707463540177244
2025-05-05,143.94,147.73,142.5,146.72,2030995.801,2025-05-05 23:59:59.999,295411016.24423,1298883,1060542.878,154322773.16685,0,2025-05-05,0.019242792636332107,0.019059991449969886,63.94072447859494
2025-05-06,146.72,147.23,141.41,146.88,2352310.935,2025-05-06 23:59:59.999,339458035.32269,1435973,1200205.939,173299536.39672,0,2025-05-06,0.0010905125408942062,0.0010899183640256005,46.081247435371374
2025-05-07,146.89,149.54,144.68,147.32,2440566.284,2025-05-07 23:59:59.999,358909988.86087,1388238,1333374.179,196061512.54971,0,2025-05-07,0.00299564270152497,0.0029911647046841332,41.60000000000001
2025-05-08,147.32,164.6,147.08,164.46,6040622.618,2025-05-08 23:59:59.999,947386329.98644,2680223,3214350.239,504495295.14181,0,2025-05-08,0.11634537062177586,0.11006028796588499,65.59308719560093
2025-05-09,164.46,176.15,161.07,172.78,6318574.649,2025-05-09 23:59:59.999,1066435830.02627,3565297,3284438.525,554233773.686,0,2025-05-09,0.050589809072114855,0.049351729387988735,74.51987494417152
2025-05-10,172.77,178.98,168.72,177.89,3339701.179,2025-05-10 23:59:59.999,576546707.44572,2296552,1719179.35,297143716.91351,0,2025-05-10,0.02957518231276768,0.029146272806440294,79.7017398508699
2025-05-11,177.89,180.26,169.35,173.19,3210729.52,2025-05-11 23:59:59.999,560754526.1296,2541298,1578169.122,275892961.10203,0,2025-05-11,-0.026420821856203203,-0.026776123996226437,74.35748792270533
2025-05-12,173.2,181.46,168.31,174.22,6245732.977,2025-05-12 23:59:59.999,1096750784.26202,3870262,3195519.92,561439720.93346,0,2025-05-12,0.005947225590392069,0.005929610649794066,75.05699088145897
2025-05-13,174.22,184.83,166.18,183.75,4587043.398,2025-05-13 23:59:59.999,805977156.69272,3136625,2392971.082,421207689.24207,0,2025-05-13,0.054700952818275805,0.05325726970220016,80.87071240105541
2025-05-14,183.75,184.88,173.23,176.64,3619155.253,2025-05-14 23:59:59.999,650301806.43098,2715293,1741723.781,313165285.0228,0,2025-05-14,-0.038693877551020495,-0.039462375004215657,71.87312086590498
2025-05-15,176.63,178.33,166.7,169.16,3546037.724,2025-05-15 23:59:59.999,607575969.68482,2756715,1722279.871,295111576.02623,0,2025-05-15,-0.04234601449275355,-0.04326875048444258,62.95091243457349
2025-05-16,169.16,174.21,166.36,167.4,2766386.671,2025-05-16 23:59:59.999,473923633.57258,2033247,1376002.437,235827132.66055,0,2025-05-16,-0.010404350910380611,-0.01045885454891279,63.89088298636037
2025-05-17,167.4,169.99,164.01,165.94,2262121.706,2025-05-17 23:59:59.999,377239175.69118,1819659,1080208.305,180205263.53402,0,2025-05-17,-0.008721624850657195,-0.008759880819235797,63.7809946968611
2025-05-18,165.94,176.77,164.54,173.3,3194610.936,2025-05-18 23:59:59.999,544510554.62809,2251214,1562344.275,266283248.5207,0,2025-05-18,0.044353380740026704,0.04339791948542134,69.73241898615035
2025-05-19,173.3,173.94,159.44,166.86,4076352.744,2025-05-19 23:59:59.999,670683465.64664,2778183,1997596.61,328971109.61293,0,2025-05-19,-0.03716099249855742,-0.037869059247631925,62.903639159405444
2025-05-20,166.87,173.11,164.51,168.59,3135420.426,2025-05-20 23:59:59.999,526700156.84318,2366165,1631797.992,274288321.92277,0,2025-05-20,0.010367973151144572,0.010314594353781239,63.63522170581586
2025-05-21,168.59,175.99,165.51,173.53,4400610.4,2025-05-21 23:59:59.999,749188809.3793101,3211242,2237048.506,381030599.31978,0,2025-05-21,0.029301856575123075,0.028880763274702622,65.58078706455832
2025-05-22,173.54,180.87,172.59,179.68,3608222.862,2025-05-22 23:59:59.999,640424778.4173,2760365,1861260.289,330468184.45399,0,2025-05-22,0.03544055782861766,0.03482699588772073,60.407549234135665
2025-05-23,179.68,187.71,173.23,174.01,6112910.776,2025-05-23 23:59:59.999,1104030043.56186,4081755,3014089.21,544749935.56129,0,2025-05-23,-0.031556099732858556,-0.03206472216264619,50.87271179225201
2025-05-24,174.0,178.33,172.5,175.87,2317965.021,2025-05-24 23:59:59.999,407150995.30293,1707936,1147565.436,201591893.39847,0,2025-05-24,0.010689040859720889,0.01063231692078598,48.49747099077656
2025-05-25,175.87,176.88,169.14,175.74,2530363.859,2025-05-25 23:59:59.999,435707799.2341,1870817,1157707.099,199510786.07906,0,2025-05-25,-0.0007391823505998874,-0.0007394556805757028,52.03511572226657
2025-05-26,175.75,179.02,173.48,174.91,2214724.796,2025-05-26 23:59:59.999,391142612.45651,1720528,1102540.284,194728215.37008,0,2025-05-26,-0.004722886081711675,-0.004734074148725389,50.55244195356285
2025-05-27,174.92,179.41,171.24,176.71,2568509.368,2025-05-27 23:59:59.999,452738959.54561,2144420,1268542.603,223598718.53469,0,2025-05-27,0.010291006803498925,0.01023841490099243,43.56725146198832
2025-05-28,176.72,177.45,168.92,172.21,2534660.877,2025-05-28 23:59:59.999,437379320.47623,1739709,1228729.526,212093288.34393,0,2025-05-28,-0.02546545187029592,-0.025795308503156082,45.74937631932453
2025-05-29,172.22,175.34,165.96,166.71,2641789.968,2025-05-29 23:59:59.999,450903344.10682,1933597,1211340.594,206906377.38662,0,2025-05-29,-0.03193775042099767,-0.03245888635686857,47.55635348094955
2025-05-30,166.71,167.51,155.22,156.2,3770279.512,2025-05-30 23:59:59.999,609076479.51084,2744989,1731428.499,279826301.56868,0,2025-05-30,-0.06304360866174807,-0.06511853855435412,40.4891304347826
2025-05-31,156.2,158.01,152.14,156.45,2352257.752,2025-05-31 23:59:59.999,364885611.94149,1971476,1168138.33,181263656.24007,0,2025-05-31,0.0016005121638924535,0.0015992327093055612,41.77215189873418
2025-06-01,156.45,157.92,150.59,157.68,2042131.041,2025-06-01 23:59:59.999,315215977.43484,1648590,984162.634,151955263.96929,0,2025-06-01,0.007861936720997331,0.007831192729573826,34.846720993403196
2025-06-02,157.68,158.93,151.67,156.83,2502052.191,2025-06-02 23:59:59.999,386842477.22604,1950497,1206939.389,186617342.86497,0,2025-06-02,-0.005390664637239917,-0.005405246698131419,39.08596300326443
2025-06-03,156.83,163.64,154.14,155.19,2849585.145,2025-06-03 23:59:59.999,455003937.65742,2057700,1394890.747,222851201.96173,0,2025-06-03,-0.010457182936938203,-0.010512243462799997,35.3903183602268
2025-06-04,155.19,157.97,152.94,153.26,1990646.424,2025-06-04 23:59:59.999,310274443.07951,1613483,967100.121,150730758.31409,0,2025-06-04,-0.01243636832270123,-0.01251434714127517,26.34772462077018
2025-06-05,153.27,154.61,141.53,144.29,4258041.075,2025-06-05 23:59:59.999,634979837.8416,2600389,1973621.218,294532535.33784,0,2025-06-05,-0.05852799164817957,-0.060310662233093885,11.254652945040576
2025-06-06,144.28,152.39,144.11,147.83,2167791.114,2025-06-06 23:59:59.999,322608804.0136,1517934,1095613.518,162978644.4825,0,2025-06-06,0.024533924734909007,0.02423780160383429,19.935691318328068
2025-06-07,147.82,152.84,146.84,150.06,1408204.615,2025-06-07 23:59:59.999,212333839.77254,1041436,706661.864,106472323.58961,0,2025-06-07,0.015084894811607796,0.014972249204584034,20.610339330448696
2025-06-08,150.07,155.3,147.88,152.45,1564000.366,2025-06-08 23:59:59.999,236874131.83445,1073644,807104.977,122245917.90541,0,2025-06-08,0.015926962548313828,0.015801459316680925,24.777994368637664
2025-06-09,152.45,161.73,149.58,161.16,3079728.265,2025-06-09 23:59:59.999,478105971.723,1853346,1563931.278,242780523.77695,0,2025-06-09,0.05713348638898008,0.055560986888882814,37.28029602220168
2025-06-10,161.16,165.67,156.32,165.12,3589559.163,2025-06-10 23:59:59.999,578045039.31202,2626493,1837931.503,296018318.23227,0,2025-06-10,0.024571854058079046,0.02427482197005151,39.690446539761616
2025-06-11,165.12,168.36,159.21,160.97,4019424.999,2025-06-11 23:59:59.999,663220131.68288,2696532,2037677.818,336514802.20813,0,2025-06-11,-0.025133236434108586,-0.025454470075059903,39.93913354815611
2025-06-12,160.98,161.28,152.02,152.32,2883476.685,2025-06-12 23:59:59.999,454850637.40677,2232785,1329546.823,209785680.38143,0,2025-06-12,-0.053736721128160525,-0.05523444117508288,37.807151330283006
2025-06-13,152.32,152.59,140.21,148.6,5339782.783,2025-06-13 23:59:59.999,775171113.32776,3503943,2611663.066,379038386.66245,0,2025-06-13,-0.02442226890756305,-0.024725438759396416,42.72309459977022
2025-06-14,148.6,148.7,141.97,144.64,1679994.751,2025-06-14 23:59:59.999,244007516.51517,1221540,748132.518,108760421.02689,0,2025-06-14,-0.026648721399730846,-0.02701023563979245,39.44215984266047
2025-06-15,144.65,153.54,144.22,152.97,2831999.616,2025-06-15 23:59:59.999,422563512.67885,1768520,1510013.639,225342682.05674,0,2025-06-15,0.0575912610619469,0.05599392709130769,46.26368396001904
2025-06-16,152.97,158.8,150.3,150.72,3573196.785,2025-06-16 23:59:59.999,556278400.06253,2206641,1710413.995,266422866.2017,0,2025-06-16,-0.014708766424789133,-0.01481801290712109,45.25841999068756
2025-06-17,150.73,154.33,145.61,147.57,3395648.859,2025-06-17 23:59:59.999,508658147.22473,2452350,1652493.635,247655367.38632,0,2025-06-17,-0.020899681528662506,-0.02112117135269488,44.22202001819836
2025-06-18,147.58,149.28,143.65,146.34,2800908.98,2025-06-18 23:59:59.999,409856193.71815,1975830,1250275.581,182997426.55714,0,2025-06-18,-0.00833502744460246,-0.008369958019474115,44.696505211526684
2025-06-19,146.35,147.9,142.92,147.04,2285335.729,2025-06-19 23:59:59.999,332397675.29724,1402937,1051371.239,152922667.45557,0,2025-06-19,0.00478338116714494,0.004771977151492939,52.41355099175005
2025-06-20,147.04,148.81,135.69,140.11,3393327.209,2025-06-20 23:59:59.999,483166807.07631,2056826,1619395.926,230441200.21169,0,2025-06-20,-0.047130032644178366,-0.04827683022423675,43.60503644797879
2025-06-21,140.11,142.6,130.9,135.43,2826424.143,2025-06-21 23:59:59.999,390271799.64798,1758763,1247419.119,172137035.94392,0,2025-06-21,-0.03340232674327315,-0.033972926715860115,38.353765323993
2025-06-22,135.43,137.62,126.0,131.71,4252120.023,2025-06-22 23:59:59.999,557857427.53674,3207787,2157850.271,283296217.84277,0,2025-06-22,-0.027468064682862003,-0.02785236565632484,33.83224197068914
2025-06-23,131.71,146.92,130.68,144.51,4573147.667,2025-06-23 23:59:59.999,627079580.57708,2897589,2308159.703,317338878.01282,0,2025-06-23,0.09718320552729476,0.09274617329928392,37.79862230690312
2025-06-24,144.51,146.77,142.31,145.92,2741809.086,2025-06-24 23:59:59.999,395980461.45042,1915616,1338053.836,193340752.76195,0,2025-06-24,0.00975711023458592,0.009709817015782222,35.38367844092568
2025-06-25,145.93,147.95,142.25,143.57,2233601.909,2025-06-25 23:59:59.999,324533547.19572,1624941,1064706.761,154804944.74853,0,2025-06-25,-0.016104714912280715,-0.016235805186418723,36.38071383844707
2025-06-26,143.57,148.0,138.62,139.06,2522507.942,2025-06-26 23:59:59.999,360989062.59112,1619748,1254831.861,179605387.86002,0,2025-06-26,-0.03141324789301381,-0.03191722646873073,38.901908269166384
2025-06-27,139.05,144.85,137.14,142.09,2471847.15,2025-06-27 23:59:59.999,349943506.06527,1441035,1235243.064,174943261.255,0,2025-06-27,0.02178915576010354,0.02155516497911215,44.48772226926334
2025-06-28,142.09,152.7,141.13,150.72,2657836.682,2025-06-28 23:59:59.999,391373737.69054,1266232,1441145.38,212038705.36026,0,2025-06-28,0.06073615314237446,0.05896315117806891,54.770872567482755
2025-06-29,150.73,154.77,149.36,153.32,2150026.172,2025-06-29 23:59:59.999,325934665.45081,1150742,1069715.88,162202464.06071,0,2025-06-29,0.0172505307855626,0.01710342968430138,50.301776168304876
2025-06-30,153.32,159.99,149.45,154.81,3871390.335,2025-06-30 23:59:59.999,598342659.37994,1920915,1903822.621,294382790.49448,0,2025-06-30,0.009718236368379873,0.009671318040019791,53.57330071640749
2025-07-01,154.82,155.64,144.85,146.88,2770862.174,2025-07-01 23:59:59.999,413588502.7609,1530183,1228896.958,183625687.46173,0,2025-07-01,-0.05122408113170984,-0.05258263168019379,49.443638122883414
2025-07-02,146.87,154.47,145.85,152.27,2652574.279,2025-07-02 23:59:59.999,399566857.59119,1648001,1403036.358,211430085.76398,0,2025-07-02,0.036696623093682046,0.03603933398046088,54.48088257518513
2025-07-03,152.28,156.35,149.86,152.36,2686218.205,2025-07-03 23:59:59.999,411857243.43209,1619201,1342711.364,205937296.00421,0,2025-07-03,0.0005910553621855108,0.0005908807577621262,54.05735204392924
2025-07-04,152.35,153.88,145.22,147.7,2308086.736,2025-07-04 23:59:59.999,344301514.30937,1451892,1110928.112,165425608.11991,0,2025-07-04,-0.030585455500131475,-0.03106295207306939,55.996207931742745
2025-07-05,147.69,148.7,145.9,147.55,1173963.86,2025-07-05 23:59:59.999,173152977.64954,710458,569246.625,83942562.69706,0,2025-07-05,-0.0010155721056193112,-0.0010160881483855112,60.31313818924439
2025-07-06,147.55,153.89,146.78,151.86,2486859.718,2025-07-06 23:59:59.999,374754049.20113,1138325,1322569.682,199303566.15193,0,2025-07-06,0.02921043713995264,0.028791942396139344,66.97556866048863
2025-07-07,151.86,153.6,147.7,148.88,2174727.723,2025-07-07 23:59:59.999,327954661.1623,1423398,1081618.682,163190659.37183,0,2025-07-07,-0.019623337284340958,-0.019818431451092487,54.41146779729458
2025-07-08,148.89,152.88,147.85,151.67,2712869.323,2025-07-08 23:59:59.999,408864092.13441,1306748,1323396.462,199366071.39599,0,2025-07-08,0.018739924771628003,0.01856649572931009,55.647220585346695
2025-07-09,151.68,157.93,150.53,157.05,2907219.748,2025-07-09 23:59:59.999,448417630.2251,1611497,1458063.011,224945155.69184,0,2025-07-09,0.03547174787367324,0.03485711792135012,62.495365220615504
2025-07-10,157.06,165.43,155.64,164.34,3428382.349,2025-07-10 23:59:59.999,547305235.76648,1998915,1771939.544,282956763.8875,0,2025-07-10,0.04641833810888252,0.04537322651838623,72.28490832157968
2025-07-11,164.33,168.2,159.54,162.93,4354179.713,2025-07-11 23:59:59.999,715116916.43081,2747985,2146111.803,352782999.59792,0,2025-07-11,-0.00857977364001461,-0.008616791788178198,68.91107078039926
2025-07-12,162.92,163.9,157.74,160.69,2043211.942,2025-07-12 23:59:59.999,328647415.71788,1383540,957496.965,153971133.76989,0,2025-07-12,-0.013748235438531986,-0.013843617661201877,60.23403818517757
2025-07-13,160.7,164.19,159.63,161.15,1929745.851,2025-07-13 23:59:59.999,312565043.60087,1252909,975214.609,157950392.90346,0,2025-07-13,0.0028626548011700947,0.0028585652077851727,58.406699592012025
2025-07-14,161.15,168.65,160.61,162.21,3973706.533,2025-07-14 23:59:59.999,658265226.60694,2368393,1963545.222,325198129.59191,0,2025-07-14,0.006577722618678283,0.00655618380057635,58.01907238838317
2025-07-15,162.21,164.26,157.23,163.98,3665295.753,2025-07-15 23:59:59.999,589073859.89953,2245073,1674597.467,269315133.90879,0,2025-07-15,0.010911781024597556,0.010852677106008285,71.38569284642318
2025-07-16,163.98,176.0,161.51,173.63,5020288.123,2025-07-16 23:59:59.999,849924900.1203501,2574205,2464594.231,417141037.63838,0,2025-07-16,0.058848640078058345,0.057182129188014845,74.1410488245931
2025-07-17,173.62,178.19,168.71,175.87,4491555.727,2025-07-17 23:59:59.999,781437221.9674301,3024259,2365477.212,411824636.75551,0,2025-07-17,0.01290099637159492,0.012818487392226498,75.33951282604006
2025-07-18,175.88,184.67,173.24,177.28,5191853.168,2025-07-18 23:59:59.999,931893082.3748,2947978,2624942.86,471216628.61877,0,2025-07-18,0.00801728549496783,0.007985317810646143,84.28372739916551
2025-07-19,177.28,178.61,174.0,176.96,2059315.008,2025-07-19 23:59:59.999,363940083.0705,1475514,1036823.317,183244254.04001,0,2025-07-19,-0.0018050541516244634,-0.0018066852249489244,83.95289771415375
2025-07-20,176.97,183.66,176.33,181.43,3694854.915,2025-07-20 23:59:59.999,666377253.9008,2315101,1889162.622,340910548.15039,0,2025-07-20,0.025259945750452095,0.02494618604810182,84.01196227283181
2025-07-21,181.44,199.28,178.25,195.72,6495907.179,2025-07-21 23:59:59.999,1245489002.45574,3865007,3434139.851,658618257.08004,0,2025-07-21,0.07876315934520206,0.07581516203885108,92.75282949981745
2025-07-22,195.72,206.3,193.75,205.7,8635627.173,2025-07-22 23:59:59.999,1728386077.16153,5218083,4435809.133,888655924.90008,0,2025-07-22,0.05099121193541789,0.04973373023798862,93.59367435856059
2025-07-23,205.7,205.75,183.97,189.4,5548137.499,2025-07-23 23:59:59.999,1070982208.4614,3511850,2437731.741,469975358.34688,0,2025-07-23,-0.07924161400097218,-0.0825576159069335,72.19097269858692
2025-07-24,189.4,191.87,179.21,182.87,5217064.871,2025-07-24 23:59:59.999,971502034.1881299,3520500,2440710.093,455057434.1438,0,2025-07-24,-0.03447729672650479,-0.03508566286543633,62.844863441009295
2025-07-25,182.88,186.85,175.63,186.76,4481310.44,2025-07-25 23:59:59.999,806409380.2980899,3217256,2252207.36,405374358.50148,0,2025-07-25,0.021271941816590978,0.02104885221619465,65.96970915426887
2025-07-26,186.75,189.78,184.29,184.88,1773453.875,2025-07-26 23:59:59.999,331235849.63192,1197596,829262.086,155003880.59953,0,2025-07-26,-0.010066395373741654,-0.01011740413661094,66.2895622895623
2025-07-27,184.89,190.7,184.53,188.64,2233060.133,2025-07-27 23:59:59.999,418620553.40531,1619218,1136211.858,213026725.62752,0,2025-07-27,0.020337516226741625,0.020133470822935467,67.72404900064475
2025-07-28,188.64,195.26,182.16,183.11,4067872.127,2025-07-28 23:59:59.999,768873079.63638,2788739,1867599.889,353277802.97717,0,2025-07-28,-0.02931509754028827,-0.029753371635438258,62.74079492806634
2025-07-29,183.1,186.68,178.3,181.48,2541912.036,2025-07-29 23:59:59.999,463596650.71106,2159517,1147045.365,209462830.29678,0,2025-07-29,-0.008901753044618155,-0.008941610357859443,60.68637029799707
2025-07-30,181.47,182.56,170.29,177.77,3297250.187,2025-07-30 23:59:59.999,585983082.58663,2502481,1509983.039,268212142.68597,0,2025-07-30,-0.020443024024685785,-0.02065487486116896,52.72583618646301
2025-07-31,177.77,182.7,171.44,172.22,2624841.783,2025-07-31 23:59:59.999,466405400.70146,1927344,1277197.651,226987071.77867,0,2025-07-31,-0.031220115880069788,-0.03171785066657496,47.697160883280745
2025-08-01,172.22,172.26,159.2,162.71,4317529.315,2025-08-01 23:59:59.999,722230246.8711901,3348302,2013722.779,336713822.85778,0,2025-08-01,-0.055220067355707725,-0.05680325411679142,41.65998855180308
2025-08-02,162.71,165.3,155.83,158.48,2208175.075,2025-08-02 23:59:59.999,355113008.8377,1637688,1053805.603,169574592.06586,0,2025-08-02,-0.025997172884272723,-0.026341072760932224,39.87508218277447
2025-08-03,158.49,163.14,156.28,161.97,2297909.311,2025-08-03 23:59:59.999,370496365.83064,1081075,1177583.149,189873087.61517,0,2025-08-03,0.02202170620898536,0.02178273050800981,39.22241914045192
2025-08-04,161.98,169.8,161.26,169.55,2688954.158,2025-08-04 23:59:59.999,444266444.38758,1905885,1399725.476,231488989.43981,0,2025-08-04,0.04679878989936426,0.045736735673342487,34.342467392605
2025-08-05,169.55,171.73,161.3,164.09,2554958.009,2025-08-05 23:59:59.999,425083041.90688,2110779,1214761.197,202364474.1079,0,2025-08-05,-0.03220289000294907,-0.03273281078458872,23.681214421252378
2025-08-06,164.09,169.93,161.13,168.09,1797491.429,2025-08-06 23:59:59.999,297879603.0579,1632609,892897.841,148105063.71322,0,2025-08-06,0.024376866353830184,0.02408449245824383,34.0374531835206
2025-08-07,168.1,175.51,166.7,175.36,3014662.995,2025-08-07 23:59:59.999,515712927.73765,1828953,1594771.854,272891137.19891,0,2025-08-07,0.04325063953834252,0.04234145351434783,44.436212772262564
2025-08-08,175.37,179.66,173.43,176.78,3678790.655,2025-08-08 23:59:59.999,648764863.62977,2321015,1897301.456,334758140.04995,0,2025-08-08,0.00809762773722622,0.008065017873151129,42.32543832666873
2025-08-09,176.79,183.45,176.64,179.95,3325504.387,2025-08-09 23:59:59.999,600713701.9436,1827513,1624627.414,293552602.34256,0,2025-08-09,0.017931892748048295,0.017773012892237684,46.282611974061226
2025-08-10,179.96,186.18,177.51,182.66,4197287.287,2025-08-10 23:59:59.999,764487779.1629901,2213416,2055263.249,374667636.54018,0,2025-08-10,0.01505973881633782,0.014947466738493122,45.41832669322711
2025-08-11,182.67,186.8,173.43,174.84,3960743.531,2025-08-11 23:59:59.999,716297040.55758,2540822,1858871.315,336337165.88191,0,2025-08-11,-0.042811781451877806,-0.043755231268419105,43.87860843819393
2025-08-12,174.83,193.76,173.6,191.78,5074348.157,2025-08-12 23:59:59.999,928619384.54652,2634085,2662524.995,487019840.91676,0,2025-08-12,0.09688858384808974,0.0924776117304214,56.215302920588954
2025-08-13,191.77,204.96,191.48,201.51,7148726.279,2025-08-13 23:59:59.999,1420646837.29987,3943926,3533760.444,702449884.61743,0,2025-08-13,0.050735217436645996,0.04949012622134757,63.35508550855084
2025-08-14,201.51,209.86,186.68,192.47,8965607.314,2025-08-14 23:59:59.999,1785079918.85764,5852370,4255318.34,849176684.32491,0,2025-08-14,-0.044861297206094,-0.04589871051985037,60.96135108801559
2025-08-15,192.46,198.07,183.3,185.72,4360287.396,2025-08-15 23:59:59.999,829105705.0394099,3117056,2216480.357,421787464.19294,0,2025-08-15,-0.03507040058190891,-0.03570013427531156,62.838968865082016
2025-08-16,185.71,190.06,185.2,189.6,2099818.448,2025-08-16 23:59:59.999,394159921.57508,1394994,1083917.094,203589958.18122,0,2025-08-16,0.020891664871850013,0.020676426669200387,67.4322204794981
2025-08-17,189.61,195.89,187.35,190.99,2261555.556,2025-08-17 23:59:59.999,434881253.74428,1584860,1168979.573,224830385.39495,0,2025-08-17,0.007331223628691985,0.007304480834141732,66.64754474529602
2025-08-18,191.0,191.33,180.0,182.94,3374074.697,2025-08-18 23:59:59.999,618792820.898,2339848,1582236.484,290003974.26017,0,2025-08-18,-0.0421488036022829,-0.04306284042684481,57.64007759899577
2025-08-19,182.94,185.87,175.69,176.22,3260089.959,2025-08-19 23:59:59.999,585480412.157,2553489,1617839.541,290745460.22482,0,2025-08-19,-0.03673335519842569,-0.03742501578963468,56.82303971200359
2025-08-20,176.22,187.97,176.04,187.94,3464957.674,2025-08-20 23:59:59.999,631568652.47851,2509424,1726098.66,314790784.97878,0,2025-08-20,0.06650777437294297,0.06438954851633527,60.27326363730462
2025-08-21,187.95,190.1,179.43,180.29,2914511.603,2025-08-21 23:59:59.999,539342225.23738,2294252,1489629.607,275709435.87059,0,2025-08-21,-0.04070448015324046,-0.04155609740081013,52.54149912362098
2025-08-22,180.3,202.4,177.27,200.69,6594118.389,2025-08-22 23:59:59.999,1256886660.78769,4028924,3444837.705,656638513.18801,0,2025-08-22,0.11315103444450614,0.10719476339648297,60.308700525998105
2025-08-23,200.69,208.62,195.26,204.14,4788640.759,2025-08-23 23:59:59.999,973536839.81952,2877535,2425377.181,493498522.82742,0,2025-08-23,0.017190692112212913,0.01704460402476061,60.404301075268826
2025-08-24,204.15,211.99,201.09,205.98,7165649.238,2025-08-24 23:59:59.999,1481731932.84565,4288191,3663666.874,758083986.81832,0,2025-08-24,0.009013422161261886,0.008973043722303356,60.10573756283585
2025-08-25,205.99,213.6,185.33,187.2,7953100.753,2025-08-25 23:59:59.999,1582418695.44157,5377684,3746268.35,746390673.41468,0,2025-08-25,-0.09117390037867756,-0.09560151265416404,54.89156245053031
2025-08-26,187.19,198.1,185.58,195.86,4734419.522,2025-08-26 23:59:59.999,902012356.43676,3831434,2382192.607,454568019.98624,0,2025-08-26,0.04626068376068382,0.045222554249156804,51.72793494833136
2025-08-27,195.85,212.08,193.78,202.95,7835140.154,2025-08-27 23:59:59.999,1604543620.28289,5143734,4132655.409,846890431.5562899,0,2025-08-27,0.036199326049218605,0.0355595249922581,50.623808698665734
2025-08-28,202.95,216.89,201.72,214.43,7247306.546,2025-08-28 23:59:59.999,1535414273.75746,3790488,3839942.538,813990149.8436099,0,2025-08-28,0.05656565656565671,0.05502370149623274,59.31613779059902
2025-08-29,214.43,218.0,199.85,205.08,8607486.597,2025-08-29 23:59:59.999,1804668250.00784,4655834,4284921.175,899333433.76943,0,2025-08-29,-0.043603973324628065,-0.04458319786563948,58.03586252697992
2025-08-30,205.09,207.06,197.52,202.7,3894576.115,2025-08-30 23:59:59.999,788507477.6062,1971665,1755636.344,355895867.59353,0,2025-08-30,-0.01160522722839874,-0.011673093457545547,55.50605245460659
2025-08-31,202.7,206.66,200.28,200.62,3303223.948,2025-08-31 23:59:59.999,673804991.87307,1543137,1690466.491,344969787.46698,0,2025-08-31,-0.010261470152935326,-0.010314482002615208,54.024237358963646
2025-09-01,200.62,204.58,194.19,197.32,4464767.773,2025-09-01 23:59:59.999,888774733.5150499,2833944,1892052.016,376727139.48723,0,2025-09-01,-0.01644900807496763,-0.016585795089801625,56.257615317667536
2025-09-02,197.32,209.68,196.77,209.65,4894637.549,2025-09-02 23:59:59.999,995253298.23912,2854002,2697474.886,548854090.85319,0,2025-09-02,0.06248733022501529,0.06061269725123424,63.870218239150276
2025-09-03,209.64,213.02,207.42,210.77,4063191.683,2025-09-03 23:59:59.999,853869392.7096,2104093,2185707.136,459360011.33567,0,2025-09-03,0.005342237061769728,0.005328017932184218,60.38577017559821
2025-09-04,210.77,211.94,201.84,202.32,2726779.277,2025-09-04 23:59:59.999,562140700.46499,1685149,1294289.778,266871225.05078,0,2025-09-04,-0.040091094558049156,-0.04091688918724616,59.94941739680245
2025-09-05,202.32,210.0,200.95,203.36,4121395.255,2025-09-05 23:59:59.999,845694209.9545299,2398880,2046389.379,419899384.367,0,2025-09-05,0.0051403716884144135,0.005127205079434232,51.46141215106733
2025-09-06,203.37,204.68,199.32,200.16,1481500.997,2025-09-06 23:59:59.999,299268104.11997,793661,681164.747,137685804.84936,0,2025-09-06,-0.015735641227380137,-0.015860760722543034,47.815587266739854
2025-09-07,200.17,207.95,200.12,206.35,2217510.763,2025-09-07 23:59:59.999,452766240.274,891331,1156913.809,236128365.35046,0,2025-09-07,0.030925259792166315,0.03045670947998986,50.19381875327397
2025-09-08,206.35,217.11,205.59,214.11,5729678.935,2025-09-08 23:59:59.999,1218755448.80921,2394975,3251132.884,691179831.01793,0,2025-09-08,0.03760600920765689,0.03691614545249486,65.93627857396659
2025-09-09,214.11,219.79,210.79,217.21,4979304.713,2025-09-09 23:59:59.999,1074352909.955,2271930,2520698.793,544137797.82671,0,2025-09-09,0.014478539068703,0.014374725864516444,63.534930898947614
2025-09-10,217.22,226.0,215.09,224.07,4824185.212,2025-09-10 23:59:59.999,1068145608.20625,2291606,2546474.243,563809228.96357,0,2025-09-10,0.031582339671285764,0.03109387552148277,63.42828077314342
2025-09-11,224.06,228.95,221.72,228.73,4352357.001,2025-09-11 23:59:59.999,982824602.60322,2350356,2369153.596,535293920.19147,0,2025-09-11,0.020797072343464063,0.02058376560218324,59.95544416597046
2025-09-12,228.73,244.04,228.11,242.18,5891653.931,2025-09-12 23:59:59.999,1401494582.28432,2743953,3085696.767,733916376.80174,0,2025-09-12,0.05880295544965697,0.05713898268695212,74.43361433087456
2025-09-13,242.18,244.14,235.73,242.38,3305661.265,2025-09-13 23:59:59.999,797410753.3084301,1663122,1725527.881,416591546.71365,0,2025-09-13,0.0008258320257659157,0.0008254912141210655,76.90534309736911
2025-09-14,242.38,249.6,239.23,239.76,4165171.128,2025-09-14 23:59:59.999,1020860755.13829,2465676,2094369.415,513630277.84137,0,2025-09-14,-0.010809472728772973,-0.010868319531933538,76.34625740441568
2025-09-15,239.75,244.0,230.15,234.31,4733589.619,2025-09-15 23:59:59.999,1116796443.80521,2667457,2368650.803,558865770.035,0,2025-09-15,-0.022731064397730982,-0.022993398081066378,74.19861311003531
2025-09-16,234.32,240.95,231.26,236.96,3181627.06,2025-09-16 23:59:59.999,751087110.05172,1950517,1706720.671,403030347.3998,0,2025-09-16,0.011309803252101958,0.011246325592147385,70.4569288389513
2025-09-17,236.96,246.62,232.23,244.84,4771529.493,2025-09-17 23:59:59.999,1131152511.04479,2695846,2483016.253,589107432.37187,0,2025-09-17,0.033254557731262624,0.03271358546338041,73.17371786151541
2025-09-18,244.84,253.51,242.58,247.5,3916890.908,2025-09-18 23:59:59.999,969547754.18097,2112417,2160114.638,534966168.06047,0,2025-09-18,0.01086423786962909,0.010805646025875845,83.3579444772593
2025-09-19,247.5,248.57,235.12,238.53,3384985.698,2025-09-19 23:59:59.999,816472208.89022,1817232,1600936.349,386322880.95369,0,2025-09-19,-0.03624242424242419,-0.036915493427243144,73.2452081956378
2025-09-20,238.53,241.22,236.91,239.48,1550489.215,2025-09-20 23:59:59.999,370629858.97415,954135,799562.064,191188408.81704,0,2025-09-20,0.003982727539512787,0.003974817475649441,76.78474114441417
2025-09-21,239.48,241.82,235.32,236.16,1392437.976,2025-09-21 23:59:59.999,332349583.59001,1012982,648385.27,154795187.04847,0,2025-09-21,-0.013863370636378769,-0.01396036464504357,71.13285126896358
2025-09-22,236.16,236.96,214.5,220.38,5836593.703,2025-09-22 23:59:59.999,1306702324.90479,2962747,2900078.07,649181089.12863,0,2025-09-22,-0.06681910569105687,-0.06915621235247668,53.991088478676
2025-09-23,220.39,221.71,212.34,213.3,3448908.468,2025-09-23 23:59:59.999,749395007.6961901,2084709,1671872.261,363770999.28327,0,2025-09-23,-0.032126327252926745,-0.03265370358232604,47.63116442505756
2025-09-24,213.29,216.45,204.81,211.6,4427457.526,2025-09-24 23:59:59.999,934723852.95988,2319661,2344079.993,494768221.32258,0,2025-09-24,-0.007969995311767564,-0.008001925493160669,41.94132092542329
2025-09-25,211.61,212.44,191.32,192.74,6761257.291,2025-09-25 23:59:59.999,1356874816.64603,3572335,3075520.35,618287017.91409,0,2025-09-25,-0.08913043478260863,-0.09335556956100288,30.348367369225727
2025-09-26,192.73,205.52,190.8,205.17,5623202.874,2025-09-26 23:59:59.999,1107437559.64762,2949417,3032346.863,597863232.69546,0,2025-09-26,0.06449102417764863,0.06249677335497299,29.563776918829348
2025-09-27,205.16,205.43,199.88,203.46,2104933.415,2025-09-27 23:59:59.999,426788361.48016,1142963,1053845.652,213666396.18808,0,2025-09-27,-0.008334551835063486,-0.008369478412512002,28.861611992178993
2025-09-28,203.47,211.0,198.0,210.83,2194260.074,2025-09-28 23:59:59.999,447175240.70321,1301607,1169507.196,238733076.79628,0,2025-09-28,0.03622333628231589,0.035582696166299735,35.058361739489726
2025-09-29,210.83,214.74,204.58,212.75,3213098.851,2025-09-29 23:59:59.999,674793150.7918,1908731,1700434.727,357305588.43003,0,2025-09-29,0.009106863349618077,0.009065645921581393,38.443396226415075
2025-09-30,212.74,213.67,204.29,208.68,3264781.485,2025-09-30 23:59:59.999,679647220.11924,1922286,1629038.204,338974705.59483,0,2025-09-30,-0.019130434782608674,-0.019315789299291522,35.06863780359028
2025-10-01,208.68,222.77,206.31,222.04,4050260.921,2025-10-01 23:59:59.999,873666054.9836899,2119007,2112500.76,455862509.31609,0,2025-10-01,0.06402146827678745,0.06205556766776859,38.62048313036533
2025-10-02,222.04,234.99,219.52,234.74,4590696.388,2025-10-02 23:59:59.999,1041743948.15148,2550516,2430897.772,552207693.25385,0,2025-10-02,0.05719690145919665,0.05562097285001741,44.21157684630739
2025-10-03,234.74,237.0,227.13,232.84,4216611.614,2025-10-03 23:59:59.999,977118748.0920099,2632758,1989446.56,461370463.20301,0,2025-10-03,-0.008094061514867579,-0.008126996268443156,47.241880756180315
2025-10-04,232.84,234.05,224.07,227.86,1841410.605,2025-10-04 23:59:59.999,420089668.09435,1292594,848007.567,193529628.25844,0,2025-10-04,-0.02138807764988826,-0.021620117133564987,44.57921253965293
2025-10-05,227.86,237.22,226.45,228.56,3099633.526,2025-10-05 23:59:59.999,718004023.22144,2035300,1591307.851,368654749.8226,0,2025-10-05,0.003072061792328551,0.0030673526525478645,46.36572302983932
2025-10-06,228.56,237.79,227.55,232.35,2981928.375,2025-10-06 23:59:59.999,696237930.30736,2186112,1415486.181,330542794.7619,0,2025-10-06,0.01658207910395526,0.016446097608469757,56.46537755212273
2025-10-07,232.35,235.21,219.7,219.97,4401045.757,2025-10-07 23:59:59.999,999073406.40618,2553696,1883971.589,427720717.77175,0,2025-10-07,-0.053281687109963394,-0.05475368211335538,53.407581485644215
2025-10-08,219.98,229.72,217.3,229.02,3103760.645,2025-10-08 23:59:59.999,692169444.64124,2154720,1521159.511,339467389.20357,0,2025-10-08,0.041141973905532536,0.04031816256756141,58.27789393651398
2025-10-09,229.03,229.69,216.53,220.93,3272953.431,2025-10-09 23:59:59.999,728443051.98444,2359051,1555362.983,346194074.20143,0,2025-10-09,-0.035324425814339366,-0.03596342672225656,64.923239809423
2025-10-10,220.93,224.46,168.79,188.43,9622835.429,2025-10-10 23:59:59.999,1933764147.70444,5852243,4390741.937,881580460.6615299,0,2025-10-10,-0.1471054180057032,-0.15911932412853777,42.69123297240657
2025-10-11,188.43,191.05,172.58,177.62,7292387.248,2025-10-11 23:59:59.999,1336674581.83677,6001725,3467397.907,636071998.87581,0,2025-10-11,-0.05736878416388047,-0.05908014830404103,39.54861672868468
2025-10-12,177.63,199.0,173.0,197.0,6486999.721,2025-10-12 23:59:59.999,1212033480.30209,4248027,3425894.129,640165160.3426,0,2025-10-12,0.1091093345343992,0.1035572919076304,44.9015704490157
2025-10-13,196.99,209.28,190.02,208.69,6253161.511,2025-10-13 23:59:59.999,1243650930.49898,3592866,3232556.962,643354981.6331,0,2025-10-13,0.059340101522842525,0.05764616852875056,48.60385144429161
2025-10-14,208.69,211.25,191.03,202.44,7349167.875,2025-10-14 23:59:59.999,1468181584.29201,4266429,3571738.91,713281510.99216,0,2025-10-14,-0.029948727778044026,-0.030406350920861976,47.88589239734382
2025-10-15,202.45,208.91,192.04,193.84,5369155.439,2025-10-15 23:59:59.999,1077459951.2918,3462246,2559191.371,514572709.50025,0,2025-10-15,-0.04248172297964825,-0.04341046983760691,40.12743313261449
2025-10-16,193.84,198.42,182.03,184.85,5404640.663,2025-10-16 23:59:59.999,1031907451.9011,3984585,2588038.907,494416382.76595,0,2025-10-16,-0.046378456458935235,-0.04748839112562941,32.0681475091654
2025-10-17,184.84,187.55,174.06,181.96,6102908.877,2025-10-17 23:59:59.999,1105131379.71511,4990043,3079631.799,557987347.00983,0,2025-10-17,-0.01563429807952388,-0.015757802680837523,31.841541755888656
2025-10-18,181.97,188.26,181.75,187.56,2105841.095,2025-10-18 23:59:59.999,390464630.80473,1671152,1082763.1,200835932.80495,0,2025-10-18,0.030775994724115074,0.030311911519582103,35.680784536668554
2025-10-19,187.55,192.29,183.19,187.86,2483964.6,2025-10-19 23:59:59.999,467903351.76606,1924138,1248476.869,235316481.68095,0,2025-10-19,0.0015994881637877434,0.001598210344983933,35.497434435575826
2025-10-20,187.86,194.5,183.82,189.71,3178001.499,2025-10-20 23:59:59.999,603125239.27637,2433576,1619222.027,307159843.30883,0,2025-10-20,0.00984775896944523,0.009799585798084586,34.59314929903165
2025-10-21,189.71,197.71,182.72,185.63,4651082.621,2025-10-21 23:59:59.999,882667767.13181,2993729,2158522.061,410075309.05155,0,2025-10-21,-0.0215065099362185,-0.021741145143322243,36.80043050430504
2025-10-22,185.62,187.45,177.04,180.12,3977004.715,2025-10-22 23:59:59.999,728436136.60218,2949085,1937463.518,355264696.81051,0,2025-10-22,-0.029682702149437024,-0.030132149787760906,30.678046467520147
2025-10-23,180.13,193.45,179.68,191.35,3501959.115,2025-10-23 23:59:59.999,660476128.42061,2124848,1737067.652,327534397.49002,0,2025-10-23,0.06234732400621801,0.060480916438340304,38.595003084515724
2025-10-24,191.36,197.0,188.83,193.59,3356762.626,2025-10-24 23:59:59.999,645504079.80877,1753520,1673206.915,321991930.24826,0,2025-10-24,0.011706297360857043,0.011638308744146772,52.59505129752564
2025-10-25,193.58,195.25,191.19,193.84,1626838.938,2025-10-25 23:59:59.999,314665640.87631,874157,759627.35,146905395.87584,0,2025-10-25,0.001291389018027722,0.0012905558924121592,59.126716182759395
2025-10-26,193.84,202.43,191.9,200.03,2577750.13,2025-10-26 23:59:59.999,509121280.43437,1351806,1288235.909,254676175.88971,0,2025-10-26,0.03193355344614113,0.03143427879089124,52.00211444429761
2025-10-27,200.03,205.33,197.34,198.7,3515609.387,2025-10-27 23:59:59.999,708336575.4123,2185287,1655177.051,333516439.74457,0,2025-10-27,-0.006649002649602664,-0.006671205741390492,42.35186035829122
2025-10-28,198.71,203.99,190.22,194.15,4329169.961,2025-10-28 23:59:59.999,859454239.36776,2719480,2062269.032,409836950.39202,0,2025-10-28,-0.022898842476094527,-0.023165093380094755,43.48372897343185
2025-10-29,194.16,201.7,189.37,193.88,4620887.829,2025-10-29 23:59:59.999,904296220.3726301,3083485,2104961.981,412094062.62182,0,2025-10-29,-0.0013906773113572246,-0.0013916452005011052,50.036179450072346
2025-10-30,193.89,198.19,178.65,184.69,5054538.263,2025-10-30 23:59:59.999,951567373.3704499,3681828,2375165.65,447162989.26868,0,2025-10-30,-0.04740045388900349,-0.048560667089355226,49.85580389329489
2025-10-31,184.69,190.26,183.7,187.21,3193393.84,2025-10-31 23:59:59.999,595975738.67529,2136994,1676919.623,313116141.94499,0,2025-10-31,0.013644485353836222,0.013552237532357073,54.763200870985294
2025-11-01,187.21,187.55,183.79,186.35,1484505.22,2025-11-01 23:59:59.999,276116739.23029,977810,737045.793,137067318.94969,0,2025-11-01,-0.004593771700229787,-0.0046043554949096845,48.798888227119306
2025-11-02,186.35,188.34,182.0,187.71,1761297.557,2025-11-02 23:59:59.999,326634314.33352,1245796,887277.837,164646160.44819,0,2025-11-02,0.007298094982559844,0.007271592753114535,49.854170717480066
2025-11-03,187.71,189.13,163.15,166.06,7327613.063,2025-11-03 23:59:59.999,1264049328.01724,3910583,3337771.152,575999147.169,0,2025-11-03,-0.11533748867934579,-0.12254904984449724,33.39884879966307
2025-11-04,166.06,168.42,145.85,155.03,8288577.565,2025-11-04 23:59:59.999,1304788600.2289,5573905,4105832.682,647241823.65151,0,2025-11-04,-0.06642177526195348,-0.06873052225561371,30.42977743668459
2025-11-05,155.04,163.97,147.29,162.37,4650531.688,2025-11-05 23:59:59.999,731570306.64341,3444083,2395791.521,377263431.01647,0,2025-11-05,0.047345675030639356,0.046259035020752355,38.90763654543183
2025-11-06,162.37,162.91,153.45,155.28,3576753.327,2025-11-06 23:59:59.999,566130762.86118,2732485,1700925.871,269316674.68073,0,2025-11-06,-0.04366570179220297,-0.04464774273826821,26.229076051140126
2025-11-07,155.27,164.48,149.82,161.79,4213077.972,2025-11-07 23:59:59.999,661451643.57886,3662708,2180968.092,342240397.26796,0,2025-11-07,0.04192426584234932,0.04106925915649053,30.159720489143993
2025-11-08,161.8,164.89,155.8,158.02,2502927.24,2025-11-08 23:59:59.999,399996303.16123,1841390,1156642.546,184916260.77013,0,2025-11-08,-0.023301810989554195,-0.02357759072265795,28.591919674874504
2025-11-09,158.01,166.57,155.11,164.53,3231789.575,2025-11-09 23:59:59.999,520708062.09549,1970862,1726815.379,278546109.88247,0,2025-11-09,0.04119731679534233,0.04037131710397147,28.864015241724232
2025-11-10,164.53,170.48,163.42,167.31,3628961.126,2025-11-10 23:59:59.999,607111109.27836,2502580,1661117.365,278070013.25858,0,2025-11-10,0.016896614599161364,0.016755454671013432,31.628233641577907
2025-11-11,167.31,171.94,153.93,154.63,4702104.213,2025-11-11 23:59:59.999,766449925.55292,2677284,2103700.289,343312638.75657,0,2025-11-11,-0.07578746040284501,-0.07881321258223291,28.879863189397184
2025-11-12,154.63,161.14,151.2,153.42,4139205.467,2025-11-12 23:59:59.999,645568636.5188,2512619,1891356.677,294919770.80986,0,2025-11-12,-0.007825130957770265,-0.007855907956188964,28.592592592592595
2025-11-13,153.43,157.2,141.04,144.73,5418189.697,2025-11-13 23:59:59.999,812546000.9132301,3262498,2669826.268,400356743.08084,0,2025-11-13,-0.056641898057619544,-0.05830932088163698,28.744680851063833
2025-11-14,144.74,145.68,135.76,138.92,6176425.147,2025-11-14 23:59:59.999,871175641.3312,4481602,2954405.845,416674101.98472,0,2025-11-14,-0.04014371588475096,-0.04097170977363998,25.182444238873472
2025-11-15,138.93,144.69,138.61,139.61,2351478.022,2025-11-15 23:59:59.999,332993047.78325,1548121,1215575.886,172119986.6611,0,2025-11-15,0.004966887417218624,0.004954593124683395,25.936985172981892
2025-11-16,139.6,143.38,134.42,137.17,3385434.284,2025-11-16 23:59:59.999,468359686.65837,2470289,1619328.951,224201649.45952,0,2025-11-16,-0.017477258076069258,-0.01763178851024117,24.26680244399185
2025-11-17,137.17,143.28,128.82,130.99,5624720.775,2025-11-17 23:59:59.999,766512711.1086301,3486901,2856236.362,389196967.05988,0,2025-11-17,-0.04505358314500241,-0.04610004808075793,28.804544905113033
2025-11-18,131.0,142.17,129.0,140.69,5528848.81,2025-11-18 23:59:59.999,757005300.5472,3294195,2878693.819,394426803.9391,0,2025-11-18,0.07405145430948923,0.07143790397956429,41.19164619164619
2025-11-19,140.68,142.84,130.53,137.06,4268467.044,2025-11-19 23:59:59.999,583711754.9035,2768770,2025649.553,277083447.06079,0,2025-11-19,-0.025801407349491767,-0.026140102231444213,33.710902304028835
2025-11-20,137.06,144.8,131.11,133.67,7048254.224,2025-11-20 23:59:59.999,972668410.7962701,3544605,3512012.724,484199926.05163,0,2025-11-20,-0.02473369327301922,-0.02504471017429606,35.39667522638193
2025-11-21,133.67,135.06,121.66,128.68,8285885.693,2025-11-21 23:59:59.999,1059214775.74427,5098676,3956809.2,505744622.0727,0,2025-11-21,-0.03733073988179836,-0.03804537361255597,27.156064578446262
2025-11-22,128.69,129.94,125.08,127.59,2612487.859,2025-11-22 23:59:59.999,332301149.10065,1893811,1347120.481,171366016.03107,0,2025-11-22,-0.008470624805719695,-0.00850670443717382,28.198882361369826
2025-11-23,127.6,133.54,127.56,130.58,2818715.19,2025-11-23 23:59:59.999,368727256.45107,1686146,1506627.689,197175782.38814,0,2025-11-23,0.023434438435614213,0.023164067824835696,24.385091293194535
2025-11-24,130.58,139.87,128.44,138.44,4744857.046,2025-11-24 23:59:59.999,632869856.70086,2659938,2276135.295,303450523.8922,0,2025-11-24,0.060192985143207034,0.058450953008655895,29.7687456201822
2025-11-25,138.43,140.5,133.13,138.96,2994819.853,2025-11-25 23:59:59.999,409226323.33044,2110444,1420037.017,194241801.42398,0,2025-11-25,0.0037561398439758253,0.003749103165706087,36.76296671735092
2025-11-26,138.96,144.75,135.5,143.02,4021862.67,2025-11-26 23:59:59.999,562094537.22552,2100192,1886595.624,263450272.31572,0,2025-11-26,0.029217040875072042,0.028798358687400473,41.61831076724696
2025-11-27,143.01,144.29,140.47,140.85,2331673.189,2025-11-27 23:59:59.999,331918081.73149,1218711,1158259.662,164844366.92401,0,2025-11-27,-0.015172703118445097,-0.015288986297868411,46.505763688760815
2025-11-28,140.85,143.6,136.01,137.33,3502510.031,2025-11-28 23:59:59.999,490598696.88363,1614078,1714576.896,240463680.13399,0,2025-11-28,-0.024991125310613982,-0.02530870578019094,48.50648130753337
2025-11-29,137.33,138.1,134.76,135.91,1859321.171,2025-11-29 23:59:59.999,254173125.62851,749092,815022.408,111395094.81332,0,2025-11-29,-0.010340056797495167,-0.010393886574934653,46.57153446997775
2025-11-30,135.92,140.19,133.26,133.48,2608165.329,2025-11-30 23:59:59.999,357882224.67243,991552,1170667.571,160729812.70821,0,2025-11-30,-0.01787947906702969,-0.018041248084082726,46.580166821130675
2025-12-01,133.48,133.74,123.11,126.66,5007504.057,2025-12-01 23:59:59.999,635198829.37354,2539012,2414287.708,306111931.02272,0,2025-12-01,-0.05109379682349413,-0.05244532279488899,46.0340721743909
2025-12-02,126.66,140.88,126.01,138.68,5022856.747,2025-12-02 23:59:59.999,675106831.85339,2502692,2542106.459,340662911.60813,0,2025-12-02,0.09489973156481923,0.09066278972853847,48.234053769109124
2025-12-03,138.67,146.08,137.76,144.67,3954144.805,2025-12-03 23:59:59.999,560511341.40006,2140894,2059434.533,292176548.97666,0,2025-12-03,0.04319296221517144,0.04228616582467599,56.41977391597772
2025-12-04,144.67,146.91,137.8,139.01,2694242.241,2025-12-04 23:59:59.999,383629221.93813,1819447,1288391.317,183480458.32498,0,2025-12-04,-0.03912352249948159,-0.039909413652497595,54.338641533961656
2025-12-05,139.01,140.75,130.73,133.29,3367359.143,2025-12-05 23:59:59.999,457172027.12608,1904907,1710078.635,232061653.70566,0,2025-12-05,-0.04114811884037117,-0.04201866737307444,53.70162196884534
2025-12-06,133.29,134.13,131.28,132.19,1341595.431,2025-12-06 23:59:59.999,178276609.9626,893052,668326.895,88826441.27074,0,2025-12-06,-0.008252682121689503,-0.008286924024618449,53.69299935773924
2025-12-07,132.2,136.35,127.7,132.24,3131804.491,2025-12-07 23:59:59.999,413797116.36681,1814091,1510555.517,199613207.11372,0,2025-12-07,0.0003782434374763888,0.00037817192146046594,51.398719245028644
2025-12-08,132.25,139.36,131.52,133.25,3245115.426,2025-12-08 23:59:59.999,440265638.92837,2042892,1666582.477,225925685.64272,0,2025-12-08,0.00763762855414396,0.007608609533185162,45.05620118117737
2025-12-09,133.24,144.93,131.62,137.88,4508522.034,2025-12-09 23:59:59.999,623533690.7888,2422599,2211760.743,305879703.53315,0,2025-12-09,0.034746716697936275,0.034156678602710766,49.0459363957597
2025-12-10,137.87,142.57,135.39,136.26,4520230.276,2025-12-10 23:59:59.999,624546006.02724,2617344,2287647.226,316218788.9851,0,2025-12-10,-0.011749347258485643,-0.011818916303142527,43.75923190546527
2025-12-11,136.26,137.79,129.0,136.41,4377697.036,2025-12-11 23:59:59.999,581262368.19525,2353342,2061905.446,273749386.29795,0,2025-12-11,0.0011008366358433719,0.0011002311595069139,45.742232451093216
2025-12-12,136.41,140.12,130.35,132.27,4005608.262,2025-12-12 23:59:59.999,542914566.1894,2200099,2010331.565,272691790.16823,0,2025-12-12,-0.030349681108423066,-0.03081976846707286,45.20470053070507
2025-12-13,132.28,134.28,131.6,133.14,1472483.735,2025-12-13 23:59:59.999,195790564.90788,667045,694047.118,92243590.77562,0,2025-12-13,0.006577455205261762,0.0065559181346014,47.34725148438995
2025-12-14,133.13,133.66,127.98,129.4,1731614.637,2025-12-14 23:59:59.999,227172804.50155,961625,796819.698,104590641.23822,0,2025-12-14,-0.028090731560762916,-0.028492824105757167,46.1883408071749
2025-12-15,129.39,135.43,123.63,127.81,3922431.0,2025-12-15 23:59:59.999,505572419.27462,2137229,1985013.141,255671011.64546,0,2025-12-15,-0.012287480680061802,-0.012363595923177156,51.19072271691862
2025-12-16,127.81,130.14,124.87,129.15,2884783.998,2025-12-16 23:59:59.999,368318615.17013,1843584,1399666.014,178835356.04512,0,2025-12-16,0.010484312651592331,0.01042973339822661,37.330497208189286
2025-12-17,129.15,133.99,121.36,123.27,4525580.216,2025-12-17 23:59:59.999,574312574.39112,2357854,2252925.062,285684022.61838,0,2025-12-17,-0.04552845528455296,-0.04659744797842154,21.46666666666664
2025-12-18,123.28,129.05,116.88,119.6,4790795.008,2025-12-18 23:59:59.999,589276513.97563,2419617,2455733.514,302049648.46607,0,2025-12-18,-0.029772045104242695,-0.03022423004689669,22.66967051534776
2025-12-19,119.6,127.87,117.61,126.27,4090548.592,2025-12-19 23:59:59.999,508624593.21844,2082071,2067556.9,257066193.76342,0,2025-12-19,0.05576923076923079,0.054269629934057616,40.373011519473394
2025-12-20,126.27,126.89,125.3,125.81,1229353.586,2025-12-20 23:59:59.999,155070613.06539,488206,570925.594,72008369.97456,0,2025-12-20,-0.0036429872495445936,-0.0036496390875493927,41.09436069235064
2025-12-21,125.8,126.62,123.4,126.03,1812103.189,2025-12-21 23:59:59.999,227009325.56382,839564,888951.251,111369881.77771,0,2025-12-21,0.001748668627295169,0.0017471414863608975,41.37260350097247
2025-12-22,126.03,128.78,124.2,125.93,2667589.146,2025-12-22 23:59:59.999,337356985.61644,1282063,1390774.267,175861805.7656,0,2025-12-22,-0.0007934618741568533,-0.0007937768316452504,39.566704675028504
2025-12-23,125.93,126.93,122.16,124.01,2440030.872,2025-12-23 23:59:59.999,303158690.00044,1214338,1172899.452,145753935.76107,0,2025-12-23,-0.01524656555229098,-0.01536398950307408,28.575841828853868
2025-12-24,124.02,124.3,120.63,122.53,1605450.498,2025-12-24 23:59:59.999,196266334.88911,891219,824072.237,100754938.70787,0,2025-12-24,-0.011934521409563748,-0.012006309553325826,28.699968973006506
2025-12-25,122.52,124.46,119.71,120.06,1818325.148,2025-12-25 23:59:59.999,222666013.3961,620763,889311.86,108873707.02848,0,2025-12-25,-0.020158328572594475,-0.02036428013765813,26.33863965267726
2025-12-26,120.05,125.14,119.24,122.26,3326516.562,2025-12-26 23:59:59.999,407793789.6008,1242795,1709921.31,209642848.2221,0,2025-12-26,0.018324171247709575,0.018158306776882394,34.65194725544309
2025-12-27,122.27,125.08,121.86,124.73,1357802.112,2025-12-27 23:59:59.999,167427635.64651,458614,705415.06,86930063.87465,0,2025-12-27,0.020202846392933127,0.02000147653703844,37.708272434960556
2025-12-28,124.74,125.64,123.08,125.27,1828960.451,2025-12-28 23:59:59.999,227049720.92228,519293,1001153.634,124250283.18544,0,2025-12-28,0.004329351399021908,0.004320006718482828,43.34085778781037
2025-12-29,125.27,130.16,122.36,123.28,4307595.105,2025-12-29 23:59:59.999,543723304.50905,1525275,2170738.716,273979551.00564,0,2025-12-29,-0.0158856869162608,-0.016013216844240164,42.78892072588347
2025-12-30,123.28,126.52,122.58,125.01,2480631.516,2025-12-30 23:59:59.999,308730777.48262,955705,1282143.241,159510270.29718,0,2025-12-30,0.014033095392602224,0.013935543090611487,43.49056603773585
2025-12-31,125.02,132.75,122.99,124.65,2941643.658,2025-12-31 23:59:59.999,368493594.69384,966712,1511491.268,189642368.75779,0,2025-12-31,-0.0028797696184305055,-0.002883924132904871,52.625570776255735
2026-01-01,124.64,127.25,124.15,126.9,1733664.978,2026-01-01 23:59:59.999,217068948.15615,515257,852972.092,106762286.53978,0,2026-01-01,0.018050541516245522,0.017889564750775123,64.68222043443285
2026-01-02,126.91,133.25,125.84,132.29,2924227.372,2026-01-02 23:59:59.999,378213187.58117,1348954,1522741.331,197011254.76109,0,2026-01-02,0.042474389282899816,0.04159710775394665,62.76505513146735
2026-01-03,132.28,133.99,129.6,133.37,1520623.499,2026-01-03 23:59:59.999,200295921.55764,637040,750641.795,98885456.69177,0,2026-01-03,0.008163882379620624,0.008130738160014523,65.61983471074382
2026-01-04,133.37,135.54,133.12,134.12,1809269.113,2026-01-04 23:59:59.999,242985169.55108,892859,891018.315,119678269.92305,0,2026-01-04,0.005623453550273716,0.005607700963724674,66.35665183987062
2026-01-05,134.12,139.87,133.18,137.9,3327567.484,2026-01-05 23:59:59.999,452911084.26412,1633145,1712601.556,233186865.5719,0,2026-01-05,0.028183716075156573,0.027793863201228335,71.06652587117212
2026-01-06,137.91,143.48,136.19,141.08,3771795.117,2026-01-06 23:59:59.999,526491231.9802,1877400,1879675.868,262463139.66856,0,2026-01-06,0.0230601885424222,0.02279832056859527,78.76643073811933
2026-01-07,141.08,141.4,134.41,136.39,2321642.178,2026-01-07 23:59:59.999,319140449.80578,1424664,1134923.82,155994779.50557,0,2026-01-07,-0.03324354975900212,-0.03380867642906761,71.07664233576638
2026-01-08,136.39,140.07,132.67,138.37,3113437.835,2026-01-08 23:59:59.999,425211873.06351,1555663,1570298.608,214666999.43402,0,2026-01-08,0.014517193342620471,0.014412827742509267,78.26489657301633
2026-01-09,138.37,141.17,134.98,135.97,3778547.996,2026-01-09 23:59:59.999,522670162.73951,1559427,1915953.782,265155364.55501,0,2026-01-09,-0.017344800173448083,-0.01749698351369844,71.03405952746238
2026-01-10,135.96,137.05,135.37,135.84,1000837.004,2026-01-10 23:59:59.999,136346330.79801,419628,495750.86,67555492.87677,0,2026-01-10,-0.0009560932558652091,-0.0009565506045574026,68.36363636363635
2026-01-11,135.85,141.6,135.75,139.7,2209913.206,2026-01-11 23:59:59.999,306185406.75845,857832,1211661.371,167843183.0615,0,2026-01-11,0.028415783274440498,0.028019543699878927,71.49240393208218
2026-01-12,139.69,144.4,138.34,139.22,4160120.091,2026-01-12 23:59:59.999,587559710.0406,1815385,2063458.502,291426405.76436,0,2026-01-12,-0.0034359341445955316,-0.0034418505223956903,74.85963817841545
2026-01-13,139.21,148.74,137.82,145.51,4195082.468,2026-01-13 23:59:59.999,598713149.38546,1781041,2143169.55,306018905.5112,0,2026-01-13,0.04518029018819125,0.044189397031666786,77.99016930638992
2026-01-14,145.52,148.44,143.37,146.69,3695077.378,2026-01-14 23:59:59.999,539088197.85762,1481363,1801988.737,262899754.78901,0,2026-01-14,0.008109408288090147,0.008076703727484109,79.43376068376065
2026-01-15,146.7,146.73,140.9,142.4,2462143.139,2026-01-15 23:59:59.999,354149725.74563,1301300,1160862.142,167000685.09015,0,2026-01-15,-0.029245347331106397,-0.02968151752179601,69.63019250253292
2026-01-16,142.41,145.55,140.26,144.89,1900879.026,2026-01-16 23:59:59.999,271758949.58215,1014424,919897.252,131586127.51626,0,2026-01-16,0.01748595505617967,0.017334834854755406,67.22252597047566
2026-01-17,144.9,144.99,143.32,143.72,835154.761,2026-01-17 23:59:59.999,120390445.12905,392089,412414.642,59436114.22214,0,2026-01-17,-0.008075091448685123,-0.008107871587312835,64.11235342241615
2026-01-18,143.73,144.0,137.74,137.87,1877438.698,2026-01-18 23:59:59.999,266417011.22107,712971,837209.507,118865737.74182,0,2026-01-18,-0.04070414695240743,-0.04155575006178031,54.48886760833134
2026-01-19,137.87,137.87,130.0,133.44,2972524.77,2026-01-19 23:59:59.999,397766014.10622,1113535,1483332.486,198479144.56028,0,2026-01-19,-0.03213171828534134,-0.03265927357310108,44.74304573314473
2026-01-20,133.44,134.63,124.68,125.8,3532423.88,2026-01-20 23:59:59.999,456200360.19412,1665250,1594052.788,205966083.47806,0,2026-01-20,-0.05725419664268583,-0.058958594344096456,33.70307167235492
2026-01-21,125.81,132.17,125.26,129.54,3161736.36,2026-01-21 23:59:59.999,406727656.32141,1568002,1657610.92,213332539.25012,0,2026-01-21,0.029729729729729648,0.029296369488430757,42.54300021772262
2026-01-22,129.53,130.94,126.73,128.47,1811586.462,2026-01-22 23:59:59.999,233570687.82335,1016749,905017.042,116761376.93617,0,2026-01-22,-0.008259996912150624,-0.008294299711252626,39.004886717014635
2026-01-23,128.47,130.2,125.28,127.43,2044063.077,2026-01-23 23:59:59.999,261243943.98141,1068593,1074378.357,137350250.13854,0,2026-01-23,-0.008095275161516202,-0.008128219819330406,40.21988089784699
2026-01-24,127.43,128.12,126.64,127.21,807419.995,2026-01-24 23:59:59.999,102804908.33679,331896,367986.146,46858118.34194,0,2026-01-24,-0.0017264380444166338,-0.0017279300560683112,40.13714285714283
2026-01-25,127.22,127.46,117.15,118.85,4540879.449,2026-01-25 23:59:59.999,549164530.09031,1232391,2403987.331,289868386.06575,0,2026-01-25,-0.06571810392264754,-0.06797707036191658,28.393782383419676
2026-01-26,118.85,125.6,118.53,124.24,2355751.363,2026-01-26 23:59:59.999,289767656.39401,1187889,1159271.555,142564894.85725,0,2026-01-26,0.04535128312999581,0.044352985034228715,35.910458991723075
2026-01-27,124.24,127.84,123.12,127.19,2036509.042,2026-01-27 23:59:59.999,255047826.37975,1006079,1012080.68,126769803.88212,0,2026-01-27,0.023744365743721962,0.023466852622961623,31.613809714973897
2026-01-28,127.18,128.34,124.78,125.35,1997863.528,2026-01-28 23:59:59.999,252933659.86287,1065285,990296.273,125371156.37357,0,2026-01-28,-0.01446654611211573,-0.014572206859090723,28.86291600633912
2026-01-29,125.34,125.51,115.39,117.82,3730613.473,2026-01-29 23:59:59.999,444597605.45512,1444201,1863128.834,221882904.25408,0,2026-01-29,-0.06007179896290393,-0.061951788510761184,27.122114668652245
2026-01-30,117.82,119.12,112.14,117.59,4761006.742,2026-01-30 23:59:59.999,552023487.13287,1991218,2428166.266,281723546.20711,0,2026-01-30,-0.0019521303683583957,-0.0019540382582167613,23.474543334628848
2026-01-31,117.6,118.85,96.4,105.58,8567398.326,2026-01-31 23:59:59.999,920582075.3010099,3248600,4092929.327,439148658.16365,0,2026-01-31,-0.10213453524959615,-0.10773503843985434,19.390048154093094
2026-02-01,105.58,106.69,98.02,100.79,4204256.051,2026-02-01 23:59:59.999,432839562.25445,2202213,2052275.136,211365615.68208,0,2026-02-01,-0.04536844099261217,-0.046429815028683555,19.725669497060736
2026-02-02,100.78,106.12,95.95,104.55,5574032.681,2026-02-02 23:59:59.999,566609041.93448,2856979,2663023.902,270961165.6031,0,2026-02-02,0.0373052882230378,0.036626281507855844,26.151560178306084
2026-02-03,104.54,105.1,96.64,97.89,4514018.115,2026-02-03 23:59:59.999,455865168.22654,2135637,2227613.325,225044546.37139,0,2026-02-03,-0.06370157819225253,-0.06582102660130365,26.58164121496894
2026-02-04,97.89,99.67,89.3,92.12,6251459.371,2026-02-04 23:59:59.999,589863839.90233,2940009,3095939.216,291853541.48574,0,2026-02-04,-0.05894371233016649,-0.06075232432085447,19.636481661798115
2026-02-05,92.11,93.43,77.6,78.35,10243355.48,2026-02-05 23:59:59.999,874788983.51127,4871571,4836738.921,413637350.22663,0,2026-02-05,-0.1494789405123753,-0.16190610615045478,16.28094725511302
2026-02-06,78.34,89.84,67.5,87.46,11811095.766,2026-02-06 23:59:59.999,944308125.32202,3980604,5773154.785,462251411.25519,0,2026-02-06,0.11627313337587752,0.10999557718274475,25.74341546304163
2026-02-07,87.45,89.2,84.16,87.59,4486649.48,2026-02-07 23:59:59.999,389575196.26258,1746041,2188177.051,190057629.82127,0,2026-02-07,0.001486393780013806,0.0014852901902231578,25.929526123936824
2026-02-08,87.59,89.08,85.77,86.99,2534998.683,2026-02-08 23:59:59.999,222107656.10678,1040850,1312312.593,115049175.17828,0,2026-02-08,-0.006850097043041514,-0.006873666655548294,28.628924067614705
2026-02-09,86.99,88.69,82.86,86.77,3667652.416,2026-02-09 23:59:59.999,315211863.58337,1641253,1730490.081,148560836.85899,0,2026-02-09,-0.002529026324864958,-0.002532229714051079,22.992648118783336
2026-02-10,86.77,87.49,81.91,82.99,2975212.105,2026-02-10 23:59:59.999,251317963.78963,1118002,1398749.372,118133697.38029,0,2026-02-10,-0.043563443586493,-0.044540821195041706,18.51851851851852
2026-02-11,82.99,84.39,78.04,79.3,3814913.32,2026-02-11 23:59:59.999,308205411.26465,1519961,1909861.395,154266257.00822,0,2026-02-11,-0.04446318833594409,-0.04548198996955431,18.043025676613468
2026-02-12,79.31,82.25,76.6,78.4,3196230.117,2026-02-12 23:59:59.999,254145719.77685,1324436,1622269.948,128982663.06688,0,2026-02-12,-0.01134930643127352,-0.011414201284440012,19.87159889941914
2026-02-13,78.39,85.63,77.53,84.33,3370390.272,2026-02-13 23:59:59.999,275784441.45232,1245544,1651859.713,135221552.41331,0,2026-02-13,0.07563775510204063,0.07291374623018786,26.616985376827884
2026-02-14,84.34,88.9,84.21,88.06,2698607.215,2026-02-14 23:59:59.999,234370543.10908,771870,1378612.079,119689039.54642,0,2026-02-14,0.04423099727261959,0.04328072674105768,36.05983450031827
2026-02-15,88.06,91.26,84.89,86.16,3929085.4,2026-02-15 23:59:59.999,346250701.78011,1210120,1880755.574,165906867.63736,0,2026-02-15,-0.021576198046786343,-0.02181236747947471,37.798165137614674
2026-02-16,86.15,86.93,82.55,86.45,3559751.811,2026-02-16 23:59:59.999,302546627.54411,1097748,1807368.413,153613095.6553,0,2026-02-16,0.0033658310120705526,0.0033601792811663693,33.97662889518415
2026-02-17,86.45,87.69,82.92,85.08,2774655.865,2026-02-17 23:59:59.999,235673494.40328,1064339,1385557.165,117665694.65988,0,2026-02-17,-0.015847310584152785,-0.015974221797263162,37.48779058409846
2026-02-18,85.09,86.09,80.48,81.61,3137603.97,2026-02-18 23:59:59.999,261289831.6858,1026899,1549834.071,129067557.82814,0,2026-02-18,-0.04078514339445227,-0.041640186850884935,39.25138065043976
2026-02-19,81.61,82.67,79.61,82.5,2848277.49,2026-02-19 23:59:59.999,231385778.97627,946105,1441047.461,117015965.07576,0,2026-02-19,0.010905526283543798,0.010846489859483915,55.76228825326299
2026-02-20,82.5,85.49,81.77,84.67,3754556.759,2026-02-20 23:59:59.999,314351728.4764,1184887,1792745.473,150107101.72758,0,2026-02-20,0.026303030303030273,0.025963054313550508,45.2012383900929
2026-02-21,84.68,86.72,83.97,85.17,1780748.862,2026-02-21 23:59:59.999,152190722.00216,501200,853621.901,72985051.55797,0,2026-02-21,0.005905279319711854,0.005887911498803702,45.889945652173914
2026-02-22,85.17,85.6,82.48,82.79,1798852.596,2026-02-22 23:59:59.999,151392933.93976,478017,884360.629,74389753.12978,0,2026-02-22,-0.027944111776447067,-0.02834197800227497,43.27354260089688
2026-02-23,82.8,82.85,77.15,77.9,5163373.383,2026-02-23 23:59:59.999,407884335.70471,1508435,2566537.654,202627289.80864,0,2026-02-23,-0.05906510448121749,-0.060881328274011874,37.642797436611886
2026-02-24,77.91,79.62,75.63,78.99,3592828.376,2026-02-24 23:59:59.999,278002990.9516,1232135,1792005.524,138724741.12602,0,2026-02-24,0.013992297817714938,0.013895309299625066,43.97590361445783
2026-02-25,78.99,92.1,78.73,88.06,5632749.415,2026-02-25 23:59:59.999,481433269.20429,2076213,2958342.232,252975761.9521,0,2026-02-25,0.11482466134953806,0.10869713815128017,61.35303265940903
2026-02-26,88.05,89.27,84.34,85.91,3356890.979,2026-02-26 23:59:59.999,292271358.94249,1381041,1672944.871,145700308.15216,0,2026-02-26,-0.02441517147399508,-0.024718163677642707,59.42756716043183
2026-02-27,85.91,88.29,80.32,81.85,3370499.359,2026-02-27 23:59:59.999,282372399.31505,1290836,1608089.537,134784346.90712,0,2026-02-27,-0.04725875916656974,-0.04841193283282131,46.73340358271865
2026-02-28,81.84,85.65,77.12,84.35,4737699.879,2026-02-28 23:59:59.999,381018103.31188,1652423,2316943.669,186421271.38615,0,2026-02-28,0.03054367745876596,0.030086505174833324,44.94963245303566
2026-03-01,84.35,88.9,81.69,83.6,4435194.222,2026-03-01 23:59:59.999,379704573.89707,1639105,2143442.217,183460439.54458,0,2026-03-01,-0.00889152341434496,-0.008931288901321336,46.40247329960651
2026-03-02,83.61,90.29,82.37,86.64,5123433.26,2026-03-02 23:59:59.999,441466075.27522,2012450,2558006.604,220640542.48227,0,2026-03-02,0.036363636363636376,0.035718082602079246,50.247847638925116
2026-03-03,86.65,87.46,82.5,86.97,4136742.745,2026-03-03 23:59:59.999,352407982.68373,1899723,2088429.65,177974246.7266,0,2026-03-03,0.0038088642659279692,0.003801628908938638,52.53419147224457
2026-03-04,86.98,94.05,84.78,90.85,6329931.383,2026-03-04 23:59:59.999,569095803.57597,2311936,3204724.318,288370605.1089,0,2026-03-04,0.044613084971829364,0.04364656324050637,62.25464190981432
2026-03-05,90.86,92.96,87.91,88.77,3753710.608,2026-03-05 23:59:59.999,338381026.60303,1560359,1826589.831,164679092.65204,0,2026-03-05,-0.022894881673087508,-0.023161039761952218,58.06119825147853
2026-03-06,88.78,89.31,83.64,84.7,3135324.642,2026-03-06 23:59:59.999,270442360.96293,1074615,1431065.025,123507840.76447,0,2026-03-06,-0.045848822800495626,-0.04693315342221922,50.03677371904878
2026-03-07,84.69,85.07,82.28,83.22,1465281.721,2026-03-07 23:59:59.999,122963798.86816,449215,717082.462,60206538.08481,0,2026-03-07,-0.017473435655253833,-0.017627898103213482,47.665788843667706
2026-03-08,83.22,84.13,80.26,81.59,2102965.687,2026-03-08 23:59:59.999,172996198.81307,874561,1060648.598,87336218.82438,0,2026-03-08,-0.019586637827445297,-0.019780998114086363,48.5372988785958
2026-03-09,81.6,87.06,81.54,84.96,3594057.289,2026-03-09 23:59:59.999,303762981.41433,1435938,1842761.96,155732990.04278,0,2026-03-09,0.041304081382522284,0.04047385205291979,58.93670886075948
2026-03-10,84.95,88.8,84.83,85.88,3643895.134,2026-03-10 23:59:59.999,315747627.25955,1345421,1804358.795,156407580.46178,0,2026-03-10,0.010828625235404843,0.010770415516951523,58.759216882786674
2026-03-11,85.88,88.09,84.36,86.58,3182175.739,2026-03-11 23:59:59.999,274584022.30669,1160083,1642729.604,141774279.71997,0,2026-03-11,0.008150908244061617,0.00811786900325436,47.60981912144702
2026-03-12,86.58,87.69,84.72,86.84,2913681.148,2026-03-12 23:59:59.999,251461590.54647,1011244,1514674.762,130735620.26902,0,2026-03-12,0.0030030030030030463,0.002998502996256633,51.59958720330239
2026-03-13,86.83,92.98,86.71,88.18,4940378.617,2026-03-13 23:59:59.999,444382862.34735,1573489,2461290.957,221406561.65744,0,2026-03-13,0.01543067710732382,0.015312834919700482,62.01138519924101
2026-03-14,88.17,88.71,86.51,88.03,1498143.039,2026-03-14 23:59:59.999,131023050.50446,452790,752963.058,65819985.83125,0,2026-03-14,-0.0017010660013608847,-0.0017025144569768403,57.666666666666686
2026-03-15,88.04,93.23,87.36,92.3,2614547.105,2026-03-15 23:59:59.999,234767488.50501,884525,1425868.524,128121333.86646,0,2026-03-15,0.04850619107122567,0.047366476035991666,65.80668604651163
2026-03-16,92.31,97.68,91.18,96.2,5621650.621,2026-03-16 23:59:59.999,528050134.14179,1713091,2939860.344,276308189.64255,0,2026-03-16,0.04225352112676073,0.04138521616285449,66.84284707540522
2026-03-17,96.19,96.95,93.15,94.62,2833557.586,2026-03-17 23:59:59.999,268101714.95452,1112613,1375922.322,130285773.10802,0,2026-03-17,-0.016424116424116453,-0.01656048746865882,62.90921363482958
2026-03-18,94.61,95.65,88.55,90.08,3293861.558,2026-03-18 23:59:59.999,300917405.38526,1252844,1605377.893,146544025.07621,0,2026-03-18,-0.047981399281335935,-0.049170705811621834,48.7289534499835
2026-03-19,90.07,91.41,87.0,88.89,2609542.924,2026-03-19 23:59:59.999,232099704.87992,969701,1320188.037,117437250.68552,0,2026-03-19,-0.013210479573712242,-0.013298514137796673,50.20408163265307
2026-03-20,88.9,90.45,88.13,89.84,2201411.538,2026-03-20 23:59:59.999,196421070.04267,829967,1141148.706,101841900.0551,0,2026-03-20,0.010687366407919896,0.01063066017660417,59.77929984779299
2026-03-21,89.85,90.81,87.14,87.56,1241845.225,2026-03-21 23:59:59.999,111256092.32793,430506,589404.904,52823146.38536,0,2026-03-21,-0.025378450578806833,-0.025706037775525617,58.01329394387002
2026-03-22,87.55,89.2,85.14,86.2,2138087.131,2026-03-22 23:59:59.999,186560079.07073,792987,1065007.562,92967551.6258,0,2026-03-22,-0.015532206486980393,-0.015654094985014813,58.597538232002975
2026-03-23,86.21,92.26,85.11,91.43,4561706.388,2026-03-23 23:59:59.999,408668711.98439,1666603,2388137.442,214071488.82523,0,2026-03-23,0.06067285382830634,0.05890347450668785,61.283571677711905
2026-03-24,91.44,92.22,88.42,90.8,3086042.526,2026-03-24 23:59:59.999,278959551.29154,1020843,1573214.538,142300286.2154,0,2026-03-24,-0.0068905173356667015,-0.006914366569087656,58.668076109936564
2026-03-25,90.8,93.47,90.71,91.7,2652534.798,2026-03-25 23:59:59.999,244373310.11937,844728,1385531.891,127648577.52073,0,2026-03-25,0.009911894273127775,0.009863093655171577,58.95731280615815
2026-03-26,91.7,91.98,85.45,86.53,3566192.736,2026-03-26 23:59:59.999,313848720.7704,864864,1628293.113,143147982.57771,0,2026-03-26,-0.05637949836423117,-0.05803120464377169,49.53717527620184
2026-03-27,86.52,87.04,81.86,83.11,2840562.07,2026-03-27 23:59:59.999,239097154.26725,817296,1374893.666,115499135.75521,0,2026-03-27,-0.039523864555645494,-0.04032614305371253,42.873207759347764
2026-03-28,83.11,84.29,81.69,82.09,1667010.099,2026-03-28 23:59:59.999,138586353.26362,451858,839405.538,69802161.57468,0,2026-03-28,-0.012272891348814818,-0.01234882520476018,41.849615806805716
2026-03-29,82.09,83.24,78.96,81.44,1624673.475,2026-03-29 23:59:59.999,132619257.69694,523110,775501.505,63354370.06667,0,2026-03-29,-0.007918138628334792,-0.007949653557962219,33.45521023765998
2026-03-30,81.45,84.99,81.15,82.54,3025854.687,2026-03-30 23:59:59.999,252604976.45833,887139,1564663.742,130589188.37782,0,2026-03-30,0.013506876227898035,0.013416471522223338,27.248500999333814
2026-03-31,82.55,84.62,80.08,83.2,4272567.426,2026-03-31 23:59:59.999,350168600.26211,1157793,2164590.908,177385436.83912,0,2026-03-31,0.007996123091834173,0.007964323502727062,30.378006872852254
2026-04-01,83.19,86.65,80.77,81.18,4676736.12,2026-04-01 23:59:59.999,390375500.93046,1221698,2333531.443,194797172.67961,0,2026-04-01,-0.024278846153846123,-0.024578436416411206,33.25808878856286
2026-04-02,81.19,81.77,76.7,78.94,4210024.263,2026-04-02 23:59:59.999,332877124.59013,1149760,2218883.41,175437554.00219,0,2026-04-02,-0.02759300320275937,-0.02798084117605069,31.994209192906283
2026-04-03,78.95,80.91,78.85,80.4,2230839.74,2026-04-03 23:59:59.999,178180006.68359,585265,1241609.842,99223794.92358,0,2026-04-03,0.018495059538890413,0.018326105950219745,33.22672352523101
2026-04-04,80.39,81.61,79.57,80.83,1562930.767,2026-04-04 23:59:59.999,126024814.1398,339581,778904.625,62795240.7296,0,2026-04-04,0.00534825870646749,0.005334007560832141,37.20045644731838
2026-04-05,80.84,82.13,78.52,81.89,1732438.558,2026-04-05 23:59:59.999,138744190.8724,530668,857730.959,68713421.78504,0,2026-04-05,0.013113942843003823,0.01302869953634387,41.70834936514045
2026-04-06,81.89,83.2,79.6,80.03,2730370.564,2026-04-06 23:59:59.999,223718858.15637,836312,1352929.853,110889479.01967,0,2026-04-06,-0.02271339601904998,-0.02297531890314212,24.801061007957586
2026-04-07,80.03,87.02,78.38,85.56,4312598.52,2026-04-07 23:59:59.999,352019236.78463,1320957,2196613.788,179326729.89516,0,2026-04-07,0.0690990878420592,0.06681631983525006,40.479651162790724
2026-04-08,85.56,85.9,82.24,82.57,2952758.548,2026-04-08 23:59:59.999,248176777.53562,910454,1433720.963,120512567.71634,0,2026-04-08,-0.034946236559139865,-0.035571465784867765,34.58291117865585
2026-04-09,82.56,85.95,81.4,83.33,2775927.629,2026-04-09 23:59:59.999,231023182.06021,900238,1450802.075,120872713.71972,0,2026-04-09,0.009204311493278494,0.009162209964778276,43.650793650793645
2026-04-10,83.33,85.67,82.62,84.83,2186078.343,2026-04-10 23:59:59.999,183586491.42502,684681,1137103.618,95446839.46211,0,2026-04-10,0.018000720028801043,0.017840625425527862,53.69415807560137
2026-04-11,84.83,86.26,83.8,84.93,1570901.883,2026-04-11 23:59:59.999,133250533.99659,479797,811280.276,68846599.9871,0,2026-04-11,0.0011788282447249276,0.0011781339722747306,56.35062611806797
2026-04-12,84.94,85.0,81.27,81.53,2174791.866,2026-04-12 23:59:59.999,179048096.72296,639807,1035637.218,85258545.55518,0,2026-04-12,-0.04003296832685743,-0.04085633711709852,50.179211469534046
2026-04-13,81.54,86.81,81.4,86.51,2950390.415,2026-04-13 23:59:59.999,246881043.41407,1038169,1566990.352,131151982.59805,0,2026-04-13,0.06108181037654847,0.05928896351746347,56.84718868575369
2026-04-14,86.51,87.67,83.3,83.72,3532984.692,2026-04-14 23:59:59.999,302583169.25849,949683,1751000.134,150075267.69665,0,2026-04-14,-0.03225060686625836,-0.032782116614484075,50.835475578406154
2026-04-15,83.72,85.83,82.65,84.9,2602448.593,2026-04-15 23:59:59.999,218518458.54018,866567,1313551.259,110300208.48276,0,2026-04-15,0.014094601051122924,0.013996195739502781,56.14266842800527
2026-04-16,84.9,90.53,83.8,89.05,3940291.341,2026-04-16 23:59:59.999,342538921.72054,1188495,2104470.318,183179493.87041,0,2026-04-16,0.04888103651354525,0.047723916418368935,65.7036346691519
2026-04-17,89.06,90.73,87.34,88.76,4237208.388,2026-04-17 23:59:59.999,377307282.79799,1177055,2275080.6,202651717.47248,0,2026-04-17,-0.0032565974171813172,-0.003261911671277446,63.47517730496453
2026-04-18,88.77,89.16,85.78,86.16,1893190.543,2026-04-18 23:59:59.999,165249225.53869,560071,863736.099,75386662.887,0,2026-04-18,-0.029292474087426856,-0.029730065216260135,58.02952696595358
2026-04-19,86.15,87.12,82.94,83.47,2594849.065,2026-04-19 23:59:59.999,221105423.00326,769677,1270518.854,108340240.85943,0,2026-04-19,-0.031220984215413194,-0.03171874698548784,52.26881102814474
2026-04-20,83.47,86.22,83.34,85.28,2300346.75,2026-04-20 23:59:59.999,195747705.12717,755776,1199663.506,102089121.71035,0,2026-04-20,0.021684437522463185,0.021452674554889143,57.549611734253666
2026-04-21,85.29,86.89,84.31,86.03,2111587.269,2026-04-21 23:59:59.999,180689885.18477,789037,1094282.274,93670118.2769,0,2026-04-21,0.00879455909943716,0.00875611221572236,50.783594531510495
2026-04-22,86.04,89.32,86.01,86.87,3154871.835,2026-04-22 23:59:59.999,277312968.48886,814469,1730943.426,152144684.51329,0,2026-04-22,0.009764035801464566,0.009716675638572349,57.722701149425305
2026-04-23,86.86,87.18,84.48,86.12,2894663.239,2026-04-23 23:59:59.999,248381347.37972,789600,1551557.114,133142996.82914,0,2026-04-23,-0.00863359042247036,-0.008671075775666868,55.012576356449884
2026-04-24,86.12,86.94,84.92,86.18,1818574.663,2026-04-24 23:59:59.999,156360251.67295,545936,918892.981,78991917.93927,0,2026-04-24,0.0006967022758941344,0.0006964596915296963,52.557787040545676
2026-04-25,86.18,86.8,85.53,86.18,1033932.436,2026-04-25 23:59:59.999,89083751.12267,300075,513711.595,44250865.59785,0,2026-04-25,0.0,0.0,52.37732978318753
2026-04-26,86.19,87.32,85.84,86.93,1453501.452,2026-04-26 23:59:59.999,125727370.39517,380657,735165.507,63592743.68955,0,2026-04-26,0.008702715247157045,0.008665064903280952,61.421319796954315
2026-04-27,86.93,88.08,83.63,84.82,3009101.691,2026-04-27 23:59:59.999,258019187.38674,737519,1583431.358,135900455.08456,0,2026-04-27,-0.02427240308294043,-0.024571833044528448,45.93163216177176
2026-04-28,84.82,84.93,82.98,84.06,1664394.443,2026-04-28 23:59:59.999,139515262.33159,397883,903890.968,75775495.32337,0,2026-04-28,-0.008960150907804665,-0.009000534469473919,50.90715048025615
2026-04-29,84.06,85.56,81.4,83.04,2576063.596,2026-04-29 23:59:59.999,215702892.97072,581305,1182001.869,98922658.3919,0,2026-04-29,-0.012134189864382527,-0.01220841015939207,44.994617868675995
2026-04-30,83.05,84.01,82.16,83.09,1372591.611,2026-04-30 23:59:59.999,114147099.21202,481530,735437.679,61169910.08091,0,2026-04-30,0.0006021194605010383,0.000601938259311541,29.41988950276246
2026-05-01,83.09,84.86,83.08,83.76,1798067.959,2026-05-01 23:59:59.999,151073553.34307,432422,922837.681,77553095.22007,0,2026-05-01,0.008063545553014917,0.008031208885391553,33.1763122476447
2026-05-02,83.76,84.97,83.44,84.26,1027759.499,2026-05-02 23:59:59.999,86371425.97718,283023,522602.118,43924478.85107,0,2026-05-02,0.005969436485195878,0.005951689988589141,42.55485893416931
2026-05-03,84.26,84.97,83.58,83.91,1268647.522,2026-05-03 23:59:59.999,106740859.1955,341393,646891.275,54425982.83368,0,2026-05-03,-0.004153809636838424,-0.004162460668892492,52.111324376199605
2026-05-04,83.91,85.9,83.23,84.1,3469307.218,2026-05-04 23:59:59.999,293561075.29853,757940,1688378.768,142857449.40493,0,2026-05-04,0.002264330830651806,0.0022617710969242387,43.29545454545452
2026-05-05,84.11,86.98,84.04,86.29,2478888.126,2026-05-05 23:59:59.999,211908510.33936,520564,1301281.257,111237727.22947,0,2026-05-05,0.026040428061831378,0.02570714954131399,51.26953125000003
2026-05-06,86.29,90.03,86.1,89.16,3483256.03,2026-05-06 23:59:59.999,308151763.87133,799669,1830232.233,161869907.97423,0,2026-05-06,0.033259937420326624,0.03271879199745179,59.331703341483255
2026-05-07,89.16,90.44,87.63,88.42,2892180.501,2026-05-07 23:59:59.999,256798285.69353,829550,1461747.651,129901669.86081,0,2026-05-07,-0.008299685957828595,-0.008334320119570932,59.38009787928221
2026-05-08,88.43,92.8,87.6,92.01,2644434.859,2026-05-08 23:59:59.999,237710210.22825,780119,1419124.709,127710281.38425,0,2026-05-08,0.04060167382945035,0.03979907839617271,68.46105129829004
2026-05-09,92.02,94.17,91.85,93.13,1974272.696,2026-05-09 23:59:59.999,184273334.88941,591555,1057722.996,98731179.10481,0,2026-05-09,0.012172589935876443,0.012099099739296501,70.54997043169719
2026-05-10,93.12,97.0,92.6,96.47,2559168.995,2026-05-10 23:59:59.999,242180573.08509,795120,1379810.128,130648523.28676,0,2026-05-10,0.035863846236443786,0.03523571264889587,74.46153846153844
2026-05-11,96.46,98.41,94.3,97.37,3078049.965,2026-05-11 23:59:59.999,295699382.12628,1005178,1578859.571,151792766.20544,0,2026-05-11,0.00932932517881202,0.009286075808202584,84.3083652269
2026-05-12,97.37,97.68,93.55,94.28,2810037.359,2026-05-12 23:59:59.999,267797491.336,755594,1361994.023,129833819.53637,0,2026-05-12,-0.031734620519667245,-0.03224907692273448,74.78176527643065
2026-05-13,94.28,95.99,90.27,91.17,3192571.802,2026-05-13 23:59:59.999,296684142.90225,846316,1571829.141,146199842.57876,0,2026-05-13,-0.03298684768773863,-0.03354318247111895,67.89960369881109
2026-05-14,91.17,93.68,89.82,92.15,2709125.808,2026-05-14 23:59:59.999,248759454.4034,747394,1306187.892,120020424.33318,0,2026-05-14,0.010749149939673242,0.010691788519020995,69.16243654822334
2026-05-15,92.16,92.66,88.55,89.24,2675843.631,2026-05-15 23:59:59.999,242000435.50568,692037,1306859.075,118134153.17765,0,2026-05-15,-0.03157894736842115,-0.03208831455150063,60.587326120556384
2026-05-16,89.23,89.44,85.52,86.54,1963021.594,2026-05-16 23:59:59.999,171166955.42498,478209,928917.876,80986997.31282,0,2026-05-16,-0.030255490811295305,-0.030722634767592953,54.05982905982906
2026-05-17,86.53,87.29,83.5,85.24,1914165.244,2026-05-17 23:59:59.999,164713788.40151,480098,926315.189,79783079.26059,0,2026-05-17,-0.01502195516524163,-0.015135927566322465,52.29073372373406
2026-05-18,85.23,85.8,83.5,85.38,2771861.344,2026-05-18 23:59:59.999,234894720.11943,781366,1370804.304,116204204.7493,0,2026-05-18,0.0016424213984045366,0.0016410740993996439,52.208419599723946
2026-05-19,85.38,85.97,83.7,84.29,1662986.216,2026-05-19 23:59:59.999,140968974.0037,488954,828894.601,70277503.03723,0,2026-05-19,-0.0127664558444599,-0.012848647320425045,46.41319942611191
2026-05-20,84.3,87.09,83.85,86.17,2365152.438,2026-05-20 23:59:59.999,202352075.07971,584791,1201658.084,102845338.36857,0,2026-05-20,0.022303950646577198,0.02205885524228456,44.4403123837858
2026-05-21,86.17,88.0,85.32,87.36,2654321.9,2026-05-21 23:59:59.999,230197727.51692,565249,1428670.997,123907937.2591,0,2026-05-21,0.01380991064175463,0.013715422744919424,48.06144842721287
2026-05-22,87.35,87.85,84.0,84.4,2208484.663,2026-05-22 23:59:59.999,190465397.24417,540819,1043204.207,89998650.69622,0,2026-05-22,-0.03388278388278376,-0.034470110394683354,35.75439910146012
2026-05-23,84.4,87.5,81.5,85.75,2973101.711,2026-05-23 23:59:59.999,250189655.93753,602178,1505552.334,126792363.89496,0,2026-05-23,0.015995260663506983,0.01586868444413774,36.30289532293987
2026-05-24,85.76,87.0,83.7,85.27,2086657.403,2026-05-24 23:59:59.999,178546179.16054,442697,1063657.611,91056652.26626,0,2026-05-24,-0.005597667638484016,-0.00561339329209113,26.744186046511615
2026-05-25,85.27,86.52,84.71,85.06,1562235.465,2026-05-25 23:59:59.999,133934038.93491,395894,807290.021,69212701.65277,0,2026-05-25,-0.0024627653336459776,-0.002465802928470653,23.68533561351002
2026-05-26,85.06,86.13,83.15,83.72,2358777.43,2026-05-26 23:59:59.999,199494844.50827,578993,1189574.779,100644289.03931,0,2026-05-26,-0.015753585704208817,-0.015878992247688517,25.60073937153416
2026-05-27,83.73,84.84,82.1,82.44,2119456.363,2026-05-27 23:59:59.999,177381689.48777,691460,1076867.315,90204576.86956,0,2026-05-27,-0.015289058767319674,-0.01540714155554074,27.96567390206964
2026-05-28,82.43,83.01,80.0,82.11,2306915.48,2026-05-28 23:59:59.999,187780235.65195,853185,1134240.047,92313917.1161,0,2026-05-28,-0.004002911208151327,-0.0040109443015608265,23.799582463465512
2026-05-29,82.12,83.24,80.35,82.04,2064277.646,2026-05-29 23:59:59.999,169419195.71328,674991,1115487.851,91560270.95697,0,2026-05-29,-0.0008525149190109493,-0.0008528785165174042,27.941176470588218
2026-05-30,82.04,83.17,81.86,82.73,1018490.244,2026-05-30 23:59:59.999,84139656.69554,268631,531962.5,43955381.28476,0,2026-05-30,0.008410531448074021,0.008375359997911575,36.68763102725364
2026-05-31,82.74,83.42,81.33,82.44,993880.666,2026-05-31 23:59:59.999,81945760.25686,317381,498068.426,41090617.27523,0,2026-05-31,-0.003505378943551407,-0.0035115371798333395,39.47368421052631
2026-06-01,82.45,83.1,79.11,81.28,2309147.396,2026-06-01 23:59:59.999,186789094.88171,701707,1112623.793,90021568.27203,0,2026-06-01,-0.014070839398350299,-0.014170772192086505,35.68435754189943
2026-06-02,81.28,81.3,72.73,74.23,3642536.917,2026-06-02 23:59:59.999,280742777.63811,1150607,1658096.08,127883044.4753,0,2026-06-02,-0.08673720472440938,-0.0907316027007161,25.197238658777067
2026-06-03,74.23,75.71,70.93,71.61,3655245.68,2026-06-03 23:59:59.999,268846279.56846,1261571,1752207.265,129071333.1074,0,2026-06-03,-0.03529570254614045,-0.03593365211060724,15.366317792578457
2026-06-04,71.61,72.09,66.8,68.88,4928249.49,2026-06-04 23:59:59.999,342023023.17545,1899749,2404945.117,167081400.77253,0,2026-06-04,-0.0381231671554253,-0.03886886889937314,9.042553191489333
2026-06-05,68.87,69.1,61.48,63.64,7041593.488,2026-06-05 23:59:59.999,459201300.24767,2696738,3300321.514,215242312.76941,0,2026-06-05,-0.07607433217189308,-0.07912365664988917,8.212560386473399
2026-06-06,63.64,64.86,60.13,62.2,3570841.056,2026-06-06 23:59:59.999,222337240.8185,1364694,1725804.76,107481126.53114,0,2026-06-06,-0.022627278441231913,-0.02288720372445234,2.7677496991576334
2026-06-07,62.21,67.92,61.96,66.5,2941571.373,2026-06-07 23:59:59.999,190256045.84914,1086945,1528146.32,98888971.79352,0,2026-06-07,0.06913183279742752,0.06684694791667457,17.356521739130415
2026-06-08,66.5,68.17,64.98,66.82,3058995.367,2026-06-08 23:59:59.999,203980500.89025,987258,1538394.081,102628519.99826,0,2026-06-08,0.004812030075187934,0.004800489266801985,18.39916839916836
2026-06-09,66.82,67.47,63.54,64.96,3082150.311,2026-06-09 23:59:59.999,202530772.18516,1032126,1508017.25,99097194.63583,0,2026-06-09,-0.027835977252319677,-0.028230741075187978,18.073519400953003
2026-06-10,64.97,65.77,62.34,63.19,2937917.561,2026-06-10 23:59:59.999,188397659.69397,1207455,1468968.254,94278363.59545,0,2026-06-10,-0.027247536945812723,-0.027625635068058534,17.77703381319047
2026-06-11,63.19,67.42,63.19,66.93,2881561.031,2026-06-11 23:59:59.999,189005038.43311,819698,1572432.939,103146831.60209,0,2026-06-11,0.05918658015508793,0.05750123632718704,27.193509615384627
2026-06-12,66.93,68.82,65.95,66.82,2839586.683,2026-06-12 23:59:59.999,190828765.42378,637487,1349256.928,90673028.38473,0,2026-06-12,-0.001643508142835981,-0.0016448601839405433,27.160864345738275
2026-06-13,66.83,69.59,66.59,68.94,1525014.5,2026-06-13 23:59:59.999,103574137.66564,434658,831058.622,56484343.19529,0,2026-06-13,0.03172702783597736,0.031234124160108945,30.15827338129496
2026-06-14,68.94,71.29,66.94,71.28,1851821.931,2026-06-14 23:59:59.999,127571173.00898,576477,934961.611,64498001.0134,0,2026-06-14,0.03394255874673635,0.03337922207383461,34.83695652173914
2026-06-15,71.29,76.09,70.66,73.98,3102777.468,2026-06-15 23:59:59.999,227379382.80347,1041029,1581197.801,115790593.14188,0,2026-06-15,0.037878787878787845,0.03717900324175403,40.47991653625457
2026-06-16,73.99,75.65,72.29,73.52,2185905.595,2026-06-16 23:59:59.999,161637079.57009,844497,1144090.921,84663226.34107,0,2026-06-16,-0.006217896728845762,-0.00623730835687645,48.88188976377951
2026-06-17,73.53,74.69,70.83,72.05,2443239.391,2026-06-17 23:59:59.999,178123036.08371,1139773,1242356.068,90624127.70976,0,2026-06-17,-0.019994559303590842,-0.020197155601900496,50.718954248366
2026-06-18,72.05,72.68,68.23,69.71,2263712.329,2026-06-18 23:59:59.999,158994959.76919,944431,1141927.399,80149664.28385,0,2026-06-18,-0.03247744621790427,-0.03301654294722378,51.37371731214829
2026-06-19,69.72,70.09,67.92,69.74,1884570.868,2026-06-19 23:59:59.999,129846260.69857,714964,843732.312,58187759.94089,0,2026-06-19,0.0004303543250609998,0.00043026174919778024,62.199999999999974
2026-06-20,69.73,74.3,69.48,73.22,2267614.627,2026-06-20 23:59:59.999,162699600.53826,740168,1240150.106,89004753.49024,0,2026-06-20,0.049899627186693385,0.048694566444585,70.37721893491121
2026-06-21,73.22,74.68,72.31,72.46,2122685.618,2026-06-21 23:59:59.999,156059401.9531,680563,1047429.3,77022722.90175,0,2026-06-21,-0.010379677683693078,-0.010433922225159074,62.68085106382975
2026-06-22,72.47,75.0,71.37,71.95,2567224.067,2026-06-22 23:59:59.999,189042406.80561,912146,1238528.844,91206905.92051,0,2026-06-22,-0.0070383659950316035,-0.007063252133554211,60.827353313634454
2026-06-23,71.95,72.06,68.16,69.71,2202519.285,2026-06-23 23:59:59.999,153483354.24265,876300,1082219.359,75401539.43038,0,2026-06-23,-0.03113273106323844,-0.031627653835069554,59.86705442459491
2026-06-24,69.7,70.44,64.71,68.11,3368667.529,2026-06-24 23:59:59.999,228503515.42836,1267052,1567362.143,106370703.11795,0,2026-06-24,-0.02295223066991814,-0.023219734245080257,60.292887029288686
2026-06-25,68.12,69.66,64.04,67.72,3716901.281,2026-06-25 23:59:59.999,249278708.39506,1391124,1893526.736,126961379.27537,0,2026-06-25,-0.005726031419762134,-0.005742487988292418,51.922141119221386
2026-06-26,67.72,73.93,65.91,71.9,4422868.716,2026-06-26 23:59:59.999,310844293.71287,1842812,2273937.538,159834360.28131,0,2026-06-26,0.061724748966331955,0.05989470746206644,60.31681559707556
2026-06-27,71.9,73.19,70.25,70.5,1921832.56,2026-06-27 23:59:59.999,138191066.07292,634959,929668.891,66874658.57362,0,2026-06-27,-0.01947148817802513,-0.019663554908778136,53.26359832635983
2026-06-28,70.49,72.41,69.74,71.38,1709274.918,2026-06-28 23:59:59.999,121662415.12054,776562,853256.727,60747555.92499,0,2026-06-28,0.012482269503546028,0.01240500824379125,50.22281639928698
2026-06-29,71.39,76.49,70.35,75.16,3861722.1,2026-06-29 23:59:59.999,284229885.35371,1751231,1942959.592,143049930.75723,0,2026-06-29,0.05295601008685913,0.05160145648325034,52.50850340136052
2026-06-30,75.17,75.8,71.9,73.67,2668784.103,2026-06-30 23:59:59.999,195948181.87889,989235,1381855.491,101425856.02449,0,2026-06-30,-0.019824374667376188,-0.020023513850542265,50.30549898167007
2026-07-01,73.67,78.96,72.25,77.46,3613325.296,2026-07-01 23:59:59.999,274424470.62986,1293054,1856247.269,140977680.20943,0,2026-07-01,0.05144563594407492,0.0501660133918839,60.06698920729437
2026-07-02,77.46,82.78,76.9,80.73,3740503.81,2026-07-02 23:59:59.999,300710638.26347,1323576,1935430.422,155642726.15676,0,2026-07-02,0.04221533694810242,0.04134857932031817,69.8201438848921
2026-07-03,80.72,83.22,80.34,82.34,1769217.383,2026-07-03 23:59:59.999,144331402.98237,747224,884135.599,72138841.2412,0,2026-07-03,0.019943019943019946,0.0197467629348345,71.44315861130022
2026-07-04,82.35,83.98,81.36,81.8,1853790.462,2026-07-04 23:59:59.999,152670026.2107,623191,882867.569,72696930.11244,0,2026-07-04,-0.006558173427252956,-0.00657977273305736,66.22541603630862
2026-07-05,81.8,82.43,79.68,81.59,1405482.139,2026-07-05 23:59:59.999,113832056.83454,531552,694830.758,56290293.4518,0,2026-07-05,-0.002567237163814129,-0.002570538167992488,67.63229045963695
2026-07-06,81.59,83.74,79.23,81.94,2393607.64,2026-07-06 23:59:59.999,194348694.83268,1012792,1295746.385,105247498.78165,0,2026-07-06,0.004289741389876145,0.004280566678016121,69.41313641663426
2026-07-07,81.94,82.79,80.34,80.58,1858989.517,2026-07-07 23:59:59.999,151356556.00884,835044,937684.733,76360090.00797,0,2026-07-07,-0.016597510373443924,-0.01673679235552375,71.87122736418513
2026-07-08,80.58,80.78,76.29,77.83,2171403.36,2026-07-08 23:59:59.999,169124947.01044,786423,1049041.575,81714445.19687,0,2026-07-08,-0.03412757508066522,-0.03472351879190445,68.69230769230768
2026-07-09,77.83,78.83,76.71,78.04,1458437.834,2026-07-09 23:59:59.999,113612885.35964,628012,713779.583,55612784.91695,0,2026-07-09,0.0026981883592445133,0.0026945547836136658,69.98450813323007
2026-07-10,78.05,79.68,77.07,78.13,1853732.075,2026-07-10 23:59:59.999,145485169.21621,600906,970031.561,76149203.89912,0,2026-07-10,0.0011532547411583494,0.0011525902537424546,64.33502070869764
2026-07-11,78.14,78.88,76.77,76.79,1341468.467,2026-07-11 23:59:59.999,104568146.69463,427167,713912.331,55663080.61816,0,2026-07-11,-0.01715090234224992,-0.017299682666200585,64.51315182279652
2026-07-12,76.79,77.78,75.65,76.92,1107014.96,2026-07-12 23:59:59.999,85077113.70053,428321,545740.927,41944786.69687,0,2026-07-12,0.0016929287667664106,0.0016914973781267037,63.2409177820268
2026-07-13,76.92,78.2,74.1,75.01,1598648.362,2026-07-13 23:59:59.999,121408296.276,711539,794658.438,60378093.70185,0,2026-07-13,-0.024830993239729593,-0.025144482739034055,49.60629921259845
2026-07-14,75.02,77.95,74.56,77.87,1797979.602,2026-07-14 23:59:59.999,137489466.10569,654450,962065.861,73590467.69389,0,2026-07-14,0.03812824956672434,0.03741933160734969,60.28403525954948
2026-07-15,77.87,79.04,76.94,77.29,1789391.588,2026-07-15 23:59:59.999,139319862.53961,661584,966699.175,75261787.99558,0,2026-07-15,-0.007448311288044129,-0.007476188470115043,49.50610110400934
2026-07-16,77.28,77.64,75.01,75.32,1525454.678,2026-07-16 23:59:59.999,116450165.27121,525461,738665.543,56384335.49776,0,2026-07-16,-0.025488420235476927,-0.02581887732982812,32.99811439346318
2026-07-17,75.33,75.75,73.39,75.04,1361493.075,2026-07-17 23:59:59.999,101677703.50072,553564,676963.057,50566493.4178,0,2026-07-17,-0.0037174721189588977,-0.0037243990909822168,24.965706447187898
2026-07-18,75.04,75.67,74.5,75.52,651011.695,2026-07-18 23:59:59.999,48907344.63535,249534,344864.757,25909617.53894,0,2026-07-18,0.006396588486140553,0.0063762171392758435,28.374655647382852
2026-07-19,75.53,76.7,75.37,76.38,1176910.446,2026-07-19 23:59:59.999,89493155.41166,322166,595745.728,45304553.71434,0,2026-07-19,0.011387711864406791,0.011323359960124915,32.82794990112056
2026-07-20,76.38,78.38,75.5,77.85,1867200.851,2026-07-20 23:59:59.999,143667567.93295,674507,934799.933,71961164.40385,0,2026-07-20,0.019245875883739272,0.019063016482637255,37.44628606507055
2026-07-21,77.85,78.88,77.42,78.12,1283561.32,2026-07-21 23:59:59.999,100390454.24649,395822,641601.404,50190668.48368,0,2026-07-21,0.003468208092485714,0.0034622077284710124,41.90789473684211
2026-07-22,78.13,78.85,77.0,77.97,1424652.173,2026-07-22 23:59:59.999,110917121.3572,497292,714496.328,55624207.7664,0,2026-07-22,-0.0019201228878649168,-0.0019219686869696956,50.55555555555556
2026-07-23,77.97,78.54,75.43,75.88,1346651.926,2026-07-23 23:59:59.999,103544519.6181,474224,641821.374,49333411.72173,0,2026-07-23,-0.026805181480056506,-0.027170992254695204,42.54143646408835
2026-07-24,75.88,76.45,73.44,73.96,1450088.265,2026-07-24 23:59:59.999,108381398.97586,405521,700473.944,52334431.9641,0,2026-07-24,-0.02530311017395892,-0.0256287385478894,37.21643163703248
2026-07-25,73.97,74.73,73.56,74.52,726815.749,2026-07-25 23:59:59.999,53913245.45166,174339,367039.441,27227580.66921,0,2026-07-25,0.007571660356949783,0.00754313921446369,42.69156471345779
2026-07-26,74.53,77.1,74.47,76.76,892413.373,2026-07-26 23:59:59.999,67383727.82508,289185,478055.812,36101529.91258,0,2026-07-26,0.03005904455179831,0.029616125406111585,49.546485260770986
2026-07-27,76.77,77.5,73.74,74.2,1608273.931,2026-07-27 23:59:59.999,122181533.19415,583673,796943.514,60573440.06599,0,2026-07-27,-0.03335070349140179,-0.033919520966164414,47.78567523236741
2026-07-28,74.21,74.59,72.36,73.83,1697225.448,2026-07-28 23:59:59.999,124700208.20807,525294,797539.173,58610563.24901,0,2026-07-28,-0.004986522911051283,-0.004998997102260648,37.21518987341772
2026-07-29,73.83,74.53,72.32,73.68,1597653.875,2026-07-29 23:59:59.999,117536865.53476,597407,820832.531,60395370.61063,0,2026-07-29,-0.002031694433157094,-0.0020337611240226227,38.25634352635005
2026-07-30,73.69,74.99,73.14,74.51,1218863.451,2026-07-30 23:59:59.999,90486948.37483,404129,583483.932,43322957.6664,0,2026-07-30,0.011264929424538606,0.01120195261858479,47.15390021082225
2026-07-31,74.52,75.29,72.56,72.87,1337998.051,2026-07-31 23:59:59.999,98541886.14749,448362,608554.026,44835603.37254,0,2026-07-31,-0.02201046839350418,-0.022256312883445265,43.04041051956383
2026-08-01,72.87,73.21,70.58,71.95,1111519.095,2026-08-01 23:59:59.999,80384897.33507,270094,477321.735,34509307.42971,0,2026-08-01,-0.012625222999862795,-0.012705598348814023,38.86462882096074
2026-08-02,71.95,74.33,71.93,73.63,845346.938,2026-08-02 23:59:59.999,61963188.31639,251642,407698.354,29873364.85048,0,2026-08-02,0.023349548297428635,0.023081118047248515,41.83976261127597
2026-08-03,73.64,74.28,71.98,73.56,1227842.329,2026-08-03 23:59:59.999,89896537.95405,370920,608136.616,44523909.30813,0,2026-08-03,-0.0009506994431616178,-0.0009511516445049931,36.11650485436897
2026-08-04,73.56,74.13,73.04,73.75,246682.314,2026-08-04 23:59:59.999,18165548.81086,96793,123400.082,9085125.18086,0,2026-08-04,0.002582925502990774,0.0025795954838088828,35.78399479505529
