timestamp,open,high,low,close,volume,close_time,quote_volume,trades,taker_buy_base,taker_buy_quote,ignore,date,rsi,rolling_mean,rolling_std,zscore,return,log_return
2020-09-18,4.9638,8.764,4.66,6.8914,135791137,2020-09-18 23:59:59.999,864645134.3571,1423925,69106458,440361177.3085,0,2020-09-18,,,,,,
2020-09-19,6.8918,7.5227,5.2368,5.7311,106389752,2020-09-19 23:59:59.999,687012171.0178,1428119,52108812,337411444.7611,0,2020-09-19,,,,,-0.1683692718460691,-0.1843667730388848
2020-09-20,5.7321,6.09,4.6272,5.2313,90765939,2020-09-20 23:59:59.999,477245747.8036,1133875,43572447,229366653.6786,0,2020-09-20,,,,,-0.08720838931444219,-0.0912476712241424
2020-09-21,5.231,5.6758,4.07,4.2532,110039120,2020-09-21 23:59:59.999,513374468.525,1002796,53324549,248856174.1679,0,2020-09-21,,,,,-0.18697073385200624,-0.20698817236021935
2020-09-22,4.2637,4.56,3.7029,3.9101,98557117,2020-09-22 23:59:59.999,400575226.3121,937128,48454392,197001291.831,0,2020-09-22,,,,,-0.08066867299915348,-0.08410869167699539
2020-09-23,3.912,5.3343,3.901,4.3829,141742645,2020-09-23 23:59:59.999,642861065.0727,1275960,72811246,330508395.2771,0,2020-09-23,,,,,0.12091762359018965,0.11414765663537187
2020-09-24,4.383,5.3,4.2517,5.1553,95798055,2020-09-24 23:59:59.999,467962170.601,934663,48806382,238667917.4472,0,2020-09-24,,,,,0.17623034976841812,0.16231470594872086
2020-09-25,5.1503,5.5608,4.73,4.9089,64952833,2020-09-25 23:59:59.999,332296224.1373,757063,32060512,164205784.2655,0,2020-09-25,,,,,-0.04779547262041017,-0.04897542758106879
2020-09-26,4.909,4.999,4.6806,4.873,38207202,2020-09-26 23:59:59.999,185311161.2231,533667,18628813,90433774.1722,0,2020-09-26,,,,,-0.007313247367027209,-0.007340120259453349
2020-09-27,4.8701,5.2183,4.6807,4.8502,31796723,2020-09-27 23:59:59.999,156065941.5811,425814,15127874,74311845.2576,0,2020-09-27,,,,,-0.0046788426020931695,-0.004689822648801629
2020-09-28,4.852,4.96,4.1758,4.256,32567949,2020-09-28 23:59:59.999,148349930.0076,454861,14691003,66953574.7729,0,2020-09-28,,,,,-0.12251041194177559,-0.13069018917322422
2020-09-29,4.2544,4.4189,4.1229,4.3884,26454732,2020-09-29 23:59:59.999,112683808.5644,266688,12909754,55038196.8322,0,2020-09-29,,,,,0.03110902255639081,0.030634943921855368
2020-09-30,4.3883,4.3885,3.9511,4.1604,23432442,2020-09-30 23:59:59.999,96596004.8809,236569,10941805,45099002.563,0,2020-09-30,,,,,-0.05195515449822252,-0.05335347246435772
2020-10-01,4.1628,4.5185,3.9225,4.2392,39670118,2020-10-01 23:59:59.999,167446646.1709,402629,19217814,81203992.5661,0,2020-10-01,26.170709793351307,,,,0.01894048649168356,0.018763348699574335
2020-10-02,4.2429,4.2429,3.5602,3.894,33521844,2020-10-02 23:59:59.999,130428108.9849,323700,15905441,61861857.9253,0,2020-10-02,24.642144089878528,,,,-0.08143045857709008,-0.0849376652464074
2020-10-03,3.8922,4.1217,3.831,3.9012,18960474,2020-10-03 23:59:59.999,74582687.2676,192287,9106496,35846777.1198,0,2020-10-03,30.76664354333522,,,,0.001848998459167861,0.0018472911657148822
2020-10-04,3.9035,3.948,3.6054,3.7255,23181609,2020-10-04 23:59:59.999,87164793.6883,259560,11062453,41623877.2812,0,2020-10-04,33.01601624182268,,,,-0.04503742438224134,-0.046083127104077755
2020-10-05,3.7225,3.7958,3.18,3.3233,35146506,2020-10-05 23:59:59.999,121282606.5746,316964,16826038,58061261.3528,0,2020-10-05,37.94560680303856,,,,-0.10795866326667558,-0.11424280584658034
2020-10-06,3.3234,3.3424,2.6211,2.7109,63109461,2020-10-06 23:59:59.999,189162386.0582,488153,30359893,91048047.94,0,2020-10-06,35.469174098487784,,,,-0.18427466674690818,-0.20367758208652345
2020-10-07,2.7093,2.995,2.456,2.9558,74719910,2020-10-07 23:59:59.999,202625859.702,605413,37915764,103083181.4183,0,2020-10-07,31.69680646402462,4.387105,0.9554917342312337,-1.4979773751277865,0.09033900180751786,0.08648865871979398
2020-10-08,2.958,3.4623,2.6352,3.3501,76651161,2020-10-08 23:59:59.999,234795402.3467,720775,39860184,122333279.9542,0,2020-10-08,24.36086808317235,4.21004,0.7787699568449022,-1.1042285240226128,0.13339874145747332,0.12522085433938374
2020-10-09,3.3495,3.6013,3.175,3.3806,46834530,2020-10-09 23:59:59.999,158124503.1264,497757,23417418,79127305.3615,0,2020-10-09,26.875472840066564,4.092515000000001,0.7116058542960575,-1.0004344338963442,0.009104205844601587,0.009063012396221181
2020-10-10,3.3819,3.6607,3.2643,3.2959,33319109,2020-10-10 23:59:59.999,113971676.2849,353665,16409689,56207071.2985,0,2020-10-10,26.484358691438274,3.9957449999999994,0.6794638160653635,-1.0299959813204758,-0.025054724013488627,-0.0253739367528014
2020-10-11,3.2956,3.4521,3.1813,3.3624,26061619,2020-10-11 23:59:59.999,86592896.1653,262820,13077137,43482251.2585,0,2020-10-11,28.101265822784796,3.9512050000000003,0.690801100534735,-0.8523509872005391,0.020176583027397665,0.019975732927631072
2020-10-12,3.3612,3.6016,3.281,3.4572,28191393,2020-10-12 23:59:59.999,96727041.7862,270481,14083603,48351353.2439,0,2020-10-12,36.216178906681385,3.92856,0.6995868121895057,-0.6737691331327114,0.028194147037829964,0.02780400818757602
2020-10-13,3.4567,3.5013,3.293,3.354,17837574,2020-10-13 23:59:59.999,60754764.583,183430,8598885,29317432.5401,0,2020-10-13,31.969041974619998,3.877115,0.7022435866751058,-0.744919583355369,-0.02985074626865669,-0.030305349495328922
2020-10-14,3.3536,3.4368,2.9706,3.109,29895556,2020-10-14 23:59:59.999,95850529.8645,271156,14063808,45123660.6499,0,2020-10-14,31.78068898592916,3.7748,0.6535994113570766,-1.0186667681012613,-0.07304710793082891,-0.07585253232440041
2020-10-15,3.109,3.1669,2.9112,3.0771,28135432,2020-10-15 23:59:59.999,85791227.2012,276559,14375552,43865537.9956,0,2020-10-15,29.52968116963183,3.68321,0.6134235052040665,-0.9880775595619965,-0.010260533933740712,-0.010313536077278784
2020-10-16,3.0764,3.3647,2.874,3.0404,40724194,2020-10-16 23:59:59.999,128386983.8114,348883,20364842,64282367.3915,0,2020-10-16,33.13043478260869,3.5915800000000004,0.5609748494221573,-0.9825395925820094,-0.01192681420818309,-0.011998509289589671
2020-10-17,3.0414,3.119,2.9718,3.053,16255664,2020-10-17 23:59:59.999,49426888.6906,159068,8418980,25612787.2755,0,2020-10-17,33.27285635402697,3.50172,0.48793930662262697,-0.9196225717208738,0.004144191553743015,0.004135628042992555
2020-10-18,3.0524,3.2834,3.0415,3.2732,15958642,2020-10-18 23:59:59.999,50369178.49,159909,8385578,26482956.382,0,2020-10-18,41.23415636264971,3.45258,0.45645077281126556,-0.39298870915521616,0.07212577792335417,0.0696433859183489
2020-10-19,3.2713,3.28,3.11,3.1687,14705745,2020-10-19 23:59:59.999,47051197.0747,151682,7371881,23590255.9265,0,2020-10-19,46.612917360441664,3.391595,0.40321368433728016,-0.5527962186262336,-0.031925944030306797,-0.03244669053092679
2020-10-20,3.1687,3.189,2.8117,2.8587,22572765,2020-10-20 23:59:59.999,66906248.7238,229213,11270109,33446048.5691,0,2020-10-20,53.73270027275482,3.3265100000000003,0.37677572821032784,-1.2416139495558336,-0.09783191845236217,-0.10295443310004769
2020-10-21,2.8581,3.0936,2.8397,2.9385,25361712,2020-10-21 23:59:59.999,75582140.0941,266025,12912761,38494601.836,0,2020-10-21,49.523337190720234,3.261475,0.3187307672216256,-1.0133160435541613,0.02791478644138956,0.027532271030453016
2020-10-22,2.9381,3.1517,2.9201,3.0444,15270134,2020-10-22 23:59:59.999,46500477.9901,163226,7689108,23413280.6186,0,2020-10-22,39.985586057786804,3.2189950000000005,0.2848027396286803,-0.6130383444612707,0.036038795303726445,0.035404590340531415
2020-10-23,3.0442,3.1259,2.9638,3.0184,14220095,2020-10-23 23:59:59.999,43120888.4987,145664,6780775,20586450.3822,0,2020-10-23,38.09961887238798,3.174855,0.23808526883628067,-0.6571385149729111,-0.008540270660885474,-0.008576947743135709
2020-10-24,3.0183,3.0898,2.929,2.9447,10001147,2020-10-24 23:59:59.999,30100886.7496,104519,4686813,14128654.9504,0,2020-10-24,38.37701879798782,3.135815,0.20471884256218822,-0.9335486543792089,-0.0244169096209913,-0.024719945325423383
2020-10-25,2.944,2.97,2.711,2.7769,13081956,2020-10-25 23:59:59.999,37633115.8232,134683,6103585,17573796.9039,0,2020-10-25,31.84045654736059,3.108495,0.21460220108500375,-1.545161225390487,-0.05698373348728225,-0.05867174674907962
2020-10-26,2.7757,2.88,2.52,2.7138,21905173,2020-10-26 23:59:59.999,59730349.0449,215826,10316670,28168802.8059,0,2020-10-26,26.480637813211857,3.1086400000000003,0.21432021394461429,-1.8422900608994206,-0.02272318052504585,-0.022985330863745223
2020-10-27,2.7121,2.9156,2.7008,2.8097,20107012,2020-10-27 23:59:59.999,56772789.0722,187880,9921385,28026184.287,0,2020-10-27,32.699764795626464,3.1013349999999997,0.22215069867334364,-1.312780026088632,0.03533790257203906,0.03472784935068091
2020-10-28,2.8097,2.8592,2.597,2.6631,16661196,2020-10-28 23:59:59.999,45138948.2255,161455,7898964,21394279.5596,0,2020-10-28,34.88167084830813,3.066985,0.2344349495118714,-1.7228020004736868,-0.05217638893832077,-0.05358685832015013
2020-10-29,2.6629,2.7417,2.486,2.539,15691060,2020-10-29 23:59:59.999,40803804.4941,151346,7122940,18523534.0416,0,2020-10-29,32.82915310485673,3.024905,0.2501825049102356,-1.9422021542806938,-0.04659982726897216,-0.047720555037704816
2020-10-30,2.5385,2.5655,2.231,2.4133,30396942,2020-10-30 23:59:59.999,71529236.0112,253415,15190401,35763951.3281,0,2020-10-30,31.06467781870886,2.980775,0.2763395772843376,-2.0535422597686783,-0.04950768018905083,-0.05077519724311092
2020-10-31,2.4125,2.4125,2.2401,2.2658,14902671,2020-10-31 23:59:59.999,34973619.5783,131560,6963650,16356128.1244,0,2020-10-31,28.020996202814388,2.9259449999999996,0.3040371090145033,-2.17126456089447,-0.06111962872415366,-0.06306720802217934
2020-11-01,2.2652,2.4544,2.218,2.3788,16735725,2020-11-01 23:59:59.999,38616722.2787,156928,8515594,19668208.857,0,2020-11-01,23.437871228320276,2.872025,0.3004664056447159,-1.6415312685013106,0.04987200988613294,0.04866826139305041
2020-11-02,2.3791,2.4542,2.2223,2.2528,19202218,2020-11-02 23:59:59.999,44398691.666,155835,9445318,21855654.2964,0,2020-11-02,23.14233769280395,2.8169649999999997,0.3082914534810786,-1.829972883223716,-0.05296788296620136,-0.05442227186871526
2020-11-03,2.2522,2.2812,2.054,2.137,23343211,2020-11-03 23:59:59.999,49769377.0016,173599,11369736,24244746.9876,0,2020-11-03,26.11688397643789,2.768365,0.3352656091974373,-1.8831785386856976,-0.051402698863636465,-0.05277091064457575
2020-11-04,2.1356,2.1651,1.8739,1.9279,28858707,2020-11-04 23:59:59.999,58136495.9764,230410,14163096,28560197.5299,0,2020-11-04,19.192781368125836,2.710905,0.3756179910984624,-2.0845779982747086,-0.09784744969583536,-0.10297164871372456
2020-11-05,1.9282,2.4213,1.7564,2.1902,81343041,2020-11-05 23:59:59.999,171512996.4516,492266,41561306,87556233.9919,0,2020-11-05,26.22731826783925,2.6683950000000003,0.38437326769828195,-1.2440901597125762,0.13605477462523985,0.1275615362362356
2020-11-06,2.1894,2.689,2.1717,2.5706,75683379,2020-11-06 23:59:59.999,188154517.5355,549612,38018050,94540113.1409,0,2020-11-06,39.5908879590888,2.644275,0.373963179829811,-0.1970113743110455,0.1736827686969229,0.1601464708343729
2020-11-07,2.5706,3.035,2.4212,2.4773,75658724,2020-11-07 23:59:59.999,207208722.9665,583562,36136260,99032839.7287,0,2020-11-07,39.23339168893394,2.60448,0.34471818329577475,-0.3689390527185426,-0.03629502839803944,-0.036970077269300544
2020-11-08,2.4765,2.9259,2.435,2.8675,32849585,2020-11-08 23:59:59.999,88364337.9809,276151,16294669,43836175.4222,0,2020-11-08,51.89302131216048,2.58942,0.3247736970812015,0.8562269743490748,0.15751019254833887,0.1462713125967947
2020-11-09,2.8658,2.8812,2.5723,2.6795,29488384,2020-11-09 23:59:59.999,79712908.3484,238962,14126083,38218197.5805,0,2020-11-09,49.31887684181262,2.58046,0.3193808309180395,0.3101000135647339,-0.06556233653007848,-0.06781036006862082
2020-11-10,2.6795,3.18,2.6268,3.0804,45785816,2020-11-10 23:59:59.999,133629180.6118,358965,22057052,64427409.7125,0,2020-11-10,54.794714655141874,2.587555,0.3291791041443331,1.4971940618196267,0.14961746594513903,0.1394292487301901
2020-11-11,3.08,3.2198,2.88,2.9321,33268364,2020-11-11 23:59:59.999,102250132.4339,309691,15613725,48045839.6044,0,2020-11-11,54.76173617503363,2.5819400000000003,0.3218525412604226,1.087951639681703,-0.04814309829892216,-0.04934056882815785
2020-11-12,2.9311,3.1388,2.8328,2.9573,29454688,2020-11-12 23:59:59.999,88052966.0778,283187,14588468,43653976.6873,0,2020-11-12,57.67325824558828,2.578885,0.31775555363899405,1.1908997204496443,0.008594522697042972,0.008557800045943354
2020-11-13,2.9569,3.983,2.934,3.8462,61007642,2020-11-13 23:59:59.999,210800907.9298,508911,31270347,107997936.2849,0,2020-11-13,70.53512568431312,2.62396,0.4199019201269723,2.9107749724755068,0.3005782301423596,0.2628089579938664
2020-11-14,3.8447,3.966,3.51,3.8132,64663803,2020-11-14 23:59:59.999,241861164.0696,592760,32339232,121063030.3641,0,2020-11-14,72.92852062588905,2.6757750000000002,0.49668586267802395,2.2900289407619687,-0.008579897041235518,-0.008616916257323881
2020-11-15,3.8133,4.2381,3.6134,3.8482,57815801,2020-11-15 23:59:59.999,230625279.3371,532827,28719851,114637181.8307,0,2020-11-15,72.2879504914452,2.732495,0.5617656089930839,1.9860685348820197,0.009178642609881438,0.009136774867492838
2020-11-16,3.8489,3.9447,3.4501,3.5688,50460597,2020-11-16 23:59:59.999,186922431.8147,459917,24017280,89024287.893,0,2020-11-16,69.07356948228882,2.7704500000000003,0.5920821951295915,1.3483769763170492,-0.07260537394106337,-0.07537610167286095
2020-11-17,3.5689,3.8914,3.4772,3.8191,50585921,2020-11-17 23:59:59.999,185897677.4155,476184,24200972,89026379.5432,0,2020-11-17,73.46483274279497,2.82825,0.6358579446617582,1.558288306875018,0.07013561981618466,0.0677853879337915
2020-11-18,3.8187,3.861,3.2694,3.4632,41843276,2020-11-18 23:59:59.999,147241873.8252,411281,19625255,69012983.6496,0,2020-11-18,70.57436144836643,2.87446,0.6472118276845213,0.9096558109982147,-0.0931894949071771,-0.09782177562007577
2020-11-19,3.4632,3.8951,3.23,3.7466,47998474,2020-11-19 23:59:59.999,172620657.1782,442870,22885003,82365620.468,0,2020-11-19,70.73983263152284,2.9411250000000004,0.6656162572937094,1.2101191807948526,0.08183183183183185,0.07865574489918765
2020-11-20,3.7463,4.1,3.6833,3.8611,47940349,2020-11-20 23:59:59.999,186978011.7698,428608,23027089,89818227.4342,0,2020-11-20,68.50816051401199,3.02089,0.6759358455231969,1.2430321687550827,0.030561042011423734,0.030103354927778093
2020-11-21,3.8607,3.949,3.59,3.8467,39021035,2020-11-21 23:59:59.999,147219521.1683,378004,18207374,68729915.1372,0,2020-11-21,70.09450020543522,3.094285,0.6822116566726203,1.1029055171378706,-0.003729507135272425,-0.003736479087035892
2020-11-22,3.8484,3.98,3.4051,3.6853,39893328,2020-11-22 23:59:59.999,147629487.9419,388670,18400539,68152646.1204,0,2020-11-22,62.86415403007613,3.1659100000000002,0.6641750347136235,0.7820077131082595,-0.04195804195804198,-0.04286370443178239
2020-11-23,3.6833,4.2532,3.6334,4.1945,46280359,2020-11-23 23:59:59.999,181205617.6341,435776,22054692,86414909.0465,0,2020-11-23,71.64409394822562,3.2687850000000003,0.6557084294867656,1.4117784038929815,0.13817056956014429,0.12942220985043087
2020-11-24,4.1938,4.5059,3.9445,4.0747,50668042,2020-11-24 23:59:59.999,211746635.6653,473402,23197773,96980577.2728,0,2020-11-24,65.44567682604779,3.3761250000000005,0.5978120738642664,1.1685528455194958,-0.0285612111097866,-0.028977018953346128
2020-11-25,4.0758,4.2142,3.5324,3.68,31032266,2020-11-25 23:59:59.999,122414269.7734,325867,14107873,55725597.4221,0,2020-11-25,60.79189633776804,3.450615,0.5313910714490689,0.4316689013507174,-0.09686602694676905,-0.10188437217002648
2020-11-26,3.679,3.7755,3.0968,3.4341,44630460,2020-11-26 23:59:59.999,149257494.0488,468729,20981269,70184469.6079,0,2020-11-26,56.468066634109285,3.4937899999999997,0.48956036550530124,-0.12192571990257133,-0.06682065217391309,-0.06915786957043633
2020-11-27,3.4349,3.5399,3.162,3.3073,26431511,2020-11-27 23:59:59.999,88607736.0978,272933,12605864,42269872.9996,0,2020-11-27,40.783938160549994,3.53529,0.43047093416152327,-0.5296292546303538,-0.036923793715966324,-0.03762273606362819
2020-11-28,3.3073,3.532,3.2556,3.4611,17959426,2020-11-28 23:59:59.999,61104096.6077,198774,8498445,28930208.954,0,2020-11-28,44.217441287567745,3.56497,0.4014933899960571,-0.2587091159857456,0.04650318991322222,0.04545431107244152
2020-11-29,3.4604,3.5736,3.3605,3.5519,15600709,2020-11-29 23:59:59.999,53989373.6711,196107,7296632,25268621.0679,0,2020-11-29,45.22143018417572,3.6085900000000004,0.34341945489444753,-0.16507509749971694,0.02623443413943538,0.02589621396124633
2020-11-30,3.5529,3.816,3.5328,3.7792,19573843,2020-11-30 23:59:59.999,72125848.363,227777,9112048,33586880.0355,0,2020-11-30,53.451217111738075,3.6435300000000006,0.3217148575663653,0.42170884188030533,0.06399391874771254,0.06202967544044314
2020-12-01,3.7784,3.993,3.4027,3.5502,27272994,2020-12-01 23:59:59.999,100707922.0499,302602,12825931,47371315.1115,0,2020-12-01,45.558161815719046,3.674435,0.27625160209109006,-0.4497168489145462,-0.060594834885690174,-0.06250840709233986
2020-12-02,3.5484,4.1751,3.4974,3.9477,24334802,2020-12-02 23:59:59.999,93470895.1016,263501,11900352,45724179.6244,0,2020-12-02,57.89473684210526,3.7239549999999992,0.2249363125654133,0.9947037783636384,0.111965523069123,0.10612919091350131
2020-12-03,3.9461,4.0273,3.8,3.8855,15801614,2020-12-03 23:59:59.999,61854437.1328,186863,7621031,29846062.8769,0,2020-12-03,52.43915288167738,3.72592,0.2262283745989508,0.7053933896793341,-0.015756009828507778,-0.01588145517490773
2020-12-04,3.884,3.925,3.5,3.5203,12625343,2020-12-04 23:59:59.999,46964599.3961,176932,5659646,21066646.7347,0,2020-12-04,44.49967721110394,3.7112750000000005,0.2297342328934827,-0.8312866462898751,-0.09399047741603395,-0.09870546241606448
2020-12-05,3.5201,3.7,3.442,3.6836,10777771,2020-12-05 23:59:59.999,38748331.5531,151004,5264030,18938752.7016,0,2020-12-05,47.48837352551666,3.7030450000000004,0.22750839539164985,-0.08546937341158813,0.046388091923983854,0.04534432161397967
2020-12-06,3.6829,3.7947,3.5109,3.6519,10293863,2020-12-06 23:59:59.999,37487683.7047,149203,5174984,18864132.5299,0,2020-12-06,49.46426279994868,3.7072000000000003,0.22567910847040995,-0.24503818884613787,-0.008605711803670424,-0.008642954763551714
2020-12-07,3.6515,3.884,3.5652,3.761,15938460,2020-12-07 23:59:59.999,59446134.0022,201241,7898408,29435266.3941,0,2020-12-07,42.022744838246666,3.7042949999999997,0.22453392540525766,0.2525453554408516,0.02987485966209369,0.02943729938667603
2020-12-08,3.7612,3.7698,3.28,3.3013,17147736,2020-12-08 23:59:59.999,60445503.7464,227327,7673668,27036570.7268,0,2020-12-08,37.35034347399412,3.6961999999999997,0.23629394940690907,-1.6712234951050897,-0.12222813081627237,-0.13036854919557633
2020-12-09,3.301,3.3955,3.1175,3.3524,13473824,2020-12-09 23:59:59.999,44406218.4857,183380,6246112,20586710.2742,0,2020-12-09,43.963293285177265,3.67649,0.24801850291757038,-1.3067170238815293,0.015478750795141272,0.015360176949990902
2020-12-10,3.3522,3.3733,3.1911,3.242,8221638,2020-12-10 23:59:59.999,26806363.6247,127379,3925462,12800106.6323,0,2020-12-10,46.27409907288879,3.645535,0.26200510697111745,-1.5401799020829183,-0.03293163107027797,-0.03348608392912967
2020-12-11,3.2428,3.2506,2.91,2.9616,14032377,2020-12-11 23:59:59.999,42078783.7596,189958,6589334,19748485.412,0,2020-12-11,43.67197510525353,3.60128,0.29845359967320595,-2.143314742058473,-0.08648982109808767,-0.09046076047638843
2020-12-12,2.9633,3.1772,2.9607,3.1245,10624001,2020-12-12 23:59:59.999,32959964.5458,143800,4888936,15157238.826,0,2020-12-12,43.859008976136614,3.5732400000000006,0.3159739702803643,-1.4201802749822492,0.055004051863857484,0.05354460754990342
2020-12-13,3.1239,3.3644,3.0726,3.3406,9609388,2020-12-13 23:59:59.999,31228105.1924,130084,4817866,15618806.3913,0,2020-12-13,46.313548972399595,3.530545,0.283646515513866,-0.6696539164455727,0.06916306609057443,0.06687616118671079
2020-12-14,3.3405,3.5453,3.2386,3.4801,11355957,2020-12-14 23:59:59.999,38025112.2581,150924,5605678,18789261.2133,0,2020-12-14,44.61682444836401,3.5008149999999993,0.253129272725472,-0.0818356556590961,0.04175896545530766,0.04091059743199657
2020-12-15,3.48,3.5196,3.3108,3.3307,10956266,2020-12-15 23:59:59.999,37391806.1102,147357,5292127,18070327.2343,0,2020-12-15,45.93292569946268,3.48335,0.25216384293591865,-0.6053603808647232,-0.04292980086779119,-0.04387853689421432
2020-12-16,3.3307,3.5489,3.2438,3.5407,14076280,2020-12-16 23:59:59.999,48059729.003,168423,6734927,22990958.4666,0,2020-12-16,41.89565909996018,3.48868,0.25219465664860025,0.20626923936966332,0.06304980934938609,0.061141955599186046
2020-12-17,3.5407,4.0077,3.4354,3.697,32013622,2020-12-17 23:59:59.999,120341516.8807,334634,15013706,56487039.3994,0,2020-12-17,46.382096656558296,3.5081650000000004,0.25249762536663484,0.7478684194586188,0.04414381337023743,0.04319723224381657
2020-12-18,3.697,3.8642,3.551,3.7705,20150042,2020-12-18 23:59:59.999,74978906.9981,220876,9522873,35461429.8799,0,2020-12-18,55.407625140485855,3.523635,0.2588602636152318,0.9536612400539722,0.01988098458209353,0.01968593870606974
2020-12-19,3.7705,4.25,3.7083,3.965,32908180,2020-12-19 23:59:59.999,133936708.4566,361482,15603281,63497038.8178,0,2020-12-19,56.00102362876395,3.54429,0.27707453471850046,1.5184000955823262,0.05158467046810755,0.05029823642624653
2020-12-20,3.9652,4.0333,3.707,3.7667,18983331,2020-12-20 23:59:59.999,73983581.9391,225162,8756796,34136617.1414,0,2020-12-20,52.28575979611342,3.543665,0.2765303205513102,0.8065480832457798,-0.0500126103404791,-0.051306568518261
2020-12-21,3.7659,3.9289,3.4233,3.5166,18099579,2020-12-21 23:59:59.999,65971515.8518,205181,8629015,31471195.286,0,2020-12-21,45.39250433602292,3.5419850000000004,0.27659058718809015,-0.09177824978815295,-0.06639764249873903,-0.06870467284024881
2020-12-22,3.5148,3.7797,3.2845,3.7363,18382675,2020-12-22 23:59:59.999,65172580.8927,210959,8638798,30649260.0252,0,2020-12-22,59.01666528480225,3.531415,0.2640239089552306,0.7760092667772048,0.06247511801171579,0.060601203200306646
2020-12-23,3.7356,3.7827,3.0074,3.3176,18921934,2020-12-23 23:59:59.999,66013599.7757,240667,8969692,31299026.9887,0,2020-12-23,49.37405568745954,3.5030200000000002,0.2542976925201105,-0.7291454285820415,-0.11206273586168125,-0.1188541869785736
2020-12-24,3.3199,3.5299,3.1619,3.5256,15534991,2020-12-24 23:59:59.999,51668458.0683,193784,7624984,25367215.5845,0,2020-12-24,54.92806005421561,3.5032849999999995,0.25431940811134585,0.08774399156445967,0.06269592476489017,0.06080900459560558
2020-12-25,3.5267,3.656,3.3749,3.5062,13074180,2020-12-25 23:59:59.999,45769063.1253,157888,6240679,21856982.9377,0,2020-12-25,60.40743005656629,3.494415,0.250768327293708,0.046995568089414984,-0.005502609484910215,-0.005517804608003331
2020-12-26,3.5071,3.607,3.3614,3.42,11125637,2020-12-26 23:59:59.999,38848980.863,136117,5491827,19178963.5328,0,2020-12-26,55.817616253888254,3.4828199999999994,0.2484539046520344,-0.2528436817605275,-0.024585020820261372,-0.024892278863123042
2020-12-27,3.4208,3.8116,3.3543,3.6035,19242073,2020-12-27 23:59:59.999,68818264.4957,231205,9285619,33200724.9385,0,2020-12-27,55.24310956882454,3.4749450000000004,0.24157343326180314,0.532157026806334,0.053654970760233844,0.05226504430784482
2020-12-28,3.6033,3.9497,3.5723,3.7336,15106832,2020-12-28 23:59:59.999,57344680.7593,186118,7292068,27691787.7629,0,2020-12-28,55.074668695199584,3.49656,0.24454064434535652,0.9693276168244502,0.03610378798390457,0.03546732027111015
2020-12-29,3.7324,3.8489,3.5025,3.6756,14215500,2020-12-29 23:59:59.999,51644342.3673,175098,6858659,24924562.6527,0,2020-12-29,57.16660433029964,3.5127200000000003,0.245190872157741,0.6642987912503234,-0.01553460467109491,-0.015656531008875967
2020-12-30,3.6758,4.3875,3.631,4.154,27158906,2020-12-30 23:59:59.999,108901934.4019,315631,13152275,52708229.45,0,2020-12-30,61.464837178001275,3.5583199999999997,0.27516657462248845,2.1647978168032815,0.1301556208510175,0.12235534080932772
2020-12-31,4.1536,5.2965,3.9376,5.155,49755923,2020-12-31 23:59:59.999,230250334.2998,590461,23926643,110888642.4317,0,2020-12-31,70.71375802693642,3.6679900000000005,0.4224850242129418,3.5196750530274743,0.2409725565719789,0.21589539201500277
2021-01-01,5.1549,5.274,4.6101,4.7407,29105613,2021-01-01 23:59:59.999,144101388.078,379994,13563391,67229569.5667,0,2021-01-01,62.56670638827004,3.7488,0.4654425488884625,2.1310900826939583,-0.08036857419980603,-0.08378231334056166
2021-01-02,4.7421,5.1893,4.4863,4.8617,35488699,2021-01-02 23:59:59.999,169774841.0199,423884,16926773,80996064.2078,0,2021-01-02,61.84012464679009,3.8248550000000003,0.5166863280101678,2.0067204100271754,0.02552365684392588,0.02520336685898182
2021-01-03,4.8622,5.66,4.6801,5.5249,36592873,2021-01-03 23:59:59.999,187765034.619,435638,17189328,88231708.0492,0,2021-01-03,70.67692162950419,3.9270950000000004,0.6338922002617087,2.520625745734574,0.13641318880227082,0.12787697670516288
2021-01-04,5.5274,6.2476,4.869,5.432,33980328,2021-01-04 23:59:59.999,187641663.1057,444070,15981486,88314709.0539,0,2021-01-04,73.39048456428294,4.03216,0.7004827691633358,1.9983931962694588,-0.01681478397799041,-0.01695775743611127
2021-01-05,5.428,6.574,5.2069,6.2595,25969840,2021-01-05 23:59:59.999,153456610.2787,353384,12442756,73506936.4198,0,2021-01-05,76.82999447067331,4.1681,0.8483036621151018,2.46539074791384,0.1523379970544918,0.14179291946118483
2021-01-06,6.2623,6.6141,6.0177,6.4222,16608773,2021-01-06 23:59:59.999,104059586.0207,245393,7789811,48814716.8326,0,2021-01-06,84.9129593810445,4.30436,0.9776572106181602,2.1662398405069982,0.025992491413052266,0.025660428410933585
2021-01-07,6.4277,6.8467,6.0201,6.279,18124590,2021-01-07 23:59:59.999,115224771.4229,255534,8660760,55136172.1536,0,2021-01-07,81.42146345916831,4.429785,1.0627676585589836,1.7399993169789976,-0.0222976550091869,-0.02255000599654106
2021-01-08,6.28,6.3898,5.4696,5.8836,20084660,2021-01-08 23:59:59.999,119940220.9902,291848,9380760,56028063.5943,0,2021-01-08,74.98633707487284,4.525715,1.1043819058521744,1.2295429622710228,-0.06297181079789771,-0.0650419126689215
2021-01-09,5.8878,6.3781,5.6717,6.2393,14062984,2021-01-09 23:59:59.999,85402312.5131,198987,6633551,40297815.2011,0,2021-01-09,78.04213332272376,4.649344999999999,1.152300005012856,1.379809939324145,0.060456183289142595,0.058699177138516606
2021-01-10,6.2393,6.5964,5.5538,5.99,16462464,2021-01-10 23:59:59.999,101019157.811,246092,7596853,46643224.0455,0,2021-01-10,73.43059673650521,4.773015,1.1570486489681164,1.0518010639270323,-0.03995640536598655,-0.04077658447420953
2021-01-11,5.99,6.012,4.4,5.2402,24717068,2021-01-11 23:59:59.999,127527796.5489,400050,11600344,59824734.0619,0,2021-01-11,63.18710174357538,4.84821,1.1347818714115088,0.34543202519830485,-0.12517529215358936,-0.13373174658385317
2021-01-12,5.2437,5.8285,4.968,5.5912,15762738,2021-01-12 23:59:59.999,85409389.4855,252061,7699100,41789308.9517,0,2021-01-12,65.94897925200652,4.9618899999999995,1.0862216585364515,0.5793568882136977,0.06698217625281488,0.06483426763727747
2021-01-13,5.5947,6.3927,5.2674,6.3426,14560477,2021-01-13 23:59:59.999,85152406.489,245268,7115510,41650273.6655,0,2021-01-13,67.4295998980632,5.10274,1.07273210046517,1.1557964933298428,0.13438975532980413,0.12609484583975322
2021-01-14,6.3449,7.1419,6.1838,6.973,19411112,2021-01-14 23:59:59.999,128074960.7054,319758,9302765,61391473.3792,0,2021-01-14,65.38643826805242,5.276079999999999,1.081235317198753,1.5694270923339364,0.09939141676914831,0.0947567692183384
2021-01-15,6.9724,7.5063,6.4028,7.3762,24883843,2021-01-15 23:59:59.999,175860932.8745,415829,11839525,83745710.1741,0,2021-01-15,72.34724506927603,5.473889999999999,1.085677608878918,1.7521868227201867,0.05782303169367564,0.05621305261527701
2021-01-16,7.3778,9.439,7.2043,8.4052,23384978,2021-01-16 23:59:59.999,191799477.5579,402055,11201543,91914122.1612,0,2021-01-16,76.03715079283437,5.713975,1.1773436862946545,2.2858448483041056,0.13950272498034222,0.13059196108322804
2021-01-17,8.4102,9.2,8.0784,8.6869,18588603,2021-01-17 23:59:59.999,160040569.7348,338353,8879630,76487077.112,0,2021-01-17,74.61389961389962,5.96164,1.2571116398943591,2.1678742869877614,0.03351496692523659,0.032965581820250715
2021-01-18,8.6943,9.8911,8.314,9.2063,17151328,2021-01-18 23:59:59.999,156899674.8336,326890,8411630,76964320.786,0,2021-01-18,77.55084164269968,6.238175,1.3337456424730236,2.225405583703741,0.05979117982249149,0.058071888549433084
2021-01-19,9.2103,9.7299,8.4857,8.5996,14292342,2021-01-19 23:59:59.999,130425709.523,305689,6490869,59241935.3788,0,2021-01-19,67.65074145031605,6.4604550000000005,1.3385586507705294,1.5980958314890574,-0.06590052464073515,-0.06817234175720671
2021-01-20,8.5982,9.0585,7.6578,8.988,17747235,2021-01-20 23:59:59.999,147910305.8585,322920,8626659,71942591.8569,0,2021-01-20,68.7158988124763,6.652105000000001,1.4140781354407423,1.6518853813349876,0.04516489139029711,0.04417466377322687
2021-01-21,8.9819,9.0506,7.3256,7.5995,18506554,2021-01-21 23:59:59.999,150536507.997,318858,8947582,72822972.8615,0,2021-01-21,58.151335201669156,6.795045,1.353906119529706,0.5941733982851308,-0.15448375611927012,-0.16780789866870388
2021-01-22,7.5937,9.0365,7.0329,8.6951,19080993,2021-01-22 23:59:59.999,156068918.0269,328207,9376703,76942510.9469,0,2021-01-22,65.97425029261031,6.986715000000001,1.3370393877892999,1.277737227191708,0.1441673794328575,0.13467719294829786
2021-01-23,8.7005,9.55,8.5022,9.3467,10217601,2021-01-23 23:59:59.999,92807069.4189,191470,5208640,47299276.2269,0,2021-01-23,67.0811345646438,7.177805000000001,1.3892089856328829,1.5612445804991062,0.07493875861117183,0.07226369122305253
2021-01-24,9.3505,12.3198,9.1673,12.0512,23259406,2021-01-24 23:59:59.999,250842787.1029,427587,11617603,125310275.847,0,2021-01-24,76.23623519634324,7.5087649999999995,1.7041680144111642,2.6654854225564923,0.2893534616495661,0.25414090021491237
2021-01-25,12.0512,12.9089,10.8888,11.3156,22783749,2021-01-25 23:59:59.999,269306499.0578,488989,11178460,132161439.3364,0,2021-01-25,76.33006847534023,7.761570000000001,1.8755028255180795,1.8949744845189727,-0.06103956452469461,-0.06298193540565113
2021-01-26,11.3138,14.2691,11.1621,13.9081,37523107,2021-01-26 23:59:59.999,480094617.3784,882592,18923013,242417901.8093,0,2021-01-26,80.180716333418,8.135864999999999,2.2943487807344978,2.5158489626638696,0.22910848739792855,0.2062890995911895
2021-01-27,13.9081,15.495,13.0081,14.7215,36607314,2021-01-27 23:59:59.999,517697569.5028,746056,18314429,259493381.4347,0,2021-01-27,80.26949893428706,8.55799,2.679115531958062,2.300576412804165,0.05848390506251766,0.05683760605678967
2021-01-28,14.7392,15.3845,13.5165,14.1217,25933626,2021-01-28 23:59:59.999,375233226.0268,543524,12619250,182736861.5451,0,2021-01-28,75.88251906241175,8.969895,2.872599530129458,1.7934295908514013,-0.04074313079509562,-0.041596388864395845
2021-01-29,14.1218,15.8281,14.0657,15.6636,21552285,2021-01-29 23:59:59.999,321511986.1949,467202,9857106,147272989.9499,0,2021-01-29,77.71965267650484,9.44111,3.1597251645806463,1.9693136826429773,0.10918657102190243,0.10362692778203379
2021-01-30,15.668,19.6752,15.1132,19.5551,23622329,2021-01-30 23:59:59.999,401394338.445,569228,11135629,189392451.4764,0,2021-01-30,81.3004250158609,10.119364999999998,3.77579155720325,2.4990084481753283,0.24844224826987404,0.2218965727754362
2021-01-31,19.5762,20.5829,17.4,17.7516,25770572,2021-01-31 23:59:59.999,487598440.1738,585976,11436535,216786870.8766,0,2021-01-31,73.44371511775265,10.744935000000002,3.9569621474154792,1.770718227511086,-0.09222658027829056,-0.09676046927199024
2021-02-01,17.7441,20.8307,16.7113,20.5017,20187545,2021-02-01 23:59:59.999,376878045.6882,523907,8819269,164921557.3677,0,2021-02-01,76.19089576879556,11.49046,4.32258918259342,2.0846857333302102,0.15492124653552364,0.14403215683133805
2021-02-02,20.502,20.6525,18.131,19.0051,15648851,2021-02-02 23:59:59.999,299240921.3783,394574,7048535,134644316.5576,0,2021-02-02,73.17122052241298,12.123585,4.4542302425866644,1.544939220744853,-0.07299882448772543,-0.07580044533480483
2021-02-03,19.0051,20.636,18.7406,19.7753,14849303,2021-02-03 23:59:59.999,292376754.5919,382816,7029299,138452028.2544,0,2021-02-03,73.61979041221267,12.7637,4.592834501240976,1.5266389411822872,0.040525964083325094,0.039726320008095575
2021-02-04,19.7685,21.6916,19.028,20.1483,19089079,2021-02-04 23:59:59.999,394206994.2115,481570,8738241,180652091.7862,0,2021-02-04,78.7555339645643,13.402304999999998,4.691197133430921,1.438011409055048,0.018861913599287794,0.018686233379235917
2021-02-05,20.1617,22.6875,19.5784,21.1991,16634494,2021-02-05 23:59:59.999,347855501.5467,398506,7806232,163391369.4678,0,2021-02-05,78.71182548794489,14.042000000000002,4.843737358584519,1.4775986950067648,0.052153283403562734,0.05083881035871317
2021-02-06,21.2027,21.7693,19.237,19.2986,15646215,2021-02-06 23:59:59.999,313208065.3137,361546,7428355,148680464.7778,0,2021-02-06,71.61210741881261,14.572584999999998,4.807332004813062,0.9830847953227184,-0.08965003231269253,-0.0939261735269653
2021-02-07,19.3031,19.7243,17.1,18.6843,14918094,2021-02-07 23:59:59.999,274537193.823,407993,6990924,128708343.9821,0,2021-02-07,65.8431142129676,15.046484999999999,4.716800546007406,0.7712463065836598,-0.031831324552040074,-0.032348955389762166
2021-02-08,18.688,20.2672,18.1461,19.3793,14557394,2021-02-08 23:59:59.999,280027648.875,358149,6857197,131889605.0074,0,2021-02-08,69.297519276699,15.58547,4.554447239220373,0.8329946096047925,0.03719700497208889,0.03652188706934165
2021-02-09,19.3758,20.0282,18.9628,19.5536,11758949,2021-02-09 23:59:59.999,227809450.3206,289201,5524679,107056322.9169,0,2021-02-09,65.27883777449404,16.113750000000003,4.357417472540354,0.7894240158711668,0.008994132915017605,0.008953926602353685
2021-02-10,19.5527,22.5,19.3,20.7165,18827664,2021-02-10 23:59:59.999,393559274.7142,497564,8709612,182263873.2804,0,2021-02-10,65.92348228894413,16.7696,3.979187457522608,0.991885916944785,0.05947242451517876,0.057771071502356906
2021-02-11,20.7054,22.1,20.1276,21.5345,12028213,2021-02-11 23:59:59.999,250871957.5396,318708,5636599,117601691.1016,0,2021-02-11,69.46372869251047,17.41157,3.628171467557725,1.136365807643407,0.03948543431564211,0.038725816015394245
2021-02-12,21.5283,24.0607,21.3087,22.7,16267538,2021-02-12 23:59:59.999,368464695.4775,434633,7490141,169806805.1678,0,2021-02-12,68.84797119927998,18.079235,3.277665797046971,1.4097730781958,0.054122454665768815,0.05270862426800669
2021-02-13,22.7001,23.7203,21.2515,21.8543,13577988,2021-02-13 23:59:59.999,302924561.405,366698,6156354,137398869.7557,0,2021-02-13,57.359606668203114,18.56939,3.054139897685036,1.0755597680675604,-0.037255506607929534,-0.037967225968944356
2021-02-14,21.8647,22.6854,20.7022,20.863,10246981,2021-02-14 23:59:59.999,222738981.772,278801,4836260,105220597.7152,0,2021-02-14,60.50566577977066,19.04676,2.5681569769614505,0.7072153362482185,-0.045359494470195716,-0.04642044337067557
2021-02-15,20.8681,21.5872,16.7095,20.1047,18409313,2021-02-15 23:59:59.999,364924205.9175,514455,8458568,167740879.8217,0,2021-02-15,48.45120314596923,19.35659,2.2723358348207507,0.3292251033214964,-0.03634664238124907,-0.03702363657110701
2021-02-16,20.1012,21.3683,19.3868,20.4965,10116085,2021-02-16 23:59:59.999,208696841.9756,304325,4853664,100198203.9248,0,2021-02-16,56.367191502442026,19.645339999999997,2.003345846433174,0.424869226407132,0.019487980422488338,0.019300521284098468
2021-02-17,20.4889,21.9506,19.1528,21.5581,10273812,2021-02-17 23:59:59.999,210880638.0581,301537,4896503,100657192.9814,0,2021-02-17,57.42647671415479,20.01716,1.5667187761621273,0.9835460093066118,0.051794208767350414,0.050497476137175056
2021-02-18,21.554,22.3486,20.6195,21.1869,9691032,2021-02-18 23:59:59.999,207623989.4969,271256,4570064,97918770.353,0,2021-02-18,54.32706729327068,20.293325000000003,1.203656962792539,0.7423834428098715,-0.017218586053501794,-0.01736854984228383
2021-02-19,21.1954,21.598,19.2999,20.1054,10258130,2021-02-19 23:59:59.999,210336473.7051,294761,4756673,97561749.787,0,2021-02-19,45.45499879487029,20.320839999999997,1.1921279017392703,-0.180718863878346,-0.0510456933293687,-0.052394630455925045
2021-02-20,20.1075,33.2375,19.5245,28.7711,45023215,2021-02-20 23:59:59.999,1244365257.8241,1385457,21857170,605388604.7589,0,2021-02-20,75.1967058748424,20.871815,2.1242539325050536,3.7186161593612614,0.4310135585464603,0.3583829754046618
2021-02-21,28.7621,32.2,27.7029,28.84,28615690,2021-02-21 23:59:59.999,859319880.7123,968227,13945747,419131103.4921,0,2021-02-21,77.8212440484996,21.28873,2.7683860523493005,2.7276795422343136,0.0023947641904549233,0.002391901312391927
2021-02-22,28.8478,29.2037,17.5103,27.7285,25929173,2021-02-22 23:59:59.999,692114859.4838,927923,12475419,334084739.6764,0,2021-02-22,72.36209168532585,21.724899999999998,3.0613554932071385,1.9610920761477812,-0.0385402219140083,-0.03930254729217174
2021-02-23,27.7145,27.8225,18.0,24.8499,32859367,2021-02-23 23:59:59.999,747133803.4312,1219174,16099267,366781262.5715,0,2021-02-23,62.39045502397942,21.97863,3.101299882324397,0.9258279137611197,-0.10381376562021016,-0.10960703673490484
2021-02-24,24.8427,27.3533,23.0843,25.2542,18235720,2021-02-24 23:59:59.999,470574873.697,596349,8911502,230116095.9562,0,2021-02-24,61.00640829731395,22.233925000000003,3.1524334661996996,0.9580773178508918,0.016269683177799532,0.016138750132956618
2021-02-25,25.2452,27.0,23.1006,23.5103,16015923,2021-02-25 23:59:59.999,402328300.2729,486992,7745271,194676519.0695,0,2021-02-25,54.586393559828785,22.349484999999998,3.1548633009463276,0.36794462684066437,-0.06905386034798167,-0.07155385552462971
2021-02-26,23.5014,25.2105,21.0002,23.1188,17174031,2021-02-26 23:59:59.999,396314352.8468,534807,8268764,190854453.3438,0,2021-02-26,51.00838879311175,22.540495,3.0750638537615114,0.18806276145862794,-0.016652275811027573,-0.016792483655021877
2021-02-27,23.1154,24.9006,22.306,23.5588,10888122,2021-02-27 23:59:59.999,260142704.8275,363586,4915916,117479373.3795,0,2021-02-27,54.185883173461825,22.78422,2.943708760551466,0.26313065014451115,0.01903212969531287,0.018853284357161867
2021-02-28,23.5545,24.1537,20.5,22.2342,12634615,2021-02-28 23:59:59.999,276562877.4442,434799,5909205,129305718.0354,0,2021-02-28,53.31313365614159,22.926965000000003,2.8372013931958926,-0.24417195115629564,-0.05622527463198468,-0.057867779696645416
2021-03-01,22.2389,25.7729,22.0749,25.7718,11242436,2021-03-01 23:59:59.999,266898108.2985,409101,5662624,134436294.0074,0,2021-03-01,62.07168327461263,23.237875,2.7883660312231315,0.9087490564818279,0.1591062417357043,0.14764922688271026
2021-03-02,25.7716,27.52,24.5231,25.5372,15130373,2021-03-02 23:59:59.999,394910123.8728,508011,7424995,194082761.081,0,2021-03-02,60.80976174647766,23.47891,2.7672171418992675,0.7438122469085678,-0.009102973017018567,-0.00914465824171429
2021-03-03,25.5487,27.6544,25.2839,25.3835,9938056,2021-03-03 23:59:59.999,262418014.8712,400987,4981274,131411407.7757,0,2021-03-03,58.53594316214143,23.67136,2.7587021764438244,0.6206324171633052,-0.006018670801810622,-0.0060368560048028016
2021-03-04,25.3754,29.8298,24.7608,28.3053,23521841,2021-03-04 23:59:59.999,658239754.0208,798855,11464477,320846057.4581,0,2021-03-04,64.26064379642763,23.951625,2.9339860306909418,1.4838772081592788,0.11510626982094663,0.10894970962689784
2021-03-05,28.3097,28.8047,25.8538,28.3138,16744122,2021-03-05 23:59:59.999,457666084.9709,652771,8184612,223815137.0032,0,2021-03-05,67.18302547184032,24.2746,3.044414627858025,1.326757519504458,0.00030029711750101384,0.0003002520373463587
2021-03-06,28.3138,29.0983,27.2053,28.5264,9419493,2021-03-06 23:59:59.999,265951424.3747,420720,4561451,128834806.014,0,2021-03-06,49.207172063426235,24.65777,3.074540203552931,1.2582792040024133,0.007508706002020249,0.007480655994438309
2021-03-07,28.534,34.9329,28.4971,34.2945,18619304,2021-03-07 23:59:59.999,586394787.4531,705952,9423431,296758678.2989,0,2021-03-07,62.90621021896429,25.36726,3.5664500208116663,2.5031165298562916,0.2022021706208985,0.18415501716188565
2021-03-08,34.3012,34.9499,32.0501,33.3088,16807446,2021-03-08 23:59:59.999,561723571.5641,684854,8301905,277587525.654,0,2021-03-08,63.28294970364904,26.007875000000002,3.78923511443935,1.9267542866841163,-0.02874221813993505,-0.029163365121242363
2021-03-09,33.3211,34.8801,32.4222,32.9799,10794960,2021-03-09 23:59:59.999,360058095.8144,435715,5605467,186989397.7577,0,2021-03-09,72.02559628951333,26.578965,3.9409691005980543,1.6242032953337895,-0.009874267460851072,-0.009923341352847505
2021-03-10,32.9779,33.6486,30.355,30.9415,10441050,2021-03-10 23:59:59.999,332154320.3743,408230,5260562,167323044.4136,0,2021-03-10,64.15462496080121,27.066695,3.840869194318996,1.0088354494683651,-0.06180734326059201,-0.06379996008557293
2021-03-11,30.9503,31.8776,29.4415,31.0675,10170301,2021-03-11 23:59:59.999,312958553.7978,382382,5100003,157064165.5825,0,2021-03-11,70.4558250324816,27.614799999999995,3.5676298924459555,0.9677853656599014,0.004072200765961487,0.0040639317974209225
2021-03-12,31.0689,32.0367,29.2,30.9554,8840368,2021-03-12 23:59:59.999,271239342.6944,395473,4319437,132576143.6971,0,2021-03-12,71.53787803832329,27.724015,3.637637306401136,0.8883197327874729,-0.0036082723102920378,-0.0036147978267807124
2021-03-13,30.9676,33.4571,30.2303,32.5155,8753692,2021-03-13 23:59:59.999,282927748.0627,367340,4061354,131377005.9915,0,2021-03-13,73.18862717279305,27.90779,3.7867715680135836,1.216791115397821,0.05039831499512215,0.04916943984971922
2021-03-14,32.5329,33.8336,30.6348,30.6672,8431184,2021-03-14 23:59:59.999,272249224.7857,365623,4468781,144255028.1548,0,2021-03-14,71.25637716521143,28.054724999999998,3.83614074173446,0.6810164631287244,-0.05684365917793055,-0.05852321918689947
2021-03-15,30.6637,31.5829,29.5033,29.8326,8161725,2021-03-15 23:59:59.999,247426783.0674,363264,4383825,132945466.0932,0,2021-03-15,61.85053754654652,28.303860000000004,3.7784159260059,0.4045981252296914,-0.027214744091407117,-0.02759192422905594
2021-03-16,29.8109,30.09,27.9621,30.0805,7606697,2021-03-16 23:59:59.999,221219047.7995,357016,3730751,108510766.489,0,2021-03-16,63.24832183452211,28.545175,3.7271653987101776,0.41192832508353794,0.00830970146752219,0.008275365978919586
2021-03-17,30.0803,31.7075,29.4164,31.349,9887463,2021-03-17 23:59:59.999,302665377.8222,433599,4403485,134832259.826,0,2021-03-17,66.33354324672123,28.93711,3.5790522397182025,0.6738906946465527,0.04217017669254175,0.04130524735963028
2021-03-18,31.3427,31.683,29.7535,30.021,5968673,2021-03-18 23:59:59.999,183375367.1408,289683,2584130,79406242.8605,0,2021-03-18,55.14678089958423,29.282220000000002,3.3112467980315206,0.22311233352922846,-0.04236179782449201,-0.04328523186711653
2021-03-19,30.0129,34.2899,29.4844,33.3195,10995020,2021-03-19 23:59:59.999,356098675.7029,454569,5236101,169932395.3859,0,2021-03-19,62.54077373645259,29.770255000000002,3.1380624416777865,1.1310307127293386,0.10987308883781344,0.104245674407221
2021-03-20,33.3326,35.2718,31.891,32.104,9604632,2021-03-20 23:59:59.999,322284512.7112,464448,4706343,158080937.9184,0,2021-03-20,58.53410684808642,30.263745000000007,2.6246290467667857,0.701148606987702,-0.03648013925779192,-0.037162178219034135
2021-03-21,32.1078,33.3457,31.5466,32.9581,6186567,2021-03-21 23:59:59.999,200124551.6544,320245,3261045,105509920.3523,0,2021-03-21,45.835878005309546,30.62306,2.4643212861707062,0.9475387860762292,0.026604161475205723,0.026256424784014278
2021-03-22,32.9709,35.9182,31.8113,32.8598,14799355,2021-03-22 23:59:59.999,501376404.7763,673206,7067482,239559488.2993,0,2021-03-22,48.51905113726318,30.989189999999997,2.1985727305399876,0.850829255732907,-0.0029825748450306167,-0.0029870315852973976
2021-03-23,32.8646,37.0032,30.282,31.0137,22044972,2021-03-23 23:59:59.999,739334182.9803,938950,10820989,363618601.4927,0,2021-03-23,44.104842771821254,31.270700000000005,1.759674038894215,-0.14604977644695188,-0.056181108832068394,-0.05782098381903973
2021-03-24,31.0137,31.9022,25.272,27.2252,16518250,2021-03-24 23:59:59.999,491224339.8278,762378,7888687,235198213.556,0,2021-03-24,39.91588201774618,31.216694999999998,1.8686716930188285,-2.1360065627963567,-0.12215569248428915,-0.13028602736308728
2021-03-25,27.2169,28.1008,25.6,26.523,13319326,2021-03-25 23:59:59.999,358201920.1496,611284,6361870,171082756.922,0,2021-03-25,38.04248869897436,31.127155000000005,2.0492664819843682,-2.246733180128755,-0.025792280681133706,-0.026130733889428423
2021-03-26,26.52,29.0436,26.4792,28.91,8314637,2021-03-26 23:59:59.999,231742148.1821,426328,3976032,110917688.8818,0,2021-03-26,45.19353686505997,31.146335,2.0252986972102245,-1.1042000881551304,0.08999736078120879,0.08617527493647767
2021-03-27,28.91,29.5162,27.8361,28.2226,6878413,2021-03-27 23:59:59.999,196599908.8182,383078,3637092,103969374.3927,0,2021-03-27,39.48071296600326,30.842740000000003,1.9832024400741741,-1.3211661840744844,-0.02377723970944312,-0.02406448060875524
2021-03-28,28.2211,28.9477,27.3502,27.896,5790591,2021-03-28 23:59:59.999,163361889.8745,326135,2721535,76840554.6755,0,2021-03-28,42.66226063379088,30.5721,1.9982314675470145,-1.3392342396074466,-0.011572286040265611,-0.011639766046149448
2021-03-29,27.9077,29.5714,27.5403,29.048,7360291,2021-03-29 23:59:59.999,212013465.9134,355202,3618584,104268264.6938,0,2021-03-29,47.95683468224951,30.375505000000004,1.9414866665238328,-0.6837569491923728,0.041296243188987614,0.04046632473868458
2021-03-30,29.0504,29.34,28.3215,28.6021,6155656,2021-03-30 23:59:59.999,177216592.4566,347868,2880486,82943712.0306,0,2021-03-30,46.189415731032135,30.258535000000002,1.9757612042145407,-0.8383781382419206,-0.015350454420269832,-0.015469492408400006
2021-03-31,28.6029,29.1,26.6265,28.1142,8220184,2021-03-31 23:59:59.999,230219319.3751,425199,3893772,109043226.3748,0,2021-03-31,41.31270813191535,30.11087,2.0219410106706666,-0.9875016083370869,-0.01705818803514425,-0.01720535492593017
2021-04-01,28.1195,30.3845,28.1169,28.715,9110965,2021-04-01 23:59:59.999,267352437.5259,487196,4355687,127834108.7284,0,2021-04-01,46.35007937040265,29.998849999999997,2.034710843157693,-0.6309741771501914,0.021369983851576846,0.021144847538555504
2021-04-02,28.7213,30.3688,28.7121,30.2742,6475033,2021-04-02 23:59:59.999,190784112.1656,373886,3063961,90269593.8287,0,2021-04-02,40.57270222579947,29.886785000000003,1.9487112503220954,0.1988057491513752,0.05429914678739345,0.05287623033115506
2021-04-03,30.2729,32.5296,29.3376,29.4398,11196800,2021-04-03 23:59:59.999,348533882.6034,593552,5160959,160662734.8564,0,2021-04-03,41.553162887434695,29.825415000000003,1.9421563935821184,-0.19854992176442188,-0.027561421936830643,-0.0279483642880759
2021-04-04,29.4298,31.6282,28.9,30.9745,5216001,2021-04-04 23:59:59.999,158438940.1,318441,2612538,79360236.8281,0,2021-04-04,43.971187161874646,29.882509999999996,1.9590895524788812,0.5573966736835907,0.05213010957954878,0.05081678497554266
2021-04-05,30.978,31.3326,29.712,30.9,5887442,2021-04-05 23:59:59.999,180384584.9427,343978,2804727,85919005.1364,0,2021-04-05,44.03489334761857,29.923485000000007,1.9719761990864606,0.4951961390063294,-0.0024052042809408203,-0.002408101431181766
2021-04-06,30.9002,32.5512,30.078,31.2786,7753133,2021-04-06 23:59:59.999,242504576.9315,397100,3755118,117465427.5367,0,2021-04-06,50.88537871748765,29.919965,1.9693588096998553,0.6898869791061922,0.012252427184466175,0.012177973738536725
2021-04-07,31.2821,31.4792,27.7515,28.5772,8770064,2021-04-07 23:59:59.999,256738469.5838,443491,4102976,120180989.5166,0,2021-04-07,54.872914954658825,29.847775000000002,1.9917948816068032,-0.6379045411418137,-0.0863657580582251,-0.09032496054876592
2021-04-08,28.583,30.304,28.3533,30.2088,4691681,2021-04-08 23:59:59.999,138774898.9588,261291,2291458,67785163.8859,0,2021-04-08,62.45034454803406,29.692239999999998,1.8205165838300716,0.2837436388045658,0.057094466917682496,0.05552407556979729
2021-04-09,30.2085,30.6267,29.3251,29.5525,3929131,2021-04-09 23:59:59.999,118202452.7153,225335,1857497,55892330.1169,0,2021-04-09,52.45767444707106,29.564665,1.7297515088575712,-0.00703280207458097,-0.021725457482587918,-0.021964930020872946
2021-04-10,29.5519,30.8991,29.1944,29.8201,4168629,2021-04-10 23:59:59.999,125276249.2633,241652,1909503,57421174.2119,0,2021-04-10,56.31348061494684,29.407765,1.537363757001707,0.26820913275864416,0.009055071482954036,0.009014320142632235
2021-04-11,29.8206,30.7368,29.2566,29.988,4417864,2021-04-11 23:59:59.999,132391065.8747,255426,2081373,62384330.0268,0,2021-04-11,58.37282274590164,29.264175,1.3161751674635327,0.549945795888945,0.005630430481453841,0.005614638855788472
2021-04-12,29.9876,38.3448,29.6157,36.7741,29266717,2021-04-12 23:59:59.999,1022734579.154,1143995,14416087,504036347.4625,0,2021-04-12,71.31114531442222,29.552195,2.1100392828658774,3.4226400705635815,0.2262938508736827,0.20399649139969445
2021-04-13,36.7763,37.2371,34.3,35.5052,16550235,2021-04-13 23:59:59.999,587367589.1669,658279,7721303,274344731.6663,0,2021-04-13,68.2140802853841,29.966195,2.4190960961908052,2.2897002763643486,-0.034505263215143134,-0.03511462841288312
2021-04-14,35.5073,37.0415,33.2491,36.1035,13977552,2021-04-14 23:59:59.999,493929655.682,656363,6435633,227765321.4594,0,2021-04-14,70.95795973830423,30.44522,2.639877532765556,2.143387308604555,0.01685105280353283,0.016710648920165938
2021-04-15,36.1104,39.7084,35.6959,37.7967,15105585,2021-04-15 23:59:59.999,575039163.694,662310,7231275,275436919.214,0,2021-04-15,72.53221652681776,30.889555,3.0792070088999015,2.243157079090858,0.04689850014541541,0.04583198367944217
2021-04-16,37.794,38.3225,34.0631,36.1801,10736622,2021-04-16 23:59:59.999,390966075.8843,516014,4803714,175092013.3792,0,2021-04-16,64.61125872707211,31.28743,3.2270234564574714,1.5161556976629564,-0.04277092973725216,-0.04371255330591781
2021-04-17,36.1847,37.6346,34.6642,34.763,7296268,2021-04-17 23:59:59.999,264365840.1545,386578,3102235,112348879.0488,0,2021-04-17,62.80058481782155,31.630779999999998,3.2124751263588194,0.9750176660667924,-0.039167940387119016,-0.039955641149318794
2021-04-18,34.7779,35.1619,25.1281,31.6669,20508044,2021-04-18 23:59:59.999,627915105.2885,956462,10273453,314293467.0674,0,2021-04-18,51.548702257293925,31.761725000000002,3.1545084910123253,-0.030060150502106607,-0.08906308431378185,-0.09328163144566139
2021-04-19,31.6701,32.7454,29.4624,31.4083,10545861,2021-04-19 23:59:59.999,331034477.6608,502126,5421156,170220988.4342,0,2021-04-19,51.12763606838138,31.902035,3.067791025490392,-0.1609415360751557,-0.008166255617063856,-0.008199782131277509
2021-04-20,31.4107,32.3051,28.2429,31.9788,10028016,2021-04-20 23:59:59.999,303799438.1508,513421,4845432,146870635.1979,0,2021-04-20,51.54024161687975,32.095265,2.935507989442271,-0.039674564136385024,0.01816398849985501,0.018000994054568543
2021-04-21,31.9691,36.6149,30.537,33.4638,16985031,2021-04-21 23:59:59.999,569782666.3874,786807,7585301,254654131.7894,0,2021-04-21,61.356896503639526,32.332705,2.8381431797782026,0.3985334524554873,0.0464370145221209,0.0453910743005709
2021-04-22,33.4695,38.5468,32.7,33.947,25660215,2021-04-22 23:59:59.999,928734599.1631,1221916,11632537,421531513.6587,0,2021-04-22,59.17782120655623,32.516344999999994,2.8166806704786143,0.507922326799264,0.014439483860171354,0.01433622730706355
2021-04-23,33.915,34.9469,29.4508,32.9697,18617482,2021-04-23 23:59:59.999,595855770.589,949954,8516230,272748156.3207,0,2021-04-23,58.259532833165764,32.692840000000004,2.7227840039196094,0.10168268933615109,-0.02878899460924378,-0.02921152699609439
2021-04-24,32.9866,33.009,29.8916,30.1676,7883525,2021-04-24 23:59:59.999,246404902.6894,428495,3534508,110522592.4908,0,2021-04-24,50.74824834524071,32.652495,2.755368847498217,-0.9018375170555489,-0.08499015762958118,-0.08882045707548618
2021-04-25,30.1708,34.9286,30.0,34.3849,13102572,2021-04-25 23:59:59.999,430797849.1365,664497,6095209,200486008.0075,0,2021-04-25,58.06170082470673,32.826739999999994,2.7488931187509458,0.5668317874461455,0.13979567482995003,0.1308490137370142
2021-04-26,34.3864,38.5653,34.1527,38.193,12718965,2021-04-26 23:59:59.999,458438089.1678,654791,5814162,209692701.6943,0,2021-04-26,52.920472742391624,33.17246,2.969861034742998,1.6904966061600446,0.11074919514089032,0.10503473822492174
2021-04-27,38.1934,40.7,37.3412,39.6818,13105179,2021-04-27 23:59:59.999,515169735.5711,655012,5751302,226132224.8545,0,2021-04-27,58.51943114041171,33.72769,3.1006867020235784,1.9202552763922305,0.03898096509831661,0.03824039154341461
2021-04-28,39.6811,43.0,37.8,42.9312,16273430,2021-04-28 23:59:59.999,668135495.3893,762965,7193460,295515206.5312,0,2021-04-28,62.56787650984968,34.36381,3.6048208865498306,2.376647902803247,0.08188640636261435,0.07870619003555589
2021-04-29,42.9179,44.0,39.6083,41.0774,10559456,2021-04-29 23:59:59.999,442674617.6043,553564,5023495,210897364.3218,0,2021-04-29,56.0033523764909,34.940055,3.714710158201856,1.652173315985127,-0.04318071705426352,-0.04414074240844023
2021-04-30,41.0938,41.4,38.9062,40.6815,9331754,2021-04-30 23:59:59.999,376445423.2548,494733,4802130,193803622.5005,0,2021-04-30,58.62231450550123,35.483125,3.720739248968748,1.3971349917736904,-0.009637903080525922,-0.00968464826124493
2021-05-01,40.6775,41.3696,39.2083,40.3984,7717464,2021-05-01 23:59:59.999,310205224.5319,391228,3912177,157324135.9885,0,2021-05-01,61.284702753792686,36.003645,3.6388171789131443,1.2077427317501688,-0.006958937109005303,-0.006983263434452448
2021-05-02,40.4138,43.4104,39.3215,42.6641,13162772,2021-05-02 23:59:59.999,546767338.3846,582996,6351378,263718570.195,0,2021-05-02,72.77909423832172,36.298145,3.9310657030318685,1.6193967440152937,0.05608390431304189,0.0545676369695967
2021-05-03,42.6634,45.0876,41.2069,42.3444,13582196,2021-05-03 23:59:59.999,590104099.3904,626830,6343666,275624522.4606,0,2021-05-03,72.59534130306324,36.640105,4.149838161647905,1.3745825205228777,-0.007493419526018341,-0.007521636242285957
2021-05-04,42.3401,44.7484,39.23,43.1352,18375985,2021-05-04 23:59:59.999,776944496.4273,788207,9264954,391847173.0994,0,2021-05-04,72.84256476195937,36.99169,4.392745529656442,1.3985581360276258,0.018675432878963782,0.01850318817403562
2021-05-05,43.1323,44.9928,41.4724,42.4773,14579997,2021-05-05 23:59:59.999,629901889.1887,688137,7356629,317938155.7019,0,2021-05-05,69.10198320695459,37.22572,4.55941205600261,1.1518107895262781,-0.01525204473376729,-0.01536955353212726
2021-05-06,42.4847,42.6121,39.8,40.276,11273009,2021-05-06 23:59:59.999,468041265.5118,559046,5448505,226338094.3003,0,2021-05-06,62.502370492114174,37.430515,4.60176507718001,0.6183464284412654,-0.05182297368241384,-0.05321405753830167
2021-05-07,40.2839,41.3232,38.1455,39.773,10247253,2021-05-07 23:59:59.999,409795327.9448,519707,4451997,178096223.8182,0,2021-05-07,63.69595239341465,37.681015,4.585246302203335,0.4562426666141676,-0.012488827093057875,-0.012567467934722812
2021-05-08,39.761,41.3299,39.2405,40.5299,7149299,2021-05-08 23:59:59.999,288177189.191,400412,2973005,119861716.2164,0,2021-05-08,72.73261757569644,38.124165,4.397871000750001,0.5470226388154024,0.019030498076584523,0.018851683210360865
2021-05-09,40.5299,40.777,38.1235,39.4994,6504321,2021-05-09 23:59:59.999,256390241.864,374244,2856921,112654010.0602,0,2021-05-09,63.04393289432746,38.52872,4.110315976405677,0.23615702675219294,-0.025425673391742842,-0.02575449141071537
2021-05-10,39.4946,41.2307,33.153,36.38,12209814,2021-05-10 23:59:59.999,468474081.6208,588028,5641000,216721212.6522,0,2021-05-10,45.20781129402312,38.74878,3.850811730231075,-0.6151378374080758,-0.07897335149394669,-0.08226630882831491
2021-05-11,36.3845,38.5516,35.4411,38.536,5863406,2021-05-11 23:59:59.999,216204576.5714,355360,2852944,105246658.2037,0,2021-05-11,47.07456315042331,39.002390000000005,3.6460084139552715,-0.12791797139438132,0.059263331500824634,0.05757369623794348
2021-05-12,38.541,44.097,35.584,36.976,17114684,2021-05-12 23:59:59.999,707564798.9201,835277,7957940,329276884.8619,0,2021-05-12,33.35978540292834,39.15384,3.484285897297513,-0.6250462976328042,-0.0404816275690264,-0.041323815795894794
2021-05-13,37.033,40.343,33.782,37.372,11607221,2021-05-13 23:59:59.999,437927043.1427,621840,5458114,206010121.6974,0,2021-05-13,38.72792981346052,39.373954999999995,3.2005515153808037,-0.6255031329379497,0.010709649502379959,0.010652707398684323
2021-05-14,37.366,40.922,37.13,40.454,5623089,2021-05-14 23:59:59.999,220178209.6859,360431,2639905,103350663.7391,0,2021-05-14,49.40514477860927,39.888275,2.3591489725336134,0.23980045626047888,0.0824681579792359,0.07924376520019473
2021-05-15,40.462,42.458,36.535,36.644,6389222,2021-05-15 23:59:59.999,252065095.7422,423804,2947245,116348169.097,0,2021-05-15,41.711848542111845,40.00123000000001,2.1241605259740646,-1.5804973112662952,-0.09418104513768732,-0.09891582197794169
2021-05-16,36.654,39.472,34.482,36.629,5801513,2021-05-16 23:59:59.999,215594083.3914,386881,2781491,103434106.9989,0,2021-05-16,35.20700051474371,39.92303,2.2208229330827813,-1.4832474714350468,-0.0004093439580832303,-0.00040942776219182395
2021-05-17,36.624,36.624,31.8,33.289,8590874,2021-05-17 23:59:59.999,292077752.7341,508485,3999009,136020699.5682,0,2021-05-17,30.66638768852374,39.603390000000005,2.6716622367478022,-2.3634686724795237,-0.09118458052362877,-0.09561326430578414
2021-05-18,33.287,36.68,32.986,35.024,7513300,2021-05-18 23:59:59.999,264279052.6192,437036,3797933,133729633.3426,0,2021-05-18,33.353445798957424,39.20803,2.7375373664550984,-1.528391923072816,0.05211931869386288,0.05080652869552091
2021-05-19,35.042,35.542,14.501,23.19,24390442,2021-05-19 23:59:59.999,635844930.1312,1156722,11555903,302015343.5452,0,2021-05-19,22.864675807772272,38.31366,4.469033174424446,-3.384101081761992,-0.33788259479214255,-0.41231238951306687
2021-05-20,23.195,28.453,19.959,26.342,16669856,2021-05-20 23:59:59.999,417026823.6618,804297,8327687,208522339.602,0,2021-05-20,30.906993187137218,37.596684999999994,5.1651963158570275,-2.178946222324287,0.13592065545493726,0.1274434723094143
2021-05-21,26.347,27.959,18.829,21.926,14504773,2021-05-21 23:59:59.999,336708249.1066,708010,7130425,165458338.2101,0,2021-05-21,27.91365944934509,36.673065,6.188125683348866,-2.3831230577106255,-0.1676410295345836,-0.18349147632450655
2021-05-22,21.926,22.416,18.365,20.36,10931801,2021-05-22 23:59:59.999,224601936.3701,517237,5333024,109637040.7244,0,2021-05-22,25.529034089668272,35.55786,7.007195683040524,-2.1688933330038567,-0.07142205600656748,-0.07410095557002622
2021-05-23,20.355,21.311,12.921,16.701,25776282,2021-05-23 23:59:59.999,419864915.9778,937262,12821298,208920899.965,0,2021-05-23,23.998412423244304,34.275690000000004,7.9787872748801885,-2.2026768473112237,-0.1797151277013752,-0.19810359381284154
2021-05-24,16.696,25.199,16.494,24.707,18096359,2021-05-24 23:59:59.999,377726098.2417,793036,9178810,191316534.1317,0,2021-05-24,38.022041168140866,33.35428,7.965877439666639,-1.0855401762698824,0.47937249266510995,0.3916180064237439
2021-05-25,24.7,26.714,21.473,25.105,16371014,2021-05-25 23:59:59.999,394361923.3505,745011,8073900,194551470.3123,0,2021-05-25,35.70227171112862,32.485665000000004,7.865247178922795,-0.9383894532620196,0.01610879507831786,0.015980425193444562
2021-05-26,25.093,29.449,24.541,29.412,8766631,2021-05-26 23:59:59.999,233623611.462,484941,4493659,119892160.8334,0,2021-05-26,42.39279105318207,31.942465,7.671673538844412,-0.3298452400493002,0.17155945030870345,0.158335724847307
2021-05-27,29.411,30.039,26.119,28.553,9912768,2021-05-27 23:59:59.999,280260621.6337,489836,4892467,138379375.478,0,2021-05-27,41.21245939536459,31.381465,7.47667846828954,-0.37830502033706864,-0.029205766353869067,-0.029640744943241024
2021-05-28,28.555,29.433,24.885,25.868,12344672,2021-05-28 23:59:59.999,331995036.0829,601264,5899003,158772248.5106,0,2021-05-28,35.3501265517657,30.64837,7.2477566954849895,-0.659565462921506,-0.09403565299618266,-0.09875532580638849
2021-05-29,25.863,27.544,21.767,23.143,10244471,2021-05-29 23:59:59.999,250604768.4535,462122,4932033,120675628.0382,0,2021-05-29,36.13774975871204,29.830550000000006,7.1181118909515115,-0.9395117838062038,-0.10534250811813817,-0.11131432458682122
2021-05-30,23.151,26.597,21.613,25.699,9814720,2021-05-30 23:59:59.999,240753004.2796,425232,4909781,120509325.9299,0,2021-05-30,39.334087981576175,29.296499999999998,7.0005753259812025,-0.5138863354056933,0.11044376269282297,0.1047597216407792
2021-05-31,25.691,28.385,23.42,28.211,12075393,2021-05-31 23:59:59.999,314081595.9798,482757,6316144,164792445.0394,0,2021-05-31,44.96330093235469,28.780250000000002,6.655558467413369,-0.08553001266342092,0.09774699404646081,0.09325989216986534
2021-06-01,28.209,28.941,25.936,27.415,6949131,2021-06-01 23:59:59.999,189256946.1315,352972,3503869,95468833.0439,0,2021-06-01,42.309635948333366,28.3022,6.373281668108863,-0.13920614939073575,-0.028215944135266402,-0.028621663952157865
2021-06-02,27.415,28.809,26.325,27.617,5338120,2021-06-02 23:59:59.999,148109513.9746,265236,2630218,72995801.7027,0,2021-06-02,55.84978461375829,27.81445,6.0052866663246505,-0.032879362963174424,0.007368229071676113,0.007341216281643532
2021-06-03,27.622,29.391,26.888,28.693,5703539,2021-06-03 23:59:59.999,161411952.2623,296437,2777600,78666874.4601,0,2021-06-03,53.28691664569528,27.2264,5.2279786815495495,0.2805290704753421,0.038961509215338364,0.038221665439858506
2021-06-04,28.692,28.7,24.911,26.381,6886650,2021-06-04 23:59:59.999,181932615.6702,358590,3322893,87822711.7392,0,2021-06-04,56.617843667369804,26.71325,4.73542369443212,-0.07016267633889989,-0.0805771442512111,-0.08400913650113048
2021-06-05,26.39,27.688,25.167,25.645,6270310,2021-06-05 23:59:59.999,163748301.1739,315236,2933056,76705977.3578,0,2021-06-05,58.04928569252795,26.164050000000003,4.122130012441783,-0.12591791099100713,-0.027898866608544015,-0.028295433235151542
2021-06-06,25.645,26.454,25.344,25.873,4281660,2021-06-06 23:59:59.999,110845071.4724,224906,2201807,57045405.8131,0,2021-06-06,65.59970065990885,25.79325,3.7656138504966483,0.021178485943130466,0.008890621953597355,0.008851333070923015
2021-06-07,25.872,27.325,23.928,24.268,6339359,2021-06-07 23:59:59.999,165091814.6998,324646,3076359,80166247.8844,0,2021-06-07,49.045527677523154,25.255450000000003,3.0843592779153757,-0.3201475285549062,-0.062033780388822346,-0.06404134383210325
2021-06-08,24.257,24.636,20.673,23.421,10262999,2021-06-08 23:59:59.999,233925844.8094,468950,5062936,115360948.5035,0,2021-06-08,46.408769086411326,25.267000000000003,3.076640563649618,-0.6000050905557243,-0.03490192846546902,-0.035525554273787924
2021-06-09,23.414,25.25,22.197,25.118,9209748,2021-06-09 23:59:59.999,218954752.1826,425993,4564773,108479491.6119,0,2021-06-09,39.69571894797466,25.2058,3.0662877710248164,-0.02863397259372589,0.07245634259852274,0.06995166478967146
2021-06-10,25.116,25.276,23.091,23.597,6421461,2021-06-10 23:59:59.999,154911746.4904,294531,3031190,73247924.894,0,2021-06-10,38.47334635780073,25.28935,2.994133127775318,-0.5652220284732085,-0.06055418425033832,-0.06246513528869793
2021-06-11,23.602,23.882,21.3,21.858,5709488,2021-06-11 23:59:59.999,129037422.1968,306873,2794414,63164388.4691,0,2021-06-11,40.24425846632931,25.36425,2.8809291424267487,-1.2170552716359107,-0.07369580878925286,-0.07655259805275522
2021-06-12,21.851,21.902,20.235,21.288,6286510,2021-06-12 23:59:59.999,132877120.2634,318520,3148632,66574854.3054,0,2021-06-12,44.95841713322824,25.593600000000002,2.273499352377893,-1.8938206406334357,-0.026077408729069496,-0.026423453579093734
2021-06-13,21.283,23.635,20.43,23.268,6212682,2021-06-13 23:59:59.999,135300883.6027,297742,3129697,68159312.1753,0,2021-06-13,43.17939509567364,25.52165,2.3252165326445926,-0.9692215621040696,0.09301014656144302,0.08893549237312696
2021-06-14,23.265,24.216,22.5,24.179,5315030,2021-06-14 23:59:59.999,124047955.573,254240,2628662,61359728.3794,0,2021-06-14,37.570900123304554,25.47535,2.3431001118624986,-0.5532627451285251,0.039152484098332385,0.03840546178995874
2021-06-15,24.169,24.709,23.131,23.427,3629877,2021-06-15 23:59:59.999,86904153.0082,208843,1750069,41903971.5811,0,2021-06-15,37.67309594460931,25.1761,2.1911275371849115,-0.7982648067337916,-0.031101368956532482,-0.03159528448982613
2021-06-16,23.421,23.565,21.641,21.833,4463130,2021-06-16 23:59:59.999,100565007.6394,221535,2157628,48615047.557,0,2021-06-16,33.53825136612021,24.8401,2.1610755338852323,-1.3914830614891864,-0.0680411491014642,-0.07046661666766826
2021-06-17,21.825,22.958,21.405,22.187,3994524,2021-06-17 23:59:59.999,88843103.9514,199678,1925933,42841994.1526,0,2021-06-17,30.689777988840078,24.65605,2.2247362345135024,-1.1098169579370034,0.01621398799981688,0.01608394508946584
2021-06-18,22.188,22.271,19.542,20.396,5990971,2021-06-18 23:59:59.999,124944022.7648,268111,2853111,59517199.2677,0,2021-06-18,31.669218989280253,24.518700000000003,2.4008877765920005,-1.7171564786139526,-0.0807229458692027,-0.08416772857753597
2021-06-19,20.399,20.982,19.748,19.753,3843226,2021-06-19 23:59:59.999,78447920.3271,196468,1978769,40403333.8313,0,2021-06-19,31.850665352390337,24.2214,2.6063891416851215,-1.714402476796317,-0.031525789370464796,-0.032033424647045804
2021-06-20,19.751,21.024,18.613,20.709,5585016,2021-06-20 23:59:59.999,110337832.3217,235013,2739251,54152124.3052,0,2021-06-20,34.77594339622641,23.8463,2.5410116944985255,-1.2346657068885127,0.04839771173998875,0.0472630098435846
2021-06-21,20.713,20.88,15.738,15.772,12954760,2021-06-21 23:59:59.999,230824361.7368,508595,6178697,110120373.8169,0,2021-06-21,29.065641632170312,23.26415,2.9767413881801206,-2.5168965062767676,-0.2383987638224926,-0.2723321723740674
2021-06-22,15.773,17.105,13.835,16.409,17788964,2021-06-22 23:59:59.999,278122615.4338,592785,8824548,138183483.7031,0,2021-06-22,32.541579523951796,22.70375,3.16330616311133,-1.9899275237426526,0.040388029419223814,0.039593748777632436
2021-06-23,16.41,18.483,15.759,17.795,9747376,2021-06-23 23:59:59.999,171851724.7653,356231,4866053,85781207.2864,0,2021-06-23,31.480451165848976,22.15885,3.012343051600436,-1.4486563864900837,0.0844658419160218,0.08108755416914279
2021-06-24,17.799,18.587,16.601,18.048,7369481,2021-06-24 23:59:59.999,129118364.6556,271623,3687274,64641641.5807,0,2021-06-24,35.00513430254553,21.7422,2.973661531725193,-1.2423068195850733,0.014217476819331054,0.014117356353492178
2021-06-25,18.044,18.349,15.69,15.807,8635103,2021-06-25 23:59:59.999,143706445.6035,312528,4187885,69702446.336,0,2021-06-25,34.080505130228886,21.250300000000003,3.1048860831716016,-1.753140003912717,-0.1241688829787233,-0.13258199542038987
2021-06-26,15.807,16.452,15.092,16.105,7033708,2021-06-26 23:59:59.999,111215236.3366,262223,3435077,54352883.5659,0,2021-06-26,36.166123952383494,20.7619,3.1077162015654896,-1.49849590437316,0.018852407161384255,0.018676902887903787
2021-06-27,16.102,17.097,15.608,17.076,5547530,2021-06-27 23:59:59.999,90259281.8028,217758,2725671,44438864.6104,0,2021-06-27,32.53215978334461,20.4023,3.0967468346465856,-1.0741271978662124,0.06029183483390255,0.058544186112553506
2021-06-28,17.071,18.131,16.855,17.725,5918341,2021-06-28 23:59:59.999,103293241.3738,221493,2920582,50976224.1552,0,2021-06-28,31.519871721452304,20.1175,3.066286481963576,-0.7802597748361395,0.03800655891309446,0.03730210352247562
2021-06-29,17.728,19.186,17.653,18.635,5975768,2021-06-29 23:59:59.999,111115312.8852,231504,2901278,53934395.8223,0,2021-06-29,36.40181611804768,19.79335,2.844491301760003,-0.407225713533833,0.05133991537376592,0.05006546051303059
2021-06-30,18.638,19.29,17.133,19.271,6053399,2021-06-30 23:59:59.999,109549027.5988,234902,3037805,55030063.4136,0,2021-06-30,42.31184731724884,19.57705,2.7008854975824965,-0.11331468893218083,0.03412932653608802,0.033559842284561846
2021-07-01,19.271,19.281,17.533,17.77,5940863,2021-07-01 23:59:59.999,108289017.7342,225975,2818886,51375219.2106,0,2021-07-01,37.59896681453198,19.37265,2.673731637814728,-0.5994057059929415,-0.07788905609465002,-0.08108973304922364
2021-07-02,17.767,18.253,16.925,18.206,5480965,2021-07-02 23:59:59.999,96062182.0888,221841,2696424,47292460.8621,0,2021-07-02,43.34508326242858,19.21855,2.6462043019943704,-0.38264241322443254,0.024535734383792862,0.024239567916537034
2021-07-03,18.209,19.555,17.774,19.466,4817910,2021-07-03 23:59:59.999,90304870.6145,185212,2444600,45843952.0841,0,2021-07-03,49.15939312283991,19.02845,2.4707336748634035,0.17709314623891706,0.06920795342194896,0.06691814392120496
2021-07-04,19.467,21.488,18.912,20.74,9292932,2021-07-04 23:59:59.999,191551385.2608,308900,4631321,95423134.607,0,2021-07-04,50.08913681062741,18.8565,2.198035905553865,0.8569013796548469,0.06544744683037074,0.06339484879707925
2021-07-05,20.739,20.887,19.081,20.056,8768279,2021-07-05 23:59:59.999,175743146.0504,316426,4233864,84864975.5095,0,2021-07-05,66.30633373934228,18.687949999999997,1.9436404117013821,0.703859619178462,-0.03297974927675973,-0.03353584194538884
2021-07-06,20.052,23.19,20.021,22.375,14688400,2021-07-06 23:59:59.999,323092536.4685,456407,7265212,159835160.7951,0,2021-07-06,70.13092185180187,18.715049999999998,1.992952490388592,1.8364461860735946,0.1156262465097726,0.10941590330492677
2021-07-07,22.382,23.444,21.636,22.233,7789343,2021-07-07 23:59:59.999,176955220.8791,275053,3783178,85954514.2178,0,2021-07-07,66.34742890820687,18.71735,1.997192273246247,1.7602962153892396,-0.006346368715083761,-0.006366592523587521
2021-07-08,22.235,22.305,19.937,20.345,9037284,2021-07-08 23:59:59.999,187944140.5765,306816,4438103,92310599.4962,0,2021-07-08,57.551449799460855,18.7148,1.994967500064728,0.8171561691842627,-0.08491881437502824,-0.08874249018367837
2021-07-09,20.338,21.579,19.753,20.956,7643491,2021-07-09 23:59:59.999,158513419.3844,267682,3818763,79199696.7415,0,2021-07-09,68.95942263789675,18.77495,2.0454155278519024,1.0663114512925107,0.03003194888178906,0.029589820092319936
2021-07-10,20.96,21.504,19.914,20.242,4955942,2021-07-10 23:59:59.999,101638571.3341,195235,2480401,50873855.0406,0,2021-07-10,64.78027867095392,18.7516,2.0247358606153756,0.7360960157771027,-0.03407138766940254,-0.03466534777926382
2021-07-11,20.242,20.944,19.957,20.68,4910734,2021-07-11 23:59:59.999,100330165.9754,181999,2384602,48722207.9867,0,2021-07-11,63.38582677165355,18.997,1.9402636554423043,0.867407888242045,0.021638178045647605,0.021407395873518878
2021-07-12,20.685,21.41,19.194,19.526,6523185,2021-07-12 23:59:59.999,133067939.6999,225555,3151673,64332674.524,0,2021-07-12,56.447340158946076,19.15285,1.8442535296367795,0.20233118386575072,-0.05580270793036746,-0.05742013883674859
2021-07-13,19.524,19.732,18.153,18.457,7711840,2021-07-13 23:59:59.999,146339403.9905,233559,3798582,72095222.0647,0,2021-07-13,49.369956109301995,19.18595,1.8244348649142192,-0.3995483829093954,-0.054747516132336305,-0.05630320847832547
2021-07-14,18.455,18.539,16.704,17.88,11413897,2021-07-14 23:59:59.999,200915031.1613,319561,5549624,97715657.9349,0,2021-07-14,45.05580436482547,19.17755,1.8303271630184001,-0.7089169773671533,-0.031261851871918656,-0.031760932579786266
2021-07-15,17.876,18.382,16.775,17.07,7759983,2021-07-15 23:59:59.999,135323464.4472,259249,3764059,65652880.6445,0,2021-07-15,47.383373205741634,19.240699999999997,1.726774513667437,-1.2570836451539473,-0.0453020134228187,-0.04636023293901874
2021-07-16,17.056,17.592,15.906,16.346,7560083,2021-07-16 23:59:59.999,126123455.3059,249887,3801590,63432103.9627,0,2021-07-16,43.19379391100702,19.25275,1.7044373010341793,-1.7054015411633552,-0.042413591095489145,-0.04333931771241126
2021-07-17,16.347,16.739,15.925,16.096,7730494,2021-07-17 23:59:59.999,125971919.9787,242258,3936117,64167089.452,0,2021-07-17,36.684052473526144,19.20375,1.782603562356222,-1.7433769715416794,-0.015294261593050251,-0.015412425176609228
2021-07-18,16.097,17.148,16.002,16.295,7647793,2021-07-18 23:59:59.999,126677617.0271,227260,3790319,62799135.3156,0,2021-07-18,30.805769064686075,19.132250000000003,1.8714997328342764,-1.5160301389427144,0.01236332007952301,0.01228751837219631
2021-07-19,16.302,16.777,15.386,15.723,10793840,2021-07-19 23:59:59.999,172244955.4271,294172,5462219,87191579.8266,0,2021-07-19,31.1066538763408,18.98665,2.0196332985284893,-1.6159616710508313,-0.03510279226756674,-0.03573370380138597
2021-07-20,15.724,15.964,14.37,14.542,10435188,2021-07-20 23:59:59.999,154948545.0303,291428,5114044,75971468.4359,0,2021-07-20,12.08248620389196,18.7502,2.2484537517331615,-1.8715973129339303,-0.07511289194174142,-0.07808359426027384
2021-07-21,14.544,16.856,13.985,16.72,12640790,2021-07-21 23:59:59.999,198393295.1401,346032,6388443,100388218.8612,0,2021-07-21,27.707238172260404,18.6977,2.284514646138161,-0.8656981049971332,0.1497730711043872,0.1395645934286904
2021-07-22,16.721,17.615,16.051,17.564,8881516,2021-07-22 23:59:59.999,149017489.098,277818,4440210,74520765.2498,0,2021-07-22,37.71751612048407,18.6656,2.29626739227835,-0.4797350707954777,0.05047846889952168,0.04924574504291559
2021-07-23,17.564,18.694,16.911,18.595,8325699,2021-07-23 23:59:59.999,146710660.2871,264306,4172258,73485662.4658,0,2021-07-23,39.945490162677785,18.62205,2.28853489043439,-0.011819789207962778,0.058699612844454574,0.05704137467756236
2021-07-24,18.594,18.938,18.005,18.233,7624646,2021-07-24 23:59:59.999,140882967.6158,245595,3570287,66000793.3358,0,2021-07-24,41.180086047940996,18.4967,2.2344414373262937,-0.11801607130753015,-0.0194675988168862,-0.019659588319965778
2021-07-25,18.229,18.433,17.23,18.263,6723001,2021-07-25 23:59:59.999,120147936.1048,236581,3298079,58960144.2648,0,2021-07-25,38.99462708314362,18.40705,2.204353335775833,-0.06534796289783593,0.001645368288268667,0.0016440161528373015
2021-07-26,18.262,20.327,18.161,18.512,13409758,2021-07-26 23:59:59.999,260638626.9292,425730,6429632,124964982.7321,0,2021-07-26,44.96824136562128,18.213900000000002,1.997953529304875,0.14920266944532617,0.013634123637956463,0.013542015241416015
2021-07-27,18.506,19.231,17.683,18.875,8544716,2021-07-27 23:59:59.999,157529280.7488,295422,4172119,76952501.454,0,2021-07-27,52.230522945570975,18.046,1.770587592030187,0.46820615016817924,0.019608902333621447,0.019419124683767653
2021-07-28,18.874,19.446,18.501,19.062,8305815,2021-07-28 23:59:59.999,157691063.5364,279178,4094491,77775187.1354,0,2021-07-28,56.58129175946549,17.98185,1.7049336852356596,0.6335437028160419,0.00990728476821201,0.009858529380345787
2021-07-29,19.06,19.803,18.595,19.567,7396005,2021-07-29 23:59:59.999,141951097.2702,243637,3695399,70986232.6777,0,2021-07-29,64.39193083573487,17.912399999999998,1.6026268699261015,1.0324299629871407,0.026492498163886102,0.026147649280527412
2021-07-30,19.57,21.049,19.331,20.894,11946902,2021-07-30 23:59:59.999,240663357.6027,360301,5884603,118544200.3357,0,2021-07-30,74.50959258460874,17.945,1.6581773760743832,1.7784587116859267,0.06781826544692593,0.06561756261935454
2021-07-31,20.894,21.95,20.65,21.731,6812938,2021-07-31 23:59:59.999,144728856.7556,250323,3315282,70467987.6809,0,2021-07-31,78.56056766345667,17.99755,1.7627704413638172,2.1179445220964292,0.04005934718100912,0.03927777612228327
2021-08-01,21.746,23.23,21.539,21.971,11136066,2021-08-01 23:59:59.999,249202020.9451,372423,5557089,124373384.0688,0,2021-08-01,78.64930345245305,18.1198,1.9492654108930108,1.9757186366097066,0.011044130504808791,0.010983589436633877
2021-08-02,21.968,23.099,21.399,22.376,8735490,2021-08-02 23:59:59.999,194420903.9571,311829,4239178,94409814.0618,0,2021-08-02,84.1564842386282,18.31575,2.1694855532563784,1.871526636305829,0.018433389467935157,0.018265553925425584
2021-08-03,22.375,22.743,20.591,21.325,8792260,2021-08-03 23:59:59.999,187661793.9028,319482,4200396,89681639.5774,0,2021-08-03,85.29503590384014,18.488,2.2676093370027037,1.2510973357297555,-0.04696996782266727,-0.048108862521915915
2021-08-04,21.323,23.733,20.747,23.536,9431427,2021-08-04 23:59:59.999,209280910.0737,322169,4811089,106868408.7977,0,2021-08-04,85.34536403235843,18.8113,2.503472453675997,1.8872586327292895,0.10368112543962504,0.09865107048133906
2021-08-05,23.53,25.595,22.057,25.451,13161173,2021-08-05 23:59:59.999,313812276.8058,436072,6550411,156530855.9674,0,2021-08-05,86.81041725007,19.266550000000002,2.8371870145025593,2.1797822873104864,0.0813647178789938,0.07822387109635563
2021-08-06,25.451,26.963,24.533,26.19,9641456,2021-08-06 23:59:59.999,245700468.0935,355753,4801841,122405422.6447,0,2021-08-06,86.44084061030611,19.771250000000002,3.126544281588812,2.052985475944768,0.029036187183214768,0.028622623564183075
2021-08-07,26.19,29.033,25.803,28.324,13059991,2021-08-07 23:59:59.999,360438242.3049,471733,6535807,180438026.9372,0,2021-08-07,91.38030017222995,20.372700000000002,3.5508388942094395,2.239273658111228,0.08148148148148149,0.078331843269907
2021-08-08,28.328,28.734,25.963,26.711,9327687,2021-08-08 23:59:59.999,256525273.0951,381048,4583164,126064789.9872,0,2021-08-08,80.66202090592331,20.9221,3.642426965636924,1.5892974806669147,-0.05694817116226536,-0.05863403620712329
2021-08-09,26.713,28.799,25.384,28.37,9455182,2021-08-09 23:59:59.999,258559376.7793,390144,4579807,125114859.5324,0,2021-08-09,82.45752666930065,21.613500000000002,3.679838876621344,1.8360858250955545,0.062109243382876045,0.06025678323835568
2021-08-10,28.369,30.261,28.2,28.796,10948250,2021-08-10 23:59:59.999,319195724.8039,450046,5261629,153475717.9531,0,2021-08-10,82.5300019673421,22.2173,3.822602752052478,1.7210001736297822,0.015015861825872445,0.014904239786296538
2021-08-11,28.795,30.502,28.754,28.978,9131045,2021-08-11 23:59:59.999,272195199.6172,380698,4273705,127449192.7352,0,2021-08-11,82.52427184466018,22.788000000000004,3.94150277245398,1.5704669912349454,0.006320322266981648,0.006300432791474176
2021-08-12,28.97,29.96,26.875,28.115,8621488,2021-08-12 23:59:59.999,243992401.8076,386908,4062869,114968632.3943,0,2021-08-12,77.39392385591589,23.264,3.9831064179659355,1.2178936465567178,-0.029781213334253653,-0.030233679654365585
2021-08-13,28.117,30.63,27.86,30.543,7890183,2021-08-13 23:59:59.999,232193935.3564,354251,3859867,113668615.6691,0,2021-08-13,78.8840328084775,23.8795,4.113736123615156,1.6198170713351707,0.08635959452249686,0.08283228504900332
2021-08-14,30.543,30.701,28.684,30.146,7800350,2021-08-14 23:59:59.999,232068688.5359,345293,3592353,106964748.3583,0,2021-08-14,75.87161040398449,24.47365,4.117979439060593,1.377459524492914,-0.012998068297154775,-0.013083282404830832
2021-08-15,30.146,30.516,28.278,30.291,7305889,2021-08-15 23:59:59.999,214122555.1864,349591,3479421,102137406.824,0,2021-08-15,75.72983671449775,25.0626,4.062410399335737,1.2870191551436851,0.004809925031513229,0.004798394301956127
2021-08-16,30.292,31.31,29.0,29.074,9693704,2021-08-16 23:59:59.999,293837898.9764,447197,4434162,134530549.1531,0,2021-08-16,69.72320376914016,25.57255,3.8808866522863523,0.9022293907855278,-0.040176950249248944,-0.04100633468616052
2021-08-17,29.08,30.857,25.888,26.419,11518035,2021-08-17 23:59:59.999,332557726.9303,546510,5345419,154600278.8679,0,2021-08-17,63.70533792509685,25.9404,3.567302436531545,0.134163000899172,-0.09131870399669817,-0.09576085573983795
2021-08-18,26.422,27.367,25.464,26.333,10538667,2021-08-18 23:59:59.999,279115678.3665,488139,4954029,131255639.4262,0,2021-08-18,58.496871012819724,26.278699999999997,3.2365694655395374,0.016777022887395226,-0.003255232976267175,-0.0032605427733477317
2021-08-19,26.339,28.013,25.301,27.994,9007463,2021-08-19 23:59:59.999,237593677.0733,416479,4345730,114706811.0556,0,2021-08-19,57.84634372107374,26.633699999999997,2.9952507688707515,0.45415229139991276,0.06307674780693429,0.061167296007506484
2021-08-20,27.993,29.268,27.507,28.906,7926500,2021-08-20 23:59:59.999,224660651.6154,385020,3756919,106565590.8399,0,2021-08-20,58.29161069727682,26.99245,2.8004874101145947,0.6832917702428434,0.03257840965921255,0.03205898452819596
2021-08-21,28.91,29.796,28.183,28.256,7463446,2021-08-21 23:59:59.999,216392121.7155,379299,3579077,103797514.3429,0,2021-08-21,49.77172015576742,27.3067,2.5486673731476284,0.3724691617280785,-0.02248668096588935,-0.022743361605100626
2021-08-22,28.25,29.23,27.167,28.43,5713108,2021-08-22 23:59:59.999,161669984.8785,308886,2698582,76392115.75,0,2021-08-22,56.38795986622074,27.6094,2.2773005349131443,0.3603389132964378,0.006157984144960382,0.006139101241358926
2021-08-23,28.432,29.699,28.392,28.844,5933960,2021-08-23 23:59:59.999,172658407.034,314996,2769275,80591851.1969,0,2021-08-23,51.94103194103194,27.98535,1.7432522924875529,0.4925563578492364,0.014562082307421731,0.01445707339160467
2021-08-24,28.841,29.298,26.492,26.614,7003032,2021-08-24 23:59:59.999,195715909.5322,335065,3145194,88011660.1053,0,2021-08-24,42.21492792921366,28.139250000000004,1.4391120023344706,-1.0598549643987425,-0.07731243932880327,-0.08046460593296242
2021-08-25,26.614,27.481,25.668,27.065,5851081,2021-08-25 23:59:59.999,156083767.2264,294324,2820209,75261815.2736,0,2021-08-25,43.30322761324651,28.21995,1.3208230876795535,-0.8744168774555849,0.016945968287367608,0.01680398712739055
2021-08-26,27.063,27.692,25.01,25.513,6474044,2021-08-26 23:59:59.999,168529205.2497,322709,3098023,80727838.8863,0,2021-08-26,41.31044616617688,28.1861,1.3828053826608306,-1.9330992152029003,-0.05734343247736928,-0.05905325406886219
2021-08-27,25.517,27.507,25.02,27.429,5997607,2021-08-27 23:59:59.999,157907069.1944,308961,2976241,78372211.9665,0,2021-08-27,39.232365145228215,28.14135,1.3925553291473962,-0.5115416135286653,0.07509896915298064,0.07241272167032002
2021-08-28,27.43,27.629,26.633,26.86,3944512,2021-08-28 23:59:59.999,106745182.4424,216031,1889361,51139312.6861,0,2021-08-28,38.77118644067796,28.1488,1.3848777867416668,-0.9306236350517859,-0.020744467534361433,-0.020962656755307677
2021-08-29,26.864,27.716,26.162,26.818,4911295,2021-08-29 23:59:59.999,131299184.4084,256761,2345551,62666582.419,0,2021-08-29,38.048041847339796,28.071199999999997,1.4149857205900154,-0.8856626478728291,-0.0015636634400595373,-0.0015648872376411585
2021-08-30,26.818,28.266,25.58,26.85,7338738,2021-08-30 23:59:59.999,197976882.8219,328265,3582742,96775691.3063,0,2021-08-30,41.666666666666664,27.973900000000004,1.4293567894612231,-0.7862977307601705,0.0011932284286673145,0.0011925170974233692
2021-08-31,26.855,29.779,26.085,29.41,12366197,2021-08-31 23:59:59.999,350613881.5674,506951,5812857,164850428.8177,0,2021-08-31,61.28764435051702,27.9955,1.4484654493272138,0.9765507355781321,0.09534450651769077,0.09106893161102987
2021-09-01,29.405,31.436,28.701,31.39,11351410,2021-09-01 23:59:59.999,341630161.6938,508870,5443578,163849019.6981,0,2021-09-01,66.69748398600015,28.159249999999997,1.6357045761769722,1.9751427287383578,0.06732403944236665,0.06515461828795863
2021-09-02,31.386,31.485,29.5,29.966,6461062,2021-09-02 23:59:59.999,196210301.4759,303799,2908097,88346986.762,0,2021-09-02,56.614785992217904,28.130399999999998,1.5960559085313595,1.1500850253353998,-0.04536476584899651,-0.046425965232909774
2021-09-03,29.968,31.25,28.348,28.697,15632749,2021-09-03 23:59:59.999,461964060.5231,600675,7366176,217668672.6822,0,2021-09-03,49.315337744873226,28.057949999999998,1.5313204991289675,0.4173195620142876,-0.04234799439364623,-0.04327081793570297
2021-09-04,28.697,29.525,28.213,28.599,7341642,2021-09-04 23:59:59.999,212184282.2781,337877,3414782,98678567.7973,0,2021-09-04,51.16579430358235,27.97335,1.4458104001416792,0.4327330886115434,-0.0034149911140537448,-0.0034208355056987824
2021-09-05,28.604,29.567,28.37,29.395,6831041,2021-09-05 23:59:59.999,198738843.4487,312774,3073330,89414833.0168,0,2021-09-05,53.14680753929432,27.9894,1.4603801379669508,0.9624891242062409,0.027833141018916763,0.02745283967466749
2021-09-06,29.396,30.343,28.3,28.875,10738954,2021-09-06 23:59:59.999,318153150.396,440097,4775257,141508556.8753,0,2021-09-06,50.10039510330979,28.1122,1.4241900228033464,0.535602684885068,-0.0176900833475081,-0.01784842301226067
2021-09-07,28.874,29.373,20.133,24.33,21643758,2021-09-07 23:59:59.999,551213841.2629,903174,9822978,249878034.1616,0,2021-09-07,43.56764672749802,28.01205,1.6137062758559235,-2.2817349446366935,-0.15740259740259743,-0.17126601204652642
2021-09-08,24.326,24.997,21.367,23.156,11522683,2021-09-08 23:59:59.999,268110817.317,559844,5808429,135257328.4354,0,2021-09-08,39.42198408832601,27.77015,1.945135559475679,-2.372148294509494,-0.04825318536785861,-0.04945623057867306
2021-09-09,23.152,24.756,22.722,23.341,10176369,2021-09-09 23:59:59.999,241933707.1394,448472,4993325,118733363.7117,0,2021-09-09,43.652834599649324,27.491899999999998,2.1602417968950873,-1.9214978647140701,0.007989290032820895,0.00795754462529192
2021-09-10,23.338,24.276,21.416,22.32,8741964,2021-09-10 23:59:59.999,198647685.0148,434694,4163719,94587835.9904,0,2021-09-10,34.246068455134136,27.195099999999996,2.4394687061778217,-1.9984269474964245,-0.04374277023263784,-0.04472833332893988
2021-09-11,22.319,23.91,22.245,22.74,5926545,2021-09-11 23:59:59.999,136672229.0801,297842,2908728,67071365.5202,0,2021-09-11,37.17789119880492,26.9106,2.6134598644627585,-1.595815591703123,0.018817204301075252,0.018642350809279774
2021-09-12,22.743,24.299,22.156,23.742,7670153,2021-09-12 23:59:59.999,179826408.997,328315,3650365,85619056.1726,0,2021-09-12,40.966756725008814,26.6555,2.6633353347378033,-1.0939290903399603,0.044063324538258675,0.043120143308952356
2021-09-13,23.744,24.08,21.345,22.668,8654674,2021-09-13 23:59:59.999,194087933.405,395722,4147636,93038098.8359,0,2021-09-13,38.42705335399601,26.458199999999998,2.8087610604564754,-1.3494205873759946,-0.045236290118776945,-0.046291393323969525
2021-09-14,22.671,25.941,22.475,25.692,8691157,2021-09-14 23:59:59.999,210810854.3111,364738,4259698,103433310.9237,0,2021-09-14,39.96870278437298,26.389550000000003,2.8099282155093435,-0.24824477584512292,0.1334039174166226,0.1252254210881733
2021-09-15,25.686,27.5,24.704,27.482,9787464,2021-09-15 23:59:59.999,252413558.4896,383547,4857488,125388256.7549,0,2021-09-15,39.34685421437139,26.488,2.8120931892920806,0.3534733499533244,0.06967149307177323,0.06735158551403649
2021-09-16,27.48,27.633,25.385,26.246,9420017,2021-09-16 23:59:59.999,252172856.4882,393257,4423367,118429096.0212,0,2021-09-16,39.754324115897326,26.42885,2.803687445509039,-0.06521768333802401,-0.04497489265701193,-0.046017648435487786
2021-09-17,26.248,26.391,24.015,24.334,6688358,2021-09-17 23:59:59.999,168059790.6526,339588,3131193,78786686.5813,0,2021-09-17,38.39442464223015,26.302549999999997,2.83990432520455,-0.6931747603357052,-0.07284919606797224,-0.07563904710883756
2021-09-18,24.336,25.267,23.886,24.542,4251484,2021-09-18 23:59:59.999,104754368.4534,177066,2024111,49896549.0442,0,2021-09-18,39.271169408155714,26.18875,2.8636645068678073,-0.5750499040829208,0.00854771102161589,0.008511386189098774
2021-09-19,24.543,24.666,23.454,23.905,3833639,2021-09-19 23:59:59.999,92263825.4024,171419,1812337,43630812.7252,0,2021-09-19,35.358438233411576,26.041499999999996,2.90331502904773,-0.7358829402335831,-0.02595550484883058,-0.026298293476289373
2021-09-20,23.902,23.997,20.415,20.908,10642051,2021-09-20 23:59:59.999,233300769.9908,435014,5189711,113702150.2511,0,2021-09-20,31.232037691401658,25.6164,3.004797521858676,-1.566960823732151,-0.12537126124241793,-0.13395578122739132
2021-09-21,20.903,21.647,18.319,19.063,12374768,2021-09-21 23:59:59.999,250814258.0355,491346,6067311,123125053.2978,0,2021-09-21,35.78407557354927,25.00005,3.022391898288777,-1.9643547891196544,-0.08824373445571088,-0.09238257731883599
2021-09-22,19.061,21.662,18.831,21.604,9439517,2021-09-22 23:59:59.999,191786504.4863,373751,4890754,99347725.1594,0,2021-09-22,46.09893424492258,24.58195,2.874008267852352,-1.0361661214792954,0.13329486439699956,0.12512919919880525
2021-09-23,21.605,21.842,20.875,21.481,5562330,2021-09-23 23:59:59.999,118826757.4865,273355,2644413,56504198.8101,0,2021-09-23,45.310136157337375,24.22115,2.7816813218474907,-0.9850697053176791,-0.0056933901129418985,-0.005709659238804855
2021-09-24,21.48,21.633,18.141,19.643,10503023,2021-09-24 23:59:59.999,206945955.7468,462447,5010059,98731996.963,0,2021-09-24,43.51721799777208,23.77335,2.7606316835290805,-1.4961611955130236,-0.085563986779014,-0.08944778273970042
2021-09-25,19.636,20.098,18.942,19.454,5669447,2021-09-25 23:59:59.999,110568635.0306,276564,2775704,54159676.0807,0,2021-09-25,41.95239028213167,23.2763,2.584501582815962,-1.4789311894463553,-0.009621748205467573,-0.009668336304890635
2021-09-26,19.453,24.751,17.73,24.04,34542888,2021-09-26 23:59:59.999,776833406.718,1129060,17199730,386758589.8475,0,2021-09-26,50.62083333333332,23.03455,2.235859130177755,0.4496929106262901,0.23573558137144013,0.21166640521975807
2021-09-27,24.034,26.057,22.248,22.375,28513455,2021-09-27 23:59:59.999,691329205.9346,877026,13923664,337826994.5631,0,2021-09-27,49.40425358871132,22.936799999999998,2.218913546381427,-0.2531869711265559,-0.06925956738768713,-0.07177484550608769
2021-09-28,22.38,24.99,22.1,23.043,28465699,2021-09-28 23:59:59.999,676432331.2874,927981,13804030,328224335.916,0,2021-09-28,44.04317517427479,22.93115,2.218469844284391,0.050417633707380755,0.02985474860335202,0.029417771523735575
2021-09-29,23.052,24.335,22.226,23.006,17792508,2021-09-29 23:59:59.999,418437395.2898,591923,8712546,205006150.8718,0,2021-09-29,39.073332682355236,22.9144,2.2164762788570624,0.04132685780297802,-0.0016056937030768381,-0.001606984210836016
2021-09-30,23.007,23.947,22.613,23.513,10422896,2021-09-30 23:59:59.999,242093179.5816,356388,5048025,117292511.8652,0,2021-09-30,43.08206348402775,22.97405,2.215690731672692,0.24324243103780718,0.022037729288011842,0.021798408211650477
2021-10-01,23.508,25.865,23.47,25.623,12374528,2021-10-01 23:59:59.999,307741827.8139,455513,6070146,150886281.3339,0,2021-10-01,53.23041451556313,23.118199999999998,2.292126055135454,1.0927845763055037,0.08973759197039932,0.08593692594665087
2021-10-02,25.627,27.242,25.34,26.123,11249449,2021-10-02 23:59:59.999,295157190.7522,427764,5377342,141164830.7755,0,2021-10-02,53.90505359877488,23.23725,2.386135763442266,1.2093821500906496,0.019513718143855163,0.019325766698446368
2021-10-03,26.132,26.624,25.633,26.034,7076512,2021-10-03 23:59:59.999,185123652.8395,296837,3329688,87124083.6698,0,2021-10-03,55.4049251078954,23.405549999999998,2.4613913582403626,1.0678716292719366,-0.0034069593844505697,-0.0034127762862976585
2021-10-04,26.034,26.035,24.246,25.331,7923099,2021-10-04 23:59:59.999,200025837.033,353472,3767877,95188335.4465,0,2021-10-04,62.709039710361466,23.3875,2.4450109137630314,0.7948839774333878,-0.027003149727279685,-0.027374433931155354
2021-10-05,25.335,25.913,24.553,25.643,6786261,2021-10-05 23:59:59.999,171482917.36,286822,3246341,82055923.9942,0,2021-10-05,70.73355180236956,23.29555,2.313993392043357,1.0144583852623286,0.012316923927203849,0.012241687775029552
2021-10-06,25.65,26.075,23.78,25.261,8549065,2021-10-06 23:59:59.999,214519172.0077,350135,4071101,102229502.9355,0,2021-10-06,63.33795316945073,23.246299999999998,2.2576894360103967,0.8923725149550301,-0.014896852942323457,-0.015008925467524543
2021-10-07,25.265,26.349,24.433,25.553,7706096,2021-10-07 23:59:59.999,196368668.1471,345184,3712818,94665090.3442,0,2021-10-07,64.67070183023489,23.30725,2.3045669275773877,0.9744780996058048,0.011559320691975739,0.011493022166024332
2021-10-08,25.552,26.145,24.625,24.797,7931247,2021-10-08 23:59:59.999,201553901.1584,321100,3719098,94560880.5918,0,2021-10-08,70.13910597061582,23.32,2.3124496239177117,0.6387166166663094,-0.029585567252377376,-0.030032048474828987
2021-10-09,24.799,25.719,24.535,25.172,5253949,2021-10-09 23:59:59.999,132477244.557,220648,2571119,64850003.2453,0,2021-10-09,72.02280080110923,23.38335,2.346424565050614,0.7622874507203338,0.015122797112554043,0.015009587552873639
2021-10-10,25.174,26.062,24.086,24.17,7434733,2021-10-10 23:59:59.999,187097126.0939,316659,3446221,86809573.9166,0,2021-10-10,50.69163651840819,23.54645,2.27767061236263,0.27376653876795315,-0.03980613379945963,-0.040620070949295414
2021-10-11,24.167,25.126,23.444,24.163,6680623,2021-10-11 23:59:59.999,162925230.0832,272677,3026610,73883333.8693,0,2021-10-11,61.55038759689921,23.80145,2.0202422333914045,0.17896368763317202,-0.0002896152254862061,-0.0002896571720747321
2021-10-12,24.172,24.176,22.291,23.471,7121843,2021-10-12 23:59:59.999,164796979.4141,290863,3384436,78338591.7879,0,2021-10-12,52.75631117980423,23.8948,1.9554555425646285,-0.2167269931609776,-0.028638827960104307,-0.0290569210039122
2021-10-13,23.463,25.769,23.128,24.696,14168842,2021-10-13 23:59:59.999,345311307.3202,510122,6809841,165972363.6448,0,2021-10-13,59.43923145665773,24.05555,1.8771619248494904,0.34117994378740246,0.05219206680584554,0.050875670660453405
2021-10-14,24.696,26.518,24.523,26.477,9474026,2021-10-14 23:59:59.999,241615795.7356,425708,4681242,119481708.9822,0,2021-10-14,64.49247017406609,24.39725,1.6384949086856826,1.2693051342272834,0.07211694201490104,0.06963514439944712
2021-10-15,26.479,26.878,25.377,25.896,9897747,2021-10-15 23:59:59.999,258171126.344,447121,4505783,117596931.7454,0,2021-10-15,51.5695067264574,24.71935,1.1864189494793507,0.9917660203559329,-0.021943573667711602,-0.022187914975362218
2021-10-16,25.89,28.002,25.757,27.089,8750796,2021-10-16 23:59:59.999,236527115.1186,382031,4136851,111910313.754,0,2021-10-16,55.14376996805111,24.8718,1.2862248555158868,1.7238043492097734,0.046068890948408825,0.04503922480131985
2021-10-17,27.091,27.167,25.032,25.941,7067333,2021-10-17 23:59:59.999,186379650.4305,304209,3188709,84145461.2261,0,2021-10-17,49.55498133792708,25.0501,1.1631733771294275,0.765921931774808,-0.04237882535346449,-0.04330301277886039
2021-10-18,25.933,26.255,24.882,25.667,5079794,2021-10-18 23:59:59.999,130136315.9213,258184,2461040,63070917.0096,0,2021-10-18,51.67664670658684,25.1813,1.0690458165552466,0.4543303874150666,-0.010562430129910094,-0.010618608532172131
2021-10-19,25.663,26.354,25.252,26.048,4883659,2021-10-19 23:59:59.999,126337785.4701,245031,2379907,61598836.8943,0,2021-10-19,52.00713648528099,25.3334,0.9534113487889462,0.7495190831404568,0.01484396306541469,0.0147348697058991
2021-10-20,26.046,27.179,25.473,27.172,5422223,2021-10-20 23:59:59.999,142994320.6552,250149,2517215,66440186.4789,0,2021-10-20,58.821900101560345,25.51635,0.9366246945391926,1.767677074556058,0.0431511056511058,0.04224604150892585
2021-10-21,27.17,27.806,25.606,26.122,7618325,2021-10-21 23:59:59.999,204707192.1037,369456,3515960,94513961.361,0,2021-10-21,52.454914142721535,25.5413,0.9462123440325573,0.6137100236139167,-0.038642720447519485,-0.039409160173726004
2021-10-22,26.124,26.897,25.358,25.664,4926650,2021-10-22 23:59:59.999,129128429.2534,252998,2238425,58688893.9887,0,2021-10-22,53.839341068107345,25.51835,0.9368812919803348,0.15546259835344972,-0.017533113850394244,-0.01768863947122542
2021-10-23,25.665,26.927,25.26,26.869,5203698,2021-10-23 23:59:59.999,135876549.8847,248782,2526300,66028982.0211,0,2021-10-23,57.00024750433133,25.5601,0.9787393556587876,1.3373325517486556,0.04695293017456348,0.04588397402448017
2021-10-24,26.868,27.287,25.355,25.802,5200664,2021-10-24 23:59:59.999,136925666.7139,255124,2353212,62003803.9448,0,2021-10-24,56.696208764155585,25.58365,0.9786032083910601,0.22312414074238962,-0.03971119133574008,-0.040521197405639434
2021-10-25,25.803,26.834,25.712,26.797,4075352,2021-10-25 23:59:59.999,107607801.5975,196682,1950833,51536536.9901,0,2021-10-25,59.996963716411116,25.64135,1.0156079473060355,1.137889874794143,0.03856290210061242,0.03783793264957593
2021-10-26,26.797,28.336,26.113,26.586,12050396,2021-10-26 23:59:59.999,329999425.1502,495805,5520792,151358360.8658,0,2021-10-26,62.27054281887654,25.707600000000003,1.0325657058229827,0.8506964690444442,-0.007874015748031593,-0.007905179507113374
2021-10-27,26.591,28.374,22.861,24.165,13774059,2021-10-27 23:59:59.999,352991342.6022,566285,6222399,159451123.0649,0,2021-10-27,48.08841529267765,25.6382,1.0886262033066794,-1.3532652397353544,-0.09106296547054837,-0.09547945614836001
2021-10-28,24.164,25.385,23.912,24.911,7894347,2021-10-28 23:59:59.999,195555614.3124,339671,3797805,94110131.2267,0,2021-10-28,43.90851096934807,25.643900000000002,1.0842796735740812,-0.6759326194727627,0.03087109455824555,0.030404167691545102
2021-10-29,24.911,25.825,24.658,25.56,5950649,2021-10-29 23:59:59.999,151163347.3496,262788,2831537,71956918.2273,0,2021-10-29,48.699891657638126,25.663300000000003,1.0788494895267988,-0.09575014958325045,0.026052747782104202,0.02571915652074162
2021-10-30,25.561,25.599,24.412,24.939,3797982,2021-10-30 23:59:59.999,94758751.5226,188694,1758184,43880890.2294,0,2021-10-30,41.29554655870446,25.701749999999997,1.0356667252495282,-0.7364820954503717,-0.024295774647887236,-0.02459578629227322
2021-10-31,24.938,25.306,24.012,25.026,5088808,2021-10-31 23:59:59.999,125723322.332,223494,2382302,58894130.9556,0,2021-10-31,45.94738240765347,25.7449,0.9849166088128495,-0.7299095106808219,0.003488511969204744,0.0034824412258023336
2021-11-01,25.028,26.488,24.143,25.622,7765122,2021-11-01 23:59:59.999,197403396.1873,360387,3596306,91458713.2914,0,2021-11-01,49.80621824132288,25.852449999999997,0.8285782671157086,-0.2781270148470065,0.02381523215855519,0.02353607299137886
2021-11-02,25.622,26.345,25.17,26.202,5324490,2021-11-02 23:59:59.999,136874158.2266,262523,2438216,62714882.325,0,2021-11-02,50.65198983911941,25.927749999999996,0.7852489967148917,0.34925227685401344,0.022636796503005208,0.022384386297236915
2021-11-03,26.203,27.099,25.335,26.925,8449737,2021-11-03 23:59:59.999,222617116.7414,409704,4008648,105672136.2376,0,2021-11-03,48.91752125514944,25.95015,0.8078073164597841,1.2067853065162624,0.02759331348751992,0.027219479310973245
2021-11-04,26.917,27.498,25.256,25.745,7488318,2021-11-04 23:59:59.999,197496502.5039,368369,3316133,87513415.9476,0,2021-11-04,48.366409567553525,25.9426,0.8090447518684962,-0.2442386524894189,-0.043825441039925694,-0.044814789544347554
2021-11-05,25.744,26.133,25.287,25.607,5368744,2021-11-05 23:59:59.999,137730318.5769,260324,2498430,64103881.6382,0,2021-11-05,49.745966663695505,25.8685,0.7652001114257277,-0.34174067161696103,-0.005360264128957182,-0.005374681889807797
2021-11-06,25.607,25.819,24.356,25.185,3870730,2021-11-06 23:59:59.999,97312517.401,203548,1695340,42665979.9116,0,2021-11-06,41.931774626293596,25.8307,0.7799605995444452,-0.8278623309653567,-0.016479868785878926,-0.01661717241068322
2021-11-07,25.184,25.537,24.983,25.35,2868519,2021-11-07 23:59:59.999,72542091.0312,160410,1332640,33708830.6336,0,2021-11-07,47.62953639605623,25.81485,0.7866545603808853,-0.5909201108233907,0.006551518761167552,0.006530150839578525
2021-11-08,25.354,26.438,25.239,26.286,6608880,2021-11-08 23:59:59.999,170591396.2323,287500,3121817,80606326.2828,0,2021-11-08,47.30343007915568,25.826749999999997,0.792148103842127,0.5797526974722541,0.036923076923076836,0.03625774802262416
2021-11-09,26.287,27.862,25.804,26.389,10891209,2021-11-09 23:59:59.999,292592743.4732,534569,4892856,131546265.3848,0,2021-11-09,48.94843599871891,25.787599999999998,0.7397811482918716,0.8129431270161628,0.003918435669177489,0.003910778596111636
2021-11-10,26.39,28.549,23.6,25.269,15169143,2021-11-10 23:59:59.999,402420591.3969,686772,6833980,181610143.9557,0,2021-11-10,56.84354078849491,25.74495,0.7440638395783215,-0.6396628550982038,-0.04244192656030921,-0.04336890865459171
2021-11-11,25.265,26.127,24.904,25.396,6305719,2021-11-11 23:59:59.999,161000826.0896,295691,2893940,73896862.6457,0,2021-11-11,53.25634483684705,25.73155,0.7480012295934382,-0.44859551926456004,0.005025921089081509,0.00501333330686716
2021-11-12,25.393,25.729,23.866,24.573,5587724,2021-11-12 23:59:59.999,138159265.066,284303,2555967,63226108.2456,0,2021-11-12,43.52447185408741,25.616750000000003,0.7403937696996923,-1.4097228295469768,-0.03240667821704202,-0.03294340210662876
2021-11-13,24.575,24.816,24.185,24.678,3192693,2021-11-13 23:59:59.999,78288501.9254,173601,1447331,35497302.3252,0,2021-11-13,48.16326530612246,25.56055,0.7677458786669668,-1.1495340118690907,0.004272982541814185,0.00426387927476735
2021-11-14,24.67,25.032,24.018,24.582,3225451,2021-11-14 23:59:59.999,79172967.2928,171246,1498395,36797132.4914,0,2021-11-14,46.87939274669667,25.4498,0.7392272352008742,-1.1739286090618497,-0.0038901045465596917,-0.0038976906835530094
2021-11-15,24.584,25.002,23.666,24.027,4763529,2021-11-15 23:59:59.999,116680663.9622,233534,2186785,53600678.218,0,2021-11-15,38.72472783825819,25.321849999999998,0.7535413427694001,-1.7183529642065687,-0.02257749572858192,-0.022836269783134154
2021-11-16,24.022,24.024,20.22,21.692,10995595,2021-11-16 23:59:59.999,242807863.8659,530155,4985490,110034245.7652,0,2021-11-16,24.456275487086543,25.1982,1.0838622266299922,-3.2349129934176983,-0.09718233653806141,-0.10223466903084075
2021-11-17,21.694,21.951,21.04,21.872,5588385,2021-11-17 23:59:59.999,120733178.1339,293048,2714062,58656491.7412,0,2021-11-17,19.505129752564898,25.04625,1.3146889916388418,-2.414449364212824,0.00829799004241183,0.008263751002779408
2021-11-18,21.877,22.244,19.602,20.091,6507355,2021-11-18 23:59:59.999,135546602.8343,338146,3142961,65490325.0341,0,2021-11-18,18.185910420886813,24.7728,1.7111830502837557,-2.736001855104656,-0.08142831016825158,-0.08493532638557084
2021-11-19,20.097,21.326,19.766,21.205,4144162,2021-11-19 23:59:59.999,85632686.1187,209445,2083045,43039558.6461,0,2021-11-19,27.682011762320016,24.5861,1.8867855957182762,-1.7919895125724958,0.05544771290627626,0.053965049330531034
2021-11-20,21.204,22.037,20.919,22.033,3866052,2021-11-20 23:59:59.999,82828375.5515,215511,1881622,40345019.5067,0,2021-11-20,34.65134398130115,24.43645,1.9670461818621263,-1.2218574338324617,0.03904739448243344,0.03830432655549776
2021-11-21,22.035,22.185,21.389,21.623,2710913,2021-11-21 23:59:59.999,59015933.1569,172881,1263050,27494906.2425,0,2021-11-21,32.27432702368496,24.2365,2.042012874334234,-1.2798646046010305,-0.018608450959923806,-0.01878376649029384
2021-11-22,21.626,22.316,20.723,20.963,6669758,2021-11-22 23:59:59.999,143190162.3761,318281,3240385,69558789.3812,0,2021-11-22,24.001172218423363,23.97455,2.1114571041418126,-1.4262899275067318,-0.030523054155297658,-0.030998584010012625
2021-11-23,20.964,22.351,20.766,22.229,4735461,2021-11-23 23:59:59.999,102105209.2011,243528,2360877,50889509.0386,0,2021-11-23,31.754385964912288,23.73975,2.0254426384319704,-0.7458863417477838,0.06039211944855216,0.058638763727027234
2021-11-24,22.227,22.335,20.495,20.807,4194938,2021-11-24 23:59:59.999,89419447.5548,204786,1941030,41412649.4108,0,2021-11-24,30.934882925995552,23.49285,2.068647442043462,-1.2983604385225023,-0.06397048900085478,-0.06610827415632797
2021-11-25,20.808,21.665,20.586,21.41,4495324,2021-11-25 23:59:59.999,95086059.7858,196257,2202431,46594847.6232,0,2021-11-25,33.63442272951224,23.282999999999998,2.0557318584103945,-0.9111110441457597,0.02898063151823904,0.02856863404914668
2021-11-26,21.413,21.467,18.676,19.262,7227347,2021-11-26 23:59:59.999,142103983.3386,302939,3364711,66076679.2859,0,2021-11-26,30.33399985188477,22.986849999999997,2.189585115110848,-1.7011670267092702,-0.10032695002335357,-0.10572385946291886
2021-11-27,19.261,20.163,19.226,19.497,3229871,2021-11-27 23:59:59.999,63722642.4899,168036,1584902,31266420.5691,0,2021-11-27,30.998312917186226,22.694200000000002,2.2474906615341834,-1.4225643090403444,0.012200186896480059,0.012126364441648907
2021-11-28,19.493,20.263,18.487,20.121,5337489,2021-11-28 23:59:59.999,102566390.9479,255476,2591918,49820643.3032,0,2021-11-28,34.248993715133096,22.38595,2.149578183223066,-1.0536718402137617,0.03200492383443598,0.031503438205388264
2021-11-29,20.123,20.48,19.651,20.267,3801149,2021-11-29 23:59:59.999,76265756.4962,178605,1786547,35848407.4842,0,2021-11-29,36.32926119837114,22.07985,1.9786310598622696,-0.9162142638790839,0.00725610059142201,0.0072299017514664485
2021-11-30,20.262,21.477,19.55,21.271,5928397,2021-11-30 23:59:59.999,122483542.8036,318706,2886524,59647934.6666,0,2021-11-30,48.3052894291925,21.87995,1.836314916089192,-0.331615233675106,0.04953865890363662,0.04835069514433741
2021-12-01,21.268,22.324,20.8,20.968,6387162,2021-12-01 23:59:59.999,138899534.6485,290465,3208769,69841815.3889,0,2021-12-01,46.39668367346938,21.658549999999998,1.6472893675748976,-0.4192038227118593,-0.01424474636829487,-0.014347176660408243
2021-12-02,20.966,23.06,20.539,22.436,12402180,2021-12-02 23:59:59.999,275526354.5912,524427,6223011,138270452.1693,0,2021-12-02,59.58629711389093,21.5517,1.5120525297193061,0.584834179116885,0.07001144601297216,0.06766934562498528
2021-12-03,22.428,23.04,19.201,19.937,8857719,2021-12-03 23:59:59.999,189128277.216,389233,3988299,85299301.9856,0,2021-12-03,45.3437132784959,21.31465,1.3601355302047116,-1.0128770033620484,-0.11138349081832766,-0.11808950978540064
2021-12-04,19.935,20.027,12.808,17.174,16326612,2021-12-04 23:59:59.999,272393849.477,593135,7794711,129993881.928,0,2021-12-04,34.377210468780135,20.94425,1.4304008961417387,-2.6357995231753586,-0.13858654762501887,-0.14918068961039688
2021-12-05,17.179,17.468,15.87,16.526,6325517,2021-12-05 23:59:59.999,105289812.09,245816,3117861,51902510.729,0,2021-12-05,33.85901577047312,20.569200000000002,1.5573125163829609,-2.5962675811472984,-0.03773145452428084,-0.03846171397130033
2021-12-06,16.532,17.481,15.163,17.295,8495955,2021-12-06 23:59:59.999,137483718.256,317891,4217438,68308054.374,0,2021-12-06,38.463957730532144,20.34935,1.6947635846611528,-1.8022277724421836,0.046532736294324195,0.045482544110139515
2021-12-07,17.286,17.64,16.9,17.136,5768666,2021-12-07 23:59:59.999,99463937.319,216507,2788111,48101445.161,0,2021-12-07,32.78344939490232,20.11255,1.7985069677809533,-1.6550116587385524,-0.009193408499566513,-0.009235928683739252
2021-12-08,17.136,18.744,16.941,18.724,8083723,2021-12-08 23:59:59.999,144086614.681,297228,4054219,72305833.885,0,2021-12-08,43.036705221635366,20.0442,1.8251473076811022,-0.723338874864489,0.09267040149393102,0.08862460973243129
2021-12-09,18.73,18.751,16.101,16.15,7019580,2021-12-09 23:59:59.999,120113489.491,277025,3303667,56524404.485,0,2021-12-09,34.46361058601134,19.79145,1.9977853126053986,-1.8227434034195744,-0.13747062593462944,-0.1478860737691587
2021-12-10,16.15,16.523,15.078,15.131,7963292,2021-12-10 23:59:59.999,125976208.516,267624,3870451,61256048.608,0,2021-12-10,36.92638774605989,19.446350000000002,2.1781830253915535,-1.9811696031486006,-0.06309597523219801,-0.06517443019923169
2021-12-11,15.13,16.728,14.928,15.893,8025483,2021-12-11 23:59:59.999,127397247.882,274403,3965363,62929091.086,0,2021-12-11,38.962391277716534,19.15985,2.2523904325238346,-1.4503924154656649,0.05036018769413797,0.049133141245248924
2021-12-12,15.893,16.185,15.25,15.994,3885316,2021-12-12 23:59:59.999,61089932.279,144310,1880929,29602731.891,0,2021-12-12,36.94235271783839,18.9114,2.316175372870822,-1.2595764699734204,0.006354999056188193,0.006334891195015567
2021-12-13,15.992,16.085,13.743,14.146,7713888,2021-12-13 23:59:59.999,115363682.114,297211,3764828,56335806.013,0,2021-12-13,32.51642387889176,18.50725,2.4101159805022205,-1.809560218380528,-0.11554332874828055,-0.12278175329589991
2021-12-14,14.149,15.069,13.905,14.974,5350458,2021-12-14 23:59:59.999,77268154.56,217251,2621967,37878241.415,0,2021-12-14,31.831034681747354,18.215600000000002,2.469373805132009,-1.312721465362232,0.05853244733493557,0.056883465194695185
2021-12-15,14.975,15.508,14.151,15.196,6958757,2021-12-15 23:59:59.999,103905769.519,253448,3377455,50435943.035,0,2021-12-15,33.267625231910955,17.9049,2.4370110662121567,-1.1115665569013773,0.014825697876318822,0.014716871516885539
2021-12-16,15.196,15.371,14.337,14.405,6043979,2021-12-16 23:59:59.999,90231415.836,195426,2929403,43759338.507,0,2021-12-16,25.767907790718724,17.66205,2.5347011964453583,-1.2849838097554294,-0.05205317188733882,-0.053456866788887385
2021-12-17,14.406,15.084,13.649,14.969,7529757,2021-12-17 23:59:59.999,107967768.992,254810,3675022,52733801.494,0,2021-12-17,33.02814976769608,17.435650000000003,2.564225855784163,-0.9619472459635111,0.039153071850052124,0.03840602739660696
2021-12-18,14.97,16.094,14.663,15.565,9954823,2021-12-18 23:59:59.999,153632808.33,332265,4874721,75237898.782,0,2021-12-18,43.54799903761328,17.20785,2.5150096845054497,-0.6532181605984752,0.03981561894582142,0.039043407960472835
2021-12-19,15.559,15.961,14.813,14.952,6074887,2021-12-19 23:59:59.999,92938360.713,208755,2857484,43728047.662,0,2021-12-19,43.67058066591604,16.942100000000003,2.454836255660147,-0.8106854359069386,-0.039383231609379954,-0.04017973374030971
2021-12-20,14.96,15.174,13.961,14.506,6109220,2021-12-20 23:59:59.999,88319678.25,213418,2929958,42352162.963,0,2021-12-20,38.48567418049706,16.60385,2.287323724010065,-0.9171635732969688,-0.02982878544676293,-0.030282713212041023
2021-12-21,14.505,15.098,14.303,15.041,4203625,2021-12-21 23:59:59.999,62191705.249,146015,2003274,29647485.709,0,2021-12-21,41.61127572675583,16.307499999999997,2.065319842695014,-0.6132222108258809,0.0368812905004825,0.03621744873185556
2021-12-22,15.042,16.537,14.956,16.209,7047583,2021-12-22 23:59:59.999,109463451.627,244369,3383877,52616171.698,0,2021-12-22,39.57901715422226,15.99615,1.4789361138823758,0.1439210240402096,0.07765441127584594,0.07478683785696207
2021-12-23,16.21,18.25,15.908,18.171,12198233,2021-12-23 23:59:59.999,208892924.554,422524,5861246,100498634.806,0,2021-12-23,58.82147533828023,15.90785,1.269096747793989,1.7832761796403045,0.12104386451971116,0.11426027313688132
2021-12-24,18.174,18.28,17.221,17.505,6764425,2021-12-24 23:59:59.999,120659929.055,257445,3147940,56170088.718,0,2021-12-24,60.69176724914429,15.9244,1.288487460878153,1.2267096483211097,-0.036651807825656246,-0.03734036226029081
2021-12-25,17.505,17.843,17.076,17.465,4252597,2021-12-25 23:59:59.999,74332372.019,170986,2052679,35886503.418,0,2021-12-25,57.57225433526011,15.971350000000001,1.3280622716448773,1.1246837079032688,-0.0022850614110253575,-0.0022876761478336414
2021-12-26,17.472,18.8,16.701,18.659,6658322,2021-12-26 23:59:59.999,117599775.149,243287,3266048,57729920.748,0,2021-12-26,61.61422470147303,16.03955,1.4306720347622552,1.8309227666110723,0.06836530203263669,0.06612972515631664
2021-12-27,18.663,20.08,18.529,19.127,12519261,2021-12-27 23:59:59.999,242113635.603,394398,6090516,117830747.734,0,2021-12-27,74.67551768552462,16.1391,1.5731558593772237,1.8993032268162169,0.02508172999624847,0.02477234599328507
2021-12-28,19.127,19.94,17.7,18.395,13077562,2021-12-28 23:59:59.999,242902228.388,479643,6277606,116666854.047,0,2021-12-28,67.11013303991197,16.12265,1.5461928209223568,1.4696420583847136,-0.03827050765932971,-0.03902206085165929
2021-12-29,18.396,19.498,16.824,17.124,13778179,2021-12-29 23:59:59.999,253870655.496,475357,6538015,120593908.759,0,2021-12-29,58.72714104653269,16.17135,1.5623540361290345,0.6097529612176323,-0.06909486273443877,-0.07159790027403808
2021-12-30,17.125,17.902,16.707,17.779,7644317,2021-12-30 23:59:59.999,132152620.3,280079,3712805,64194492.616,0,2021-12-30,65.46287809349221,16.30375,1.5816325301802858,0.9327387821441935,0.03825040878299468,0.037536997251734976
2021-12-31,17.782,18.649,16.755,16.996,8818052,2021-12-31 23:59:59.999,158512095.346,336359,4347097,78174771.907,0,2021-12-31,59.10683799083475,16.3589,1.5857810926109552,0.40175784852563,-0.044040722200348825,-0.04503996328186957
2022-01-01,17.0,17.57,16.85,17.462,5185312,2022-01-01 23:59:59.999,89155717.679,198048,2377138,40892732.133,0,2022-01-01,58.62351122829349,16.432299999999998,1.6018945723894649,0.6428013539393236,0.02741821605083561,0.027049069136050888
2022-01-02,17.462,18.505,17.033,18.398,5381410,2022-01-02 23:59:59.999,94932273.527,196211,2652291,46802728.28,0,2022-01-02,65.21815933580639,16.6449,1.5642064037979242,1.120760019741281,0.05360210743328375,0.05221487166634965
2022-01-03,18.394,19.171,17.822,18.463,11802592,2022-01-03 23:59:59.999,219111526.393,370900,5792958,107596262.776,0,2022-01-03,68.08335618316424,16.819349999999996,1.562606064610062,1.0518645980106103,0.003532992716599681,0.0035267663586405922
2022-01-04,18.46,19.149,17.683,18.205,8683254,2022-01-04 23:59:59.999,160389477.848,311692,4141985,76535070.797,0,2022-01-04,64.83495873968491,16.9698,1.5428113982352434,0.8006163302999264,-0.013973893733412956,-0.014072447786209478
2022-01-05,18.208,19.864,16.222,17.098,14087152,2022-01-05 23:59:59.999,262795398.239,514490,6713635,125447800.274,0,2022-01-05,54.19220975195699,17.104449999999996,1.4197979276155632,-0.004542899996219645,-0.06080747047514412,-0.06273478402335474
2022-01-06,17.096,17.249,16.036,17.052,8987910,2022-01-06 23:59:59.999,150028665.661,327778,4398315,73466710.776,0,2022-01-06,43.559341544837125,17.208599999999997,1.3283618086707956,-0.11788956817171425,-0.002690373143057645,-0.0026939987010780333
2022-01-07,17.049,17.154,15.212,15.761,9824863,2022-01-07 23:59:59.999,156241862.818,359217,4725054,75135735.306,0,2022-01-07,40.63573883161512,17.218399999999995,1.3162658666003817,-1.1072231203291263,-0.07570959418250056,-0.07872896470955988
2022-01-08,15.762,16.195,14.509,14.92,5315536,2022-01-08 23:59:59.999,82055787.782,209809,2593224,40003997.015,0,2022-01-08,37.41718580045487,17.2168,1.3191820272619459,-1.7410789053631723,-0.05335955840365458,-0.054835939417789185
2022-01-09,14.915,16.282,14.806,15.806,6558876,2022-01-09 23:59:59.999,102851517.217,222737,3177849,49831512.967,0,2022-01-09,35.45130035696074,17.281799999999997,1.205731994310335,-1.2239867623684801,0.05938337801608573,0.05768702000716873
2022-01-10,15.806,16.44,14.612,15.107,11298410,2022-01-10 23:59:59.999,175494862.77,382390,5524588,85781194.034,0,2022-01-10,29.97210043842169,17.2851,1.199349731707013,-1.816067442563188,-0.04422371251423507,-0.04523140222119567
2022-01-11,15.107,16.314,14.973,15.961,7479126,2022-01-11 23:59:59.999,117443996.565,245969,3624881,56913514.154,0,2022-01-11,38.019295136837975,17.2727,1.2122734232135475,-1.0820166266805455,0.05653008539087856,0.05499003413883361
2022-01-12,15.958,16.598,15.944,16.277,5459614,2022-01-12 23:59:59.999,88903003.547,199510,2597218,42277872.516,0,2022-01-12,45.39823970444422,17.178,1.2123844274809454,-0.7431636200343397,0.019798258254495327,0.01960482170893982
2022-01-13,16.277,16.583,15.378,15.45,6084512,2022-01-13 23:59:59.999,97652871.904,226638,2905304,46637090.097,0,2022-01-13,37.57866666666668,17.07525,1.2689728077624007,-1.2807603047584837,-0.05080788843152928,-0.05214406506560683
2022-01-14,15.45,15.956,15.118,15.85,4217382,2022-01-14 23:59:59.999,65746458.648,162797,2008047,31303370.211,0,2022-01-14,43.627669039145914,16.9945,1.294003762297614,-0.8844641981317285,0.025889967637540368,0.02556049697953507
2022-01-15,15.85,16.713,15.689,16.468,4823483,2022-01-15 23:59:59.999,78679603.638,167682,2312828,37720761.353,0,2022-01-15,44.56474190726159,16.884949999999996,1.237167540667985,-0.3370198346578607,0.03899053627760263,0.038249603584368734
2022-01-16,16.464,18.189,16.267,17.842,8164100,2022-01-16 23:59:59.999,141731901.092,286926,4118156,71555943.048,0,2022-01-16,47.09872677937799,16.8207,1.1444990216354782,0.8923555028824508,0.08343453971338355,0.08013612458393349
2022-01-17,17.842,17.959,16.22,16.628,8132723,2022-01-17 23:59:59.999,138288744.749,292303,3975164,67588014.383,0,2022-01-17,41.450004659398004,16.73235,1.083130952620483,-0.09634107468495846,-0.06804169936105808,-0.07046720710120061
2022-01-18,16.634,17.706,15.618,15.967,12679270,2022-01-18 23:59:59.999,211669848.429,404522,6083050,101609217.118,0,2022-01-18,39.94970361056225,16.6745,1.0919735633961687,-0.6479094583568379,-0.03975222516237664,-0.04056392903282665
2022-01-19,15.962,16.234,15.072,15.107,6349982,2022-01-19 23:59:59.999,98893933.077,226704,2954733,46025258.984,0,2022-01-19,40.85606686874254,16.5409,1.112982616783107,-1.2883399779813751,-0.053861088495021026,-0.05536587979597645
2022-01-20,15.107,16.175,14.36,14.447,6757975,2022-01-20 23:59:59.999,104111370.525,229360,3227416,49751803.733,0,2022-01-20,38.674897834970864,16.41345,1.200620605966715,-1.6378612779318882,-0.04368835639107704,-0.04467143201434364
2022-01-21,14.447,14.674,12.303,12.634,12393265,2022-01-21 23:59:59.999,168851630.41,428155,5887930,80271749.595,0,2022-01-21,36.99575813025035,16.17205,1.4401683554721745,-2.4566919461579277,-0.12549318197549653,-0.1340951880707355
2022-01-22,12.633,13.067,10.345,11.133,17454770,2022-01-22 23:59:59.999,201181412.764,562425,8577804,98868102.397,0,2022-01-22,35.07056690057557,15.8088,1.7351743913564333,-2.6947147348946294,-0.1188063954408739,-0.1264779217299385
2022-01-23,11.139,11.912,10.814,11.412,9369170,2022-01-23 23:59:59.999,106398034.258,280844,4748929,53942402.763,0,2022-01-23,31.806889698575702,15.45625,1.8779470278662684,-2.1535484973690098,0.02506063055780139,0.024751762604683585
2022-01-24,11.412,11.421,9.524,10.679,15141285,2022-01-24 23:59:59.999,155739962.856,472195,7426165,76462400.901,0,2022-01-24,31.717588769611908,15.07995,2.044781199850286,-2.152284068497024,-0.06423063441990895,-0.06638623716184551
2022-01-25,10.677,10.93,10.31,10.58,7102925,2022-01-25 23:59:59.999,75447047.861,229837,3472688,36891639.246,0,2022-01-25,26.30559225011008,14.754050000000001,2.218276725060546,-1.8816633438220263,-0.00927053094859076,-0.009313769759254891
2022-01-26,10.58,11.763,10.344,10.582,8464309,2022-01-26 23:59:59.999,92570418.103,287772,4240106,46391609.454,0,2022-01-26,24.209763608368817,14.43055,2.334260425532776,-1.6487234919906586,0.0001890359168241762,0.00018901805178663845
2022-01-27,10.582,10.906,9.883,10.308,13473580,2022-01-27 23:59:59.999,139589187.473,360339,6782515,70252024.303,0,2022-01-27,25.486270022883303,14.157900000000001,2.484321614487227,-1.5496785832999465,-0.025893025893026,-0.026234151691821462
2022-01-28,10.31,10.735,9.839,10.654,7952936,2022-01-28 23:59:59.999,81671561.524,246934,4064478,41757843.454,0,2022-01-28,25.10063254744108,13.9446,2.5960679254753862,-1.2675323198245794,0.03356616220411324,0.0330151157046887
2022-01-29,10.652,11.233,10.56,11.148,7202591,2022-01-29 23:59:59.999,78837046.43,206802,3547184,38832561.444,0,2022-01-29,24.199806013579064,13.711700000000002,2.629019410950731,-0.9751544584727477,0.04636756147925669,0.04532470112489445
2022-01-30,11.149,11.437,10.634,10.78,6068876,2022-01-30 23:59:59.999,67123416.005,205991,2951918,32629595.387,0,2022-01-30,12.04858125537406,13.495349999999998,2.6855850538712707,-1.0110832260128282,-0.03301040545389311,-0.03356754413885071
2022-01-31,10.781,11.887,10.288,11.765,10644217,2022-01-31 23:59:59.999,119022726.577,311125,5359790,59926830.033,0,2022-01-31,23.206611570247958,13.28555,2.646440856677609,-0.5745641343781727,0.09137291280148441,0.08743645669847487
2022-02-01,11.765,11.87,10.991,11.103,8566077,2022-02-01 23:59:59.999,97526378.196,264485,4216308,48012962.063,0,2022-02-01,23.204054649625405,13.02685,2.5909312748605235,-0.7425322387617423,-0.05626859328516798,-0.0579136801071973
2022-02-02,11.103,11.365,10.38,10.505,8713499,2022-02-02 23:59:59.999,95111198.624,263817,4203978,45894958.603,0,2022-02-02,23.89380530973453,12.7796,2.58345945951259,-0.8804473364676442,-0.05385931730163007,-0.05536400777516475
2022-02-03,10.508,10.585,9.966,10.391,7718340,2022-02-03 23:59:59.999,79709300.229,243179,3684829,38060664.586,0,2022-02-03,25.47169811320758,12.506649999999999,2.5298118564322225,-0.8362874870005892,-0.01085197524988113,-0.01091128742645419
2022-02-04,10.392,11.199,10.321,11.171,9636136,2022-02-04 23:59:59.999,103623358.538,274386,4783678,51434363.747,0,2022-02-04,39.88942639944713,12.241800000000001,2.3651835268720944,-0.4527344232843159,0.0750649600615918,0.07238108771820168
2022-02-05,11.171,12.023,11.11,11.238,8866084,2022-02-05 23:59:59.999,102047354.099,250794,4286739,49349630.549,0,2022-02-05,50.90501637648681,11.911600000000002,1.9702057439977716,-0.3418932271678343,0.005997672544982624,0.005979758101295228
2022-02-06,11.238,11.722,10.989,11.665,7159034,2022-02-06 23:59:59.999,81230112.389,177843,3469240,39382976.261,0,2022-02-06,52.12640779963018,11.663450000000001,1.6276770168096004,0.0009522773768940409,0.0379960847125822,0.03729201278338672
2022-02-07,11.668,12.599,11.368,12.372,13397983,2022-02-07 23:59:59.999,161260646.772,335502,6359324,76578751.751,0,2022-02-07,64.291744048624,11.483699999999999,1.291115719057569,0.6880095927020411,0.0606086583797687,0.058842949349430046
2022-02-08,12.372,12.924,11.491,11.934,11717817,2022-02-08 23:59:59.999,141956558.179,331447,5693613,69024868.818,0,2022-02-08,60.81124241456403,11.32505,0.9798949178343167,0.6214441864295525,-0.035402521823472366,-0.036044385722933045
2022-02-09,11.936,12.643,11.6,12.321,9059150,2022-02-09 23:59:59.999,110461817.53,265208,4283488,52246388.547,0,2022-02-09,63.08108921317886,11.21875,0.6982322698279471,1.5786294154975213,0.03242835595776783,0.031913654542641175
2022-02-10,12.32,12.343,11.327,11.398,10931427,2022-02-10 23:59:59.999,129592637.354,336862,5288126,62686388.167,0,2022-02-10,57.46984649122807,11.15695,0.6162642525287898,0.3911471402257565,-0.07491275058842628,-0.07786722222972342
2022-02-11,11.398,11.658,10.374,10.634,7161040,2022-02-11 23:59:59.999,80073127.484,252605,3415660,38231109.022,0,2022-02-11,49.870365569095156,11.132,0.6272875610180887,-0.7938942694666933,-0.06702930338655899,-0.06938148633066102
2022-02-12,10.633,10.964,10.397,10.632,5835715,2022-02-12 23:59:59.999,62492208.706,191462,2901640,31080143.307,0,2022-02-12,46.42758238715037,11.093,0.6331826044071381,-0.7280680119625903,-0.00018807598269710013,-0.00018809367120262402
2022-02-13,10.632,10.849,10.235,10.325,4967885,2022-02-13 23:59:59.999,52430049.522,161788,2416067,25499135.775,0,2022-02-13,46.82306940371456,11.0753,0.6500868848794176,-1.154153417722266,-0.028875094055681005,-0.029300182563847796
2022-02-14,10.331,10.71,10.1,10.605,6025889,2022-02-14 23:59:59.999,62731402.82,186270,2960671,30824459.147,0,2022-02-14,41.01610904584883,11.076550000000001,0.6491076850874542,-0.7264588154374858,0.027118644067796627,0.026757449169549332
2022-02-15,10.604,11.525,10.603,11.469,6660535,2022-02-15 23:59:59.999,73424907.461,204630,3230930,35612365.906,0,2022-02-15,52.74857314508862,11.1209,0.6438197606535706,0.5406792727930977,0.08147100424328135,0.07832215536573955
2022-02-16,11.47,11.535,10.778,11.218,7019875,2022-02-16 23:59:59.999,78481458.389,205749,3324767,37170962.802,0,2022-02-16,55.648867057518615,11.1664,0.6148508933474298,0.08392278609058353,-0.021885081524108396,-0.022128112296240187
2022-02-17,11.22,11.376,10.215,10.398,7059710,2022-02-17 23:59:59.999,76111256.179,199605,3172034,34212565.379,0,2022-02-17,50.049878865612094,11.153599999999999,0.6285906876728911,-1.202054078779484,-0.0730968087003031,-0.07590615112462117
2022-02-18,10.401,10.691,10.042,10.158,7202364,2022-02-18 23:59:59.999,74799033.397,197423,3489471,36252266.669,0,2022-02-18,42.1800216149452,11.104099999999999,0.6668694261820972,-1.4187185119829662,-0.023081361800346256,-0.023351907582470802
2022-02-19,10.158,10.42,9.745,10.016,4802317,2022-02-19 23:59:59.999,48364425.668,131328,2311645,23284360.098,0,2022-02-19,40.674603174603185,11.0659,0.7070813918738981,-1.4848361335285145,-0.013979129749950747,-0.014077758021310522
2022-02-20,10.018,10.045,9.181,9.347,6190880,2022-02-20 23:59:59.999,58556567.004,168556,2863580,27084530.734,0,2022-02-20,32.94083014424493,10.945,0.7838118060898872,-2.0387546954309883,-0.0667931309904154,-0.0691283781572964
2022-02-21,9.348,9.754,8.498,8.522,9933436,2022-02-21 23:59:59.999,91789749.231,254345,4942824,45683600.288,0,2022-02-21,22.149884259259252,10.815949999999999,0.9510588268360243,-2.411995909476489,-0.08826361399379468,-0.09240438112272595
2022-02-22,8.518,8.966,8.127,8.858,9196605,2022-02-22 23:59:59.999,79237395.441,232829,4792931,41324782.481,0,2022-02-22,27.41556534508078,10.7336,1.0459695275814773,-1.7931688739889184,0.039427364468434645,0.038669950423286165
2022-02-23,8.856,9.476,8.701,8.733,8028232,2022-02-23 23:59:59.999,72839290.785,196420,3938551,35713593.389,0,2022-02-23,22.602321319486876,10.6507,1.136350812213588,-1.687595044935428,-0.014111537593136103,-0.014212052069410541
2022-02-24,8.735,9.045,7.503,8.808,18920626,2022-02-24 23:59:59.999,154063700.778,443509,9435599,76838564.673,0,2022-02-24,27.280701754385973,10.53255,1.2004431846077082,-1.4365944362152925,0.008588114050154472,0.00855144598878286
2022-02-25,8.81,9.426,8.445,9.236,8778265,2022-02-25 23:59:59.999,78446619.8,243095,4170835,37282682.391,0,2022-02-25,36.96868008948547,10.43245,1.2218018391735723,-0.9792504493275918,0.0485921889191645,0.047448492071870185
2022-02-26,9.237,9.546,8.931,9.052,5407527,2022-02-26 23:59:59.999,49648867.597,177730,2593623,23815996.962,0,2022-02-26,35.7554994590696,10.3018,1.2227722858959775,-1.0221036364789855,-0.01992204417496768,-0.020123163720958147
2022-02-27,9.053,10.148,8.637,9.765,28481566,2022-02-27 23:59:59.999,276616388.133,622565,14346244,139389118.438,0,2022-02-27,45.2956989247312,10.17145,1.125561215570864,-0.36110874679868527,0.07876712328767144,0.0758188365573515
2022-02-28,9.769,10.54,9.338,10.521,28894826,2022-02-28 23:59:59.999,284336274.778,640400,14251922,140322024.342,0,2022-02-28,49.34660858743,10.100800000000001,1.0509806748673924,0.3998170566295315,0.07741935483870965,0.07456869549750847
2022-03-01,10.521,10.829,10.007,10.354,11819948,2022-03-01 23:59:59.999,123046177.111,344445,5641854,58769968.284,0,2022-03-01,40.27220380387367,10.00245,0.9155962954889707,0.38395742941735655,-0.01587301587301604,-0.0160003413464413
2022-03-02,10.354,10.586,9.951,10.04,9420686,2022-03-02 23:59:59.999,96317836.803,281000,4640011,47447695.375,0,2022-03-02,39.83431135657577,9.93455,0.8550056001647691,0.1233325255175849,-0.030326443886420695,-0.03079580421612646
2022-03-03,10.041,10.117,9.414,9.545,7041518,2022-03-03 23:59:59.999,68966585.118,208280,3329863,32628476.893,0,2022-03-03,42.20149936002926,9.8801,0.8427049118276055,-0.3976480916353706,-0.04930278884462147,-0.05055965708587216
2022-03-04,9.548,9.558,8.647,8.797,7304936,2022-03-04 23:59:59.999,66567413.588,203777,3541167,32248229.419,0,2022-03-04,38.614689643633945,9.78835,0.8563161783860721,-1.1576915455088441,-0.07836563645887895,-0.08160670290717341
2022-03-05,8.796,9.137,8.648,9.015,5575515,2022-03-05 23:59:59.999,49746325.012,169811,2756629,24588504.694,0,2022-03-05,41.73137287295556,9.72285,0.8631808540736998,-0.8200483092962131,0.02478117540070479,0.024479102384743115
2022-03-06,9.015,9.074,8.43,8.473,6871570,2022-03-06 23:59:59.999,59657389.275,206865,3150973,27364711.306,0,2022-03-06,42.62571717853528,9.616249999999999,0.8799882699561618,-1.29916504461696,-0.060122018857459714,-0.06200521943895347
2022-03-07,8.473,8.792,8.093,8.294,8081919,2022-03-07 23:59:59.999,67919559.095,231800,3960243,33270374.241,0,2022-03-07,47.84090909090909,9.4575,0.8119125892784496,-1.4330360378252134,-0.021125929422872725,-0.02135227539213755
2022-03-08,8.296,8.878,8.24,8.81,7752978,2022-03-08 23:59:59.999,66793175.607,235870,3901971,33616468.746,0,2022-03-08,49.560439560439555,9.337100000000001,0.7091437312535358,-0.7432907840393078,0.06221364842054489,0.060355078123898495
2022-03-09,8.81,9.453,8.741,9.209,8493565,2022-03-09 23:59:59.999,78212723.688,263027,4057709,37385269.191,0,2022-03-09,54.15068015347052,9.27765,0.663920831914365,-0.10340088260531433,0.04528944381384781,0.04429382679114174
2022-03-10,9.209,9.292,8.483,8.673,6486659,2022-03-10 23:59:59.999,56806425.031,211677,3136429,27461313.918,0,2022-03-10,48.91041162227603,9.203399999999998,0.6429926249862387,-0.8248928205223972,-0.058203930937126724,-0.05996651503691127
2022-03-11,8.674,9.042,8.355,8.501,6511480,2022-03-11 23:59:59.999,56607534.575,209879,3187833,27710995.444,0,2022-03-11,43.812089577369925,9.12765,0.6313576244864783,-0.9925436483161069,-0.01983166147815063,-0.020030948067096946
2022-03-12,8.501,8.875,8.424,8.457,4486821,2022-03-12 23:59:59.999,38825676.053,161859,2206260,19097551.397,0,2022-03-12,44.86980513881705,9.08315,0.6462722479096985,-0.9688641312159345,-0.005175861663333614,-0.005189302835136505
2022-03-13,8.458,8.756,8.106,8.194,5270560,2022-03-13 23:59:59.999,44760745.377,159088,2576134,21884827.404,0,2022-03-13,35.31501215180407,9.06675,0.665147698277244,-1.312114590880271,-0.031098498285443976,-0.03159232167540582
2022-03-14,8.191,8.577,8.091,8.474,6300094,2022-03-14 23:59:59.999,52892189.348,161568,3112394,26124201.089,0,2022-03-14,28.996511389287903,9.04755,0.6769284713028068,-0.8472830207542505,0.0341713448865022,0.033600473079688026
2022-03-15,8.475,8.793,8.121,8.709,6942250,2022-03-15 23:59:59.999,58724303.235,187335,3337031,28218095.795,0,2022-03-15,33.35357215138636,9.04635,0.6775364255093106,-0.49790680958062367,0.027731885768232267,0.027354321506235083
2022-03-16,8.71,9.227,8.505,9.082,8855837,2022-03-16 23:59:59.999,78215326.934,269479,4300023,37983694.874,0,2022-03-16,40.42000000000001,9.06005,0.6752295106868937,0.03250746546558841,0.042829257090366335,0.041937458965156896
2022-03-17,9.083,9.4,9.022,9.222,6421352,2022-03-17 23:59:59.999,59077565.395,158987,3142040,28914171.994,0,2022-03-17,46.52314316469321,9.05935,0.6750447373068097,0.24094699360062474,0.0154151068046684,0.015297501108754252
2022-03-18,9.222,9.757,9.0,9.627,7916676,2022-03-18 23:59:59.999,74055294.388,231760,3872809,36216985.732,0,2022-03-18,59.64667596466761,9.0881,0.686856447115823,0.784588981093347,0.043916720884840776,0.04297971701131587
2022-03-19,9.622,9.95,9.545,9.727,8293665,2022-03-19 23:59:59.999,80709114.157,224554,4042578,39349177.318,0,2022-03-19,58.50860420650096,9.086200000000002,0.6849353100436355,0.9355628051343636,0.010387451958034699,0.01033387309147378
2022-03-20,9.728,9.781,9.127,9.321,6487465,2022-03-20 23:59:59.999,61122983.532,201226,3141033,29586850.416,0,2022-03-20,60.47430830039524,9.0262,0.5999153975417869,0.4914026231164807,-0.04173948802302874,-0.042635604808283295
2022-03-21,9.322,9.608,9.167,9.341,7517778,2022-03-21 23:59:59.999,70678271.09,204504,3582462,33679745.59,0,2022-03-21,63.46104397017228,8.97555,0.5192509255469815,0.7038023083252714,0.0021456925222615997,0.0021433938116916557
2022-03-22,9.341,10.16,9.265,9.747,9218351,2022-03-22 23:59:59.999,91050251.654,256874,4479354,44266372.942,0,2022-03-22,62.39745964540884,8.9609,0.4910031514501984,1.6010080539772913,0.04346429718445566,0.04254623246436132
2022-03-23,9.747,10.25,9.636,10.002,7069101,2022-03-23 23:59:59.999,69909666.26,212092,3339096,33033319.044,0,2022-03-23,60.907840440165074,8.98375,0.5287956400581951,1.9256021095180351,0.026161895967990123,0.025825527641638982
2022-03-24,10.002,10.793,9.954,10.78,8848236,2022-03-24 23:59:59.999,91655767.178,266717,4434519,45949874.912,0,2022-03-24,77.17307196285788,9.0829,0.6612546209149793,2.5664849005542196,0.07778444311137767,0.0749074924841391
2022-03-25,10.777,11.145,10.411,10.571,10372402,2022-03-25 23:59:59.999,112131266.132,287871,4986953,53917025.735,0,2022-03-25,76.44353602452736,9.160700000000002,0.7397250627214591,1.9065191529559424,-0.019387755102040827,-0.01957816269432512
2022-03-26,10.57,10.744,10.344,10.623,4509884,2022-03-26 23:59:59.999,47579020.358,159654,2161145,22809973.346,0,2022-03-26,77.61346251912289,9.2682,0.7891012609274108,1.7168899190551752,0.004919118342635365,0.004907059011350242
2022-03-27,10.623,11.431,10.46,11.4,8212725,2022-03-27 23:59:59.999,89487059.155,236065,3987480,43475883.935,0,2022-03-27,86.1361587015329,9.4235,0.8868655330327498,2.228635487999072,0.07314317989268582,0.07059189360257354
2022-03-28,11.4,11.573,10.717,10.902,10091115,2022-03-28 23:59:59.999,114626459.84,275424,4706871,53474412.135,0,2022-03-28,76.08508809626126,9.528099999999998,0.9328743301145884,1.4727600016941613,-0.04368421052631588,-0.04466709675836074
2022-03-29,10.901,11.719,10.873,11.244,9585048,2022-03-29 23:59:59.999,108136377.121,279230,4554583,51376980.057,0,2022-03-29,76.62255828607434,9.629850000000001,1.0044706002862347,1.6069658977973365,0.031370390753990174,0.03088839440219639
2022-03-30,11.24,11.849,10.8,11.724,10254061,2022-03-30 23:59:59.999,117724709.002,298777,4858098,55801397.849,0,2022-03-30,77.1364009860312,9.7824,1.080320001323897,1.797245258461041,0.042689434364994616,0.04180336980436051
2022-03-31,11.724,12.495,11.049,11.287,13664572,2022-03-31 23:59:59.999,161637762.54,375105,6269334,74170066.897,0,2022-03-31,69.99031945788964,9.9217,1.085998938643206,1.2571835490978842,-0.03727396792903437,-0.03798640187515664
2022-04-01,11.289,12.093,10.86,11.578,8730303,2022-04-01 23:59:59.999,99905639.132,280805,4101547,46978944.277,0,2022-04-01,69.31300732528211,10.07775,1.0886841828543992,1.378039677279525,0.025781872951182727,0.025455124683323564
2022-04-02,11.579,12.026,11.418,11.647,9153135,2022-04-02 23:59:59.999,107614403.189,302075,4266878,50173219.401,0,2022-04-02,69.12350597609561,10.250399999999999,1.0472345235742557,1.333607676753576,0.005959578510969177,0.005941890463702027
2022-04-03,11.644,12.046,11.457,11.872,7090112,2022-04-03 23:59:59.999,83817329.85,255161,3301783,39041046.506,0,2022-04-03,76.35875180822484,10.420300000000001,1.0191320404083453,1.4244474145061052,0.019318279385249326,0.019134050304509733
2022-04-04,11.872,12.173,11.04,11.545,10158691,2022-04-04 23:59:59.999,118494577.72,329476,4759193,55548437.581,0,2022-04-04,71.41469102215314,10.5621,0.96431676931202,1.019270877868523,-0.027543800539083563,-0.02793024361856596
2022-04-05,11.546,11.898,11.028,11.1,6814759,2022-04-05 23:59:59.999,78387112.044,227425,3353918,38569382.799,0,2022-04-05,63.04725168756027,10.663,0.9050517286743267,0.4828453293383512,-0.03854482459939368,-0.03930733448817023
2022-04-06,11.109,11.109,9.9,9.945,10253905,2022-04-06 23:59:59.999,107946755.98,328693,4892952,51524112.449,0,2022-04-06,49.531635168447,10.69915,0.8576639186568747,-0.8793071313773102,-0.10405405405405399,-0.10987519601235286
2022-04-07,9.946,10.543,9.804,10.429,6713714,2022-04-07 23:59:59.999,67882168.995,249282,3346673,33840805.22,0,2022-04-07,46.969435330685556,10.73925,0.8229432336357867,-0.37700048717735557,0.04866767219708401,0.04752047483314034
2022-04-08,10.428,10.542,9.608,9.733,7146496,2022-04-08 23:59:59.999,72217490.162,257084,3372624,34066455.751,0,2022-04-08,43.325899968142735,10.73955,0.8225558035765423,-1.2236859744025077,-0.06673698341164058,-0.06906821369471922
2022-04-09,9.733,10.085,9.707,10.047,5008486,2022-04-09 23:59:59.999,49567669.851,159963,2485547,24592767.72,0,2022-04-09,45.59633027522937,10.77585,0.771067290051219,-0.9452482415011858,0.03226137881434288,0.03175190903582059
2022-04-10,10.048,10.316,9.819,9.882,5173517,2022-04-10 23:59:59.999,52075297.016,179513,2520952,25361528.074,0,2022-04-10,37.19635627530364,10.802900000000001,0.72626984255715,-1.2679860102101597,-0.016422812779934404,-0.016559162056619052
2022-04-11,9.88,9.883,8.89,8.979,8287013,2022-04-11 23:59:59.999,77680437.937,262267,3965423,37169154.368,0,2022-04-11,34.81762198010422,10.7645,0.8014488524886351,-2.227840235163753,-0.09137826350941114,-0.0958264028848868
2022-04-12,8.978,9.491,8.923,9.316,5192252,2022-04-12 23:59:59.999,48013132.471,188593,2555261,23622640.065,0,2022-04-12,34.76611883691531,10.7302,0.849064537871612,-1.6655977689811867,0.03753201915580817,0.036844834483423156
2022-04-13,9.317,9.728,9.259,9.651,7492815,2022-04-13 23:59:59.999,71155667.846,201289,3768741,35799661.378,0,2022-04-13,33.23629306162057,10.673750000000002,0.8824535696732266,-1.1589844895507957,0.03595963933018442,0.03532818490290423
2022-04-14,9.651,9.755,9.309,9.471,4726779,2022-04-14 23:59:59.999,45146390.044,160705,2271949,21707866.811,0,2022-04-14,34.67769152885589,10.61875,0.9225625567136704,-1.2440890773721482,-0.018650917003419254,-0.01882703868103461
2022-04-15,9.473,9.953,9.437,9.761,5518368,2022-04-15 23:59:59.999,53455076.377,179598,2657547,25748754.616,0,2022-04-15,34.66666666666667,10.57565,0.9422782176571366,-0.8645535731745251,0.030619786717347663,0.030160355948863727
2022-04-16,9.765,9.817,9.489,9.664,2666036,2022-04-16 23:59:59.999,25760661.503,93084,1273224,12303685.866,0,2022-04-16,33.34453216865445,10.48885,0.9423024587050713,-0.8753558821586044,-0.009937506403032481,-0.009987213000368918
2022-04-17,9.664,9.71,9.181,9.23,3931132,2022-04-17 23:59:59.999,37527313.145,107424,1763746,16835608.662,0,2022-04-17,28.562155144433632,10.40525,0.9772403612630873,-1.2026212246094548,-0.04490894039735094,-0.04594859267769828
2022-04-18,9.229,9.4,8.84,9.384,5566910,2022-04-18 23:59:59.999,50714245.228,154853,2632541,23986825.877,0,2022-04-18,31.958590749707795,10.31225,0.981712943089253,-0.9455411650975939,0.016684723726977158,0.01654706283641346
2022-04-19,9.383,9.62,9.193,9.541,4796210,2022-04-19 23:59:59.999,45136735.129,128290,2344413,22065174.285,0,2022-04-19,36.32696018242414,10.203100000000001,0.9368187995312974,-0.7067535368966312,0.016730605285592448,0.01659219041853448
2022-04-20,9.539,9.698,9.101,9.319,6895756,2022-04-20 23:59:59.999,64709807.977,191153,3340734,31328949.665,0,2022-04-20,43.435402684563755,10.104700000000001,0.9201859709047852,-0.8538491401118083,-0.023268001257729765,-0.023542974966190396
2022-04-21,9.316,9.72,8.6,8.854,9087422,2022-04-21 23:59:59.999,84318040.913,247212,4221986,39207834.347,0,2022-04-21,33.417561591914065,9.9685,0.8917968555541538,-1.2497240745567129,-0.049898057731516454,-0.05118599249356936
2022-04-22,8.853,9.139,8.726,8.902,6860610,2022-04-22 23:59:59.999,61392723.526,206048,3347990,29961418.153,0,2022-04-22,39.86832479882954,9.83125,0.8288876423747173,-1.1210807743951297,0.0054212785181839696,0.005406636283713394
2022-04-23,8.902,9.217,8.827,8.907,5302346,2022-04-23 23:59:59.999,47980007.766,139007,2506974,22688944.78,0,2022-04-23,34.96835443037975,9.683,0.6997765056730756,-1.1089254836493962,0.0005616715344867185,0.0005615138560699482
2022-04-24,8.905,9.158,8.669,8.703,5820807,2022-04-24 23:59:59.999,51793509.246,152959,2879237,25621058.65,0,2022-04-24,34.612372748629596,9.5409,0.580089094788031,-1.4444332905554385,-0.022903334456045865,-0.023169690642355845
2022-04-25,8.704,8.775,8.146,8.73,8802565,2022-04-25 23:59:59.999,74557841.45,236798,4248903,36014806.033,0,2022-04-25,45.786802030456876,9.4224,0.4779057823874349,-1.4488211390559727,0.0031023784901760276,0.0030975760441344057
2022-04-26,8.731,8.814,7.9,7.999,6887136,2022-04-26 23:59:59.999,57881946.933,215017,3310546,27854023.777,0,2022-04-26,30.337414153478633,9.3251,0.5573950597456029,-2.379102535650815,-0.08373424971363119,-0.08744883598482606
2022-04-27,8.0,8.403,7.976,8.229,5239602,2022-04-27 23:59:59.999,43096283.586,157712,2606762,21440360.217,0,2022-04-27,28.08261405672009,9.2151,0.5450222496639805,-1.8092839340191251,0.028753594199274923,0.02834796675689106
2022-04-28,8.229,8.351,8.018,8.167,5988816,2022-04-28 23:59:59.999,49112857.547,164896,2868583,23532467.322,0,2022-04-28,29.14267434420985,9.1368,0.5781827793293257,-1.6773242557049823,-0.007534329809211204,-0.007562856247437117
2022-04-29,8.168,8.224,7.5,7.619,7534445,2022-04-29 23:59:59.999,59424184.384,196360,3582784,28278044.939,0,2022-04-29,18.35106382978725,9.0154,0.6296241485348435,-2.2178310715201595,-0.06709930206930326,-0.069456516885266
2022-04-30,7.619,7.79,6.301,6.748,10083432,2022-04-30 23:59:59.999,72666010.599,242365,4565730,33003407.891,0,2022-04-30,14.935064935064958,8.858699999999999,0.775653008419894,-2.721191018519697,-0.11431946449665309,-0.1213989628071507
2022-05-01,6.748,7.235,6.564,7.111,9380495,2022-05-01 23:59:59.999,64789431.98,235793,4816170,33287251.359,0,2022-05-01,24.07633961340838,8.7653,0.8674410703462502,-1.9071036137817006,0.05379371665678723,0.05239671621765905
2022-05-02,7.109,7.188,6.636,6.927,7725723,2022-05-02 23:59:59.999,53240559.305,186764,3720938,25649469.224,0,2022-05-02,20.160310905999523,8.64585,0.948331958034048,-1.8124982348620668,-0.02587540430319224,-0.026216061860912895
2022-05-03,6.927,7.129,6.687,6.851,6636796,2022-05-03 23:59:59.999,46081797.043,159936,3309515,22977175.916,0,2022-05-03,16.6749256689792,8.505849999999999,0.9975363481029464,-1.658937043394049,-0.010971560560126936,-0.011032192019705882
2022-05-04,6.85,7.969,6.818,7.933,14455792,2022-05-04 23:59:59.999,106920984.396,296337,7240719,53543268.154,0,2022-05-04,35.845588235294116,8.428949999999999,0.9783139887190575,-0.5069435842876624,0.15793314844548245,0.14663664729910392
2022-05-05,7.933,8.104,6.95,7.343,16226486,2022-05-05 23:59:59.999,121931167.032,339630,7975418,59914057.718,0,2022-05-05,34.95319657438759,8.30805,0.954145000288742,-1.0114290801795929,-0.07437287280978189,-0.07728379585039241
2022-05-06,7.343,7.683,6.852,7.583,15452255,2022-05-06 23:59:59.999,113009126.485,338150,7593266,55546774.193,0,2022-05-06,37.3489353539229,8.204,0.9109864520323627,-0.6816786337651698,0.03268418902355985,0.03216142124932505
2022-05-07,7.582,7.646,6.963,7.168,14571619,2022-05-07 23:59:59.999,108011753.518,315971,7047962,52262839.365,0,2022-05-07,34.53672416859328,8.1009,0.9054239425741376,-1.0303460689892368,-0.05472768033759723,-0.0562822240461691
2022-05-08,7.166,7.336,6.847,7.092,11583991,2022-05-08 23:59:59.999,82338206.088,262676,5611043,39905446.752,0,2022-05-08,35.34121929026388,7.9863,0.8791421716035122,-1.0172416122057266,-0.010602678571428603,-0.010659287460667922
2022-05-09,7.093,7.217,5.874,5.937,25879222,2022-05-09 23:59:59.999,170163495.868,545625,12722658,83726596.983,0,2022-05-09,28.914389249584772,7.806100000000001,0.9124295445025785,-2.0484869338804255,-0.16285956006768176,-0.17776343292342292
2022-05-10,5.94,6.651,5.735,6.066,23637607,2022-05-10 23:59:59.999,147599093.25,556666,11838298,73960041.103,0,2022-05-10,33.94784919448597,7.643449999999999,0.9184657386940678,-1.7174837705355415,0.021728145528044474,0.021495453977851006
2022-05-11,6.067,6.215,4.642,4.909,34266964,2022-05-11 23:59:59.999,186714255.2065,804851,16896980,92126646.18,0,2022-05-11,26.10823258491652,7.4462,1.0578439144624945,-2.3984634834234386,-0.1907352456313881,-0.21162915419047398
2022-05-12,4.909,5.189,3.703,4.665,34354059,2022-05-12 23:59:59.999,154240240.051,724666,16940791,76244675.901,0,2022-05-12,25.44179523141655,7.234349999999999,1.1693397270961499,-2.197265636720074,-0.04970462415970667,-0.0509824207766083
2022-05-13,4.666,5.463,4.598,5.127,13631829,2022-05-13 23:59:59.999,70275907.462,301713,6982935,35989302.197,0,2022-05-13,32.311186825667235,7.045350000000001,1.1900574632286962,-1.6119809835025984,0.09903536977491956,0.09443285850225633
2022-05-14,5.127,5.381,4.711,5.17,8145421,2022-05-14 23:59:59.999,40927428.024,190191,3995661,20087254.927,0,2022-05-14,37.3069498069498,6.8687,1.1932602001491437,-1.423578863845188,0.008386970938170535,0.008351995718774298
2022-05-15,5.17,5.472,4.974,5.452,8594196,2022-05-15 23:59:59.999,44949849.421,168315,4343161,22726343.304,0,2022-05-15,36.479217603911984,6.7048000000000005,1.1484283356405192,-1.090882174464347,0.05454545454545445,0.05310982531394833
2022-05-16,5.452,5.452,4.889,5.054,9980150,2022-05-16 23:59:59.999,50689656.577,207834,4732708,24049355.808,0,2022-05-16,35.24964561348244,6.557550000000001,1.1624701682632672,-1.2934095351851544,-0.07300073367571525,-0.0758025048682836
2022-05-17,5.052,5.506,5.027,5.466,9546476,2022-05-17 23:59:59.999,50232039.283,178603,4831877,25446009.725,0,2022-05-17,39.64098728496634,6.4194,1.1166545147268696,-0.8538003361166717,0.08151958844479612,0.07836707853987371
2022-05-18,5.466,5.549,4.859,4.889,9317393,2022-05-18 23:59:59.999,47968823.901,193100,4578563,23563231.103,0,2022-05-18,25.372168284789637,6.2555,1.0868153138010639,-1.2573433431120482,-0.10556165386022687,-0.11155930390936777
2022-05-19,4.89,5.227,4.714,5.193,10029282,2022-05-19 23:59:59.999,49773489.514,201703,5135043,25497539.814,0,2022-05-19,31.761112996267386,6.1342,1.0617186464441613,-0.8864872093489229,0.06218040499079547,0.060323781265673206
2022-05-20,5.191,5.524,4.918,5.09,14423208,2022-05-20 23:59:59.999,75418024.187,256983,7220033,37810165.962,0,2022-05-20,28.348097967691487,6.0512999999999995,1.0759044713986596,-0.8934808113124802,-0.01983439245137686,-0.020033734299750524
2022-05-21,5.092,5.369,4.97,5.226,8243637,2022-05-21 23:59:59.999,42788631.637,152276,3987899,20707599.175,0,2022-05-21,32.27455275648046,5.957050000000001,1.0606436216288342,-0.6892513046722749,0.026719056974459754,0.026368336535989398
2022-05-22,5.227,5.547,5.118,5.481,8079928,2022-05-22 23:59:59.999,43058672.563,134602,4051337,21603609.996,0,2022-05-22,35.76100406575924,5.8847499999999995,1.0401317667016607,-0.38817197294177685,0.04879448909299655,0.04764139896555861
2022-05-23,5.48,5.983,5.359,5.626,17866527,2022-05-23 23:59:59.999,102295101.918,268323,8744411,50069935.377,0,2022-05-23,46.653755110824186,5.8235,1.0160265485532676,-0.19438468441717632,0.02645502645502651,0.026111144003685804
2022-05-24,5.626,5.82,5.27,5.597,15196678,2022-05-24 23:59:59.999,84466945.989,245418,7409901,41199758.283,0,2022-05-24,44.842753463822305,5.7067,0.8868144112477115,-0.12370119227726108,-0.005154639175257714,-0.005167970158442561
2022-05-25,5.596,5.792,5.368,5.617,14678649,2022-05-25 23:59:59.999,81795402.31,225127,7101832,39589776.056,0,2022-05-25,60.38123167155426,5.6204,0.7988139497482505,-0.004256310247300506,0.0035733428622475305,0.003566973641073038
2022-05-26,5.617,5.773,4.763,4.944,21410376,2022-05-26 23:59:59.999,111503602.645,318547,10332347,53771664.54,0,2022-05-26,53.633758791351916,5.48845,0.6641762983272944,-0.81973717124682,-0.11981484778351437,-0.12762299339490607
2022-05-27,4.942,5.085,4.588,4.696,23713442,2022-05-27 23:59:59.999,114295828.828,375535,11996463,57838495.116,0,2022-05-27,44.0551724137931,5.36485,0.5564465524972212,-1.202002235431839,-0.05016181229773464,-0.05146363762959434
2022-05-28,4.697,5.028,4.601,4.976,10941038,2022-05-28 23:59:59.999,52756605.391,174358,5386271,25968070.878,0,2022-05-28,47.4883480062144,5.25905,0.3857533265493898,-0.7337590644568558,0.059625212947189254,0.05791527291108314
2022-05-29,4.977,5.031,4.764,4.942,10138976,2022-05-29 23:59:59.999,49463913.831,147648,4869773,23759295.783,0,2022-05-29,42.94410625345878,5.209300000000001,0.35679200781218295,-0.7491759740893875,-0.006832797427652748,-0.006856247870460005
2022-05-30,4.939,5.705,4.883,5.652,14571511,2022-05-30 23:59:59.999,77902862.576,235233,7253232,38795526.64,0,2022-05-30,57.615894039735096,5.188599999999999,0.31390484645529,1.476243534411323,0.14366653176851485,0.13423935725586275
2022-05-31,5.653,5.881,5.539,5.69,12796958,2022-05-31 23:59:59.999,72925403.432,249450,6162509,35129365.907,0,2022-05-31,53.153153153153156,5.227650000000001,0.32565048667279894,1.4197737111461812,0.006723283793347523,0.006700783315958581
2022-06-01,5.691,5.817,5.089,5.133,14116875,2022-06-01 23:59:59.999,77873982.939,251565,6725188,37126557.198,0,2022-06-01,53.454133635334074,5.25105,0.2988001400280143,-0.3950801361369252,-0.09789103690685419,-0.10301996456007351
2022-06-02,5.133,5.337,5.038,5.294,8788962,2022-06-02 23:59:59.999,45644347.473,180297,4396732,22839534.344,0,2022-06-02,51.49011507819416,5.2594,0.29748160490979886,0.11630971269800218,0.03136567309565552,0.03088382022674337
2022-06-03,5.293,5.335,4.956,5.073,7849619,2022-06-03 23:59:59.999,40188902.074,161440,3821101,19566452.337,0,2022-06-03,49.757627601938985,5.25455,0.29979755888322446,-0.6055753111409291,-0.04174537211938023,-0.04264174522035638
2022-06-04,5.071,5.174,4.931,5.129,5754069,2022-06-04 23:59:59.999,29098876.833,121949,2895884,14643554.719,0,2022-06-04,48.58476801867522,5.2384,0.29729064282674256,-0.3679900549838625,0.011038833037650075,0.010978349822578231
2022-06-05,5.129,5.225,4.91,5.084,7928079,2022-06-05 23:59:59.999,40103136.64,135163,3928446,19864323.377,0,2022-06-05,43.82965495803543,5.2399000000000004,0.2963855774542081,-0.5260040024183954,-0.008773640085786738,-0.008812355079923817
2022-06-06,5.085,5.417,5.082,5.37,11793606,2022-06-06 23:59:59.999,62542629.323,178488,5950625,31572508.269,0,2022-06-06,46.188207266229895,5.2351,0.29329236356043026,0.4599506047903122,0.056254917387883685,0.05472955519356582
2022-06-07,5.369,5.42,4.931,5.213,13636277,2022-06-07 23:59:59.999,70143340.204,253058,6712186,34526279.265,0,2022-06-07,44.49225473321859,5.2513,0.2818960427957777,-0.13586568871329052,-0.029236499068901356,-0.029672402734804502
2022-06-08,5.215,5.326,5.023,5.08,8891351,2022-06-08 23:59:59.999,45778921.918,167898,4379110,22556128.246,0,2022-06-08,42.53959433175882,5.2456499999999995,0.2842486448548395,-0.5827644317692131,-0.0255131402263572,-0.02584424419557836
2022-06-09,5.081,5.361,5.02,5.199,7061840,2022-06-09 23:59:59.999,36673711.547,140433,3541086,18380432.414,0,2022-06-09,54.1871921182266,5.251099999999999,0.28214440124596696,-0.18465721726152487,0.02342519685039357,0.023155037811188068
2022-06-10,5.199,5.227,4.755,4.807,9783052,2022-06-10 23:59:59.999,48828025.929,178532,4890149,24414476.624,0,2022-06-10,51.740357478833495,5.23015,0.2991497204740543,-1.4145090937388995,-0.07539911521446419,-0.07839311048975493
2022-06-11,4.808,4.961,4.324,4.386,11379717,2022-06-11 23:59:59.999,52819313.611,206833,5569921,25867241.793,0,2022-06-11,41.14114114114114,5.175400000000001,0.3471714880312048,-2.273804235701081,-0.08758061160807162,-0.09165553891612725
2022-06-12,4.387,4.468,4.033,4.055,13621065,2022-06-12 23:59:59.999,57747021.816,229748,6828249,28976495.029,0,2022-06-12,37.77226357871518,5.09685,0.4116006335945951,-2.531215734293955,-0.07546739626082999,-0.07846696242832028
2022-06-13,4.053,4.131,3.442,3.663,27300674,2022-06-13 23:59:59.999,101248781.261,458130,13616151,50525299.536,0,2022-06-13,19.94560290117859,5.00015,0.5045917865454611,-2.6499638631742366,-0.09667077681874225,-0.10166820377069888
2022-06-14,3.663,3.928,3.352,3.86,20829365,2022-06-14 23:59:59.999,76662435.529,324852,10375531,38252973.63,0,2022-06-14,23.615916955017283,4.9123,0.5430290386697558,-1.9378337530121637,0.05378105378105391,0.0523846996800623
2022-06-15,3.86,4.433,3.384,4.42,35159549,2022-06-15 23:59:59.999,135474286.305,493625,17364490,66926492.897,0,2022-06-15,39.729184673004895,4.8861,0.5539502067654067,-0.8414113656922767,0.14507772020725396,0.13547251261286733
2022-06-16,4.42,4.464,3.752,3.834,24819335,2022-06-16 23:59:59.999,100536150.198,353968,11816381,47818666.287,0,2022-06-16,31.26283367556468,4.843,0.6010508341726515,-1.6787265612714635,-0.13257918552036196,-0.14223105146615397
2022-06-17,3.834,4.017,3.791,3.933,12193532,2022-06-17 23:59:59.999,47710667.85,200252,6299327,24650119.582,0,2022-06-17,34.89666136724959,4.79085,0.6332871033422608,-1.3545988785695733,0.025821596244131495,0.025493848826219766
2022-06-18,3.933,4.085,3.321,3.638,18792407,2022-06-18 23:59:59.999,69085813.427,306058,9187162,33821961.756,0,2022-06-18,31.4228756541241,4.72565,0.6821480989813216,-1.5944484806513868,-0.07500635647088738,-0.077968413353742
2022-06-19,3.638,4.262,3.491,4.189,18079015,2022-06-19 23:59:59.999,69707536.517,284270,9192350,35391467.48,0,2022-06-19,40.09736667404293,4.652500000000001,0.655504827551879,-0.7070886140244599,0.15145684442001106,0.14102796186896738
2022-06-20,4.189,4.392,3.984,4.295,14905648,2022-06-20 23:59:59.999,62073181.734,259585,7362261,30674703.378,0,2022-06-20,37.61235307674579,4.58275,0.6120777276892866,-0.4701200304842207,0.02530436858438767,0.024989513471320862
2022-06-21,4.294,5.241,4.213,4.777,22954652,2022-06-21 23:59:59.999,109502110.16,366274,11283893,53911565.3,0,2022-06-21,45.325900514579764,4.56495,0.6002966350034251,0.35324202675030925,0.1122235157159488,0.10636117897160612
2022-06-22,4.777,5.36,4.565,4.979,38987236,2022-06-22 23:59:59.999,194919379.64,597281,19661737,98378529.841,0,2022-06-22,48.9330234523558,4.549200000000001,0.5840749411150405,0.7358644751638901,0.04228595352731834,0.04141633325222083
2022-06-23,4.98,5.669,4.954,5.615,29064180,2022-06-23 23:59:59.999,155738825.401,466906,14857852,79662572.227,0,2022-06-23,53.96190476190476,4.5763,0.6210603072645967,1.6724623806259,0.1277364932717413,0.12021252053036081
2022-06-24,5.615,5.797,5.35,5.468,16917215,2022-06-24 23:59:59.999,93988704.381,320210,8351104,46427980.374,0,2022-06-24,56.6033966033966,4.59325,0.6412367881036558,1.3641606598818479,-0.026179875333927072,-0.02652866932870347
2022-06-25,5.467,5.764,5.23,5.617,13550358,2022-06-25 23:59:59.999,74047765.131,256895,6832566,37357720.142,0,2022-06-25,63.00443693217832,4.6198999999999995,0.6729953389974065,1.4815852981766982,0.02724945135332857,0.026884794688592648
2022-06-26,5.616,6.086,5.467,5.587,14572739,2022-06-26 23:59:59.999,83190603.8,262967,7580581,43285731.545,0,2022-06-26,67.28339350180505,4.63075,0.6873216419334769,1.3912700279741104,-0.005340929321702048,-0.005355243073284019
2022-06-27,5.587,5.934,5.263,5.331,14899511,2022-06-27 23:59:59.999,83484912.789,271935,7365393,41297145.054,0,2022-06-27,69.41340782122906,4.63665,0.6930652186950867,1.001853766817692,-0.04582065509217814,-0.04690363263638761
2022-06-28,5.332,5.491,4.851,4.912,13274470,2022-06-28 23:59:59.999,69073034.343,254852,6436987,33517683.723,0,2022-06-28,61.642319610447096,4.6282499999999995,0.6884114341206318,0.41218083537856853,-0.07859688613768534,-0.08185764699578274
2022-06-29,4.912,5.263,4.775,5.116,17320833,2022-06-29 23:59:59.999,86712203.084,310265,8721418,43677369.607,0,2022-06-29,58.36136472849591,4.6241,0.6850315321183729,0.71806913541463,0.041530944625407074,0.04069169287175483
2022-06-30,5.118,5.142,4.588,5.001,20444831,2022-06-30 23:59:59.999,98862748.252,354843,10326345,49954762.489,0,2022-06-30,65.80872392305608,4.6338,0.6891190104203793,0.5328542594928553,-0.02247849882720865,-0.022734991279829503
2022-07-01,4.999,5.13,4.743,4.858,12215615,2022-07-01 23:59:59.999,60046224.225,248781,6027031,29621344.178,0,2022-07-01,62.382864792503334,4.6574,0.688267726364055,0.2914563509460467,-0.028594281143771383,-0.02901106185678603
2022-07-02,4.859,5.081,4.713,4.915,12158703,2022-07-02 23:59:59.999,59391838.477,217170,5954820,29108882.164,0,2022-07-02,68.25850729196455,4.7004,0.6753957436368503,0.31773963934748595,0.011733223548785698,0.011664923019149308
2022-07-03,4.915,4.953,4.72,4.916,9198640,2022-07-03 23:59:59.999,44672317.794,168916,4776647,23206091.375,0,2022-07-03,62.334577536477774,4.763050000000001,0.6307394553401465,0.24249315419393971,0.00020345879959315916,0.00020343810465859
2022-07-04,4.915,5.353,4.726,5.342,12274636,2022-07-04 23:59:59.999,60878502.45,218511,6300027,31275471.8,0,2022-07-04,66.0238751147842,4.83715,0.6056175860415525,0.8336118561216297,0.08665581773799813,0.08310492298398052
2022-07-05,5.343,5.447,5.003,5.298,12929087,2022-07-05 23:59:59.999,67994711.539,251583,6407998,33703969.177,0,2022-07-05,59.20820077765995,4.88105,0.6056099556790174,0.68847943480802,-0.008236615499812694,-0.008270723837891052
2022-07-06,5.299,5.498,5.183,5.349,11696147,2022-07-06 23:59:59.999,62496051.623,218949,5702354,30500242.163,0,2022-07-06,56.90814040328604,4.956799999999999,0.5608455646298032,0.6993012421501094,0.00962627406568517,0.00958023669923509
2022-07-07,5.349,5.827,5.282,5.723,11100032,2022-07-07 23:59:59.999,61668392.371,207568,5625650,31264709.121,0,2022-07-07,52.23509933774834,5.0463000000000005,0.5308929022700598,1.2746450312416666,0.06991961114226952,0.06758351587785212
2022-07-08,5.725,5.96,5.519,5.787,11470263,2022-07-08 23:59:59.999,65807272.441,228059,5735006,32925455.206,0,2022-07-08,56.83669095585084,5.1537500000000005,0.44066431608449885,1.4370348968273883,0.011182946007338712,0.011120879164736402
2022-07-09,5.788,6.619,5.784,6.45,24797442,2022-07-09 23:59:59.999,156198077.29,381464,12977744,81765526.034,0,2022-07-09,64.6294344924482,5.2668,0.4692340455148564,2.5215561643694477,0.11456713322965273,0.10846610821597946
2022-07-10,6.45,6.474,5.975,6.236,18089472,2022-07-10 23:59:59.999,112611740.046,293584,9153975,56999577.739,0,2022-07-10,60.706037611349394,5.363849999999999,0.45825817533321594,1.9031848135951506,-0.03317829457364352,-0.033741179612151145
2022-07-11,6.237,6.272,5.217,5.563,28823690,2022-07-11 23:59:59.999,167576235.759,431674,14360779,83502806.45,0,2022-07-11,53.364269141531324,5.40315,0.4385615572188942,0.3644870312247079,-0.1079217447081463,-0.114201420102374
2022-07-12,5.562,5.879,5.439,5.531,23113611,2022-07-12 23:59:59.999,130198421.274,369468,11412285,64296380.74,0,2022-07-12,60.11107481215289,5.430750000000001,0.42769859960238943,0.23439403377330814,-0.005752291928815434,-0.005768900080615241
2022-07-13,5.53,6.252,5.22,6.114,24576703,2022-07-13 23:59:59.999,138502486.413,384637,12519152,70632655.055,0,2022-07-13,64.50581395348837,5.4557,0.4528290138518731,1.4537496049564949,0.10540589405170864,0.10021259245610187
2022-07-14,6.115,7.099,6.025,7.01,49314950,2022-07-14 23:59:59.999,318651342.101,777853,25605820,165577911.449,0,2022-07-14,73.7976782752902,5.5328,0.5709105008638389,2.587445839172451,0.1465489041543997,0.13675647757785592
2022-07-15,7.009,7.263,6.709,6.781,22738437,2022-07-15 23:59:59.999,158802403.832,414742,11596440,81049125.31,0,2022-07-15,72.3241235198514,5.591,0.6356101916946291,1.8722166754867267,-0.032667617689015715,-0.03321311734479368
2022-07-16,6.776,7.719,6.665,7.366,22358482,2022-07-16 23:59:59.999,159617908.675,379543,11593176,82784024.039,0,2022-07-16,75.3464322647363,5.67995,0.7493285748952322,2.250081014507869,0.08627046158383722,0.08275023432116851
2022-07-17,7.365,7.469,6.87,6.944,10562043,2022-07-17 23:59:59.999,75176106.966,246436,5210973,37094075.046,0,2022-07-17,69.29223744292237,5.760599999999999,0.7951941437865525,1.488190034153032,-0.05729025251153952,-0.058996840664824524
2022-07-18,6.946,7.455,6.91,7.319,18533896,2022-07-18 23:59:59.999,134176013.438,337882,9225067,66807574.025,0,2022-07-18,68.9913544668588,5.88095,0.8408375195049198,1.7102590769816206,0.054003456221198176,0.05259572926104104
2022-07-19,7.318,7.746,7.201,7.34,17437496,2022-07-19 23:59:59.999,130134128.663,407951,8679127,64796062.718,0,2022-07-19,69.70281744500193,5.9921500000000005,0.8804758447308899,1.5308199629394244,0.0028692444322995225,0.002865136007334175
2022-07-20,7.34,7.608,6.775,6.854,13821190,2022-07-20 23:59:59.999,100727627.936,316817,6828153,49786730.414,0,2022-07-20,63.39683104860245,6.0847999999999995,0.8680966232886274,0.8860764796964942,-0.06621253405994543,-0.06850641917400704
2022-07-21,6.853,7.286,6.663,7.221,11854084,2022-07-21 23:59:59.999,82484008.594,264304,5986605,41659835.219,0,2022-07-21,63.35115864527629,6.2029499999999995,0.8530122153113641,1.193476461094282,0.05354537496352485,0.05216102401662741
2022-07-22,7.221,7.459,6.812,6.887,10430454,2022-07-22 23:59:59.999,74498517.908,252824,5032425,35951784.117,0,2022-07-22,59.35374149659863,6.301550000000001,0.8091462996314451,0.7235403539096246,-0.046253981443013514,-0.04735787090648348
2022-07-23,6.885,7.208,6.633,6.959,8766233,2022-07-23 23:59:59.999,60410205.739,222751,4339491,29904087.618,0,2022-07-23,54.811873700132345,6.403699999999999,0.751960112321836,0.738470021083159,0.010454479454043764,0.010400209300151722
2022-07-24,6.958,7.346,6.877,7.24,8657034,2022-07-24 23:59:59.999,61089519.008,207618,4386332,30972691.507,0,2022-07-24,59.37266616878267,6.498599999999999,0.7303750586599729,1.0150949039254655,0.040379364851271804,0.03958542053491206
2022-07-25,7.24,7.518,6.807,7.043,29961895,2022-07-25 23:59:59.999,215253957.311,574906,15001870,107816324.711,0,2022-07-25,65.1639344262295,6.585849999999999,0.6820320470144197,0.6702764217622403,-0.027209944751381276,-0.027586990634351764
2022-07-26,7.043,7.052,6.21,6.652,25204803,2022-07-26 23:59:59.999,166064163.391,451400,12917910,85149423.653,0,2022-07-26,60.69860660431381,6.651000000000001,0.6167774485577663,0.0016213303556052237,-0.05551611529177902,-0.057116654432592
2022-07-27,6.653,8.199,6.498,8.035,30496340,2022-07-27 23:59:59.999,223058096.475,536224,15690375,114769716.426,0,2022-07-27,65.90495115085278,6.7665999999999995,0.6494888192360255,1.9529204544151846,0.20790739627179788,0.1888894378587946
2022-07-28,8.037,9.85,7.958,9.278,37149136,2022-07-28 23:59:59.999,322340070.144,791214,19180438,166458871.489,0,2022-07-28,67.75759473849045,6.94115,0.819275628381564,2.8523367704911773,0.1546981953951463,0.14383900714007608
2022-07-29,9.283,9.414,8.6,9.081,16305086,2022-07-29 23:59:59.999,146986145.786,452703,8217099,74110803.373,0,2022-07-29,68.09883537928863,7.0727,0.938774682903214,2.1392779722065125,-0.021233024358698116,-0.021461687621860768
2022-07-30,9.081,9.168,8.508,8.775,11729150,2022-07-30 23:59:59.999,103677742.866,343870,5734686,50705209.672,0,2022-07-30,61.59670781893004,7.19965,0.9899519539096463,1.5913398562207228,-0.03369672943508417,-0.03427754935576171
2022-07-31,8.776,9.153,8.309,8.326,10563634,2022-07-31 23:59:59.999,93279061.63,303275,5058373,44706294.777,0,2022-07-31,61.324156014421504,7.3378,0.9411198592478026,1.0500256585700225,-0.05116809116809118,-0.05252362057914582
2022-08-01,8.326,8.58,8.05,8.356,9923349,2022-08-01 23:59:59.999,82420659.756,251723,4881510,40547903.657,0,2022-08-01,59.006426958485314,7.479049999999999,0.8645533970280462,1.0143387360625367,0.0036031707902954846,0.0035966949215356825
2022-08-02,8.359,8.683,7.813,8.247,15118301,2022-08-02 23:59:59.999,123165897.416,366627,7451802,60736091.434,0,2022-08-02,57.758768177929845,7.5857,0.8175863128406277,0.8088442646530791,-0.013044518908568725,-0.013130345843101033
2022-08-03,8.247,9.394,8.031,8.9,20129926,2022-08-03 23:59:59.999,180055279.067,504491,10268409,91912713.868,0,2022-08-03,67.01596806387225,7.680200000000001,0.8558728754577689,1.425211658153767,0.07918030799078468,0.07620177888687595
2022-08-04,8.897,9.124,8.514,8.816,15659549,2022-08-04 23:59:59.999,137986699.099,390374,7528883,66347193.31,0,2022-08-04,63.92040495723513,7.78195,0.8642693582912738,1.196444129460283,-0.009438202247190941,-0.00948302432753541
2022-08-05,8.816,9.266,8.781,8.964,10090760,2022-08-05 23:59:59.999,91024563.981,281093,4798776,43300511.409,0,2022-08-05,68.73534187263215,7.861850000000001,0.8970365406493606,1.228656749258127,0.016787658802177807,0.01664830352812184
2022-08-06,8.963,9.141,8.7,8.769,6459545,2022-08-06 23:59:59.999,57785541.269,191992,2974854,26627083.011,0,2022-08-06,65.9724673490999,7.953099999999999,0.8915615455316108,0.9151359253763068,-0.021753681392235658,-0.021993781141462037
2022-08-07,8.77,8.98,8.677,8.783,4267272,2022-08-07 23:59:59.999,37755747.414,131824,2088579,18472143.618,0,2022-08-07,64.2896832746805,8.0263,0.8968437110791972,0.843736752181091,0.0015965332421028489,0.0015952601377617534
2022-08-08,8.782,9.287,8.712,8.782,9460334,2022-08-08 23:59:59.999,85040766.13,232275,4483234,40314208.051,0,2022-08-08,66.71151258889103,8.098400000000002,0.8967294610487858,0.7623257957873738,-0.00011385631333249435,-0.0001138627954545622
2022-08-09,8.781,8.866,8.064,8.429,9739875,2022-08-09 23:59:59.999,82828618.105,233966,4544344,38639871.575,0,2022-08-09,67.2023233301065,8.17715,0.8496155337917428,0.2964281960288809,-0.04019585515827828,-0.04102603112418058
2022-08-10,8.43,9.463,8.169,9.214,16917923,2022-08-10 23:59:59.999,151793781.746,394488,8486829,76201208.449,0,2022-08-10,62.90781694766806,8.2768,0.8484449304445678,1.1046091105865021,0.09313085775299568,0.08904592549838018
2022-08-11,9.213,9.613,8.854,8.952,12115710,2022-08-11 23:59:59.999,111977575.732,307333,5942961,54968844.647,0,2022-08-11,45.454545454545446,8.38005,0.7943370936939542,0.7200343588894047,-0.028434990232255264,-0.02884709550410113
2022-08-12,8.955,9.255,8.731,9.197,7866909,2022-08-12 23:59:59.999,70975334.944,216841,3920206,35371014.188,0,2022-08-12,51.596037424325814,8.49195,0.7393471141894599,0.9536116209406463,0.02736818588025014,0.02700037291093636
2022-08-13,9.197,9.339,8.899,8.982,6731808,2022-08-13 23:59:59.999,61320866.194,186154,3209457,29245775.384,0,2022-08-13,52.921253175275176,8.579049999999999,0.6846855194346195,0.5885183614409392,-0.02337718821354784,-0.023654769255014186
2022-08-14,8.983,9.613,8.74,8.874,12690395,2022-08-14 23:59:59.999,117069760.625,307841,6121678,56511167.483,0,2022-08-14,58.55715178013743,8.6706,0.5834114193326015,0.3486390448659394,-0.012024048096192286,-0.012096921708828458
2022-08-15,8.874,9.161,8.281,8.464,11186040,2022-08-15 23:59:59.999,97297981.477,284609,5336167,46440699.372,0,2022-08-15,51.50753768844221,8.7612,0.34570897404321377,-0.8596826299419407,-0.04620238900157769,-0.04730377784077423
2022-08-16,8.463,8.566,8.182,8.333,10074790,2022-08-16 23:59:59.999,84260209.79,243558,4830059,40404801.213,0,2022-08-16,51.19311875693674,8.776100000000001,0.3180804102197948,-1.3930439780740265,-0.01547731568998112,-0.015598339715873866
2022-08-17,8.334,8.665,7.855,7.958,10594838,2022-08-17 23:59:59.999,87098050.797,271417,5171018,42524978.932,0,2022-08-17,35.83884546001201,8.7101,0.3443217436570854,-2.184294236001043,-0.04500180007200283,-0.04604582339533277
2022-08-18,7.959,8.2,7.393,7.568,10978592,2022-08-18 23:59:59.999,86808687.551,265375,5331626,42178402.59,0,2022-08-18,32.81938325991187,8.63445,0.4170673901084632,-2.557020820358688,-0.04900728826338285,-0.05024888025515984
2022-08-19,7.568,7.692,6.792,6.889,19134969,2022-08-19 23:59:59.999,136571385.277,392323,9203455,65678480.66,0,2022-08-19,25.078068700456384,8.54015,0.5691152205025434,-2.901257848177022,-0.08971987315010566,-0.0940028951385183
2022-08-20,6.889,7.191,6.722,6.994,10205595,2022-08-20 23:59:59.999,71639952.067,225093,5040840,35396697.992,0,2022-08-20,28.21016449791307,8.47355,0.6653040045108505,-2.223870576410862,0.015241689650166812,0.015126702030125186
2022-08-21,6.994,7.319,6.966,7.205,8514244,2022-08-21 23:59:59.999,60878370.922,197538,4230894,30254873.197,0,2022-08-21,31.522248243559716,8.416,0.7232645290241184,-1.6743528147771471,0.030168716042322075,0.029722590810301392
2022-08-22,7.205,7.336,6.61,6.976,13766766,2022-08-22 23:59:59.999,95249009.908,303150,6668824,46153773.116,0,2022-08-22,29.924410849266337,8.352450000000001,0.791513771198645,-1.739009541066539,-0.031783483691880665,-0.03229954284480693
2022-08-23,6.977,7.207,6.741,7.114,9326794,2022-08-23 23:59:59.999,65686723.169,234295,4644503,32712416.64,0,2022-08-23,34.648610786831654,8.26315,0.8264650325313746,-1.3904399518032544,0.01978211009174302,0.019588986919584855
2022-08-24,7.115,7.283,6.867,7.043,8782130,2022-08-24 23:59:59.999,62065568.892,206717,4301114,30398251.868,0,2022-08-24,19.585318016251037,8.174499999999998,0.8585112879723938,-1.3179791761065145,-0.009980320494798911,-0.010030457762990084
2022-08-25,7.043,7.248,6.913,7.021,9862286,2022-08-25 23:59:59.999,69844368.313,212655,4621309,32729072.977,0,2022-08-25,20.99729648543105,8.07735,0.8742600043809693,-1.2082789956152244,-0.0031236688910976085,-0.0031285577281615763
2022-08-26,7.02,7.022,6.07,6.153,15498466,2022-08-26 23:59:59.999,103096148.225,314499,7437445,49524185.342,0,2022-08-26,11.487854251012138,7.94655,0.9571022865081547,-1.8739376399815124,-0.12362911266201404,-0.13196589027675862
2022-08-27,6.152,6.2,5.938,6.052,9214703,2022-08-27 23:59:59.999,56005508.057,193825,4455792,27084291.786,0,2022-08-27,11.829077644606556,7.81,1.0239655627418436,-1.7168546130522722,-0.016414757029091454,-0.016550971832243716
2022-08-28,6.05,6.106,5.7,5.734,9820847,2022-08-28 23:59:59.999,58575093.187,202529,4759392,28404320.971,0,2022-08-28,11.21541501976283,7.6576,1.095975431916886,-1.7551488327029194,-0.05254461335095828,-0.05397542846493131
2022-08-29,5.734,6.401,5.67,6.336,11076218,2022-08-29 23:59:59.999,67100232.287,258245,5652035,34243146.461,0,2022-08-29,24.905660377358487,7.552950000000001,1.1181426551944913,-1.0883673870650454,0.10498779211719578,0.09983428705094673
2022-08-30,6.336,6.453,5.937,6.172,10473268,2022-08-30 23:59:59.999,65274606.935,233949,5119646,31921541.964,0,2022-08-30,24.71331617130822,7.400850000000001,1.0867591741634939,-1.1307472982189255,-0.025883838383838453,-0.026224720011210397
2022-08-31,6.174,6.413,6.093,6.135,12233726,2022-08-31 23:59:59.999,76730084.778,251875,6082949,38153427.663,0,2022-08-31,26.83608640406608,7.26,1.0572904794292124,-1.0640406036828602,-0.005994815294880107,-0.00601285633803965
2022-09-01,6.135,6.363,5.95,6.314,8370256,2022-09-01 23:59:59.999,51337365.43,202209,4118920,25265193.954,0,2022-09-01,33.163265306122454,7.11585,0.9724294738313111,-0.8245842208389276,0.029176854115729567,0.02875931197292529
2022-09-02,6.314,6.691,6.19,6.398,10731309,2022-09-02 23:59:59.999,68876801.527,235076,5314130,34133824.859,0,2022-09-02,42.15404282518376,6.98665,0.8785664924044276,-0.6700118944771104,0.013303769401330268,0.013216051391526243
2022-09-03,6.396,6.405,6.216,6.302,4001103,2022-09-03 23:59:59.999,25249299.316,109776,1965639,12403159.964,0,2022-09-03,38.910256410256416,6.85805,0.76919640055608,-0.722897298528714,-0.015004688965301716,-0.015118398192243457
2022-09-04,6.302,6.518,6.222,6.48,5384520,2022-09-04 23:59:59.999,34442452.706,135294,2655476,16984074.339,0,2022-09-04,38.257207644962755,6.75885,0.6731165751049698,-0.41426702344465943,0.02824500158679788,0.0278534670291005
2022-09-05,6.48,6.664,6.183,6.578,8028826,2022-09-05 23:59:59.999,51463500.132,181990,4051591,25997451.263,0,2022-09-05,43.26792963464142,6.6711,0.5623910327174766,-0.16554318007195104,0.015123456790123502,0.015010237402681946
2022-09-06,6.578,6.748,5.778,5.825,11920019,2022-09-06 23:59:59.999,75160618.214,273673,5770387,36380417.124,0,2022-09-06,31.95183422010642,6.564449999999999,0.5048021472731057,-1.4648313284609407,-0.1144724840377015,-0.12157174831510104
2022-09-07,5.827,6.227,5.702,6.113,7361645,2022-09-07 23:59:59.999,43724591.578,184337,3668631,21800820.006,0,2022-09-07,37.724392819429795,6.4917,0.45494488966068003,-0.8324085149795885,0.04944206008583696,0.048258651594824134
2022-09-08,6.113,6.256,5.946,6.169,8896038,2022-09-08 23:59:59.999,54282014.34,202997,4378338,26726338.611,0,2022-09-08,38.85400313971742,6.4557,0.45031510604645,-0.6366652953685892,0.009160804842139658,0.009119099180913198
2022-09-09,6.169,6.71,6.165,6.498,11087345,2022-09-09 23:59:59.999,71905157.488,256766,5506857,35714879.688,0,2022-09-09,55.25434054218702,6.430899999999999,0.43241134168501166,0.15517631831423967,0.0533311719889773,0.05195768701940712
2022-09-10,6.499,6.719,6.43,6.667,7157216,2022-09-10 23:59:59.999,46952442.654,180240,3612048,23700298.648,0,2022-09-10,59.176365264100276,6.404000000000001,0.3970053691761228,0.6624595545037195,0.026008002462295954,0.025675546389014273
2022-09-11,6.668,6.727,6.359,6.482,6651079,2022-09-11 23:59:59.999,43599166.125,167235,3302069,21648938.634,0,2022-09-11,61.62212554381604,6.3793,0.37426068876475044,0.27440766044374687,-0.027748612569371445,-0.02814087891656724
2022-09-12,6.482,6.964,6.37,6.652,14737223,2022-09-12 23:59:59.999,99296417.674,336273,7413468,49962308.046,0,2022-09-12,55.67121320890165,6.356199999999999,0.3391366127418713,0.8722148800405235,0.02622647331070649,0.025888456611325526
2022-09-13,6.651,6.768,5.989,6.032,9910147,2022-09-13 23:59:59.999,63253068.787,236383,4821361,30787194.62,0,2022-09-13,47.84083898827885,6.30565,0.30500772638517387,-0.8971903867590084,-0.09320505111244737,-0.09783893062502627
2022-09-14,6.032,6.229,5.944,6.176,7383821,2022-09-14 23:59:59.999,45169839.502,168330,3664137,22418994.417,0,2022-09-14,50.61212302179755,6.2634,0.2551518433299002,-0.34254112711619844,0.023872679045092937,0.023592182016820194
2022-09-15,6.174,6.233,5.771,5.88,9673425,2022-09-15 23:59:59.999,58083689.818,224123,4638303,27860798.179,0,2022-09-15,43.73918061165609,6.249750000000001,0.2683308788102195,-1.3779629151869293,-0.04792746113989643,-0.04911405081193956
2022-09-16,5.882,5.934,5.654,5.82,6881045,2022-09-16 23:59:59.999,39958349.825,168250,3334002,19359661.987,0,2022-09-16,41.60371876815806,6.23815,0.2819963185592278,-1.4828207763009345,-0.010204081632652962,-0.010256500167188997
2022-09-17,5.818,6.036,5.809,6.009,5421939,2022-09-17 23:59:59.999,32123674.91,127058,2727581,16161189.502,0,2022-09-17,45.85572842998586,6.2519,0.2621246991252181,-0.9266581928777544,0.03247422680412382,0.03195808360844454
2022-09-18,6.01,6.044,5.309,5.464,7884548,2022-09-18 23:59:59.999,45456012.294,171954,3784724,21798705.842,0,2022-09-18,36.98103536647873,6.2082999999999995,0.314657056419583,-2.3654324122561667,-0.09069728740222993,-0.0950772230833019
2022-09-19,5.466,5.521,5.189,5.474,9113308,2022-09-19 23:59:59.999,48887286.352,197689,4378336,23483970.388,0,2022-09-19,35.527005768222324,6.1734,0.35501599666983014,-1.9700520724716852,0.0018301610541726632,0.0018284883499982902
2022-09-20,5.473,5.554,5.258,5.293,7655573,2022-09-20 23:59:59.999,41546012.76,168772,3814500,20707104.809,0,2022-09-20,41.795188155459584,6.1313,0.40606404731648515,-2.0644526535653416,-0.03306540007307268,-0.0336244177426368
2022-09-21,5.293,5.756,5.139,5.328,12158276,2022-09-21 23:59:59.999,65904613.996,253055,6164732,33417239.576,0,2022-09-21,36.86851789896285,6.082,0.4410617572187948,-1.7095111685821525,0.006612507084829078,0.006590740362237569
2022-09-22,5.327,5.854,5.317,5.728,14788513,2022-09-22 23:59:59.999,83870639.509,283005,7584773,43004453.942,0,2022-09-22,43.38433843384339,6.0485,0.4412416094289519,-0.7263594211225595,0.07507507507507505,0.07239049642025645
2022-09-23,5.727,5.988,5.696,5.909,10904027,2022-09-23 23:59:59.999,63606227.27,248442,5481250,31980788.843,0,2022-09-23,40.7535321821036,6.02885,0.4380978351402873,-0.27356903044641206,0.0315991620111733,0.03111018270519316
2022-09-24,5.91,6.055,5.761,5.793,7278228,2022-09-24 23:59:59.999,43093727.127,161372,3655419,21654545.594,0,2022-09-24,36.04725415070243,5.9945,0.4276714799160073,-0.471156037899871,-0.019631071247249943,-0.019826320249050445
2022-09-25,5.791,5.953,5.609,5.653,5996996,2022-09-25 23:59:59.999,34819198.238,150549,2917204,16946075.745,0,2022-09-25,36.57272432782636,5.94825,0.41093755127674747,-0.7184789978007218,-0.024167098221992145,-0.02446391442133342
2022-09-26,5.653,5.987,5.548,5.92,10775774,2022-09-26 23:59:59.999,61916604.923,221650,5333150,30670916.002,0,2022-09-26,38.50502512562813,5.953,0.40998587908528056,-0.08049057707457305,0.0472315584645322,0.04615007120276065
2022-09-27,5.92,6.7,5.905,6.366,37028382,2022-09-27 23:59:59.999,237893269.375,564031,19187588,123282700.493,0,2022-09-27,55.54817275747508,5.96565,0.4189867822269711,0.9555194029560681,0.07533783783783776,0.0726348799639867
2022-09-28,6.366,6.623,6.001,6.554,21025310,2022-09-28 23:59:59.999,132293989.595,368127,10443110,65757331.855,0,2022-09-28,56.188605108055015,5.9849,0.4372667378119493,1.3014939184437748,0.029531888155827968,0.0291042214167219
2022-09-29,6.555,6.567,6.118,6.369,14205640,2022-09-29 23:59:59.999,90174588.144,274524,7010186,44503989.218,0,2022-09-29,58.307849133537204,5.9784500000000005,0.43019401681330494,0.9078461920345342,-0.028227036924015958,-0.02863307888739421
2022-09-30,6.37,6.774,6.259,6.465,20367883,2022-09-30 23:59:59.999,131734179.373,331051,10030850,64896940.149,0,2022-09-30,60.82578046324269,5.96835,0.4152906749898718,1.1959093471388738,0.015073009891662714,0.01496054083459204
2022-10-01,6.465,6.659,6.384,6.393,13678651,2022-10-01 23:59:59.999,89195480.027,242416,6931484,45207687.16,0,2022-10-01,56.70859538784067,5.963900000000001,0.40993939217871994,1.0467400991142755,-0.011136890951276124,-0.011199370439231046
2022-10-02,6.393,6.523,6.16,6.258,15081606,2022-10-02 23:59:59.999,95433300.168,237688,7416669,46951799.545,0,2022-10-02,66.19086460032625,5.9442,0.3837630299476383,0.8176921055757127,-0.021116846550915058,-0.021342996537899377
2022-10-03,6.257,6.808,6.182,6.625,18060870,2022-10-03 23:59:59.999,116417899.951,295873,9142044,58973662.478,0,2022-10-03,70.48771804912779,5.9738500000000005,0.41271913158424034,1.5777073321038737,0.058644934483860656,0.05698972662559551
2022-10-04,6.626,6.848,6.561,6.639,15993854,2022-10-04 23:59:59.999,107292058.806,258131,7965564,53461478.081,0,2022-10-04,75.47312641937926,5.997000000000001,0.4369298389984739,1.469343456770051,0.0021132075471699263,0.0021109778647365064
2022-10-05,6.64,6.82,6.47,6.807,10071106,2022-10-05 23:59:59.999,67077724.679,212731,5014766,33407516.555,0,2022-10-05,76.64864864864863,6.043349999999999,0.4716538957383208,1.6190897751508941,0.025305015815634935,0.02499014472879212
2022-10-06,6.806,6.999,6.75,6.873,16935909,2022-10-06 23:59:59.999,116696550.45,299067,8600126,59272762.548,0,2022-10-06,73.45350266284309,6.096,0.5031314571308548,1.5443280061058027,0.009695901278096164,0.00964919767365388
2022-10-07,6.873,7.072,6.681,6.785,15171758,2022-10-07 23:59:59.999,104717227.012,269617,7722217,53313173.11,0,2022-10-07,68.65417376490629,6.1348,0.5254936125575972,1.2373128511219234,-0.01280372471991853,-0.012886398852635705
2022-10-08,6.785,6.84,6.424,6.51,8815496,2022-10-08 23:59:59.999,58401409.542,178378,4340504,28772274.37,0,2022-10-08,64.29996011168726,6.1871,0.5069425276227345,0.6369558330689139,-0.04053058216654393,-0.041374837066354676
2022-10-09,6.51,6.65,6.484,6.629,5812073,2022-10-09 23:59:59.999,38192735.659,139589,2894901,19025865.758,0,2022-10-09,69.62992759452935,6.2448500000000005,0.48682032511401513,0.7891001673153842,0.018279569892473146,0.01811450703877665
2022-10-10,6.63,6.719,6.2,6.382,9758132,2022-10-10 23:59:59.999,62684604.212,215362,4692111,30144396.651,0,2022-10-10,59.36739659367396,6.2993,0.432640740711126,0.19115166977586778,-0.03726052194901186,-0.03797243540320267
2022-10-11,6.382,6.507,5.938,5.995,13177279,2022-10-11 23:59:59.999,82156535.269,265036,6365588,39695338.887,0,2022-10-11,42.29331117573744,6.33265,0.375801777952887,-0.898478984956612,-0.06063929802569723,-0.06255573937657416
2022-10-12,5.994,6.168,5.962,6.052,7863107,2022-10-12 23:59:59.999,47816596.353,174481,3803851,23133077.065,0,2022-10-12,38.97188049209137,6.34885,0.35475911396908827,-0.8367649718108888,0.009507923269391094,0.009463007446631854
2022-10-13,6.052,6.21,5.283,6.136,27990161,2022-10-13 23:59:59.999,162628472.38,421051,13798968,80196166.48,0,2022-10-13,44.64367816091955,6.360200000000001,0.34339536826249484,-0.652891741476897,0.01387970918704573,0.013784268138845701
2022-10-14,6.135,6.531,6.089,6.282,19061688,2022-10-14 23:59:59.999,120233939.68,310664,9468923,59731332.439,0,2022-10-14,45.88764044943821,6.38465,0.317301993784987,-0.32350884019202947,0.023794002607561815,0.023515337051499628
2022-10-15,6.281,6.335,5.988,6.04,7395532,2022-10-15 23:59:59.999,45284778.322,162503,3568910,21851118.151,0,2022-10-15,42.630480167014625,6.403999999999999,0.2799355188853592,-1.300299445562913,-0.03852276345113026,-0.039284389169731274
2022-10-16,6.041,6.168,5.962,6.1,6316044,2022-10-16 23:59:59.999,38346971.329,145515,3016985,18325934.591,0,2022-10-16,46.59482758620688,6.412999999999999,0.2661078135226911,-1.1762149929254524,0.009933774834437026,0.009884759232541925
2022-10-17,6.1,6.448,6.031,6.392,9115668,2022-10-17 23:59:59.999,57046541.568,181386,4569907,28590938.073,0,2022-10-17,44.81069042316258,6.4143,0.265929571200497,-0.08385678922178424,0.04786885245901651,0.04675843728470809
2022-10-18,6.393,6.654,6.203,6.514,12423419,2022-10-18 23:59:59.999,79661002.314,230546,6075980,38978921.9,0,2022-10-18,47.34381640458988,6.4123,0.26497231235086444,0.38381368641012403,0.019086357947434296,0.018906498390068208
2022-10-19,6.514,6.77,6.38,6.564,19754982,2022-10-19 23:59:59.999,130193715.716,323724,10003559,65942460.879,0,2022-10-19,44.56375838926173,6.4220500000000005,0.2668759765113403,0.531895009268351,0.007675775253300543,0.007646466373802676
2022-10-20,6.564,6.586,6.005,6.089,16989810,2022-10-20 23:59:59.999,107877205.23,292052,8338813,52969733.881,0,2022-10-20,35.17397881996975,6.40325,0.2767520027920388,-1.135493137645468,-0.07236441194393661,-0.07511630860140743
2022-10-21,6.089,6.166,5.811,6.029,15390149,2022-10-21 23:59:59.999,92299235.68,252298,7370489,44204908.633,0,2022-10-21,35.55045871559632,6.38505,0.289152568536935,-1.231356863961316,-0.009853834784036897,-0.009902705119168622
2022-10-22,6.03,6.154,5.973,6.086,6720207,2022-10-22 23:59:59.999,40718738.265,124944,3112806,18866598.568,0,2022-10-22,41.15929941618016,6.37645,0.29561576679148216,-0.9825254016470439,0.009454304196384156,0.009409891967510832
2022-10-23,6.085,6.289,5.964,6.281,8383560,2022-10-23 23:59:59.999,51263318.353,153888,4091047,25028553.995,0,2022-10-23,42.96685529506872,6.35925,0.29035384492016564,-0.26949875598002104,0.03204074926059808,0.03153815199746436
2022-10-24,6.28,6.365,6.061,6.137,9134838,2022-10-24 23:59:59.999,56441039.61,164679,4452946,27521594.972,0,2022-10-24,44.83340362716153,6.334149999999999,0.28657106677498156,-0.6879619852020994,-0.02292628562330845,-0.023193180065283824
2022-10-25,6.137,6.77,6.067,6.566,14499502,2022-10-25 23:59:59.999,93049696.356,265437,7294032,46830365.876,0,2022-10-25,61.831744716121,6.322100000000001,0.2702435353857925,0.9025192763697898,0.06990386182173713,0.0675687956724411
2022-10-26,6.566,6.89,6.511,6.689,12671818,2022-10-26 23:59:59.999,84964380.481,250024,6321969,42398084.236,0,2022-10-26,62.84792254941509,6.3129,0.2530895202490924,1.4860354535021438,0.01873286628084081,0.018559567056870174
2022-10-27,6.688,7.207,6.672,6.797,17515592,2022-10-27 23:59:59.999,122176778.558,345959,8750431,61049339.506,0,2022-10-27,63.204155013983204,6.3135,0.2542790634362591,1.9014542269666639,0.016145911197488427,0.01601695222823019
2022-10-28,6.797,6.985,6.504,6.848,17606335,2022-10-28 23:59:59.999,119292943.575,338396,8810701,59719618.926,0,2022-10-28,61.75249169435215,6.3304,0.278139003485521,1.8609400102598137,0.007503310283948794,0.007475300474939807
2022-10-29,6.849,7.229,6.704,7.093,15283606,2022-10-29 23:59:59.999,106528571.942,317288,7442304,51915105.085,0,2022-10-29,71.8374118622978,6.353599999999999,0.32048456732189384,2.3071313735283527,0.035776869158878455,0.03515174338050867
2022-10-30,7.093,7.365,6.777,6.895,11000894,2022-10-30 23:59:59.999,78033048.311,241256,5397767,38315456.607,0,2022-10-30,65.5943507257748,6.379250000000001,0.34264034772849766,1.5052226143801088,-0.02791484562244473,-0.02831187097468463
2022-10-31,6.895,7.124,6.69,6.953,10891900,2022-10-31 23:59:59.999,75258065.974,245807,5201907,35962003.227,0,2022-10-31,62.116630669546424,6.42715,0.3529051273984913,1.4900605266815068,0.008411892675852073,0.008376709871615646
2022-11-01,6.953,7.45,6.905,7.116,18730875,2022-11-01 23:59:59.999,135371989.734,338550,9639638,69682518.618,0,2022-11-01,62.77589134125635,6.48035,0.37300137927915783,1.704149194376768,0.02344311807852706,0.023172548686707744
2022-11-02,7.116,7.376,6.826,7.084,16506133,2022-11-02 23:59:59.999,116717929.853,362232,8140084,57564592.04,0,2022-11-02,61.12061591103506,6.52775,0.3869143622056489,1.4376566349954902,-0.0044969083754918815,-0.004507049883001636
2022-11-03,7.085,7.406,6.883,6.916,11591494,2022-11-03 23:59:59.999,83382131.95,268108,5787977,41679068.062,0,2022-11-03,70.35942885278187,6.55945,0.3916630499978788,0.9103488317366966,-0.02371541501976271,-0.0240011520995429
2022-11-04,6.916,7.76,6.802,7.556,17290946,2022-11-04 23:59:59.999,127410747.436,375017,8546621,63056584.862,0,2022-11-04,79.24166985829186,6.635249999999999,0.43060360022081473,2.13827752375465,0.09253903990746082,0.08850438181821892
2022-11-05,7.557,7.789,7.518,7.674,10543475,2022-11-05 23:59:59.999,80772107.15,255834,4980714,38165901.339,0,2022-11-05,79.71556886227545,6.71395,0.469692225653065,2.043998064190092,0.015616728427739535,0.01549604218549751
2022-11-06,7.675,7.774,7.042,7.052,10185862,2022-11-06 23:59:59.999,76143930.239,246589,4866351,36444474.524,0,2022-11-06,62.439496611810256,6.74695,0.46906687605005354,0.6503337062910579,-0.08105290591608039,-0.08452672728913697
2022-11-07,7.051,7.702,6.856,7.001,20843035,2022-11-07 23:59:59.999,150345482.264,414493,10005917,72225537.092,0,2022-11-07,64.37125748502996,6.771299999999999,0.4689780715297693,0.48978835886875893,-0.007231990924560283,-0.007258268540563139
2022-11-08,7.001,7.095,5.397,6.064,32102394,2022-11-08 23:59:59.999,206800880.817,717491,15548199,100236465.893,0,2022-11-08,42.857142857142854,6.7463,0.4933061502673231,-1.3831167513931473,-0.1338380231395515,-0.14368334765499002
2022-11-09,6.061,6.219,4.69,4.895,35296973,2022-11-09 23:59:59.999,195728998.585,760059,17459079,96880863.532,0,2022-11-09,30.328947368421055,6.6866,0.6302737416952292,-2.842574395025859,-0.19277704485488134,-0.2141553723575969
2022-11-10,4.893,5.914,4.78,5.762,23595238,2022-11-10 23:59:59.999,128624315.415,491114,11607571,63280722.602,0,2022-11-10,40.27072758037225,6.67325,0.6475271890223097,-1.4072768147016061,0.17711950970377943,0.16307036067986308
2022-11-11,5.762,6.244,5.44,6.091,24693551,2022-11-11 23:59:59.999,145452443.671,525941,12168963,71739785.916,0,2022-11-11,43.23744863319636,6.6735,0.647289449609497,-0.8999065261320354,0.05709822978132606,0.055527635192010955
2022-11-12,6.091,6.19,5.281,5.56,19887812,2022-11-12 23:59:59.999,111582333.554,370943,9700837,54440755.089,0,2022-11-12,36.970933197348295,6.637449999999999,0.6890314693729787,-1.563716677527782,-0.08717780331636849,-0.09121416359185665
2022-11-13,5.56,6.17,5.513,5.804,23927568,2022-11-13 23:59:59.999,140620727.208,487261,11713525,68842472.978,0,2022-11-13,40.79946027997976,6.6208,0.7055855052791031,-1.1576201521839715,0.04388489208633106,0.04294922675945053
2022-11-14,5.805,6.12,5.37,6.093,19080709,2022-11-14 23:59:59.999,110633581.225,408857,9366621,54336166.326,0,2022-11-14,43.01948051948052,6.597149999999999,0.7153780947288351,-0.704732230012016,0.04979324603721569,0.04859323624441589
2022-11-15,6.093,6.504,5.96,6.279,17010292,2022-11-15 23:59:59.999,105892717.992,345366,8514001,53050902.629,0,2022-11-15,43.23144104803493,6.576650000000001,0.7184753063162825,-0.4142800697300114,0.030526834071885833,0.03007016086561511
2022-11-16,6.279,6.41,5.82,5.949,12726506,2022-11-16 23:59:59.999,77308206.72,275537,6003801,36484365.441,0,2022-11-16,41.24363524147508,6.53425,0.7297210624232823,-0.8020187851731762,-0.05255613951266125,-0.05398759392620375
2022-11-17,5.949,6.051,5.655,5.728,10802328,2022-11-17 23:59:59.999,62990647.326,211955,5195572,30289865.446,0,2022-11-17,40.90909090909091,6.47825,0.7471434636399787,-1.0041578846783814,-0.03714910068919153,-0.03785670854742419
2022-11-18,5.728,6.05,5.72,5.849,10386069,2022-11-18 23:59:59.999,61367047.184,205227,5037267,29767393.181,0,2022-11-18,35.810473815461364,6.41605,0.7450505087060152,-0.7610893400835845,0.021124301675977675,0.020904276802544263
2022-11-19,5.85,5.88,5.646,5.757,7658382,2022-11-19 23:59:59.999,44171337.949,155091,3706119,21384319.355,0,2022-11-19,33.99565870763065,6.35915,0.7499861946076275,-0.8028814454578441,-0.01572918447597893,-0.015854200767216314
2022-11-20,5.757,5.819,5.38,5.431,8369088,2022-11-20 23:59:59.999,46779166.782,181631,4130095,23089555.543,0,2022-11-20,35.763217987001596,6.28305,0.7636507520125847,-1.1157587388664796,-0.05662671530310914,-0.0582932266409642
2022-11-21,5.431,5.613,5.071,5.184,14340891,2022-11-21 23:59:59.999,75810151.584,279288,7050746,37284464.508,0,2022-11-21,34.57293258617763,6.18645,0.7748534988845187,-1.2937284292361453,-0.04547965383907193,-0.046546320002734586
2022-11-22,5.184,5.387,4.95,5.311,11683177,2022-11-22 23:59:59.999,60476362.191,246336,5839030,30244638.156,0,2022-11-22,42.58712344949793,6.0978,0.7681557270823122,-1.0242714755099267,0.024498456790123413,0.02420318239028849
2022-11-23,5.312,5.547,5.249,5.488,7908406,2022-11-23 23:59:59.999,43019885.215,186018,3889403,21159298.988,0,2022-11-23,57.254710056276004,6.026400000000001,0.7543434510234548,-0.7137332461354658,0.03332705705140282,0.032783748983322064
2022-11-24,5.488,5.589,5.379,5.454,7372795,2022-11-24 23:59:59.999,40332514.725,161115,3657283,20010676.411,0,2022-11-24,45.267363245236645,5.9213,0.6719450243778642,-0.6954437982968329,-0.006195335276968028,-0.006214606000187417
2022-11-25,5.453,5.512,5.289,5.411,9379175,2022-11-25 23:59:59.999,50545208.219,183010,4636141,24989566.898,0,2022-11-25,38.544474393531,5.8081499999999995,0.5385693792933883,-0.73741659899244,-0.0078841217455079,-0.007915365762798584
2022-11-26,5.411,5.627,5.355,5.414,7341213,2022-11-26 23:59:59.999,40406103.587,163708,3457529,19040840.488,0,2022-11-26,47.00819672131148,5.726249999999999,0.45797734659769207,-0.6818022819680951,0.0005544261689152119,0.0005542725315112649
2022-11-27,5.414,5.62,5.375,5.395,6664271,2022-11-27 23:59:59.999,36748386.844,152582,3244792,17896801.442,0,2022-11-27,40.767494356659135,5.64595,0.3510059940960924,-0.7149450556998171,-0.003509420022164811,-0.0035155924820115115
2022-11-28,5.395,5.456,5.136,5.281,7980505,2022-11-28 23:59:59.999,41995185.485,190674,3909178,20568259.643,0,2022-11-28,30.098039215686285,5.6068,0.34554816862305604,-0.9428497372689062,-0.021130676552363226,-0.0213571249853018
2022-11-29,5.282,5.535,5.25,5.452,6250884,2022-11-29 23:59:59.999,33931896.181,150725,3079358,16719078.206,0,2022-11-29,29.580246913580268,5.63465,0.30525731595494277,-0.5983476577084221,0.032380231016852834,0.03186704010949004
2022-11-30,5.452,5.901,5.451,5.85,17197645,2022-11-30 23:59:59.999,98568912.467,315339,8707264,49903176.283,0,2022-11-30,47.63497372193024,5.63905,0.307813079809665,0.6853185060571163,0.07300073367571525,0.07045914740947887
2022-12-01,5.851,5.988,5.703,5.915,9767575,2022-12-01 23:59:59.999,56920834.63,198045,4967149,28958723.754,0,2022-12-01,54.82705214248838,5.630249999999999,0.2965210341288744,0.9603028696987557,0.011111111111111072,0.011049836186584935
2022-12-02,5.916,6.548,5.851,6.341,19719820,2022-12-02 23:59:59.999,122450584.128,343621,10138755,62961400.072,0,2022-12-02,60.97234611953611,5.6693,0.3356299810910512,2.0013110801855887,0.07202028740490274,0.06954498728754442
2022-12-03,6.34,6.44,6.05,6.094,10629825,2022-12-03 23:59:59.999,66638517.804,216061,5241409,32883337.457,0,2022-12-03,57.02962035878182,5.6838,0.3477993371816915,1.1794157036754522,-0.038952846554171194,-0.039731804154377194
2022-12-04,6.093,6.297,6.092,6.258,5322145,2022-12-04 23:59:59.999,32956491.99,151040,2672845,16552755.484,0,2022-12-04,68.50111856823266,5.69205,0.35976768453929014,1.5730984863877975,0.026911716442402422,0.02655596468317315
2022-12-05,6.258,6.423,6.109,6.171,7379926,2022-12-05 23:59:59.999,46382005.349,210454,3609859,22690409.575,0,2022-12-05,73.78313253012047,5.68665,0.35120263680946245,1.3791183471745228,-0.01390220517737295,-0.013999745907760574
2022-12-06,6.172,6.24,6.025,6.179,7727708,2022-12-06 23:59:59.999,47446264.493,191217,3644539,22382942.573,0,2022-12-06,72.18813905930469,5.69815,0.36378554627811766,1.3217952305130496,0.0012963863231243433,0.001295546739912744
2022-12-07,6.181,6.287,5.845,5.999,7965060,2022-12-07 23:59:59.999,47918063.651,199834,3886086,23391642.103,0,2022-12-07,63.04236855538537,5.7116999999999996,0.36995065104306346,0.776590064620693,-0.029130927334520273,-0.029563657407886586
2022-12-08,5.998,6.228,5.913,6.18,8362145,2022-12-08 23:59:59.999,50657252.608,192395,4381320,26540135.464,0,2022-12-08,67.23646723646723,5.72825,0.38356923137788423,1.1777534876225386,0.03017169528254704,0.029725482798643312
2022-12-09,6.18,6.29,6.053,6.164,8378814,2022-12-09 23:59:59.999,51623291.448,194377,4037963,24879601.461,0,2022-12-09,68.1096681096681,5.7486,0.39577710366586405,1.049580675972359,-0.0025889967637540146,-0.0025923540117300556
2022-12-10,6.164,6.219,6.056,6.078,4127962,2022-12-10 23:59:59.999,25321160.291,110049,2037721,12497156.29,0,2022-12-10,65.35615171137837,5.78095,0.3948920538668741,0.7522308871278071,-0.01395197923426339,-0.014050222963267911
2022-12-11,6.078,6.108,5.858,5.915,5248260,2022-12-11 23:59:59.999,31645896.98,126870,2387251,14395390.992,0,2022-12-11,61.274934952298366,5.817500000000001,0.3697621568363331,0.26368301406018524,-0.02681803224744983,-0.02718419706425124
2022-12-12,5.916,5.972,5.733,5.923,6205063,2022-12-12 23:59:59.999,36208222.198,142285,3004590,17534541.124,0,2022-12-12,64.5909090909091,5.8481000000000005,0.3504596830883226,0.21371930528489144,0.0013524936601858606,0.00135157986447791
2022-12-13,5.922,6.257,5.829,6.105,8947931,2022-12-13 23:59:59.999,53935164.588,205962,4387934,26456967.207,0,2022-12-13,64.7670737222976,5.87895,0.34419310292617966,0.6567534273006118,0.030727671787945443,0.030265030267840026
2022-12-14,6.105,6.179,5.897,5.903,7931273,2022-12-14 23:59:59.999,48086278.944,175564,3805922,23079820.913,0,2022-12-14,51.315136476426794,5.901400000000001,0.3293394345573987,0.004858209592025277,-0.033087633087633184,-0.03364741130411579
2022-12-15,5.904,6.011,5.76,5.796,6206749,2022-12-15 23:59:59.999,36617479.761,141090,2975353,17558339.778,0,2022-12-15,47.10743801652893,5.92065,0.30984126240937065,-0.40230277604313713,-0.018126376418770018,-0.01829267180011627
2022-12-16,5.797,5.877,5.201,5.294,8246503,2022-12-16 23:59:59.999,45739532.062,185173,3996002,22168536.33,0,2022-12-16,25.45710267229255,5.91465,0.3211252051227304,-1.9327352387763987,-0.08661145617667365,-0.0905939206535265
2022-12-17,5.293,5.438,5.231,5.382,5699103,2022-12-17 23:59:59.999,30521875.296,121213,2931884,15703097.894,0,2022-12-17,31.965552178318134,5.914,0.32224361493304343,-1.6509248759220265,0.016622591613147053,0.016485948499804632
2022-12-18,5.382,5.402,5.3,5.323,2708900,2022-12-18 23:59:59.999,14483355.238,68365,1298298,6941531.418,0,2022-12-18,24.98662386302837,5.9161,0.3180104102845163,-1.8650332845058981,-0.010962467484206484,-0.011022998114093598
2022-12-19,5.325,5.425,4.994,5.088,5830014,2022-12-19 23:59:59.999,30488687.298,141161,2829999,14797505.172,0,2022-12-19,23.153197818542395,5.8979,0.35431310862577486,-2.2858313177890786,-0.044148036821341385,-0.04515222815279935
2022-12-20,5.086,5.392,5.044,5.356,5187919,2022-12-20 23:59:59.999,27365294.565,115897,2662193,14049964.001,0,2022-12-20,31.92797540623627,5.873200000000001,0.37447346894547273,-1.3811392338593433,0.05267295597484267,0.051332601791104965
2022-12-21,5.356,5.365,5.194,5.32,4019332,2022-12-21 23:59:59.999,21207773.598,92239,1873930,9887641.586,0,2022-12-21,34.08345053914675,5.84345,0.39409850157549553,-1.3282212388714825,-0.006721433905899854,-0.0067441244753729855
2022-12-22,5.319,5.389,5.124,5.367,5324060,2022-12-22 23:59:59.999,28077742.774,125775,2556511,13484542.045,0,2022-12-22,29.664832416208114,5.79475,0.389532361329569,-1.098111588315755,0.008834586466165417,0.008795789841138787
2022-12-23,5.368,5.405,5.227,5.262,3679142,2022-12-23 23:59:59.999,19512679.277,84308,1861281,9874571.039,0,2022-12-23,28.400383141762447,5.75315,0.4001732881177638,-1.2273432899785743,-0.019564002235886058,-0.0197579105765909
2022-12-24,5.261,5.266,5.17,5.197,2184476,2022-12-24 23:59:59.999,11396444.516,57407,1023464,5340424.152,0,2022-12-24,28.688921141751337,5.700100000000001,0.4000511677757775,-1.257589129903454,-0.012352717597871488,-0.012429646591796139
2022-12-25,5.196,5.235,5.047,5.157,3623064,2022-12-25 23:59:59.999,18599171.277,84590,1801502,9249177.203,0,2022-12-25,30.504115226337447,5.6494,0.40148269936746483,-1.2264538441526251,-0.007696748123917629,-0.007726520957482894
2022-12-26,5.157,5.215,5.125,5.201,2765710,2022-12-26 23:59:59.999,14313797.967,69194,1378785,7135681.002,0,2022-12-26,31.767676767676747,5.600499999999999,0.39305423490351604,-1.0163991747807168,0.008532092301725802,0.008495899722113516
2022-12-27,5.201,5.322,5.089,5.191,3980887,2022-12-27 23:59:59.999,20708888.337,94064,1928377,10034153.659,0,2022-12-27,24.723451327433594,5.5601,0.39146054448867645,-0.9428791871786638,-0.001922707171697735,-0.0019245579458434313
2022-12-28,5.192,5.202,4.934,4.967,7694425,2022-12-28 23:59:59.999,38915434.231,137113,3836225,19407758.009,0,2022-12-28,24.4262295081967,5.4994499999999995,0.3842634067746988,-1.385638056116506,-0.043151608553265275,-0.044110320719878526
2022-12-29,4.967,5.138,4.938,5.043,5376511,2022-12-29 23:59:59.999,27144861.756,121858,2729681,13783777.956,0,2022-12-29,29.071706503613115,5.4434000000000005,0.36341920117969573,-1.1017579662831825,0.015300986510972558,0.01518510696937493
2022-12-30,5.043,5.112,4.942,5.098,3704688,2022-12-30 23:59:59.999,18679996.508,83919,1847961,9322451.572,0,2022-12-30,42.75147928994083,5.3944,0.3385698093245762,-0.8754472248760103,0.01090620662304187,0.010847162859335482
2022-12-31,5.099,5.201,5.05,5.166,2602892,2022-12-31 23:59:59.999,13354839.706,63873,1344739,6901834.394,0,2022-12-31,41.891891891891916,5.356949999999999,0.31880145198237975,-0.5989621402682724,0.013338564142801212,0.013250388719725162
2023-01-01,5.166,5.269,5.094,5.247,2984664,2023-01-01 23:59:59.999,15471344.118,66896,1508090,7819804.423,0,2023-01-01,47.193500738552416,5.32315,0.290179667568695,-0.262423624087904,0.015679442508710784,0.015557790030925943
2023-01-02,5.247,5.465,5.174,5.369,6484001,2023-01-02 23:59:59.999,34480417.572,110326,3138985,16690087.03,0,2023-01-02,61.3215149073328,5.2863500000000005,0.22520266310652737,0.3670027647981382,0.02325138174194774,0.022985186735857692
2023-01-03,5.369,5.419,5.272,5.375,4315973,2023-01-03 23:59:59.999,23109517.108,80487,2138450,11453241.5,0,2023-01-03,50.97037793667008,5.25995,0.17430628667816528,0.6600450402137561,0.0011175265412552982,0.001116902573293999
2023-01-04,5.375,5.592,5.36,5.529,5761548,2023-01-04 23:59:59.999,31790388.499,114835,3014674,16631075.428,0,2023-01-04,59.525979945305366,5.246599999999999,0.13740926191395897,2.0551744188599907,0.02865116279069757,0.028248393342069324
2023-01-05,5.529,5.558,5.309,5.373,3741013,2023-01-05 23:59:59.999,20322294.928,86680,1777780,9662108.33,0,2023-01-05,50.24875621890549,5.25055,0.1399554346239984,0.8749213657116813,-0.02821486706456855,-0.028620555609111413
2023-01-06,5.373,5.533,5.237,5.518,5401605,2023-01-06 23:59:59.999,29013757.58,119511,2641844,14202453.744,0,2023-01-06,60.27287319422153,5.257350000000001,0.14964669794923388,1.7417691373879964,0.02698678578075553,0.026629064048409826
2023-01-07,5.519,5.564,5.39,5.412,2964356,2023-01-07 23:59:59.999,16220426.26,73848,1495808,8191465.921,0,2023-01-07,58.35275835275835,5.261799999999999,0.15298764998919115,0.9817785946160535,-0.01920985864443636,-0.019396765486552708
2023-01-08,5.414,5.61,5.339,5.579,3937791,2023-01-08 23:59:59.999,21512024.22,89357,1998478,10922351.716,0,2023-01-08,64.92220650636492,5.2863500000000005,0.16271618007975028,1.7985304218459768,0.03085735402808565,0.0303908385548496
2023-01-09,5.578,5.964,5.56,5.784,7208726,2023-01-09 23:59:59.999,41717590.399,158574,3524141,20397768.175,0,2023-01-09,68.50793650793652,5.3077499999999995,0.19691031219624577,2.418613807921637,0.03674493636852483,0.03608593599307227
2023-01-10,5.784,5.878,5.659,5.781,5029817,2023-01-10 23:59:59.999,28989472.323,111573,2548956,14690946.065,0,2023-01-10,68.81377551020408,5.3308,0.22359375755518732,2.0134730277024016,-0.0005186721991701226,-0.0005188067561245312
2023-01-11,5.781,5.956,5.599,5.914,5842294,2023-01-11 23:59:59.999,33488028.659,127289,2968660,17031481.494,0,2023-01-11,82.05822613405553,5.35815,0.2589188604802464,2.1468115492591036,0.0230064002767687,0.022745743329946423
2023-01-12,5.913,6.191,5.85,6.177,10192314,2023-01-12 23:59:59.999,61359743.681,203171,5047401,30394927.165,0,2023-01-12,84.07451923076924,5.403899999999999,0.315657192464392,2.449175936604741,0.044470747379100395,0.04351029528347657
2023-01-13,6.177,6.364,6.01,6.308,7304128,2023-01-13 23:59:59.999,44871231.303,155499,3622707,22268245.565,0,2023-01-13,84.77011494252875,5.4594499999999995,0.37034997317158774,2.2912111825828503,0.02120770600615196,0.020985952387029966
2023-01-14,6.307,6.974,6.289,6.624,13167626,2023-01-14 23:59:59.999,87308947.948,277189,6498736,43084909.714,0,2023-01-14,86.67002012072436,5.5328,0.4450380941669903,2.451924934746265,0.050095117311350634,0.048880747982166586
2023-01-15,6.626,6.685,6.385,6.594,7882590,2023-01-15 23:59:59.999,51607494.474,162338,3832990,25098511.202,0,2023-01-15,84.77026329375326,5.60245,0.49641615340867146,1.997416871291279,-0.00452898550724623,-0.00453927243341911
2023-01-16,6.595,6.75,6.27,6.54,11319498,2023-01-16 23:59:59.999,73994805.321,216876,5535020,36187828.152,0,2023-01-16,81.32691278758696,5.6699,0.5281980190847678,1.6472988700481324,-0.008189262966333044,-0.008222979180431992
2023-01-17,6.542,6.653,6.316,6.342,8048248,2023-01-17 23:59:59.999,52296279.031,163850,3904057,25378309.361,0,2023-01-17,73.45948568655993,5.73865,0.5213337424810471,1.1573200635904253,-0.03027522935779825,-0.03074298935295184
2023-01-18,6.343,6.823,5.963,6.037,17094605,2023-01-18 23:59:59.999,108668812.394,363472,8284936,52724029.653,0,2023-01-18,61.482820976491865,5.788349999999999,0.4984011568551644,0.4988953106949916,-0.048092084515925504,-0.0492869763018664
2023-01-19,6.038,6.194,5.976,6.164,5776595,2023-01-19 23:59:59.999,35220978.804,144956,2896799,17665353.649,0,2023-01-19,68.11726981218507,5.84165,0.4772389090512944,0.6754478603615981,0.021036938876925593,0.02081871764358018
2023-01-20,6.164,6.71,6.069,6.67,6819919,2023-01-20 23:59:59.999,43002139.098,162814,3557754,22444916.761,0,2023-01-20,72.64150943396227,5.91685,0.48362352419478877,1.557306380523901,0.0820895522388061,0.07889394246966315
2023-01-21,6.672,6.828,6.512,6.665,8557579,2023-01-21 23:59:59.999,57302625.326,188680,4160639,27869278.983,0,2023-01-21,75.64469914040116,5.98775,0.48419416233450163,1.3987157481095924,-0.0007496251874062887,-0.0007499062968603498
2023-01-22,6.666,7.117,6.607,6.893,10853281,2023-01-22 23:59:59.999,74738449.872,235658,5317072,36615587.798,0,2023-01-22,76.23801916932908,6.06395,0.5013105430000778,1.653765338822868,0.03420855213803442,0.03363645027284269
2023-01-23,6.892,7.042,6.56,6.723,12148823,2023-01-23 23:59:59.999,83034118.853,263008,5889303,40240800.582,0,2023-01-23,69.01579586877278,6.131349999999999,0.4943774687176547,1.196757614246978,-0.02466270129116499,-0.02497192041661517
2023-01-24,6.724,6.838,6.2,6.295,9558279,2023-01-24 23:59:59.999,63134472.481,226206,4555429,30117963.118,0,2023-01-24,58.880442294402215,6.16965,0.47452971455614307,0.26415627126163777,-0.0636620556299271,-0.06577881599058914
2023-01-25,6.294,6.703,6.1,6.596,10208037,2023-01-25 23:59:59.999,64939798.0,233994,5022194,31943188.047,0,2023-01-25,61.136512083605496,6.2308,0.44430473183794356,0.8219583853840283,0.047815726767275635,0.046707737201042
2023-01-26,6.595,6.802,6.443,6.743,8729547,2023-01-26 23:59:59.999,57671255.448,213546,4322273,28562264.069,0,2023-01-26,59.60624575695861,6.29205,0.42488146643866537,1.0613548380442206,0.022286234081261513,0.022041525055092562
2023-01-27,6.744,6.882,6.556,6.876,7685480,2023-01-27 23:59:59.999,51721345.294,176609,3632368,24448495.561,0,2023-01-27,59.63364993215741,6.3652500000000005,0.3899599000935578,1.3097500534733506,0.0197241583864749,0.019532157768157966
2023-01-28,6.876,6.92,6.545,6.634,5834860,2023-01-28 23:59:59.999,39312223.11,141030,2751022,18531231.32,0,2023-01-28,50.1739735560195,6.417999999999999,0.34699400874084113,0.6224891339876841,-0.03519488074461896,-0.03582914699574214
2023-01-29,6.633,6.992,6.554,6.929,7062968,2023-01-29 23:59:59.999,48453130.925,174516,3500892,24011152.017,0,2023-01-29,55.336094297546985,6.47525,0.33097191405241944,1.3709622500721776,0.044467892674103116,0.04350756212038356
2023-01-30,6.93,7.017,6.339,6.515,8549057,2023-01-30 23:59:59.999,56981170.008,219032,4034335,26891206.792,0,2023-01-30,49.64275507287796,6.511950000000001,0.2878198403917059,0.010596906717230606,-0.05974888151248381,-0.06160829206843583
2023-01-31,6.514,6.653,6.431,6.559,5701563,2023-01-31 23:59:59.999,37336053.707,148571,2756164,18047640.238,0,2023-01-31,53.24364723467863,6.544199999999999,0.2510853492905858,0.05894410025044001,0.0067536454336147855,0.006730941734790051
2023-02-01,6.558,6.92,6.313,6.806,8254498,2023-02-01 23:59:59.999,54373310.29,214501,4104496,27041038.299,0,2023-02-01,61.697596592637666,6.57565,0.24189542650745327,0.9522710012580666,0.03765817960054885,0.03696642376711553
2023-02-02,6.806,7.539,6.805,7.122,14918274,2023-02-02 23:59:59.999,106663239.166,352427,7380327,52770497.755,0,2023-02-02,63.780207134637514,6.61635,0.2621255775727751,1.9290372373509193,0.0464296209227153,0.04538400877687204
2023-02-03,7.121,7.3,6.925,7.065,10446862,2023-02-03 23:59:59.999,74219203.303,250551,4978483,35385448.09,0,2023-02-03,56.524611826891324,6.6384,0.28069376457359385,1.519805759305181,-0.00800336983993255,-0.00803556871909517
2023-02-04,7.065,7.357,7.017,7.211,6496719,2023-02-04 23:59:59.999,46806053.01,162644,3059214,22044094.168,0,2023-02-04,58.61742424242425,6.66925,0.3081229889388431,1.7582264856827288,0.020665251238499716,0.02045462179813178
2023-02-05,7.211,7.334,6.749,6.89,8401609,2023-02-05 23:59:59.999,59089655.222,221025,4015006,28240597.518,0,2023-02-05,49.9540018399264,6.686750000000001,0.31032714062315936,0.6549539933628046,-0.044515323810844665,-0.045536552909055394
2023-02-06,6.891,6.981,6.591,6.649,7271256,2023-02-06 23:59:59.999,49547492.583,193054,3373517,22993968.247,0,2023-02-06,48.88955582232894,6.7021,0.2997907866934806,-0.17712352199232695,-0.03497822931785188,-0.035604617605249224
2023-02-07,6.648,7.016,6.631,6.986,6825594,2023-02-07 23:59:59.999,46534216.028,180601,3451448,23533057.183,0,2023-02-07,60.660290033940136,6.749549999999999,0.2616573643385934,0.9036626987269745,0.05068431343059099,0.04944167896432226
2023-02-08,6.986,7.07,6.578,6.812,7250596,2023-02-08 23:59:59.999,49621922.041,192118,3490807,23889457.347,0,2023-02-08,53.468208092485554,6.78195,0.22252888043670657,0.13503865179669203,-0.024906956770684108,-0.02522238358419826
2023-02-09,6.813,6.867,6.143,6.324,12208271,2023-02-09 23:59:59.999,80240451.936,314543,5928878,38978613.258,0,2023-02-09,43.93632416787264,6.7646500000000005,0.24409473462267994,-1.805241725845314,-0.0716382853787435,-0.07433384345321638
2023-02-10,6.325,6.478,6.24,6.358,8527760,2023-02-10 23:59:59.999,54254891.256,208299,4266038,27139907.259,0,2023-02-10,42.28247914183551,6.7493,0.259836406016491,-1.5059475536894766,0.005376344086021501,0.005361943141385373
2023-02-11,6.357,6.498,6.328,6.476,3749123,2023-02-11 23:59:59.999,24045584.946,112581,1828231,11724891.47,0,2023-02-11,47.555693069306926,6.72845,0.26438936099501603,-0.954841749493689,0.018559295375904394,0.018389173326777756
2023-02-12,6.475,6.554,6.285,6.34,3640068,2023-02-12 23:59:59.999,23509952.703,108892,1795354,11599338.32,0,2023-02-12,40.416531077123324,6.709300000000001,0.27830901038231126,-1.3269423059379064,-0.02100061766522543,-0.021224267366254122
2023-02-13,6.341,6.378,6.077,6.241,8888536,2023-02-13 23:59:59.999,55282328.942,235323,4341792,27004532.555,0,2023-02-13,45.03263234227701,6.7066,0.2827661112669509,-1.646590526403079,-0.01561514195583602,-0.015738342497228677
2023-02-14,6.241,6.585,6.201,6.583,6720652,2023-02-14 23:59:59.999,42820630.403,194778,3324637,21182372.699,0,2023-02-14,50.39267015706806,6.70595,0.2830485312617866,-0.4343778059964041,0.0547989104310207,0.05335014253383374
2023-02-15,6.584,6.945,6.493,6.929,7724454,2023-02-15 23:59:59.999,51553448.581,213019,3857023,25750287.529,0,2023-02-15,51.94928684627576,6.71525,0.28735286852484365,0.7438589393497561,0.052559623272064426,0.05122493415950459
2023-02-16,6.93,7.019,6.464,6.475,9556759,2023-02-16 23:59:59.999,65129464.927,267244,4548883,31009906.831,0,2023-02-16,40.17613118736714,6.6952,0.28952785521291335,-0.760548582926742,-0.0655217203059606,-0.06776689505964292
2023-02-17,6.474,6.825,6.439,6.737,8865532,2023-02-17 23:59:59.999,58945850.318,257095,4320844,28736416.16,0,2023-02-17,45.311606632361354,6.70035,0.2892979296539906,0.1266860085858008,0.04046332046332046,0.039666114392921344
2023-02-18,6.736,7.155,6.726,6.975,9250829,2023-02-18 23:59:59.999,64400893.461,250781,4834509,33639861.633,0,2023-02-18,46.71309192200556,6.70265,0.2913867523936301,0.9346684355508579,0.03532729701647619,0.034717605728906545
2023-02-19,6.974,7.614,6.958,7.208,11881104,2023-02-19 23:59:59.999,86516920.673,317659,5831866,42470546.389,0,2023-02-19,54.54026270702456,6.737299999999999,0.30859377146388056,1.5253062230230203,0.03340501792114714,0.032859192598607645
2023-02-20,7.208,7.379,7.037,7.377,7890909,2023-02-20 23:59:59.999,57309104.477,219371,3793438,27551244.626,0,2023-02-20,60.61224489795917,6.7782,0.33665077954054357,1.7786977972165516,0.023446170921198606,0.023175531596128354
2023-02-21,7.376,7.444,6.853,7.038,9171549,2023-02-21 23:59:59.999,65576349.0,256348,4356372,31153383.767,0,2023-02-21,50.75757575757576,6.7898,0.341619455869269,0.7265394161127107,-0.04595363969093125,-0.047043013002771764
2023-02-22,7.038,7.055,6.71,6.935,7361135,2023-02-22 23:59:59.999,50627514.887,214540,3567464,24540768.292,0,2023-02-22,51.82981255578696,6.78045,0.3345343149686917,0.46198549172590414,-0.014634839443023684,-0.014742985132598599
2023-02-23,6.935,7.054,6.811,6.95,5657906,2023-02-23 23:59:59.999,39354647.75,175301,2733762,19015772.906,0,2023-02-23,60.837950138504155,6.7747,0.33034815764582665,0.5306522707716835,0.00216294160057684,0.0021606058099059074
2023-02-24,6.95,7.053,6.461,6.571,7606273,2023-02-24 23:59:59.999,51488838.405,225682,3578754,24241181.784,0,2023-02-24,53.294154036498604,6.742699999999999,0.3165707869572359,-0.5423747454726253,-0.05453237410071954,-0.05607563166097007
2023-02-25,6.571,6.621,6.268,6.467,4821335,2023-02-25 23:59:59.999,31252049.59,165115,2391123,15507607.814,0,2023-02-25,49.860205032618815,6.721550000000001,0.3203198196161623,-0.7946745234341945,-0.01582711915994528,-0.015953705451275148
2023-02-26,6.466,6.651,6.423,6.607,3113837,2023-02-26 23:59:59.999,20388953.549,117623,1580941,10353808.479,0,2023-02-26,54.14210363015824,6.71945,0.3209575271081074,-0.3503578838396386,0.021648368640791782,0.021417370583292978
2023-02-27,6.607,6.646,6.37,6.434,5674350,2023-02-27 23:59:59.999,36960948.805,159513,2768811,18044713.678,0,2023-02-27,52.92690324537459,6.69185,0.3205635292927287,-0.8043647403336979,-0.02618434993189045,-0.02653326423091407
2023-02-28,6.435,6.626,6.397,6.499,6801132,2023-02-28 23:59:59.999,44299090.33,172665,3321717,21646777.108,0,2023-02-28,48.609271523178805,6.6762,0.3220260858949444,-0.5502659808056933,0.010102580043518827,0.010051890095377245
2023-03-01,6.499,6.872,6.464,6.84,8795093,2023-03-01 23:59:59.999,59337707.372,233892,4451961,30037912.257,0,2023-03-01,48.52404643449419,6.702,0.3128635148817943,0.4410869067047939,0.052469610709339864,0.05113941272224723
2023-03-02,6.841,6.896,6.555,6.634,6280168,2023-03-02 23:59:59.999,42045590.901,173028,3024749,20255300.32,0,2023-03-02,52.87314781351645,6.7158,0.30281722817738604,-0.2701299410616167,-0.03011695906432743,-0.03057979110959836
2023-03-03,6.635,6.64,6.085,6.269,9281787,2023-03-03 23:59:59.999,57921434.192,250486,4497352,28036005.017,0,2023-03-03,41.846689895470384,6.705450000000001,0.3147472628483162,-1.3866681350945878,-0.05501959602050044,-0.0565910882330292
2023-03-04,6.27,6.295,6.003,6.159,5749967,2023-03-04 23:59:59.999,35436957.307,148175,2809009,17308672.601,0,2023-03-04,35.1203501094092,6.6964,0.32812600275051645,-1.6377854711154982,-0.017546658159196094,-0.017702425586925308
2023-03-05,6.159,6.386,6.117,6.347,7512337,2023-03-05 23:59:59.999,47157623.305,165335,3763069,23627250.696,0,2023-03-05,34.03781979977754,6.7017,0.3211653287916908,-1.1044156021899216,0.030524435785030057,0.030067833619426863
2023-03-06,6.347,6.442,6.241,6.335,8849840,2023-03-06 23:59:59.999,56167980.724,194273,4384137,27833153.832,0,2023-03-06,29.48818897637797,6.6893,0.330637358982186,-1.0715667494159036,-0.0018906570033087045,-0.0018924465512307337
2023-03-07,6.336,6.482,6.26,6.427,10219052,2023-03-07 23:59:59.999,65105306.397,204830,4988875,31792758.33,0,2023-03-07,36.676842564326215,6.664199999999999,0.33053745706520443,-0.7176191228251861,0.0145224940805051,0.01441805261604673
2023-03-08,6.427,6.498,6.053,6.1,11567583,2023-03-08 23:59:59.999,73274419.19,234650,5678126,35959528.017,0,2023-03-08,33.412793007548686,6.645449999999999,0.35178783602586433,-1.5505084148500714,-0.050879103780924195,-0.05221909520988354
2023-03-09,6.1,6.198,5.587,5.723,12881321,2023-03-09 23:59:59.999,76642170.394,246684,6286341,37393234.002,0,2023-03-09,28.690517540812777,6.59475,0.4066850423620412,-2.1435506822106007,-0.06180327868852453,-0.06379562775230029
2023-03-10,5.723,5.73,5.356,5.616,12659522,2023-03-10 23:59:59.999,70555998.183,270544,6261459,34896985.493,0,2023-03-10,31.68392788645953,6.5268,0.45093348791491344,-2.019810070464003,-0.018696487856019628,-0.018873476703455284
2023-03-11,5.617,5.78,5.222,5.431,14618716,2023-03-11 23:59:59.999,79463960.466,287532,7232214,39339810.934,0,2023-03-11,30.729166666666686,6.437949999999999,0.48353614951885016,-2.082470981749719,-0.03294159544159536,-0.03349638767080169
2023-03-12,5.432,5.91,5.376,5.899,9179779,2023-03-12 23:59:59.999,51122159.624,216299,4557195,25368834.586,0,2023-03-12,38.262599469496024,6.364050000000001,0.4437735879535734,-1.0479442955236289,0.08617197569508384,0.08265956596823006
2023-03-13,5.898,6.207,5.788,6.091,15975130,2023-03-13 23:59:59.999,96269452.908,345102,7882074,47512971.952,0,2023-03-13,44.34925864909391,6.316699999999999,0.417843599545296,-0.5401542592625787,0.03254788947279197,0.03202942683340932
2023-03-14,6.092,6.594,5.972,6.32,14601725,2023-03-14 23:59:59.999,91796423.677,338182,7130861,44862618.887,0,2023-03-14,47.2022507033448,6.285950000000001,0.391762344039445,0.08691493840094885,0.0375964537842719,0.036906936304418506
2023-03-15,6.319,6.435,5.72,5.908,13747127,2023-03-15 23:59:59.999,83538913.517,305757,6703164,40719591.852,0,2023-03-15,35.74923547400613,6.23385,0.3673283738118687,-0.887080942369259,-0.06518987341772153,-0.06741184348963271
2023-03-16,5.907,5.994,5.779,5.9,8720229,2023-03-16 23:59:59.999,51444655.708,212789,4356135,25699376.168,0,2023-03-16,38.05338541666668,6.2003,0.3655526601806657,-0.8214958683424268,-0.0013540961408260443,-0.0013550137574596468
2023-03-17,5.9,6.432,5.822,6.403,12506480,2023-03-17 23:59:59.999,76769757.785,276514,6284171,38552285.318,0,2023-03-17,52.087227414330215,6.197100000000001,0.3633687267441807,0.5666420493719506,0.08525423728813553,0.0818142796249913
2023-03-18,6.403,6.624,6.29,6.512,12637142,2023-03-18 23:59:59.999,82072381.696,280878,6078040,39471877.549,0,2023-03-18,55.50015581177937,6.19235,0.358314221844021,0.8920940909209774,0.01702327034202722,0.016879998163574085
2023-03-19,6.51,6.712,6.405,6.484,11774123,2023-03-19 23:59:59.999,77211695.26,258195,5752976,37730218.428,0,2023-03-19,52.24663824204656,6.19485,0.3602581347880292,0.8026189336991155,-0.004299754299754266,-0.0043090248268094706
2023-03-20,6.484,6.577,6.147,6.175,11121793,2023-03-20 23:59:59.999,70818199.257,277249,5324203,33912665.962,0,2023-03-20,47.609085475194256,6.178649999999999,0.353074507563876,-0.010337761355764696,-0.04765576804441707,-0.04882872135938882
2023-03-21,6.175,6.513,6.032,6.421,11132424,2023-03-21 23:59:59.999,70157795.77,292693,5583413,35206699.078,0,2023-03-21,49.914285714285725,6.1577,0.32290965006019323,0.8153983628266255,0.03983805668016194,0.03906498629787042
2023-03-22,6.419,6.448,5.895,6.068,12068743,2023-03-22 23:59:59.999,75163625.093,317245,5821517,36249229.859,0,2023-03-22,49.54622802041974,6.1293999999999995,0.3031682527416301,-0.20252780244878404,-0.05497586045787273,-0.05654480732562563
2023-03-23,6.067,6.442,6.009,6.238,9167865,2023-03-23 23:59:59.999,57137437.524,219688,4572055,28508025.685,0,2023-03-23,57.758360952094016,6.1278500000000005,0.3024954588556784,0.3641376978573186,0.02801582069874775,0.02763055669932592
2023-03-24,6.238,6.286,5.8,5.879,13352814,2023-03-24 23:59:59.999,79945709.922,317160,6100329,36522217.55,0,2023-03-24,53.68244189302717,6.11385,0.30741730166850934,-0.7639452910599073,-0.05755049695415215,-0.059272938765493825
2023-03-25,5.879,5.909,5.656,5.707,7160927,2023-03-25 23:59:59.999,41503142.923,171349,3471686,20131886.858,0,2023-03-25,53.878583473861724,6.08185,0.31508482984225217,-1.189679617986273,-0.02925667630549411,-0.02969318786554683
2023-03-26,5.708,5.868,5.676,5.781,5544052,2023-03-26 23:59:59.999,31991123.691,135337,2765104,15954301.585,0,2023-03-26,48.13527180783818,6.05415,0.31600887312139414,-0.86437446297614,0.012966532328719138,0.012883186545768017
2023-03-27,5.781,5.823,5.492,5.644,8749612,2023-03-27 23:59:59.999,49612748.31,207675,4158826,23579921.463,0,2023-03-27,42.811193309745896,6.015,0.31588822139763745,-1.1744660765080819,-0.023698322089603763,-0.023983644109771343
2023-03-28,5.644,5.887,5.567,5.802,7381327,2023-03-28 23:59:59.999,42192852.143,186491,3694409,21131114.299,0,2023-03-28,41.47465437788017,6.0001,0.31868362466290406,-0.62161963988437,0.027994330262225198,0.027609651708644534
2023-03-29,5.803,6.029,5.803,5.942,6782170,2023-03-29 23:59:59.999,40388221.102,160839,3441265,20490901.441,0,2023-03-29,50.614605929139536,6.011049999999999,0.3123610385719739,-0.2210582994462945,0.024129610479145303,0.0238430913412038
2023-03-30,5.941,6.07,5.823,5.895,8798361,2023-03-30 23:59:59.999,52074408.168,193383,4239354,25094363.492,0,2023-03-30,49.910873440285194,6.025,0.2997656979724703,-0.433672034122929,-0.00790979468192543,-0.007941243051081804
2023-03-31,5.896,6.125,5.863,6.061,6851452,2023-03-31 23:59:59.999,41129644.112,155584,3488043,20936599.96,0,2023-03-31,43.0713128038898,6.0565,0.26516578726064755,0.016970515112407197,0.028159457167090896,0.027770268979813866
2023-04-01,6.061,6.193,6.017,6.096,5706988,2023-04-01 23:59:59.999,34832863.16,131327,2716909,16581434.331,0,2023-04-01,41.31161236424397,6.06635,0.2626543205469532,0.11288601664064314,0.005774624649397708,0.00575801541519709
2023-04-02,6.096,6.118,5.877,5.944,6019356,2023-04-02 23:59:59.999,36073427.589,136161,2870743,17206895.582,0,2023-04-02,39.27720413026213,6.059,0.2639816580487951,-0.43563632734946794,-0.02493438320209973,-0.025250510968887103
2023-04-03,5.944,6.081,5.808,5.926,9187357,2023-04-03 23:59:59.999,54651694.043,222176,4489684,26726875.4,0,2023-04-03,44.40951953300406,6.0393,0.25811525372833044,-0.4389511985961489,-0.003028263795423869,-0.003032858264084454
2023-04-04,5.926,6.206,5.872,6.151,7727002,2023-04-04 23:59:59.999,46741163.111,191706,3887573,23501495.099,0,2023-04-04,43.88032638259292,6.05145,0.2573274536806532,0.3868611707616036,0.03796827539655756,0.03726522107485774
2023-04-05,6.151,6.344,6.124,6.228,7581018,2023-04-05 23:59:59.999,47386753.02,182355,3665077,22909901.033,0,2023-04-05,54.145077720207254,6.06785,0.25761911398701687,0.6216541836568493,0.012518289708990382,0.012440583745520652
2023-04-06,6.227,6.238,6.031,6.072,6087726,2023-04-06 23:59:59.999,37302144.544,147608,2830949,17347679.754,0,2023-04-06,45.66805845511482,6.0512999999999995,0.24529232827894465,0.08438910480910237,-0.025048169556840083,-0.0253672138784231
2023-04-07,6.073,6.099,5.944,5.999,5612071,2023-04-07 23:59:59.999,33704238.573,131935,2604664,15643332.747,0,2023-04-07,53.68098159509202,6.02565,0.22011128165657803,-0.12107512072725067,-0.012022397891963132,-0.012095251422372784
2023-04-08,5.998,6.052,5.885,5.91,4836293,2023-04-08 23:59:59.999,28870495.906,107026,2343883,13996883.221,0,2023-04-08,56.56108597285069,5.99695,0.19294762719145467,-0.4506404212668687,-0.014835805967661209,-0.014946957252949143
2023-04-09,5.91,5.956,5.811,5.909,6179465,2023-04-09 23:59:59.999,36336594.951,127882,3057681,17984006.983,0,2023-04-09,54.34192672998643,5.98365,0.18915915742784023,-0.39464121650297224,-0.00016920473773274214,-0.00016921905446937364
2023-04-10,5.908,6.043,5.826,6.008,6807823,2023-04-10 23:59:59.999,40363363.331,143701,3367247,19965507.179,0,2023-04-10,62.67409470752088,5.962999999999999,0.15904848647294137,0.28293258865846915,0.016754103909290885,0.01661530209829605
2023-04-11,6.009,6.093,5.911,5.929,6995317,2023-04-11 23:59:59.999,42039610.843,150604,3342251,20093940.375,0,2023-04-11,54.67943994104645,5.956049999999999,0.1572455254048859,-0.17202397289429414,-0.013149134487350111,-0.013236349736602884
2023-04-12,5.929,6.004,5.705,5.945,9674633,2023-04-12 23:59:59.999,56845786.156,218127,4651203,27334655.708,0,2023-04-12,50.12165450121655,5.9414,0.14255761530310784,0.02525294767554946,0.0026986001011974903,0.002694965417514494
2023-04-13,5.946,6.243,5.893,6.207,10584828,2023-04-13 23:59:59.999,64619680.05,214181,5353094,32680032.97,0,2023-04-13,60.77348066298344,5.9578,0.15345172392530612,1.6239635086882453,0.0440706476030277,0.043127157288770465
2023-04-14,6.208,6.473,6.116,6.303,14086939,2023-04-14 23:59:59.999,88766601.948,262143,6976920,43958515.5,0,2023-04-14,58.78084179970973,5.9876,0.15991820276520485,1.9722582829615527,0.015466408893185069,0.015348023099457342
2023-04-15,6.302,6.367,6.22,6.268,6569924,2023-04-15 23:59:59.999,41292790.438,135418,3207447,20161757.852,0,2023-04-15,56.24092888243832,6.01195,0.16383318697566884,1.5628701652371968,-0.005552911312073583,-0.0055683860371986285
2023-04-16,6.268,6.508,6.136,6.316,11783756,2023-04-16 23:59:59.999,74138184.351,231312,5757562,36254711.169,0,2023-04-16,64.59968602825745,6.04555,0.1529473507517483,1.7682555380705602,0.007657945118060061,0.007628771899621336
2023-04-17,6.315,6.328,6.06,6.131,11396364,2023-04-17 23:59:59.999,70259108.572,215804,5242172,32333827.003,0,2023-04-17,57.113115891741856,6.061999999999999,0.1427249839703946,0.4834472429460107,-0.029290690310322942,-0.02972822761284473
2023-04-18,6.131,6.378,6.026,6.33,11269782,2023-04-18 23:59:59.999,70636425.911,204407,5665654,35524662.031,0,2023-04-18,56.32508833922263,6.0814,0.15164619486744005,1.6393421557152215,0.032458000326210934,0.03194236737553382
2023-04-19,6.331,6.504,5.71,5.827,18130704,2023-04-19 23:59:59.999,109886397.919,370809,8342068,50586414.471,0,2023-04-19,39.10917979359045,6.077999999999999,0.15672268500992576,-1.601555001333105,-0.07946287519747242,-0.08279794799514774
2023-04-20,5.826,5.96,5.643,5.78,10830917,2023-04-20 23:59:59.999,63176168.223,227311,5123955,29892497.489,0,2023-04-20,41.570438799076214,6.06395,0.17033171196809263,-1.667041308509779,-0.00806590012013042,-0.008098605476651031
2023-04-21,5.781,5.835,5.35,5.465,11352277,2023-04-21 23:59:59.999,64012544.924,246179,5403713,30498893.258,0,2023-04-21,36.4741641337386,6.0324,0.21631492635769276,-2.6230274977037977,-0.054498269896193885,-0.05603956105578434
2023-04-22,5.465,5.548,5.44,5.498,5968269,2023-04-22 23:59:59.999,32775415.99,112112,2907373,15965867.845,0,2023-04-22,39.25964546402503,6.0100999999999996,0.246755131118993,-2.0753367829787854,0.006038426349496806,0.006020268114552095
2023-04-23,5.499,5.537,5.301,5.425,7652697,2023-04-23 23:59:59.999,41586820.47,161239,3839326,20861852.085,0,2023-04-23,37.83919597989949,5.98505,0.2790579028707124,-2.0069311574360666,-0.013277555474718206,-0.01336649031653085
2023-04-24,5.425,5.518,5.286,5.355,7365326,2023-04-24 23:59:59.999,39796068.19,170092,3634814,19645053.417,0,2023-04-24,33.35033146353902,5.94525,0.309272129356492,-1.9085133899008064,-0.012903225806451535,-0.012987195526811079
2023-04-25,5.355,5.471,5.227,5.449,8024089,2023-04-25 23:59:59.999,42726646.045,176419,3910094,20825631.0,0,2023-04-25,37.854251012145724,5.9063,0.3206334355563879,-1.4262392791520877,0.017553688141923374,0.01740140170124914
2023-04-26,5.449,5.679,5.116,5.352,12374166,2023-04-26 23:59:59.999,67266805.108,266950,5963625,32425165.199,0,2023-04-26,35.58580456976178,5.8703,0.3408335139143638,-1.5206837908851463,-0.017801431455312766,-0.017961782775033828
2023-04-27,5.352,5.59,5.337,5.551,12151599,2023-04-27 23:59:59.999,66383414.077,255008,6063332,33138288.248,0,2023-04-27,33.55065195586761,5.8479,0.34660274545158687,-0.8566002546032072,0.0371823617339313,0.03650776888209697
2023-04-28,5.551,5.566,5.437,5.521,4614508,2023-04-28 23:59:59.999,25399160.679,106506,2193836,12077650.193,0,2023-04-28,29.71991701244812,5.82845,0.3537749024105964,-0.8690554301762458,-0.005404431633939888,-0.005419088406116739
2023-04-29,5.522,5.636,5.493,5.63,4226904,2023-04-29 23:59:59.999,23587658.158,103733,2099108,11715431.434,0,2023-04-29,34.06593406593406,5.814500000000001,0.35592570188149547,-0.5183666114155183,0.019742800217351864,0.019550438849691393
2023-04-30,5.63,5.669,5.43,5.445,6186851,2023-04-30 23:59:59.999,34432638.109,138081,3004298,16728001.729,0,2023-04-30,29.64001870032726,5.7863500000000005,0.36202780861033174,-0.9428833694027411,-0.03285968028419173,-0.033411685766675116
2023-05-01,5.445,5.49,5.258,5.327,7124410,2023-05-01 23:59:59.999,38190741.3,165109,3388690,18164970.878,0,2023-05-01,30.598455598455587,5.75625,0.37435922446767106,-1.1466259462696073,-0.021671258034894447,-0.021909528450061753
2023-05-02,5.327,5.354,5.226,5.322,5783422,2023-05-02 23:59:59.999,30680885.143,111441,2839806,15067101.161,0,2023-05-02,23.16293929712458,5.725099999999999,0.38363166270296495,-1.0507474726143973,-0.0009386146048432353,-0.0009390553793646342
2023-05-03,5.323,5.397,5.175,5.387,8000151,2023-05-03 23:59:59.999,42139252.046,179631,4011968,21134258.514,0,2023-05-03,34.7222222222222,5.6841,0.373092044515648,-0.7963182393387634,0.012213453588876266,0.012139471142899169
2023-05-04,5.387,5.398,5.206,5.261,6228304,2023-05-04 23:59:59.999,32998044.835,137030,2920649,15485133.477,0,2023-05-04,32.91639236339695,5.632,0.3544041701026115,-1.0468274114624074,-0.023389641730090838,-0.023667520949726403
2023-05-05,5.262,5.612,5.235,5.541,12918775,2023-05-05 23:59:59.999,70335921.456,257539,6855107,37317960.252,0,2023-05-05,52.56064690026956,5.595650000000001,0.3214934353046878,-0.16998791887681092,0.05322182094658823,0.051853867136542546
2023-05-06,5.542,5.602,5.252,5.284,11375794,2023-05-06 23:59:59.999,61551222.212,214037,5313477,28762732.423,0,2023-05-06,43.73536299765806,5.54405,0.2799222589385561,-0.9290079359393939,-0.0463815195813031,-0.04749160322513381
2023-05-07,5.285,5.347,5.232,5.259,5465529,2023-05-07 23:59:59.999,28970656.812,104862,2623417,13907247.36,0,2023-05-07,45.00000000000001,5.50045,0.24999967894041253,-0.9658012403189892,-0.004731264193792439,-0.004742492052871605
2023-05-08,5.26,5.277,4.743,4.963,14057365,2023-05-08 23:59:59.999,70888716.614,287389,6785558,34226548.267,0,2023-05-08,39.60763520678683,5.4321,0.19122345704157062,-2.4531509222637946,-0.05628446472713444,-0.05793049800190339
2023-05-09,4.964,5.011,4.883,4.952,7338091,2023-05-09 23:59:59.999,36449510.303,126589,3584437,17808240.879,0,2023-05-09,36.21741541874653,5.388350000000001,0.19615119704419198,-2.2245594550294445,-0.0022164013701390095,-0.0022188612230087546
2023-05-10,4.951,5.136,4.84,5.129,11429619,2023-05-10 23:59:59.999,57448543.45,208614,5867325,29494436.477,0,2023-05-10,44.07859798194368,5.3558,0.18118225774870064,-1.2517781973694788,0.035743134087237394,0.03511917302483634
2023-05-11,5.129,5.196,4.865,5.06,14079076,2023-05-11 23:59:59.999,71590831.204,247970,6961901,35411926.94,0,2023-05-11,35.995436394751835,5.33555,0.1907167850553815,-1.4448125261758376,-0.013452914798206317,-0.01354422510775726
2023-05-12,5.06,5.211,4.898,5.191,11083581,2023-05-12 23:59:59.999,56105313.587,227530,5510148,27903396.699,0,2023-05-12,41.10032362459546,5.3202,0.1893030430338034,-0.6825035558299453,0.02588932806324107,0.025559873545717756
2023-05-13,5.192,5.207,5.072,5.1,4687427,2023-05-13 23:59:59.999,24040962.137,96122,2178352,11176597.769,0,2023-05-13,35.56644880174291,5.3039499999999995,0.19373081567979988,-1.0527494001630093,-0.017530340974764025,-0.017685817114811896
2023-05-14,5.101,5.185,5.07,5.136,4523685,2023-05-14 23:59:59.999,23211014.812,84286,2223532,11406718.63,0,2023-05-14,40.841730883224656,5.293,0.19685741566385942,-0.79753155079554,0.007058823529411784,0.007034026657379982
2023-05-15,5.135,5.219,5.068,5.114,6532595,2023-05-15 23:59:59.999,33682979.721,122176,3125887,16120519.163,0,2023-05-15,43.30609679446889,5.276249999999999,0.19713710830351508,-0.823031246609324,-0.004283489096573279,-0.004292689518665244
2023-05-16,5.114,5.155,5.029,5.139,7353740,2023-05-16 23:59:59.999,37527729.856,139068,3625664,18507334.334,0,2023-05-16,44.32029795158288,5.2656,0.19857767934344475,-0.6375338880914312,0.0048885412592882815,0.004876631141097724
2023-05-17,5.14,5.339,5.105,5.335,11444941,2023-05-17 23:59:59.999,59542187.254,200965,5770071,30031500.612,0,2023-05-17,48.50746268656718,5.2548,0.1878211915535201,0.4270018698989375,0.038139715898034554,0.03743037674362406
2023-05-18,5.334,5.425,5.206,5.305,11047282,2023-05-18 23:59:59.999,58887107.13,200399,5349663,28515801.68,0,2023-05-18,51.336573511543115,5.244000000000001,0.17764304835304207,0.34338523553575606,-0.005623242736644829,-0.005639112687770262
2023-05-19,5.305,5.373,5.255,5.315,6613437,2023-05-19 23:59:59.999,35129193.537,110223,3286649,17457491.26,0,2023-05-19,41.78779069767443,5.22825,0.154010893315173,0.5632718448199131,0.0018850141376061114,0.0018832397279648725
2023-05-20,5.314,5.318,5.24,5.288,4244857,2023-05-20 23:59:59.999,22395154.653,77171,2105465,11106821.073,0,2023-05-20,50.17452006980805,5.2204,0.1461838784283954,0.46243129356506135,-0.005079962370649116,-0.005092909244526099
2023-05-21,5.289,5.298,5.084,5.11,6030175,2023-05-21 23:59:59.999,31224495.354,119259,2713021,14053666.443,0,2023-05-21,44.26481909160894,5.20955,0.1459082173536277,-0.6822782280913441,-0.03366111951588502,-0.03424069833377209
2023-05-22,5.11,5.139,5.042,5.072,7604546,2023-05-22 23:59:59.999,38735715.999,116217,3815671,19437551.498,0,2023-05-22,55.23535062439961,5.19705,0.1464752448879865,-0.853727878015353,-0.007436399217221168,-0.0074641870806882995
2023-05-23,5.073,5.2,5.025,5.071,9554773,2023-05-23 23:59:59.999,48858913.872,147324,4744982,24278953.308,0,2023-05-23,55.77109602327835,5.18125,0.1418783299975291,-0.7770742720323864,-0.00019716088328081138,-0.00019718032204284373
2023-05-24,5.07,5.071,4.85,4.971,8854140,2023-05-24 23:59:59.999,43875392.121,155130,4357806,21590747.949,0,2023-05-24,41.71907756813422,5.16675,0.147986441401484,-1.3227563156879676,-0.01971997633602829,-0.01991700970034635
2023-05-25,4.971,4.98,4.858,4.949,5859984,2023-05-25 23:59:59.999,28951939.24,92967,2900974,14331785.059,0,2023-05-25,43.88092613009926,5.13715,0.12689169645072793,-1.48276053723546,-0.004425668879501132,-0.004435491142786568
2023-05-26,4.95,5.017,4.935,4.972,4953617,2023-05-26 23:59:59.999,24652360.255,88847,2323102,11560423.208,0,2023-05-26,36.29536921151449,5.12155,0.12706627983161536,-1.1769448212238451,0.004647403515861903,0.004636637678715783
2023-05-27,4.973,5.044,4.96,5.04,3998489,2023-05-27 23:59:59.999,19997616.507,73614,2086035,10431111.536,0,2023-05-27,46.13402061855674,5.1106,0.12399719859625173,-0.5693677018452731,0.013676588897827857,0.01358390843481259
2023-05-28,5.039,5.172,5.025,5.142,4627369,2023-05-28 23:59:59.999,23554781.428,96474,2362362,12029152.507,0,2023-05-28,50.35629453681711,5.119549999999999,0.11914806134754197,0.18842102629363608,0.020238095238095388,0.020036026760420638
2023-05-29,5.142,5.168,5.079,5.097,5954818,2023-05-29 23:59:59.999,30535437.416,91618,2818927,14451960.637,0,2023-05-29,49.01734104046246,5.1268,0.11265064765732875,-0.2645346531042435,-0.008751458576429338,-0.008789977485793007
2023-05-30,5.097,5.201,5.086,5.134,6233526,2023-05-30 23:59:59.999,32089317.978,100994,3070859,15807707.46,0,2023-05-30,49.714937286202975,5.1270500000000006,0.11266133459334002,0.06168931004666653,0.007259172061997221,0.0072329510910439715
2023-05-31,5.135,5.157,4.983,5.02,7645128,2023-05-31 23:59:59.999,38626152.444,131354,3710802,18750102.312,0,2023-05-31,30.18867924528307,5.12505,0.11425800672961993,-0.9194104028839796,-0.022204908453447803,-0.022455148745311043
2023-06-01,5.021,5.054,4.95,4.978,4240258,2023-06-01 23:59:59.999,21247103.09,84723,2086384,10457063.327,0,2023-06-01,29.739776951672923,5.1144,0.11766339142134027,-1.1592390662238008,-0.00836653386454178,-0.008401729758237515
2023-06-02,4.979,5.093,4.938,5.067,3930071,2023-06-02 23:59:59.999,19825833.918,77765,2034223,10259557.063,0,2023-06-02,36.00451467268625,5.11275,0.11810649742246548,-0.38736226201300994,0.01787866613097644,0.01772072254837259
2023-06-03,5.067,5.103,5.04,5.082,2793193,2023-06-03 23:59:59.999,14159276.407,52680,1381913,7006380.606,0,2023-06-03,38.21510297482836,5.110049999999999,0.11816423671596059,-0.23738146819688902,0.002960331557134266,0.0029559584041994966
2023-06-04,5.082,5.13,4.981,5.013,4698376,2023-06-04 23:59:59.999,23761311.353,91053,2238881,11326872.813,0,2023-06-04,43.66013071895423,5.105,0.1201284400207655,-0.7658469550099654,-0.01357733175914988,-0.013670346616605928
2023-06-05,5.012,5.02,4.505,4.72,11044508,2023-06-05 23:59:59.999,53132301.407,222188,5347334,25731856.157,0,2023-06-05,32.74509803921569,5.0840499999999995,0.14734080614158082,-2.4708022816855064,-0.05844803510871732,-0.06022573868390233
2023-06-06,4.72,4.842,4.666,4.769,6950462,2023-06-06 23:59:59.999,33038804.351,126858,3359553,15968228.525,0,2023-06-06,35.86142322097382,5.055750000000001,0.15091645474348087,-1.9000578862483994,0.010381355932203462,0.010327839718623355
2023-06-07,4.77,4.791,4.487,4.552,9616718,2023-06-07 23:59:59.999,44585637.562,199733,4868829,22575104.669,0,2023-06-07,32.32067510548525,5.0181,0.17711545445576443,-2.6316167690291024,-0.045502201719438196,-0.04656994249205766
2023-06-08,4.552,4.671,4.515,4.628,5288666,2023-06-08 23:59:59.999,24340819.953,102720,2595448,11944253.515,0,2023-06-08,37.046004842615055,4.98375,0.18302397742462495,-1.9437343948363741,0.016695957820738183,0.01655811250740039
2023-06-09,4.629,4.669,4.534,4.581,5971281,2023-06-09 23:59:59.999,27511278.82,92639,2971269,13687344.702,0,2023-06-09,34.52098178939036,4.9484,0.1893346799959428,-1.9404791557884316,-0.010155574762316322,-0.010207494426825054
2023-06-10,4.581,4.594,3.558,4.061,25102840,2023-06-10 23:59:59.999,100675162.857,408770,11972611,48067973.913,0,2023-06-10,21.457725947521908,4.89595,0.2702288455067196,-3.0897885769165154,-0.11351233355162638,-0.12048806620044444
2023-06-11,4.061,4.111,4.008,4.058,5707994,2023-06-11 23:59:59.999,23162334.337,95846,2850091,11565095.199,0,2023-06-11,16.460396039603992,4.84525,0.32502678026780335,-2.422108108603702,-0.0007387343018960824,-0.0007390073005377354
2023-06-12,4.058,4.307,3.936,4.296,11879789,2023-06-12 23:59:59.999,49002350.448,156061,5896053,24329368.858,0,2023-06-12,27.86069651741296,4.8065,0.3424284020387732,-1.4908225981272298,0.058649581074420976,0.056994115802940636
2023-06-13,4.296,4.521,4.201,4.287,21283007,2023-06-13 23:59:59.999,92516130.182,262285,10404738,45228379.542,0,2023-06-13,26.221224031443043,4.7722999999999995,0.3588955426343747,-1.3522040325098148,-0.0020949720670392358,-0.002097169590723648
2023-06-14,4.286,4.648,4.244,4.403,31263835,2023-06-14 23:59:59.999,139977199.707,407612,15668781,70163439.676,0,2023-06-14,32.69770050476727,4.745,0.36545343140107184,-0.9358237482922085,0.027058549101935947,0.026698939157776595
2023-06-15,4.403,4.596,4.221,4.423,36165039,2023-06-15 23:59:59.999,159652553.754,450391,17930229,79199131.011,0,2023-06-15,34.24190800681434,4.71755,0.36811418065119117,-0.8001593404495947,0.004542357483534154,0.004532072112573129
2023-06-16,4.424,4.639,4.356,4.551,13450991,2023-06-16 23:59:59.999,60113863.216,211993,6845603,30604386.585,0,2023-06-16,35.666666666666686,4.693099999999999,0.36175462750711246,-0.3928076911668681,0.02893963373276054,0.02852879014831515
2023-06-17,4.551,4.679,4.504,4.526,8615738,2023-06-17 23:59:59.999,39449691.902,152948,4357399,19959235.854,0,2023-06-17,34.640883977900586,4.6623,0.34746451541153556,-0.3922702720839483,-0.005493298176225125,-0.005508441823159376
2023-06-18,4.527,4.613,4.44,4.479,7279385,2023-06-18 23:59:59.999,32927129.932,117806,3633443,16436661.751,0,2023-06-18,35.06711409395976,4.6314,0.33399013536749833,-0.45630090191828654,-0.010384445426425026,-0.010438739986182534
2023-06-19,4.479,4.508,4.342,4.479,10319167,2023-06-19 23:59:59.999,45843558.058,153814,5021721,22317633.715,0,2023-06-19,41.93979933110371,4.59865,0.31360438956490005,-0.3815316493688256,0.0,0.0
2023-06-20,4.479,4.633,4.332,4.571,11288844,2023-06-20 23:59:59.999,50457927.648,178266,5713086,25555771.288,0,2023-06-20,43.563068920676194,4.5762,0.29751206962982646,-0.01747828249949763,0.02054029917392275,0.020332192124444287
2023-06-21,4.571,4.82,4.52,4.767,14077465,2023-06-21 23:59:59.999,65521325.172,249464,7094363,33030953.072,0,2023-06-21,57.086354647330275,4.56565,0.2860337254621155,0.7039379698135244,0.0428790199081166,0.04198517687308151
2023-06-22,4.768,4.902,4.661,4.723,9981767,2023-06-22 23:59:59.999,47821414.697,190201,4822116,23099468.477,0,2023-06-22,53.19865319865318,4.54845,0.2637763157171491,0.6617349231125523,-0.00923012376756882,-0.00927298530870868
2023-06-23,4.723,4.928,4.704,4.86,9150770,2023-06-23 23:59:59.999,44065556.147,162963,4640656,22347119.695,0,2023-06-23,58.85714285714284,4.53735,0.24407770008888527,1.3219151109769616,0.02900698708448024,0.028594246998422373
2023-06-24,4.861,4.871,4.672,4.73,6945725,2023-06-24 23:59:59.999,33191046.951,135241,3362414,16070046.042,0,2023-06-24,78.22784810126579,4.5232,0.22228137691399813,0.9303523438223633,-0.02674897119341557,-0.02711323540856073
2023-06-25,4.73,5.512,4.705,5.422,38591287,2023-06-25 23:59:59.999,204301032.755,658133,19493475,103178079.952,0,2023-06-25,86.39274279615792,4.5583,0.2976435699512332,2.901792906668573,0.1463002114164904,0.13653954857263212
2023-06-26,5.422,5.55,5.16,5.267,33459550,2023-06-26 23:59:59.999,179766021.886,543199,16505964,88707682.146,0,2023-06-26,77.107761027359,4.5832,0.33471930109091746,2.042905795307767,-0.028587237181851632,-0.02900381057522141
2023-06-27,5.268,5.362,5.218,5.279,10121285,2023-06-27 23:59:59.999,53555035.769,186480,5041934,26681762.414,0,2023-06-27,77.64771460423634,4.61955,0.36888458827954074,1.7876865039974736,0.002278336814125703,0.002275745340226908
2023-06-28,5.278,5.283,4.727,4.83,13263903,2023-06-28 23:59:59.999,66527954.075,248577,6277100,31470389.176,0,2023-06-28,60.03761165961449,4.62965,0.37188131595225166,0.5387471523998923,-0.08505398749763204,-0.08889021817699777
2023-06-29,4.83,5.045,4.813,4.92,10584054,2023-06-29 23:59:59.999,52281483.863,179074,5258188,25970757.243,0,2023-06-29,61.31087847064179,4.6466,0.377234312214936,0.7247484948936064,0.01863354037267073,0.018462062839735352
2023-06-30,4.921,5.34,4.772,5.268,19677186,2023-06-30 23:59:59.999,100538566.142,395680,10068410,51454909.234,0,2023-06-30,64.83243690525444,4.706950000000001,0.3751615055674738,1.4954892537584525,0.07073170731707323,0.06834225337681792
2023-07-01,5.268,5.606,5.171,5.587,14299902,2023-07-01 23:59:59.999,77651759.55,297836,7426315,40323252.759,0,2023-07-01,69.56842493544818,4.783399999999999,0.391396743117292,2.053159649719367,0.06055429005315105,0.05879168659597706
2023-07-02,5.586,5.691,5.42,5.566,14627409,2023-07-02 23:59:59.999,81107461.973,271785,7286504,40404281.964,0,2023-07-02,70.24208566108008,4.8469,0.4107051573967717,1.7508910882881756,-0.003758725613030256,-0.003765807373312692
2023-07-03,5.566,5.784,5.492,5.521,11292405,2023-07-03 23:59:59.999,63713703.41,224686,5429101,30628078.154,0,2023-07-03,69.08424908424908,4.9086,0.41483546515988945,1.4762479378757156,-0.008084800574919115,-0.008117659801791443
2023-07-04,5.521,5.599,5.357,5.503,11235998,2023-07-04 23:59:59.999,61766281.348,199494,5374015,29551870.803,0,2023-07-04,67.54518072289159,4.9636,0.41718737428126174,1.2929442098512425,-0.0032602789349754913,-0.003265605224285752
2023-07-05,5.503,5.733,5.3,5.406,13208915,2023-07-05 23:59:59.999,72615213.724,255225,6494515,35725853.441,0,2023-07-05,62.4951114587407,5.0127500000000005,0.40794838101834735,0.9639699979157729,-0.017626749045974943,-0.017783950223365905
2023-07-06,5.406,5.639,5.238,5.26,12569274,2023-07-06 23:59:59.999,68018603.881,259969,6111157,33089983.504,0,2023-07-06,60.097781120722075,5.0482,0.3963518638741956,0.5343736697229883,-0.027007029226784995,-0.02737842110463731
2023-07-07,5.26,5.571,5.208,5.476,15047841,2023-07-07 23:59:59.999,82144042.478,293868,7567300,41318714.026,0,2023-07-07,61.2490869247626,5.095699999999999,0.38729807641732,0.9819310323406345,0.04106463878327005,0.04024388067658404
2023-07-08,5.476,5.486,5.169,5.246,8397071,2023-07-08 23:59:59.999,44667774.161,171267,3905435,20766068.43,0,2023-07-08,59.09090909090909,5.13405,0.3600331088528476,0.3109436250368749,-0.04200146092037971,-0.04290902598152039
2023-07-09,5.247,5.333,5.194,5.225,7196598,2023-07-09 23:59:59.999,37833838.449,124583,3529090,18553589.11,0,2023-07-09,45.454545454545446,5.1713499999999994,0.3255932682233425,0.16477613401760716,-0.004003049942813752,-0.004011083593807409
2023-07-10,5.226,5.359,5.06,5.234,12043532,2023-07-10 23:59:59.999,62474416.81,210741,5798519,30095915.566,0,2023-07-10,49.183572488866886,5.2045,0.2934132167882809,0.10054080154571239,0.0017224880382775698,0.0017210062570794712
2023-07-11,5.233,5.307,5.183,5.259,8251122,2023-07-11 23:59:59.999,43232203.93,139969,3994197,20932281.529,0,2023-07-11,49.508357915437564,5.229100000000001,0.2748392640239172,0.10879086038229831,0.00477646159724876,0.004765090499253025
2023-07-12,5.258,5.378,5.176,5.272,9334313,2023-07-12 23:59:59.999,49453674.269,168163,4701679,24917448.669,0,2023-07-12,63.829787234042556,5.25655,0.2477083333633201,0.062371740951240026,0.002471952842745706,0.0024689025929988946
2023-07-13,5.271,5.88,5.214,5.873,15956080,2023-07-13 23:59:59.999,88044596.824,279814,8181681,45169588.175,0,2023-07-13,72.5936462778568,5.3072,0.2652981639327015,2.1326947447081746,0.11399848254931721,0.10795577934017639
2023-07-14,5.873,6.166,5.689,5.87,23180292,2023-07-14 23:59:59.999,137518299.583,390532,11351457,67362704.344,0,2023-07-14,67.06349206349205,5.3642,0.25709748304110513,1.9673471479264997,-0.0005108121913842689,-0.0005109427003773179
2023-07-15,5.87,5.932,5.756,5.812,7816621,2023-07-15 23:59:59.999,45663239.268,161181,3879078,22661126.121,0,2023-07-15,57.48502994011977,5.3837,0.2758205175314873,1.5528213920891727,-0.009880749574105563,-0.00992988813196855
2023-07-16,5.812,5.866,5.65,5.718,9260881,2023-07-16 23:59:59.999,53380502.553,180183,4449490,25660161.444,0,2023-07-16,54.82233502538072,5.40625,0.2840894734832189,1.0973655453601838,-0.016173434273916043,-0.016305651807916415
2023-07-17,5.717,6.139,5.674,5.908,35114027,2023-07-17 23:59:59.999,206951040.032,527769,17224125,101559524.905,0,2023-07-17,61.24346310284719,5.4376999999999995,0.30341982379253524,1.5499976043805586,0.03322840153899964,0.032688270769013296
2023-07-18,5.909,6.275,5.856,5.906,36603673,2023-07-18 23:59:59.999,222046357.879,571906,18205770,110467504.584,0,2023-07-18,61.818181818181785,5.4915,0.28481988767933625,1.455305678888067,-0.0003385240352066221,-0.0003385813474025639
2023-07-19,5.906,6.049,5.804,5.871,14025492,2023-07-19 23:59:59.999,82911725.176,258748,6760624,39981866.833,0,2023-07-19,64.15094339622644,5.53905,0.2629301438080846,1.2625026373632326,-0.005926176769386893,-0.005943806239681884
2023-07-20,5.871,6.162,5.812,6.013,18583237,2023-07-20 23:59:59.999,110981629.799,313271,9281375,55436548.41,0,2023-07-20,72.97132397803537,5.5763,0.275004516703192,1.5879739185204855,0.024186680292965335,0.023898814975382668
2023-07-21,6.013,6.386,5.939,6.201,26111926,2023-07-21 23:59:59.999,161752897.97,382771,13230631,81965955.373,0,2023-07-21,72.50155183116075,5.607,0.30849447661489443,1.9254801788283313,0.03126559121902539,0.030786777310309224
2023-07-22,6.202,6.256,5.95,5.988,11209699,2023-07-22 23:59:59.999,68828775.543,214162,5417442,33286916.938,0,2023-07-22,73.27478042659975,5.628100000000001,0.3197683207323798,1.125502361133537,-0.03434929850024182,-0.0349531028103589
2023-07-23,5.988,6.228,5.969,6.134,10629772,2023-07-23 23:59:59.999,64818740.538,184475,5578621,34027571.838,0,2023-07-23,76.43979057591626,5.65875,0.33783052041365086,1.4067704700513386,0.024382097528390156,0.02408959913467791
2023-07-24,6.134,6.18,5.707,5.776,13403111,2023-07-24 23:59:59.999,79072378.572,251818,6246805,36851415.872,0,2023-07-24,63.10444874274661,5.6724000000000006,0.33671968663127716,0.3076743181738756,-0.058363221388979536,-0.060135664101534765
2023-07-25,5.775,5.811,5.688,5.788,7572461,2023-07-25 23:59:59.999,43577285.9,147215,3768869,21689673.019,0,2023-07-25,62.87104622871046,5.6915,0.33160859933744496,0.29100572238719985,0.0020775623268698418,0.002075407178712358
2023-07-26,5.788,5.899,5.718,5.84,10028554,2023-07-26 23:59:59.999,58272796.131,190427,5137696,29855298.65,0,2023-07-26,63.56255969436485,5.7205,0.31692278653992473,0.3770634522833382,0.00898410504492042,0.008943988070898157
2023-07-27,5.84,5.976,5.795,5.87,10397784,2023-07-27 23:59:59.999,61199678.301,160015,5219058,30723747.73,0,2023-07-27,49.90151017728168,5.7402,0.31314778753610895,0.4145007730097188,0.005136986301369939,0.005123836999869466
2023-07-28,5.869,6.02,5.861,6.008,9047079,2023-07-28 23:59:59.999,53825734.938,151612,4450599,26479264.537,0,2023-07-28,54.16164053075995,5.7783,0.29572570861104175,0.7767332812519085,0.023509369676320224,0.023237280621828494
2023-07-29,6.009,6.355,6.001,6.321,12423938,2023-07-29 23:59:59.999,76694560.918,202016,6355282,39246700.439,0,2023-07-29,63.30371144798744,5.8331,0.28927693887534495,1.6866190644054255,0.05209720372836224,0.0507855090283281
2023-07-30,6.321,6.455,6.25,6.414,24357191,2023-07-30 23:59:59.999,155176298.754,344248,12734272,81139578.468,0,2023-07-30,68.20083682008368,5.8921,0.2808676219312393,1.8581707510870322,0.014712861888941609,0.014605677780801487
2023-07-31,6.413,6.628,6.379,6.524,29530790,2023-07-31 23:59:59.999,192243242.944,399296,15145120,98614211.656,0,2023-07-31,66.8122270742358,5.95535,0.273121965230599,2.082036864079695,0.0171499844091052,0.01700458348780438
2023-08-01,6.525,6.695,6.32,6.683,25958316,2023-08-01 23:59:59.999,168442039.6,389823,13376779,86858504.588,0,2023-08-01,69.53242835595779,6.0259,0.26952959020615624,2.4379512449724015,0.02437155119558554,0.024079303770165657
2023-08-02,6.683,6.693,6.123,6.152,26611246,2023-08-02 23:59:59.999,169108929.14,378960,12813236,81389426.972,0,2023-08-02,55.65392354124749,6.0398499999999995,0.2684172468708993,0.4178196494726043,-0.0794553344306449,-0.08278975632559021
2023-08-03,6.152,6.259,6.048,6.095,17594341,2023-08-03 23:59:59.999,108415728.883,264161,8715859,53717741.134,0,2023-08-03,51.70833333333333,6.0511,0.26562436872369277,0.16527098101328722,-0.009265279583875241,-0.009308469270108083
2023-08-04,6.094,6.219,6.0,6.068,11784736,2023-08-04 23:59:59.999,72074141.084,179361,5624424,34401430.752,0,2023-08-04,47.02992407324698,6.063899999999999,0.25959581943935195,0.015793782846175906,-0.004429860541427466,-0.004439701446949099
2023-08-05,6.068,6.096,5.929,6.089,8595645,2023-08-05 23:59:59.999,51638296.135,145488,4262929,25614131.524,0,2023-08-05,52.46702491450904,6.08245,0.2465030105439558,0.026571683589368345,0.0034607778510218346,0.003454803140151292
2023-08-06,6.089,6.163,5.936,5.953,8542021,2023-08-06 23:59:59.999,51635095.441,150301,4130077,24965069.255,0,2023-08-06,45.55719194894453,6.0847,0.24502783944272694,-0.5374899452222578,-0.022335358843816766,-0.02258857045518402
2023-08-07,5.953,6.015,5.72,5.871,12780566,2023-08-07 23:59:59.999,75131861.111,221681,6221330,36575899.508,0,2023-08-07,52.69733106189666,6.08295,0.24649190762177797,-0.859865956837902,-0.01377456744498573,-0.013870317089204191
2023-08-08,5.871,6.146,5.815,6.079,11385293,2023-08-08 23:59:59.999,68056848.627,195360,5956624,35612118.149,0,2023-08-08,57.43484925906999,6.09335,0.2414143140937184,-0.059441380076698996,0.035428376767160596,0.03481523168453655
2023-08-09,6.08,6.3,6.031,6.247,12814419,2023-08-09 23:59:59.999,78634238.268,210974,6718136,41246592.874,0,2023-08-09,59.81669078630005,6.10505,0.24298050061871482,0.5842032576216789,0.027636124362559578,0.02726113974484736
2023-08-10,6.248,6.38,6.149,6.19,14181565,2023-08-10 23:59:59.999,88665742.3,240574,7085283,44307758.125,0,2023-08-10,57.61904761904763,6.1045,0.24276423476476347,0.3521935596602579,-0.00912437970225699,-0.009166261814928026
2023-08-11,6.19,6.218,6.103,6.201,7912272,2023-08-11 23:59:59.999,48706252.678,144130,4000531,24629270.608,0,2023-08-11,54.8910288900152,6.115150000000001,0.24205551233001055,0.3546707082751902,0.001777059773828693,0.001775482671236104
2023-08-12,6.2,6.256,6.118,6.222,6289470,2023-08-12 23:59:59.999,38862275.481,113718,3213528,19858030.715,0,2023-08-12,47.05532421177873,6.11955,0.24321324301045033,0.42123528608842287,0.0033865505563619447,0.003380829107704444
2023-08-13,6.223,6.231,6.05,6.083,5294656,2023-08-13 23:59:59.999,32520062.002,116060,2596240,15948475.975,0,2023-08-13,40.416907932831506,6.1349,0.2297020724808084,-0.2259448486444809,-0.022340083574413416,-0.022593403136877032
2023-08-14,6.083,6.37,6.074,6.26,9010585,2023-08-14 23:59:59.999,56125443.86,203290,4540096,28288810.988,0,2023-08-14,42.64214046822742,6.1585,0.21602497418216096,0.4698530824237517,0.029097484793687345,0.028682189773438886
2023-08-15,6.261,6.299,5.932,5.95,12854348,2023-08-15 23:59:59.999,78824656.911,250680,6193795,37993464.503,0,2023-08-15,31.156812339331623,6.164,0.2087675614973793,-1.025063465152779,-0.04952076677316286,-0.050788965554468685
2023-08-16,5.95,5.952,5.284,5.456,20063921,2023-08-16 23:59:59.999,113005734.212,374529,9632307,54218395.262,0,2023-08-16,31.761006289308185,6.143300000000001,0.2548841016224325,-2.6965196951284103,-0.08302521008403352,-0.08667529901637731
2023-08-17,5.455,5.504,4.5,4.985,23974510,2023-08-17 23:59:59.999,124417746.949,425066,11508878,59741651.551,0,2023-08-17,26.098191214470276,6.09215,0.36312811643286025,-3.0489239194032605,-0.08632697947214074,-0.0902825171273593
2023-08-18,4.986,5.049,4.811,4.903,11939556,2023-08-18 23:59:59.999,59202408.158,216383,5969288,29610843.268,0,2023-08-18,25.49432057214976,6.02125,0.4452407834642455,-2.5115623759785257,-0.01644934804413256,-0.01658614074470562
2023-08-19,4.903,4.998,4.853,4.906,6131790,2023-08-19 23:59:59.999,30137500.805,125092,2995606,14722501.682,0,2023-08-19,24.925816023738832,5.94585,0.4995984993202053,-2.0813713440190584,0.0006118702834998491,0.0006116831672013118
2023-08-20,4.906,4.934,4.855,4.899,5975586,2023-08-20 23:59:59.999,29229364.629,102229,2876530,14071641.522,0,2023-08-20,26.367713004484287,5.8646,0.5317290960400981,-1.8159623146279429,-0.0014268242967794276,-0.0014278431798597825
2023-08-21,4.9,4.918,4.696,4.76,9683471,2023-08-21 23:59:59.999,46619118.173,165811,4711388,22687407.0,0,2023-08-21,25.710537822474834,5.76845,0.5495187823013153,-1.8351511039836317,-0.02837313737497449,-0.02878343441310912
2023-08-22,4.76,4.78,4.488,4.667,13701980,2023-08-22 23:59:59.999,63810854.484,218529,6910664,32195000.759,0,2023-08-22,17.49539594843462,5.6942,0.5935294609783721,-1.7306638802845056,-0.019537815126050462,-0.01973120127565012
2023-08-23,4.668,4.86,4.646,4.761,12857369,2023-08-23 23:59:59.999,60862136.393,184744,6549443,30995327.065,0,2023-08-23,14.585319351763587,5.6274999999999995,0.6204629426118287,-1.3965378759809277,0.020141418470109418,0.019941263244703293
2023-08-24,4.761,4.814,4.592,4.658,9310605,2023-08-24 23:59:59.999,43843461.102,155188,4637603,21842260.873,0,2023-08-24,14.272388059701484,5.557,0.6473019306863742,-1.3888418331252848,-0.021634110480991287,-0.021871558750232355
2023-08-25,4.657,4.668,4.513,4.549,11407012,2023-08-25 23:59:59.999,52320848.634,158701,5639285,25865818.549,0,2023-08-25,13.157894736842124,5.48,0.6718182711643791,-1.3857914259855026,-0.023400601116359,-0.023678742874282267
2023-08-26,4.549,4.643,4.528,4.598,4953167,2023-08-26 23:59:59.999,22670893.865,82343,2438999,11164097.107,0,2023-08-26,14.229074889867832,5.41225,0.6896929045801321,-1.180597907550891,0.010771598153440198,0.010713997753122654
2023-08-27,4.598,4.707,4.595,4.682,6834509,2023-08-27 23:59:59.999,31772368.604,102528,3549897,16502978.776,0,2023-08-27,18.374717832957117,5.3528,0.6992468579962612,-0.9593178608227462,0.01826881252718593,0.01810394272772941
2023-08-28,4.682,4.736,4.56,4.669,11031224,2023-08-28 23:59:59.999,51197876.479,141726,5393633,25040653.515,0,2023-08-28,11.214041930765504,5.2823,0.6932299762680345,-0.8846991921810241,-0.0027765912003419047,-0.0027804530799192227
2023-08-29,4.669,4.873,4.563,4.797,15260007,2023-08-29 23:59:59.999,72303701.358,232328,7374887,34958395.444,0,2023-08-29,19.154628143392202,5.2097999999999995,0.6621549031654466,-0.6234190791710521,0.027414863996573224,0.02704580653112698
2023-08-30,4.797,4.805,4.632,4.638,7729697,2023-08-30 23:59:59.999,36297410.945,120772,3730154,17517807.214,0,2023-08-30,23.337679269882656,5.1322,0.6314670137625876,-0.782622036035289,-0.03314571607254535,-0.03370748368658697
2023-08-31,4.638,4.678,4.294,4.368,13903780,2023-08-31 23:59:59.999,62489963.933,199973,6537747,29417718.304,0,2023-08-31,26.856714178544664,5.04055,0.600435585306038,-1.120103498957686,-0.05821474773609303,-0.05997800039073587
2023-09-01,4.368,4.422,4.23,4.262,9771344,2023-09-01 23:59:59.999,42353171.143,153327,4773649,20693593.208,0,2023-09-01,26.381724392041292,4.94255,0.5557437382716107,-1.224575201002791,-0.024267399267399403,-0.02456670476617866
2023-09-02,4.262,4.399,4.246,4.397,6735583,2023-09-02 23:59:59.999,29210795.364,111319,3422556,14841970.84,0,2023-09-02,32.90799194089996,4.85825,0.4985790202868512,-0.9251291795924853,0.0316752698263727,0.03118395652224777
2023-09-03,4.398,4.468,4.359,4.408,7624951,2023-09-03 23:59:59.999,33650298.217,116295,3797462,16761239.808,0,2023-09-03,33.55659745478904,4.76565,0.3831563203001761,-0.9334310333698943,0.0025017057084375516,0.0024985816519402767
2023-09-04,4.407,4.5,4.358,4.44,7191677,2023-09-04 23:59:59.999,31832115.283,112850,3597668,15929325.217,0,2023-09-04,38.45598845598849,4.69015,0.26937789440948084,-0.9286211125392015,0.007259528130671544,0.007233304593520061
2023-09-05,4.44,4.453,4.271,4.378,8452283,2023-09-05 23:59:59.999,36674337.495,124229,4179286,18137924.326,0,2023-09-05,39.33579335793361,4.63625,0.20920045158614078,-1.2344619624000324,-0.013963963963964043,-0.01406237734346227
2023-09-06,4.378,4.497,4.336,4.458,7976888,2023-09-06 23:59:59.999,35157283.644,132669,3941328,17371187.297,0,2023-09-06,38.702460850111876,4.6099,0.1957162016170864,-0.7761237891648226,0.01827318410232981,0.018108235863005896
2023-09-07,4.458,4.53,4.406,4.474,6908120,2023-09-07 23:59:59.999,30809543.334,113845,3581791,15983060.494,0,2023-09-07,42.6634768740032,4.58845,0.18512455976463038,-0.6182323952343916,0.0035890533871691943,0.003582628104260812
2023-09-08,4.475,4.489,4.291,4.363,6683401,2023-09-08 23:59:59.999,29302012.906,108581,3281468,14383145.678,0,2023-09-08,42.595541401273906,4.5613,0.17567886370978072,-1.1287641313959589,-0.02481001341081801,-0.02512296892646526
2023-09-09,4.363,4.374,4.3,4.318,2896802,2023-09-09 23:59:59.999,12555828.425,57744,1365920,5921780.778,0,2023-09-09,38.817891373801935,4.5322499999999994,0.16458460469230876,-1.3017620961604557,-0.010314004125601794,-0.010367562048857089
2023-09-10,4.319,4.32,4.09,4.216,10400329,2023-09-10 23:59:59.999,43872071.541,165292,4974666,20993408.886,0,2023-09-10,31.653543307086636,4.50505,0.16983288224367196,-1.7019672290862844,-0.023622047244094335,-0.02390552085355425
2023-09-11,4.217,4.249,4.029,4.107,10749307,2023-09-11 23:59:59.999,44469689.097,170857,5257592,21755330.142,0,2023-09-11,29.428989751098143,4.47705,0.18702053784383965,-1.9786596930278757,-0.025853889943074027,-0.026193976264639696
2023-09-12,4.106,4.345,4.085,4.192,9580035,2023-09-12 23:59:59.999,40289967.814,171617,4920345,20691907.66,0,2023-09-12,27.135298563870037,4.448600000000001,0.18481780501098596,-1.3883943702542498,0.020696372047723344,0.020485112044319458
2023-09-13,4.193,4.309,4.176,4.251,6917458,2023-09-13 23:59:59.999,29390752.443,129355,3760896,15984938.882,0,2023-09-13,34.178250204415406,4.42825,0.18294516721403267,-0.968869539978775,0.01407442748091614,0.013976302357912146
2023-09-14,4.25,4.357,4.245,4.268,6275428,2023-09-14 23:59:59.999,26923444.717,121316,3018139,12952282.098,0,2023-09-14,44.845360824742244,4.4142,0.1839709931272627,-0.794690497207165,0.003999059044930586,0.003991084062853839
2023-09-15,4.268,4.376,4.22,4.35,6373282,2023-09-15 23:59:59.999,27359854.172,123109,3245024,13937713.749,0,2023-09-15,54.651162790697676,4.4018,0.1792271713323858,-0.28901867732953485,0.01921274601686962,0.019030511661085686
2023-09-16,4.349,4.417,4.294,4.333,6764363,2023-09-16 23:59:59.999,29404835.943,109356,3331242,14484210.449,0,2023-09-16,46.13526570048309,4.3843499999999995,0.16708909535308075,-0.30732107257801705,-0.003908045977011332,-0.003915702342820207
2023-09-17,4.333,4.392,4.226,4.279,8096705,2023-09-17 23:59:59.999,34895379.173,126923,3965569,17102403.142,0,2023-09-17,42.59471871412167,4.36485,0.15439603041192654,-0.5560376116597888,-0.012462497115162785,-0.012540805323092652
2023-09-18,4.279,4.458,4.233,4.357,9326084,2023-09-18 23:59:59.999,40783375.368,143847,4544908,19875790.941,0,2023-09-18,45.47437295528898,4.34285,0.11620140182417996,0.12177133647156621,0.018228558074316448,0.018064409700625294
2023-09-19,4.357,4.48,4.332,4.404,7096360,2023-09-19 23:59:59.999,31324873.113,117478,3487660,15398668.861,0,2023-09-19,51.441241685144114,4.33115,0.09471301525971465,0.7691656716897489,0.010787238925866305,0.010729471725128352
2023-09-20,4.404,4.428,4.302,4.36,5840462,2023-09-20 23:59:59.999,25567350.252,114197,2866206,12549376.98,0,2023-09-20,44.34180138568129,4.33075,0.0945659752799045,0.3093078658938752,-0.009990917347865502,-0.010041161499490503
2023-09-21,4.361,4.393,4.204,4.237,5704664,2023-09-21 23:59:59.999,24413185.919,112756,2840267,12155428.091,0,2023-09-21,37.82117163412125,4.3295,0.09568121410847007,-0.9667519466792781,-0.028211009174311963,-0.028616585716520822
2023-09-22,4.238,4.274,4.189,4.256,4842533,2023-09-22 23:59:59.999,20534831.05,90237,2419003,10260503.973,0,2023-09-22,43.92735527809306,4.32245,0.09564048634342386,-0.6947894405450052,0.004484304932735439,0.004474280394921107
2023-09-23,4.257,4.308,4.231,4.277,3861027,2023-09-23 23:59:59.999,16447110.591,67024,1957338,8340280.666,0,2023-09-23,47.60793465577599,4.3159,0.09394393622965468,-0.41407675216956286,0.004934210526315708,0.004922077205428235
2023-09-24,4.277,4.307,4.203,4.233,4011794,2023-09-24 23:59:59.999,17095784.043,73326,1981496,8445910.844,0,2023-09-24,51.063829787234006,4.30555,0.09090566247549878,-0.7980800978107881,-0.010287584755669932,-0.010340867705985003
2023-09-25,4.233,4.304,4.194,4.269,4457712,2023-09-25 23:59:59.999,18941756.543,79198,2272218,9657527.35,0,2023-09-25,61.15702479338842,4.3001,0.08959141169250455,-0.3471314874102086,0.008504606661942082,0.00846864623703856
2023-09-26,4.269,4.316,4.195,4.257,4204619,2023-09-26 23:59:59.999,17924666.357,74668,2010331,8574816.537,0,2023-09-26,54.97702909647775,4.29005,0.08188919019081162,-0.40359417308914386,-0.0028109627547435734,-0.002814920929809784
2023-09-27,4.257,4.42,4.197,4.247,9953147,2023-09-27 23:59:59.999,42797446.925,141893,4773992,20537241.514,0,2023-09-27,49.66887417218539,4.2787,0.06990602712212937,-0.45346590709007584,-0.0023490721165139172,-0.002351835514881129
2023-09-28,4.247,4.52,4.235,4.416,9903021,2023-09-28 23:59:59.999,43230325.471,135583,5060942,22103790.583,0,2023-09-28,59.78835978835981,4.28135,0.07414585552246462,1.8160151912901525,0.03979279491405707,0.03902145764366016
2023-09-29,4.416,4.5,4.322,4.398,7738712,2023-09-29 23:59:59.999,34223360.383,113951,3844821,17004516.672,0,2023-09-29,53.46820809248553,4.285349999999999,0.07827029749596068,1.4392432839010727,-0.0040760869565218405,-0.004084416842224848
2023-09-30,4.399,4.477,4.385,4.454,4677075,2023-09-30 23:59:59.999,20757911.886,75435,2372050,10527848.516,0,2023-09-30,58.276333789329634,4.29725,0.08497669957175351,1.8446233001511376,0.012733060482037262,0.012652676702606414
2023-10-01,4.454,4.673,4.441,4.652,8261152,2023-10-01 23:59:59.999,37621833.125,134403,4055348,18460899.344,0,2023-10-01,71.31428571428566,4.3245,0.10563118556964698,3.1004101509782482,0.04445442299057034,0.04349466582124217
2023-10-02,4.652,4.684,4.405,4.454,8926133,2023-10-02 23:59:59.999,40700433.886,140392,4307648,19626815.942,0,2023-10-02,54.87437185929644,4.3376,0.10457502970850871,1.1130764229706813,-0.042562338779019826,-0.04349466582124216
2023-10-03,4.455,4.518,4.324,4.359,5968932,2023-10-03 23:59:59.999,26396096.605,100927,2788650,12341461.627,0,2023-10-03,47.842761265580066,4.343,0.1026383533352832,0.15588714627692507,-0.02132914234396044,-0.021559895578920293
2023-10-04,4.358,4.36,4.222,4.305,7111380,2023-10-04 23:59:59.999,30624967.185,122539,3381486,14562066.195,0,2023-10-04,47.38841405508071,4.344849999999999,0.10154297766079562,-0.39244466646544923,-0.012388162422574012,-0.012465535376561447
2023-10-05,4.306,4.341,4.251,4.302,5977591,2023-10-05 23:59:59.999,25657595.697,98190,2993401,12850473.052,0,2023-10-05,53.48338692390136,4.34245,0.10198115149177756,-0.39664192263275366,-0.0006968641114982743,-0.0006971070341558323
2023-10-06,4.302,4.424,4.284,4.392,5656720,2023-10-06 23:59:59.999,24651204.28,97235,2755382,12008253.489,0,2023-10-06,56.77290836653385,4.3454,0.10254518899443865,0.45443380091218033,0.02092050209205043,0.020704673361691416
2023-10-07,4.393,4.421,4.335,4.371,3352012,2023-10-07 23:59:59.999,14655528.179,57365,1634268,7145692.876,0,2023-10-07,54.6812749003984,4.35,0.10146765103696104,0.20696251253861436,-0.0047814207650273,-0.004792888326052013
2023-10-08,4.371,4.382,4.274,4.334,3457604,2023-10-08 23:59:59.999,14974484.265,65689,1700595,7364185.618,0,2023-10-08,55.06519558676026,4.3488500000000005,0.10151446615402786,-0.1462845697032876,-0.008464882177991462,-0.008500912767010321
2023-10-09,4.334,4.366,4.034,4.14,8999557,2023-10-09 23:59:59.999,37673838.372,151095,4192298,17544813.535,0,2023-10-09,44.41558441558442,4.335649999999999,0.11071313095044767,-1.767179722227958,-0.044762344254730024,-0.04579511527694428
2023-10-10,4.141,4.168,4.053,4.119,6259663,2023-10-10 23:59:59.999,25767017.818,101408,3093491,12736071.853,0,2023-10-10,44.07216494845363,4.3236,0.12059737274177032,-1.6965543721926746,-0.005072463768115876,-0.005085372383279259
2023-10-11,4.119,4.15,4.04,4.126,5892708,2023-10-11 23:59:59.999,24148954.099,96787,2896300,11870955.141,0,2023-10-11,44.7889750215332,4.31805,0.12716771973970262,-1.5102102985970327,0.0016994416120419409,0.0016979991951165745
2023-10-12,4.125,4.145,3.963,3.998,7194628,2023-10-12 23:59:59.999,29110548.55,107756,3383428,13689793.825,0,2023-10-12,31.339285714285765,4.305149999999999,0.14555059708642404,-2.110262727521631,-0.03102278235579259,-0.031514178570851814
2023-10-13,3.999,4.094,3.97,4.027,6207445,2023-10-13 23:59:59.999,24930778.606,91379,3042893,12223527.59,0,2023-10-13,33.59858532272331,4.29265,0.1582743371045881,-1.6784148640879015,0.007253626813406688,0.007227445791108779
2023-10-14,4.027,4.1,4.018,4.082,3826338,2023-10-14 23:59:59.999,15559115.877,58345,1933044,7860590.91,0,2023-10-14,33.539823008849595,4.2851,0.16473899610756157,-1.2328592792163902,0.013657809783958141,0.013565382518335797
2023-10-15,4.082,4.147,4.062,4.101,4116949,2023-10-15 23:59:59.999,16920403.394,60684,2041544,8390590.268,0,2023-10-15,21.030494216614144,4.2767,0.16980828197705655,-1.0346962936927862,0.004654581087702114,0.004643782022269156
2023-10-16,4.101,4.3,4.096,4.116,11061712,2023-10-16 23:59:59.999,46022725.667,150679,5514067,22946678.075,0,2023-10-16,27.994791666666714,4.26965,0.17355486769803566,-0.8853108071122098,0.003657644476956712,0.0036509715618808464
2023-10-17,4.115,4.123,3.826,3.885,12466442,2023-10-17 23:59:59.999,49411541.404,172841,5968487,23658897.344,0,2023-10-17,23.783185840708015,4.25155,0.19374358392526492,-1.8919336195483716,-0.056122448979591844,-0.05775883415219242
2023-10-18,3.885,3.971,3.842,3.93,10499065,2023-10-18 23:59:59.999,41013930.647,132144,5010819,19575969.032,0,2023-10-18,29.050279329608998,4.22725,0.20232019306714968,-1.4692057945068433,0.011583011583011782,0.011516442061559301
2023-10-19,3.929,3.942,3.85,3.928,7542064,2023-10-19 23:59:59.999,29459172.821,102155,3712025,14502260.803,0,2023-10-19,29.082774049217065,4.203749999999999,0.20864042979196953,-1.3216518019778973,-0.0005089058524173629,-0.0005090353889504727
2023-10-20,3.928,4.112,3.916,3.995,10697011,2023-10-20 23:59:59.999,42897118.81,134265,5179248,20770093.544,0,2023-10-20,27.21010332950634,4.1808,0.2048752123317626,-0.9068935079326541,0.017057026476578363,0.016913188726018488
2023-10-21,3.995,4.159,3.956,4.141,8292349,2023-10-21 23:59:59.999,33767452.951,108651,4133815,16835173.305,0,2023-10-21,38.45381526104417,4.15525,0.17229133068143884,-0.08270874653784784,0.03654568210262821,0.03589372534519214
2023-10-22,4.141,4.248,4.055,4.212,9540799,2023-10-22 23:59:59.999,39592254.174,135619,4655215,19320148.628,0,2023-10-22,44.077669902912625,4.14315,0.158120964676049,0.4354261317659941,0.017145617000724478,0.01700028970829888
2023-10-23,4.213,4.428,4.183,4.38,17985893,2023-10-23 23:59:59.999,77189804.636,272742,8758113,37598346.096,0,2023-10-23,61.952191235059765,4.1442,0.15969167660008973,1.4765954307719238,0.03988603988603989,0.039111130116625696
2023-10-24,4.38,4.5,4.108,4.219,25508913,2023-10-24 23:59:59.999,109807901.606,337969,12187325,52485374.903,0,2023-10-24,54.370629370629395,4.1399,0.1562548188615387,0.5062243876785194,-0.036757990867579804,-0.037450591246153034
2023-10-25,4.218,4.34,4.12,4.167,19930408,2023-10-25 23:59:59.999,84165952.033,264976,9893406,41766002.793,0,2023-10-25,51.724137931034456,4.13315,0.15173428123420815,0.22308735853667294,-0.012325195543967826,-0.012401780701885277
2023-10-26,4.167,4.381,3.995,4.107,28287544,2023-10-26 23:59:59.999,118372607.104,322769,13216537,55330751.393,0,2023-10-26,54.86173059768064,4.1189,0.13899295702178435,-0.08561584885293658,-0.014398848092152527,-0.014503517465894775
2023-10-27,4.108,4.144,3.95,4.023,15922556,2023-10-27 23:59:59.999,64606611.962,195378,7613963,30903605.956,0,2023-10-27,49.8299319727891,4.1015,0.1270410211271358,-0.6179106504618019,-0.020452885317750358,-0.020664942006770545
2023-10-28,4.024,4.139,4.017,4.084,8303368,2023-10-28 23:59:59.999,33975279.701,111684,3999120,16366555.119,0,2023-10-28,50.08460236886632,4.089,0.11465600724075427,-0.04360870503280129,0.015162813820531973,0.01504900733476799
2023-10-29,4.083,4.217,4.02,4.158,15671559,2023-10-29 23:59:59.999,65030513.405,191085,7855284,32605210.963,0,2023-10-29,52.30396119644301,4.0899,0.1151469998538364,0.5914179274010095,0.018119490695396756,0.01795728913340214
2023-10-30,4.158,4.238,4.054,4.182,18122569,2023-10-30 23:59:59.999,75464674.503,217669,8610405,35869363.389,0,2023-10-30,52.64847512038526,4.09305,0.11683432938442494,0.7613344508301544,0.005772005772005873,0.005755411570620752
2023-10-31,4.181,4.255,3.97,4.15,29027639,2023-10-31 23:59:59.999,120282747.447,337252,13524497,56082773.038,0,2023-10-31,62.6552053486151,4.09425,0.11731284084861146,0.47522504439172397,-0.007651841224294631,-0.007681266763834938
2023-11-01,4.15,4.873,4.005,4.802,64356774,2023-11-01 23:59:59.999,288395187.851,771926,31078157,139346393.393,0,2023-11-01,76.36033857315596,4.13445,0.19477503216350256,3.4272873303372333,0.15710843373493955,0.14592416355645435
2023-11-02,4.802,4.929,4.46,4.696,66522403,2023-11-02 23:59:59.999,310321247.544,805827,31377865,146499763.006,0,2023-11-02,71.84300341296928,4.1679,0.22967067955887477,2.29937927215748,-0.02207413577675965,-0.02232141527326612
2023-11-03,4.696,4.784,4.467,4.656,32003430,2023-11-03 23:59:59.999,148180524.242,476239,15124140,70076620.546,0,2023-11-03,69.09300982091276,4.1966,0.25304594963758464,1.8154805506982334,-0.008517887563884163,-0.008554372096658632
2023-11-04,4.657,4.792,4.607,4.716,15151790,2023-11-04 23:59:59.999,71293747.612,248387,7202318,33897859.148,0,2023-11-04,67.47720364741642,4.2273499999999995,0.2770463147611397,1.7637845153121736,0.012886597938144506,0.012804272245987968
2023-11-05,4.716,4.916,4.621,4.778,21502433,2023-11-05 23:59:59.999,102755861.278,370906,10008773,47844064.702,0,2023-11-05,67.29828850855745,4.2604500000000005,0.30150874561217655,1.7165339564170095,0.013146734520780301,0.013061066228493276
2023-11-06,4.777,5.161,4.662,5.114,27993608,2023-11-06 23:59:59.999,139287045.257,510650,13477250,67092172.579,0,2023-11-06,70.34368070953437,4.3219,0.3433048208173415,2.3072789893079997,0.0703223105902051,0.06795982796537708
2023-11-07,5.114,5.117,4.77,4.935,18817435,2023-11-07 23:59:59.999,93188709.976,388829,8613611,42679460.203,0,2023-11-07,69.64873765093301,4.3721499999999995,0.3562310419651723,1.5800139058488574,-0.03500195541650375,-0.035629203983550004
2023-11-08,4.935,5.278,4.892,5.183,18666903,2023-11-08 23:59:59.999,95942723.297,359863,9079750,46678233.618,0,2023-11-08,75.17343904856293,4.434900000000001,0.38337612422792167,1.9513473915638126,0.05025329280648427,0.04903136632212457
2023-11-09,5.184,5.399,4.58,5.121,36900942,2023-11-09 23:59:59.999,188197851.229,673626,17346658,88484249.38,0,2023-11-09,75.0990099009901,4.4912,0.39778301410724143,1.5832752472185945,-0.011962184063283643,-0.012034306727156075
2023-11-10,5.12,5.38,5.06,5.287,22790322,2023-11-10 23:59:59.999,119024076.928,488594,10962636,57268022.744,0,2023-11-10,80.06660323501428,4.5485,0.4262064609609784,1.7327283080948273,0.03241554383909384,0.03190124477289983
2023-11-11,5.286,5.543,5.155,5.4,22927504,2023-11-11 23:59:59.999,123205378.726,541162,11085850,59582374.874,0,2023-11-11,80.54781801299909,4.6079,0.4584091369492706,1.7279323995840368,0.021373179496879224,0.02114797631691562
2023-11-12,5.4,5.529,5.201,5.424,14796482,2023-11-12 23:59:59.999,79687948.77,353396,6896207,37138157.27,0,2023-11-12,80.0855513307985,4.6601,0.48948005711394127,1.5606355946431945,0.004444444444444473,0.004434597067865775
2023-11-13,5.425,5.635,5.2,5.226,22522867,2023-11-13 23:59:59.999,122108205.013,539718,10705630,58066949.912,0,2023-11-13,72.91483757682177,4.71045,0.49349425154937193,1.0446930199923954,-0.036504424778761146,-0.03718738353967379
2023-11-14,5.227,5.312,4.786,5.062,19849319,2023-11-14 23:59:59.999,101672606.702,409800,9324493,47807569.163,0,2023-11-14,68.92116182572614,4.7552,0.482067542763424,0.6364253404020667,-0.03138155376961338,-0.03188450497548834
2023-11-15,5.062,5.392,5.056,5.389,16278260,2023-11-15 23:59:59.999,85572059.79,312334,7846197,41259182.114,0,2023-11-15,64.07673860911272,4.8193,0.4765421613828612,1.1954870862775444,0.06459897273804827,0.06259817682842739
2023-11-16,5.389,5.595,5.106,5.2,23208115,2023-11-16 23:59:59.999,125012558.141,502907,11285870,60810124.518,0,2023-11-16,61.62361623616237,4.87815,0.4446363712384416,0.7238499160641191,-0.035071441825941796,-0.03570121336397804
2023-11-17,5.201,5.405,4.848,5.109,19629510,2023-11-17 23:59:59.999,100563046.285,387528,9485688,48582145.465,0,2023-11-17,60.20730058584949,4.929399999999999,0.40564534678082886,0.4427512885955498,-0.01750000000000007,-0.017654935238720824
2023-11-18,5.109,5.17,4.809,5.066,13399363,2023-11-18 23:59:59.999,67073813.294,226840,6607978,33092059.447,0,2023-11-18,57.947320617620335,4.9748,0.36337549086990667,0.25098005311715027,-0.008416519866901617,-0.008452138769177513
2023-11-19,5.065,5.251,4.945,5.237,9902283,2023-11-19 23:59:59.999,50415621.432,173924,4896244,24941449.728,0,2023-11-19,59.93076590220685,5.02755,0.3156746284533554,0.6634996326001823,0.033754441373865074,0.03319726371786724
2023-11-20,5.237,5.366,5.092,5.193,13456440,2023-11-20 23:59:59.999,70381614.976,230893,6382149,33400045.842,0,2023-11-20,51.95641406636948,5.079700000000001,0.24020234890107295,0.4716856455332221,-0.008401756730952892,-0.008437250435168794
2023-11-21,5.192,5.276,4.823,4.849,18358329,2023-11-21 23:59:59.999,92368424.239,320290,8578051,43159527.446,0,2023-11-21,48.03113553113554,5.08205,0.2375578544419586,-0.9810241827088886,-0.06624301944925848,-0.06853906673896652
2023-11-22,4.85,6.3,4.834,6.111,69535054,2023-11-22 23:59:59.999,398167049.923,990596,35257117,202037260.67,0,2023-11-22,64.50906816760475,5.1528,0.31471233313635777,3.044685254151871,0.26025984739121455,0.23131792778956312
2023-11-23,6.112,6.449,6.058,6.331,63446940,2023-11-23 23:59:59.999,396902977.445,879701,32229871,201675041.206,0,2023-11-23,68.02741358760429,5.236549999999999,0.3895271728873557,2.8096884535356828,0.03600065455735568,0.035367775649211106
2023-11-24,6.332,6.609,6.067,6.168,43597900,2023-11-24 23:59:59.999,273432628.851,608486,21711962,136263074.365,0,2023-11-24,63.137488815985684,5.309150000000001,0.42140795023692873,2.038048877618771,-0.025746327594376894,-0.026083565300961127
2023-11-25,6.168,6.32,6.067,6.168,16465894,2023-11-25 23:59:59.999,101825474.577,271992,7902340,48885095.664,0,2023-11-25,61.85185185185185,5.3786499999999995,0.44325391024101823,1.7808077532148414,0.0,0.0
2023-11-26,6.168,6.22,5.825,6.182,21142367,2023-11-26 23:59:59.999,127887610.572,324455,10051524,60821217.04,0,2023-11-26,61.73374613003096,5.43205,0.47302536651326976,1.5854329452307752,0.0022697795071335847,0.0022672074488961926
2023-11-27,6.182,6.374,5.915,6.297,33854949,2023-11-27 23:59:59.999,207934631.285,591559,16705332,102644995.865,0,2023-11-27,67.01620591039085,5.50015,0.49522108565852957,1.6090793043280331,0.01860239404723374,0.0184314857966809
2023-11-28,6.297,6.575,6.076,6.169,37458690,2023-11-28 23:59:59.999,234765897.582,651015,18343679,115012687.585,0,2023-11-28,67.79170684667308,5.549449999999999,0.5108198235208502,1.212854261860321,-0.0203271399078927,-0.020536579279104093
2023-11-29,6.168,6.385,5.98,6.006,20282437,2023-11-29 23:59:59.999,125806568.988,383546,9581331,59456774.416,0,2023-11-29,60.46827281981676,5.5937,0.5100829757028548,0.8082998642169594,-0.02642243475441719,-0.026777780666362997
2023-11-30,6.006,6.035,5.849,5.962,15814313,2023-11-30 23:59:59.999,93743440.27,285627,7544105,44728573.027,0,2023-11-30,63.59743040685224,5.62745,0.511051905384004,0.6546301784133248,-0.007326007326007411,-0.007352974305258918
2023-12-01,5.962,6.104,5.889,6.019,11631103,2023-12-01 23:59:59.999,70137942.516,236904,5501996,33180676.274,0,2023-12-01,66.4378612716763,5.6584,0.5152785041496791,0.6998157250806877,0.009560550150956137,0.009515137309754139
2023-12-02,6.019,6.208,6.009,6.175,11199071,2023-12-02 23:59:59.999,68383290.931,226279,5414456,33062169.09,0,2023-12-02,69.24678930926761,5.69595,0.5245779732286052,0.9132102841672983,0.02591792656587466,0.025587749948407068
2023-12-03,6.175,6.258,5.938,6.061,14574708,2023-12-03 23:59:59.999,88992614.447,283548,6887328,42066891.993,0,2023-12-03,64.58923512747876,5.737699999999999,0.5183986578085344,0.6236513060560591,-0.018461538461538418,-0.018634079544892868
2023-12-04,6.062,6.315,5.847,6.114,25374185,2023-12-04 23:59:59.999,155031595.7,455381,12278402,75030368.761,0,2023-12-04,66.2548535121779,5.7903,0.4992469170732769,0.6483765626388207,0.008744431611945158,0.008706420499494718
2023-12-05,6.114,6.356,5.975,6.264,20325545,2023-12-05 23:59:59.999,125305654.904,410503,9589264,59125965.446,0,2023-12-05,76.80939749905266,5.8340499999999995,0.5005665710991043,0.858926713895318,0.024533856722276814,0.024237735219859287
2023-12-06,6.265,6.301,5.943,6.002,21108601,2023-12-06 23:59:59.999,128754121.044,361796,10070865,61436088.59,0,2023-12-06,46.67480170835876,5.87415,0.4787482884364893,0.2670505630788488,-0.04182630906768847,-0.042726211670326704
2023-12-07,6.002,6.356,5.984,6.299,16966040,2023-12-07 23:59:59.999,104568855.226,307801,8198805,50559799.876,0,2023-12-07,49.06759906759907,5.93365,0.45184047894994855,0.8085818270400492,0.04948350549816727,0.04829814362161658
2023-12-08,6.298,6.56,6.266,6.522,18821590,2023-12-08 23:59:59.999,120306612.276,332259,8981210,57416612.705,0,2023-12-08,59.96621621621621,6.00645,0.42092498081054913,1.2248025741005857,0.03540244483251298,0.03479018672733532
2023-12-09,6.521,7.164,6.517,6.849,33243584,2023-12-09 23:59:59.999,224377693.902,640144,16154132,109067548.442,0,2023-12-09,66.19115549215405,6.08705,0.42016844679354426,1.8134393617957598,0.050137994480220716,0.04892157884864071
2023-12-10,6.85,6.893,6.372,6.611,18926977,2023-12-10 23:59:59.999,125519261.992,340124,9203834,61002233.333,0,2023-12-10,59.217877094972046,6.15795,0.3789841650585423,1.1954325319370975,-0.03474959848153025,-0.0353677278643272
2023-12-11,6.613,6.625,5.871,6.104,26090671,2023-12-11 23:59:59.999,161040188.28,464072,12481011,77007963.668,0,2023-12-11,46.4509010665686,6.2207,0.22239843334565884,-0.5247339122152038,-0.07669036454394185,-0.07979063436928512
2023-12-12,6.104,6.348,6.087,6.241,13423757,2023-12-12 23:59:59.999,83536353.44,266710,6456283,40184102.23,0,2023-12-12,51.319648093841636,6.2272,0.22091832259880023,0.06246652535498999,0.02244429882044563,0.022196131969750073
2023-12-13,6.241,6.336,5.945,6.302,15003977,2023-12-13 23:59:59.999,92172228.388,295402,7122860,43762576.896,0,2023-12-13,55.635948210205626,6.22575,0.22029546545939754,0.3461260532121733,0.009774074667521226,0.009726617383176922
2023-12-14,6.303,6.478,6.075,6.368,12954709,2023-12-14 23:59:59.999,81826746.316,269432,6235472,39391275.782,0,2023-12-14,57.66616314199396,6.2357499999999995,0.22206823867516465,0.5955376635082541,0.01047286575690265,0.010418405206999106
2023-12-15,6.369,6.373,5.985,6.036,10872345,2023-12-15 23:59:59.999,67030786.078,216608,5099330,31437457.288,0,2023-12-15,50.29079712624016,6.22915,0.22611251855954712,-0.8542207270542332,-0.05213567839195987,-0.0535439076364795
2023-12-16,6.037,6.28,5.936,6.17,9491256,2023-12-16 23:59:59.999,58335267.201,187186,4613357,28356748.331,0,2023-12-16,49.91382281971734,6.22855,0.2262600913640722,-0.25877298840911483,0.02220013253810471,0.021957297011693987
2023-12-17,6.17,6.288,6.05,6.071,11519990,2023-12-17 23:59:59.999,71251567.147,228741,5454870,33744165.958,0,2023-12-17,50.17325017325017,6.21725,0.22829594711775417,-0.6406158403003319,-0.016045380875202575,-0.016175501768999432
2023-12-18,6.07,6.123,5.595,5.946,19545374,2023-12-18 23:59:59.999,113798501.778,360834,9117037,53094279.714,0,2023-12-18,47.16024340770792,6.2061,0.2360891669127337,-1.101702392368312,-0.020589688683907093,-0.02080461157239105
2023-12-19,5.946,6.044,5.752,5.84,9901632,2023-12-19 23:59:59.999,58705220.34,205262,4692290,27820313.107,0,2023-12-19,42.724776938915575,6.1978,0.2461958142293929,-1.4533147166613485,-0.01782711066263032,-0.017987927735770227
2023-12-20,5.84,6.116,5.797,5.935,10645646,2023-12-20 23:59:59.999,63507959.324,241529,5030294,30009679.606,0,2023-12-20,48.78048780487805,6.1964500000000005,0.24762672990839696,-1.0558230127123895,0.016267123287671215,0.016136231221495653
2023-12-21,5.935,6.22,5.865,6.189,11805386,2023-12-21 23:59:59.999,70989169.653,242943,5761266,34668892.408,0,2023-12-21,47.96597633136094,6.204949999999999,0.24410771456981006,-0.06534000790637795,0.04279696714406067,0.04190649469559311
2023-12-22,6.189,6.498,6.124,6.397,16845552,2023-12-22 23:59:59.999,106348806.001,337433,8227911,51966355.562,0,2023-12-22,47.67571587950911,6.21605,0.24769515962563982,0.730535066868014,0.03360801421877535,0.03305560771077621
2023-12-23,6.397,6.434,6.101,6.345,17131858,2023-12-23 23:59:59.999,106586269.593,279613,8222427,51147390.756,0,2023-12-23,39.5608947804474,6.23025,0.24647619186161748,0.4655622075840314,-0.00812881037986568,-0.008162029301649708
2023-12-24,6.344,7.183,6.322,6.848,37969322,2023-12-24 23:59:59.999,258285493.349,733250,18197188,123736787.352,0,2023-12-24,54.423292273236285,6.26695,0.2805467359449172,2.0711344156008438,0.07927501970055162,0.07628953767308999
2023-12-25,6.849,7.17,6.669,6.977,21536164,2023-12-25 23:59:59.999,148105326.432,439309,10567343,72663272.297,0,2023-12-25,68.97001303780962,6.3026,0.3223406827972455,2.092196349984785,0.018837616822430014,0.01866238611765864
2023-12-26,6.977,7.819,6.632,7.356,41562603,2023-12-26 23:59:59.999,303064597.199,884754,20252775,147774938.238,0,2023-12-26,71.92292567833266,6.370299999999999,0.3908016188040787,2.522251578733002,0.0543213415508097,0.05289728178497505
2023-12-27,7.355,7.447,6.99,7.245,21618034,2023-12-27 23:59:59.999,156433589.051,476651,10295413,74513625.776,0,2023-12-27,68.18357115310451,6.4176,0.4363160853240767,1.896331645406662,-0.015089722675367012,-0.01520473096942892
2023-12-28,7.245,8.277,7.231,7.818,48801956,2023-12-28 23:59:59.999,379961040.557,1203281,23509553,183058238.654,0,2023-12-28,73.38709677419352,6.4824,0.5372102793201868,2.4861772967005313,0.07908902691511388,0.07611719159811738
2023-12-29,7.819,7.891,7.369,7.577,30831091,2023-12-29 23:59:59.999,235783712.717,787399,14674726,112250890.891,0,2023-12-29,75.60651379195747,6.518800000000001,0.5858218338790248,1.8063512467487224,-0.03082629828600658,-0.031311424421526665
2023-12-30,7.577,7.821,7.326,7.364,15482704,2023-12-30 23:59:59.999,117054642.57,430777,7580490,57323846.896,0,2023-12-30,69.33290155440415,6.55645,0.6155044550669668,1.312013249217081,-0.028111389732083936,-0.028514079578404905
2023-12-31,7.365,7.72,7.143,7.232,12290866,2023-12-31 23:59:59.999,91624213.205,351224,5676084,42353390.841,0,2023-12-31,68.59980775392503,6.61285,0.6234921410866103,0.9930357725455166,-0.017925040738728915,-0.01808764028095601
2024-01-01,7.231,7.654,7.143,7.611,8431438,2024-01-01 23:59:59.999,62362265.882,249656,4056901,30002390.482,0,2024-01-01,74.66666666666667,6.68135,0.6549524912436391,1.4194159308177583,0.05240597345132736,0.05107894619537907
2024-01-02,7.611,7.735,7.151,7.18,12135934,2024-01-02 23:59:59.999,90275670.792,346585,6039790,44917175.85,0,2024-01-02,68.10810810810811,6.72525,0.6576070555205943,0.6915223858722093,-0.056628563920641195,-0.05829518622512172
2024-01-03,7.181,7.382,5.786,6.433,24909407,2024-01-03 23:59:59.999,167087188.606,673064,11457061,76979604.79,0,2024-01-03,55.72150735294118,6.7284999999999995,0.6559069654800163,-0.4505212104032805,-0.10403899721448462,-0.10985839063126944
2024-01-04,6.433,6.719,6.367,6.531,9983606,2024-01-04 23:59:59.999,65556952.003,262509,4900380,32174169.688,0,2024-01-04,54.07530981887511,6.7532499999999995,0.6374812174710441,-0.34863772282058636,0.015233949945592906,0.015119078491656649
2024-01-05,6.531,6.641,6.158,6.435,12924666,2024-01-05 23:59:59.999,82990659.318,346846,6268004,40253086.017,0,2024-01-05,50.46523016650342,6.766499999999999,0.6273945707170318,-0.5283756275116266,-0.014699127239320209,-0.014808229872430138
2024-01-06,6.435,6.442,6.013,6.31,8240713,2024-01-06 23:59:59.999,51611271.792,246433,4063153,25459659.372,0,2024-01-06,49.57902333413519,6.778449999999999,0.6156156930876086,-0.7609455139950997,-0.019425019425019396,-0.019616164494968166
2024-01-07,6.309,6.449,5.917,6.003,8560121,2024-01-07 23:59:59.999,53210340.73,264518,4128489,25682798.747,0,2024-01-07,39.33350164099975,6.781299999999999,0.6116783726565269,-1.2724007170955418,-0.04865293185419961,-0.04987633228341566
2024-01-08,6.004,6.24,5.649,6.237,12712293,2024-01-08 23:59:59.999,75974574.436,357478,6296358,37637122.044,0,2024-01-08,40.90014756517461,6.80115,0.5854011018069513,-0.9636982203460909,0.038980509745127456,0.03823995327427953
2024-01-09,6.236,6.278,5.7,6.009,16150111,2024-01-09 23:59:59.999,96052827.351,369936,7914392,47075536.661,0,2024-01-09,32.79693486590037,6.80485,0.5798460117696888,-1.3725195721723897,-0.036556036556036564,-0.03724095219219468
2024-01-10,6.009,6.752,5.93,6.567,17244631,2024-01-10 23:59:59.999,107538149.176,468964,8384216,52275892.962,0,2024-01-10,42.22833562585969,6.8237499999999995,0.5646780055897305,-0.4546839038504048,0.09286070893659515,0.08879876185704473
2024-01-11,6.568,6.97,6.508,6.82,15636221,2024-01-11 23:59:59.999,105240629.729,405169,7442409,50083625.869,0,2024-01-11,37.65462642256309,6.8449,0.5557032434075231,-0.04480808830143784,0.038525963149078635,0.03780236464653507
2024-01-12,6.82,6.976,6.292,6.582,16019118,2024-01-12 23:59:59.999,107263144.582,427136,7869877,52718385.609,0,2024-01-12,37.68259470165882,6.85675,0.5469399923757252,-0.5023403002705609,-0.03489736070381233,-0.03552082133422255
2024-01-13,6.581,6.702,6.391,6.636,6955467,2024-01-13 23:59:59.999,45789955.437,200915,3281386,21607404.978,0,2024-01-13,40.618556701030926,6.846149999999999,0.5491682969890482,-0.38266957716277206,0.008204193254329972,0.008170721807049844
2024-01-14,6.637,6.674,6.303,6.32,5599765,2024-01-14 23:59:59.999,36533519.047,171300,2668389,17407190.951,0,2024-01-14,38.779527559055126,6.813300000000001,0.5604631637240141,-0.880164892055089,-0.04761904761904756,-0.048790164169431945
2024-01-15,6.318,6.739,6.311,6.673,9446654,2024-01-15 23:59:59.999,62420974.225,249407,4683030,30949680.658,0,2024-01-15,38.385339276869736,6.77915,0.546283931858988,-0.19431287249979,0.0558544303797468,0.05435032576270341
2024-01-16,6.672,6.935,6.65,6.824,9227414,2024-01-16 23:59:59.999,62863639.943,258905,4356235,29676922.528,0,2024-01-16,45.26343799893561,6.758100000000001,0.5353911408316323,0.12308758022711316,0.02262850292222396,0.022376276267908567
2024-01-17,6.824,6.896,6.661,6.774,7516236,2024-01-17 23:59:59.999,50967079.021,212862,3646389,24729550.461,0,2024-01-17,55.57007513884352,6.7059,0.47398633113418154,0.14367502927151235,-0.007327080890973003,-0.007354055793797995
2024-01-18,6.774,6.848,6.231,6.321,8576666,2024-01-18 23:59:59.999,55982910.839,239671,4183754,27327940.117,0,2024-01-18,46.92622950819672,6.6431,0.43401757179675204,-0.7421358510130494,-0.066873339238264,-0.06921433090541834
2024-01-19,6.321,6.392,6.037,6.358,8503118,2024-01-19 23:59:59.999,53184626.986,235133,4143679,25924793.098,0,2024-01-19,48.853142686922844,6.5927999999999995,0.4032784854649054,-0.5822279354409868,0.005853504192374626,0.0058364389984492905
2024-01-20,6.358,6.618,6.293,6.496,6839982,2024-01-20 23:59:59.999,44280155.117,195990,3486665,22567024.839,0,2024-01-20,52.75964391691396,6.556,0.3744291093004045,-0.160243951417414,0.021704938659956152,0.021472740370766054
2024-01-21,6.496,6.528,6.362,6.375,3581096,2024-01-21 23:59:59.999,23117465.444,105726,1647142,10636853.485,0,2024-01-21,55.84170854271357,6.494199999999999,0.2816396727378913,-0.4232358276844509,-0.018626847290640458,-0.018802511814887048
2024-01-22,6.375,6.402,5.965,6.044,9129764,2024-01-22 23:59:59.999,56247430.815,229923,4380116,26991148.205,0,2024-01-22,47.05882352941176,6.437399999999999,0.24867340660922163,-1.58199465461222,-0.05192156862745101,-0.05331804663399674
2024-01-23,6.045,6.13,5.532,5.84,12018216,2024-01-23 23:59:59.999,69436492.177,277252,5589658,32296948.199,0,2024-01-23,47.405587964384395,6.40775,0.28230403076507776,-2.011129626669976,-0.03375248180013235,-0.034335247570357434
2024-01-24,5.84,5.913,5.722,5.866,6171175,2024-01-24 23:59:59.999,35858422.874,152558,2988055,17363511.004,0,2024-01-24,37.13761467889908,6.3745,0.3052528718721663,-1.6658319932627859,0.004452054794520599,0.004442173715123655
2024-01-25,5.867,5.868,5.624,5.748,5094503,2024-01-25 23:59:59.999,29364879.322,124403,2438532,14052194.43,0,2024-01-25,29.305019305019314,6.3401499999999995,0.3352650600987856,-1.7662144687117791,-0.020115922263893582,-0.02032100233848076
2024-01-26,5.749,5.964,5.696,5.95,5836512,2024-01-26 23:59:59.999,34164754.014,136104,2891038,16918670.798,0,2024-01-26,37.627251370399385,6.32215,0.3464465136768289,-1.0741917880782812,0.03514265831593599,0.03453925134075991
2024-01-27,5.951,6.004,5.844,5.986,3664110,2024-01-27 23:59:59.999,21744811.435,84468,1727510,10254880.739,0,2024-01-27,37.18454258675078,6.3213,0.3472905805879924,-0.9654739251272201,0.006050420168067117,0.006032189872968689
2024-01-28,5.986,6.08,5.875,5.941,5771049,2024-01-28 23:59:59.999,34507856.928,128743,2839732,16986024.257,0,2024-01-28,41.633554083885194,6.3065,0.3572368372543045,-1.0231307689576625,-0.007517540928833943,-0.007545940056902805
2024-01-29,5.94,6.144,5.875,6.143,6220546,2024-01-29 23:59:59.999,37364102.557,138102,3130771,18807948.058,0,2024-01-29,37.46452223273415,6.3132,0.35258990640967836,-0.48271376152850776,0.03400100993098798,0.033435752808185906
2024-01-30,6.142,6.341,6.114,6.256,8377405,2024-01-30 23:59:59.999,52044230.06,157357,4134601,25691617.011,0,2024-01-30,36.31984585741812,6.297649999999999,0.347630668347411,-0.11981106327010012,0.018394921048347834,0.01822778106121972
2024-01-31,6.256,6.33,5.928,5.998,8885522,2024-01-31 23:59:59.999,54316980.637,198455,4304965,26305515.704,0,2024-01-31,33.01225919439581,6.25655,0.33080849524011635,-0.7815700132257241,-0.0412404092071611,-0.042114922916192586
2024-02-01,5.998,6.085,5.881,6.046,5312896,2024-02-01 23:59:59.999,31818779.507,123254,2616515,15670177.005,0,2024-02-01,42.68227780734435,6.22975,0.32471037701939676,-0.5658889059434754,0.008002667555851994,0.007970816030449008
2024-02-02,6.045,6.263,6.031,6.132,5191841,2024-02-02 23:59:59.999,31937595.857,107775,2658207,16349879.227,0,2024-02-02,44.13900414937759,6.204549999999999,0.31078126932800776,-0.23344392716096493,0.01422428051604352,0.01412406465230124
2024-02-03,6.133,6.284,6.055,6.108,3797318,2024-02-03 23:59:59.999,23383200.051,88565,1847746,11380472.172,0,2024-02-03,39.305402425578805,6.19395,0.3102512521657073,-0.2770335313718377,-0.003913894324853229,-0.003921573653181691
2024-02-04,6.108,6.129,5.946,5.978,4087866,2024-02-04 23:59:59.999,24676824.091,87152,1982690,11975432.073,0,2024-02-04,39.11135490948983,6.1592,0.29216570640083683,-0.6201959916247086,-0.02128356254092989,-0.021513323494639847
2024-02-05,5.977,6.098,5.909,6.001,4795729,2024-02-05 23:59:59.999,28777524.582,103662,2394875,14371511.421,0,2024-02-05,48.5808580858086,6.11805,0.2482631191145463,-0.4714755877452506,0.003847440615590614,0.003840058145629794
2024-02-06,6.001,6.438,5.995,6.276,8116856,2024-02-06 23:59:59.999,50473749.542,175355,3959137,24625490.481,0,2024-02-06,63.74527112232031,6.09315,0.1991210356511725,0.9182857019703508,0.04582569571738038,0.04480671286341031
2024-02-07,6.276,6.475,6.211,6.391,5966741,2024-02-07 23:59:59.999,37727452.042,131099,2967348,18770990.433,0,2024-02-07,65.67164179104479,6.09665,0.20389478064834848,1.4436367574688276,0.018323773103887886,0.01815791579735862
2024-02-08,6.39,6.43,6.301,6.313,4182887,2024-02-08 23:59:59.999,26624613.77,95553,2059486,13109397.691,0,2024-02-08,67.27828746177369,6.0944,0.2010879357182506,1.0870865983043632,-0.012204662807072442,-0.012279751282656145
2024-02-09,6.314,6.692,6.304,6.651,6994853,2024-02-09 23:59:59.999,45674949.216,156177,3580985,23372327.76,0,2024-02-09,69.79107848673065,6.10215,0.21952227436882107,2.5002018659749883,0.05354031363852374,0.05215621991679559
2024-02-10,6.652,6.749,6.533,6.628,3990301,2024-02-10 23:59:59.999,26487755.157,97046,1958106,12998516.639,0,2024-02-10,68.25938566552901,6.1148,0.24219187694852876,2.1189810594228433,-0.0034581265975041076,-0.003464119737967599
2024-02-11,6.628,6.827,6.552,6.681,6433642,2024-02-11 23:59:59.999,43029490.841,147440,3226656,21584639.349,0,2024-02-11,70.95130237825595,6.146649999999999,0.27239315142651155,1.9616866180431929,0.00799637899818939,0.007964577379023677
2024-02-12,6.682,6.86,6.479,6.838,7787770,2024-02-12 23:59:59.999,51961708.823,173585,3748054,25021963.195,0,2024-02-12,70.19174898314934,6.19655,0.30295847812924703,2.1172868439296386,0.0234994761263283,0.02322761427376919
2024-02-13,6.838,6.879,6.561,6.683,6451167,2024-02-13 23:59:59.999,43336888.641,144390,3110127,20891687.256,0,2024-02-13,62.1100397050482,6.237399999999999,0.311016059827134,1.4327234427947864,-0.022667446621819298,-0.022928302688176513
2024-02-14,6.682,6.909,6.636,6.893,5669760,2024-02-14 23:59:59.999,38618551.219,126291,2701426,18396703.895,0,2024-02-14,76.09329446064139,6.29465,0.3213979784053336,1.8617105277662518,0.03142301361663913,0.030939415374581575
2024-02-15,6.892,7.532,6.892,7.512,16012635,2024-02-15 23:59:59.999,116128198.172,321189,7904274,57339289.207,0,2024-02-15,82.06474190726158,6.37275,0.4106350505419292,2.7743613179062336,0.08980124764253583,0.08599533800244695
2024-02-16,7.513,7.681,7.303,7.448,14462409,2024-02-16 23:59:59.999,108643481.132,315650,7205703,54148233.397,0,2024-02-16,79.06360424028271,6.44585,0.464730626556825,2.156410494020803,-0.008519701810436486,-0.008556201931195688
2024-02-17,7.449,7.804,7.378,7.776,13781250,2024-02-17 23:59:59.999,104588846.764,300134,6703838,50901852.234,0,2024-02-17,82.47663551401871,6.537599999999999,0.5355558253833279,2.312363980194981,0.04403866809881829,0.04309652718337183
2024-02-18,7.775,7.99,7.551,7.665,9100090,2024-02-18 23:59:59.999,70347539.219,234239,4516557,34920901.701,0,2024-02-18,83.09140839544922,6.6137,0.5826020669529228,1.8044906800595863,-0.014274691358024616,-0.014377554834360427
2024-02-19,7.665,7.793,7.52,7.707,8335403,2024-02-19 23:59:59.999,63871024.743,210302,4031382,30896476.932,0,2024-02-19,83.21651090342681,6.686249999999999,0.6245488371590935,1.63437979428978,0.005479452054794498,0.005464494472078745
2024-02-20,7.708,7.748,7.195,7.565,10917076,2024-02-20 23:59:59.999,82025770.748,310702,5198092,39074138.353,0,2024-02-20,76.46817248459962,6.7646,0.6319103367416914,1.266635396608781,-0.018424808615544186,-0.018596659555536847
2024-02-21,7.566,7.566,7.082,7.397,7125670,2024-02-21 23:59:59.999,51818984.564,213798,3408585,24793161.073,0,2024-02-21,70.2170418006431,6.83215,0.6231999995751616,0.9063703472160796,-0.022207534699272946,-0.022457834634588614
2024-02-22,7.398,7.534,7.277,7.363,5479512,2024-02-22 23:59:59.999,40626506.899,169101,2685078,19915015.975,0,2024-02-22,71.48117839607205,6.8937,0.6110823098981759,0.7679816489503672,-0.004596458023523042,-0.00460705421915081
2024-02-23,7.362,12.6,7.042,11.404,199669569,2024-02-23 23:59:59.999,2163413679.987,4864148,100774532,1092419033.894,0,2024-02-23,88.66113551325853,7.158499999999999,1.1566310197233678,3.670574217363978,0.5488252071166644,0.43749671266384577
2024-02-24,11.405,12.878,10.92,11.271,197227907,2024-02-24 23:59:59.999,2342520130.16,4732275,99771995,1185380408.261,0,2024-02-24,87.10244526130737,7.42315,1.442519625880187,2.6674507098315186,-0.011662574535250658,-0.01173111579048389
2024-02-25,11.271,11.665,10.1,11.15,77275481,2024-02-25 23:59:59.999,829290018.654,1902362,38900773,417708195.184,0,2024-02-25,85.32806324110675,7.6806,1.6234739360548884,2.1370222970322468,-0.010735515925827332,-0.010793557353813758
2024-02-26,11.15,11.587,10.35,10.622,61505427,2024-02-26 23:59:59.999,666658471.838,1493612,29892613,324143465.004,0,2024-02-26,78.25567502986858,7.8979,1.7139095320954014,1.5894071122117828,-0.04735426008968613,-0.048512175905920385
2024-02-27,10.623,11.23,10.43,10.843,39333560,2024-02-27 23:59:59.999,425562939.825,1016002,18978414,205318486.057,0,2024-02-27,80.76013013901215,8.120500000000002,1.7950822148001249,1.5166436264330867,0.020805874599887142,0.020592388489837583
2024-02-28,10.843,11.301,9.579,10.939,46654432,2024-02-28 23:59:59.999,502228077.487,1295238,21963522,236637643.654,0,2024-02-28,80.43020457280386,8.3518,1.8472023683047567,1.4006045273612142,0.00885363829198571,0.008814674647608966
2024-02-29,10.941,11.999,10.75,11.14,51945473,2024-02-29 23:59:59.999,584024236.365,1545120,25608921,287960326.744,0,2024-02-29,79.1171749598716,8.576249999999998,1.9015887782525427,1.3482147293464521,0.018374622908858163,0.01820784936148416
2024-03-01,11.141,12.058,10.827,11.577,32818490,2024-03-01 23:59:59.999,374683427.159,984963,15868687,181232568.505,0,2024-03-01,81.26609117068,8.823699999999999,1.9559484198336414,1.4076547070879184,0.03922800718132846,0.03847813672445335
2024-03-02,11.578,13.53,11.328,12.628,46533770,2024-03-02 23:59:59.999,575526087.033,1456605,22750041,281382054.974,0,2024-03-02,83.11493311493312,9.12105,2.062218337385681,1.70057163027938,0.09078344994385423,0.08689619947215386
2024-03-03,12.628,13.288,11.35,12.648,31303323,2024-03-03 23:59:59.999,393207923.919,1080588,15054000,189292475.812,0,2024-03-03,84.43676572218384,9.41155,2.1317326650544923,1.518225081904099,0.0015837820715869366,0.0015825292114256609
2024-03-04,12.65,13.099,12.084,12.372,24466095,2024-03-04 23:59:59.999,307104732.42,920009,11942227,149919408.503,0,2024-03-04,81.22908019815237,9.696000000000002,2.1280389044715746,1.257495807232195,-0.0218216318785579,-0.022063245084347736
2024-03-05,12.371,14.12,11.12,13.193,50951248,2024-03-05 23:59:59.999,659060838.387,1887027,24580770,318281307.869,0,2024-03-05,84.5360824742268,10.011,2.1573636689249347,1.4749483574948985,0.06635952150016156,0.06425053107881627
2024-03-06,13.193,17.065,12.549,15.417,65388452,2024-03-06 23:59:59.999,999762018.124,2430483,32748866,500653048.281,0,2024-03-06,89.29831438651509,10.40625,2.3873077299262726,2.098912485050575,0.16857424391722886,0.15578441077656272
2024-03-07,15.417,15.595,14.517,14.892,22035526,2024-03-07 23:59:59.999,330046761.968,883912,10965313,164281991.781,0,2024-03-07,85.1986909770921,10.77845,2.4802968726168957,1.6584909836458013,-0.03405331776610243,-0.03464664066773185
2024-03-08,14.892,15.472,14.08,14.598,21825947,2024-03-08 23:59:59.999,325242288.719,862667,10689215,159319780.807,0,2024-03-08,72.98503166378815,11.11955,2.5145141934267903,1.3833487236194737,-0.01974214343271552,-0.019939622981029873
2024-03-09,14.597,15.024,13.888,14.2,16532681,2024-03-09 23:59:59.999,237764741.766,607855,8076804,116167510.837,0,2024-03-09,70.30361846665741,11.446299999999999,2.466115592543653,1.1166143259163779,-0.027264008768324577,-0.027642568422225667
2024-03-10,14.201,14.443,13.446,14.246,15600884,2024-03-10 23:59:59.999,219206421.291,587711,7422685,104354626.032,0,2024-03-10,71.6867469879518,11.77325,2.376096154242928,1.0406775818329066,0.003239436619718372,0.003234200948947084
2024-03-11,14.246,14.66,13.45,14.459,16578515,2024-03-11 23:59:59.999,235282314.941,701374,7983981,113322037.098,0,2024-03-11,78.11812985490253,12.11795,2.2289760329040584,1.050280472038061,0.014951565351677631,0.014840892489827144
2024-03-12,14.459,14.594,12.915,14.078,20413364,2024-03-12 23:59:59.999,284731755.37,802705,9610666,134111404.241,0,2024-03-12,73.16339682085064,12.452000000000002,1.969784759814535,0.825470900766383,-0.02635037001175744,-0.026703762860049444
2024-03-13,14.079,14.764,13.742,14.243,13287773,2024-03-13 23:59:59.999,188741265.866,535045,6570211,93355125.304,0,2024-03-13,73.42597844583096,12.796000000000001,1.6003951485731898,0.9041517035902366,0.011720414831652315,0.011652262766509365
2024-03-14,14.243,14.497,13.184,13.967,18185304,2024-03-14 23:59:59.999,253661096.839,756272,8795833,122690144.424,0,2024-03-14,69.83302932510172,12.924150000000001,1.5856122269357662,0.6576954833498808,-0.019377940040721797,-0.019568153628814894
2024-03-15,13.966,14.159,12.135,13.076,21001992,2024-03-15 23:59:59.999,271888962.478,855483,10049824,130168915.946,0,2024-03-15,59.88655850151695,13.0144,1.5371951353709823,0.040072986560118116,-0.06379322689195965,-0.06591891546167013
2024-03-16,13.076,13.178,11.763,12.043,12717126,2024-03-16 23:59:59.999,159206964.4,548735,6116957,76568861.481,0,2024-03-16,46.13248710829036,13.05905,1.492510547436171,-0.6807657083196944,-0.0789996940960539,-0.08229491058362141
2024-03-17,12.045,12.677,11.367,12.436,11732003,2024-03-17 23:59:59.999,142375910.185,468335,5731034,69567540.109,0,2024-03-17,48.66431451612904,13.149750000000001,1.3880811395583854,-0.5141990476342606,0.032633064850950744,0.03211191391816453
2024-03-18,12.437,12.622,11.57,11.884,9059733,2024-03-18 23:59:59.999,109332212.946,448446,4430297,53463365.737,0,2024-03-18,47.02873843156357,13.2018,1.314603386255949,-1.0024316183705835,-0.04438726278546157,-0.045402534596146175
2024-03-19,11.885,12.059,10.391,10.621,21701053,2024-03-19 23:59:59.999,238810312.293,831491,10437032,114899854.112,0,2024-03-19,35.139819736538016,13.1859,1.3449842065196098,-1.9070112404049286,-0.10627734769437902,-0.11235978426095866
2024-03-20,10.62,11.959,10.306,11.921,15585831,2024-03-20 23:59:59.999,173001364.346,643940,7728434,85788242.662,0,2024-03-20,27.386804657179823,13.224950000000002,1.2927822902552915,-1.008638507681371,0.12239902080783338,0.11546837739646183
2024-03-21,11.92,12.255,11.55,12.196,10968821,2024-03-21 23:59:59.999,131239884.414,480188,5456089,65288283.706,0,2024-03-21,31.978609625668454,13.2559,1.2581999631879435,-0.8423939206884862,0.023068534518916328,0.022806478390143943
2024-03-22,12.196,12.262,11.343,11.771,8763550,2024-03-22 23:59:59.999,103383952.932,439843,4288248,50575433.717,0,2024-03-22,31.428196032058864,13.21305,1.2947713260803315,-1.11374879173879,-0.03484749098064932,-0.03546914969566469
2024-03-23,11.771,12.029,11.572,11.623,5292112,2024-03-23 23:59:59.999,62650496.524,262380,2575931,30497495.133,0,2024-03-23,32.495584839016445,13.1618,1.3378826398053174,-1.15017562394256,-0.012573273298785326,-0.012652985768772856
2024-03-24,11.624,12.101,11.58,12.049,4611444,2024-03-24 23:59:59.999,54552282.335,229520,2285081,27033891.398,0,2024-03-24,35.80932696034104,13.14565,1.349814656866802,-0.8124448748730815,0.036651466919039866,0.0359957752795685
2024-03-25,12.049,12.754,11.928,12.436,6776155,2024-03-25 23:59:59.999,83689258.666,325358,3484889,43065228.845,0,2024-03-25,37.22046746683513,13.107800000000001,1.3589992680366005,-0.4943343354191624,0.03211884803718146,0.03161382325536795
2024-03-26,12.437,12.898,12.373,12.707,7633113,2024-03-26 23:59:59.999,96496482.294,363465,3742023,47293118.626,0,2024-03-26,41.21716848174248,12.9723,1.2471384551498168,-0.21272698224041997,0.021791572853007368,0.021557530525889906
2024-03-27,12.707,12.84,12.104,12.262,9812401,2024-03-27 23:59:59.999,122395959.49,448471,4898138,61087767.369,0,2024-03-27,37.748917748917755,12.840800000000002,1.1703612847491878,-0.4945481429899143,-0.035020067679231937,-0.03564797338190114
2024-03-28,12.261,12.9,12.125,12.767,8142760,2024-03-28 23:59:59.999,102183631.879,339969,4004691,50260513.883,0,2024-03-28,42.78325715660331,12.74925,1.0948499476605862,0.01621226729555652,0.04118414614255417,0.04035866749771752
2024-03-29,12.765,13.185,12.444,12.654,10665524,2024-03-29 23:59:59.999,136174757.925,420730,5338518,68191611.399,0,2024-03-29,47.20010615711252,12.671949999999999,1.0402459969681053,-0.01725553383749227,-0.0088509438395864,-0.008890346113521195
2024-03-30,12.654,12.928,12.517,12.62,5844555,2024-03-30 23:59:59.999,74310952.271,231344,2816580,35806118.757,0,2024-03-30,54.413339452348175,12.59065,0.9720568141819849,0.030193708404480463,-0.0026868974237396204,-0.0026905136116255374
2024-03-31,12.618,13.36,12.588,12.959,9123557,2024-03-31 23:59:59.999,118979674.128,339490,4421646,57660400.697,0,2024-03-31,54.03362640752737,12.515649999999999,0.8731505130380857,0.5077589640958755,0.026862123613312194,0.026507670340210322
2024-04-01,12.96,12.969,12.021,12.426,11488617,2024-04-01 23:59:59.999,143157262.219,431196,5592509,69682012.552,0,2024-04-01,54.192450495049506,12.43305,0.7919359673063205,-0.008902234891514428,-0.041129716799135685,-0.041999475811775266
2024-04-02,12.427,12.434,11.186,11.309,13414265,2024-04-02 23:59:59.999,154963093.09,495967,6408919,73998495.707,0,2024-04-02,55.444761000316554,12.28635,0.7061101952898886,-1.3841324010323304,-0.08989216159665225,-0.09419218275231227
2024-04-03,11.309,11.464,10.658,10.876,13842030,2024-04-03 23:59:59.999,153025196.898,481765,6855572,75803430.612,0,2024-04-03,40.4146028251697,12.1318,0.655343590073328,-1.9162467124451255,-0.03828808913254933,-0.039040342118965676
2024-04-04,10.877,11.286,10.71,10.985,6596907,2024-04-04 23:59:59.999,72801079.477,274406,3227909,35616459.775,0,2024-04-04,38.54304635761589,12.027249999999999,0.6635253435826695,-1.5707764745991861,0.010022066936373752,0.009972179066349335
2024-04-05,10.985,11.073,10.424,10.934,6953736,2024-04-05 23:59:59.999,74875030.537,286721,3496921,37664801.01,0,2024-04-05,41.47831398900426,11.9718,0.7070511483006969,-1.4677863157343207,-0.004642694583522955,-0.004653505363765972
2024-04-06,10.934,11.35,10.894,11.246,4373199,2024-04-06 23:59:59.999,48581355.449,180549,2209402,24548847.184,0,2024-04-06,46.2857142857143,11.9123,0.7159463446506233,-0.9306563333669219,0.028534845436253953,0.028135309397202497
2024-04-07,11.246,11.5,11.194,11.409,7844780,2024-04-07 23:59:59.999,88997899.171,262372,3984231,45205514.363,0,2024-04-07,43.349958437240254,11.888549999999999,0.7247588691548285,-0.6616683429610474,0.014494042326160361,0.014390007744222284
2024-04-08,11.409,11.819,11.273,11.634,6480169,2024-04-08 23:59:59.999,75134109.465,246999,3058376,35465262.803,0,2024-04-08,41.376344086021504,11.9392,0.6643967267558262,-0.45936409333359635,0.019721272679463553,0.019529327874337428
2024-04-09,11.633,11.724,11.037,11.219,7411590,2024-04-09 23:59:59.999,84116422.628,294474,3688755,41873564.647,0,2024-04-09,34.48060075093866,11.904100000000001,0.6836725054690861,-1.0020879800189368,-0.035671308234485166,-0.03632307592574216
2024-04-10,11.218,11.326,9.81,10.052,41194147,2024-04-10 23:59:59.999,428427928.164,1094733,20012029,207994541.556,0,2024-04-10,29.96736765772299,11.796899999999999,0.7945864796746367,-2.195985011869938,-0.10401996612888853,-0.10983714988148192
2024-04-11,10.053,10.053,8.723,9.148,76751651,2024-04-11 23:59:59.999,710595687.556,1699189,36685915,339640341.712,0,2024-04-11,19.408284023668656,11.66575,0.9912241169369841,-2.5400411037013364,-0.08993235177079184,-0.09423634352081099
2024-04-12,9.149,9.217,6.615,7.924,56583618,2024-04-12 23:59:59.999,476242841.338,1372513,26464772,223316964.116,0,2024-04-12,16.339311130088248,11.4808,1.2974208260997968,-2.741438959857126,-0.13379973764757314,-0.14363914732423008
2024-04-13,7.925,8.02,5.711,6.907,65901048,2024-04-13 23:59:59.999,461552004.274,1530065,31475790,220535422.384,0,2024-04-13,14.333874391309791,11.2237,1.6424869173547945,-2.6281487872987097,-0.12834427057041897,-0.13736073872946863
2024-04-14,6.906,7.585,6.639,7.518,37488202,2024-04-14 23:59:59.999,265058031.574,976234,19014552,134447457.646,0,2024-04-14,17.14768747735782,10.977799999999998,1.8109419938972564,-1.9104974160736647,0.08846098161285654,0.08476475503515041
2024-04-15,7.519,7.929,7.016,7.243,28578342,2024-04-15 23:59:59.999,214418564.492,760114,14210445,106595840.638,0,2024-04-15,17.69911504424779,10.704600000000001,1.943633883652368,-1.780993853376931,-0.036578877361000184,-0.03726465992879716
2024-04-16,7.244,7.327,6.759,7.182,25434408,2024-04-16 23:59:59.999,180411278.53,623770,12749671,90473477.795,0,2024-04-16,20.381799913879732,10.4506,2.0579682980519443,-1.5882654767296605,-0.008421924616871412,-0.008457589409297854
2024-04-17,7.182,7.241,6.621,6.885,18922205,2024-04-17 23:59:59.999,131252471.123,502248,9463058,65633095.231,0,2024-04-17,20.787586004977328,10.1565,2.128593988626849,-1.536930019289605,-0.0413533834586467,-0.042232763623273016
2024-04-18,6.886,7.345,6.724,7.295,15356599,2024-04-18 23:59:59.999,108206307.944,452594,7698833,54238040.549,0,2024-04-18,24.130678631519928,9.88855,2.134948131379655,-1.2148070306157677,0.05954974582425554,0.057844049794130714
2024-04-19,7.295,7.69,6.708,7.488,19532449,2024-04-19 23:59:59.999,142895787.191,558381,9783262,71611454.907,0,2024-04-19,26.312895243332434,9.63195,2.097454810377612,-1.0221674333064732,0.02645647703906784,0.02611255720054194
2024-04-20,7.488,7.917,7.39,7.869,10503470,2024-04-20 23:59:59.999,80308860.151,303885,5299777,40534951.611,0,2024-04-20,27.00531118071632,9.37745,1.9779088232664057,-0.7626489058827692,0.05088141025641013,0.04962925037755527
2024-04-21,7.868,7.949,7.54,7.723,7924722,2024-04-21 23:59:59.999,61417420.189,258440,3869898,29987783.361,0,2024-04-21,24.843024843024835,9.142299999999999,1.873190076621982,-0.7576913937957082,-0.018553818782564457,-0.018728099965719457
2024-04-22,7.723,8.298,7.699,8.197,11547111,2024-04-22 23:59:59.999,92389070.435,350241,5784245,46274551.468,0,2024-04-22,27.313531353135318,8.986699999999999,1.811988674879589,-0.4358195009427845,0.06137511329794121,0.05956534408376677
2024-04-23,8.197,8.351,7.89,7.942,9842635,2024-04-23 23:59:59.999,79563493.163,306829,4773186,38595561.57,0,2024-04-23,27.902899527983806,8.84,1.7692442930297065,-0.5075613376501206,-0.03110894229596184,-0.031603100961833774
2024-04-24,7.943,8.212,7.585,7.711,12944547,2024-04-24 23:59:59.999,102143372.498,370306,6523161,51483282.381,0,2024-04-24,31.93394042290477,8.676300000000001,1.710831502976275,-0.5642285627314564,-0.02908587257617723,-0.02951725185823608
2024-04-25,7.71,8.126,7.555,7.927,13124480,2024-04-25 23:59:59.999,102617622.54,382922,6480075,50652961.053,0,2024-04-25,39.457779312726636,8.52595,1.6323067782797898,-0.36693470122767313,0.028011931007651425,0.027626773004195245
2024-04-26,7.927,7.945,7.524,7.701,9554443,2024-04-26 23:59:59.999,73776882.178,291608,4612112,35616665.857,0,2024-04-26,47.67369079908199,8.3487,1.5092277948802748,-0.4291598671831914,-0.02851015516588873,-0.028924463297905757
2024-04-27,7.701,8.07,7.426,7.971,9200556,2024-04-27 23:59:59.999,71030829.353,284172,4667369,36032540.428,0,2024-04-27,63.148788927335644,8.1768,1.3271225541302731,-0.1550723400484069,0.03506038176860149,0.034459764888673104
2024-04-28,7.971,8.224,7.79,7.823,8730135,2024-04-28 23:59:59.999,70011375.926,238645,4223917,33880716.595,0,2024-04-28,54.256209879988845,7.986250000000001,1.0490744730461345,-0.15561335652938094,-0.018567306486011792,-0.018741842742842567
2024-04-29,7.824,7.89,7.491,7.685,9929859,2024-04-29 23:59:59.999,75957444.154,268424,4960774,37951344.211,0,2024-04-29,56.41323273360417,7.809549999999999,0.7227946112119282,-0.17231727805934122,-0.0176402914482936,-0.0177977357123845
2024-04-30,7.685,7.803,6.796,7.032,14445924,2024-04-30 23:59:59.999,104376582.97,367661,6953954,50255367.25,0,2024-04-30,48.14264487369985,7.65855,0.5153532743326702,-1.2157679619117936,-0.08497072218607671,-0.08879921660768324
2024-05-01,7.031,7.15,6.529,7.041,15002598,2024-05-01 23:59:59.999,103073048.034,409170,7443440,51172884.811,0,2024-05-01,52.08000000000001,7.5531999999999995,0.39650613587489886,-1.2917832882202929,0.0012798634812287712,0.0012790451541203815
2024-05-02,7.041,7.21,6.84,7.103,7115621,2024-05-02 23:59:59.999,50230244.261,204461,3604589,25441435.504,0,2024-05-02,47.17813051146384,7.51215,0.3985903153247066,-1.0264925771382363,0.008805567390995472,0.008767024478676637
2024-05-03,7.103,7.612,6.943,7.576,9823844,2024-05-03 23:59:59.999,71477972.968,243236,5027315,36544549.432,0,2024-05-03,51.19500271591526,7.5456,0.37233988434044146,0.0816458329567608,0.06659158102210339,0.06446812586810426
2024-05-04,7.576,7.716,7.467,7.528,6159177,2024-05-04 23:59:59.999,46538209.983,166997,2999083,22666300.579,0,2024-05-04,44.90892803822035,7.5461,0.3723075836443228,-0.0486157166685381,-0.006335797254487852,-0.006355953600698605
2024-05-05,7.528,7.653,7.346,7.584,7413234,2024-05-05 23:59:59.999,55390416.996,179601,3811597,28492490.009,0,2024-05-05,47.86744400122736,7.5631499999999985,0.36544122934096324,0.05705431770137715,0.007438894792773709,0.0074113626696422335
2024-05-06,7.584,7.948,7.432,7.47,9816662,2024-05-06 23:59:59.999,74969262.45,258652,4785193,36548202.112,0,2024-05-06,37.46119351500517,7.57755,0.3551614125216049,-0.30282005929756634,-0.015031645569620222,-0.015145765807994711
2024-05-07,7.47,7.679,7.372,7.393,6515636,2024-05-07 23:59:59.999,48982387.197,177978,3315882,24932619.465,0,2024-05-07,39.91179713340682,7.60295,0.31938946279479036,-0.6573479230117689,-0.010307898259705461,-0.010361392569762911
2024-05-08,7.392,7.527,7.196,7.325,7501400,2024-05-08 23:59:59.999,55157610.061,217523,3770220,27723278.864,0,2024-05-08,42.455043002345576,7.60445,0.3179341995761614,-0.8789554579926758,-0.009197889895847355,-0.009240451671831927
2024-05-09,7.324,7.546,7.158,7.5,5076552,2024-05-09 23:59:59.999,37263497.702,158646,2476066,18180696.274,0,2024-05-09,41.51767977751292,7.60505,0.31771411760148843,-0.3306431605653905,0.023890784982935065,0.023609865639133667
2024-05-10,7.499,7.563,7.017,7.102,7417684,2024-05-10 23:59:59.999,54098591.746,205164,3565379,26016727.99,0,2024-05-10,38.86203049460767,7.5667,0.33022147272641633,-1.407237379699402,-0.053066666666666595,-0.05452658602136853
2024-05-11,7.102,7.2,7.011,7.031,4158670,2024-05-11 23:59:59.999,29505415.384,126478,2117395,15023282.659,0,2024-05-11,31.124497991967857,7.5321,0.34871793758992004,-1.4369779870322472,-0.00999718389186155,-0.010047491303871973
2024-05-12,7.03,7.214,6.968,7.058,5041674,2024-05-12 23:59:59.999,35753645.208,123361,2515605,17838667.271,0,2024-05-12,33.85394681300126,7.475150000000001,0.3267296121728858,-1.2767437797443053,0.0038401365381881547,0.003832782036054174
2024-05-13,7.058,7.208,6.832,7.003,8542703,2024-05-13 23:59:59.999,60124893.605,229634,4302141,30283711.013,0,2024-05-13,35.083114610673675,7.4281999999999995,0.3235642944277584,-1.3141128589357778,-0.007792575800510071,-0.00782309657969766
2024-05-14,7.002,7.019,6.755,6.781,6834945,2024-05-14 23:59:59.999,47092738.781,184365,3389173,23352524.592,0,2024-05-14,43.234501347708886,7.3817,0.3467769038583449,-1.7322376240067618,-0.031700699700128565,-0.03221404497167566
2024-05-15,6.782,7.443,6.726,7.36,7474479,2024-05-15 23:59:59.999,53078744.876,200584,3768465,26753072.784,0,2024-05-15,56.577319587628864,7.353349999999999,0.32215348989197085,0.020642334193652072,0.0853856363368235,0.08193534903907983
2024-05-16,7.36,7.428,7.043,7.291,7582763,2024-05-16 23:59:59.999,55044400.869,179716,3664198,26601177.628,0,2024-05-16,53.86513157894738,7.3328500000000005,0.3117435307176564,-0.13424496702035293,-0.009375000000000022,-0.00941922191649164
2024-05-17,7.291,7.608,7.231,7.487,6721330,2024-05-17 23:59:59.999,49978410.803,168171,3254467,24196350.477,0,2024-05-17,47.93503480278424,7.30865,0.276377940122602,0.6453119953093344,0.026882457824715322,0.02652747242425483
2024-05-18,7.487,8.225,7.44,7.854,20573994,2024-05-18 23:59:59.999,162293762.552,439149,10365217,81750660.432,0,2024-05-18,56.588520614389665,7.310199999999999,0.2794838475647039,1.9457296181458381,0.0490182983838654,0.04785477290726975
2024-05-19,7.854,7.965,7.568,7.636,10841758,2024-05-19 23:59:59.999,84343906.015,274471,5353589,41653149.422,0,2024-05-19,50.98634294385434,7.30775,0.27622109279018126,1.1883596458339256,-0.027756557168321816,-0.028149050292316638
2024-05-20,7.637,9.51,7.613,9.328,24080413,2024-05-20 23:59:59.999,202669716.651,624433,11984486,100760482.702,0,2024-05-20,72.0455624110109,7.422549999999999,0.5227183477261772,3.6452709346987726,0.2215819800942902,0.20014672374463538
2024-05-21,9.33,9.675,9.083,9.661,20787694,2024-05-21 23:59:59.999,195198348.141,598536,10377959,97485023.276,0,2024-05-21,75.36912751677852,7.5535499999999995,0.7150013967576503,2.9474767595654363,0.03569897084048024,0.035076532927235934
2024-05-22,9.661,9.702,9.024,9.311,14094543,2024-05-22 23:59:59.999,131724061.651,446592,7151117,66814655.299,0,2024-05-22,70.89646464646464,7.66395,0.8063949975677224,2.042485388634468,-0.036228133733567924,-0.03690066562897976
2024-05-23,9.311,9.877,8.087,9.09,20805858,2024-05-23 23:59:59.999,194307487.563,653589,10247285,95833749.851,0,2024-05-23,66.56940391829929,7.73965,0.8665253830504204,1.5583501954049823,-0.023735366770486488,-0.02402158871700524
2024-05-24,9.09,10.58,8.949,10.215,29287309,2024-05-24 23:59:59.999,283460794.682,890559,14705363,142248098.793,0,2024-05-24,78.17194570135746,7.8740000000000006,1.0256710768524904,2.282408125598999,0.12376237623762387,0.11668232008019801
2024-05-25,10.215,11.475,10.152,11.332,45698130,2024-05-25 23:59:59.999,497632944.763,1411694,23014370,250701090.936,0,2024-05-25,82.72713437832903,8.0614,1.2806106849127974,2.5539377724485486,0.10934899657366626,0.1037733536986848
2024-05-26,11.333,11.809,11.068,11.178,34350791,2024-05-26 23:59:59.999,391249162.711,1188612,17110153,194932245.657,0,2024-05-26,80.75544938787698,8.2468,1.4479620742333381,2.0243624140169567,-0.013589834098129194,-0.013683021120763715
2024-05-27,11.177,11.377,10.911,11.065,16075753,2024-05-27 23:59:59.999,178961298.166,664817,8053705,89650791.698,0,2024-05-27,80.0621669626998,8.4304,1.5622922901931895,1.686368176133168,-0.010109142959384587,-0.010160587344493507
2024-05-28,11.066,11.53,10.608,11.117,18429398,2024-05-28 23:59:59.999,201788926.085,755934,9302749,101874918.565,0,2024-05-28,82.91831156999696,8.620000000000001,1.6487847837589356,1.5144487167738683,0.004699502937189459,0.004688494748465076
2024-05-29,11.118,11.343,10.444,10.451,14138471,2024-05-29 23:59:59.999,153240233.532,600235,7008492,75991154.392,0,2024-05-29,73.16049752734901,8.76755,1.6751131140116973,1.0049769092717191,-0.05990824862822708,-0.061777800639111334
2024-05-30,10.45,11.224,10.365,10.768,12239261,2024-05-30 23:59:59.999,131871636.42,500791,6094318,65668459.494,0,2024-05-30,75.11920242739488,8.950849999999999,1.6838214768159419,1.0791821015587593,0.030332025643479144,0.0298811052900054
2024-05-31,10.767,11.154,9.936,9.966,17719840,2024-05-31 23:59:59.999,187043327.739,566591,8484199,89584575.765,0,2024-05-31,66.46738408396439,9.0976,1.6348802434806897,0.5311704043539972,-0.07447994056463603,-0.07739947304315924
2024-06-01,9.967,10.069,9.866,9.89,7770997,2024-06-01 23:59:59.999,77438873.95,278063,3761735,37486996.979,0,2024-06-01,64.0685461580984,9.2392,1.570295868868875,0.4144441903606283,-0.007625928155729378,-0.007655154224591973
2024-06-02,9.89,9.963,9.361,9.426,8880648,2024-06-02 23:59:59.999,85820391.522,284643,4207003,40664537.375,0,2024-06-02,61.9620422346966,9.36035,1.479536032359411,0.044372018365316825,-0.046916076845298305,-0.04805231713308167
2024-06-03,9.426,9.844,9.296,9.501,9132622,2024-06-03 23:59:59.999,87878736.594,312473,4455881,42884652.136,0,2024-06-03,51.474850809889176,9.49635,1.3492361689010923,0.0034463944172109543,0.007956715467854814,0.007925227723073275
2024-06-04,9.501,12.0,9.411,11.473,58665388,2024-06-04 23:59:59.999,646567540.382,1647472,29077054,320545517.352,0,2024-06-04,62.07356076759062,9.702000000000002,1.3196020532511334,1.3420712673466566,0.2075570992527105,0.1885993925923937
2024-06-05,11.472,11.615,10.879,11.172,30969475,2024-06-05 23:59:59.999,346841777.36,974337,15346754,171929309.489,0,2024-06-05,62.48155600268276,9.896049999999999,1.228617386160643,1.0385251050266107,-0.02623550945698594,-0.02658580073407558
2024-06-06,11.173,11.276,10.427,10.628,14353541,2024-06-06 23:59:59.999,154629932.001,494510,6973660,75119576.643,0,2024-06-06,59.88686037541784,10.053099999999999,1.0983108514045887,0.5234401529082437,-0.048693161475116375,-0.04991862018536327
2024-06-07,10.629,10.758,9.137,9.821,18158526,2024-06-07 23:59:59.999,183373774.543,623290,8537577,86309990.699,0,2024-06-07,47.35924932975871,10.15145,0.9718084863839284,-0.34003613328135857,-0.07593150169363949,-0.07896907772192993
2024-06-08,9.821,10.2,9.795,10.052,11018076,2024-06-08 23:59:59.999,109813438.143,429876,5456134,54383342.358,0,2024-06-08,40.264679038637055,10.272250000000001,0.7723638272059731,-0.2851635359423245,0.023521026372059772,0.023248669505708454
2024-06-09,10.051,10.083,9.757,9.821,6233875,2024-06-09 23:59:59.999,61763802.548,242641,3008243,29803973.24,0,2024-06-09,39.79852653736281,10.2969,0.7481288166573344,-0.6361203971881992,-0.022980501392757646,-0.023248669505708537
2024-06-10,9.821,10.7,9.6,10.351,18812812,2024-06-10 23:59:59.999,192298339.494,626427,9334826,95469877.412,0,2024-06-10,44.94906621392191,10.3314,0.7330179433414139,0.02673877246531674,0.05396599124325441,0.05256018322597608
2024-06-11,10.351,10.406,8.712,8.97,23756856,2024-06-11 23:59:59.999,223994043.775,725959,11289734,106462418.113,0,2024-06-11,37.21567226390378,10.314350000000001,0.7614173262634348,-1.7655889268993108,-0.1334170611535117,-0.14319745733090833
2024-06-12,8.97,10.344,8.767,10.081,24064694,2024-06-12 23:59:59.999,235620068.945,856854,11812681,115757028.43,0,2024-06-12,47.907713187061745,10.3639,0.7079133830434761,-0.3996251614621977,0.12385730211817148,0.11676678800109955
2024-06-13,10.081,10.242,9.632,10.156,14950697,2024-06-13 23:59:59.999,148782996.446,564392,7554429,75183843.462,0,2024-06-13,46.441860465116285,10.360949999999999,0.7086890398901904,-0.2891959497945035,0.007439738121218342,0.007412199770627729
2024-06-14,10.156,11.03,10.064,10.424,34598552,2024-06-14 23:59:59.999,365731193.526,1207332,17604161,186077289.306,0,2024-06-14,52.8390776097198,10.31555,0.6713057562827601,0.16155082685499775,0.026388341866876663,0.026046175980111934
2024-06-15,10.423,11.874,10.343,11.516,31659129,2024-06-15 23:59:59.999,353743197.945,1156873,16091087,179828220.254,0,2024-06-15,58.95177273728253,10.33245,0.6978887315154655,1.6959007167660112,0.10475825019186491,0.09962653292738544
2024-06-16,11.515,12.5,11.234,11.98,20237368,2024-06-16 23:59:59.999,233476200.25,757133,10488871,121164042.213,0,2024-06-16,64.06077956397269,10.378200000000001,0.7742519377794406,2.068835635844802,0.040291767974991455,0.03950121993737398
2024-06-17,11.98,11.982,10.508,10.602,26850804,2024-06-17 23:59:59.999,297177946.687,1020624,13281981,146970056.698,0,2024-06-17,55.30091478093404,10.35245,0.7567539734372791,0.32976371285704803,-0.11502504173622707,-0.12219593012168897
2024-06-18,10.601,10.636,9.233,9.76,25774731,2024-06-18 23:59:59.999,252041030.361,925028,12900837,126067705.799,0,2024-06-18,40.74554294975689,10.3179,0.7677124530210723,-0.7267043771461223,-0.07941897755140548,-0.08275026214061332
2024-06-19,9.761,10.461,9.62,9.948,22661070,2024-06-19 23:59:59.999,229993698.821,833386,11164809,113360366.008,0,2024-06-19,43.30562240210019,10.276900000000001,0.7642981575808759,-0.43032944242731286,0.019262295081967196,0.0190791255161571
2024-06-20,9.947,10.3,9.627,10.023,17597884,2024-06-20 23:59:59.999,175951471.39,709124,8710655,87093761.688,0,2024-06-20,46.512164187708976,10.27975,0.7631832831512506,-0.33641984260957214,0.007539203860072341,0.007510926101570906
2024-06-21,10.023,10.322,9.697,9.8,13968901,2024-06-21 23:59:59.999,139270875.565,589401,6813795,67948257.839,0,2024-06-21,49.87019409074051,10.27525,0.76586297214487,-0.6205418165981018,-0.022248827696298434,-0.02250006636620286
2024-06-22,9.8,10.09,9.604,9.832,7371058,2024-06-22 23:59:59.999,72847035.673,349340,3655852,36135280.921,0,2024-06-22,48.60583016476553,10.29555,0.7473243130961831,-0.6202795652124585,0.0032653061224490187,0.003259986587207501
2024-06-23,9.832,10.094,9.745,9.767,7227968,2024-06-23 23:59:59.999,71941204.882,305886,3536035,35200545.755,0,2024-06-23,49.6504401864319,10.308850000000001,0.7346999584488102,-0.7375119513331986,-0.006611065907241809,-0.006633015798393867
2024-06-24,9.766,9.816,8.742,9.32,21073998,2024-06-24 23:59:59.999,192189065.441,725220,10412075,94953743.642,0,2024-06-24,43.253500850673994,10.2012,0.7125456661246987,-1.236692666720656,-0.04576635609706148,-0.04684672776784011
2024-06-25,9.321,9.566,9.185,9.5,10160069,2024-06-25 23:59:59.999,95473397.678,398076,4913709,46195310.979,0,2024-06-25,54.11490683229813,10.1176,0.690390995243333,-0.8945655494569742,0.0193133047210301,0.01912916990899539
2024-06-26,9.501,9.651,9.149,9.389,8422364,2024-06-26 23:59:59.999,79240099.431,314037,4188101,39399216.153,0,2024-06-26,43.639705882352935,10.05565,0.6977312312415965,-0.955453862676768,-0.011684210526315852,-0.011753007330084815
2024-06-27,9.388,9.645,9.175,9.501,9036354,2024-06-27 23:59:59.999,84921859.925,312931,4457949,41911956.792,0,2024-06-27,44.02044915099506,10.039649999999998,0.7070027376537605,-0.7618782379648875,0.01192885291298329,0.011858264948202047
2024-06-28,9.501,9.632,8.924,8.997,13234618,2024-06-28 23:59:59.999,122811344.645,414911,6368134,59078829.82,0,2024-06-28,37.51093996149134,9.9869,0.7444008470239039,-1.3297942955836175,-0.05304704767919166,-0.05450586778963071
2024-06-29,8.998,9.123,8.825,8.852,7128026,2024-06-29 23:59:59.999,63868838.587,244774,3537518,31705571.974,0,2024-06-29,22.052035249685275,9.93845,0.7861313319350013,-1.3820209879254994,-0.01611648327220183,-0.016247766246178488
2024-06-30,8.852,9.347,8.761,9.291,7183806,2024-06-30 23:59:59.999,64860914.021,251570,3473397,31368070.772,0,2024-06-30,21.641004007593338,9.88545,0.7925595096351126,-0.7500383160801133,0.04959331224582009,0.04840276747037214
2024-07-01,9.291,9.527,9.128,9.143,8831459,2024-07-01 23:59:59.999,82291371.779,299426,4349557,40531894.623,0,2024-07-01,29.222443748219888,9.8941,0.7829279660334416,-0.9593475167393842,-0.015929394037240252,-0.016057630476885833
2024-07-02,9.143,9.222,8.815,8.994,8553335,2024-07-02 23:59:59.999,76947510.379,283600,4116643,37043488.753,0,2024-07-02,36.40880056777856,9.83975,0.806640784525809,-1.048484054147079,-0.01629662036530688,-0.016430870833773946
2024-07-03,8.995,9.062,8.394,8.517,11276854,2024-07-03 23:59:59.999,97938427.137,385318,5338979,46364955.43,0,2024-07-03,26.9713550048278,9.7578,0.854648441110133,-1.4518250315747152,-0.05303535690460315,-0.05449352218957191
2024-07-04,8.517,8.581,7.581,7.626,14410376,2024-07-04 23:59:59.999,116042566.826,479013,7001254,56419387.202,0,2024-07-04,19.449400968646444,9.6179,0.9621074401089591,-2.0703508952954532,-0.10461430081014433,-0.11050070472357174
2024-07-05,7.625,7.819,6.712,7.771,25976774,2024-07-05 23:59:59.999,189175805.314,793594,12585612,91752319.261,0,2024-07-05,23.615084525357588,9.43065,0.9373638441464389,-1.7705504755320205,0.019013899816417545,0.01883539479173318
2024-07-06,7.77,8.256,7.66,8.184,8282448,2024-07-06 23:59:59.999,65740690.41,315697,4092188,32481039.949,0,2024-07-06,30.50165641268336,9.240849999999998,0.7618826594950693,-1.3871558655770122,0.05314631321580232,0.051782172422220184
2024-07-07,8.183,8.198,7.591,7.643,7593684,2024-07-07 23:59:59.999,59986761.066,293633,3734676,29493573.358,0,2024-07-07,27.413866439812836,9.0929,0.7709000139940987,-1.880788654404019,-0.06610459433040072,-0.06839083238857825
2024-07-08,7.643,8.307,7.307,8.029,13820924,2024-07-08 23:59:59.999,108630479.162,513104,6967698,54763168.734,0,2024-07-08,36.09135962077138,9.00635,0.7890197966279596,-1.2386888189331982,0.05050372890226362,0.049269790941800014
2024-07-09,8.029,8.278,7.97,8.168,6822576,2024-07-09 23:59:59.999,55349101.925,270585,3449105,27988596.764,0,2024-07-09,35.52173913043477,8.917349999999999,0.7775196240524122,-0.963769886725697,0.017312243118694726,0.017164093659817484
2024-07-10,8.168,8.346,7.984,8.022,7264419,2024-07-10 23:59:59.999,58930201.144,255391,3713870,30136375.647,0,2024-07-10,35.25350593311758,8.8173,0.7562089727869095,-1.0516934189090945,-0.01787463271302636,-0.01803631351450322
2024-07-11,8.023,8.177,7.756,7.824,7747321,2024-07-11 23:59:59.999,61757710.734,277976,3807568,30355512.142,0,2024-07-11,32.23893242957,8.7185,0.7501194641678212,-1.1924767223476258,-0.024682124158563967,-0.024991834615344936
2024-07-12,7.825,8.258,7.687,8.112,6138938,2024-07-12 23:59:59.999,48848307.78,230944,3096552,24648468.244,0,2024-07-12,40.17758046614872,8.6325,0.7134403305534732,-0.729563465519543,0.036809815950920255,0.03614851411631115
2024-07-13,8.113,8.289,8.072,8.152,5023240,2024-07-13 23:59:59.999,41005298.03,172713,2469715,20161806.802,0,2024-07-13,42.04545454545452,8.55175,0.6682389956147711,-0.5982141159425097,0.004930966469427922,0.004918849071596255
2024-07-14,8.151,8.497,8.091,8.417,6270064,2024-07-14 23:59:59.999,51866338.013,209200,3157453,26126678.986,0,2024-07-14,39.659252247988626,8.5066,0.6436533391894316,-0.1392053680834411,0.03250736015701672,0.03199017430901539
2024-07-15,8.417,8.605,8.273,8.585,8013626,2024-07-15 23:59:59.999,67698348.191,276856,3969225,33537085.994,0,2024-07-15,43.42910975035328,8.460849999999999,0.6003921766533449,0.20678150853335295,0.019959605560176064,0.01976302412000003
2024-07-16,8.586,8.652,7.86,8.165,19569787,2024-07-16 23:59:59.999,159946262.54,536900,9205968,75244005.02,0,2024-07-16,40.82355545716183,8.39965,0.5619561956118404,-0.41755923652469146,-0.04892253931275503,-0.05015976792701066
2024-07-17,8.165,8.414,7.865,7.917,13852882,2024-07-17 23:59:59.999,112717866.319,385688,6528749,53143189.94,0,2024-07-17,43.00373134328358,8.32045,0.5075548686929234,-0.7948894294699227,-0.030373545621555365,-0.03084438023313167
2024-07-18,7.917,8.053,7.549,7.833,10687206,2024-07-18 23:59:59.999,84071098.875,298393,5149417,40537745.228,0,2024-07-18,52.973283539212865,8.26225,0.4924038645121649,-0.871743767537785,-0.010610079575596787,-0.010666767804195192
2024-07-19,7.833,8.029,7.662,7.99,8947179,2024-07-19 23:59:59.999,70493566.279,272061,4250471,33491560.002,0,2024-07-19,53.134841110793026,8.219149999999999,0.4755015385410753,-0.4819122156850901,0.020043406102387307,0.019845181393081786
2024-07-20,7.989,8.042,7.808,8.007,7927575,2024-07-20 23:59:59.999,63001478.618,213146,3747182,29788107.389,0,2024-07-20,47.14239586696804,8.15495,0.40455595865249216,-0.3657096053974742,0.0021276595744679216,0.002125399312313315
2024-07-21,8.007,8.181,7.615,8.123,10872100,2024-07-21 23:59:59.999,86407943.605,290644,5301623,42151014.569,0,2024-07-21,58.9820359281437,8.10395,0.3310591416351125,0.0575425886320837,0.014487323591857004,0.014383384978319907
2024-07-22,8.123,8.17,7.734,7.808,8562803,2024-07-22 23:59:59.999,67993810.222,239647,4081922,32411371.412,0,2024-07-22,45.7516339869281,8.04465,0.2623246833042898,-0.9021263154466218,-0.038778776314169594,-0.03955069495802539
2024-07-23,7.808,8.008,7.546,7.705,12172048,2024-07-23 23:59:59.999,94875015.31,335971,6027813,47004072.614,0,2024-07-23,40.974658869395725,8.00405,0.2478062645169578,-1.2067895078557824,-0.013191598360655754,-0.013279380338712307
2024-07-24,7.704,7.768,7.315,7.418,8259669,2024-07-24 23:59:59.999,62486344.589,230173,3841604,29073474.659,0,2024-07-24,38.839615668883965,7.99365,0.2680456117846456,-2.147582257240946,-0.03724853990914989,-0.03795998970468
2024-07-25,7.417,7.454,7.028,7.285,10735083,2024-07-25 23:59:59.999,77186421.296,302251,5149573,37037223.64,0,2024-07-25,39.79553199545627,7.96935,0.30829945711946943,-2.2197573955986796,-0.01792936101375031,-0.01809203942023088
2024-07-26,7.285,7.702,7.268,7.672,6470686,2024-07-26 23:59:59.999,48836465.659,205716,3232520,24393025.93,0,2024-07-26,41.970802919708014,7.94375,0.3107848934504351,-0.8743989998450148,0.053122855181880535,0.0517598979339689
2024-07-27,7.671,8.018,7.535,7.667,11339507,2024-07-27 23:59:59.999,87536113.482,258191,5764301,44520927.768,0,2024-07-27,41.035120147874316,7.94495,0.30960662222135077,-0.8977521152673617,-0.0006517205422315042,-0.0006519330043797336
2024-07-28,7.666,7.668,7.451,7.529,4344481,2024-07-28 23:59:59.999,32832675.212,145785,2127815,16083228.293,0,2024-07-28,32.77734678044996,7.91995,0.3223857569942949,-1.2126776432214361,-0.017999217425329284,-0.018163173708772087
2024-07-29,7.529,7.901,7.519,7.676,7870628,2024-07-29 23:59:59.999,60993310.929,224630,3877540,30046982.227,0,2024-07-29,32.22526398122798,7.8953500000000005,0.32123106538037827,-0.6828418034235332,0.019524505246380608,0.019336347277468188
2024-07-30,7.677,7.75,7.284,7.387,6227664,2024-07-30 23:59:59.999,46898108.041,186393,3014556,22703623.014,0,2024-07-30,33.96537510305029,7.863600000000001,0.33894703824318884,-1.4061193821615539,-0.03764981761334041,-0.0383768795988529
2024-07-31,7.387,7.48,7.132,7.166,5612081,2024-07-31 23:59:59.999,41019854.145,170905,2810835,20550564.991,0,2024-07-31,34.34764485202167,7.8307,0.37319715404388726,-1.7810961117935868,-0.029917422498984547,-0.03037407966383848
2024-08-01,7.166,7.262,6.855,7.178,10024167,2024-08-01 23:59:59.999,70832828.718,296698,4880414,34491279.784,0,2024-08-01,35.926085088096244,7.784000000000001,0.39400213731336964,-1.5380627225329455,0.0016745743790118617,0.0016731738426533154
2024-08-02,7.178,7.243,6.513,6.608,11431538,2024-08-02 23:59:59.999,78132180.871,303137,5404267,36984053.156,0,2024-08-02,24.78102189781019,7.706799999999999,0.46327615953874307,-2.371803464037542,-0.07940930621343001,-0.08273975650673868
2024-08-03,6.608,6.779,6.405,6.623,13654051,2024-08-03 23:59:59.999,89835385.08,309659,6814772,44848105.956,0,2024-08-03,24.72607742878013,7.617099999999999,0.4913562219399082,-2.0231757645710142,0.002269975786925116,0.002267403284165623
2024-08-04,6.623,6.68,5.97,6.145,34032689,2024-08-04 23:59:59.999,219705520.296,505728,16821769,108622027.317,0,2024-08-04,18.096774193548384,7.495100000000001,0.5389930084470798,-2.5048562390258886,-0.07217273139060854,-0.0749096964848443
2024-08-05,6.144,6.189,4.696,5.361,58413738,2024-08-05 23:59:59.999,305581929.77,1185472,28254443,147784345.034,0,2024-08-05,15.718688708321665,7.354899999999999,0.6970710074810206,-2.8603972602522676,-0.12758340113913746,-0.1364882181725974
2024-08-06,5.361,5.892,5.357,5.782,15622860,2024-08-06 23:59:59.999,89130823.271,422722,7765321,44324424.731,0,2024-08-06,25.26369951119115,7.24815,0.7664820027392832,-1.9128303009858234,0.07853012497668344,0.07559911874875362
2024-08-07,5.783,6.009,5.52,5.657,11360346,2024-08-07 23:59:59.999,65451233.524,337757,5462985,31482233.966,0,2024-08-07,26.362416107382558,7.1393499999999985,0.8308321304236259,-1.7841751007440885,-0.021618817018332792,-0.021855927233135706
2024-08-08,5.658,6.32,5.575,6.278,10445508,2024-08-08 23:59:59.999,62373147.288,317392,5222188,31186194.733,0,2024-08-08,38.04889627343935,7.053750000000001,0.8267606332752687,-0.9383006021063371,0.10977549938129738,0.10415774205874305
2024-08-09,6.279,6.279,5.952,6.139,6705645,2024-08-09 23:59:59.999,41072801.379,214752,3263396,19990659.756,0,2024-08-09,30.668348045397224,6.96035,0.8188805114924471,-1.0030156884586885,-0.02214080917489636,-0.022389595974402408
2024-08-10,6.14,6.243,6.084,6.184,2948267,2024-08-10 23:59:59.999,18192295.171,113862,1463662,9031542.242,0,2024-08-10,31.485642946317114,6.8634,0.7881930968307149,-0.8619715178067833,0.007330184069066714,0.007303448839761635
2024-08-11,6.185,6.397,5.866,5.902,5286336,2024-08-11 23:59:59.999,32393858.07,174330,2607033,15987319.924,0,2024-08-11,30.39286575078333,6.7681,0.7831816956606532,-1.1058736494976436,-0.045601552393273015,-0.04667403476437323
2024-08-12,5.901,6.309,5.848,6.235,9816792,2024-08-12 23:59:59.999,59992585.196,263266,4816248,29425198.997,0,2024-08-12,33.37946943483276,6.694599999999999,0.7592401603244293,-0.6053420564628831,0.05642155201626564,0.054887302611252076
2024-08-13,6.234,6.394,6.073,6.34,5664351,2024-08-13 23:59:59.999,35295992.207,178880,2847341,17746188.117,0,2024-08-13,37.38858106480367,6.6407,0.7432785197296928,-0.4045589802720993,0.016840417000801855,0.016700189317134715
2024-08-14,6.341,6.503,6.214,6.433,7561424,2024-08-14 23:59:59.999,48250417.773,200074,3716058,23715679.883,0,2024-08-14,40.88988317176236,6.5981,0.7286800539670703,-0.2265740623764361,0.014668769716088326,0.014562223979728745
2024-08-15,6.433,6.448,6.072,6.204,7586485,2024-08-15 23:59:59.999,47424663.991,205455,3739614,23374757.798,0,2024-08-15,38.514150943396224,6.5247,0.6875900017620435,-0.4664116685498084,-0.03559769936266133,-0.03624674711457097
2024-08-16,6.204,6.619,6.195,6.493,10390704,2024-08-16 23:59:59.999,66462418.276,273727,5137266,32864411.471,0,2024-08-16,48.547613033594345,6.465999999999999,0.6328740624675433,0.04266251629072839,0.04658284977433924,0.04553042821205741
2024-08-17,6.492,6.544,6.33,6.414,5290704,2024-08-17 23:59:59.999,34050788.437,142313,2641097,16996732.368,0,2024-08-17,47.40243599304001,6.4102500000000004,0.581315918726829,0.006450881318048763,-0.012166949022023865,-0.012241572255386675
2024-08-18,6.413,6.442,6.153,6.165,6572776,2024-08-18 23:59:59.999,41513911.498,156810,3165026,20001162.6,0,2024-08-18,50.263574064312074,6.3347,0.5007627970847622,-0.33888300206789373,-0.0388213283442469,-0.039594964654655486
2024-08-19,6.167,6.255,6.026,6.191,6972699,2024-08-19 23:59:59.999,42894255.688,172709,3489095,21461774.587,0,2024-08-19,63.669301712779976,6.274900000000001,0.4356663257186623,-0.19257857458136518,0.004217356042173437,0.0042084879207873365
2024-08-20,6.19,6.47,6.1,6.254,7581269,2024-08-20 23:59:59.999,47606246.053,200024,3810867,23942685.09,0,2024-08-20,58.81254667662434,6.2293,0.381898870599526,0.06467680818543363,0.010176062025520904,0.010124634498554448
2024-08-21,6.254,7.219,6.223,7.098,17438917,2024-08-21 23:59:59.999,117953423.7,385944,9007832,60915332.571,0,2024-08-21,71.20989108036503,6.2253,0.3717226045502399,2.347718404308261,0.13495362967700686,0.12659179518865532
2024-08-22,7.098,7.117,6.872,6.915,9862604,2024-08-22 23:59:59.999,68671902.595,246008,4859673,33837048.623,0,2024-08-22,60.7637715444407,6.2406500000000005,0.39402715308109804,1.7114302776519716,-0.025781910397294938,-0.02612008910758312
2024-08-23,6.914,7.093,6.789,6.995,11873348,2024-08-23 23:59:59.999,82483890.851,285245,6126428,42572532.541,0,2024-08-23,64.75862068965516,6.25925,0.4208902688561819,1.7480803298196612,0.011569052783803269,0.01150264300072291
2024-08-24,6.995,7.122,6.823,6.913,10879774,2024-08-24 23:59:59.999,76067072.4,241540,5313588,37182477.187,0,2024-08-24,62.41062308478039,6.29765,0.44430125803503917,1.384983699396754,-0.011722659042172956,-0.01179191115431652
2024-08-25,6.912,6.932,6.586,6.622,10761144,2024-08-25 23:59:59.999,72396976.044,246076,5065845,34105141.028,0,2024-08-25,62.21995926680244,6.3607,0.3906170691785399,0.6689415814560002,-0.042094604368581034,-0.043006257838073526
2024-08-26,6.622,6.664,6.237,6.286,11461651,2024-08-26 23:59:59.999,74308684.199,230433,5272020,34203838.877,0,2024-08-26,50.86469989827058,6.3859,0.3668527454427713,-0.2723163482923561,-0.05073995771670192,-0.052072500749678695
2024-08-27,6.287,6.345,5.595,5.71,14822484,2024-08-27 23:59:59.999,88508812.103,287106,6920161,41356292.63,0,2024-08-27,40.789473684210535,6.3885499999999995,0.3614621586031614,-1.8772366175817579,-0.09163219853643012,-0.09610591470745695
2024-08-28,5.71,5.922,5.585,5.766,12758455,2024-08-28 23:59:59.999,73162900.714,278098,6277798,36005857.027,0,2024-08-28,40.14188590008869,6.36295,0.38693688795454523,-1.5427580532723086,0.009807355516637584,0.009759575548291696
2024-08-29,5.767,6.003,5.717,5.832,7080258,2024-08-29 23:59:59.999,41479217.5,195987,3448385,20198360.797,0,2024-08-29,44.22360248447205,6.3476,0.4020817408345943,-1.2823263223288324,0.01144640998959412,0.011381395490146532
2024-08-30,5.833,5.911,5.586,5.89,6868463,2024-08-30 23:59:59.999,39708668.513,182915,3365829,19462798.186,0,2024-08-30,39.913014386082295,6.3328999999999995,0.4135873738235491,-1.0708740837648407,0.009945130315500705,0.009896002957138333
2024-08-31,5.89,6.095,5.845,5.939,7701161,2024-08-31 23:59:59.999,45860917.169,179036,3773807,22479871.162,0,2024-08-31,41.973639743156475,6.33475,0.411636640352869,-0.9614061558289592,0.008319185059422862,0.008284771370227925
2024-09-01,5.938,5.956,5.53,5.608,6751301,2024-09-01 23:59:59.999,38642177.777,189061,3264348,18677655.633,0,2024-09-01,40.84182834593883,6.3034,0.44236260429764307,-1.5720135319849535,-0.05573328843239611,-0.057346619301434275
2024-09-02,5.607,6.212,5.587,6.101,18829634,2024-09-02 23:59:59.999,112749005.871,389942,9686340,58005778.452,0,2024-09-02,48.71721778791335,6.29145,0.4445446487515322,-0.42841590948145186,0.08791012838801726,0.08425854243742656
2024-09-03,6.101,6.305,6.018,6.037,13708281,2024-09-03 23:59:59.999,84343176.509,300908,6790836,41802327.602,0,2024-09-03,46.907950983186105,6.271649999999999,0.4467217755310575,-0.525271013979675,-0.010490083592853638,-0.010545492355426296
2024-09-04,6.037,6.646,5.774,6.427,45229595,2024-09-04 23:59:59.999,285128784.626,732933,22554311,142195946.323,0,2024-09-04,39.01800327332243,6.2828,0.4477262556482252,0.3220717976238061,0.06460162332284236,0.06260066657485992
2024-09-05,6.426,6.5,6.161,6.305,10610728,2024-09-05 23:59:59.999,66787578.631,265089,5149250,32425872.536,0,2024-09-05,39.81295925183701,6.2734,0.44504634885409133,0.07100384056933394,-0.01898241792438149,-0.019164896972266227
2024-09-06,6.304,6.336,5.873,6.172,12543767,2024-09-06 23:59:59.999,77178217.141,311471,6097379,37518922.951,0,2024-09-06,36.49491302920905,6.261299999999999,0.44431166159392665,-0.20098504657664013,-0.02109436954797783,-0.02132003491596851
2024-09-07,6.172,6.513,6.106,6.428,9062717,2024-09-07 23:59:59.999,57813380.953,237830,4612634,29424770.22,0,2024-09-07,42.471282210493634,6.27445,0.44520255295165767,0.34489919022695564,0.04147764095917039,0.04064051337435169
2024-09-08,6.429,6.505,6.237,6.345,6922854,2024-09-08 23:59:59.999,44019037.106,183247,3405597,21656308.423,0,2024-09-08,45.403252572187185,6.28215,0.4450149938301202,0.14123119641220988,-0.012912258867454951,-0.012996346708915236
2024-09-09,6.344,6.75,6.325,6.728,12672610,2024-09-09 23:59:59.999,83574439.725,280306,6490038,42805679.066,0,2024-09-09,57.22222222222222,6.3058499999999995,0.45592500248562795,0.9259198282579548,0.06036249014972417,0.058610821504295925
2024-09-10,6.728,6.826,6.492,6.699,8987086,2024-09-10 23:59:59.999,59566588.501,208504,4403370,29186361.244,0,2024-09-10,69.67767608436131,6.2859,0.42726731432619225,0.9668420357673876,-0.004310344827586188,-0.004319661144516396
2024-09-11,6.7,6.982,6.536,6.746,15881780,2024-09-11 23:59:59.999,107279386.424,310531,7914033,53466326.015,0,2024-09-11,69.56869009584665,6.27745,0.4156850370133368,1.127175525408598,0.007015972533213954,0.006991475113328027
2024-09-12,6.746,6.936,6.611,6.786,11785674,2024-09-12 23:59:59.999,79757945.581,252932,5786581,39162923.218,0,2024-09-12,69.24939467312348,6.2669999999999995,0.39898872164107313,1.3007886485244766,0.005929439667951231,0.005911929722579755
2024-09-13,6.786,7.088,6.675,6.933,10405483,2024-09-13 23:59:59.999,71585016.815,241633,5172040,35596806.37,0,2024-09-13,70.3155434359174,6.268,0.40071436210445194,1.6595362255238015,0.02166224580017695,0.021430953598315074
2024-09-14,6.933,6.936,6.568,6.661,7926233,2024-09-14 23:59:59.999,53256258.001,175647,3787253,25445233.902,0,2024-09-14,62.93906810035841,6.26995,0.4026180735569043,0.9712678731615126,-0.03923265541612586,-0.04002299652931108
2024-09-15,6.66,6.846,6.453,6.529,8421269,2024-09-15 23:59:59.999,56474528.407,177623,4131716,27715558.076,0,2024-09-15,67.77306059436512,6.2821,0.4067730390032476,0.6069723809744159,-0.019816844317669946,-0.020015831226545877
2024-09-16,6.53,6.559,6.302,6.408,6917825,2024-09-16 23:59:59.999,44437633.576,170495,3416808,21956602.018,0,2024-09-16,56.917530419107706,6.317,0.3844349236517154,0.2367110644776982,-0.018532700260376678,-0.018706582438438226
2024-09-17,6.408,7.138,6.332,6.784,14219537,2024-09-17 23:59:59.999,96205892.669,291775,7250641,49046813.78,0,2024-09-17,64.75701303832477,6.367900000000001,0.3749165380762858,1.109847013244675,0.05867665418227208,0.05701968872354378
2024-09-18,6.784,6.784,6.387,6.77,11594600,2024-09-18 23:59:59.999,76231888.401,261603,5816531,38238683.921,0,2024-09-18,57.95823665893271,6.4148,0.3628243884290344,0.9789860090110075,-0.0020636792452830566,-0.0020658115654183604
2024-09-19,6.77,6.904,6.721,6.793,10245074,2024-09-19 23:59:59.999,69864424.961,224532,5050768,34448222.244,0,2024-09-19,61.86770428015565,6.459950000000001,0.3500405202062718,0.9514612759795339,0.003397341211226035,0.0033915832849812904
2024-09-20,6.793,6.98,6.675,6.825,10367948,2024-09-20 23:59:59.999,70458227.75,224991,5078839,34531689.935,0,2024-09-20,66.70076726342711,6.504250000000001,0.33644126334476315,0.9533610616344513,0.004710731635507059,0.004699670861858472
2024-09-21,6.824,6.93,6.676,6.899,5577134,2024-09-21 23:59:59.999,37996770.105,138488,2665058,18161589.765,0,2024-09-21,63.282571912013545,6.5688,0.2733699248020752,1.2078870791623124,0.010842490842490893,0.010784132492948259
2024-09-22,6.899,6.925,6.477,6.631,8122293,2024-09-22 23:59:59.999,54163031.989,193969,3877458,25849953.507,0,2024-09-22,57.30337078651687,6.5953,0.25035534745002397,0.1425973136328823,-0.038846209595593484,-0.039620851177240984
2024-09-23,6.631,6.93,6.528,6.819,8732658,2024-09-23 23:59:59.999,59251139.808,214944,4258416,28898692.931,0,2024-09-23,52.580828133862745,6.634399999999999,0.21747895239234014,0.8488177727975039,0.028351681496003645,0.0279572111517853
2024-09-24,6.82,7.031,6.728,6.924,8515594,2024-09-24 23:59:59.999,58653874.857,205944,4219192,29066070.749,0,2024-09-24,56.11745513866233,6.65925,0.22090099591634058,1.1985007079835264,0.015398152221733463,0.015280803775447046
2024-09-25,6.924,7.053,6.742,6.772,7545871,2024-09-25 23:59:59.999,52076605.243,178856,3633711,25097055.152,0,2024-09-25,50.66872427983539,6.682600000000001,0.20563928561028422,0.43474183317980025,-0.021952628538417063,-0.0221971730430739
2024-09-26,6.773,7.387,6.669,7.352,12024312,2024-09-26 23:59:59.999,85656220.284,282086,6009927,42829505.494,0,2024-09-26,61.39291465378423,6.7416,0.22019450730995566,2.7720945788205964,0.08564678086237443,0.082175920782497
2024-09-27,7.352,7.714,7.285,7.615,9162726,2024-09-27 23:59:59.999,68541214.869,247445,4336343,32440474.404,0,2024-09-27,63.11538461538463,6.80095,0.28240144530904976,2.882598561452593,0.035772578890097995,0.03514760129373927
2024-09-28,7.615,7.866,7.382,7.599,8823482,2024-09-28 23:59:59.999,67241359.229,234334,4159207,31691802.369,0,2024-09-28,70.00853242320821,6.863650000000002,0.31335439411734584,2.34670396779125,-0.002101116217990806,-0.0021033266594772714
2024-09-29,7.599,7.623,7.334,7.449,5457869,2024-09-29 23:59:59.999,40742736.446,161157,2635455,19678998.59,0,2024-09-29,69.47502116850127,6.8997,0.3374728215131143,1.6276866312881841,-0.019739439399921066,-0.019936864493508635
2024-09-30,7.45,7.743,7.272,7.388,13696737,2024-09-30 23:59:59.999,102958654.534,317974,6873206,51676155.032,0,2024-09-30,71.28583840139008,6.93415,0.3508103813758649,1.2937188409875948,-0.008189018660222813,-0.008222732857145684
2024-10-01,7.388,7.854,6.769,6.863,16554111,2024-10-01 23:59:59.999,120723224.928,425172,8048093,58760919.161,0,2024-10-01,51.61158710730316,6.94,0.3484754767434961,-0.22096246404356795,-0.07106118029236597,-0.07371239841049589
2024-10-02,6.864,7.296,6.608,6.664,13114094,2024-10-02 23:59:59.999,91372921.143,359376,6454813,44969255.033,0,2024-10-02,47.98937784522003,6.9338999999999995,0.35235925147799424,-0.765979604247331,-0.028996065860411036,-0.029424759061956185
2024-10-03,6.665,6.794,6.382,6.562,10965022,2024-10-03 23:59:59.999,71872027.458,304285,5371874,35205979.156,0,2024-10-03,45.745856353591165,6.915350000000001,0.36204176481526396,-0.9759923697761823,-0.015306122448979553,-0.015424470325631639
2024-10-04,6.563,6.813,6.523,6.715,7356595,2024-10-04 23:59:59.999,49277841.608,209415,3725091,24948570.314,0,2024-10-04,48.06064880112834,6.918050000000001,0.36024194720102043,-0.5636489630861786,0.023316062176165664,0.02304839543629087
2024-10-05,6.714,6.89,6.633,6.82,4603413,2024-10-05 23:59:59.999,31217422.935,143171,2376440,16115299.603,0,2024-10-05,48.622253226369025,6.932599999999999,0.3494153613304818,-0.32225257519087747,0.015636634400595817,0.015515641880169968
2024-10-06,6.821,7.084,6.768,7.074,4445234,2024-10-06 23:59:59.999,30672789.128,138547,2247336,15512544.708,0,2024-10-06,57.76375744830003,6.9659,0.32785922845191373,0.3297146781880327,0.03724340175953067,0.03656661892791803
2024-10-07,7.074,7.464,7.056,7.227,11731106,2024-10-07 23:59:59.999,85723652.019,312215,5862668,42852492.154,0,2024-10-07,57.239176721078785,6.988050000000001,0.32988155369853717,0.72435089904531,0.021628498727735535,0.02139792151755529
2024-10-08,7.227,7.302,6.989,7.172,6805846,2024-10-08 23:59:59.999,48628950.813,217162,3390540,24233061.589,0,2024-10-08,54.47976878612715,7.0081500000000005,0.32813881449140814,0.4993313584494874,-0.007610350076103556,-0.007639456557957614
2024-10-09,7.172,7.388,7.058,7.287,8193849,2024-10-09 23:59:59.999,59070425.511,254009,4111193,29645415.531,0,2024-10-09,59.42878066642255,7.032849999999999,0.329680271741926,0.7708984182072922,0.01603457891801452,0.01590738294525871
2024-10-10,7.287,8.471,7.21,8.126,84362380,2024-10-10 23:59:59.999,676280768.493,1622754,42718480,342473272.141,0,2024-10-10,62.94314381270902,7.0979,0.4060229316793858,2.532122990560134,0.11513654453135724,0.10897685887738989
2024-10-11,8.126,8.236,7.827,7.891,29743114,2024-10-11 23:59:59.999,238562220.026,707904,14735789,118226780.811,0,2024-10-11,54.65901417960837,7.147499999999999,0.43964585029442615,1.6911338967536869,-0.028919517597834066,-0.02934592802663701
2024-10-12,7.89,8.31,7.749,8.123,19409250,2024-10-12 23:59:59.999,154833107.667,484454,9520230,75952062.7,0,2024-10-12,58.24417872876022,7.2221,0.4727303559859392,1.9057375702498685,0.029400582942592735,0.028976674529918766
2024-10-13,8.124,8.146,7.556,7.678,25754049,2024-10-13 23:59:59.999,200054466.032,532056,12277491,95263483.572,0,2024-10-13,53.29686150302332,7.2650500000000005,0.4732011339322944,0.8726733103287203,-0.05478271574541416,-0.056340447490210735
2024-10-14,7.678,8.314,7.592,8.132,19402549,2024-10-14 23:59:59.999,154614517.211,514503,9365041,74657033.481,0,2024-10-14,59.622348680807036,7.325450000000001,0.5035030418525964,1.60187711484794,0.05912998176608486,0.05744779918749418
2024-10-15,8.133,8.307,7.673,7.845,17620868,2024-10-15 23:59:59.999,139876557.676,463468,8503053,67513880.098,0,2024-10-15,63.53362734288864,7.379099999999999,0.4985689943249513,0.9344744765582871,-0.0352926709296606,-0.03593050958110428
2024-10-16,7.845,8.018,7.546,7.57,8915104,2024-10-16 23:59:59.999,69171963.296,296951,4441718,34488177.927,0,2024-10-16,62.23002159827216,7.390000000000001,0.5003252626222109,0.3597659631588809,-0.03505417463352445,-0.03568331873563842
2024-10-17,7.569,7.666,7.187,7.345,9110029,2024-10-17 23:59:59.999,67526591.538,259585,4209193,31203667.459,0,2024-10-17,60.229945126731124,7.3765,0.4975697253409588,-0.06330771024787528,-0.0297225891677676,-0.030173257823516878
2024-10-18,7.344,7.508,7.326,7.464,8780240,2024-10-18 23:59:59.999,65259108.391,215911,4434532,32959325.154,0,2024-10-18,59.87345109412076,7.369749999999999,0.49530297744977575,0.19028757001477656,0.016201497617426952,0.016071653919202202
2024-10-19,7.466,7.596,7.308,7.318,5235973,2024-10-19 23:59:59.999,38942461.703,158745,2513321,18686792.185,0,2024-10-19,56.49452269170578,7.363200000000001,0.4950659286207631,-0.0913009710159754,-0.01956055734190798,-0.019754396948027792
2024-10-20,7.317,7.781,7.278,7.759,12652957,2024-10-20 23:59:59.999,95343419.191,287710,6314908,47554902.072,0,2024-10-20,58.51778164635663,7.381749999999999,0.5029322309658618,0.7501010608835051,0.06026236676687624,0.05851639331479719
2024-10-21,7.761,7.968,7.412,7.791,11350879,2024-10-21 23:59:59.999,86869424.37,306897,5274544,40356029.945,0,2024-10-21,57.23076923076923,7.42815,0.49530429508916946,0.7325799586185237,0.00412424281479562,0.004115761436908769
2024-10-22,7.791,8.73,7.697,7.995,37792656,2024-10-22 23:59:59.999,307336077.46,799319,18713760,152185069.656,0,2024-10-22,60.16300321066931,7.4947,0.47628033540309334,1.0504317789576136,0.02618405852907202,0.025847124937196483
2024-10-23,7.996,8.023,7.487,7.854,19264549,2024-10-23 23:59:59.999,148450648.075,434861,9290830,71581306.872,0,2024-10-23,56.95705521472393,7.5593,0.42832109204625,0.6880352274787769,-0.01763602251407126,-0.01779339013009964
2024-10-24,7.854,8.21,7.832,8.041,12110046,2024-10-24 23:59:59.999,97546564.778,370773,6104071,49181255.455,0,2024-10-24,48.75839906514754,7.6256,0.3918242624296557,1.0601691621242493,0.023809523809523947,0.02353049741019425
2024-10-25,8.041,8.196,7.125,7.427,22789089,2024-10-25 23:59:59.999,178839607.404,563251,10957797,86072422.898,0,2024-10-25,43.89794844818516,7.65595,0.3470952356753806,-0.6596172360433226,-0.0763586618579779,-0.07943144487885265
2024-10-26,7.426,7.78,7.28,7.441,12169873,2024-10-26 23:59:59.999,91419972.179,321020,6174848,46414262.146,0,2024-10-26,40.485491071428584,7.6743,0.3236169112703005,-0.7209141175108009,0.0018850141376061114,0.0018832397279648725
2024-10-27,7.442,7.806,7.365,7.533,10635200,2024-10-27 23:59:59.999,80153539.84,256421,5323062,40083263.553,0,2024-10-27,47.756112658619635,7.6896,0.30822384210031367,-0.5080723117747441,0.012363929579357613,0.012288120428433469
2024-10-28,7.533,7.791,7.299,7.783,9768933,2024-10-28 23:59:59.999,73515991.635,301434,4719504,35532818.603,0,2024-10-28,44.2352163858606,7.720149999999999,0.2835103776010757,0.22168500684809672,0.03318730917297219,0.0326484991336934
2024-10-29,7.783,8.01,7.757,7.935,10849521,2024-10-29 23:59:59.999,85695316.47,301793,5284482,41741622.149,0,2024-10-29,51.556016597510364,7.752550000000001,0.2680073594769833,0.6807648877853573,0.019529744314531472,0.01934148600112108
2024-10-30,7.936,8.332,7.837,8.117,12721829,2024-10-30 23:59:59.999,103053395.132,382534,6317687,51178258.239,0,2024-10-30,59.771346909610564,7.7521,0.26735407234037567,1.3648567115724963,0.022936357908002636,0.02267727380066636
2024-10-31,8.117,8.195,7.492,7.614,13770502,2024-10-31 23:59:59.999,106944584.565,319004,6698088,51978066.077,0,2024-10-31,54.371140721481964,7.738250000000001,0.2669543377022248,-0.465435403932623,-0.06196870765060991,-0.06397196981873313
2024-11-01,7.614,8.048,7.508,7.55,21016506,2024-11-01 23:59:59.999,163934862.37,466112,10520338,82027714.158,0,2024-11-01,51.42289874255459,7.7096,0.2539184286695817,-0.628548313079253,-0.008405568689256682,-0.008441094699372324
2024-11-02,7.549,7.77,7.305,7.39,10352347,2024-11-02 23:59:59.999,77254891.749,259865,4901120,36578284.201,0,2024-11-02,51.18577075098814,7.6952,0.2637797326660936,-1.1570259660030002,-0.021192052980132492,-0.021419828300822973
2024-11-03,7.39,7.429,6.83,7.042,12450008,2024-11-03 23:59:59.999,88528570.437,351262,6043369,42976983.138,0,2024-11-03,37.81855249745159,7.6407,0.2808339273197046,-2.131864927126248,-0.047090663058186766,-0.048235514227249664
2024-11-04,7.041,7.135,6.615,6.779,8117478,2024-11-04 23:59:59.999,55918620.852,272333,3986648,27479419.264,0,2024-11-04,34.057971014492765,7.5874,0.335798874637015,-2.4073934162937487,-0.037347344504402136,-0.038062622284032184
2024-11-05,6.78,7.267,6.763,7.193,8681030,2024-11-05 23:59:59.999,60954805.185,281381,4287205,30081381.253,0,2024-11-05,38.150118203309695,7.56855,0.34721439986072145,-1.0816083669071483,0.061070954418055656,0.05927873243639051
2024-11-06,7.194,9.709,7.191,9.292,74564203,2024-11-06 23:59:59.999,666823038.374,1754487,37514896,335889751.105,0,2024-11-06,63.45937850992137,7.665900000000001,0.5140839476779339,3.1631020718404677,0.2918114833866259,0.2560454840229435
2024-11-07,9.292,9.552,8.815,8.905,29125434,2024-11-07 23:59:59.999,265801863.687,787723,14803048,135052002.586,0,2024-11-07,57.79501984843015,7.7379500000000005,0.5809314186329362,2.00892904492295,-0.04164873009040038,-0.04254089816653777
2024-11-08,8.904,9.054,8.524,8.861,17419244,2024-11-08 23:59:59.999,153208339.629,525254,8654978,76139236.423,0,2024-11-08,64.42075623491553,7.815099999999999,0.6231492935904328,1.67840999060399,-0.004941044357102631,-0.004953291676459498
2024-11-09,8.862,9.337,8.67,9.253,16488907,2024-11-09 23:59:59.999,148641934.395,457976,8264096,74520278.299,0,2024-11-09,66.93457943925235,7.889799999999999,0.7007812632657722,1.9452574882599358,0.04423879923259211,0.0432881982017277
2024-11-10,9.253,9.641,8.701,9.223,34073379,2024-11-10 23:59:59.999,316945307.036,947989,16669699,155130203.669,0,2024-11-10,65.97957639939486,7.9614,0.7607448842709241,1.658374608997971,-0.003242191721603782,-0.003247459013311352
2024-11-11,9.223,9.419,8.76,9.339,26470008,2024-11-11 23:59:59.999,240935343.065,791292,12906153,117614496.736,0,2024-11-11,65.09507178890183,8.0286,0.8208550997184978,1.5963840639467126,0.012577252520871607,0.012498815873998858
2024-11-12,9.34,10.781,8.641,8.947,60327269,2024-11-12 23:59:59.999,576265377.216,1687025,29252423,279510316.231,0,2024-11-12,59.38079347423062,8.08325,0.8446581292216329,1.022603074685329,-0.041974515472748775,-0.04288089956212197
2024-11-13,8.948,9.162,8.247,8.636,37099646,2024-11-13 23:59:59.999,321868187.471,1029823,18018036,156331109.441,0,2024-11-13,54.69853340575772,8.113,0.8535235328036753,0.6127540482475466,-0.034760254834022564,-0.035378767912898
2024-11-14,8.637,8.84,8.061,8.183,33922233,2024-11-14 23:59:59.999,287869568.225,768489,16751624,142217469.039,0,2024-11-14,55.19824593458797,8.1508,0.8381456097570011,0.038418145516905026,-0.05245484020379798,-0.053880681107316176
2024-11-15,8.184,8.606,7.859,8.571,19990680,2024-11-15 23:59:59.999,163569981.385,583737,9824619,80419706.142,0,2024-11-15,58.80627910988442,8.2073,0.8257749215432011,0.4404347849657631,0.04741537333496271,0.04632558037150103
2024-11-16,8.571,9.253,8.513,9.087,19154525,2024-11-16 23:59:59.999,170898178.27,583704,9130362,81510661.277,0,2024-11-16,63.7900211279051,8.285,0.8320749586660834,0.9638554695669516,0.06020301015050755,0.058460408796464254
2024-11-17,9.089,9.348,8.585,8.756,14870885,2024-11-17 23:59:59.999,132720920.961,523054,7152759,63833849.222,0,2024-11-17,63.96675358539766,8.33365,0.8296202856838293,0.5090883230415109,-0.03642566303510508,-0.037105641052593424
2024-11-18,8.757,9.406,8.728,9.248,19787926,2024-11-18 23:59:59.999,180436816.467,598086,9857589,89887867.388,0,2024-11-18,69.39512961508248,8.3993,0.8481572036493814,1.0006399713971446,0.05619004111466408,0.054668132269405006
2024-11-19,9.249,9.644,9.122,9.406,16818202,2024-11-19 23:59:59.999,156961262.97,569843,8536798,79660254.486,0,2024-11-19,68.11262072352268,8.463750000000001,0.8741527552268931,1.0779008524150122,0.0170847750865053,0.01694047159283469
2024-11-20,9.406,9.406,8.573,8.813,12664942,2024-11-20 23:59:59.999,113840614.592,471319,6110352,54926321.699,0,2024-11-20,44.7968716054747,8.5237,0.8536836034116708,0.3388843347158584,-0.06304486497980011,-0.0651198794053328
2024-11-21,8.814,9.764,8.37,9.255,31606643,2024-11-21 23:59:59.999,289217900.769,780804,15302950,140376053.278,0,2024-11-21,53.75697724345214,8.608949999999998,0.8362854885851826,0.7725232696468066,0.050153182798139184,0.048936041907937475
2024-11-22,9.256,10.009,9.136,9.941,21975456,2024-11-22 23:59:59.999,207417186.975,693436,11013337,104039441.877,0,2024-11-22,60.188679245283026,8.7365,0.8351247306759612,1.4422995221624713,0.07412209616423548,0.07150367320454719
2024-11-23,9.941,11.349,9.762,10.743,36157192,2024-11-23 23:59:59.999,384299622.615,1257222,18137443,192710887.36,0,2024-11-23,63.04728546409808,8.92155,0.8498010587607159,2.1433840087893774,0.08067598833115386,0.07758676045439732
2024-11-24,10.742,11.394,10.116,10.91,24883430,2024-11-24 23:59:59.999,267842301.887,985965,11892271,128096110.026,0,2024-11-24,64.42620147083974,9.1281,0.8023396642565318,2.2208798584713545,0.015545006050451393,0.015425420160574048
2024-11-25,10.908,12.428,10.535,11.137,36190559,2024-11-25 23:59:59.999,419757798.559,1359116,17540923,203538142.782,0,2024-11-25,65.08895602551192,9.3253,0.786214789185531,2.3043321302526083,0.020806599450045926,0.020593098565983764
2024-11-26,11.137,11.789,10.5,10.884,27917140,2024-11-26 23:59:59.999,308172682.107,1043321,13522150,149288027.038,0,2024-11-26,66.64375322220315,9.4049,0.8598119072138347,1.7202599633598112,-0.022717069228697095,-0.02297907748996322
2024-11-27,10.883,13.806,10.726,13.542,41520701,2024-11-27 23:59:59.999,520846574.345,1603786,20933333,262386194.556,0,2024-11-27,80.03918687239775,9.63675,1.2531405127654653,3.116370399183557,0.24421168687982364,0.2185021461424538
2024-11-28,13.54,13.545,12.393,12.77,29831363,2024-11-28 23:59:59.999,381323494.335,1136536,14549823,185993300.53,0,2024-11-28,77.03005303476723,9.8322,1.4195684147683076,2.0695022299995927,-0.05700782749963085,-0.05869729701900579
2024-11-29,12.769,12.979,12.32,12.595,14278036,2024-11-29 23:59:59.999,180896950.775,678431,6772989,85833186.547,0,2024-11-29,74.3230174081238,9.999300000000002,1.5394369818378195,1.6861359254220238,-0.013703993735317055,-0.013798760239874312
2024-11-30,12.594,13.419,12.527,12.789,19740721,2024-11-30 23:59:59.999,255094449.058,873630,9659578,124822425.24,0,2024-11-30,73.28301886792454,10.1776,1.647508881853692,1.5850597400493447,0.01540293767367995,0.015285516646609373
2024-12-01,12.791,13.361,12.61,13.075,17409723,2024-12-01 23:59:59.999,226399103.478,838707,8280393,107712933.06,0,2024-12-01,77.31815306767868,10.3644,1.755670764003406,1.5439113389455184,0.022362968175775988,0.022116583499803562
2024-12-02,13.072,14.595,12.432,14.021,49053723,2024-12-02 23:59:59.999,665404730.153,1836603,23796761,323100905.441,0,2024-12-02,78.55006579734419,10.6181,1.9006874628871362,1.7903522101582183,0.07235181644359479,0.06985419578800804
2024-12-03,14.022,15.359,13.15,15.134,38976946,2024-12-03 23:59:59.999,553032473.786,1608797,18849896,267787720.355,0,2024-12-03,80.74940949108868,10.943000000000001,2.0899896247532865,2.0052731125374494,0.07938092860708923,0.0763876625333352
2024-12-04,15.134,16.532,14.654,15.683,33914889,2024-12-04 23:59:59.999,529964958.298,1615130,16066818,251082937.859,0,2024-12-04,87.05501618122977,11.318000000000001,2.2364277907313226,1.9517732779436723,0.03627593498083792,0.035633454879957824
2024-12-05,15.682,15.963,14.357,15.036,27204866,2024-12-05 23:59:59.999,417213612.98,1346670,13108182,201101814.206,0,2024-12-05,80.5065963060686,11.641250000000001,2.2851727995234286,1.4855550533018647,-0.04125486195243255,-0.04212999745035602
2024-12-06,15.035,18.449,15.021,17.579,39647539,2024-12-06 23:59:59.999,667794700.782,2132675,19449377,328179896.553,0,2024-12-06,83.70102364984116,12.065850000000001,2.558219555101332,2.1550730425018667,0.1691274275073158,0.15625768211582242
2024-12-07,17.579,18.627,17.231,18.086,28734179,2024-12-07 23:59:59.999,512244430.213,1784972,13711924,244435670.171,0,2024-12-07,83.26538008516808,12.53235,2.7651964101741062,2.0084106790990384,0.028841231014278268,0.028433150500534313
2024-12-08,18.087,19.504,17.538,18.613,34683618,2024-12-08 23:59:59.999,643332949.927,2070716,17096042,317315453.236,0,2024-12-08,83.79398087215934,13.0006,2.965433320603431,1.8926070470058458,0.029138560212319087,0.028722102997907825
2024-12-09,18.614,18.873,13.782,16.024,42281276,2024-12-09 23:59:59.999,709477884.688,2221147,19275546,324161293.476,0,2024-12-09,67.7592848317465,13.3315,2.9119716868920493,0.924631242851715,-0.13909633052167836,-0.14977266295267888
2024-12-10,16.024,16.699,14.042,15.253,45636687,2024-12-10 23:59:59.999,703231925.581,2273428,22172528,341671966.437,0,2024-12-10,65.30083350844015,13.6535,2.7368214660148955,0.5844370997020291,-0.04811532700948584,-0.04931139334572108
2024-12-11,15.253,17.223,14.714,17.161,24065551,2024-12-11 23:59:59.999,387952690.179,1387120,11791042,190224696.586,0,2024-12-11,63.37694980409552,14.0488,2.637224968947469,1.180104100577395,0.12509014620074743,0.11786316240236994
2024-12-12,17.161,18.975,16.892,17.717,29569412,2024-12-12 23:59:59.999,537765721.676,1787353,14622103,266012726.767,0,2024-12-12,68.5823754789272,14.4376,2.572143451839348,1.2749677696455421,0.03239904434473506,0.03188526319813418
2024-12-13,17.717,18.176,16.83,17.489,15333403,2024-12-13 23:59:59.999,267361268.02,1051902,7427461,129570076.918,0,2024-12-13,68.31038611194253,14.774899999999999,2.5035560372352212,1.0840979629109053,-0.012868995879663503,-0.012952518751246004
2024-12-14,17.49,17.781,16.453,16.746,17437624,2024-12-14 23:59:59.999,295122235.343,1001288,8512812,144026099.332,0,2024-12-14,64.22051318910371,15.0667,2.3656856377887836,0.7098576299299203,-0.042483846989536445,-0.04341268808481426
2024-12-15,16.746,17.222,16.201,17.071,13009188,2024-12-15 23:59:59.999,217134338.376,855358,6457933,107770189.058,0,2024-12-15,64.32052752293579,15.363400000000002,2.214152574022552,0.7712205653911756,0.01940761973008498,0.019221693616375844
2024-12-16,17.07,17.47,16.221,16.229,16701650,2024-12-16 23:59:59.999,279032045.742,1106679,8319070,139025482.78,0,2024-12-16,57.972270363951466,15.63065,1.952093997817187,0.3065170020854883,-0.04932341397692008,-0.050581352064871056
2024-12-17,16.229,16.576,15.59,16.248,15817176,2024-12-17 23:59:59.999,254384960.357,977865,7681578,123559720.525,0,2024-12-17,54.36725733103341,15.765949999999998,1.8925795394529685,0.25470527919758373,0.0011707437303594137,0.001170058944338841
2024-12-18,16.249,16.744,14.51,14.793,27349350,2024-12-18 23:59:59.999,432650548.153,1515441,13174740,208690500.453,0,2024-12-18,46.742313323572475,15.867099999999999,1.774402461319013,-0.6053305399506494,-0.08954948301329402,-0.0938157283679849
2024-12-19,14.794,15.405,12.634,12.722,36513680,2024-12-19 23:59:59.999,511798097.031,1872753,17577896,246624974.661,0,2024-12-19,42.32962079024132,15.873450000000002,1.7622621071250035,-1.788298112555659,-0.13999864800919348,-0.1508213176534862
2024-12-20,12.722,13.832,11.21,13.672,53016020,2024-12-20 23:59:59.999,659694575.707,2345986,25970138,323363562.828,0,2024-12-20,35.51997628048329,15.917599999999998,1.6905208291181588,-1.328348022290497,0.07467379342870628,0.07201716755667738
2024-12-21,13.672,14.775,13.027,13.378,23722227,2024-12-21 23:59:59.999,325833952.781,1288112,11505482,158016212.765,0,2024-12-21,32.27142641964153,15.932749999999999,1.664868506740091,-1.53450557185585,-0.021503803393797538,-0.02173837911707346
2024-12-22,13.378,14.284,13.228,13.89,22593337,2024-12-22 23:59:59.999,311704514.873,1237985,11115594,153420138.845,0,2024-12-22,32.194827716202994,15.9262,1.6730233773174747,-1.217078032265659,0.03827178950515786,0.03755759007003623
2024-12-23,13.89,14.629,13.23,14.283,24624297,2024-12-23 23:59:59.999,340784707.614,1258952,11952470,165555677.089,0,2024-12-23,42.13427306406434,15.88365,1.7047526838682574,-0.9389338495528642,0.028293736501079803,0.027900862114238898
2024-12-24,14.283,14.764,13.734,14.586,14074701,2024-12-24 23:59:59.999,200429855.062,774470,6908725,98413998.038,0,2024-12-24,46.85347674308897,15.828800000000001,1.7290234116092418,-0.7187872597070842,0.02121403066582661,0.020992145681550008
2024-12-25,14.585,14.592,13.659,13.9,10774465,2024-12-25 23:59:59.999,151729206.184,577254,5447959,76752863.087,0,2024-12-25,32.611709501972925,15.772000000000002,1.7744996329575664,-1.0549452731528217,-0.04703139997257644,-0.04817332442539523
2024-12-26,13.9,14.078,12.814,13.258,11590638,2024-12-26 23:59:59.999,153077526.261,629875,5483703,72364708.555,0,2024-12-26,26.439818239458972,15.555950000000001,1.8056858290289544,-1.2726189479128676,-0.04618705035971227,-0.0472876963174463
2024-12-27,13.259,14.258,13.164,13.346,18330247,2024-12-27 23:59:59.999,251308688.223,872974,9058703,124251297.105,0,2024-12-27,27.780757266974177,15.318950000000001,1.7667822513491203,-1.116691091102738,0.006637501885653929,0.0066155706622149845
2024-12-28,13.345,13.794,13.018,13.569,7869239,2024-12-28 23:59:59.999,104972326.406,420835,3868885,51637865.909,0,2024-12-28,31.955015335681054,15.066749999999999,1.6262377270051458,-0.9209908091101978,0.016709126329986557,0.01657106468240103
2024-12-29,13.57,13.594,12.841,12.999,6467384,2024-12-29 23:59:59.999,85876388.861,327994,3065581,40716732.251,0,2024-12-29,27.497789566755117,14.9155,1.6725345563255976,-1.1458657118632998,-0.04200751713464512,-0.04291534773793372
2024-12-30,13.0,13.644,12.742,13.315,11779834,2024-12-30 23:59:59.999,156116536.518,639895,5868039,77755825.855,0,2024-12-30,32.90307439568177,14.8186,1.7077218866382344,-0.8804712358403618,0.024309562274021035,0.024018787840013465
2024-12-31,13.316,13.904,13.118,13.238,11879011,2024-12-31 23:59:59.999,159784195.471,636899,5706939,76786709.159,0,2024-12-31,32.45920745920745,14.62245,1.648794279561204,-0.8396741892920969,-0.005782951558392813,-0.005799737569164524
2025-01-01,13.24,13.702,13.039,13.622,7629582,2025-01-01 23:59:59.999,101805311.593,408504,3606665,48140555.183,0,2025-01-01,42.2026901052071,14.4177,1.4909929259594397,-0.533671210738961,0.029007402930956383,0.028594651122395617
2025-01-02,13.621,14.597,13.617,14.376,10377090,2025-01-02 23:59:59.999,147166407.041,555253,5141727,72877237.572,0,2025-01-02,63.35594315245478,14.262049999999999,1.304293617047786,0.08736529759144414,0.05535163705770074,0.053874016662131256
2025-01-03,14.377,15.257,14.047,15.21,9264617,2025-01-03 23:59:59.999,135139837.446,515474,4508261,65819456.521,0,2025-01-03,62.656352863726134,14.185250000000002,1.1906011694663938,0.8606996417274424,0.058013355592654525,0.05639295678994367
2025-01-04,15.209,15.439,14.753,15.274,9816798,2025-01-04 23:59:59.999,148199722.279,520330,4762087,71886962.026,0,2025-01-04,66.2162162162162,14.095400000000001,1.0164296335693337,1.1595490342614079,0.004207758053911714,0.004198930194990709
2025-01-05,15.274,15.368,14.803,15.159,6035891,2025-01-05 23:59:59.999,91052632.488,328744,2974115,44875368.569,0,2025-01-05,61.644338410717566,14.041900000000002,0.9219888628154778,1.2116198416851915,-0.007529134476888744,-0.0075576214883110735
2025-01-06,15.158,15.65,14.81,15.068,19870405,2025-01-06 23:59:59.999,301882625.08,834126,9690403,147245416.244,0,2025-01-06,57.625801437730715,13.9829,0.8035313441618235,1.3504140291277427,-0.006003034500956628,-0.006021125148086685
2025-01-07,15.07,15.129,13.469,13.52,11473381,2025-01-07 23:59:59.999,164265817.133,596991,5392646,77187385.507,0,2025-01-07,41.661451814768455,13.91925,0.7862160460398264,-0.5078120727896922,-0.1027342713034245,-0.10840321921497663
2025-01-08,13.521,13.824,12.486,13.108,16691470,2025-01-08 23:59:59.999,219846899.694,706932,8214065,108227938.432,0,2025-01-08,43.52729650212488,13.938549999999998,0.7595652132343634,-1.0934544994015296,-0.03047337278106499,-0.030947339778249768
2025-01-09,13.107,13.354,12.353,12.856,11171915,2025-01-09 23:59:59.999,142763268.054,559190,5404299,69097933.956,0,2025-01-09,46.49092178770951,13.897749999999998,0.7956930031494696,-1.3092360946704311,-0.019224900823924362,-0.019412102401356744
2025-01-10,12.857,14.094,12.845,13.938,13094605,2025-01-10 23:59:59.999,175375872.079,664455,6633703,88872988.016,0,2025-01-10,54.403451353763764,13.925750000000003,0.7862375344157663,0.015580533189757684,0.08416303671437464,0.08080829458111566
2025-01-11,13.938,14.057,13.452,13.639,5964136,2025-01-11 23:59:59.999,81765011.682,342623,2845817,39020443.249,0,2025-01-11,50.51485731097381,13.913199999999998,0.788837158833026,-0.34760025808829687,-0.021452145214521545,-0.021685587071589095
2025-01-12,13.639,13.879,13.504,13.624,5866599,2025-01-12 23:59:59.999,80383640.398,311413,2715773,37207504.566,0,2025-01-12,55.00560627903252,13.88025,0.7863368686831955,-0.32587814485809047,-0.0010997873744408304,-0.0011003925843508238
2025-01-13,13.625,13.945,12.02,12.883,14600316,2025-01-13 23:59:59.999,186440209.247,694611,7017717,89548782.654,0,2025-01-13,46.76064787042591,13.7951,0.7980107438915037,-1.1429670677767318,-0.05438931297709937,-0.05592433055099962
2025-01-14,12.883,13.425,12.809,13.308,6192618,2025-01-14 23:59:59.999,81480952.955,347708,3130545,41208047.548,0,2025-01-14,50.49885974914481,13.765499999999998,0.8048648464496867,-0.5684184146171388,0.032989210587596185,0.032456745346842744
2025-01-15,13.309,14.676,12.96,14.536,14671984,2025-01-15 23:59:59.999,204181545.733,645536,7653526,106597822.568,0,2025-01-15,55.81424936386769,13.829399999999998,0.8131417562684432,0.8689751750575839,0.0922753231139164,0.08826297293763972
2025-01-16,14.536,14.623,13.926,14.089,11670099,2025-01-16 23:59:59.999,166638708.614,557178,5689516,81216411.837,0,2025-01-16,48.10009267840594,13.866549999999998,0.806842610033878,0.2757043284943289,-0.03075123830489812,-0.031233980022730368
2025-01-17,14.088,15.167,14.075,14.979,9222442,2025-01-17 23:59:59.999,136464283.22,473220,4702745,69573185.978,0,2025-01-17,48.482060717571294,13.937050000000003,0.8403792674475995,1.23985686030143,0.06316984881822685,0.061254869115442166
2025-01-18,14.977,15.246,13.87,14.163,14866166,2025-01-18 23:59:59.999,212989365.941,684949,7252001,103875049.134,0,2025-01-18,43.356057887812476,13.995249999999999,0.8118166681150714,0.20663532369875387,-0.05447626677348283,-0.05601628995432249
2025-01-19,14.163,14.593,12.989,13.284,19720496,2025-01-19 23:59:59.999,272293235.27,962571,9448000,130394081.142,0,2025-01-19,39.726027397260275,13.9937,0.8132122206333046,-0.8727119219228006,-0.06206312221986865,-0.06407262671775922
2025-01-20,13.284,15.095,12.893,13.519,23809749,2025-01-20 23:59:59.999,327861125.994,1212084,12011222,165602433.234,0,2025-01-20,41.644190311791995,14.007750000000001,0.8018162852306234,-0.6095535960078735,0.017690454682324663,0.017535799867768237
2025-01-21,13.518,13.862,12.977,13.501,12182380,2025-01-21 23:59:59.999,163528387.904,668710,5981379,80325179.322,0,2025-01-21,49.877245122108796,14.0017,0.8053289030595765,-0.6217335527108971,-0.0013314594274724811,-0.0013323466071592611
2025-01-22,13.501,13.627,12.808,12.887,9064666,2025-01-22 23:59:59.999,120630989.165,424442,4416801,58798821.224,0,2025-01-22,48.60848759602065,13.92725,0.8371045885091845,-1.2426762608631754,-0.04547811273239011,-0.04654470546885489
2025-01-23,12.887,13.058,12.378,12.799,11275761,2025-01-23 23:59:59.999,143085007.488,566044,5683155,72122819.912,0,2025-01-23,49.63353478204964,13.806699999999998,0.8159912344717275,-1.2349397363960444,-0.006828586948087301,-0.006852008432599477
2025-01-24,12.801,13.152,12.414,12.455,6906902,2025-01-24 23:59:59.999,88594935.563,444036,3315574,42545684.782,0,2025-01-24,39.4658332149453,13.66575,0.7923242873430183,-1.5280990616356471,-0.026877099773419788,-0.02724489415951096
2025-01-25,12.456,12.463,12.031,12.085,5978591,2025-01-25 23:59:59.999,73035999.892,293729,2871191,35074497.878,0,2025-01-25,39.071729957805914,13.512049999999999,0.7855363219837169,-1.8166569260556464,-0.029706945002007212,-0.030157134558697396
2025-01-26,12.085,12.394,11.4,11.42,7676779,2025-01-26 23:59:59.999,91842504.361,359820,3496888,41909198.09,0,2025-01-26,35.79896907216495,13.32965,0.8276338037777824,-2.307361046979102,-0.055026892842366615,-0.056598809927582226
2025-01-27,11.42,11.524,10.248,10.997,16588802,2025-01-27 23:59:59.999,179280158.549,707845,7832482,84562968.444,0,2025-01-27,37.32867508734211,13.2035,0.9760641426279753,-2.2606096296695974,-0.037040280210157595,-0.037743695899066725
2025-01-28,10.997,11.345,10.795,11.127,10940461,2025-01-28 23:59:59.999,121614854.83,514536,5402570,60050616.451,0,2025-01-28,34.74184972715824,13.10445,1.081126044308417,-1.8290651773771205,0.011821405837955767,0.011752078846765993
2025-01-29,11.127,12.083,11.101,11.721,20125382,2025-01-29 23:59:59.999,235751563.758,874850,9816652,114999199.631,0,2025-01-29,28.38937509596191,13.0477,1.1238006987558171,-1.1805474061982855,0.0533836613642491,0.05200751756547976
2025-01-30,11.721,12.288,11.632,11.961,13631600,2025-01-30 23:59:59.999,164041215.421,504825,6876814,82756063.152,0,2025-01-30,33.12718046305105,12.948850000000002,1.1283077349440513,-0.8755146928501607,0.020476068594829755,0.0202692523262844
2025-01-31,11.962,12.833,11.656,11.767,14991502,2025-01-31 23:59:59.999,182623170.159,613333,7439616,90685755.208,0,2025-01-31,21.372549019607845,12.855250000000002,1.1455573626188922,-0.9499742531549201,-0.016219379650530996,-0.016352353585535905
2025-02-01,11.768,11.921,10.754,10.851,9626659,2025-02-01 23:59:59.999,109754575.123,459525,4424819,50468314.78,0,2025-02-01,20.998248686514884,12.7166,1.2134183293913787,-1.5374747148707888,-0.07784482026004913,-0.0810417618437211
2025-02-02,10.852,11.109,8.606,9.179,21387546,2025-02-02 23:59:59.999,210595051.125,923459,10107953,99660063.307,0,2025-02-02,18.437644164231884,12.5314,1.4468885091438155,-2.316971887477187,-0.15408718090498574,-0.1673389754011167
2025-02-03,9.181,10.2,6.89,9.951,49286608,2025-02-03 23:59:59.999,432519524.619,1669313,23137465,203214168.97,0,2025-02-03,24.65909090909092,12.36355,1.543545558803794,-1.562992414600098,0.08410502233358752,0.08075478239607112
2025-02-04,9.951,9.967,8.769,9.064,22239452,2025-02-04 23:59:59.999,205851493.256,821947,10842261,100310318.175,0,2025-02-04,21.949677582500954,12.08995,1.6212158684465434,-1.866469517658669,-0.08913677017385191,-0.0933625249073199
2025-02-05,9.065,9.521,9.0,9.266,12778851,2025-02-05 23:59:59.999,118552913.766,559456,6542581,60703384.469,0,2025-02-05,25.850340136054427,11.8488,1.6662896570075132,-1.5500306259107717,0.022285966460723783,0.022041263268751478
2025-02-06,9.266,9.465,8.882,8.975,11604886,2025-02-06 23:59:59.999,106532797.269,521392,5683213,52200024.116,0,2025-02-06,25.168831168831176,11.5486,1.6126486353357252,-1.5958839040372996,-0.03140513706022019,-0.03190885262011409
2025-02-07,8.975,9.499,8.74,9.002,14989534,2025-02-07 23:59:59.999,136801944.313,549524,7429999,67824900.399,0,2025-02-07,26.615197074360026,11.29055,1.5849682870802626,-1.4439090161329562,0.0030083565459610995,0.003003840496398476
2025-02-08,9.002,9.187,8.718,9.133,7729490,2025-02-08 23:59:59.999,69138344.879,324844,3813447,34118324.67,0,2025-02-08,29.33930571108621,11.083000000000002,1.5819708560751577,-1.2326396485191384,0.014552321706287286,0.014447452838800733
2025-02-09,9.133,9.317,8.691,9.125,7715885,2025-02-09 23:59:59.999,70297837.186,344956,3674307,33481205.789,0,2025-02-09,32.31077539694775,10.8633,1.5301240094214523,-1.136051711689212,-0.000875944377531912,-0.0008763282409865705
2025-02-10,9.124,9.598,8.812,9.453,13943438,2025-02-10 23:59:59.999,129112567.593,489495,7126193,66017187.995,0,2025-02-10,37.92240300375469,10.6609,1.4271148627830823,-0.8463929789396343,0.035945205479452014,0.035314251974692006
2025-02-11,9.453,10.041,9.233,9.374,15657491,2025-02-11 23:59:59.999,151207585.924,537614,7704005,74356496.089,0,2025-02-11,36.1772591073963,10.48525,1.3529696723163944,-0.8213413964390269,-0.008357135300962493,-0.008392251942732697
2025-02-12,9.373,10.129,9.072,9.948,12527530,2025-02-12 23:59:59.999,118432164.312,512021,6263692,59191907.464,0,2025-02-12,35.975320360702426,10.342699999999999,1.2420017840471627,-0.3177934243490672,0.0612331982078087,0.05943162644064373
2025-02-13,9.949,10.077,9.459,9.884,7226923,2025-02-13 23:59:59.999,70350844.648,351133,3517745,34249013.029,0,2025-02-13,33.100081366965014,10.21415,1.1407959490486421,-0.289403201576343,-0.006433453960595137,-0.006454237814794636
2025-02-14,9.884,10.354,9.798,10.051,9983328,2025-02-14 23:59:59.999,100174164.099,360250,5103736,51227903.274,0,2025-02-14,35.975809087937236,10.112449999999999,1.0524801023234747,-0.0583859018943358,0.016895993524888686,0.016754843916239128
2025-02-15,10.051,10.141,9.708,9.806,6672970,2025-02-15 23:59:59.999,66285100.47,251141,3235172,32128265.567,0,2025-02-15,40.40756379658526,10.03175,1.0078781189354824,-0.22398541625096283,-0.02437568401154122,-0.024677688813561364
2025-02-16,9.805,9.936,9.56,9.578,5823518,2025-02-16 23:59:59.999,56819783.291,258204,2808277,27395574.674,0,2025-02-16,54.98376217836621,9.9608,0.9860621097110795,-0.38821084009826057,-0.023251070772996152,-0.023525641308623915
2025-02-17,9.578,10.238,9.435,9.939,9976065,2025-02-17 23:59:59.999,98205412.298,430496,4922339,48448603.815,0,2025-02-17,49.832962138084625,9.901399999999999,0.947126868619241,0.03969901102564639,0.03769054082271883,0.03699761006545098
2025-02-18,9.939,9.95,9.137,9.624,10455526,2025-02-18 23:59:59.999,99404730.838,455417,5101197,48504174.139,0,2025-02-18,59.27152317880797,9.79655,0.8457345903803031,-0.2040238178296674,-0.03169332930878355,-0.03220643331349071
2025-02-19,9.625,9.726,9.373,9.428,7782080,2025-02-19 23:59:59.999,74324382.913,320516,3858357,36846731.99,0,2025-02-19,52.6874585268746,9.6699,0.6774664023500293,-0.3570656775906296,-0.02036575228595172,-0.020575993598493006
2025-02-20,9.429,9.557,8.961,9.338,12507866,2025-02-20 23:59:59.999,115931072.02,422216,6127550,56803642.25,0,2025-02-20,56.45218627799501,9.548449999999999,0.4666555672209859,-0.45097501194138906,-0.009546033092914907,-0.009591888525139588
2025-02-21,9.338,9.637,8.576,8.733,15342277,2025-02-21 23:59:59.999,140272165.073,554194,7350352,67298391.751,0,2025-02-21,46.03361840165143,9.44255,0.38944001294356617,-1.8219750832404096,-0.06478903405440128,-0.06698314311714933
2025-02-22,8.733,9.123,8.673,9.031,6536489,2025-02-22 23:59:59.999,58073208.473,309757,3077587,27323459.617,0,2025-02-22,48.56661045531199,9.43515,0.3960613024020795,-1.0204228424965094,0.034123439825947566,0.03355414983706586
2025-02-23,9.031,9.213,8.9,9.015,4866287,2025-02-23 23:59:59.999,44030409.985,234344,2230732,20189683.439,0,2025-02-23,48.45765563656759,9.38835,0.3870976043072673,-0.964485431699147,-0.001771675340493828,-0.0017732466133810938
2025-02-24,9.015,9.12,7.756,7.973,12879290,2025-02-24 23:59:59.999,108164382.327,514112,6136591,51537373.22,0,2025-02-24,32.71028037383178,9.3338,0.49659605526275,-2.7402553555927827,-0.11558513588463681,-0.1228290231349223
2025-02-25,7.972,8.643,7.382,8.307,38233834,2025-02-25 23:59:59.999,308849499.136,1063111,18514691,149592331.854,0,2025-02-25,38.235942668136715,9.28585,0.5472073863549958,-1.7888099181559285,0.04189138341903931,0.041037699336576146
2025-02-26,8.306,8.51,7.641,7.904,19106998,2025-02-26 23:59:59.999,153485970.474,644668,9525869,76589581.315,0,2025-02-26,26.581118240146665,9.2323,0.6259650318107874,-2.1220035185631745,-0.04851330203442883,-0.049729572411367835
2025-02-27,7.905,8.294,7.713,7.862,11170639,2025-02-27 23:59:59.999,89699297.996,444464,5555698,44615446.16,0,2025-02-27,26.715799170889,9.1753,0.696023146921044,-1.8868625358360087,-0.005313765182186181,-0.005327933445898056
2025-02-28,7.862,7.889,7.041,7.493,19729377,2025-02-28 23:59:59.999,145335117.951,692871,9657277,71114061.778,0,2025-02-28,21.852992957746494,9.0933,0.7913472921791903,-2.0222473948108637,-0.04693462223352829,-0.04807177561749483
2025-03-01,7.494,7.659,7.197,7.494,8122259,2025-03-01 23:59:59.999,60475186.202,332634,3895444,28999324.604,0,2025-03-01,23.116279069767458,9.01175,0.8682143729319636,-1.7481281666353339,0.00013345789403440556,0.00013344898932192615
2025-03-02,7.495,8.325,7.308,8.265,17323693,2025-03-02 23:59:59.999,136441933.636,532302,8353429,65781688.268,0,2025-03-02,36.444352673962435,8.952350000000001,0.8770313128283533,-0.7837234428761198,0.10288230584467595,0.09792703090149206
2025-03-03,8.265,8.295,7.052,7.122,17129141,2025-03-03 23:59:59.999,131395749.42,596639,8348917,64123903.339,0,2025-03-03,24.960000000000008,8.839749999999999,0.9606278580054548,-1.7881534307848947,-0.13829401088929227,-0.1488411464174016
2025-03-04,7.121,7.171,6.467,7.065,24018960,2025-03-04 23:59:59.999,163745523.192,742868,12072509,82345627.168,0,2025-03-04,26.159865846841825,8.6956,1.0010322777262557,-1.6289185037107339,-0.00800336983993255,-0.00803556871909517
2025-03-05,7.066,7.558,7.007,7.514,12387570,2025-03-05 23:59:59.999,90750981.158,440788,6224287,45591592.121,0,2025-03-05,32.971530249110316,8.5771,0.9931948926238051,-1.070384078588564,0.06355272469922157,0.06161493101528645
2025-03-06,7.516,7.696,7.047,7.099,11465441,2025-03-06 23:59:59.999,84542204.749,415304,5492419,40491960.886,0,2025-03-06,31.169049621530704,8.4295,0.981914590560221,-1.3550058353251457,-0.0552302368911366,-0.056814018094528365
2025-03-07,7.099,7.358,6.814,7.066,12916369,2025-03-07 23:59:59.999,92270140.935,505377,6444702,46046492.618,0,2025-03-07,34.48725107016564,8.2925,0.9708371048778789,-1.2633427315844932,-0.0046485420481758855,-0.004659380120295454
2025-03-08,7.065,7.227,6.884,7.158,5563459,2025-03-08 23:59:59.999,39271798.44,270017,2833570,20015493.206,0,2025-03-08,31.87536287981422,8.1715,0.9528276201293342,-1.0636761346847081,0.01302009623549405,0.01293606340688072
2025-03-09,7.158,7.212,6.306,6.392,11449663,2025-03-09 23:59:59.999,76793310.891,410197,5308639,35587823.486,0,2025-03-09,27.835051546391767,7.99415,0.9364893162608865,-1.7108043542844584,-0.10701313215982122,-0.11318340387986056
2025-03-10,6.393,6.954,5.779,5.902,17765049,2025-03-10 23:59:59.999,111674601.78,542881,8773415,55223083.464,0,2025-03-10,30.69897483690589,7.80805,0.9649447475304216,-1.9752944454883496,-0.07665832290362962,-0.07975593194322596
2025-03-11,5.903,6.238,5.501,6.094,20496243,2025-03-11 23:59:59.999,120644953.857,576769,9977852,58675039.117,0,2025-03-11,28.81485736166954,7.64135,0.958320915097257,-1.6146470098098236,0.032531345306675785,0.032013404042769714
2025-03-12,6.094,6.205,5.739,5.908,13159532,2025-03-12 23:59:59.999,78239411.019,418669,6552824,38958943.304,0,2025-03-12,30.06392329204955,7.469850000000001,0.9455390150302642,-1.6518091534805786,-0.03052182474565146,-0.030997315894383932
2025-03-13,5.907,6.07,5.689,5.885,10820420,2025-03-13 23:59:59.999,63562267.697,373517,5147672,30243833.176,0,2025-03-13,30.17846400641669,7.327450000000001,0.9596458488735174,-1.503106590512765,-0.0038930264048748775,-0.0039006239568934596
2025-03-14,5.885,6.137,5.83,6.023,11154870,2025-03-14 23:59:59.999,66518992.841,312343,5279875,31485330.98,0,2025-03-14,34.54583683767872,7.1770499999999995,0.9131952852179898,-1.263749406814464,0.023449447748513208,0.02317873334934402
2025-03-15,6.023,6.321,5.991,6.266,7391166,2025-03-15 23:59:59.999,45356944.975,233519,3703487,22731120.924,0,2025-03-15,37.71508603441378,7.0396,0.8245792802821716,-0.9381754047170255,0.04034534285239921,0.03955271846841604
2025-03-16,6.266,6.29,5.967,6.135,10237228,2025-03-16 23:59:59.999,62661605.002,295965,4939216,30204706.628,0,2025-03-16,25.562184488297376,6.9477,0.8174685636943769,-0.9941666702474454,-0.020906479412703516,-0.021128114367125268
2025-03-17,6.136,6.386,6.081,6.292,8868019,2025-03-17 23:59:59.999,55175091.021,266083,4359940,27120242.756,0,2025-03-17,37.692763938315544,6.84695,0.7635125528882999,-0.7268380826230996,0.0255908720456397,0.02526890703315656
2025-03-18,6.292,6.375,6.089,6.371,7794428,2025-03-18 23:59:59.999,48480700.813,259364,3701095,23026925.551,0,2025-03-18,39.77607542722453,6.770300000000001,0.7279295150935394,-0.5485421207968053,0.01255562619198991,0.012477457938319829
2025-03-19,6.37,7.395,6.314,6.98,30010479,2025-03-19 23:59:59.999,204339000.93,632212,15546692,105742028.191,0,2025-03-19,42.48733821046709,6.7262,0.6836825671527105,0.37122491079008324,0.09558938942081308,0.09129247363992998
2025-03-20,6.98,7.052,6.638,6.908,13157314,2025-03-20 23:59:59.999,89538957.773,366618,6668021,45387924.024,0,2025-03-20,47.02584864528185,6.696949999999999,0.6612974866022188,0.3191453230593497,-0.010315186246418362,-0.01036875648984896
2025-03-21,6.908,6.925,6.711,6.776,6491308,2025-03-21 23:59:59.999,44291967.06,276469,2933303,20016708.832,0,2025-03-21,45.61933534743203,6.66105,0.6347049438805463,0.18110777473577302,-0.019108280254777177,-0.019293202934679007
2025-03-22,6.777,6.924,6.717,6.73,5571338,2025-03-22 23:59:59.999,37998546.763,220271,2426918,16551746.005,0,2025-03-22,43.443627450980394,6.584300000000001,0.5113678354715119,0.2849221047812981,-0.006788665879574829,-0.006811813693116691
2025-03-23,6.73,6.825,6.608,6.685,5957445,2025-03-23 23:59:59.999,40050022.261,228785,2582985,17360448.942,0,2025-03-23,55.760912308297264,6.56245,0.4962976054292592,0.24692845312844736,-0.006686478454680622,-0.0067089331027300235
2025-03-24,6.686,7.157,6.573,7.082,11788263,2025-03-24 23:59:59.999,81954242.111,329554,5874316,40855302.724,0,2025-03-24,74.08163265306119,6.563300000000001,0.49721731984597717,1.0432058162428384,0.05938668661181756,0.05769014313580555
2025-03-25,7.081,7.131,6.918,6.96,6299384,2025-03-25 23:59:59.999,44123434.321,222584,3035745,21267067.825,0,2025-03-25,68.19327731092434,6.5356,0.45511541624315666,0.9325107101475423,-0.017226772098277277,-0.017376879343383663
2025-03-26,6.961,7.125,6.643,6.72,10683736,2025-03-26 23:59:59.999,73722222.192,266242,5214205,36005340.041,0,2025-03-26,66.68036154478222,6.51665,0.43799017953070285,0.46427981608602426,-0.034482758620689724,-0.03509131981127017
2025-03-27,6.72,6.907,6.648,6.722,10706251,2025-03-27 23:59:59.999,72679476.274,268878,5387532,36586839.794,0,2025-03-27,67.34355573974305,6.49945,0.42173444812317185,0.5277017350382581,0.0002976190476191576,0.0002975747678558542
2025-03-28,6.722,6.835,6.046,6.17,12903644,2025-03-28 23:59:59.999,81597880.884,329922,6344543,40125594.776,0,2025-03-28,52.59992925362575,6.45005,0.39771590958088454,-0.7041458318705895,-0.0821184171377567,-0.08568689138561755
2025-03-29,6.17,6.252,5.858,5.955,8830784,2025-03-29 23:59:59.999,53435925.767,304566,4652701,28161826.079,0,2025-03-29,44.44444444444445,6.4281999999999995,0.41279134527476186,-1.1463418635510112,-0.034846029173419724,-0.035467635110032966
2025-03-30,5.955,6.058,5.798,5.868,7383752,2025-03-30 23:59:59.999,44021294.973,220305,3567128,21276268.594,0,2025-03-30,45.15426497277679,6.4265,0.41513580529630373,-1.3453428802687097,-0.014609571788413045,-0.01471734252652809
2025-03-31,5.868,6.049,5.735,5.966,9051592,2025-03-31 23:59:59.999,53480931.808,287628,4474195,26454431.479,0,2025-03-31,43.95400593471811,6.4201,0.42146997145586756,-1.0774195808812175,0.01670074982958414,0.016562825811821443
2025-04-01,5.966,6.346,5.955,6.261,7424440,2025-04-01 23:59:59.999,45826613.842,239816,3645598,22506240.09,0,2025-04-01,48.11126373626374,6.437749999999999,0.4060034839065733,-0.4353410919022354,0.049446865571572296,0.048263230670616664
2025-04-02,6.262,6.48,5.78,5.831,14693371,2025-04-02 23:59:59.999,90083837.096,402148,7104533,43562633.846,0,2025-04-02,28.979143798024154,6.435050000000001,0.4100324088565388,-1.4731762342506554,-0.06867912474045679,-0.07115140452315444
2025-04-03,5.831,6.065,5.645,5.867,8840271,2025-04-03 23:59:59.999,51645535.077,280922,4160674,24314235.871,0,2025-04-03,30.700778642936598,6.427249999999999,0.4196542279657587,-1.3350276553051006,0.0061738981306806995,0.006154917703703748
2025-04-04,5.867,6.031,5.65,5.905,11874929,2025-04-04 23:59:59.999,69418820.529,315210,5817494,34021535.694,0,2025-04-04,33.26930464848253,6.4092,0.43445738692020736,-1.1605280867110717,0.006476904721322674,0.006456019705602814
2025-04-05,5.904,5.937,5.756,5.861,3966046,2025-04-05 23:59:59.999,23221468.126,162367,1947758,11401942.105,0,2025-04-05,33.294886582083805,6.3955,0.44767792698846676,-1.1939386951587863,-0.007451312447078862,-0.007479212155033567
2025-04-06,5.862,5.897,4.969,5.096,13598723,2025-04-06 23:59:59.999,73257693.624,363185,6703690,36081411.091,0,2025-04-06,26.076482987052103,6.3357,0.5338224719659539,-2.322307630539513,-0.1305238013990786,-0.13986431922442988
2025-04-07,5.096,5.345,4.599,5.119,25860839,2025-04-07 23:59:59.999,129020694.26,552021,12567777,62714797.868,0,2025-04-07,16.694944010858507,6.2731,0.5989068902214947,-1.9270107237757408,0.0045133437990581005,0.004503189205583991
2025-04-08,5.12,5.302,4.691,4.772,15870033,2025-04-08 23:59:59.999,79980907.251,378213,7657067,38603575.986,0,2025-04-08,15.51071878940732,6.1627,0.6619321876518054,-2.100970501122611,-0.06778667708536812,-0.07019360323977639
2025-04-09,4.773,5.492,4.552,5.41,20815792,2025-04-09 23:59:59.999,103499306.952,477811,10445893,51875769.669,0,2025-04-09,31.65266106442577,6.0878,0.6578999763978053,-1.0302477949781252,0.133696563285834,0.12548358862272047
2025-04-10,5.409,5.414,4.843,5.018,11361648,2025-04-10 23:59:59.999,58054141.616,314910,5683926,29043068.034,0,2025-04-10,28.48484848484847,5.9999,0.6782384226004826,-1.4477209890811364,-0.0724584103512016,-0.07521764491415973
2025-04-11,5.018,5.323,4.99,5.23,9817224,2025-04-11 23:59:59.999,50920764.506,250431,4809705,24942055.39,0,2025-04-11,37.01657458563537,5.9249,0.6761866684009384,-1.0276748011659487,0.04224790753288166,0.04137983013260102
2025-04-12,5.23,5.58,5.146,5.499,8431385,2025-04-12 23:59:59.999,45489820.365,231460,4185285,22591475.108,0,2025-04-12,43.79422972237343,5.8656,0.6577733092127008,-0.5573348672946145,0.05143403441682581,0.05015497944884594
2025-04-13,5.498,5.545,5.256,5.328,10353463,2025-04-13 23:59:59.999,55934046.987,272582,5027883,27161521.287,0,2025-04-13,42.81532730175625,5.777900000000001,0.6015859653291771,-0.7478565424208711,-0.03109656301145647,-0.031590324287589476
2025-04-14,5.328,5.647,5.317,5.345,9816140,2025-04-14 23:59:59.999,53675224.767,274353,4699724,25710491.781,0,2025-04-14,41.555615991297245,5.69715,0.5397776613393964,-0.6523982469489014,0.0031906906906906674,0.003185611238920512
2025-04-15,5.344,5.453,5.166,5.178,8170537,2025-04-15 23:59:59.999,43465545.865,239315,3821610,20334999.018,0,2025-04-15,34.74218089602704,5.62005,0.49418965834774503,-0.8944946389164299,-0.031244153414406006,-0.03174266314766267
2025-04-16,5.179,5.257,5.018,5.146,9992960,2025-04-16 23:59:59.999,51533568.795,276646,4916515,25357419.686,0,2025-04-16,39.130434782608674,5.54125,0.4308184224875875,-0.9174398757550523,-0.006179992275009649,-0.00619916746979346
2025-04-17,5.146,5.298,5.088,5.179,6660523,2025-04-17 23:59:59.999,34682579.968,206849,3265056,17004612.968,0,2025-04-17,39.07242693773825,5.4917,0.4112420339934969,-0.760379470365484,0.006412747765254689,0.006392273582202105
2025-04-18,5.179,5.239,5.123,5.169,5582452,2025-04-18 23:59:59.999,28937212.586,169789,2766994,14345244.446,0,2025-04-18,38.20512820512819,5.4524,0.4020918198319076,-0.7048141395128958,-0.0019308746862329862,-0.0019327412278522717
2025-04-19,5.17,5.357,5.166,5.316,5527840,2025-04-19 23:59:59.999,29094611.276,160552,2881986,15174912.496,0,2025-04-19,41.545144275519704,5.4248,0.3908509744228749,-0.27836696623477275,0.028438769587928014,0.028041894637096616
2025-04-20,5.316,5.353,5.146,5.247,6561354,2025-04-20 23:59:59.999,34441267.129,181000,3270972,17166380.014,0,2025-04-20,52.98773248911753,5.38885,0.37101514722510237,-0.382329403693959,-0.012979683972911937,-0.01306465614642416
2025-04-21,5.248,5.507,5.212,5.269,10405577,2025-04-21 23:59:59.999,55953473.544,251390,5114161,27495541.883,0,2025-04-21,52.96912114014252,5.33925,0.30949090199523926,-0.2269856708132904,0.004192872117400492,0.004184106522574091
2025-04-22,5.27,5.829,5.178,5.808,16357462,2025-04-22 23:59:59.999,89405605.152,348949,8059434,44063568.734,0,2025-04-22,69.05813097866077,5.3381,0.3076044794638851,1.5276110439580564,0.10229645093945705,0.0973956862953461
2025-04-23,5.808,6.096,5.785,6.032,16498052,2025-04-23 23:59:59.999,98432782.351,377300,8139221,48567136.171,0,2025-04-23,63.498263888888886,5.346349999999999,0.3242960432706288,2.114271864328045,0.038567493112947604,0.037842353183159934
2025-04-24,6.031,6.054,5.642,5.81,14620264,2025-04-24 23:59:59.999,85048061.744,340232,7253358,42203815.657,0,2025-04-24,68.55670103092783,5.3416,0.31627942342331555,1.4809689322504005,-0.0368037135278515,-0.03749805984183513
2025-04-25,5.81,5.982,5.686,5.826,18233528,2025-04-25 23:59:59.999,106741032.617,355793,8963808,52499415.7,0,2025-04-25,65.37667698658409,5.33985,0.3133374295126841,1.5515222702761073,0.002753872633390664,0.0027500876734229576
2025-04-26,5.826,6.03,5.739,5.812,14766782,2025-04-26 23:59:59.999,86806394.067,305628,7094499,41712821.156,0,2025-04-26,59.29887106357697,5.37565,0.3247068759049251,1.3438274098259757,-0.002403020940610956,-0.0024059128292062914
2025-04-27,5.811,5.999,5.487,5.497,16895750,2025-04-27 23:59:59.999,96345651.556,343754,7846959,44801170.367,0,2025-04-27,54.62506841817185,5.394550000000001,0.3199481002270307,0.32020818353758684,-0.05419821059876129,-0.055722256829513275
2025-04-28,5.498,5.646,5.297,5.433,23095223,2025-04-28 23:59:59.999,126332236.583,379327,11657493,63754094.833,0,2025-04-28,52.3479188900747,5.4276,0.28442303555563075,0.01898580397839701,-0.01164271420774965,-0.01171102130913725
2025-04-29,5.434,5.544,5.2,5.266,19611166,2025-04-29 23:59:59.999,105588155.568,332918,9177988,49469961.955,0,2025-04-29,52.3479188900747,5.4204,0.2867054971604959,-0.5385317042371452,-0.030738082090925767,-0.031220406495268305
2025-04-30,5.266,5.393,5.054,5.265,16780481,2025-04-30 23:59:59.999,88075750.186,303725,7921826,41617991.533,0,2025-04-30,53.228431904503516,5.43275,0.2734741159635563,-0.6134035735299915,-0.00018989745537412173,-0.00018991548817885913
2025-05-01,5.266,5.428,5.231,5.314,16390064,2025-05-01 23:59:59.999,87540769.435,263876,8254001,44084550.029,0,2025-05-01,53.63098440021516,5.4369499999999995,0.27082864556753206,-0.45397708851053364,0.009306742640076138,0.0092637017516831
2025-05-02,5.313,5.379,5.186,5.247,13144563,2025-05-02 23:59:59.999,69389422.612,255793,6464983,34139861.137,0,2025-05-02,52.03549060542798,5.42435,0.27363734643722437,-0.6481205957779811,-0.012608204742190487,-0.0126883626330471
2025-05-03,5.246,5.263,5.014,5.086,15048291,2025-05-03 23:59:59.999,77449555.543,256703,7069193,36394028.899,0,2025-05-03,44.04145077720209,5.412249999999999,0.2833019358191685,-1.1515982023089466,-0.03068420049552112,-0.03116481770464668
2025-05-04,5.085,5.136,4.962,4.981,11857450,2025-05-04 23:59:59.999,59974716.663,237260,5497120,27826073.791,0,2025-05-04,43.234994913530016,5.39405,0.29910119304508187,-1.3809707537266271,-0.02064490758946136,-0.020860992908781652
2025-05-05,4.981,5.113,4.886,4.973,13006594,2025-05-05 23:59:59.999,65004026.731,255862,6372447,31868724.141,0,2025-05-05,42.41803278688524,5.3838,0.310201394677615,-1.32430094463932,-0.0016061031921300595,-0.0016073943585448063
2025-05-06,4.973,4.987,4.735,4.964,14881418,2025-05-06 23:59:59.999,72663840.035,280091,7244480,35396809.184,0,2025-05-06,20.323488045007053,5.3747,0.32005757705193827,-1.2832066148315304,-0.0018097727729740054,-0.0018114123902406621
2025-05-07,4.964,5.049,4.738,4.874,16330661,2025-05-07 23:59:59.999,79519132.819,285637,8193451,39929413.75,0,2025-05-07,5.046583850931711,5.35945,0.33670625570125007,-1.4417611546567943,-0.018130539887187935,-0.01829691213934648
2025-05-08,4.874,6.158,4.835,6.15,44304884,2025-05-08 23:59:59.999,243892972.025,654288,22109312,121556100.312,0,2025-05-08,57.25875320239113,5.4085,0.3765935265074386,1.9689663995999516,0.2617972917521545,0.23253712661541218
2025-05-09,6.149,6.702,5.992,6.353,43085198,2025-05-09 23:59:59.999,271988185.093,781007,21872828,138116435.692,0,2025-05-09,60.41913799920917,5.46035,0.43069017744099664,2.0726035715599536,0.03300813008130077,0.03247506046596965
2025-05-10,6.354,7.586,6.352,7.555,36046589,2025-05-10 23:59:59.999,243937778.68,774774,17588762,118958856.396,0,2025-05-10,73.4463276836158,5.57575,0.6324590167683115,3.129451786636568,0.1892019518337793,0.17328245344030668
2025-05-11,7.553,7.559,6.715,6.926,27815007,2025-05-11 23:59:59.999,196345690.156,679307,13282012,93735309.072,0,2025-05-11,67.72513024063508,5.658600000000001,0.6955452537375353,1.8221675630587426,-0.08325612177365982,-0.08692714974447266
2025-05-12,6.927,7.346,6.605,6.884,28737539,2025-05-12 23:59:59.999,200466606.565,677018,13751698,95972244.565,0,2025-05-12,68.09678223996009,5.712400000000001,0.7473911397563476,1.5675861509168356,-0.006064106266243097,-0.0060825676309371884
2025-05-13,6.885,7.355,6.522,7.089,22693008,2025-05-13 23:59:59.999,156002814.723,536552,11238406,77285563.682,0,2025-05-13,72.52285643686682,5.76525,0.8062354935435778,1.641890006828942,0.029779198140615915,0.029344408523587485
2025-05-14,7.089,7.157,6.534,6.604,24751933,2025-05-14 23:59:59.999,167290363.518,483208,12183082,82415779.851,0,2025-05-14,64.77598764069742,5.80495,0.8278149726504094,0.9652519299592849,-0.0684158555508535,-0.07086876081499897
2025-05-15,6.604,6.78,6.107,6.227,29375836,2025-05-15 23:59:59.999,187714210.047,599378,14117371,90254997.44,0,2025-05-15,59.39493722988269,5.825,0.8331903807192853,0.48248276660726375,-0.057086614173228356,-0.058780850167566664
2025-05-16,6.226,6.465,6.022,6.075,21178739,2025-05-16 23:59:59.999,132939037.15,437852,10394190,65269034.34,0,2025-05-16,58.37378640776699,5.83815,0.8350477625778703,0.2836364704083781,-0.02440982816765702,-0.02471268666370281
2025-05-17,6.074,6.087,5.641,5.735,22992747,2025-05-17 23:59:59.999,134321303.207,433274,10944389,63939296.759,0,2025-05-17,56.33417919187976,5.8500499999999995,0.8316190597401858,-0.13834459257817286,-0.05596707818930036,-0.05759423864527808
2025-05-18,5.736,6.327,5.601,6.126,29017959,2025-05-18 23:59:59.999,173341973.288,546025,13976787,83447085.765,0,2025-05-18,60.58421149935293,5.8847000000000005,0.8277560090528819,0.29151102179988425,0.0681778552746295,0.06595425782924952
2025-05-19,6.127,6.174,5.655,5.928,25444237,2025-05-19 23:59:59.999,148532628.598,505203,12558487,73293599.635,0,2025-05-19,58.52830862654046,5.9178,0.8148488138731792,0.012517659504855963,-0.032321253672869754,-0.03285512041679776
2025-05-20,5.928,6.121,5.688,6.021,28201825,2025-05-20 23:59:59.999,166513733.832,490805,13459026,79540599.384,0,2025-05-20,59.29966566954073,5.9556,0.800378818203247,0.08171130783647597,0.01568825910931171,0.015566470488524985
2025-05-21,6.021,6.517,5.942,6.206,53786559,2025-05-21 23:59:59.999,335692190.376,801120,26866199,167645391.377,0,2025-05-21,61.52647975077881,6.0002,0.7874938663066124,0.2613353688266967,0.03072579305763168,0.03026320754387773
2025-05-22,6.207,6.597,6.199,6.431,33000292,2025-05-22 23:59:59.999,211176880.182,615956,16508263,105676721.603,0,2025-05-22,52.97228686270362,6.0594,0.7722479421839761,0.4811926062879323,0.0362552368675475,0.03561348112653761
2025-05-23,6.432,6.794,5.929,5.976,47768545,2025-05-23 23:59:59.999,302578549.548,755366,22488886,142598474.842,0,2025-05-23,46.21409921671018,6.1039,0.7380919141144111,-0.17328465134787355,-0.07075104960348311,-0.07337859932220989
2025-05-24,5.977,6.311,5.942,6.114,16968046,2025-05-24 23:59:59.999,104369898.587,380257,7956516,48950161.684,0,2025-05-24,31.59642401021712,6.16055,0.6892340122781824,-0.0675387447089767,0.02309236947791171,0.022829775638126642
2025-05-25,6.114,6.176,5.887,6.156,18765400,2025-05-25 23:59:59.999,113045720.897,389982,8600351,51852418.136,0,2025-05-25,38.43149038461538,6.2197000000000005,0.630187866723328,-0.10108096865020574,0.006869479882237517,0.006845992507990059
2025-05-26,6.157,6.66,6.109,6.498,34356206,2025-05-26 23:59:59.999,221525915.679,584670,17127791,110431381.194,0,2025-05-26,44.68026460859978,6.2964,0.5585982832968163,0.3609033647761463,0.05555555555555558,0.05406722127027579
2025-05-27,6.498,6.782,6.259,6.321,44288674,2025-05-27 23:59:59.999,289331910.706,677033,20851183,136176392.596,0,2025-05-27,39.33333333333333,6.36875,0.44729018897667566,-0.10675396236444298,-0.027239150507848642,-0.027617013756746963
2025-05-28,6.32,6.993,6.234,6.844,58001030,2025-05-28 23:59:59.999,387625242.549,882216,30212475,202264366.858,0,2025-05-28,53.29851566794942,6.403449999999999,0.4562565615932549,0.9655751546051053,0.08274007277329543,0.07949493253978543
2025-05-29,6.843,7.674,6.522,6.556,92411321,2025-05-29 23:59:59.999,658129315.034,1301298,43935954,313317592.5,0,2025-05-29,54.63510848126233,6.4136,0.4573318960610505,0.3113712409444342,-0.04208065458796029,-0.042991695148363825
2025-05-30,6.555,6.693,6.117,6.2,56356756,2025-05-30 23:59:59.999,364673848.536,962128,27383126,177380251.078,0,2025-05-30,51.66533439914735,6.34585,0.37169077059332717,-0.3923960763598757,-0.05430140329469191,-0.0558313688305374
2025-05-31,6.201,6.226,5.877,6.047,28348124,2025-05-31 23:59:59.999,171343496.726,592134,13972939,84498662.967,0,2025-05-31,54.37464946719012,6.3019,0.3508659813076684,-0.7264882136763287,-0.024677419354838803,-0.024987010759970122
2025-06-01,6.048,6.382,5.879,6.308,32720074,2025-06-01 23:59:59.999,200984820.285,629362,16042164,98586674.858,0,2025-06-01,52.64842840512223,6.2730999999999995,0.3231131299308751,0.10801170477803447,0.04316189846204721,0.04225638780971602
2025-06-02,6.308,6.472,6.03,6.442,29303872,2025-06-02 23:59:59.999,182153814.336,556733,14742813,91644190.86,0,2025-06-02,57.621589561091334,6.24075,0.2641315212601413,0.7619310222417196,0.021242866201648836,0.021020381808215267
2025-06-03,6.442,7.127,6.279,6.63,48079469,2025-06-03 23:59:59.999,319929429.295,818759,23580688,156884498.156,0,2025-06-03,58.78280934525526,6.24205,0.26607032607551984,1.4580731557786966,0.02918348339025134,0.028765753288763928
2025-06-04,6.63,6.846,6.25,6.306,46615920,2025-06-04 23:59:59.999,304018517.007,725207,22359383,145953049.766,0,2025-06-04,51.38657792567942,6.2459999999999996,0.26642131256030355,0.22520720817490794,-0.048868778280542924,-0.050103243074902
2025-06-05,6.306,6.466,5.792,5.892,35599225,2025-06-05 23:59:59.999,219564966.093,604163,17264787,106672713.549,0,2025-06-05,42.89855072463769,6.2368500000000004,0.2755880363628906,-1.2513242757240242,-0.06565176022835395,-0.06790606252248524
2025-06-06,5.893,6.152,5.82,5.986,21121462,2025-06-06 23:59:59.999,126908160.373,438236,10215146,61374632.779,0,2025-06-06,50.14560279557367,6.2494,0.25659191437611095,-1.0265327363897743,0.015953835709436426,0.015827910830123255
2025-06-07,5.986,6.418,5.961,6.344,23569395,2025-06-07 23:59:59.999,146756208.004,408778,11997536,74653922.554,0,2025-06-07,53.1472359058566,6.2603,0.2557027674078652,0.3273331800374789,0.059806214500501165,0.05808607490203967
2025-06-08,6.345,6.454,6.2,6.322,16133571,2025-06-08 23:59:59.999,102182027.406,329987,7841898,49687499.359,0,2025-06-08,52.2839845899835,6.28,0.2436472860445713,0.1723803317567699,-0.0034678436317781003,-0.0034738705391209185
2025-06-09,6.322,6.879,6.2,6.842,26964628,2025-06-09 23:59:59.999,175849385.851,464794,13728601,89657352.54,0,2025-06-09,54.51206715634836,6.3210500000000005,0.26586274158917195,1.9594697507671244,0.08225245175577345,0.07904447276198691
2025-06-10,6.843,8.697,6.828,8.667,116674543,2025-06-10 23:59:59.999,918727626.049,1933095,59528963,469421976.619,0,2025-06-10,71.48351648351648,6.444100000000001,0.5862636285001542,3.791638935007571,0.2667348728441976,0.23644262359679497
2025-06-11,8.666,8.7,7.956,8.159,70966460,2025-06-11 23:59:59.999,588035142.766,1358912,34847160,288779241.199,0,2025-06-11,62.07529843893481,6.530500000000001,0.7004437315370485,2.3249547774900226,-0.05861313026422055,-0.06040109770554468
2025-06-12,8.159,8.252,7.479,7.484,50005312,2025-06-12 23:59:59.999,395697104.034,1028221,24458511,193676218.02,0,2025-06-12,57.95610425240055,6.6059,0.7185436953325699,1.2220551174602974,-0.08273072680475557,-0.08635420403482005
2025-06-13,7.485,7.77,6.768,7.753,86536693,2025-06-13 23:59:59.999,628580472.736,1444080,42187058,306241127.979,0,2025-06-13,63.51610095735422,6.68785,0.7521671339305861,1.4161081386710759,0.03594334580438274,0.03531245682497884
2025-06-14,7.752,7.755,7.099,7.298,33855577,2025-06-14 23:59:59.999,248824627.738,634594,16035417,117878464.713,0,2025-06-14,60.34397221762858,6.74495,0.753013697713598,0.7344487911431691,-0.05868695988649553,-0.06047952722256604
2025-06-15,7.298,7.478,6.963,7.176,29858262,2025-06-15 23:59:59.999,215453096.021,595055,13949783,100730542.416,0,2025-06-15,57.345971563981045,6.77885,0.7565642057124844,0.5249389238894656,-0.01671690874212106,-0.016858213257760837
2025-06-16,7.176,7.976,7.029,7.442,62096101,2025-06-16 23:59:59.999,473116136.133,1112539,30063647,229068992.511,0,2025-06-16,58.278145695364245,6.8349,0.7623615594751408,0.796341306109357,0.0370680044593088,0.03639750516793575
2025-06-17,7.442,7.869,7.258,7.433,59228562,2025-06-17 23:59:59.999,445769228.254,1035868,28672146,215766225.234,0,2025-06-17,56.850366831598706,6.86435,0.7740189903131396,0.7346718970938233,-0.0012093523246439197,-0.0012100841812743284
2025-06-18,7.434,7.791,7.122,7.583,60271470,2025-06-18 23:59:59.999,448118794.639,1172966,29272047,217654516.629,0,2025-06-18,61.22736064708985,6.915699999999999,0.7864525347855654,0.8484936731521213,0.020180277142472836,0.01997935397564212
2025-06-19,7.583,7.949,7.454,7.675,48086024,2025-06-19 23:59:59.999,368383483.967,877930,23797936,182413123.062,0,2025-06-19,66.61696178937558,6.989450000000001,0.7849630547773482,0.8733532053867846,0.012132401424238326,0.012059393754462274
2025-06-20,7.675,7.995,6.974,7.062,80781885,2025-06-20 23:59:59.999,604003431.959,1243876,39703338,296712197.427,0,2025-06-20,59.143439836845694,7.040200000000001,0.7529840006667663,0.02895147835902896,-0.07986970684039085,-0.08323999596706616
2025-06-21,7.062,7.124,6.193,6.461,58392798,2025-06-21 23:59:59.999,396824413.188,915583,27301721,185745193.648,0,2025-06-21,50.954790272564054,7.0478499999999995,0.7458975007170349,-0.7867702994524817,-0.08510337015009917,-0.08894419293016631
2025-06-22,6.461,6.607,5.91,6.254,58992465,2025-06-22 23:59:59.999,371382863.496,1022309,29910293,188416078.873,0,2025-06-22,49.46134347275031,7.038449999999999,0.7550627352793255,-1.0389202954239327,-0.032038384151060306,-0.03256284554037897
2025-06-23,6.254,6.921,6.021,6.793,68503416,2025-06-23 23:59:59.999,438115047.287,943919,34411512,220072706.577,0,2025-06-23,49.61301532143421,7.0466,0.7512922481313344,-0.3375517325391962,0.08618484170131135,0.08267141117351551
2025-06-24,6.794,7.165,6.728,7.056,45765839,2025-06-24 23:59:59.999,317165758.485,720240,23581748,163339634.109,0,2025-06-24,33.10966659677082,7.084100000000001,0.730819143871866,-0.038450005361282485,0.038716325629324366,0.03798564849532536
2025-06-25,7.057,7.356,6.83,6.97,44051786,2025-06-25 23:59:59.999,312106052.686,750370,21791361,154405134.431,0,2025-06-25,36.32390154129285,7.138000000000001,0.6759651189981954,-0.24853353416960783,-0.01218820861678005,-0.012263093932057666
2025-06-26,6.97,7.321,6.719,6.804,39185750,2025-06-26 23:59:59.999,274043453.005,722187,19077619,133417103.111,0,2025-06-26,41.141219385096406,7.1789000000000005,0.6254532588006512,-0.5994053028341338,-0.023816355810616807,-0.024104550238817062
2025-06-27,6.803,6.993,6.708,6.906,23583323,2025-06-27 23:59:59.999,162365458.43,557313,11599936,79904238.354,0,2025-06-27,38.463633887224184,7.206999999999999,0.5979908466093506,-0.5033521862528332,0.014991181657848296,0.014879924434185236
2025-06-28,6.906,7.173,6.828,7.124,17032739,2025-06-28 23:59:59.999,119247364.456,415027,8426729,59008823.217,0,2025-06-28,47.46651135701805,7.2471000000000005,0.5612847949567359,-0.2193182518145525,0.031566753547639825,0.031078766459614715
2025-06-29,7.124,7.505,6.949,7.39,29916913,2025-06-29 23:59:59.999,214911349.442,562489,14906384,107120785.976,0,2025-06-29,52.99049748462827,7.274500000000001,0.5537941380742645,0.20856125419028967,0.037338573834924116,0.036658369532695106
2025-06-30,7.391,7.456,7.042,7.125,24030320,2025-06-30 23:59:59.999,173618654.181,521027,11253485,81333076.05,0,2025-06-30,45.568912496505455,7.1974,0.44671177567118586,-0.1620731844178918,-0.035859269282814576,-0.03651800880539614
2025-07-01,7.126,7.18,6.577,6.584,29957267,2025-07-01 23:59:59.999,206215918.175,526441,13731387,94653203.026,0,2025-07-01,39.66901922608907,7.11865,0.4051660186004723,-1.3195825302595523,-0.07592982456140351,-0.07896726277994554
2025-07-02,6.584,7.574,6.492,7.347,60350547,2025-07-02 23:59:59.999,424393569.477,1039399,31084833,218628357.408,0,2025-07-02,47.501058873358744,7.111800000000001,0.3997864693178224,0.5883140577552175,0.11588699878493336,0.10964960326337186
2025-07-03,7.346,7.859,7.28,7.466,41743028,2025-07-03 23:59:59.999,316778178.404,844723,20672420,156812250.907,0,2025-07-03,47.79953674457781,7.097449999999999,0.3802324046894536,0.9692756205274138,0.016197087246495157,0.016067313854251707
2025-07-04,7.467,7.63,6.771,6.927,48903780,2025-07-04 23:59:59.999,348142497.503,784665,22995772,163944234.896,0,2025-07-04,48.55614973262031,7.0789,0.37898116881022526,-0.40081147165405534,-0.07219394588802575,-0.07493256145192413
2025-07-05,6.927,7.442,6.793,7.329,37172582,2025-07-05 23:59:59.999,262329283.426,596357,18773462,132552671.305,0,2025-07-05,59.69615728328864,7.08655,0.38257155848990765,0.6337376488649659,0.058033780857514206,0.056412261903245234
2025-07-06,7.328,7.573,7.206,7.419,31306078,2025-07-06 23:59:59.999,230279011.044,616709,15799172,116204392.27,0,2025-07-06,63.363156687313605,7.0854,0.381479860815092,0.8744891520281322,0.012279983626688473,0.012205196263675713
2025-07-07,7.42,7.518,7.226,7.387,21882038,2025-07-07 23:59:59.999,161031081.066,472298,10438850,76835005.708,0,2025-07-07,57.71028037383177,7.0831,0.3794068639574514,0.8009870902970287,-0.004313249764119176,-0.004322578660788157
2025-07-08,7.388,7.815,7.314,7.657,31974369,2025-07-08 23:59:59.999,242058675.36,669705,16025536,121307694.106,0,2025-07-08,57.7869914485618,7.086800000000001,0.3848601386383958,1.4815771828626385,0.03655069717070525,0.03589856358438564
2025-07-09,7.657,8.488,7.527,8.298,47938542,2025-07-09 23:59:59.999,386369610.604,886229,23793214,191749533.766,0,2025-07-09,65.04304485727232,7.117949999999999,0.45397941930760904,2.59934690828004,0.08371424840015673,0.08039425977968978
2025-07-10,8.298,8.614,7.995,8.463,58081430,2025-07-10 23:59:59.999,479430313.103,956094,29179892,240777364.739,0,2025-07-10,68.79673691366416,7.188,0.5440461474206968,2.343551196979757,0.01988430947216191,0.01968919877729271
2025-07-11,8.463,9.079,8.297,8.693,61937747,2025-07-11 23:59:59.999,542963248.569,1261597,29136010,255366801.774,0,2025-07-11,69.67628275710196,7.2996,0.6117766534293456,2.27762859564716,0.02717712395131766,0.02681438340895851
2025-07-12,8.694,8.87,8.165,8.389,34103974,2025-07-12 23:59:59.999,289429614.465,780452,16043635,136277764.176,0,2025-07-12,63.669764426194064,7.406350000000001,0.6059678882382779,1.6216205826629586,-0.03497066605314625,-0.03559678023276978
2025-07-13,8.388,8.746,8.343,8.509,21175335,2025-07-13 23:59:59.999,180696401.415,596911,10166164,86769164.65,0,2025-07-13,62.4860522204865,7.49215,0.6353262961885011,1.6005161538257842,0.014304446298724738,0.014203103003262952
2025-07-14,8.509,9.765,8.47,9.126,57515489,2025-07-14 23:59:59.999,530375809.305,1417052,28398788,261941639.534,0,2025-07-14,70.70142768466789,7.595649999999999,0.7230834759244094,2.1164223093931995,0.07251145845575269,0.07000305563779048
2025-07-15,9.127,9.421,8.678,9.346,49771446,2025-07-15 23:59:59.999,449620013.11,1094964,23740238,214616486.502,0,2025-07-15,80.60726950354609,7.714449999999999,0.8053819933796644,2.0258088874739384,0.02410694718387041,0.023820961773023768
2025-07-16,9.346,9.536,8.752,8.894,62851440,2025-07-16 23:59:59.999,572625903.237,1293701,30570518,278511866.355,0,2025-07-16,68.41228278981194,7.818949999999999,0.8165452561004891,1.316583486301828,-0.04836293601540764,-0.0495715521897297
2025-07-17,8.893,9.175,8.625,8.931,53883690,2025-07-17 23:59:59.999,479283922.097,1287271,25421139,226258252.946,0,2025-07-17,67.78344258315124,7.9201999999999995,0.8229063769714171,1.2283292829982637,0.004160107937935642,0.004151478613244273
2025-07-18,8.93,10.938,8.848,10.134,113495475,2025-07-18 23:59:59.999,1164978921.182,2717968,54879166,563358166.397,0,2025-07-18,83.52498431946476,8.070699999999999,0.9369686339732586,2.20210146336541,0.13469936177359765,0.12636773635196905
2025-07-19,10.134,10.387,9.788,10.172,30354362,2025-07-19 23:59:59.999,306819354.998,924813,14922452,150923948.112,0,2025-07-19,82.16791129214755,8.2098,1.032254232249545,1.9008883070635296,0.003749753305703596,0.003742740506155204
2025-07-20,10.171,10.894,10.105,10.657,38290034,2025-07-20 23:59:59.999,403986938.746,1183983,18878378,199136983.378,0,2025-07-20,83.63107602825093,8.3864,1.1340118072332777,2.002271921259559,0.047679905623279506,0.04657810567894583
2025-07-21,10.658,11.755,10.309,10.832,62669717,2025-07-21 23:59:59.999,681915365.186,1562592,29396350,320316548.584,0,2025-07-21,84.74884002420819,8.5988,1.1757128005898474,1.899443468574654,0.016421131650558474,0.016287762931100215
2025-07-22,10.833,11.085,10.12,10.781,48157822,2025-07-22 23:59:59.999,508165152.372,1300836,23322518,246159616.23,0,2025-07-22,82.96749683410721,8.7705,1.2326498414294724,1.631039028625092,-0.004708271787296936,-0.004719390612938346
2025-07-23,10.78,10.854,9.658,10.178,42385093,2025-07-23 23:59:59.999,433597321.67,1110092,20372209,208450057.912,0,2025-07-23,70.0,8.9061,1.2307609071316357,1.0334257390123334,-0.05593173175030142,-0.0575567973903399
2025-07-24,10.179,10.532,9.628,10.121,45156599,2025-07-24 23:59:59.999,459674963.254,1261837,22008230,224074827.92,0,2025-07-24,68.05313588850174,9.0658,1.1659588148352087,0.9050062374194051,-0.005600314403615636,-0.0056160549598767845
2025-07-25,10.122,10.632,9.727,10.427,39392703,2025-07-25 23:59:59.999,400013691.542,1050076,19004120,193023659.911,0,2025-07-25,68.57326478149099,9.2207,1.1282555281669615,1.0691726917215585,0.030234166584329536,0.029786122600691863
2025-07-26,10.426,10.772,10.326,10.56,18580085,2025-07-26 23:59:59.999,194956543.63,499688,8833860,92708969.833,0,2025-07-26,74.13831443184345,9.37775,1.0819222111824178,1.092731055690164,0.012755346696077474,0.012674682470659325
2025-07-27,10.56,11.063,10.451,10.986,21665194,2025-07-27 23:59:59.999,231992453.759,647682,10625965,113811416.639,0,2025-07-27,75.7859671038934,9.5577,1.0315114153499416,1.3846671774499437,0.04034090909090904,0.0395484566423132
2025-07-28,10.987,11.2,10.353,10.461,30860137,2025-07-28 23:59:59.999,332045728.298,838636,14719370,158374263.212,0,2025-07-28,64.168966249204,9.6979,0.9466414260272676,0.8061130424034695,-0.047788093937738974,-0.0489676785588049
2025-07-29,10.462,10.663,10.002,10.301,32088945,2025-07-29 23:59:59.999,331489102.955,857145,15872976,164014234.189,0,2025-07-29,60.266609331326585,9.79805,0.8953058562932865,0.5617633308937529,-0.015294904884810223,-0.01541307846006743
2025-07-30,10.302,10.504,9.506,10.006,36952465,2025-07-30 23:59:59.999,371247323.894,960049,17863295,179501543.042,0,2025-07-30,62.372051624388064,9.8752,0.8389128679411669,0.15591607304940483,-0.028637996311037806,-0.029056064835543086
2025-07-31,10.006,10.236,9.296,9.34,30470608,2025-07-31 23:59:59.999,298355967.066,746526,14517822,142386225.897,0,2025-07-31,53.99180167870389,9.90755,0.8026152302890931,-0.7071258787296816,-0.06656006396162306,-0.06887866082526209
2025-08-01,9.339,9.429,8.844,9.034,43565994,2025-08-01 23:59:59.999,398303081.903,1033368,21334484,195154426.032,0,2025-08-01,36.98532891623285,9.9398,0.7495938268558767,-1.2083877528705371,-0.03276231263383289,-0.033311015008338746
2025-08-02,9.033,9.177,8.68,8.757,23049466,2025-08-02 23:59:59.999,205889062.414,617046,10875646,97160328.404,0,2025-08-02,34.15453527435609,9.952200000000001,0.7263709071363774,-1.6454403504566582,-0.0306619437679877,-0.031141856692325123
2025-08-03,8.757,9.227,8.673,9.145,14983437,2025-08-03 23:59:59.999,135486959.361,451705,7967925,72044746.392,0,2025-08-03,32.69230769230769,9.95315,0.7252450239292401,-1.114313057429333,0.04430741121388593,0.04335390130274153
2025-08-04,9.146,10.094,9.131,9.96,35067974,2025-08-04 23:59:59.999,339666116.595,831046,17010183,164719700.677,0,2025-08-04,41.29392971246008,9.98385,0.7110478757272484,-0.03354204521827182,0.08911973756150915,0.08536978975367797
2025-08-05,9.96,9.969,9.366,9.575,25003464,2025-08-05 23:59:59.999,242084879.341,625051,12173461,117856108.698,0,2025-08-05,38.712092849120175,10.017900000000001,0.6713062600141092,-0.6597584833942901,-0.03865461847389573,-0.03942153652979733
2025-08-06,9.575,9.804,9.378,9.691,20782081,2025-08-06 23:59:59.999,199021846.46,531207,10467534,100237086.966,0,2025-08-06,44.984552008238936,10.055900000000001,0.6265621236031864,-0.5823843897578119,0.012114882506527591,0.012042084685703487
2025-08-07,9.692,10.445,9.622,10.422,23309103,2025-08-07 23:59:59.999,233924044.344,601602,11780760,118270819.655,0,2025-08-07,52.722011213601014,10.0703,0.6317396282425465,0.5567166982676149,0.07543081209369507,0.07272133673460977
2025-08-08,10.421,11.05,10.267,10.86,30781472,2025-08-08 23:59:59.999,326795878.824,776400,15657088,166356554.34,0,2025-08-08,53.82441264794206,10.1047,0.6558409707731485,1.1516511374847513,0.042026482440990165,0.04116735801876645
2025-08-09,10.861,11.403,10.7,10.976,32892392,2025-08-09 23:59:59.999,362388980.86,718424,16430363,181055968.759,0,2025-08-09,53.68532955350815,10.120650000000001,0.6736179047325319,1.2697851318836701,0.010681399631675914,0.010624756477740069
2025-08-10,10.977,11.413,10.45,10.946,34971829,2025-08-10 23:59:59.999,381419371.276,812321,16892469,184350404.952,0,2025-08-10,49.61890243902439,10.12635,0.6804021469515267,1.2046552229036294,-0.002733236151603591,-0.002736978261803092
2025-08-11,10.946,12.041,10.559,11.036,66343411,2025-08-11 23:59:59.999,746399643.433,1465123,32136296,361991070.172,0,2025-08-11,55.97340536048201,10.1391,0.6955361355003595,1.2895088468046054,0.008222181618856128,0.008188563633313165
2025-08-12,11.035,11.626,10.799,11.596,48004027,2025-08-12 23:59:59.999,540880950.603,1303423,23860844,268953834.684,0,2025-08-12,62.42087089967388,10.209999999999999,0.7681881622551122,1.8042454545657474,0.050743022834360385,0.04949755470436951
2025-08-13,11.596,12.287,11.184,12.132,47288131,2025-08-13 23:59:59.999,559149974.292,1280117,23128435,273582212.361,0,2025-08-13,69.49028236156946,10.31055,0.8794766670537965,2.0710611983621674,0.04622283546050365,0.04518637876692564
2025-08-14,12.132,12.277,10.479,10.87,47603883,2025-08-14 23:59:59.999,541187488.365,1246781,21455202,243689780.258,0,2025-08-14,62.64462809917353,10.332699999999999,0.8881001662315335,0.6049993237586249,-0.10402242004615891,-0.10983988869321659
2025-08-15,10.869,11.144,10.421,10.717,24573406,2025-08-15 23:59:59.999,265970785.883,766078,11927778,129151275.014,0,2025-08-15,64.26996778022722,10.34055,0.8909044768320707,0.42254810677189847,-0.014075436982520562,-0.014175435402257928
2025-08-16,10.716,11.153,10.695,11.009,23861349,2025-08-16 23:59:59.999,261214929.565,649213,11797431,129140167.618,0,2025-08-16,69.04600811907983,10.3417,0.8917958876673958,0.7482653925949444,0.027246430904170893,0.026881854357406042
2025-08-17,11.009,11.391,10.909,11.013,19509673,2025-08-17 23:59:59.999,217147756.745,584910,9255306,103050438.307,0,2025-08-17,66.8958031837916,10.369299999999999,0.9041388517010084,0.7119481690107344,0.0003633390862021191,0.000363273094540754
2025-08-18,11.013,11.053,10.195,10.482,30705716,2025-08-18 23:59:59.999,322406040.003,795857,14487588,152094753.629,0,2025-08-18,54.977116704805475,10.378350000000001,0.9043250623632947,0.11461586581392223,-0.0482157450286026,-0.04941689280283246
2025-08-19,10.481,10.632,9.915,9.947,23508526,2025-08-19 23:59:59.999,240804589.898,676627,11083691,113649681.342,0,2025-08-19,53.44827586206896,10.3754,0.905698822949473,-0.4730049207802727,-0.0510398778858997,-0.052388502209697686
2025-08-20,9.946,10.687,9.908,10.605,20030984,2025-08-20 23:59:59.999,205922670.993,595950,10092093,103779409.508,0,2025-08-20,57.6987870619946,10.438649999999999,0.873172333323463,0.1905122203847676,0.06615059817030278,0.06405458984636904
2025-08-21,10.606,10.696,10.162,10.222,15196583,2025-08-21 23:59:59.999,157926281.613,492507,7123843,74063243.107,0,2025-08-21,48.210450966356476,10.498050000000001,0.810766270101426,-0.34048037045925444,-0.0361150400754362,-0.03678332767055804
2025-08-22,10.221,11.629,10.006,11.438,35009529,2025-08-22 23:59:59.999,379614851.98,903045,18007502,195669682.745,0,2025-08-22,54.539742381401204,10.6321,0.7248360903625635,1.1118375736463253,0.11895910780669161,0.11239888514703676
2025-08-23,11.439,11.475,11.007,11.344,17984065,2025-08-23 23:59:59.999,202206289.656,542198,8726542,98136527.896,0,2025-08-23,52.90037831021436,10.742049999999999,0.6503405969971606,0.925591917188323,-0.00821821996852612,-0.008252175703352916
2025-08-24,11.345,11.44,10.802,10.924,22079837,2025-08-24 23:59:59.999,245036702.064,613883,10548550,117064790.873,0,2025-08-24,49.83664983664983,10.790249999999999,0.6245399886042414,0.21415762391598536,-0.03702397743300423,-0.03772676617831311
2025-08-25,10.924,10.978,9.576,9.698,37978395,2025-08-25 23:59:59.999,385782260.341,783976,18366577,186491071.738,0,2025-08-25,41.49936467598476,10.7964,0.6124315128176394,-1.793506664845747,-0.11222995239838884,-0.11904252492829802
2025-08-26,9.698,10.022,9.567,9.947,22657813,2025-08-26 23:59:59.999,221438769.774,651055,11476784,112183302.307,0,2025-08-26,39.092472549279,10.8092,0.5903910033524158,-1.4603881073799792,0.025675396989069732,0.02535131948711618
2025-08-27,9.947,10.126,9.78,9.851,21728777,2025-08-27 23:59:59.999,216310165.713,590447,10377450,103321119.704,0,2025-08-27,33.9794915016154,10.78065,0.6230058946223593,-1.4922009695646854,-0.009651151100834254,-0.009698025296734634
2025-08-28,9.851,10.122,9.73,10.017,18260536,2025-08-28 23:59:59.999,182003406.01,484664,8915926,88849610.964,0,2025-08-28,42.918811223642706,10.7385,0.645466905668408,-1.1177954960415162,0.01685108110851674,0.016710676756084918
2025-08-29,10.017,10.081,9.424,9.629,21598880,2025-08-29 23:59:59.999,208418665.316,567727,10549458,101810294.231,0,2025-08-29,41.307126877596666,10.671149999999999,0.6882390400966389,-1.5142268009871487,-0.03873415194169916,-0.03950427137148031
2025-08-30,9.63,9.821,9.4,9.723,10428001,2025-08-30 23:59:59.999,100757613.824,292150,5178139,50037191.593,0,2025-08-30,39.3894389438944,10.61,0.7162933095181787,-1.2383195378393907,0.009762176757711183,0.009714834569373224
2025-08-31,9.723,9.915,9.601,9.615,10028299,2025-08-31 23:59:59.999,98267953.413,282023,4615963,45245778.4,0,2025-08-31,38.659961064244,10.53895,0.7418338922437764,-1.2454944559157153,-0.011107682813946362,-0.011169833786777016
2025-09-01,9.614,9.829,9.103,9.348,22971690,2025-09-01 23:59:59.999,216849005.723,627544,11037866,104203907.701,0,2025-09-01,40.389830508474596,10.42655,0.7435464431730029,-1.4505482608421958,-0.02776911076443056,-0.028161962364131515
2025-09-02,9.348,9.646,9.276,9.583,16923317,2025-09-02 23:59:59.999,160452030.899,453525,8648242,82012862.234,0,2025-09-02,46.750000000000014,10.2991,0.6481760563283067,-1.1047924294773523,0.02513906718014547,0.024828278685013604
2025-09-03,9.583,9.761,9.396,9.677,14249405,2025-09-03 23:59:59.999,136616720.801,336164,6838223,65590776.893,0,2025-09-03,40.786338363780764,10.23945,0.6477666469838336,-0.8682910776881003,0.009809036836063711,0.009761240537180174
2025-09-04,9.677,9.724,9.155,9.284,14739239,2025-09-04 23:59:59.999,138373071.387,379666,7188479,67490473.697,0,2025-09-04,40.705509314308365,10.1678,0.6710003215917636,-1.3171379678379689,-0.04061175984292642,-0.04145944748661475
2025-09-05,9.283,9.72,9.277,9.392,16501638,2025-09-05 23:59:59.999,156274718.021,408798,8352294,79102895.99,0,2025-09-05,24.02234636871502,10.08695,0.6616606281466352,-1.0503118523866404,0.011632916846186836,0.011565774673549876
2025-09-06,9.393,9.434,9.223,9.33,7004505,2025-09-06 23:59:59.999,65212380.007,214187,3474014,32343622.149,0,2025-09-06,24.219150025601593,10.002799999999999,0.6444859722432589,-1.0439327293008216,-0.006601362862010185,-0.00662324822648814
2025-09-07,9.33,9.446,9.256,9.394,6340738,2025-09-07 23:59:59.999,59401593.289,200761,2989621,28006736.844,0,2025-09-07,28.45070422535207,9.9484,0.6478181518698111,-0.8557957173626936,0.006859592711682794,0.006836172745550947
2025-09-08,9.395,9.784,9.324,9.551,14559569,2025-09-08 23:59:59.999,139364098.699,391670,7203130,68951644.349,0,2025-09-08,47.03748488512695,9.9286,0.653886470105287,-0.5774702754427679,0.01671279540131998,0.01657467344779715
2025-09-09,9.551,9.93,9.381,9.535,21929726,2025-09-09 23:59:59.999,211060473.852,539292,10803503,104043695.363,0,2025-09-09,40.83629893238434,9.8751,0.6392405773937909,-0.5320375646155017,-0.0016752172547377375,-0.0016766220002181421
2025-09-10,9.536,9.816,9.459,9.736,15929832,2025-09-10 23:59:59.999,153990012.741,392805,7517188,72665065.448,0,2025-09-10,47.556311092222685,9.8508,0.6345798941839667,-0.18090708680208836,0.021080230728893534,0.020861116632843645
2025-09-11,9.736,10.03,9.683,9.982,15636539,2025-09-11 23:59:59.999,153953646.404,394772,7839533,77192260.516,0,2025-09-11,49.2807233867653,9.778,0.5151981734167937,0.39596413676522,0.025267050123253698,0.02495311536219125
2025-09-12,9.982,10.22,9.896,10.176,17919198,2025-09-12 23:59:59.999,180447286.015,426578,8520820,85839135.754,0,2025-09-12,62.21527467619475,9.719600000000002,0.3756391605578771,1.2149957936285989,0.019434982969344983,0.01924853555034899
2025-09-13,10.175,10.34,9.926,10.116,16427930,2025-09-13 23:59:59.999,167051828.609,398612,7937780,80748027.684,0,2025-09-13,58.911564625850325,9.6792,0.26704042666034383,1.6357073925573746,-0.005896226415094352,-0.005913677790047628
2025-09-14,10.116,10.126,8.988,9.409,31346327,2025-09-14 23:59:59.999,299298415.115,681842,14513531,138409039.9,0,2025-09-14,46.32667617689016,9.66475,0.2737055419268367,-0.9343983252935474,-0.06988928430209562,-0.07245165078309004
2025-09-15,9.408,9.534,9.015,9.158,18559799,2025-09-15 23:59:59.999,171043966.931,481346,8730064,80484699.342,0,2025-09-15,46.59253945480628,9.6253,0.28740071053896443,-1.6259528347152277,-0.026676586247210254,-0.027038863789725018
2025-09-16,9.158,9.39,9.046,9.315,14427234,2025-09-16 23:59:59.999,133114874.769,368272,7038297,64951656.998,0,2025-09-16,45.05535055350552,9.5985,0.29022359800566117,-0.9768330416552484,0.01714348110941244,0.016998189818647973
2025-09-17,9.316,9.616,9.126,9.547,17505783,2025-09-17 23:59:59.999,163079511.356,423088,8681752,80907754.355,0,2025-09-17,47.717696629213506,9.575,0.273075081245514,-0.1025359028450666,0.024906065485775786,0.024600964962344502
2025-09-18,9.547,9.666,9.402,9.602,13222703,2025-09-18 23:59:59.999,126396170.18,326550,6869367,65690440.359,0,2025-09-18,56.33466135458166,9.57365,0.27286072695247554,0.1038991588002967,0.005760972033099332,0.0057444410928524075
2025-09-19,9.601,9.732,9.06,9.157,21267025,2025-09-19 23:59:59.999,198712362.182,416618,10007058,93560761.037,0,2025-09-19,45.87284861257465,9.545350000000001,0.2856092794773253,-1.3597247285196565,-0.04634451156009167,-0.047452795983153544
2025-09-20,9.157,9.276,9.095,9.179,7851605,2025-09-20 23:59:59.999,72137316.687,226987,3735741,34322020.788,0,2025-09-20,47.31029568934807,9.52355,0.29644711518667566,-1.1622646413105873,0.002402533580867061,0.002399652111358799
2025-09-21,9.18,9.216,9.024,9.039,8708539,2025-09-21 23:59:59.999,79366097.031,239760,4428180,40351962.264,0,2025-09-21,43.84321886923343,9.5081,0.313631849210731,-1.4957026882968445,-0.015252206122671419,-0.015369717420680154
2025-09-22,9.038,9.074,7.003,8.226,39585870,2025-09-22 23:59:59.999,327978940.498,806372,18253815,151172712.182,0,2025-09-22,31.280022605255738,9.44025,0.42395579151030044,-2.8640957956355653,-0.08994357782940576,-0.09424867900804137
2025-09-23,8.226,8.259,8.006,8.055,14454257,2025-09-23 23:59:59.999,117536921.921,393535,6705818,54547514.908,0,2025-09-23,29.967514889009223,9.359150000000001,0.5204428554478352,-2.505846677206848,-0.020787746170678467,-0.021006853179294772
2025-09-24,8.055,8.193,7.828,7.896,15533270,2025-09-24 23:59:59.999,125093484.612,352556,7381050,59437908.061,0,2025-09-24,24.808324205914573,9.28975,0.6149534749174161,-2.266431619379288,-0.019739292364990613,-0.019936714497757163
2025-09-25,7.896,7.941,7.262,7.451,26592456,2025-09-25 23:59:59.999,202847985.936,581238,12647822,96500688.793,0,2025-09-25,17.138405608932786,9.192699999999999,0.7386816207536986,-2.357849377953781,-0.0563576494427559,-0.05800805055959008
2025-09-26,7.452,7.638,7.319,7.617,20599427,2025-09-26 23:59:59.999,154159950.361,449743,10396654,77837244.632,0,2025-09-26,16.531519748888343,9.107050000000001,0.817075044867095,-1.8236391006683745,0.022278888739766467,0.022034339819060614
2025-09-27,7.616,7.657,7.462,7.614,9742203,2025-09-27 23:59:59.999,73703025.49,229672,5353572,40503808.51,0,2025-09-27,16.781731279872574,9.01805,0.8787868117601126,-1.597714008916274,-0.0003938558487593946,-0.0003939334303455053
2025-09-28,7.614,7.769,7.406,7.746,8321550,2025-09-28 23:59:59.999,62950549.541,228482,4176116,31609276.152,0,2025-09-28,23.942337825133222,8.9278,0.9131850910541052,-1.2941516583848593,0.01733648542159183,0.017187923132254864
2025-09-29,7.747,7.836,7.562,7.74,11757650,2025-09-29 23:59:59.999,90591387.867,292110,6102725,47029445.736,0,2025-09-29,25.93346911065855,8.838049999999999,0.9382320706617431,-1.1703394440839512,-0.0007745933384972759,-0.0007748934909246878
2025-09-30,7.74,7.774,7.417,7.637,14726949,2025-09-30 23:59:59.999,111654363.591,320006,7398280,56098330.079,0,2025-09-30,20.9889349930844,8.7331,0.9498261835433507,-1.1540006150503999,-0.013307493540051785,-0.013396831695388783
2025-10-01,7.638,8.096,7.533,8.068,14417161,2025-10-01 23:59:59.999,113391719.186,331137,7116274,55971513.801,0,2025-10-01,26.075703655774845,8.6374,0.9130821949496062,-0.62360212820865,0.05643577320937543,0.054900764185718286
2025-10-02,8.069,8.391,7.978,8.347,16656164,2025-10-02 23:59:59.999,136444042.004,378128,8324426,68203836.248,0,2025-10-02,31.07088989441931,8.54595,0.8394999435737306,-0.23698631729869415,0.03458106098165592,0.033996572776634267
2025-10-03,8.347,8.493,8.127,8.17,15543668,2025-10-03 23:59:59.999,128549960.026,403391,7525954,62265479.27,0,2025-10-03,33.80374138496883,8.44865,0.7566330734853357,-0.3682762619884356,-0.0212052234335689,-0.021433283996688042
2025-10-04,8.17,8.197,7.903,8.019,8663678,2025-10-04 23:59:59.999,69465059.584,252144,4005529,32122005.092,0,2025-10-04,31.738035264483628,8.37915,0.7270379903903271,-0.49536613596580314,-0.018482252141982847,-0.01865518304701986
2025-10-05,8.019,8.429,7.961,8.054,14367535,2025-10-05 23:59:59.999,117935125.191,357535,7056021,57918176.874,0,2025-10-05,33.96287854119181,8.32395,0.7064095632490736,-0.38214375065703604,0.004364633994263567,0.004355136604370727
2025-10-06,8.055,8.445,7.994,8.342,12041877,2025-10-06 23:59:59.999,99494931.571,370158,5947615,49147986.188,0,2025-10-06,52.27808326787117,8.2753,0.6669681677855513,0.1000047726737189,0.03575862925254536,0.03513413334549112
2025-10-07,8.342,8.396,7.712,7.761,25979121,2025-10-07 23:59:59.999,208354245.732,531126,12976526,104124208.476,0,2025-10-07,45.02706359945874,8.186,0.6043647382493502,-0.7032177311189395,-0.06964756653080806,-0.07219180390275184
2025-10-08,7.762,8.126,7.693,8.069,11963965,2025-10-08 23:59:59.999,94459819.688,348943,6012152,47465130.161,0,2025-10-08,52.78582930756845,8.109350000000001,0.5042454785406318,-0.08002054895321928,0.039685607524803546,0.03891836699436778
2025-10-09,8.07,8.09,7.637,7.851,13062135,2025-10-09 23:59:59.999,102063990.392,372535,6380767,49855800.308,0,2025-10-09,56.949270326615704,8.04405,0.44217756316383316,-0.4365893163341546,-0.0270169785599208,-0.027388646650251137
2025-10-10,7.852,8.605,2.258,5.774,95131772,2025-10-10 23:59:59.999,615207365.305,1682096,43085482,281520257.051,0,2025-10-10,30.757987053664664,7.8738,0.6069862219863611,-3.459386595511854,-0.26455228633295125,-0.3072758309753752
2025-10-11,5.774,6.121,5.54,5.85,49435681,2025-10-11 23:59:59.999,290637515.855,918040,24632449,144858247.401,0,2025-10-11,31.859317153434816,7.7143500000000005,0.6969785373854743,-2.674903027851623,0.013162452372705191,0.013076580003021735
2025-10-12,5.851,6.701,5.787,6.616,30668199,2025-10-12 23:59:59.999,192530311.678,660044,15375411,96465160.776,0,2025-10-12,39.719796215429405,7.63385,0.7270989417195367,-1.3998782580990397,0.13094017094017096,0.12304929647762508
2025-10-13,6.615,7.115,6.489,7.048,23630258,2025-10-13 23:59:59.999,159366475.879,615824,11823659,79787817.854,0,2025-10-13,44.157379263762245,7.583499999999999,0.7312546895915708,-0.7323029959631341,0.06529625151148744,0.06325293091248832
2025-10-14,7.048,7.077,6.379,6.816,27151116,2025-10-14 23:59:59.999,181140457.893,661098,13437927,89679433.755,0,2025-10-14,43.21599735580896,7.5295000000000005,0.746677376957535,-0.9555666503614704,-0.03291713961407494,-0.03347109910686381
2025-10-15,6.816,6.983,6.436,6.566,17889648,2025-10-15 23:59:59.999,119384513.449,446529,8677648,57923027.298,0,2025-10-15,37.206132879046,7.485250000000001,0.7771751733020181,-1.182809270777839,-0.036678403755868505,-0.03736797044761364
2025-10-16,6.566,6.688,6.217,6.276,18616205,2025-10-16 23:59:59.999,120505944.137,494393,9024583,58468325.657,0,2025-10-16,32.39245026356062,7.418200000000001,0.8217771883944184,-1.3899144635927676,-0.04416692049954307,-0.045171984208614735
2025-10-17,6.277,6.405,5.84,6.131,24100772,2025-10-17 23:59:59.999,146941572.977,526430,11692748,71308973.256,0,2025-10-17,32.56967002906481,7.34405,0.8687443737021329,-1.3963255898056837,-0.02310388782664108,-0.023374966090235184
2025-10-18,6.131,6.205,5.9,6.02,11911169,2025-10-18 23:59:59.999,71935900.565,260603,5927440,35805295.901,0,2025-10-18,32.793940437252544,7.25775,0.9113959723512326,-1.3580814898784714,-0.018104713749796275,-0.01827060945982137
2025-10-19,6.019,6.36,5.946,6.257,14158006,2025-10-19 23:59:59.999,87023737.952,302968,7164410,44054883.975,0,2025-10-19,35.05240392613541,7.1836,0.9302286306388047,-0.9960992055938847,0.03936877076411971,0.03861357769549687
2025-10-20,6.256,6.541,6.133,6.333,13216124,2025-10-20 23:59:59.999,84155366.621,314633,6762917,43088991.87,0,2025-10-20,32.67804793929989,7.118399999999999,0.9423964078192705,-0.8334072514319478,0.012146396036439189,0.012073220518066814
2025-10-21,6.333,6.65,6.105,6.25,20802325,2025-10-21 23:59:59.999,132376048.249,419761,10214678,64993180.801,0,2025-10-21,35.74797208073949,7.027500000000001,0.9336186249422596,-0.8327811584179631,-0.013105952944891919,-0.013192593785983203
2025-10-22,6.25,6.3,5.856,6.034,20679529,2025-10-22 23:59:59.999,126494848.812,419082,10201131,62413586.868,0,2025-10-22,30.466500287963143,6.911849999999999,0.9043664415065792,-0.9706795384154171,-0.034560000000000035,-0.03517132301144082
2025-10-23,6.034,6.363,6.021,6.312,13138438,2025-10-23 23:59:59.999,81592924.477,261807,6527160,40544830.946,0,2025-10-23,35.39571076105524,6.818949999999999,0.8627973156493262,-0.5875655739824331,0.046072257209148315,0.045042442806703914
2025-10-24,6.312,6.488,6.159,6.241,13417250,2025-10-24 23:59:59.999,84563505.934,261315,6942279,43754123.52,0,2025-10-24,57.15599141893961,6.73005,0.8233374619879295,-0.5939848756780732,-0.011248415716096472,-0.011312157591667331
2025-10-25,6.24,6.295,6.155,6.24,9873867,2025-10-25 23:59:59.999,61349472.151,205788,5069996,31505709.144,0,2025-10-25,56.11668757841907,6.63935,0.7678604091185207,-0.5200815086409275,-0.0001602307322543517,-0.00016024357056954448
2025-10-26,6.24,6.728,6.141,6.661,13151805,2025-10-26 23:59:59.999,84700365.779,271031,6802461,43847036.827,0,2025-10-26,50.79141751670771,6.5553,0.6554526840661703,0.16126259388286965,0.06746794871794859,0.06528944104970597
2025-10-27,6.661,6.883,6.459,6.509,13765318,2025-10-27 23:59:59.999,91785760.214,349086,6703292,44718712.151,0,2025-10-27,39.48497854077253,6.492700000000001,0.5908424939258234,0.027587724592547127,-0.02281939648701381,-0.023083788840791958
2025-10-28,6.509,6.632,6.242,6.335,11169426,2025-10-28 23:59:59.999,72338390.456,311381,5410559,35053095.33,0,2025-10-28,40.39920159680639,6.406000000000001,0.4601265272178177,-0.15430538297651805,-0.026732216930404062,-0.027096020817147896
2025-10-29,6.336,6.459,6.109,6.291,14606152,2025-10-29 23:59:59.999,92408864.094,362851,7354790,46544808.053,0,2025-10-29,44.01913875598087,6.328,0.31001969376670935,-0.11934725678376587,-0.00694554064719799,-0.00696977318520967
2025-10-30,6.29,6.386,5.661,5.841,40516278,2025-10-30 23:59:59.999,245478501.636,627487,20091333,122100625.837,0,2025-10-30,41.15494103294023,6.33135,0.3040222074593693,-1.6128755991140273,-0.07153075822603727,-0.07421802552972034
2025-10-31,5.841,5.95,5.609,5.74,19480491,2025-10-31 23:59:59.999,112792381.478,376225,10058499,58262443.398,0,2025-10-31,41.90476190476191,6.325850000000001,0.3140191537856514,-1.865650527801563,-0.01729155966444107,-0.017442804726697327
2025-11-01,5.741,5.895,5.694,5.861,10095996,2025-11-01 23:59:59.999,58675088.372,248243,4963496,28855610.005,0,2025-11-01,46.72164948453609,6.2881,0.32256780600451734,-1.324062699530588,0.02108013937282216,0.02086102716281699
2025-11-02,5.86,5.925,5.707,5.856,8624668,2025-11-02 23:59:59.999,50112786.914,246973,4103673,23860300.027,0,2025-11-02,40.85727314181487,6.2285,0.2823928767497189,-1.3190842640487082,-0.0008530967411704005,-0.0008534608352816926
2025-11-03,5.855,5.885,4.936,5.195,31806954,2025-11-03 23:59:59.999,169022692.979,580818,14662815,77804261.156,0,2025-11-03,29.517638588912888,6.14745,0.3329890902227779,-2.860303919755411,-0.1128756830601092,-0.11977015210781962
2025-11-04,5.196,5.282,4.732,5.07,38398558,2025-11-04 23:59:59.999,193593560.738,700114,19139850,96539785.417,0,2025-11-04,29.078014184397162,6.07265,0.39607060441424896,-2.531493094476993,-0.024061597690086645,-0.024355806948098944
2025-11-05,5.071,5.49,4.867,5.344,22675939,2025-11-05 23:59:59.999,118448936.04,493590,11530121,60232742.43,0,2025-11-05,38.01250868658791,6.02605,0.4246803720657514,-1.6060313705630846,0.054043392504931065,0.0526336186312529
2025-11-06,5.344,5.37,5.102,5.252,17103191,2025-11-06 23:59:59.999,89950269.266,359294,7982414,41977628.016,0,2025-11-06,30.312035661218403,5.9821,0.45746566163570623,-1.5959667822705368,-0.0172155688622756,-0.017365479793795
2025-11-07,5.253,5.999,5.237,5.871,27072609,2025-11-07 23:59:59.999,150999772.991,593842,13675092,76251621.645,0,2025-11-07,44.29012345679013,5.9746500000000005,0.4580288746322072,-0.22629577683989896,0.1178598629093679,0.11141602064149915
2025-11-08,5.87,6.136,5.803,6.006,21970648,2025-11-08 23:59:59.999,131544389.525,533822,10292655,61631618.772,0,2025-11-08,46.53230586840545,5.9621,0.45329958723378344,0.09684544446178586,0.022994379151762834,0.022733992479089596
2025-11-09,6.007,6.776,5.789,6.57,27404447,2025-11-09 23:59:59.999,174094901.037,682756,13118365,83282609.324,0,2025-11-09,48.706283764572085,5.97395,0.4664139199613239,1.2779421335654515,0.09390609390609383,0.08975486293538054
2025-11-10,6.57,10.121,6.542,9.34,110962596,2025-11-10 23:59:59.999,904339884.309,3192162,56185720,458167289.608,0,2025-11-10,73.07253463732681,6.12845,0.885853170379013,3.6253750704825447,0.42161339421613375,0.351792419744232
2025-11-11,9.341,10.315,8.143,8.245,225850616,2025-11-11 23:59:59.999,2022966801.813,6097065,112616301,1009376334.728,0,2025-11-11,63.53458049886621,6.239,1.0035835265356439,1.9988371141609738,-0.11723768736616713,-0.12469929622918915
2025-11-12,8.246,8.861,7.469,7.563,80324156,2025-11-12 23:59:59.999,660870502.613,1958300,40380395,332679836.448,0,2025-11-12,58.26618144008317,6.30155,1.0464429712612857,1.205464640351652,-0.08271679805942989,-0.08633901913766968
2025-11-13,7.563,8.201,7.455,7.748,68863956,2025-11-13 23:59:59.999,539398528.582,1712950,34507082,270331648.655,0,2025-11-13,62.83483645174317,6.3769,1.0949841094723218,1.2521642900011947,0.02446119264841995,0.02416680867085699
2025-11-14,7.748,7.796,6.924,6.987,48690621,2025-11-14 23:59:59.999,354714188.459,1263114,24477052,178246885.935,0,2025-11-14,57.70799851650389,6.41425,1.102781023974843,0.5193687482357928,-0.09821889519876104,-0.10338346597443589
2025-11-15,6.988,7.637,6.97,7.356,26431325,2025-11-15 23:59:59.999,194954933.327,807288,13407428,98853257.326,0,2025-11-15,58.96605493582824,6.449,1.1217526230704,0.8085561659017201,0.05281236582224125,0.05146502717176097
2025-11-16,7.356,7.919,6.973,7.174,38790853,2025-11-16 23:59:59.999,289109840.198,1069214,18261440,136278104.9,0,2025-11-16,57.74019262391356,6.4822500000000005,1.1334196916258898,0.6103211415073307,-0.024741707449700834,-0.025052927631983732
2025-11-17,7.173,8.154,7.079,7.417,72963611,2025-11-17 23:59:59.999,558775659.879,2039777,35836729,274441759.424,0,2025-11-17,63.722826086956516,6.5363500000000005,1.1516967471367336,0.7646544128820443,0.03387231669919144,0.03331128364433011
2025-11-18,7.418,7.762,7.177,7.495,47018092,2025-11-18 23:59:59.999,350022419.575,1312652,22956758,170914819.384,0,2025-11-18,65.06398310349113,6.596549999999999,1.1695261062305597,0.7682171395863492,0.010516381286234333,0.010461468800140013
2025-11-19,7.496,7.515,6.81,7.221,37574607,2025-11-19 23:59:59.999,268193710.924,947951,18378455,131114323.594,0,2025-11-19,61.65983351969189,6.6655500000000005,1.163296064726196,0.47747947993852735,-0.03655770513675782,-0.03724268408551642
2025-11-20,7.222,7.384,6.47,6.567,33733648,2025-11-20 23:59:59.999,234956643.324,903647,15816412,110091481.286,0,2025-11-20,57.635582394611546,6.7069,1.1431896697615687,-0.12237689309174601,-0.09056917324470293,-0.09493634026020899
2025-11-21,6.567,6.738,5.881,6.423,46718625,2025-11-21 23:59:59.999,296575753.078,1120244,22993477,145922691.303,0,2025-11-21,53.392330383480825,6.735000000000001,1.1281104369217019,-0.27656866720545725,-0.02192782092279577,-0.022171808933180118
2025-11-22,6.422,6.541,5.854,6.157,27848172,2025-11-22 23:59:59.999,172425141.806,701063,12792505,79343268.763,0,2025-11-22,50.91326962622474,6.75005,1.1177266154293022,-0.530585915923831,-0.041413669624785876,-0.04229565234658231
2025-11-23,6.158,6.349,6.053,6.132,18613669,2025-11-23 23:59:59.999,115517924.44,510137,9308720,57814388.064,0,2025-11-23,47.16614906832298,6.796899999999999,1.0676301794146432,-0.6227811959798182,-0.004060419035244456,-0.004068684919505405
2025-11-24,6.132,6.424,6.051,6.291,27000295,2025-11-24 23:59:59.999,168810785.828,659355,13850901,86576186.893,0,2025-11-24,20.207152628493276,6.85795,0.9962048761475265,-0.5691098423373312,0.025929549902152793,0.02559907957832504
2025-11-25,6.291,6.372,5.872,6.231,24421925,2025-11-25 23:59:59.999,149659756.027,563006,11893364,73009027.059,0,2025-11-25,25.330720235178845,6.902299999999999,0.9436140546894596,-0.7114137360119358,-0.009537434430138325,-0.009583207025807675
2025-11-26,6.231,6.385,5.994,6.3,16630299,2025-11-26 23:59:59.999,103222583.969,409338,8078951,50126195.846,0,2025-11-26,31.79590660132604,6.9547,0.8736524119116638,-0.7493826962228975,0.011073663938372613,0.01101279983540202
2025-11-27,6.299,6.435,6.093,6.136,17029411,2025-11-27 23:59:59.999,106063112.893,372635,7910144,49274131.379,0,2025-11-27,26.62412993039443,6.96795,0.8582250640264939,-0.969384413101127,-0.02603174603174596,-0.02637656933253187
2025-11-28,6.137,6.354,6.042,6.124,17354389,2025-11-28 23:59:59.999,107309213.1,406693,8335681,51533056.721,0,2025-11-28,34.01259725824379,6.9738500000000005,0.8516443089367373,-0.9978931240214867,-0.001955671447196994,-0.001957586269517865
2025-11-29,6.124,6.21,5.974,6.055,9751462,2025-11-29 23:59:59.999,59426089.447,252455,4721309,28778941.399,0,2025-11-29,22.884535223009593,6.948099999999999,0.8720391046260263,-1.02415131989179,-0.011267145656433719,-0.011331100790381762
2025-11-30,6.056,6.274,6.001,6.036,13035814,2025-11-30 23:59:59.999,80149722.527,329963,6390010,39297405.293,0,2025-11-30,24.552772808586766,6.782900000000001,0.6887636444323112,-1.0844068295962495,-0.0031379025598679,-0.0031428360994531323
2025-12-01,6.036,6.054,5.433,5.596,31600173,2025-12-01 23:59:59.999,177286107.918,630563,15231762,85377941.194,0,2025-12-01,12.577065351418042,6.650449999999999,0.6461891099255702,-1.6317978495822276,-0.07289595758780643,-0.07568948410236764
2025-12-02,5.595,6.036,5.36,5.915,28676260,2025-12-02 23:59:59.999,163011704.576,526946,13838705,78619574.995,0,2025-12-02,20.456245325355283,6.568050000000001,0.628531745626325,-1.039008776476746,0.057005003573981305,0.055439440627115255
2025-12-03,5.914,6.191,5.891,6.103,18224877,2025-12-03 23:59:59.999,109865047.754,439943,9241141,55732185.759,0,2025-12-03,28.400309119010828,6.4858,0.5709954004765089,-0.670408202378767,0.031783601014370166,0.031288956132007724
2025-12-04,6.104,6.198,5.823,5.958,13593133,2025-12-04 23:59:59.999,81917396.499,358855,6565374,39570618.355,0,2025-12-04,35.353535353535364,6.43435,0.569815692729774,-0.8359720626822075,-0.02375880714402745,-0.02404559927126728
2025-12-05,5.957,6.034,5.422,5.469,19524431,2025-12-05 23:59:59.999,111711150.399,438913,8985059,51463604.605,0,2025-12-05,30.32178217821783,6.34,0.565384452336867,-1.5405446619551557,-0.08207452165156093,-0.08563906992645487
2025-12-06,5.469,5.623,5.412,5.561,9342910,2025-12-06 23:59:59.999,51537768.853,247321,4768272,26305806.156,0,2025-12-06,36.75555555555555,6.25935,0.5551068436721149,-1.2580461004233179,0.01682208813311381,0.016682163840791152
2025-12-07,5.56,5.673,5.304,5.458,16685213,2025-12-07 23:59:59.999,91862565.462,366700,8065690,44420308.355,0,2025-12-07,35.52405498281787,6.1614,0.5111829829934997,-1.3760238963372238,-0.01852184858838335,-0.018695525919280167
2025-12-08,5.458,5.765,5.425,5.614,16658412,2025-12-08 23:59:59.999,93728062.424,392644,8397075,47247782.601,0,2025-12-08,35.44086021505373,6.067349999999999,0.4173287578182477,-1.0863138269456127,0.028581898131183614,0.02818105565354405
2025-12-09,5.613,5.974,5.421,5.744,23762945,2025-12-09 23:59:59.999,134683184.85,463982,11520235,65301195.425,0,2025-12-09,39.83298538622128,5.993499999999999,0.32230036660332756,-0.7741226069006384,0.02315639472746711,0.022892353806232373
2025-12-10,5.743,5.942,5.524,5.597,21338897,2025-12-10 23:59:59.999,121086101.801,499557,10417870,59120627.242,0,2025-12-10,35.7864941366761,5.945,0.3039163666069682,-1.1450518571447705,-0.025591922005570922,-0.02592509183670042
2025-12-11,5.598,5.603,5.288,5.546,19663961,2025-12-11 23:59:59.999,106359658.774,426231,9523923,51533492.714,0,2025-12-11,37.499999999999986,5.9011499999999995,0.29443957024006634,-1.2061897784677298,-0.00911202429873148,-0.009153792715636249
2025-12-12,5.547,5.649,5.205,5.419,16477690,2025-12-12 23:59:59.999,89577038.691,386786,7951345,43260727.413,0,2025-12-12,35.75757575757575,5.86425,0.30667793409372124,-1.451848830649588,-0.022899386945546496,-0.0231656506096093
2025-12-13,5.419,5.527,5.371,5.496,6716220,2025-12-13 23:59:59.999,36558063.908,175311,3204709,17442792.153,0,2025-12-13,38.743455497382215,5.83245,0.31040457046450254,-1.08390800913956,0.014209263701790098,0.014109258336071158
2025-12-14,5.497,5.561,5.242,5.307,9808488,2025-12-14 23:59:59.999,53030150.458,259512,4657330,25183596.566,0,2025-12-14,36.26083678854128,5.783250000000001,0.3118776539758134,-1.5270411134904016,-0.03438864628820959,-0.03499385107429028
2025-12-15,5.308,5.462,4.966,5.076,20317485,2025-12-15 23:59:59.999,105547894.08,410910,9568976,49655020.055,0,2025-12-15,39.36170212765957,5.725499999999999,0.33095611093503036,-1.9624958673976636,-0.04352741661955917,-0.04450315399361678
2025-12-16,5.076,5.277,4.929,5.196,15462907,2025-12-16 23:59:59.999,79086806.126,365232,7996577,40918920.032,0,2025-12-16,33.986636971046764,5.670299999999999,0.322040059614969,-1.472798137495914,0.023640661938534313,0.02336554895621191
2025-12-17,5.195,5.321,4.88,4.963,20832425,2025-12-17 23:59:59.999,105910117.013,431957,10138328,51569826.639,0,2025-12-17,25.10917030567687,5.61165,0.3391232154541532,-1.912726615107518,-0.04484218629715164,-0.04587870220304934
2025-12-18,4.964,5.44,4.849,4.957,44208116,2025-12-18 23:59:59.999,226748307.787,843313,21870077,112197265.194,0,2025-12-18,26.731752673175265,5.5533,0.3466422545339481,-1.7202172908831062,-0.0012089462018940456,-0.0012096775668669433
2025-12-19,4.958,5.335,4.895,5.316,27301555,2025-12-19 23:59:59.999,140503519.832,532358,13939937,71728381.209,0,2025-12-19,46.2147451756556,5.51635,0.3293021768543382,-0.608407760658752,0.07242283639297953,0.06992042181256197
2025-12-20,5.315,6.386,5.247,6.26,52339479,2025-12-20 23:59:59.999,308790751.875,1190514,26717639,157572260.036,0,2025-12-20,62.16498433693003,5.52755,0.35100074598354797,2.0867477017679366,0.1775771256583898,0.16345904426100827
2025-12-21,6.26,6.537,6.053,6.113,39703726,2025-12-21 23:59:59.999,247672803.367,840187,19421914,121232217.503,0,2025-12-21,61.227288309907436,5.5534,0.37455452838490916,1.4940414748501727,-0.023482428115015885,-0.023762534065418717
2025-12-22,6.113,6.411,5.908,6.017,31156925,2025-12-22 23:59:59.999,192071285.674,661839,15449418,95285691.805,0,2025-12-22,57.05285264263213,5.5585,0.3803862994889609,1.205353611883453,-0.01570423687223954,-0.0158288548083737
2025-12-23,6.017,6.119,5.652,5.806,26393211,2025-12-23 23:59:59.999,154768490.989,556224,12659182,74271705.108,0,2025-12-23,51.05513955071477,5.54365,0.3634300446650216,0.7218720737351564,-0.03506730929034407,-0.0356969306357766
2025-12-24,5.806,5.885,5.587,5.775,17270176,2025-12-24 23:59:59.999,99123165.052,421333,8671450,49786050.266,0,2025-12-24,53.15379163713677,5.5344999999999995,0.35464652527768314,0.6781400150803473,-0.0053393041681019104,-0.005353609194580859
2025-12-25,5.775,6.081,5.74,5.81,16477128,2025-12-25 23:59:59.999,96923431.104,389057,7931354,46665986.317,0,2025-12-25,54.70420527441196,5.551550000000001,0.3594956225441116,0.7189239139296781,0.006060606060605878,0.0060423144559624406
2025-12-26,5.81,6.035,5.723,5.827,17670313,2025-12-26 23:59:59.999,103606230.107,405524,8978852,52654354.707,0,2025-12-26,57.566765578635014,5.56485,0.3647458054979931,0.7187197112303529,0.002925989672977636,0.002921717297117291
2025-12-27,5.827,6.039,5.823,5.964,12272747,2025-12-27 23:59:59.999,72934288.558,297928,6167697,36663911.721,0,2025-12-27,58.49056603773585,5.5901499999999995,0.37436631019274436,0.9986208422641513,0.023511240775699438,0.023239108741554947
2025-12-28,5.965,6.567,5.93,6.226,34354255,2025-12-28 23:59:59.999,214748472.653,727097,17256018,107820921.788,0,2025-12-28,66.24248851184163,5.62075,0.40051688642627375,1.511172238954806,0.04393024815560009,0.04299267511692428
2025-12-29,6.225,6.436,5.922,5.99,24833651,2025-12-29 23:59:59.999,152342565.412,541860,11993409,73672674.587,0,2025-12-29,66.12561750176431,5.63305,0.4082047312665393,0.8744386643743433,-0.0379055573401863,-0.03864265989205843
2025-12-30,5.99,6.04,5.892,5.921,13383488,2025-12-30 23:59:59.999,79928037.231,322471,6583664,39325421.051,0,2025-12-30,63.02551203736976,5.64925,0.41309854501262444,0.6578333506153965,-0.011519198664440733,-0.011586058577718912
2025-12-31,5.921,5.975,5.618,5.637,12565259,2025-12-31 23:59:59.999,73001654.777,297624,5943022,34522048.142,0,2025-12-31,61.89131968948482,5.6538,0.4124020266387622,-0.04073694820786257,-0.0479648707988517,-0.049153344450201274
2026-01-01,5.638,5.839,5.613,5.805,11614372,2026-01-01 23:59:59.999,66320927.196,293819,5593854,31946567.359,0,2026-01-01,64.15220293724965,5.6731,0.4098596550514803,0.3218174767248868,0.02980308674827037,0.029367606050416876
2026-01-02,5.805,6.1,5.666,6.035,20307154,2026-01-02 23:59:59.999,119002158.186,475874,9999032,58611854.388,0,2026-01-02,62.53923962329962,5.70005,0.4152865180836953,0.8065515864699838,0.03962101636520243,0.03885623939964002
2026-01-03,6.034,6.119,5.737,5.914,18413459,2026-01-03 23:59:59.999,108216237.765,371924,9158757,53792857.823,0,2026-01-03,41.53620352250489,5.7304,0.40715048297440765,0.4509389222842698,-0.020049710024855116,-0.020253433119209456
2026-01-04,5.914,6.02,5.762,5.845,19843742,2026-01-04 23:59:59.999,116993234.724,429653,8950741,52801437.552,0,2026-01-04,43.184130213631725,5.7688500000000005,0.3773163233833926,0.20182005198493086,-0.011667230300980713,-0.01173582650625373
2026-01-05,5.845,6.45,5.72,6.16,35824312,2026-01-05 23:59:59.999,213336228.357,729922,18236886,108675968.556,0,2026-01-05,53.27231121281464,5.81705,0.3615289862397846,0.9486099678119254,0.05389221556886237,0.052490182621396764
2026-01-06,6.159,6.313,5.838,6.067,31941476,2026-01-06 23:59:59.999,195134057.319,694121,15532449,94928954.902,0,2026-01-06,56.31349782293179,5.872249999999999,0.303964484589191,0.6406998510474213,-0.015097402597402554,-0.015212528585267577
2026-01-07,6.067,6.091,5.634,5.722,21760985,2026-01-07 23:59:59.999,127088502.254,517077,10115676,59123565.85,0,2026-01-07,48.88702225955481,5.910500000000001,0.21898389750221586,-0.8607938855325786,-0.05686500741717482,-0.05854585433224221
2026-01-08,5.723,5.818,5.385,5.483,26493964,2026-01-08 23:59:59.999,146966107.023,521205,12534066,69587405.534,0,2026-01-08,43.67504835589942,5.91885,0.1972250317650769,-2.209912180514488,-0.04176861237329621,-0.04266599820600727
2026-01-09,5.483,5.574,5.345,5.465,20975709,2026-01-09 23:59:59.999,114752313.726,429587,10290517,56315934.184,0,2026-01-09,43.00077339520495,5.879099999999999,0.20481722274671768,-2.0218026318620983,-0.003282874338865538,-0.0032882747934094804
2026-01-10,5.465,5.553,5.42,5.471,10004595,2026-01-10 23:59:59.999,54934592.567,230031,4623101,25393082.403,0,2026-01-10,39.959266802444,5.8469999999999995,0.2162211343606385,-1.7389604448789144,0.001097895699908591,0.00109729345318707
2026-01-11,5.472,5.537,5.368,5.451,9054426,2026-01-11 23:59:59.999,49648729.4,233103,4109507,22544741.82,0,2026-01-11,32.489832806145515,5.8187,0.22943617389497795,-1.6026243541191156,-0.003655638822884333,-0.003662336999545081
2026-01-12,5.451,5.605,5.278,5.364,17163201,2026-01-12 23:59:59.999,93159324.977,372493,7990872,43388556.548,0,2026-01-12,34.835271317829466,5.7966,0.2509980918295803,-1.723519078757465,-0.015960374243258024,-0.016089112662711638
2026-01-13,5.364,5.804,5.344,5.729,18656964,2026-01-13 23:59:59.999,103508562.851,373435,9182142,50945659.85,0,2026-01-13,45.93220338983051,5.7943,0.251416848233714,-0.259728019258668,0.06804623415361677,0.06583103000700873
2026-01-14,5.728,5.849,5.643,5.68,18209315,2026-01-14 23:59:59.999,104753874.357,402395,8934040,51412562.398,0,2026-01-14,51.01176470588236,5.7878,0.2526669536573996,-0.4266485919095304,-0.008552976086577124,-0.008589762693380833
2026-01-15,5.68,5.683,5.221,5.346,24007452,2026-01-15 23:59:59.999,130719946.944,459518,11131292,60615139.825,0,2026-01-15,39.982540375381944,5.76375,0.27096841435077085,-1.5416926028109645,-0.05880281690140843,-0.0606026150163327
2026-01-16,5.347,5.357,5.124,5.312,15370835,2026-01-16 23:59:59.999,80975338.009,283559,6832332,36007733.588,0,2026-01-16,32.74463007159906,5.73115,0.284491841520204,-1.4733287174782936,-0.006359895248784109,-0.006380205542594501
2026-01-17,5.312,5.442,5.303,5.349,8249285,2026-01-17 23:59:59.999,44303327.386,218751,3958569,21261123.875,0,2026-01-17,35.95226255594234,5.6873,0.27149510026978285,-1.2460630032138074,0.006965361445783191,0.006941215374980378
2026-01-18,5.349,5.394,5.083,5.093,12370345,2026-01-18 23:59:59.999,65393299.742,285932,5723200,30265449.138,0,2026-01-18,32.89353958143768,5.64245,0.2921622611476636,-1.8806330353607825,-0.04785941297438778,-0.04904257964664553
2026-01-19,5.093,5.093,4.553,5.023,24395963,2026-01-19 23:59:59.999,120414819.603,425646,11385758,56258490.419,0,2026-01-19,20.89093701996927,5.59755,0.31519625882258306,-1.822832549301931,-0.013744354997054842,-0.013839683134559966
2026-01-20,5.023,5.026,4.691,4.797,21825049,2026-01-20 23:59:59.999,106058160.857,384823,9960994,48427482.423,0,2026-01-20,19.558964525407475,5.555549999999999,0.3621332227916025,-2.094671110682722,-0.044993032052558224,-0.046036642247980784
2026-01-21,4.798,5.065,4.756,4.935,20291737,2026-01-21 23:59:59.999,99485315.216,405089,9910123,48641187.316,0,2026-01-21,29.05800957956359,5.51205,0.38228406012855803,-1.5094796257158747,0.028767979987492254,0.028361950365518106
2026-01-22,4.936,4.992,4.766,4.835,11456219,2026-01-22 23:59:59.999,55940282.278,234818,5335656,26078183.34,0,2026-01-22,31.3793103448276,5.45205,0.38997982066140974,-1.582261356378586,-0.020263424518743633,-0.02047154398018722
2026-01-23,4.835,4.982,4.763,4.869,12072434,2026-01-23 23:59:59.999,58758227.044,248231,6155134,29969032.226,0,2026-01-23,33.02961275626424,5.399800000000001,0.3948050284926721,-1.3444610926728688,0.007032057911065204,0.007007448295306257
2026-01-24,4.868,4.913,4.822,4.852,5239883,2026-01-24 23:59:59.999,25516822.906,115016,2402027,11700841.49,0,2026-01-24,32.48443689869836,5.350149999999999,0.39829429412636647,-1.250708351453188,-0.0034914766892584215,-0.003497586118760001
2026-01-25,4.852,4.893,4.56,4.633,15733431,2026-01-25 23:59:59.999,74365363.162,278643,6995922,33089315.678,0,2026-01-25,29.196337741607323,5.2738,0.3808570114290464,-1.6825212107704115,-0.045136026380873884,-0.0461863846472924
2026-01-26,4.634,4.76,4.481,4.708,22277300,2026-01-26 23:59:59.999,102928159.743,355519,11057729,51097817.311,0,2026-01-26,33.213920163766645,5.20585,0.3520323362792632,-1.414216674700761,0.016188214979494964,0.016058582963519
2026-01-27,4.708,4.815,4.628,4.798,14317228,2026-01-27 23:59:59.999,67420525.899,267822,7357141,34666705.358,0,2026-01-27,22.27516378796902,5.15965,0.34119376729193457,-1.059954883907837,0.019116397621070425,0.018935975019472456
2026-01-28,4.798,4.875,4.75,4.819,11562929,2026-01-28 23:59:59.999,55684244.996,247580,5737078,27636255.508,0,2026-01-28,23.92489400363415,5.12645,0.3403785006150719,-0.903259164266929,0.004376823676531805,0.004367273240692777
2026-01-29,4.819,4.832,4.282,4.393,23475849,2026-01-29 23:59:59.999,105848269.331,374228,10572659,47679181.285,0,2026-01-29,22.662076878944333,5.072850000000001,0.36757860240242035,-1.849536386385489,-0.08840008300477276,-0.09255407266455316
2026-01-30,4.394,4.416,4.137,4.274,22171803,2026-01-30 23:59:59.999,94567607.006,421638,10953754,46723908.808,0,2026-01-30,21.608315098468253,5.013,0.39571148447335985,-1.8675222453639728,-0.027088549965854747,-0.027462208096686612
2026-01-31,4.274,4.305,3.588,3.959,37802685,2026-01-31 23:59:59.999,149130359.41,560933,17885049,70613241.861,0,2026-01-31,16.999050332383646,4.9384,0.44620816477572783,-2.1949396656429707,-0.07370145063172673,-0.07655868877296232
2026-02-01,3.959,4.024,3.749,3.836,21223261,2026-02-01 23:59:59.999,82466655.104,393453,10327174,40154238.391,0,2026-02-01,18.144956918398364,4.862,0.4973796601314882,-2.0628105293424444,-0.031068451629199356,-0.031561311102801845
2026-02-02,3.835,3.998,3.702,3.923,24621352,2026-02-02 23:59:59.999,95197302.386,467635,12736123,49247742.532,0,2026-02-02,22.36180904522614,4.7717,0.49562794831870616,-1.7123731679761047,0.022679874869655947,0.022426510206223778
2026-02-03,3.924,4.025,3.69,3.858,26612807,2026-02-03 23:59:59.999,103193319.057,420510,13840649,53714770.903,0,2026-02-03,24.330235101148176,4.6806,0.48726674851382135,-1.6881923556428906,-0.016568952332398634,-0.016707752743878135
2026-02-04,3.857,3.961,3.639,3.799,28575993,2026-02-04 23:59:59.999,108238148.709,461906,14405592,54524301.725,0,2026-02-04,17.542857142857144,4.60325,0.49873259103964507,-1.6125876159877208,-0.015292897874546463,-0.015411040278048883
2026-02-05,3.799,3.835,3.121,3.165,65239446,2026-02-05 23:59:59.999,223275876.082,1023652,32493782,111245681.415,0,2026-02-05,13.441330998248688,4.4959,0.5648337342662051,-2.3562686136815425,-0.16688602263753616,-0.18258481860934897
2026-02-06,3.166,3.629,2.831,3.549,56193213,2026-02-06 23:59:59.999,181874077.177,818423,27848159,90260405.068,0,2026-02-06,24.943052391799554,4.405900000000001,0.5651523222681616,-1.5162283976131423,0.1213270142180094,0.11451281806821983
2026-02-07,3.549,3.646,3.427,3.536,20647790,2026-02-07 23:59:59.999,73009049.987,371766,10448658,36968239.31,0,2026-02-07,24.980988593155885,4.32805,0.5727106806066017,-1.3829845100166098,-0.00366300366300365,-0.0036697288889624017
2026-02-08,3.536,3.55,3.434,3.465,9707252,2026-02-08 23:59:59.999,33980058.464,208458,4813713,16847327.124,0,2026-02-08,26.470588235294116,4.25015,0.5791320433898199,-1.355735723763962,-0.02007918552036203,-0.02028351213353049
2026-02-09,3.466,3.581,3.307,3.492,13582693,2026-02-09 23:59:59.999,46807208.649,261178,6981192,24072149.574,0,2026-02-09,25.020542317173366,4.1849,0.5877288938177445,-1.1789449307130186,0.007792207792207906,0.00776200533548933
2026-02-10,3.492,3.497,3.314,3.358,11042623,2026-02-10 23:59:59.999,37279833.976,186769,5344659,18040239.58,0,2026-02-10,20.944309927360777,4.106050000000001,0.5875841238735277,-1.273094301916523,-0.03837342497136309,-0.03912907932200667
2026-02-11,3.359,4.59,3.219,3.365,149547477,2026-02-11 23:59:59.999,574337679.235,1920775,74581296,286792871.299,0,2026-02-11,20.495129870129873,4.03255,0.583527789891434,-1.1439900747900933,0.002084574151280494,0.0020824044413420197
2026-02-12,3.366,3.493,3.139,3.244,61298483,2026-02-12 23:59:59.999,204479342.201,666474,29222490,97644695.835,0,2026-02-12,23.39045854562299,3.9513,0.573985154765663,-1.2322618348705623,-0.03595839524517086,-0.03662082684352462
2026-02-13,3.245,3.493,3.204,3.396,35037115,2026-02-13 23:59:59.999,117608991.129,456420,17379865,58357591.646,0,2026-02-13,29.972627737226276,3.8785000000000003,0.5453545925134992,-0.884745460336537,0.04685573366214535,0.04579113219593425
2026-02-14,3.395,3.731,3.373,3.626,28996965,2026-02-14 23:59:59.999,102342268.142,394558,14201736,50072128.259,0,2026-02-14,42.09776934029425,3.82815,0.5178195453780778,-0.39038696357512614,0.0677267373380448,0.06553184388355847
2026-02-15,3.625,3.675,3.389,3.47,27377231,2026-02-15 23:59:59.999,97000306.471,388537,13045489,46220471.392,0,2026-02-15,41.44859813084113,3.7662500000000003,0.4796987952946426,-0.6175750343880606,-0.043022614451185826,-0.04397551837389143
2026-02-16,3.47,3.625,3.419,3.599,21504539,2026-02-16 23:59:59.999,75683896.377,336010,10409992,36659957.428,0,2026-02-16,42.575618698441794,3.7063,0.4144553940785536,-0.25889396430358175,0.03717579250720471,0.03650143513812592
2026-02-17,3.599,3.628,3.448,3.522,17403718,2026-02-17 23:59:59.999,61559703.475,294254,8113626,28716695.222,0,2026-02-17,42.34275296262533,3.64145,0.32244517689346014,-0.37045057132136233,-0.02139483189774949,-0.021627019022879366
2026-02-18,3.522,3.604,3.358,3.401,19085324,2026-02-18 23:59:59.999,66705862.638,279861,9332522,32651451.211,0,2026-02-18,41.17907801418439,3.5918499999999995,0.27330651290554037,-0.6983002269907886,-0.0343554798409994,-0.03495950404895596
2026-02-19,3.401,3.465,3.29,3.389,17673657,2026-02-19 23:59:59.999,59666415.255,269117,8918889,30124637.362,0,2026-02-19,56.85434516523867,3.5476,0.22429900156230012,-0.7070918679767212,-0.00352837400764483,-0.0035346134001441394
2026-02-20,3.39,3.495,3.305,3.489,18997080,2026-02-20 23:59:59.999,64810410.722,311160,9795226,33434387.444,0,2026-02-20,47.77777777777777,3.5241,0.20248844020741447,-0.17334322870009772,0.029507229271171553,0.029080269579722894
2026-02-21,3.489,3.709,3.465,3.607,16748708,2026-02-21 23:59:59.999,60403593.435,267247,8265220,29816584.184,0,2026-02-21,52.43986254295533,3.51265,0.19001364908522514,0.4965432770447054,0.033820578962453496,0.033261239716764944
2026-02-22,3.606,3.627,3.43,3.489,15057310,2026-02-22 23:59:59.999,53260932.432,235886,7250418,25654128.403,0,2026-02-22,50.79893475366178,3.49095,0.16363517668645416,-0.01191675310582387,-0.032714166897699015,-0.03326123971676498
2026-02-23,3.488,3.563,3.272,3.344,27363962,2026-02-23 23:59:59.999,92596015.175,407496,13026271,44072975.83,0,2026-02-23,45.432098765432094,3.4652499999999997,0.14186942661158203,-0.8546591249146641,-0.04155918601318431,-0.042447466982181895
2026-02-24,3.344,3.401,3.255,3.336,20659857,2026-02-24 23:59:59.999,68833563.909,320307,10051143,33503176.243,0,2026-02-24,49.26372155287818,3.442100000000001,0.12074544775876647,-0.8787080752888906,-0.0023923444976076125,-0.002395210725954822
2026-02-25,3.335,4.298,3.328,4.053,50612502,2026-02-25 23:59:59.999,194656192.04,747450,26483619,101640243.644,0,2026-02-25,65.60798548094374,3.4865000000000004,0.16764577316393306,3.3791487211911115,0.21492805755395694,0.19468486314967126
2026-02-26,4.052,4.089,3.706,3.875,34346709,2026-02-26 23:59:59.999,134531820.699,498851,15830034,62025197.998,0,2026-02-26,63.95400265369305,3.5027999999999997,0.18858324979127894,1.973664153162837,-0.04391808536886255,-0.04491168484086115
2026-02-27,3.876,3.944,3.668,3.739,18580719,2026-02-27 23:59:59.999,70750125.856,342171,9162338,34885532.872,0,2026-02-27,57.6391982182628,3.51295,0.19578948817745137,1.1545563661473095,-0.0350967741935484,-0.03572746681033366
2026-02-28,3.739,3.89,3.535,3.808,24561905,2026-02-28 23:59:59.999,90134079.716,418777,12034874,44254990.687,0,2026-02-28,54.36660268714011,3.5301,0.20611823381828484,1.3482552943132544,0.01845413212088798,0.018285920934142254
2026-03-01,3.808,3.972,3.662,3.745,22922957,2026-03-01 23:59:59.999,87045675.227,393716,10890846,41411294.835,0,2026-03-01,56.90607734806629,3.5427500000000003,0.21135399961788223,0.9569253497244339,-0.016544117647058765,-0.01668249995993602
2026-03-02,3.746,4.045,3.711,3.926,23168560,2026-03-02 23:59:59.999,89679627.27,398241,11834629,45860316.771,0,2026-03-02,58.0029368575624,3.5711500000000003,0.22305965097103722,1.5908300692449069,0.04833110814419217,0.04719947888508644
2026-03-03,3.927,3.939,3.743,3.91,16881648,2026-03-03 23:59:59.999,65074634.397,332137,8221189,31704436.307,0,2026-03-03,59.78809283551968,3.5984000000000003,0.2297397612328434,1.3563172449029854,-0.004075394803871646,-0.0040837218569949405
2026-03-04,3.911,4.087,3.855,3.974,22576465,2026-03-04 23:59:59.999,89876257.039,418272,11472956,45688736.986,0,2026-03-04,64.88311688311688,3.6349000000000005,0.2284568138315526,1.4843067900352813,0.01636828644501276,0.016235770132350676
2026-03-05,3.974,4.092,3.922,3.967,19046097,2026-03-05 23:59:59.999,76241689.323,331762,9152833,36653313.363,0,2026-03-05,65.05208333333334,3.66345,0.2326701923703308,1.3046363907107317,-0.001761449421238126,-0.001763002597432098
2026-03-06,3.968,4.017,3.805,3.845,15049963,2026-03-06 23:59:59.999,58860311.94,294958,7374713,28869252.585,0,2026-03-06,59.16580844490217,3.6744,0.23594522111078314,0.7230491857256081,-0.030753718174943212,-0.031236538574585717
2026-03-07,3.846,3.866,3.727,3.77,9508173,2026-03-07 23:59:59.999,36198760.649,170277,4576370,17426182.249,0,2026-03-07,54.291732490784625,3.6894,0.2317658527974143,0.34776477650679705,-0.01950585175552666,-0.019698601497687904
2026-03-08,3.769,3.794,3.608,3.657,13223927,2026-03-08 23:59:59.999,49039779.621,239582,6134028,22765840.241,0,2026-03-08,54.4350580781415,3.6922999999999995,0.23093655997576337,-0.1528558319380186,-0.02997347480106105,-0.030431862292675273
2026-03-09,3.658,3.99,3.655,3.858,20175952,2026-03-09 23:59:59.999,77570761.13,384978,10264480,39481921.293,0,2026-03-09,63.17948717948718,3.7091000000000003,0.2301157374630819,0.6470656967730781,0.054963084495488035,0.05350577531629311
2026-03-10,3.858,3.996,3.822,3.841,15908942,2026-03-10 23:59:59.999,62242660.988,316010,8000284,31318879.943,0,2026-03-10,62.8892291985707,3.7311,0.2199167067126514,0.49973465701083897,-0.004406428201140455,-0.004416165119769558
2026-03-11,3.841,3.966,3.801,3.897,13104273,2026-03-11 23:59:59.999,50842100.466,261680,6569334,25488820.804,0,2026-03-11,43.99075500770415,3.7565,0.20729980830410835,0.6777623247672601,0.014579536579015784,0.014474276992804335
2026-03-12,3.897,3.949,3.838,3.915,11967337,2026-03-12 23:59:59.999,46579368.536,215482,5910312,23008828.786,0,2026-03-12,51.75746924428823,3.7778000000000005,0.2001293265991461,0.6855566964196488,0.004618937644341958,0.0046083030861944025
2026-03-13,3.915,4.207,3.903,4.001,20160232,2026-03-13 23:59:59.999,81891429.874,338718,10525967,42767928.331,0,2026-03-13,62.04044117647061,3.7975000000000003,0.2018163573694461,1.0083424488108852,0.021966794380587462,0.02172900043233153
2026-03-14,4.001,4.018,3.901,3.944,8061390,2026-03-14 23:59:59.999,31818212.47,162829,3574135,14105499.014,0,2026-03-14,56.319702602230485,3.82025,0.19054019467315816,0.6494692640168314,-0.014246438390402516,-0.01434889313470911
2026-03-15,3.945,4.112,3.913,4.067,10067896,2026-03-15 23:59:59.999,40167193.546,187453,4929563,19674667.371,0,2026-03-15,64.17253521126759,3.8564000000000007,0.16185451555993624,1.3011685171181542,0.03118661257606492,0.03071019018469851
2026-03-16,4.067,4.193,3.967,4.154,27749631,2026-03-16 23:59:59.999,113275646.985,380760,13878325,56670462.625,0,2026-03-16,60.94049904030708,3.8973,0.12183556648112953,2.1069381249994747,0.02139168920580281,0.02116609852883309
2026-03-17,4.155,4.172,3.94,3.954,15942217,2026-03-17 23:59:59.999,64178960.185,263556,7350711,29606786.483,0,2026-03-17,51.794453507340954,3.8923499999999995,0.11709567611590255,0.5264925405014855,-0.04814636494944624,-0.049344000705495314
2026-03-18,3.954,4.014,3.614,3.679,21728126,2026-03-18 23:59:59.999,82168299.342,328548,10109672,38227879.572,0,2026-03-18,39.73556019485038,3.8825499999999997,0.12645218566626723,-1.6096993415140275,-0.06954982296408707,-0.07208674862578794
2026-03-19,3.679,3.719,3.496,3.578,16154469,2026-03-19 23:59:59.999,58008358.614,276729,7551987,27121973.154,0,2026-03-19,37.29588504245591,3.8745000000000003,0.140424356849577,-2.111457062378517,-0.02745311225876601,-0.027836991036109933
2026-03-20,3.577,3.646,3.541,3.603,13942591,2026-03-20 23:59:59.999,50063490.998,248193,6965050,25017069.3,0,2026-03-20,41.562064156206425,3.8642499999999997,0.15249672126513478,-1.7131515866874507,0.0069871436556736555,0.006962846679428857
2026-03-21,3.602,3.627,3.455,3.483,9704270,2026-03-21 23:59:59.999,34631811.228,142648,4319709,15435385.535,0,2026-03-21,40.297498309668704,3.8511499999999996,0.17313647642914237,-2.12635723905741,-0.033305578684429626,-0.033872840382092026
2026-03-22,3.483,3.536,3.408,3.469,11452639,2026-03-22 23:59:59.999,39775601.798,217780,5640906,19592668.167,0,2026-03-22,43.188405797101446,3.8283,0.19188019836066475,-1.8725225587095093,-0.0040195233993683965,-0.004027623396251515
2026-03-23,3.469,3.681,3.433,3.585,22947519,2026-03-23 23:59:59.999,81755785.435,338690,11757103,41895943.089,0,2026-03-23,39.45945945945947,3.81205,0.19825302147237567,-1.1452536678319278,0.03343903142115878,0.03289210606397097
2026-03-24,3.584,3.621,3.525,3.605,10697008,2026-03-24 23:59:59.999,38224368.592,192420,5014463,17924805.235,0,2026-03-24,40.909090909090914,3.7936,0.19955408183135667,-0.9451072023642499,0.00557880055788007,0.005563296685328732
2026-03-25,3.606,3.758,3.58,3.706,13504252,2026-03-25 23:59:59.999,49786667.044,231162,6955427,25646990.613,0,2026-03-25,42.889054355919605,3.7805499999999994,0.1961222698559475,-0.38012001418684727,0.028016643550624165,0.02763135712625567
2026-03-26,3.705,3.717,3.477,3.524,12574454,2026-03-26 23:59:59.999,44869330.998,194813,5955730,21238535.515,0,2026-03-26,37.027206370272076,3.7644999999999995,0.20356390435069757,-1.1814471763405994,-0.04910955207771184,-0.05035641978923498
2026-03-27,3.525,3.552,3.361,3.386,11312438,2026-03-27 23:59:59.999,38818887.037,196992,5663973,19433451.784,0,2026-03-27,30.275817831943556,3.7453000000000003,0.2204285538786301,-1.6300066106582267,-0.03916004540295115,-0.03994742436298946
2026-03-28,3.385,3.449,3.352,3.381,7462612,2026-03-28 23:59:59.999,25342013.831,133505,3890514,13212641.51,0,2026-03-28,31.32050431320505,3.7315000000000005,0.2344416659500689,-1.4950414150130198,-0.001476668635558287,-0.0014777599851947389
2026-03-29,3.38,3.426,3.251,3.352,10598596,2026-03-29 23:59:59.999,35632136.907,172581,5285092,17785861.591,0,2026-03-29,24.69922151450814,3.7062,0.2470362428061047,-1.433797713147729,-0.008577343981070684,-0.008614341105912329
2026-03-30,3.353,3.577,3.35,3.478,13752731,2026-03-30 23:59:59.999,47961550.149,233465,6859552,23906861.896,0,2026-03-30,26.721763085399473,3.6880500000000005,0.24992914258322557,-0.8404382051206947,0.03758949880668272,0.03690023331225482
2026-03-31,3.478,3.591,3.446,3.541,12943019,2026-03-31 23:59:59.999,45556232.453,215251,6462685,22754409.081,0,2026-03-31,34.29657794676807,3.6702500000000002,0.24692357116442903,-0.5234413198808443,0.018113858539390293,0.017951757197675233
2026-04-01,3.542,3.67,3.531,3.565,11058085,2026-04-01 23:59:59.999,39818761.922,208332,5222314,18807650.348,0,2026-04-01,44.64285714285715,3.6527499999999997,0.24099615086850457,-0.36411369925936726,0.00677774639932216,0.006754880736492513
2026-04-02,3.565,3.595,3.093,3.171,51996360,2026-04-02 23:59:59.999,168999308.86,577387,23016195,74877203.525,0,2026-04-02,35.00368459837878,3.6112500000000005,0.24919488779236915,-1.7666895332412274,-0.1105189340813465,-0.11711705831004907
2026-04-03,3.171,3.255,3.141,3.169,14613903,2026-04-03 23:59:59.999,46684535.74,250010,7229607,23104528.905,0,2026-04-03,33.733133433283356,3.5725000000000002,0.254919491928344,-1.582852676143812,-0.00063071586250385,-0.0006309148474264875
2026-04-04,3.169,3.179,3.094,3.124,11827442,2026-04-04 23:59:59.999,37098279.829,176141,5747853,18041471.415,0,2026-04-04,35.7426528991263,3.5253499999999995,0.2456842807060566,-1.6336006473291043,-0.014200063111391548,-0.014301848731344102
2026-04-05,3.123,3.159,3.038,3.146,11719479,2026-04-05 23:59:59.999,36242565.228,202927,5624912,17400705.406,0,2026-04-05,37.253354380426195,3.4749499999999998,0.21085751611416725,-1.560058214011647,0.007042253521126751,0.00701757265864654
2026-04-06,3.146,3.207,3.068,3.094,13749378,2026-04-06 23:59:59.999,43457926.492,215250,6648136,21012119.138,0,2026-04-06,29.592684954280955,3.4319500000000005,0.19512626815189227,-1.7319554317357722,-0.016528925619834767,-0.01666705248521176
2026-04-07,3.093,3.321,3.011,3.284,20823643,2026-04-07 23:59:59.999,64828634.704,286119,10309269,32096662.923,0,2026-04-07,38.31026948288418,3.4122,0.1886887160789261,-0.679425896068823,0.061409179056237884,0.05959743943930741
2026-04-08,3.284,3.3,3.107,3.117,15873754,2026-04-08 23:59:59.999,50878897.829,237090,7811427,25038529.336,0,2026-04-08,29.53439888811674,3.38915,0.19540680238317268,-1.3927355479997143,-0.0508526187576126,-0.052191190804981684
2026-04-09,3.118,3.217,3.045,3.105,17259361,2026-04-09 23:59:59.999,53620054.321,230659,8356018,25958114.352,0,2026-04-09,33.49093774625689,3.3642499999999997,0.19842826490283683,-1.3065174970256639,-0.0038498556304138454,-0.0038572853997579305
2026-04-10,3.105,3.197,3.085,3.163,12160613,2026-04-10 23:59:59.999,38194237.695,202812,6155414,19330976.207,0,2026-04-10,40.622371740958776,3.34825,0.20123065450459732,-0.9205853872316861,0.018679549114331673,0.01850722893806965
2026-04-11,3.164,3.219,3.112,3.147,9164563,2026-04-11 23:59:59.999,28957947.294,143708,4329715,13684649.299,0,2026-04-11,40.25,3.33215,0.2039244635610515,-0.9079342260697888,-0.005058488776478076,-0.005071326241242023
2026-04-12,3.147,3.156,3.001,3.016,13122529,2026-04-12 23:59:59.999,40064300.664,183008,6299949,19246969.851,0,2026-04-12,37.09677419354839,3.3037,0.2064675582945979,-1.3934392520373384,-0.04162694629806163,-0.04251816793656016
2026-04-13,3.016,3.256,3.005,3.233,17706466,2026-04-13 23:59:59.999,54878104.069,238288,8817491,27343069.376,0,2026-04-13,41.20603015075376,3.2851,0.19429302340516655,-0.26815167671437035,0.07194960212201584,0.06947904859758633
2026-04-14,3.234,3.249,3.088,3.128,14842908,2026-04-14 23:59:59.999,47081843.245,205854,7154905,22697593.744,0,2026-04-14,35.609756097560975,3.2561999999999998,0.1698397386910797,-0.7548292348304994,-0.03247757500773274,-0.03301667606023136
2026-04-15,3.129,3.26,3.116,3.222,10383099,2026-04-15 23:59:59.999,33070313.768,160619,5064802,16135850.265,0,2026-04-15,38.604651162790695,3.2411000000000003,0.1577736219588718,-0.12105952669945867,0.030051150895140655,0.02960846207171798
2026-04-16,3.222,3.468,3.194,3.427,22167499,2026-04-16 23:59:59.999,73659598.535,264043,10740745,35686311.904,0,2026-04-16,59.72644376899697,3.24315,0.16000601138944143,1.1490193299833238,0.06362507759155811,0.06168295813768921
2026-04-17,3.427,3.58,3.322,3.45,19193880,2026-04-17 23:59:59.999,66339115.935,263699,9169654,31699914.409,0,2026-04-17,60.508601346297695,3.2466,0.16383284162996112,1.2415093211860841,0.006711409395973256,0.00668898815079671
2026-04-18,3.449,3.477,3.323,3.347,13263895,2026-04-18 23:59:59.999,45084765.936,172665,6392571,21731024.903,0,2026-04-18,57.992831541218635,3.2463499999999996,0.16366727318660065,0.6149671711414602,-0.029855072463768173,-0.030309808814078888
2026-04-19,3.348,3.359,3.203,3.229,12860691,2026-04-19 23:59:59.999,42291378.137,219312,6187666,20355091.194,0,2026-04-19,52.783366867873916,3.2338999999999998,0.1543222533897278,-0.03175173957332742,-0.03525545264415897,-0.03589193045305142
2026-04-20,3.23,3.334,3.194,3.23,12956010,2026-04-20 23:59:59.999,42199409.287,204876,6400283,20855214.017,0,2026-04-20,54.722222222222236,3.21835,0.136374204601733,0.08542671272784014,0.0003096934035304866,0.00030964545842699086
2026-04-21,3.231,3.293,3.183,3.269,11524349,2026-04-21 23:59:59.999,37376483.709,192328,5628262,18258313.891,0,2026-04-21,49.41815360744764,3.20355,0.11035324857124683,0.5930953628224552,0.012074303405572806,0.012001990507508442
2026-04-22,3.27,3.438,3.255,3.314,12626398,2026-04-22 23:59:59.999,42566176.215,195749,6212400,20946029.116,0,2026-04-22,58.44044558697516,3.2107,0.11274008298885288,0.9162668437117762,0.013765677577240787,0.013671791262297645
2026-04-23,3.314,3.327,3.206,3.291,13861647,2026-04-23 23:59:59.999,45248307.942,199801,6662450,21756388.84,0,2026-04-23,57.89473684210526,3.2168,0.11366182526627142,0.6528137290262073,-0.006940253470126723,-0.006964449043168271
2026-04-24,3.292,3.309,3.218,3.25,9883368,2026-04-24 23:59:59.999,32205002.127,155248,4821448,15710113.774,0,2026-04-24,53.74677002583981,3.2231,0.11172282430295756,0.24077443591164047,-0.012458219386204727,-0.012536473619556694
2026-04-25,3.249,3.278,3.222,3.256,6706366,2026-04-25 23:59:59.999,21803950.303,106597,3291171,10701628.762,0,2026-04-25,54.735013032145964,3.2286,0.11042758997698383,0.24812639672486347,0.0018461538461538307,0.001844451798647732
2026-04-26,3.257,3.308,3.227,3.28,7148171,2026-04-26 23:59:59.999,23401419.071,133290,3635834,11901818.859,0,2026-04-26,62.643678160919535,3.2379,0.10624841792862799,0.39624119418211534,0.0073710073710073765,0.007343974255758505
2026-04-27,3.281,3.36,3.172,3.25,15071070,2026-04-27 23:59:59.999,49081703.541,205235,7285310,23755562.096,0,2026-04-27,50.99183197199533,3.2362,0.1057427862251227,0.13050535637126198,-0.009146341463414531,-0.009188426054406142
2026-04-28,3.25,3.278,3.188,3.241,7942066,2026-04-28 23:59:59.999,25631369.515,138855,3746515,12090337.413,0,2026-04-28,57.42444152431012,3.2424,0.10195324003896174,-0.013731785272001475,-0.002769230769230746,-0.002773072182235767
2026-04-29,3.241,3.327,3.101,3.19,14238783,2026-04-29 23:59:59.999,45880913.052,216830,6784882,21879174.338,0,2026-04-29,47.771587743732596,3.24665,0.09760299551443073,-0.5804125139952707,-0.015735883986424004,-0.015861007362657185
2026-04-30,3.19,3.225,3.141,3.184,7001763,2026-04-30 23:59:59.999,22337701.681,137411,3471203,11074172.471,0,2026-04-30,26.58959537572254,3.2477000000000005,0.0967650980833188,-0.6582952041773569,-0.0018808777429466517,-0.0018826488146165652
2026-05-01,3.185,3.276,3.184,3.201,9171256,2026-05-01 23:59:59.999,29590323.509,147941,4577780,14771818.071,0,2026-05-01,25.730994152046748,3.2504,0.09453509510797883,-0.5225572571072654,0.005339195979899403,0.00532499300558933
2026-05-02,3.202,3.28,3.19,3.255,6601770,2026-05-02 23:59:59.999,21302073.119,116409,3343564,10788568.359,0,2026-05-02,40.086206896551694,3.26235,0.07678491831577423,-0.09572192249751016,0.016869728209934376,0.01672901467280654
2026-05-03,3.254,3.274,3.206,3.232,7137593,2026-05-03 23:59:59.999,23105062.02,118050,3379550,10941947.18,0,2026-05-03,50.406504065040664,3.2623000000000006,0.07680535889144927,-0.3945037226220648,-0.0070660522273424675,-0.007091135001683536
2026-05-04,3.232,3.452,3.207,3.271,25251917,2026-05-04 23:59:59.999,83916882.298,288005,12523625,41643680.075,0,2026-05-04,55.036855036855044,3.26945,0.06999960523740455,0.02214298201744275,0.012066831683168244,0.011994607897397841
2026-05-05,3.272,3.397,3.268,3.356,11726968,2026-05-05 23:59:59.999,39226973.368,151051,5743771,19215333.853,0,2026-05-05,59.60264900662252,3.27615,0.0716131970837156,1.1150179471341797,0.025985937022317218,0.025654040048712773
2026-05-06,3.356,3.553,3.336,3.472,17709024,2026-05-06 23:59:59.999,61206104.047,247956,9030704,31228638.531,0,2026-05-06,65.07633587786262,3.2784,0.07709897942340274,2.5110578823204808,0.03456495828367112,0.03398100819314408
2026-05-07,3.472,3.508,3.374,3.432,14494116,2026-05-07 23:59:59.999,49837778.672,218549,6919957,23802022.52,0,2026-05-07,63.031423290203364,3.2775,0.07506874040521072,2.058113659108044,-0.011520737327188946,-0.011587615172387895
2026-05-08,3.432,3.732,3.383,3.709,26406840,2026-05-08 23:59:59.999,94297149.885,309471,12799006,45658963.974,0,2026-05-08,79.53667953667959,3.2955999999999994,0.12180242844664696,3.3940210000088955,0.08071095571095577,0.07761911688173796
2026-05-09,3.709,3.824,3.615,3.807,21438341,2026-05-09 23:59:59.999,79677486.915,256718,11101433,41281668.642,0,2026-05-09,81.70310701956276,3.3244999999999996,0.16579489547322424,2.910222287741807,0.026422216230789886,0.026079178892906466
2026-05-10,3.806,4.169,3.674,3.991,64664794,2026-05-10 23:59:59.999,257042106.268,889683,31267631,124347424.984,0,2026-05-10,84.54810495626828,3.36255,0.22107476110257454,2.842703512900828,0.04833201996322578,0.04720034866623667
2026-05-11,3.992,4.007,3.812,3.893,23303826,2026-05-11 23:59:59.999,91013736.965,364555,10814803,42257573.12,0,2026-05-11,79.30720145852325,3.39375,0.24939545325010823,2.001840825459328,-0.024555249310949767,-0.024861757438278294
2026-05-12,3.894,3.903,3.683,3.763,16677366,2026-05-12 23:59:59.999,62979513.299,262363,7444510,28125880.986,0,2026-05-12,71.42857142857143,3.4162,0.26174205863736166,1.3249685656384493,-0.03339326997174408,-0.03396355701701839
2026-05-13,3.762,3.844,3.577,3.621,16403893,2026-05-13 23:59:59.999,60965724.64,230314,7595736,28247260.401,0,2026-05-13,66.46294881589,3.4326999999999996,0.26382731592491876,0.7137244274341467,-0.037735849056603765,-0.03846628082779605
2026-05-14,3.62,3.815,3.558,3.73,14156040,2026-05-14 23:59:59.999,52166433.559,234422,6668217,24572258.5,0,2026-05-14,69.3342776203966,3.4567,0.2681299959598192,1.0192817070752331,0.03010218171775758,0.029658002872220087
2026-05-15,3.73,3.757,3.519,3.599,14773072,2026-05-15 23:59:59.999,53732144.891,212482,7427076,27013986.941,0,2026-05-15,63.04062909567497,3.47385,0.2655745063397935,0.4712425214484817,-0.035120643431635346,-0.035752204558830485
2026-05-16,3.599,3.618,3.452,3.484,10760300,2026-05-16 23:59:59.999,37858653.423,157723,5205137,18309493.945,0,2026-05-16,57.21487082545684,3.48405,0.2616255811907841,-0.00019111281004062896,-0.03195332036676857,-0.03247497010663731
2026-05-17,3.483,3.609,3.376,3.468,11911632,2026-05-17 23:59:59.999,41846436.844,184083,5896616,20718748.462,0,2026-05-17,57.46835443037974,3.4949500000000002,0.25583845128218974,-0.10533991221778626,-0.004592422502870286,-0.004603000071960966
2026-05-18,3.469,3.549,3.353,3.543,19475205,2026-05-18 23:59:59.999,66756867.905,280671,9403648,32244188.46,0,2026-05-18,58.41584158415842,3.5100499999999997,0.24887863771799645,0.1323938458604712,0.021626297577854725,0.02139576696503958
2026-05-19,3.543,3.587,3.432,3.449,10632733,2026-05-19 23:59:59.999,37175059.75,189314,5238217,18318198.119,0,2026-05-19,52.86153846153846,3.5229999999999997,0.2378424954211433,-0.31113027076582517,-0.026531188258538063,-0.026889491928631194
2026-05-20,3.449,3.665,3.423,3.612,20045897,2026-05-20 23:59:59.999,71763142.191,274566,10005092,35807290.332,0,2026-05-20,54.186602870813395,3.5444000000000004,0.22462281834866138,0.3009489440875521,0.04726007538416943,0.046177301600035234
2026-05-21,3.613,3.69,3.523,3.605,17309867,2026-05-21 23:59:59.999,62440766.408,250243,8794319,31727737.816,0,2026-05-21,55.277608297742525,3.5646,0.2097919771602161,0.19257171101994477,-0.0019379844961240345,-0.0019398648178265917
2026-05-22,3.606,3.682,3.373,3.4,26072826,2026-05-22 23:59:59.999,92329757.971,334746,12944638,45848584.424,0,2026-05-22,40.14039566049777,3.57185,0.20084434270494872,-0.8556377425699118,-0.0568654646324549,-0.05854633911479667
2026-05-23,3.401,3.569,3.257,3.462,27307715,2026-05-23 23:59:59.999,91932129.052,348034,12752580,42931136.644,0,2026-05-23,38.732854343566316,3.5833500000000003,0.18642827743709664,-0.650920566709335,0.018235294117647127,0.018071025131901872
2026-05-24,3.463,3.472,3.322,3.383,10079017,2026-05-24 23:59:59.999,34399527.351,171142,4866674,16622578.489,0,2026-05-24,28.68162692847126,3.5889499999999996,0.17804566976733954,-1.1567256888029007,-0.02281917966493363,-0.023083566955446156
2026-05-25,3.384,3.441,3.305,3.325,23431716,2026-05-25 23:59:59.999,79275815.182,281996,10911612,36881882.736,0,2026-05-25,29.509379509379542,3.5874,0.1803010348125581,-1.4553438380028842,-0.017144546260715265,-0.017293215690753885
2026-05-26,3.326,3.387,3.221,3.249,16825143,2026-05-26 23:59:59.999,55391886.967,250303,8383933,27597780.937,0,2026-05-26,30.70570570570574,3.5762499999999995,0.19417460264507513,-1.6853388421665425,-0.02285714285714291,-0.023122417420854264
2026-05-27,3.25,3.32,3.051,3.091,30547881,2026-05-27 23:59:59.999,97225749.2,339739,13945784,44498556.773,0,2026-05-27,30.34124629080121,3.5591999999999997,0.22067089092547904,-2.121711649580966,-0.04863034779932285,-0.04985259353698397
2026-05-28,3.091,3.116,2.969,3.05,24649176,2026-05-28 23:59:59.999,74908502.402,308631,12678693,38529750.539,0,2026-05-28,23.43750000000003,3.52625,0.24498633151291715,-1.9439860055004314,-0.013264315755419087,-0.013353072530659132
2026-05-29,3.05,3.092,2.944,3.017,29633031,2026-05-29 23:59:59.999,89402540.509,284373,14544232,43880355.206,0,2026-05-29,25.380710659898497,3.48675,0.26053161743017733,-1.8030441166162616,-0.01081967213114754,-0.010878630442396214
2026-05-30,3.018,3.084,2.992,3.053,11468597,2026-05-30 23:59:59.999,34870701.111,170320,5774630,17559711.778,0,2026-05-30,30.46237533998189,3.43985,0.24916033201374638,-1.5526147235132801,0.01193238316208145,0.011861753575816666
2026-05-31,3.054,3.07,2.942,3.024,14750018,2026-05-31 23:59:59.999,44456780.132,179233,6751989,20350520.454,0,2026-05-31,30.10752688172046,3.3964,0.24163530588305115,-1.5411655123785486,-0.009498853586636047,-0.00954425543545418
2026-06-01,3.024,3.043,2.904,2.983,18658364,2026-06-01 23:59:59.999,55319072.787,224561,9140416,27103698.536,0,2026-06-01,24.121996303142353,3.3573999999999997,0.2422969904384025,-1.5452111036235952,-0.013558201058201047,-0.013650952784675088
2026-06-02,2.984,2.985,2.731,2.799,28284828,2026-06-02 23:59:59.999,80732982.729,302068,13104521,37408667.098,0,2026-06-02,22.269624573378863,3.3163000000000005,0.2639766935420581,-1.959642698220181,-0.061682869594368084,-0.063667294999295
2026-06-03,2.799,2.937,2.75,2.799,25019119,2026-06-03 23:59:59.999,71404335.439,295585,12469262,35586294.964,0,2026-06-03,9.71258671952431,3.2697499999999997,0.2692195103134107,-1.7485731232925068,0.0,0.0
2026-06-04,2.798,2.826,2.566,2.653,28883690,2026-06-04 23:59:59.999,77226702.422,391818,13830548,36993033.063,0,2026-06-04,8.536585365853668,3.22245,0.2905831659135382,-1.9596799360684136,-0.05216148624508754,-0.05357113537771387
2026-06-05,2.652,2.665,2.338,2.459,41761808,2026-06-05 23:59:59.999,103871974.975,518181,20032890,49767153.246,0,2026-06-05,8.619173262972765,3.1712,0.3297725851117353,-2.159670124666938,-0.07312476441764038,-0.07593631192154705
2026-06-06,2.459,2.485,2.314,2.464,16545939,2026-06-06 23:59:59.999,39964734.185,229821,8245085,19920226.201,0,2026-06-06,3.7962962962962905,3.121,0.3574684380572091,-1.8379244992109036,0.0020333468889792705,0.002031282437217841
2026-06-07,2.465,2.628,2.46,2.571,17939209,2026-06-07 23:59:59.999,45508750.871,234703,9217717,23391489.715,0,2026-06-07,13.357400722021666,3.0724,0.36310552329751306,-1.380865802994614,0.04342532467532467,0.04250888261247908
2026-06-08,2.57,2.607,2.495,2.514,16087491,2026-06-08 23:59:59.999,41031365.179,213419,7788320,19868524.494,0,2026-06-08,13.369467028003612,3.0256499999999997,0.37214446472855556,-1.3748693007517943,-0.022170361726954635,-0.022419818115696894
2026-06-09,2.514,2.544,2.435,2.476,15058758,2026-06-09 23:59:59.999,37504063.464,198376,7132285,17771965.445,0,2026-06-09,13.844714686623021,2.9688499999999998,0.3645561504605613,-1.3519179401509445,-0.01511535401750197,-0.015230755345705992
2026-06-10,2.477,2.516,2.365,2.394,20822138,2026-06-10 23:59:59.999,50897564.142,217806,10219862,24997299.719,0,2026-06-10,14.904330312185309,2.9083,0.35374404960096584,-1.4538760456328417,-0.033117932148626794,-0.03367874768656824
2026-06-11,2.394,2.57,2.393,2.495,19698851,2026-06-11 23:59:59.999,49333952.469,234834,10226944,25616635.684,0,2026-06-11,23.646723646723657,2.8630500000000003,0.3453189943968383,-1.0658261085315208,0.04218880534670011,0.041323122067700606
2026-06-12,2.496,2.561,2.475,2.498,15579287,2026-06-12 23:59:59.999,39243297.162,189729,7745512,19513614.876,0,2026-06-12,24.63343108504401,2.81485,0.32393262375584164,-0.9781355033842457,0.0012024048096193063,0.0012016824999040129
2026-06-13,2.499,2.583,2.481,2.555,10287159,2026-06-13 23:59:59.999,26030224.241,146138,5229447,13237648.164,0,2026-06-13,26.149425287356337,2.77345,0.2994875403728882,-0.7294126484461104,0.02281825460368303,0.022561811952281907
2026-06-14,2.555,2.598,2.464,2.59,13332480,2026-06-14 23:59:59.999,33649815.103,154107,6512838,16439468.188,0,2026-06-14,29.33333333333333,2.7367,0.2720872731441503,-0.5391652402730326,0.013698630136986134,0.01360565205577846
2026-06-15,2.59,2.848,2.56,2.845,26032844,2026-06-15 23:59:59.999,69988179.105,296658,13410372,36064619.97,0,2026-06-15,44.54113924050633,2.7165,0.24577642813758593,0.5228328891168759,0.09845559845559859,0.09390519186684798
2026-06-16,2.845,3.326,2.775,3.29,84054059,2026-06-16 23:59:59.999,255884603.992,1117210,41863259,127576855.917,0,2026-06-16,66.09836065573771,2.72645,0.2650111169399412,2.126514564774715,0.1564147627416519,0.14532449719898616
2026-06-17,3.29,3.728,3.159,3.224,145766759,2026-06-17 23:59:59.999,499977744.51,1991120,71233265,244487105.398,0,2026-06-17,63.356379635449414,2.73515,0.27869475378264064,1.754069616901593,-0.020060790273556228,-0.020264740132898664
2026-06-18,3.224,3.327,2.918,3.206,53409544,2026-06-18 23:59:59.999,165861800.416,816637,26079296,81032194.519,0,2026-06-18,68.89952153110048,2.7445999999999997,0.29165758581753887,1.5819921114229216,-0.005583126550868567,-0.005598770457020728
2026-06-19,3.205,3.209,2.993,3.082,28690494,2026-06-19 23:59:59.999,88106257.342,451681,14017367,43038486.462,0,2026-06-19,72.36180904522612,2.74605,0.2933387614071188,1.1452628980516555,-0.03867747972551472,-0.039445317289437266
2026-06-20,3.081,3.09,2.943,3.004,20189549,2026-06-20 23:59:59.999,60784267.005,295956,9323859,28090246.291,0,2026-06-20,68.41746248294679,2.74505,0.29237385493427015,0.8856811087236774,-0.025308241401687193,-0.025634002996035674
2026-06-21,3.004,3.129,2.949,2.983,17349234,2026-06-21 23:59:59.999,52344917.22,273069,8306082,25070749.503,0,2026-06-21,64.92753623188406,2.74505,0.29237385493427015,0.8138552609414911,-0.006990679094540542,-0.007015228369276774
2026-06-22,2.983,3.113,2.954,2.982,22054413,2026-06-22 23:59:59.999,66939979.958,311784,10537107,31993349.3,0,2026-06-22,67.67371601208461,2.7542,0.296978397223683,0.7670591602944847,-0.00033523298692583747,-0.00033528919006471414
2026-06-23,2.982,3.009,2.794,2.922,22362404,2026-06-23 23:59:59.999,64840744.465,303630,10686323,30990461.849,0,2026-06-23,66.56760772659733,2.76035,0.29922008709779413,0.540237794754629,-0.02012072434607648,-0.020325903014038957
2026-06-24,2.922,2.967,2.721,2.924,22148274,2026-06-24 23:59:59.999,63389597.186,350476,10429031,29867839.027,0,2026-06-24,70.93206951026856,2.7739,0.3002372570531727,0.499937953980898,0.000684462696783017,0.0006842285590243227
2026-06-25,2.924,3.034,2.741,2.883,25860594,2026-06-25 23:59:59.999,74901357.386,399697,12557331,36386001.071,0,2026-06-25,66.08623548922057,2.7951,0.2916791496015594,0.30135853083798875,-0.014021887824897328,-0.014121123231266864
2026-06-26,2.884,3.045,2.771,2.961,22495119,2026-06-26 23:59:59.999,65374011.81,321442,11299657,32842321.429,0,2026-06-26,68.07181889149102,2.81995,0.28302900631835365,0.49835881429532897,0.02705515088449517,0.02669563046318895
2026-06-27,2.962,3.065,2.903,2.922,11909447,2026-06-27 23:59:59.999,35312927.691,192033,5947650,17647395.269,0,2026-06-27,64.52889944576407,2.8375,0.27761019622689564,0.3043836326924279,-0.013171225937183229,-0.013258735790946326
2026-06-28,2.921,2.976,2.862,2.923,11237199,2026-06-28 23:59:59.999,32763006.229,184071,5444791,15883604.365,0,2026-06-28,63.54759967453216,2.85795,0.2674022152738234,0.2432664962531734,0.00034223134839139746,0.00034217280060103183
2026-06-29,2.923,3.015,2.88,2.89,20418813,2026-06-29 23:59:59.999,60176592.857,289874,10194548,30061019.523,0,2026-06-29,52.2343594836147,2.87865,0.2518506815277298,0.04506638588845951,-0.011289770783441622,-0.011353984004768046
2026-06-30,2.89,2.897,2.745,2.775,16085121,2026-06-30 23:59:59.999,45267465.46,241631,7390349,20792756.451,0,2026-06-30,11.96454948301323,2.8977,0.22638418671919283,-0.5419989875538314,-0.03979238754325265,-0.04060575492594302
2026-07-01,2.776,2.881,2.715,2.788,18051770,2026-07-01 23:59:59.999,50404841.873,264266,8885560,24816355.307,0,2026-07-01,15.064102564102484,2.91235,0.20765869643970666,-0.5988191302939484,0.004684684684684637,0.00467374569987957
2026-07-02,2.787,3.289,2.775,3.179,41571673,2026-07-02 23:59:59.999,128852102.111,666627,21627254,66992354.563,0,2026-07-02,48.64593781344031,2.9464,0.19133173175263682,1.2156896185976958,0.14024390243902451,0.1312421890303883
2026-07-03,3.178,3.31,3.15,3.207,25034957,2026-07-03 23:59:59.999,80819891.6,333110,12653827,40849779.55,0,2026-07-03,56.93673695893453,2.979,0.1760699621612571,1.294939790985935,0.008807801195344522,0.008769238782352286
2026-07-04,3.208,3.283,3.166,3.216,11664830,2026-07-04 23:59:59.999,37474485.212,186947,5641600,18130355.307,0,2026-07-04,62.740384615384635,3.0103,0.15799170530091425,1.3019670849695544,0.00280636108512633,0.0028024306057021155
2026-07-05,3.216,3.221,3.096,3.173,10793506,2026-07-05 23:59:59.999,34125298.438,177291,5207759,16470289.806,0,2026-07-05,61.124121779859486,3.0267,0.1569502435292558,0.932142548556986,-0.01337064676616917,-0.013460838715661437
2026-07-06,3.174,3.273,3.066,3.18,15766760,2026-07-06 23:59:59.999,49737835.633,222615,7825912,24705896.145,0,2026-07-06,61.51162790697675,3.0212,0.14896188137166783,1.066044537956565,0.002206114087614175,0.0022036841910268814
2026-07-07,3.18,3.314,3.104,3.19,15088457,2026-07-07 23:59:59.999,48264671.613,228323,7380969,23626403.331,0,2026-07-07,66.5432098765432,3.0195,0.1467025275019857,1.1622158316099378,0.0031446540880502027,0.0031397200046676247
2026-07-08,3.19,3.39,3.128,3.278,44253062,2026-07-08 23:59:59.999,145041171.905,615903,21790240,71456653.038,0,2026-07-08,69.75446428571429,3.0231000000000003,0.15229676706904116,1.6737059157956065,0.02758620689655178,0.027212563524884794
2026-07-09,3.277,3.436,3.243,3.392,27767028,2026-07-09 23:59:59.999,92961292.93,434620,13458585,45083058.189,0,2026-07-09,76.2641898864809,3.0385999999999997,0.17297775943653404,2.0430372156003296,0.03477730323367911,0.034186237608018734
2026-07-10,3.393,3.696,3.367,3.521,28791878,2026-07-10 23:59:59.999,102293651.779,501681,14440616,51295777.525,0,2026-07-10,77.45098039215686,3.06445,0.20347674766084106,2.2437453185608525,0.03803066037735858,0.03732532224325891
2026-07-11,3.522,3.846,3.456,3.655,29331906,2026-07-11 23:59:59.999,107813098.061,502806,14838206,54533703.897,0,2026-07-11,82.86995515695065,3.0980499999999997,0.24128918552053572,2.308226117960844,0.03805737006532239,0.03735105302882641
2026-07-12,3.654,3.73,3.571,3.591,18952366,2026-07-12 23:59:59.999,69058332.096,335051,9479505,34559063.613,0,2026-07-12,78.35314091680816,3.1285,0.26329661080175926,1.7565740728361479,-0.017510259917920545,-0.017665377957795925
2026-07-13,3.592,3.663,3.447,3.551,27317354,2026-07-13 23:59:59.999,96522695.528,416451,13445911,47521797.133,0,2026-07-13,77.8902953586498,3.1599500000000003,0.274653748518905,1.4237926921033197,-0.01113895850737956,-0.011201461282994945
2026-07-14,3.551,3.756,3.541,3.662,23873604,2026-07-14 23:59:59.999,87020467.204,412876,11648645,42452714.355,0,2026-07-14,87.55292125317528,3.1968500000000004,0.2904088361290091,1.6017074624870047,0.031258800337932824,0.03078019229136798
2026-07-15,3.663,3.7,3.573,3.616,17755054,2026-07-15 23:59:59.999,64537656.987,331926,8585661,31212107.417,0,2026-07-15,84.10214168039542,3.2335000000000003,0.29493344476110483,1.2969027649943994,-0.012561441835062803,-0.012641003722388902
2026-07-16,3.616,3.756,3.535,3.536,20472615,2026-07-16 23:59:59.999,75041705.825,408162,9896657,36296646.035,0,2026-07-16,69.76744186046514,3.2622500000000003,0.2949975691188373,0.927973748453913,-0.02212389380530977,-0.0223722977545331
2026-07-17,3.536,3.654,3.434,3.638,17483889,2026-07-17 23:59:59.999,61769815.544,324600,8674113,30677160.546,0,2026-07-17,72.05731832139203,3.29805,0.2949784068756035,1.1524572378050764,0.028846153846153744,0.02843793532053341
2026-07-18,3.638,3.655,3.448,3.567,9654567,2026-07-18 23:59:59.999,34154095.559,208617,4589943,16236608.17,0,2026-07-18,66.89124157844083,3.3302499999999995,0.28692266975198977,0.8251352192025909,-0.019516217702034044,-0.019709173719176
2026-07-19,3.568,3.572,3.46,3.515,7082621,2026-07-19 23:59:59.999,24928016.85,157922,3395796,11953787.071,0,2026-07-19,66.3167938931298,3.3615000000000004,0.26998528224356794,0.5685495102711536,-0.014578076815250918,-0.014685381114126251
2026-07-20,3.516,3.645,3.409,3.632,16065107,2026-07-20 23:59:59.999,56514137.609,309987,7659600,26977855.161,0,2026-07-20,69.51640759930918,3.40435,0.23813027725161928,0.9559893123521407,0.03328591749644372,0.032743935476418545
2026-07-21,3.632,3.74,3.62,3.718,14104572,2026-07-21 23:59:59.999,52004935.598,272743,7112088,26227006.289,0,2026-07-21,71.39384116693681,3.45085,0.1990316755978968,1.3422486606590323,0.02367841409691618,0.023402428560205295
2026-07-22,3.718,3.87,3.653,3.779,18052800,2026-07-22 23:59:59.999,67948917.392,330512,8941356,33665304.457,0,2026-07-22,70.75393537696772,3.48085,0.20110727039840975,1.4825421249532176,0.01640667025282405,0.016273535068099594
2026-07-23,3.78,3.883,3.736,3.755,15073007,2026-07-23 23:59:59.999,57359041.241,319969,7338438,27936795.854,0,2026-07-23,66.24888093106537,3.5082500000000003,0.19915449569234045,1.2389878478123137,-0.006350886477904161,-0.006371139151253802
2026-07-24,3.755,3.876,3.723,3.781,14607782,2026-07-24 23:59:59.999,55592614.643,327990,7263875,27655097.178,0,2026-07-24,62.820512820512846,3.5364999999999993,0.19555709893518872,1.250274223392078,0.006924101198402255,0.00690023969269786
2026-07-25,3.781,3.825,3.605,3.667,11193683,2026-07-25 23:59:59.999,41339153.695,229279,5247431,19374519.926,0,2026-07-25,50.603621730382294,3.5611999999999995,0.17760174251383307,0.5957148758929535,-0.03015075376884435,-0.030614635819606977
2026-07-26,3.666,3.96,3.644,3.89,20643172,2026-07-26 23:59:59.999,78984007.729,384044,10910527,41773831.542,0,2026-07-26,62.9661751951431,3.5967,0.1681002520326111,1.744792149051036,0.06081265339514608,0.059035268541166135
2026-07-27,3.89,3.938,3.672,3.706,18391547,2026-07-27 23:59:59.999,70855138.385,383785,8876599,34229383.979,0,2026-07-27,55.97532767925983,3.6225,0.13957171330353008,0.5982587590539237,-0.04730077120822629,-0.04845602976718696
2026-07-28,3.706,3.944,3.675,3.892,18468652,2026-07-28 23:59:59.999,70750559.434,397545,9394756,36000669.374,0,2026-07-28,58.38192419825072,3.6531999999999996,0.12674574630778623,1.8840868980336771,0.05018888289260648,0.04897003646059049
2026-07-29,3.892,4.081,3.734,3.989,27034219,2026-07-29 23:59:59.999,106470362.779,504758,13712548,54029487.766,0,2026-07-29,63.10611384399155,3.68305,0.13217630768176303,2.3147113530862615,0.024922918807810834,0.024617408599510886
2026-07-30,3.988,4.48,3.957,4.429,31629996,2026-07-30 23:59:59.999,133945752.689,593965,16349008,69250819.939,0,2026-07-30,75.04206393718452,3.72845,0.20785862477014602,3.3703196139909113,0.11030333416896476,0.10463325201779167
2026-07-31,4.429,4.575,4.216,4.346,38139062,2026-07-31 23:59:59.999,166943463.04,791547,18713565,81934779.935,0,2026-07-31,70.06802721088434,3.7630000000000003,0.2484687844352053,2.346371200411423,-0.018740121923684794,-0.018917943106823237
2026-08-01,4.346,4.356,4.001,4.084,18533742,2026-08-01 23:59:59.999,76492097.703,422037,8455472,34862859.232,0,2026-08-01,63.22250639386186,3.7876500000000006,0.2548789754017955,1.162708691577357,-0.0602853198343305,-0.062178981531818854
2026-08-02,4.084,4.292,4.073,4.168,16847504,2026-08-02 23:59:59.999,70585227.786,400267,8305856,34807780.395,0,2026-08-02,66.43180674383491,3.8185000000000002,0.26196936340921684,1.3341254696796485,0.020568070519099146,0.02035940414864689
2026-08-03,4.167,4.184,3.867,3.906,24555641,2026-08-03 23:59:59.999,98322461.679,492395,11664088,46679691.863,0,2026-08-03,56.42589118198873,3.8307,0.259971476161642,0.2896471609569227,-0.06285988483685223,-0.06492247199657863
2026-08-04,3.907,3.94,3.804,3.886,7649670,2026-08-04 23:59:59.999,29658033.924,145074,3824134,14828387.004,0,2026-08-04,54.06582768635044,3.8442,0.25520221084008,0.1637916844936498,-0.005120327700972815,-0.0051334814992388
